customer_id,customer_label,rm_id,region,sector,size_band,legal_form,onboarding_date,relationship_tenure_months,annual_turnover_try,employees,exporter_flag,importer_flag,digital_engagement_score,contact_permission,preferred_channel,data_class
SME000001,Synthetic SME 000001,RM006,Aegean,Hospitality,MICRO,SOLE_PROPRIETOR,2025-12-20,7,16751268.890000,8,False,True,60.530000,True,BRANCH,CONTROLLED_SYNTHETIC
SME000002,Synthetic SME 000002,RM021,Marmara,Transportation,MICRO,LIMITED,2015-02-27,137,8580348.830000,6,True,False,97.400000,True,BRANCH,CONTROLLED_SYNTHETIC
SME000003,Synthetic SME 000003,RM036,Marmara,Transportation,MEDIUM,LIMITED,2026-02-16,6,256608557.800000,246,True,True,78.940000,True,RM_CALL,CONTROLLED_SYNTHETIC
SME000004,Synthetic SME 000004,RM038,Aegean,Wholesale Trade,SMALL,JOINT_STOCK,2019-03-13,89,105865617.200000,38,False,False,75.410000,True,RM_CALL,CONTROLLED_SYNTHETIC
SME000005,Synthetic SME 000005,RM035,Central Anatolia,Professional Services,MICRO,LIMITED,2021-03-28,64,3217984.450000,7,False,False,41.450000,True,SECURE_MESSAGE,CONTROLLED_SYNTHETIC
SME000006,Synthetic SME 000006,RM037,Aegean,Professional Services,SMALL,LIMITED,2018-07-13,97,20870092.920000,35,False,False,60.410000,True,BRANCH,CONTROLLED_SYNTHETIC
SME000007,Synthetic SME 000007,RM009,Marmara,Professional Services,MEDIUM,LIMITED,2024-02-12,30,117590367.200000,232,False,False,54.210000,True,RM_CALL,CONTROLLED_SYNTHETIC
SME000008,Synthetic SME 000008,RM007,Central Anatolia,Manufacturing,MICRO,LIMITED,2017-08-08,108,15725937.530000,8,False,False,79.210000,True,RM_CALL,CONTROLLED_SYNTHETIC
SME000009,Synthetic SME 000009,RM041,Marmara,Hospitality,MICRO,JOINT_STOCK,2019-12-25,79,6522618.370000,9,False,False,75.180000,True,VIDEO_MEETING,CONTROLLED_SYNTHETIC
SME000010,Synthetic SME 000010,RM031,Black Sea,Retail Trade,SMALL,LIMITED,2019-04-16,88,18012809.660000,15,False,False,71.340000,False,RM_CALL,CONTROLLED_SYNTHETIC
SME000011,Synthetic SME 000011,RM040,Black Sea,Manufacturing,MICRO,LIMITED,2017-12-12,104,2782827.780000,8,True,False,47.430000,True,RM_CALL,CONTROLLED_SYNTHETIC
SME000012,Synthetic SME 000012,RM036,Marmara,Healthcare,SMALL,LIMITED,2020-12-02,68,82209375.530000,45,False,False,85.950000,True,RM_CALL,CONTROLLED_SYNTHETIC
SME000013,Synthetic SME 000013,RM008,Marmara,Technology,MICRO,LIMITED,2016-04-15,124,7801814.490000,9,False,False,87.080000,True,VIDEO_MEETING,CONTROLLED_SYNTHETIC
SME000014,Synthetic SME 000014,RM019,Aegean,Professional Services,SMALL,LIMITED,2019-12-24,79,18468178.670000,25,False,False,57.660000,True,BRANCH,CONTROLLED_SYNTHETIC
SME000015,Synthetic SME 000015,RM025,Black Sea,Hospitality,MEDIUM,JOINT_STOCK,2017-09-04,107,91271198.650000,244,False,True,70.320000,True,RM_CALL,CONTROLLED_SYNTHETIC
SME000016,Synthetic SME 000016,RM002,Marmara,Wholesale Trade,MICRO,LIMITED,2020-11-25,68,6772212.050000,6,False,False,57.180000,True,RM_CALL,CONTROLLED_SYNTHETIC
SME000017,Synthetic SME 000017,RM016,Mediterranean,Manufacturing,MICRO,JOINT_STOCK,2022-08-18,48,7653108.830000,6,False,True,78.370000,True,SECURE_MESSAGE,CONTROLLED_SYNTHETIC
SME000018,Synthetic SME 000018,RM036,Marmara,Manufacturing,MICRO,SOLE_PROPRIETOR,2018-06-20,98,1264217.130000,3,False,False,54.010000,True,VIDEO_MEETING,CONTROLLED_SYNTHETIC
SME000019,Synthetic SME 000019,RM034,Aegean,Healthcare,MICRO,SOLE_PROPRIETOR,2025-09-08,11,64080238.350000,4,False,False,49.820000,True,RM_CALL,CONTROLLED_SYNTHETIC
SME000020,Synthetic SME 000020,RM008,Marmara,Healthcare,MICRO,JOINT_STOCK,2022-09-17,47,6049570.800000,9,False,False,55.230000,True,RM_CALL,CONTROLLED_SYNTHETIC
SME000021,Synthetic SME 000021,RM021,Marmara,Hospitality,MEDIUM,JOINT_STOCK,2023-03-20,41,303111426.220000,221,True,False,35.190000,True,RM_CALL,CONTROLLED_SYNTHETIC
SME000022,Synthetic SME 000022,RM029,Marmara,Construction,MICRO,SOLE_PROPRIETOR,2020-03-04,77,16992250.350000,4,False,False,78.450000,True,RM_CALL,CONTROLLED_SYNTHETIC
SME000023,Synthetic SME 000023,RM009,Marmara,Construction,SMALL,SOLE_PROPRIETOR,2019-06-02,86,21724988.330000,21,False,False,60.970000,True,VIDEO_MEETING,CONTROLLED_SYNTHETIC
SME000024,Synthetic SME 000024,RM002,Marmara,Professional Services,MICRO,SOLE_PROPRIETOR,2020-04-27,75,11791587.800000,9,False,False,53.070000,True,VIDEO_MEETING,CONTROLLED_SYNTHETIC
SME000025,Synthetic SME 000025,RM036,Marmara,Healthcare,MICRO,LIMITED,2016-09-13,119,8437677.060000,4,False,False,60.940000,True,VIDEO_MEETING,CONTROLLED_SYNTHETIC
SME000026,Synthetic SME 000026,RM025,Black Sea,Construction,MICRO,JOINT_STOCK,2025-02-27,17,5417052.870000,4,False,False,74.570000,True,RM_CALL,CONTROLLED_SYNTHETIC
SME000027,Synthetic SME 000027,RM012,Central Anatolia,Hospitality,SMALL,LIMITED,2025-06-03,14,15342760.740000,25,False,False,28.360000,False,VIDEO_MEETING,CONTROLLED_SYNTHETIC
SME000028,Synthetic SME 000028,RM040,Black Sea,Construction,SMALL,LIMITED,2023-01-13,43,50896900.170000,11,False,True,75.770000,True,RM_CALL,CONTROLLED_SYNTHETIC
SME000029,Synthetic SME 000029,RM039,Eastern,Wholesale Trade,MEDIUM,LIMITED,2020-12-30,67,113956034.190000,240,False,True,73.010000,True,BRANCH,CONTROLLED_SYNTHETIC
SME000030,Synthetic SME 000030,RM048,Eastern,Technology,MICRO,JOINT_STOCK,2024-11-08,21,1835567.180000,6,False,False,37.340000,False,RM_CALL,CONTROLLED_SYNTHETIC
SME000031,Synthetic SME 000031,RM034,Aegean,Transportation,MEDIUM,LIMITED,2021-04-28,63,92965800.590000,63,False,False,70.300000,True,VIDEO_MEETING,CONTROLLED_SYNTHETIC
SME000032,Synthetic SME 000032,RM018,Mediterranean,Manufacturing,SMALL,LIMITED,2020-10-09,70,32218708.580000,46,True,False,60.620000,True,RM_CALL,CONTROLLED_SYNTHETIC
SME000033,Synthetic SME 000033,RM033,Mediterranean,Wholesale Trade,MEDIUM,SOLE_PROPRIETOR,2020-05-28,74,84712909.420000,145,False,False,38.740000,False,RM_CALL,CONTROLLED_SYNTHETIC
SME000034,Synthetic SME 000034,RM009,Marmara,Transportation,MICRO,LIMITED,2022-12-06,44,3456300.440000,5,True,True,70.390000,True,RM_CALL,CONTROLLED_SYNTHETIC
SME000035,Synthetic SME 000035,RM015,Marmara,Construction,SMALL,LIMITED,2020-09-13,71,87531132.730000,35,False,False,64.040000,True,VIDEO_MEETING,CONTROLLED_SYNTHETIC
SME000036,Synthetic SME 000036,RM022,Central Anatolia,Hospitality,MICRO,JOINT_STOCK,2018-08-20,96,8442212.850000,9,False,False,29.600000,True,VIDEO_MEETING,CONTROLLED_SYNTHETIC
SME000037,Synthetic SME 000037,RM017,Aegean,Construction,MICRO,SOLE_PROPRIETOR,2016-04-14,124,15480521.230000,4,False,False,58.910000,True,RM_CALL,CONTROLLED_SYNTHETIC
SME000038,Synthetic SME 000038,RM006,Aegean,Healthcare,SMALL,LIMITED,2024-07-27,24,33237283.260000,49,False,True,69.920000,True,RM_CALL,CONTROLLED_SYNTHETIC
SME000039,Synthetic SME 000039,RM015,Marmara,Manufacturing,MICRO,SOLE_PROPRIETOR,2018-05-31,98,8814440.930000,3,False,False,72.740000,True,RM_CALL,CONTROLLED_SYNTHETIC
SME000040,Synthetic SME 000040,RM015,Marmara,Agriculture,MICRO,LIMITED,2019-09-16,83,7230200.220000,8,False,False,51.130000,True,RM_CALL,CONTROLLED_SYNTHETIC
SME000041,Synthetic SME 000041,RM036,Marmara,Wholesale Trade,SMALL,LIMITED,2024-11-14,21,35378048.500000,27,False,False,56.030000,False,RM_CALL,CONTROLLED_SYNTHETIC
SME000042,Synthetic SME 000042,RM026,Black Sea,Professional Services,SMALL,LIMITED,2020-10-02,70,69324720.210000,40,False,False,84.180000,True,RM_CALL,CONTROLLED_SYNTHETIC
SME000043,Synthetic SME 000043,RM001,Mediterranean,Construction,MICRO,LIMITED,2017-09-19,107,6411857.310000,8,False,False,40.540000,True,VIDEO_MEETING,CONTROLLED_SYNTHETIC
SME000044,Synthetic SME 000044,RM022,Central Anatolia,Construction,SMALL,SOLE_PROPRIETOR,2021-12-08,56,29272948.400000,47,False,False,76.600000,True,RM_CALL,CONTROLLED_SYNTHETIC
SME000045,Synthetic SME 000045,RM011,Black Sea,Technology,MICRO,SOLE_PROPRIETOR,2016-07-02,121,7680776.940000,5,False,False,64.700000,True,SECURE_MESSAGE,CONTROLLED_SYNTHETIC
SME000046,Synthetic SME 000046,RM029,Marmara,Retail Trade,MEDIUM,LIMITED,2019-07-30,84,149386945.370000,147,False,False,92.050000,False,RM_CALL,CONTROLLED_SYNTHETIC
SME000047,Synthetic SME 000047,RM026,Black Sea,Wholesale Trade,SMALL,JOINT_STOCK,2020-03-03,77,56667242.230000,12,False,False,27.260000,True,RM_CALL,CONTROLLED_SYNTHETIC
SME000048,Synthetic SME 000048,RM024,Eastern,Healthcare,SMALL,LIMITED,2020-05-10,75,17470484.230000,20,False,True,68.860000,True,RM_CALL,CONTROLLED_SYNTHETIC
SME000049,Synthetic SME 000049,RM045,Aegean,Manufacturing,MICRO,LIMITED,2024-06-08,26,16423187.990000,7,False,False,39.580000,True,SECURE_MESSAGE,CONTROLLED_SYNTHETIC
SME000050,Synthetic SME 000050,RM029,Marmara,Retail Trade,MICRO,LIMITED,2018-02-03,102,11900526.250000,5,False,False,59.810000,True,BRANCH,CONTROLLED_SYNTHETIC
SME000051,Synthetic SME 000051,RM009,Marmara,Retail Trade,MICRO,LIMITED,2019-07-27,84,3144594.720000,8,False,True,47.020000,True,BRANCH,CONTROLLED_SYNTHETIC
SME000052,Synthetic SME 000052,RM017,Aegean,Hospitality,MICRO,SOLE_PROPRIETOR,2017-04-22,111,3517222.950000,2,False,False,41.710000,True,BRANCH,CONTROLLED_SYNTHETIC
SME000053,Synthetic SME 000053,RM021,Marmara,Agriculture,MEDIUM,JOINT_STOCK,2019-02-21,89,78683490.650000,66,True,False,67.610000,True,RM_CALL,CONTROLLED_SYNTHETIC
SME000054,Synthetic SME 000054,RM026,Black Sea,Manufacturing,MICRO,SOLE_PROPRIETOR,2022-10-02,46,8033843.530000,3,False,False,86.330000,True,RM_CALL,CONTROLLED_SYNTHETIC
SME000055,Synthetic SME 000055,RM002,Marmara,Manufacturing,MEDIUM,LIMITED,2015-08-16,132,81357328.830000,225,False,True,66.800000,True,SECURE_MESSAGE,CONTROLLED_SYNTHETIC
SME000056,Synthetic SME 000056,RM002,Marmara,Healthcare,MICRO,SOLE_PROPRIETOR,2020-05-16,75,10114301.560000,7,False,False,59.520000,True,SECURE_MESSAGE,CONTROLLED_SYNTHETIC
SME000057,Synthetic SME 000057,RM011,Black Sea,Wholesale Trade,MICRO,LIMITED,2017-03-12,113,6796372.910000,5,False,True,64.510000,True,VIDEO_MEETING,CONTROLLED_SYNTHETIC
SME000058,Synthetic SME 000058,RM016,Mediterranean,Agriculture,MEDIUM,LIMITED,2019-04-18,88,92874787.060000,189,True,False,59.930000,True,VIDEO_MEETING,CONTROLLED_SYNTHETIC
SME000059,Synthetic SME 000059,RM015,Marmara,Retail Trade,SMALL,JOINT_STOCK,2018-07-31,96,48005705.950000,45,False,False,51.010000,True,RM_CALL,CONTROLLED_SYNTHETIC
SME000060,Synthetic SME 000060,RM036,Marmara,Transportation,MICRO,LIMITED,2023-04-09,40,15762573.310000,6,False,False,67.420000,True,RM_CALL,CONTROLLED_SYNTHETIC
SME000061,Synthetic SME 000061,RM036,Marmara,Wholesale Trade,SMALL,LIMITED,2024-01-10,31,41085019.790000,39,False,True,71.830000,True,BRANCH,CONTROLLED_SYNTHETIC
SME000062,Synthetic SME 000062,RM017,Aegean,Hospitality,MICRO,LIMITED,2024-01-13,31,14248466.330000,3,False,True,81.540000,True,RM_CALL,CONTROLLED_SYNTHETIC
SME000063,Synthetic SME 000063,RM004,Central Anatolia,Technology,MEDIUM,JOINT_STOCK,2023-06-26,37,56523430.750000,161,True,True,77.060000,True,BRANCH,CONTROLLED_SYNTHETIC
SME000064,Synthetic SME 000064,RM048,Eastern,Construction,MICRO,JOINT_STOCK,2025-04-07,16,4840647.580000,7,False,False,87.990000,True,BRANCH,CONTROLLED_SYNTHETIC
SME000065,Synthetic SME 000065,RM001,Mediterranean,Technology,MEDIUM,SOLE_PROPRIETOR,2018-06-16,98,82421488.310000,163,False,False,71.740000,True,RM_CALL,CONTROLLED_SYNTHETIC
SME000066,Synthetic SME 000066,RM008,Marmara,Professional Services,MICRO,LIMITED,2015-05-21,134,18441897.900000,9,False,False,78.200000,True,RM_CALL,CONTROLLED_SYNTHETIC
SME000067,Synthetic SME 000067,RM045,Aegean,Healthcare,SMALL,LIMITED,2016-10-06,118,14521058.820000,33,False,False,42.470000,True,BRANCH,CONTROLLED_SYNTHETIC
SME000068,Synthetic SME 000068,RM046,Mediterranean,Wholesale Trade,MICRO,LIMITED,2018-07-14,97,4574580.920000,6,False,False,58.040000,True,RM_CALL,CONTROLLED_SYNTHETIC
SME000069,Synthetic SME 000069,RM008,Marmara,Hospitality,SMALL,SOLE_PROPRIETOR,2023-01-03,43,122423932.950000,13,False,False,56.180000,True,VIDEO_MEETING,CONTROLLED_SYNTHETIC
SME000070,Synthetic SME 000070,RM041,Marmara,Construction,SMALL,JOINT_STOCK,2024-02-16,30,28339160.730000,39,False,False,93.810000,True,VIDEO_MEETING,CONTROLLED_SYNTHETIC
SME000071,Synthetic SME 000071,RM017,Aegean,Technology,SMALL,LIMITED,2016-01-12,127,46120862.190000,49,False,True,54.880000,True,BRANCH,CONTROLLED_SYNTHETIC
SME000072,Synthetic SME 000072,RM036,Marmara,Manufacturing,MICRO,LIMITED,2024-11-03,21,9538333.060000,5,False,False,56.540000,True,SECURE_MESSAGE,CONTROLLED_SYNTHETIC
SME000073,Synthetic SME 000073,RM008,Marmara,Hospitality,MICRO,LIMITED,2024-07-05,25,9252603.720000,2,False,False,64.650000,True,RM_CALL,CONTROLLED_SYNTHETIC
SME000074,Synthetic SME 000074,RM019,Aegean,Manufacturing,MEDIUM,JOINT_STOCK,2023-04-13,40,107649516.890000,239,True,True,71.280000,True,RM_CALL,CONTROLLED_SYNTHETIC
SME000075,Synthetic SME 000075,RM002,Marmara,Agriculture,MICRO,SOLE_PROPRIETOR,2024-11-17,21,4998084.450000,5,False,False,60.770000,True,SECURE_MESSAGE,CONTROLLED_SYNTHETIC
SME000076,Synthetic SME 000076,RM047,Central Anatolia,Hospitality,SMALL,LIMITED,2017-11-08,105,35396969.640000,20,True,False,40.640000,True,BRANCH,CONTROLLED_SYNTHETIC
SME000077,Synthetic SME 000077,RM012,Central Anatolia,Healthcare,SMALL,LIMITED,2020-02-26,77,34136921.410000,27,False,False,54.000000,True,RM_CALL,CONTROLLED_SYNTHETIC
SME000078,Synthetic SME 000078,RM022,Central Anatolia,Construction,MEDIUM,JOINT_STOCK,2023-06-22,37,133506672.630000,75,False,False,16.620000,True,RM_CALL,CONTROLLED_SYNTHETIC
SME000079,Synthetic SME 000079,RM015,Marmara,Technology,MICRO,LIMITED,2022-03-15,53,6754104.090000,7,False,False,34.140000,True,RM_CALL,CONTROLLED_SYNTHETIC
SME000080,Synthetic SME 000080,RM041,Marmara,Technology,SMALL,SOLE_PROPRIETOR,2015-05-28,134,31975254.310000,41,False,True,48.310000,True,VIDEO_MEETING,CONTROLLED_SYNTHETIC
SME000081,Synthetic SME 000081,RM023,Black Sea,Hospitality,MEDIUM,LIMITED,2025-03-13,17,99285993.880000,178,True,True,56.190000,True,RM_CALL,CONTROLLED_SYNTHETIC
SME000082,Synthetic SME 000082,RM033,Mediterranean,Hospitality,MICRO,SOLE_PROPRIETOR,2025-10-30,9,14380098.700000,3,False,False,29.900000,True,RM_CALL,CONTROLLED_SYNTHETIC
SME000083,Synthetic SME 000083,RM040,Black Sea,Hospitality,MICRO,SOLE_PROPRIETOR,2018-02-04,102,9236082.390000,3,True,True,36.470000,True,SECURE_MESSAGE,CONTROLLED_SYNTHETIC
SME000084,Synthetic SME 000084,RM033,Mediterranean,Manufacturing,MICRO,LIMITED,2024-04-01,28,9037058.920000,6,True,True,93.240000,True,BRANCH,CONTROLLED_SYNTHETIC
SME000085,Synthetic SME 000085,RM041,Marmara,Retail Trade,MEDIUM,JOINT_STOCK,2019-08-01,84,212874758.020000,145,True,False,87.060000,True,RM_CALL,CONTROLLED_SYNTHETIC
SME000086,Synthetic SME 000086,RM008,Marmara,Retail Trade,SMALL,LIMITED,2022-06-21,49,17272229.430000,18,False,True,29.690000,True,RM_CALL,CONTROLLED_SYNTHETIC
SME000087,Synthetic SME 000087,RM017,Aegean,Healthcare,SMALL,LIMITED,2016-08-11,120,18314170.060000,27,False,True,90.820000,True,SECURE_MESSAGE,CONTROLLED_SYNTHETIC
SME000088,Synthetic SME 000088,RM009,Marmara,Hospitality,SMALL,JOINT_STOCK,2022-09-04,47,32381795.820000,49,False,False,95.860000,True,VIDEO_MEETING,CONTROLLED_SYNTHETIC
SME000089,Synthetic SME 000089,RM031,Black Sea,Healthcare,SMALL,LIMITED,2020-07-28,72,26415211.180000,27,True,False,90.970000,True,RM_CALL,CONTROLLED_SYNTHETIC
SME000090,Synthetic SME 000090,RM008,Marmara,Agriculture,SMALL,LIMITED,2015-04-04,136,18384668.510000,37,False,False,72.460000,True,SECURE_MESSAGE,CONTROLLED_SYNTHETIC
SME000091,Synthetic SME 000091,RM029,Marmara,Hospitality,SMALL,LIMITED,2016-06-27,121,27154796.620000,42,False,True,27.980000,True,SECURE_MESSAGE,CONTROLLED_SYNTHETIC
SME000092,Synthetic SME 000092,RM041,Marmara,Transportation,SMALL,LIMITED,2025-01-14,19,94377321.840000,11,False,True,61.480000,True,BRANCH,CONTROLLED_SYNTHETIC
SME000093,Synthetic SME 000093,RM035,Central Anatolia,Retail Trade,MICRO,JOINT_STOCK,2024-05-30,26,9428098.590000,3,False,False,53.630000,True,BRANCH,CONTROLLED_SYNTHETIC
SME000094,Synthetic SME 000094,RM010,Central Anatolia,Healthcare,MEDIUM,LIMITED,2019-11-12,81,102371399.980000,165,False,False,35.460000,True,VIDEO_MEETING,CONTROLLED_SYNTHETIC
SME000095,Synthetic SME 000095,RM043,Mediterranean,Technology,MICRO,LIMITED,2025-11-01,9,4391537.450000,9,False,True,51.790000,True,VIDEO_MEETING,CONTROLLED_SYNTHETIC
SME000096,Synthetic SME 000096,RM035,Central Anatolia,Hospitality,MICRO,LIMITED,2020-03-26,76,6437811.700000,2,False,False,24.410000,True,RM_CALL,CONTROLLED_SYNTHETIC
SME000097,Synthetic SME 000097,RM031,Black Sea,Construction,MICRO,LIMITED,2019-12-15,80,2639258.740000,6,False,False,69.810000,True,RM_CALL,CONTROLLED_SYNTHETIC
SME000098,Synthetic SME 000098,RM021,Marmara,Hospitality,MEDIUM,LIMITED,2023-09-02,35,95289710.020000,75,True,False,76.150000,True,SECURE_MESSAGE,CONTROLLED_SYNTHETIC
SME000099,Synthetic SME 000099,RM013,Black Sea,Healthcare,SMALL,LIMITED,2022-08-06,48,22611489.340000,19,False,False,44.870000,True,RM_CALL,CONTROLLED_SYNTHETIC
SME000100,Synthetic SME 000100,RM030,Central Anatolia,Retail Trade,SMALL,LIMITED,2023-09-22,34,34954305.640000,44,False,False,82.640000,True,VIDEO_MEETING,CONTROLLED_SYNTHETIC
SME000101,Synthetic SME 000101,RM002,Marmara,Wholesale Trade,SMALL,JOINT_STOCK,2023-05-30,38,22776834.110000,44,False,False,52.350000,True,SECURE_MESSAGE,CONTROLLED_SYNTHETIC
SME000102,Synthetic SME 000102,RM038,Aegean,Transportation,SMALL,SOLE_PROPRIETOR,2022-12-22,43,73725715.750000,37,False,False,27.010000,True,VIDEO_MEETING,CONTROLLED_SYNTHETIC
SME000103,Synthetic SME 000103,RM046,Mediterranean,Transportation,MICRO,LIMITED,2024-10-31,21,6084110.850000,3,True,False,96.990000,True,BRANCH,CONTROLLED_SYNTHETIC
SME000104,Synthetic SME 000104,RM009,Marmara,Manufacturing,SMALL,LIMITED,2017-03-17,113,54305394.380000,28,False,False,53.630000,True,RM_CALL,CONTROLLED_SYNTHETIC
SME000105,Synthetic SME 000105,RM009,Marmara,Hospitality,MEDIUM,LIMITED,2015-04-14,136,91511125.480000,221,False,False,52.820000,True,SECURE_MESSAGE,CONTROLLED_SYNTHETIC
SME000106,Synthetic SME 000106,RM002,Marmara,Agriculture,MICRO,LIMITED,2015-03-14,137,7298379.070000,2,False,False,48.080000,False,VIDEO_MEETING,CONTROLLED_SYNTHETIC
SME000107,Synthetic SME 000107,RM016,Mediterranean,Professional Services,MICRO,LIMITED,2021-01-04,67,8867373.170000,8,True,False,86.630000,True,RM_CALL,CONTROLLED_SYNTHETIC
SME000108,Synthetic SME 000108,RM043,Mediterranean,Transportation,SMALL,SOLE_PROPRIETOR,2021-08-11,60,29164619.910000,12,False,False,67.090000,True,SECURE_MESSAGE,CONTROLLED_SYNTHETIC
SME000109,Synthetic SME 000109,RM039,Eastern,Technology,MEDIUM,SOLE_PROPRIETOR,2021-12-29,55,88666841.290000,114,False,False,76.080000,True,RM_CALL,CONTROLLED_SYNTHETIC
SME000110,Synthetic SME 000110,RM047,Central Anatolia,Healthcare,MICRO,LIMITED,2015-12-29,127,14843914.540000,8,False,False,77.490000,True,RM_CALL,CONTROLLED_SYNTHETIC
SME000111,Synthetic SME 000111,RM025,Black Sea,Construction,SMALL,SOLE_PROPRIETOR,2018-08-27,95,41596742.800000,28,True,False,82.290000,True,RM_CALL,CONTROLLED_SYNTHETIC
SME000112,Synthetic SME 000112,RM047,Central Anatolia,Technology,MICRO,JOINT_STOCK,2019-11-20,80,2367289.800000,8,False,False,41.130000,True,VIDEO_MEETING,CONTROLLED_SYNTHETIC
SME000113,Synthetic SME 000113,RM029,Marmara,Healthcare,MEDIUM,JOINT_STOCK,2018-07-16,97,133551099.690000,179,True,False,92.600000,True,RM_CALL,CONTROLLED_SYNTHETIC
SME000114,Synthetic SME 000114,RM019,Aegean,Manufacturing,MICRO,LIMITED,2024-05-11,27,3992382.140000,2,False,False,83.460000,True,RM_CALL,CONTROLLED_SYNTHETIC
SME000115,Synthetic SME 000115,RM030,Central Anatolia,Professional Services,MICRO,SOLE_PROPRIETOR,2023-12-03,32,8033715.690000,9,True,True,67.850000,True,BRANCH,CONTROLLED_SYNTHETIC
SME000116,Synthetic SME 000116,RM041,Marmara,Hospitality,SMALL,LIMITED,2024-01-19,31,17076863.320000,35,True,False,58.790000,True,RM_CALL,CONTROLLED_SYNTHETIC
SME000117,Synthetic SME 000117,RM021,Marmara,Wholesale Trade,SMALL,LIMITED,2016-11-20,116,35280875.770000,42,False,False,70.900000,True,SECURE_MESSAGE,CONTROLLED_SYNTHETIC
SME000118,Synthetic SME 000118,RM021,Marmara,Retail Trade,MICRO,LIMITED,2024-07-11,25,11215601.610000,2,False,True,76.620000,True,RM_CALL,CONTROLLED_SYNTHETIC
SME000119,Synthetic SME 000119,RM021,Marmara,Construction,MICRO,LIMITED,2026-01-27,6,6689879.050000,5,False,False,48.510000,True,RM_CALL,CONTROLLED_SYNTHETIC
SME000120,Synthetic SME 000120,RM029,Marmara,Wholesale Trade,SMALL,SOLE_PROPRIETOR,2021-05-02,63,43166305.360000,26,False,False,36.740000,True,RM_CALL,CONTROLLED_SYNTHETIC
SME000121,Synthetic SME 000121,RM022,Central Anatolia,Professional Services,MICRO,LIMITED,2016-10-17,118,11080406.580000,8,True,False,71.370000,True,SECURE_MESSAGE,CONTROLLED_SYNTHETIC
SME000122,Synthetic SME 000122,RM012,Central Anatolia,Technology,MICRO,LIMITED,2015-12-31,127,2942800.790000,8,False,False,67.950000,True,BRANCH,CONTROLLED_SYNTHETIC
SME000123,Synthetic SME 000123,RM029,Marmara,Hospitality,MEDIUM,JOINT_STOCK,2018-08-07,96,122065234.230000,70,False,False,45.890000,True,RM_CALL,CONTROLLED_SYNTHETIC
SME000124,Synthetic SME 000124,RM032,Aegean,Transportation,MEDIUM,SOLE_PROPRIETOR,2015-04-07,136,314481982.800000,68,False,False,40.280000,True,VIDEO_MEETING,CONTROLLED_SYNTHETIC
SME000125,Synthetic SME 000125,RM035,Central Anatolia,Professional Services,MICRO,LIMITED,2024-02-12,30,6293799.750000,4,False,False,93.060000,True,VIDEO_MEETING,CONTROLLED_SYNTHETIC
SME000126,Synthetic SME 000126,RM012,Central Anatolia,Healthcare,MEDIUM,LIMITED,2021-02-08,66,76101974.520000,187,True,True,66.980000,True,VIDEO_MEETING,CONTROLLED_SYNTHETIC
SME000127,Synthetic SME 000127,RM001,Mediterranean,Hospitality,MICRO,LIMITED,2019-08-15,84,4361543.420000,4,False,False,64.770000,False,RM_CALL,CONTROLLED_SYNTHETIC
SME000128,Synthetic SME 000128,RM034,Aegean,Wholesale Trade,MICRO,JOINT_STOCK,2016-02-09,126,4983543.240000,7,False,False,32.940000,True,BRANCH,CONTROLLED_SYNTHETIC
SME000129,Synthetic SME 000129,RM002,Marmara,Agriculture,SMALL,LIMITED,2023-06-06,38,26520169.990000,13,False,True,67.990000,True,BRANCH,CONTROLLED_SYNTHETIC
SME000130,Synthetic SME 000130,RM031,Black Sea,Hospitality,SMALL,SOLE_PROPRIETOR,2021-10-03,58,13462484.990000,30,False,False,51.300000,True,VIDEO_MEETING,CONTROLLED_SYNTHETIC
SME000131,Synthetic SME 000131,RM036,Marmara,Technology,MICRO,LIMITED,2022-05-12,51,8915405.480000,4,False,False,83.830000,True,RM_CALL,CONTROLLED_SYNTHETIC
SME000132,Synthetic SME 000132,RM027,Eastern,Agriculture,SMALL,LIMITED,2016-09-26,118,39873190.600000,49,False,True,40.070000,True,RM_CALL,CONTROLLED_SYNTHETIC
SME000133,Synthetic SME 000133,RM002,Marmara,Professional Services,MICRO,LIMITED,2018-11-30,92,10468820.490000,5,False,False,36.560000,True,RM_CALL,CONTROLLED_SYNTHETIC
SME000134,Synthetic SME 000134,RM010,Central Anatolia,Professional Services,MICRO,LIMITED,2021-06-04,62,4912248.810000,5,False,False,30.390000,True,VIDEO_MEETING,CONTROLLED_SYNTHETIC
SME000135,Synthetic SME 000135,RM002,Marmara,Professional Services,SMALL,SOLE_PROPRIETOR,2015-03-07,137,46537295.260000,30,False,True,68.210000,True,VIDEO_MEETING,CONTROLLED_SYNTHETIC
SME000136,Synthetic SME 000136,RM025,Black Sea,Transportation,MICRO,LIMITED,2021-10-08,58,21675116.740000,7,False,False,44.110000,True,SECURE_MESSAGE,CONTROLLED_SYNTHETIC
SME000137,Synthetic SME 000137,RM041,Marmara,Hospitality,SMALL,LIMITED,2023-08-16,36,52064024.630000,49,True,False,69.590000,True,RM_CALL,CONTROLLED_SYNTHETIC
SME000138,Synthetic SME 000138,RM036,Marmara,Technology,MEDIUM,LIMITED,2019-11-11,81,247213327.830000,156,True,True,68.610000,True,SECURE_MESSAGE,CONTROLLED_SYNTHETIC
SME000139,Synthetic SME 000139,RM021,Marmara,Agriculture,MICRO,LIMITED,2025-08-28,11,7422138.070000,9,False,False,78.150000,True,RM_CALL,CONTROLLED_SYNTHETIC
SME000140,Synthetic SME 000140,RM031,Black Sea,Wholesale Trade,SMALL,LIMITED,2018-10-16,94,18030172.570000,28,False,False,66.490000,True,RM_CALL,CONTROLLED_SYNTHETIC
SME000141,Synthetic SME 000141,RM010,Central Anatolia,Construction,MICRO,SOLE_PROPRIETOR,2016-11-04,117,10491928.470000,9,False,True,62.740000,True,RM_CALL,CONTROLLED_SYNTHETIC
SME000142,Synthetic SME 000142,RM014,Eastern,Hospitality,MICRO,LIMITED,2016-05-27,122,30670105.780000,5,False,False,36.700000,True,RM_CALL,CONTROLLED_SYNTHETIC
SME000143,Synthetic SME 000143,RM041,Marmara,Agriculture,MICRO,LIMITED,2019-04-21,87,10919561.590000,3,True,False,65.730000,True,RM_CALL,CONTROLLED_SYNTHETIC
SME000144,Synthetic SME 000144,RM021,Marmara,Construction,SMALL,LIMITED,2015-06-14,134,12725499.780000,43,False,False,82.160000,True,RM_CALL,CONTROLLED_SYNTHETIC
SME000145,Synthetic SME 000145,RM007,Central Anatolia,Healthcare,MEDIUM,LIMITED,2023-01-10,43,162130424.900000,167,False,True,58.510000,True,RM_CALL,CONTROLLED_SYNTHETIC
SME000146,Synthetic SME 000146,RM004,Central Anatolia,Manufacturing,SMALL,SOLE_PROPRIETOR,2019-10-04,82,68645954.490000,13,False,False,65.430000,True,RM_CALL,CONTROLLED_SYNTHETIC
SME000147,Synthetic SME 000147,RM020,Mediterranean,Transportation,MICRO,JOINT_STOCK,2015-12-11,128,3702929.790000,3,True,False,84.250000,True,BRANCH,CONTROLLED_SYNTHETIC
SME000148,Synthetic SME 000148,RM039,Eastern,Manufacturing,MICRO,SOLE_PROPRIETOR,2020-02-04,78,10911323.950000,3,False,False,77.460000,True,BRANCH,CONTROLLED_SYNTHETIC
SME000149,Synthetic SME 000149,RM034,Aegean,Agriculture,SMALL,JOINT_STOCK,2018-12-17,92,55960430.680000,37,False,False,65.310000,True,RM_CALL,CONTROLLED_SYNTHETIC
SME000150,Synthetic SME 000150,RM046,Mediterranean,Wholesale Trade,SMALL,LIMITED,2016-06-26,121,50660601.830000,18,False,False,35.960000,True,VIDEO_MEETING,CONTROLLED_SYNTHETIC
SME000151,Synthetic SME 000151,RM044,Eastern,Healthcare,SMALL,JOINT_STOCK,2018-10-18,94,15182723.100000,39,True,False,31.960000,True,VIDEO_MEETING,CONTROLLED_SYNTHETIC
SME000152,Synthetic SME 000152,RM038,Aegean,Hospitality,MICRO,LIMITED,2024-12-23,19,6967262.960000,7,False,False,82.670000,True,RM_CALL,CONTROLLED_SYNTHETIC
SME000153,Synthetic SME 000153,RM021,Marmara,Hospitality,MICRO,LIMITED,2024-01-08,31,12489069.480000,4,False,True,69.730000,True,BRANCH,CONTROLLED_SYNTHETIC
SME000154,Synthetic SME 000154,RM048,Eastern,Construction,MICRO,LIMITED,2019-06-30,85,7720692.640000,5,False,True,43.330000,True,VIDEO_MEETING,CONTROLLED_SYNTHETIC
SME000155,Synthetic SME 000155,RM037,Aegean,Manufacturing,MICRO,JOINT_STOCK,2023-08-20,36,11590987.080000,7,False,False,67.670000,True,RM_CALL,CONTROLLED_SYNTHETIC
SME000156,Synthetic SME 000156,RM030,Central Anatolia,Manufacturing,SMALL,JOINT_STOCK,2026-01-23,6,41266538.260000,36,False,False,80.150000,True,VIDEO_MEETING,CONTROLLED_SYNTHETIC
SME000157,Synthetic SME 000157,RM008,Marmara,Wholesale Trade,SMALL,LIMITED,2018-03-30,100,37173366.770000,23,False,False,81.930000,False,BRANCH,CONTROLLED_SYNTHETIC
SME000158,Synthetic SME 000158,RM008,Marmara,Manufacturing,SMALL,LIMITED,2020-09-24,70,18956895.420000,15,False,False,73.620000,True,RM_CALL,CONTROLLED_SYNTHETIC
SME000159,Synthetic SME 000159,RM030,Central Anatolia,Agriculture,MEDIUM,LIMITED,2019-07-03,85,44328890.660000,172,False,True,59.970000,True,RM_CALL,CONTROLLED_SYNTHETIC
SME000160,Synthetic SME 000160,RM012,Central Anatolia,Technology,MICRO,LIMITED,2023-10-30,33,4275890.970000,8,False,False,79.950000,True,BRANCH,CONTROLLED_SYNTHETIC
SME000161,Synthetic SME 000161,RM009,Marmara,Hospitality,MICRO,LIMITED,2015-08-28,131,9079445.420000,8,False,True,40.310000,True,RM_CALL,CONTROLLED_SYNTHETIC
SME000162,Synthetic SME 000162,RM028,Eastern,Hospitality,MEDIUM,LIMITED,2015-11-15,129,53980284.680000,195,True,True,71.180000,True,SECURE_MESSAGE,CONTROLLED_SYNTHETIC
SME000163,Synthetic SME 000163,RM012,Central Anatolia,Agriculture,SMALL,LIMITED,2020-07-23,72,63241006.530000,48,True,False,28.940000,True,RM_CALL,CONTROLLED_SYNTHETIC
SME000164,Synthetic SME 000164,RM018,Mediterranean,Agriculture,SMALL,JOINT_STOCK,2025-09-15,11,28558687.820000,30,True,False,65.150000,True,RM_CALL,CONTROLLED_SYNTHETIC
SME000165,Synthetic SME 000165,RM019,Aegean,Transportation,MICRO,JOINT_STOCK,2019-01-04,91,11505677.520000,5,False,True,79.610000,True,BRANCH,CONTROLLED_SYNTHETIC
SME000166,Synthetic SME 000166,RM007,Central Anatolia,Agriculture,SMALL,LIMITED,2019-09-24,82,60284365.680000,36,False,False,62.090000,True,RM_CALL,CONTROLLED_SYNTHETIC
SME000167,Synthetic SME 000167,RM035,Central Anatolia,Hospitality,MICRO,LIMITED,2022-03-08,53,24975970.150000,8,False,True,26.200000,True,SECURE_MESSAGE,CONTROLLED_SYNTHETIC
SME000168,Synthetic SME 000168,RM042,Mediterranean,Healthcare,SMALL,LIMITED,2025-08-13,12,18060712.470000,26,False,False,89.440000,True,SECURE_MESSAGE,CONTROLLED_SYNTHETIC
SME000169,Synthetic SME 000169,RM047,Central Anatolia,Healthcare,MICRO,LIMITED,2023-03-20,41,15395001.030000,8,True,False,57.640000,True,BRANCH,CONTROLLED_SYNTHETIC
SME000170,Synthetic SME 000170,RM017,Aegean,Hospitality,MEDIUM,LIMITED,2021-02-15,66,151585394.140000,124,True,True,54.570000,True,RM_CALL,CONTROLLED_SYNTHETIC
SME000171,Synthetic SME 000171,RM015,Marmara,Transportation,MICRO,LIMITED,2022-12-10,44,3684008.340000,5,False,False,81.030000,True,RM_CALL,CONTROLLED_SYNTHETIC
SME000172,Synthetic SME 000172,RM019,Aegean,Wholesale Trade,MICRO,LIMITED,2018-05-05,99,3656930.850000,2,False,True,18.070000,True,BRANCH,CONTROLLED_SYNTHETIC
SME000173,Synthetic SME 000173,RM009,Marmara,Healthcare,MEDIUM,LIMITED,2022-03-20,53,130910452.590000,227,True,True,54.880000,True,BRANCH,CONTROLLED_SYNTHETIC
SME000174,Synthetic SME 000174,RM048,Eastern,Manufacturing,MEDIUM,LIMITED,2019-02-02,90,110443771.870000,64,False,False,50.530000,True,BRANCH,CONTROLLED_SYNTHETIC
SME000175,Synthetic SME 000175,RM030,Central Anatolia,Wholesale Trade,MICRO,SOLE_PROPRIETOR,2017-05-20,111,8586269.930000,5,False,False,71.880000,True,RM_CALL,CONTROLLED_SYNTHETIC
SME000176,Synthetic SME 000176,RM029,Marmara,Wholesale Trade,MICRO,LIMITED,2017-07-15,109,4184793.160000,8,False,True,72.330000,True,SECURE_MESSAGE,CONTROLLED_SYNTHETIC
SME000177,Synthetic SME 000177,RM009,Marmara,Wholesale Trade,MICRO,SOLE_PROPRIETOR,2022-03-24,52,15983912.060000,8,False,True,70.090000,True,RM_CALL,CONTROLLED_SYNTHETIC
SME000178,Synthetic SME 000178,RM022,Central Anatolia,Professional Services,MICRO,LIMITED,2017-03-21,112,15516836.490000,5,False,False,75.700000,True,RM_CALL,CONTROLLED_SYNTHETIC
SME000179,Synthetic SME 000179,RM004,Central Anatolia,Agriculture,SMALL,LIMITED,2019-01-04,91,23430428.430000,14,False,True,28.440000,True,RM_CALL,CONTROLLED_SYNTHETIC
SME000180,Synthetic SME 000180,RM048,Eastern,Manufacturing,MICRO,LIMITED,2024-08-13,24,7068497.380000,9,False,False,63.760000,True,BRANCH,CONTROLLED_SYNTHETIC
SME000181,Synthetic SME 000181,RM008,Marmara,Technology,MICRO,LIMITED,2026-01-31,6,5154178.620000,7,False,False,23.440000,True,RM_CALL,CONTROLLED_SYNTHETIC
SME000182,Synthetic SME 000182,RM020,Mediterranean,Technology,MICRO,LIMITED,2019-07-09,85,5730415.240000,8,False,False,51.480000,True,BRANCH,CONTROLLED_SYNTHETIC
SME000183,Synthetic SME 000183,RM004,Central Anatolia,Hospitality,MICRO,JOINT_STOCK,2022-01-07,55,11666339.390000,2,False,True,42.540000,True,RM_CALL,CONTROLLED_SYNTHETIC
SME000184,Synthetic SME 000184,RM038,Aegean,Professional Services,SMALL,LIMITED,2026-04-10,4,13364293.170000,33,False,False,65.320000,True,RM_CALL,CONTROLLED_SYNTHETIC
SME000185,Synthetic SME 000185,RM044,Eastern,Construction,MICRO,LIMITED,2021-08-19,60,8930015.020000,5,False,False,81.770000,True,RM_CALL,CONTROLLED_SYNTHETIC
SME000186,Synthetic SME 000186,RM035,Central Anatolia,Agriculture,MICRO,LIMITED,2015-07-20,133,18611037.650000,8,True,False,85.650000,True,VIDEO_MEETING,CONTROLLED_SYNTHETIC
SME000187,Synthetic SME 000187,RM012,Central Anatolia,Hospitality,SMALL,SOLE_PROPRIETOR,2015-10-16,130,26896347.720000,41,False,False,33.520000,True,VIDEO_MEETING,CONTROLLED_SYNTHETIC
SME000188,Synthetic SME 000188,RM035,Central Anatolia,Hospitality,MICRO,LIMITED,2021-09-21,58,12612493.440000,2,False,False,91.960000,True,RM_CALL,CONTROLLED_SYNTHETIC
SME000189,Synthetic SME 000189,RM008,Marmara,Agriculture,MICRO,LIMITED,2019-11-24,80,12190993.450000,8,False,True,93.360000,True,RM_CALL,CONTROLLED_SYNTHETIC
SME000190,Synthetic SME 000190,RM045,Aegean,Manufacturing,MICRO,SOLE_PROPRIETOR,2022-02-24,53,2583111.350000,9,True,False,31.670000,True,RM_CALL,CONTROLLED_SYNTHETIC
SME000191,Synthetic SME 000191,RM045,Aegean,Retail Trade,MICRO,LIMITED,2015-06-14,134,11419807.000000,3,False,False,64.770000,True,RM_CALL,CONTROLLED_SYNTHETIC
SME000192,Synthetic SME 000192,RM027,Eastern,Construction,MICRO,LIMITED,2022-03-25,52,3987035.650000,7,True,False,45.050000,True,VIDEO_MEETING,CONTROLLED_SYNTHETIC
SME000193,Synthetic SME 000193,RM009,Marmara,Agriculture,MICRO,LIMITED,2017-04-17,112,7362317.770000,8,True,False,68.820000,True,RM_CALL,CONTROLLED_SYNTHETIC
SME000194,Synthetic SME 000194,RM041,Marmara,Wholesale Trade,MICRO,LIMITED,2021-03-11,65,9597111.690000,9,False,False,29.340000,True,RM_CALL,CONTROLLED_SYNTHETIC
SME000195,Synthetic SME 000195,RM002,Marmara,Transportation,MICRO,JOINT_STOCK,2018-02-15,102,7151295.160000,9,True,False,46.920000,True,RM_CALL,CONTROLLED_SYNTHETIC
SME000196,Synthetic SME 000196,RM020,Mediterranean,Construction,MICRO,LIMITED,2018-04-10,100,7054967.290000,8,False,False,11.740000,True,RM_CALL,CONTROLLED_SYNTHETIC
SME000197,Synthetic SME 000197,RM047,Central Anatolia,Healthcare,MEDIUM,LIMITED,2016-07-20,121,181263349.850000,229,False,False,56.490000,True,RM_CALL,CONTROLLED_SYNTHETIC
SME000198,Synthetic SME 000198,RM041,Marmara,Professional Services,SMALL,LIMITED,2017-12-15,104,37475117.550000,21,False,False,51.480000,True,SECURE_MESSAGE,CONTROLLED_SYNTHETIC
SME000199,Synthetic SME 000199,RM039,Eastern,Hospitality,SMALL,JOINT_STOCK,2015-06-29,133,27639869.580000,10,False,True,61.400000,True,VIDEO_MEETING,CONTROLLED_SYNTHETIC
SME000200,Synthetic SME 000200,RM015,Marmara,Professional Services,SMALL,LIMITED,2020-08-29,71,31204546.330000,14,False,False,83.420000,True,VIDEO_MEETING,CONTROLLED_SYNTHETIC
SME000201,Synthetic SME 000201,RM019,Aegean,Agriculture,MICRO,SOLE_PROPRIETOR,2018-08-12,96,13552422.620000,3,True,False,81.070000,True,RM_CALL,CONTROLLED_SYNTHETIC
SME000202,Synthetic SME 000202,RM009,Marmara,Healthcare,SMALL,JOINT_STOCK,2018-10-20,93,32138467.560000,49,False,False,48.530000,True,VIDEO_MEETING,CONTROLLED_SYNTHETIC
SME000203,Synthetic SME 000203,RM001,Mediterranean,Hospitality,SMALL,LIMITED,2018-10-09,94,27432624.700000,42,False,False,79.820000,False,SECURE_MESSAGE,CONTROLLED_SYNTHETIC
SME000204,Synthetic SME 000204,RM032,Aegean,Professional Services,SMALL,JOINT_STOCK,2024-09-19,22,14248276.440000,37,False,True,77.010000,True,SECURE_MESSAGE,CONTROLLED_SYNTHETIC
SME000205,Synthetic SME 000205,RM021,Marmara,Hospitality,MEDIUM,LIMITED,2020-12-15,68,184522399.260000,192,False,True,55.360000,True,RM_CALL,CONTROLLED_SYNTHETIC
SME000206,Synthetic SME 000206,RM009,Marmara,Manufacturing,MEDIUM,SOLE_PROPRIETOR,2016-02-05,126,161263260.690000,132,False,False,90.540000,True,BRANCH,CONTROLLED_SYNTHETIC
SME000207,Synthetic SME 000207,RM021,Marmara,Technology,SMALL,LIMITED,2025-08-17,12,45111787.280000,34,False,False,44.180000,True,RM_CALL,CONTROLLED_SYNTHETIC
SME000208,Synthetic SME 000208,RM010,Central Anatolia,Agriculture,MEDIUM,LIMITED,2015-03-02,137,190988489.180000,89,True,False,69.110000,True,SECURE_MESSAGE,CONTROLLED_SYNTHETIC
SME000209,Synthetic SME 000209,RM036,Marmara,Professional Services,MICRO,SOLE_PROPRIETOR,2024-11-25,20,10418040.830000,7,False,False,28.570000,True,SECURE_MESSAGE,CONTROLLED_SYNTHETIC
SME000210,Synthetic SME 000210,RM039,Eastern,Construction,MEDIUM,JOINT_STOCK,2015-06-10,134,165722117.410000,106,True,False,53.050000,True,SECURE_MESSAGE,CONTROLLED_SYNTHETIC
SME000211,Synthetic SME 000211,RM015,Marmara,Construction,SMALL,LIMITED,2024-08-25,23,63649432.950000,13,False,False,77.100000,True,RM_CALL,CONTROLLED_SYNTHETIC
SME000212,Synthetic SME 000212,RM041,Marmara,Technology,SMALL,LIMITED,2017-01-11,115,22921290.470000,26,False,False,50.600000,True,RM_CALL,CONTROLLED_SYNTHETIC
SME000213,Synthetic SME 000213,RM015,Marmara,Technology,MICRO,SOLE_PROPRIETOR,2016-02-06,126,13949319.640000,2,False,False,77.330000,True,RM_CALL,CONTROLLED_SYNTHETIC
SME000214,Synthetic SME 000214,RM032,Aegean,Wholesale Trade,MICRO,LIMITED,2017-03-09,113,9331238.110000,7,False,False,23.980000,False,VIDEO_MEETING,CONTROLLED_SYNTHETIC
SME000215,Synthetic SME 000215,RM020,Mediterranean,Transportation,MICRO,LIMITED,2016-12-11,116,7880408.960000,2,False,False,15.370000,True,RM_CALL,CONTROLLED_SYNTHETIC
SME000216,Synthetic SME 000216,RM029,Marmara,Retail Trade,MICRO,JOINT_STOCK,2019-06-12,86,10541984.790000,2,True,False,62.020000,False,RM_CALL,CONTROLLED_SYNTHETIC
SME000217,Synthetic SME 000217,RM012,Central Anatolia,Professional Services,MICRO,SOLE_PROPRIETOR,2022-11-23,44,8747601.350000,2,False,False,30.850000,True,SECURE_MESSAGE,CONTROLLED_SYNTHETIC
SME000218,Synthetic SME 000218,RM034,Aegean,Retail Trade,SMALL,JOINT_STOCK,2023-06-15,38,20498291.940000,47,True,True,43.490000,True,BRANCH,CONTROLLED_SYNTHETIC
SME000219,Synthetic SME 000219,RM041,Marmara,Retail Trade,MICRO,LIMITED,2018-07-26,96,17718374.880000,6,False,False,81.960000,False,RM_CALL,CONTROLLED_SYNTHETIC
SME000220,Synthetic SME 000220,RM042,Mediterranean,Transportation,MICRO,LIMITED,2018-04-16,100,5503356.880000,8,False,False,50.200000,True,BRANCH,CONTROLLED_SYNTHETIC
SME000221,Synthetic SME 000221,RM015,Marmara,Hospitality,SMALL,SOLE_PROPRIETOR,2023-06-28,37,12870021.600000,22,False,False,57.480000,True,BRANCH,CONTROLLED_SYNTHETIC
SME000222,Synthetic SME 000222,RM019,Aegean,Healthcare,MICRO,JOINT_STOCK,2025-07-23,12,8403412.020000,5,True,True,73.990000,True,RM_CALL,CONTROLLED_SYNTHETIC
SME000223,Synthetic SME 000223,RM004,Central Anatolia,Healthcare,MICRO,LIMITED,2018-08-15,96,11164838.610000,5,False,False,87.170000,True,RM_CALL,CONTROLLED_SYNTHETIC
SME000224,Synthetic SME 000224,RM045,Aegean,Wholesale Trade,SMALL,LIMITED,2017-01-02,115,36123714.400000,14,True,False,90.750000,True,BRANCH,CONTROLLED_SYNTHETIC
SME000225,Synthetic SME 000225,RM008,Marmara,Retail Trade,MEDIUM,JOINT_STOCK,2023-05-29,38,221509002.910000,128,False,True,75.050000,True,BRANCH,CONTROLLED_SYNTHETIC
SME000226,Synthetic SME 000226,RM043,Mediterranean,Professional Services,SMALL,LIMITED,2016-05-22,122,30189950.530000,29,True,False,80.070000,False,SECURE_MESSAGE,CONTROLLED_SYNTHETIC
SME000227,Synthetic SME 000227,RM004,Central Anatolia,Construction,MICRO,LIMITED,2019-07-17,85,9914854.630000,8,False,True,73.030000,True,RM_CALL,CONTROLLED_SYNTHETIC
SME000228,Synthetic SME 000228,RM041,Marmara,Construction,MICRO,LIMITED,2020-07-12,73,18138772.620000,9,False,True,47.080000,True,SECURE_MESSAGE,CONTROLLED_SYNTHETIC
SME000229,Synthetic SME 000229,RM048,Eastern,Transportation,MEDIUM,LIMITED,2017-06-29,109,40411103.710000,244,False,False,47.480000,True,BRANCH,CONTROLLED_SYNTHETIC
SME000230,Synthetic SME 000230,RM011,Black Sea,Healthcare,MICRO,LIMITED,2020-08-19,72,4078601.490000,9,False,False,49.550000,True,BRANCH,CONTROLLED_SYNTHETIC
SME000231,Synthetic SME 000231,RM032,Aegean,Professional Services,MEDIUM,LIMITED,2018-04-03,100,189372612.550000,93,True,False,50.320000,True,RM_CALL,CONTROLLED_SYNTHETIC
SME000232,Synthetic SME 000232,RM032,Aegean,Construction,MEDIUM,SOLE_PROPRIETOR,2025-12-18,8,202448961.850000,162,True,False,51.180000,True,VIDEO_MEETING,CONTROLLED_SYNTHETIC
SME000233,Synthetic SME 000233,RM041,Marmara,Healthcare,MICRO,LIMITED,2019-04-28,87,15295351.090000,9,False,False,78.300000,True,VIDEO_MEETING,CONTROLLED_SYNTHETIC
SME000234,Synthetic SME 000234,RM002,Marmara,Transportation,SMALL,SOLE_PROPRIETOR,2026-01-27,6,11632400.170000,20,False,False,43.080000,True,BRANCH,CONTROLLED_SYNTHETIC
SME000235,Synthetic SME 000235,RM026,Black Sea,Technology,SMALL,LIMITED,2017-06-15,110,25931161.640000,19,False,False,91.690000,True,RM_CALL,CONTROLLED_SYNTHETIC
SME000236,Synthetic SME 000236,RM046,Mediterranean,Manufacturing,MEDIUM,LIMITED,2015-07-02,133,142928185.760000,168,False,True,43.980000,True,BRANCH,CONTROLLED_SYNTHETIC
SME000237,Synthetic SME 000237,RM039,Eastern,Wholesale Trade,MICRO,JOINT_STOCK,2024-04-23,27,12032947.790000,2,True,False,31.020000,True,RM_CALL,CONTROLLED_SYNTHETIC
SME000238,Synthetic SME 000238,RM009,Marmara,Technology,SMALL,LIMITED,2021-09-27,58,34437759.610000,35,True,True,50.520000,True,BRANCH,CONTROLLED_SYNTHETIC
SME000239,Synthetic SME 000239,RM010,Central Anatolia,Transportation,MEDIUM,LIMITED,2020-03-26,76,118887305.150000,243,False,True,66.250000,True,VIDEO_MEETING,CONTROLLED_SYNTHETIC
SME000240,Synthetic SME 000240,RM036,Marmara,Wholesale Trade,SMALL,JOINT_STOCK,2021-10-14,58,14739899.660000,11,True,False,55.990000,True,VIDEO_MEETING,CONTROLLED_SYNTHETIC
SME000241,Synthetic SME 000241,RM002,Marmara,Healthcare,SMALL,JOINT_STOCK,2022-06-12,50,46723300.790000,43,False,False,54.230000,True,BRANCH,CONTROLLED_SYNTHETIC
SME000242,Synthetic SME 000242,RM021,Marmara,Manufacturing,MICRO,LIMITED,2024-07-11,25,12564049.870000,8,False,False,35.100000,True,RM_CALL,CONTROLLED_SYNTHETIC
SME000243,Synthetic SME 000243,RM002,Marmara,Hospitality,MICRO,LIMITED,2018-04-29,99,8583439.180000,3,False,True,75.410000,True,BRANCH,CONTROLLED_SYNTHETIC
SME000244,Synthetic SME 000244,RM018,Mediterranean,Healthcare,MICRO,SOLE_PROPRIETOR,2025-02-28,17,15164505.420000,6,False,False,67.130000,True,RM_CALL,CONTROLLED_SYNTHETIC
SME000245,Synthetic SME 000245,RM021,Marmara,Technology,MICRO,JOINT_STOCK,2026-04-05,4,6319974.030000,2,False,False,88.180000,True,SECURE_MESSAGE,CONTROLLED_SYNTHETIC
SME000246,Synthetic SME 000246,RM009,Marmara,Healthcare,MICRO,SOLE_PROPRIETOR,2015-09-27,130,39428498.900000,5,False,False,89.350000,True,VIDEO_MEETING,CONTROLLED_SYNTHETIC
SME000247,Synthetic SME 000247,RM041,Marmara,Professional Services,MICRO,SOLE_PROPRIETOR,2024-04-14,28,7159181.650000,5,False,False,51.000000,True,BRANCH,CONTROLLED_SYNTHETIC
SME000248,Synthetic SME 000248,RM034,Aegean,Wholesale Trade,MICRO,LIMITED,2018-11-29,92,8952879.850000,3,False,False,94.750000,True,VIDEO_MEETING,CONTROLLED_SYNTHETIC
SME000249,Synthetic SME 000249,RM023,Black Sea,Healthcare,MICRO,LIMITED,2025-02-20,17,41520054.490000,8,True,True,64.610000,True,VIDEO_MEETING,CONTROLLED_SYNTHETIC
SME000250,Synthetic SME 000250,RM032,Aegean,Transportation,SMALL,JOINT_STOCK,2017-08-31,107,50574270.780000,45,False,False,70.620000,True,BRANCH,CONTROLLED_SYNTHETIC
SME000251,Synthetic SME 000251,RM011,Black Sea,Professional Services,MICRO,LIMITED,2017-05-31,110,14811548.600000,8,True,False,53.610000,True,VIDEO_MEETING,CONTROLLED_SYNTHETIC
SME000252,Synthetic SME 000252,RM028,Eastern,Manufacturing,MICRO,SOLE_PROPRIETOR,2017-03-30,112,4118031.020000,3,False,False,10.810000,True,SECURE_MESSAGE,CONTROLLED_SYNTHETIC
SME000253,Synthetic SME 000253,RM012,Central Anatolia,Wholesale Trade,MICRO,LIMITED,2022-09-15,47,4934701.280000,5,False,True,85.390000,True,RM_CALL,CONTROLLED_SYNTHETIC
SME000254,Synthetic SME 000254,RM006,Aegean,Healthcare,MEDIUM,LIMITED,2021-08-13,60,85180087.070000,184,True,True,53.210000,True,RM_CALL,CONTROLLED_SYNTHETIC
SME000255,Synthetic SME 000255,RM021,Marmara,Professional Services,MEDIUM,SOLE_PROPRIETOR,2018-11-26,92,280224075.090000,61,True,False,26.040000,True,VIDEO_MEETING,CONTROLLED_SYNTHETIC
SME000256,Synthetic SME 000256,RM026,Black Sea,Retail Trade,SMALL,LIMITED,2021-01-27,66,23315303.350000,44,False,False,83.070000,True,BRANCH,CONTROLLED_SYNTHETIC
SME000257,Synthetic SME 000257,RM035,Central Anatolia,Construction,MICRO,JOINT_STOCK,2020-05-13,75,6808624.870000,3,False,False,69.690000,True,BRANCH,CONTROLLED_SYNTHETIC
SME000258,Synthetic SME 000258,RM018,Mediterranean,Healthcare,SMALL,LIMITED,2018-03-07,101,38066152.080000,31,False,False,65.940000,True,BRANCH,CONTROLLED_SYNTHETIC
SME000259,Synthetic SME 000259,RM015,Marmara,Wholesale Trade,MICRO,LIMITED,2024-04-10,28,23360994.510000,4,False,False,36.500000,True,SECURE_MESSAGE,CONTROLLED_SYNTHETIC
SME000260,Synthetic SME 000260,RM025,Black Sea,Healthcare,MICRO,JOINT_STOCK,2019-12-07,80,4669040.480000,3,False,False,55.720000,True,VIDEO_MEETING,CONTROLLED_SYNTHETIC
SME000261,Synthetic SME 000261,RM037,Aegean,Professional Services,MICRO,SOLE_PROPRIETOR,2017-07-01,109,22634175.780000,8,True,False,62.360000,True,BRANCH,CONTROLLED_SYNTHETIC
SME000262,Synthetic SME 000262,RM038,Aegean,Professional Services,MICRO,JOINT_STOCK,2024-07-26,24,4560038.410000,7,False,False,68.250000,True,VIDEO_MEETING,CONTROLLED_SYNTHETIC
SME000263,Synthetic SME 000263,RM018,Mediterranean,Hospitality,MICRO,SOLE_PROPRIETOR,2017-07-04,109,7421379.640000,3,True,False,64.990000,True,VIDEO_MEETING,CONTROLLED_SYNTHETIC
SME000264,Synthetic SME 000264,RM038,Aegean,Healthcare,SMALL,SOLE_PROPRIETOR,2016-06-09,122,7650471.010000,26,False,True,73.240000,True,RM_CALL,CONTROLLED_SYNTHETIC
SME000265,Synthetic SME 000265,RM045,Aegean,Agriculture,MICRO,JOINT_STOCK,2015-04-10,136,2884247.520000,6,False,False,59.450000,True,SECURE_MESSAGE,CONTROLLED_SYNTHETIC
SME000266,Synthetic SME 000266,RM009,Marmara,Hospitality,SMALL,LIMITED,2022-09-30,46,40626109.860000,36,False,False,66.320000,True,RM_CALL,CONTROLLED_SYNTHETIC
SME000267,Synthetic SME 000267,RM019,Aegean,Retail Trade,MICRO,LIMITED,2016-10-23,117,6303402.260000,4,False,False,72.020000,True,RM_CALL,CONTROLLED_SYNTHETIC
SME000268,Synthetic SME 000268,RM039,Eastern,Manufacturing,MICRO,SOLE_PROPRIETOR,2019-11-18,81,5816855.340000,5,False,False,60.250000,False,RM_CALL,CONTROLLED_SYNTHETIC
SME000269,Synthetic SME 000269,RM025,Black Sea,Retail Trade,SMALL,JOINT_STOCK,2021-01-30,66,27510181.660000,34,True,False,11.370000,True,BRANCH,CONTROLLED_SYNTHETIC
SME000270,Synthetic SME 000270,RM036,Marmara,Construction,MICRO,LIMITED,2020-07-12,73,10988749.370000,7,False,False,43.670000,True,BRANCH,CONTROLLED_SYNTHETIC
SME000271,Synthetic SME 000271,RM036,Marmara,Agriculture,SMALL,LIMITED,2019-07-03,85,8947503.880000,26,False,False,35.480000,True,VIDEO_MEETING,CONTROLLED_SYNTHETIC
SME000272,Synthetic SME 000272,RM029,Marmara,Agriculture,MICRO,JOINT_STOCK,2019-06-04,86,8755729.210000,7,True,True,61.830000,True,BRANCH,CONTROLLED_SYNTHETIC
SME000273,Synthetic SME 000273,RM026,Black Sea,Hospitality,MICRO,LIMITED,2017-07-22,108,2462651.200000,6,True,False,60.040000,True,BRANCH,CONTROLLED_SYNTHETIC
SME000274,Synthetic SME 000274,RM047,Central Anatolia,Professional Services,MEDIUM,LIMITED,2026-02-02,6,70129691.950000,118,False,True,51.790000,True,RM_CALL,CONTROLLED_SYNTHETIC
SME000275,Synthetic SME 000275,RM009,Marmara,Agriculture,SMALL,LIMITED,2015-08-01,132,51544502.330000,31,False,False,30.140000,True,SECURE_MESSAGE,CONTROLLED_SYNTHETIC
SME000276,Synthetic SME 000276,RM038,Aegean,Manufacturing,MICRO,LIMITED,2015-10-04,130,2473477.610000,7,False,True,82.770000,True,BRANCH,CONTROLLED_SYNTHETIC
SME000277,Synthetic SME 000277,RM026,Black Sea,Professional Services,MICRO,LIMITED,2022-07-08,49,4811183.080000,4,False,False,73.600000,True,VIDEO_MEETING,CONTROLLED_SYNTHETIC
SME000278,Synthetic SME 000278,RM009,Marmara,Hospitality,SMALL,LIMITED,2019-03-14,89,24857254.750000,11,True,False,77.310000,True,SECURE_MESSAGE,CONTROLLED_SYNTHETIC
SME000279,Synthetic SME 000279,RM007,Central Anatolia,Construction,SMALL,LIMITED,2015-09-23,130,51083952.730000,45,False,False,70.730000,True,RM_CALL,CONTROLLED_SYNTHETIC
SME000280,Synthetic SME 000280,RM043,Mediterranean,Technology,SMALL,LIMITED,2025-11-22,8,21838224.440000,30,False,False,86.920000,True,BRANCH,CONTROLLED_SYNTHETIC
SME000281,Synthetic SME 000281,RM036,Marmara,Manufacturing,SMALL,JOINT_STOCK,2025-07-29,12,64279592.550000,20,False,False,20.460000,True,BRANCH,CONTROLLED_SYNTHETIC
SME000282,Synthetic SME 000282,RM022,Central Anatolia,Healthcare,MICRO,LIMITED,2015-05-30,134,10056808.690000,2,False,True,55.830000,True,RM_CALL,CONTROLLED_SYNTHETIC
SME000283,Synthetic SME 000283,RM007,Central Anatolia,Professional Services,SMALL,LIMITED,2017-08-30,107,25394160.920000,18,True,True,29.470000,True,RM_CALL,CONTROLLED_SYNTHETIC
SME000284,Synthetic SME 000284,RM030,Central Anatolia,Hospitality,SMALL,LIMITED,2024-10-14,22,62202829.170000,39,False,False,48.290000,True,RM_CALL,CONTROLLED_SYNTHETIC
SME000285,Synthetic SME 000285,RM041,Marmara,Technology,MICRO,LIMITED,2020-06-12,74,7339418.630000,5,False,False,74.050000,True,BRANCH,CONTROLLED_SYNTHETIC
SME000286,Synthetic SME 000286,RM010,Central Anatolia,Wholesale Trade,SMALL,LIMITED,2019-11-16,81,14197485.860000,16,False,True,74.090000,True,BRANCH,CONTROLLED_SYNTHETIC
SME000287,Synthetic SME 000287,RM019,Aegean,Transportation,MICRO,LIMITED,2016-10-13,118,5804111.680000,4,True,False,58.560000,True,RM_CALL,CONTROLLED_SYNTHETIC
SME000288,Synthetic SME 000288,RM002,Marmara,Retail Trade,MEDIUM,SOLE_PROPRIETOR,2023-08-30,35,93616436.930000,165,False,True,31.070000,True,VIDEO_MEETING,CONTROLLED_SYNTHETIC
SME000289,Synthetic SME 000289,RM030,Central Anatolia,Agriculture,MICRO,LIMITED,2015-05-06,135,4426044.820000,3,False,False,63.440000,True,RM_CALL,CONTROLLED_SYNTHETIC
SME000290,Synthetic SME 000290,RM009,Marmara,Manufacturing,SMALL,JOINT_STOCK,2023-12-20,32,30964536.110000,41,False,False,99.300000,True,BRANCH,CONTROLLED_SYNTHETIC
SME000291,Synthetic SME 000291,RM016,Mediterranean,Professional Services,SMALL,LIMITED,2020-10-07,70,22573285.750000,25,False,False,57.730000,True,VIDEO_MEETING,CONTROLLED_SYNTHETIC
SME000292,Synthetic SME 000292,RM029,Marmara,Hospitality,SMALL,LIMITED,2018-06-03,98,60149732.350000,36,True,False,68.630000,True,BRANCH,CONTROLLED_SYNTHETIC
SME000293,Synthetic SME 000293,RM015,Marmara,Healthcare,SMALL,LIMITED,2021-07-20,61,26497793.380000,34,False,False,70.900000,True,BRANCH,CONTROLLED_SYNTHETIC
SME000294,Synthetic SME 000294,RM004,Central Anatolia,Agriculture,MICRO,SOLE_PROPRIETOR,2018-04-08,100,8344265.870000,3,False,False,23.540000,True,RM_CALL,CONTROLLED_SYNTHETIC
SME000295,Synthetic SME 000295,RM007,Central Anatolia,Agriculture,SMALL,JOINT_STOCK,2025-11-11,9,29517891.580000,14,False,False,59.210000,True,RM_CALL,CONTROLLED_SYNTHETIC
SME000296,Synthetic SME 000296,RM001,Mediterranean,Wholesale Trade,MICRO,LIMITED,2016-02-20,125,8918379.210000,5,False,False,57.230000,True,VIDEO_MEETING,CONTROLLED_SYNTHETIC
SME000297,Synthetic SME 000297,RM029,Marmara,Hospitality,MICRO,LIMITED,2026-01-18,7,2111385.470000,9,False,True,69.170000,True,BRANCH,CONTROLLED_SYNTHETIC
SME000298,Synthetic SME 000298,RM044,Eastern,Manufacturing,MEDIUM,LIMITED,2017-04-26,111,129444259.330000,208,False,False,68.880000,True,RM_CALL,CONTROLLED_SYNTHETIC
SME000299,Synthetic SME 000299,RM013,Black Sea,Technology,MICRO,JOINT_STOCK,2025-05-14,15,5377910.160000,5,False,False,32.020000,True,RM_CALL,CONTROLLED_SYNTHETIC
SME000300,Synthetic SME 000300,RM015,Marmara,Construction,MICRO,SOLE_PROPRIETOR,2025-12-11,8,15799564.430000,6,False,True,47.090000,True,VIDEO_MEETING,CONTROLLED_SYNTHETIC
SME000301,Synthetic SME 000301,RM001,Mediterranean,Hospitality,MICRO,JOINT_STOCK,2017-05-15,111,7908033.380000,8,False,True,57.270000,True,BRANCH,CONTROLLED_SYNTHETIC
SME000302,Synthetic SME 000302,RM018,Mediterranean,Construction,SMALL,JOINT_STOCK,2019-08-01,84,20595179.240000,47,True,False,53.080000,True,BRANCH,CONTROLLED_SYNTHETIC
SME000303,Synthetic SME 000303,RM002,Marmara,Hospitality,MICRO,JOINT_STOCK,2019-11-06,81,30884238.040000,3,False,True,90.570000,True,BRANCH,CONTROLLED_SYNTHETIC
SME000304,Synthetic SME 000304,RM029,Marmara,Manufacturing,SMALL,LIMITED,2020-03-02,77,25979662.650000,11,True,False,71.450000,True,RM_CALL,CONTROLLED_SYNTHETIC
SME000305,Synthetic SME 000305,RM012,Central Anatolia,Hospitality,SMALL,LIMITED,2023-03-06,41,20521086.450000,10,False,False,54.620000,True,RM_CALL,CONTROLLED_SYNTHETIC
SME000306,Synthetic SME 000306,RM011,Black Sea,Manufacturing,SMALL,JOINT_STOCK,2018-12-18,92,25070018.120000,27,False,False,47.300000,True,RM_CALL,CONTROLLED_SYNTHETIC
SME000307,Synthetic SME 000307,RM047,Central Anatolia,Wholesale Trade,SMALL,LIMITED,2018-06-13,98,56817300.800000,14,False,True,76.610000,True,BRANCH,CONTROLLED_SYNTHETIC
SME000308,Synthetic SME 000308,RM019,Aegean,Manufacturing,SMALL,SOLE_PROPRIETOR,2022-12-01,44,21552899.540000,49,False,False,61.510000,True,VIDEO_MEETING,CONTROLLED_SYNTHETIC
SME000309,Synthetic SME 000309,RM001,Mediterranean,Technology,SMALL,JOINT_STOCK,2015-05-06,135,59522423.570000,40,False,True,82.880000,True,RM_CALL,CONTROLLED_SYNTHETIC
SME000310,Synthetic SME 000310,RM041,Marmara,Technology,SMALL,SOLE_PROPRIETOR,2016-11-27,116,34755271.730000,15,True,False,63.080000,True,BRANCH,CONTROLLED_SYNTHETIC
SME000311,Synthetic SME 000311,RM046,Mediterranean,Construction,SMALL,LIMITED,2016-05-27,122,20032874.560000,45,False,False,85.890000,True,BRANCH,CONTROLLED_SYNTHETIC
SME000312,Synthetic SME 000312,RM037,Aegean,Technology,MEDIUM,SOLE_PROPRIETOR,2024-10-07,22,83341700.010000,145,True,False,45.210000,False,VIDEO_MEETING,CONTROLLED_SYNTHETIC
SME000313,Synthetic SME 000313,RM045,Aegean,Hospitality,MICRO,LIMITED,2018-01-01,103,5688417.090000,7,False,True,81.920000,True,VIDEO_MEETING,CONTROLLED_SYNTHETIC
SME000314,Synthetic SME 000314,RM010,Central Anatolia,Construction,MICRO,LIMITED,2023-01-04,43,3869666.780000,9,False,False,85.750000,True,RM_CALL,CONTROLLED_SYNTHETIC
SME000315,Synthetic SME 000315,RM030,Central Anatolia,Hospitality,MICRO,SOLE_PROPRIETOR,2016-05-21,122,4790002.980000,7,False,False,69.270000,True,SECURE_MESSAGE,CONTROLLED_SYNTHETIC
SME000316,Synthetic SME 000316,RM047,Central Anatolia,Professional Services,MEDIUM,LIMITED,2015-10-25,129,354683763.190000,152,True,True,81.150000,True,RM_CALL,CONTROLLED_SYNTHETIC
SME000317,Synthetic SME 000317,RM007,Central Anatolia,Professional Services,MICRO,JOINT_STOCK,2025-07-02,13,11718505.320000,3,False,False,81.450000,True,RM_CALL,CONTROLLED_SYNTHETIC
SME000318,Synthetic SME 000318,RM045,Aegean,Manufacturing,MICRO,SOLE_PROPRIETOR,2025-02-05,18,31663631.190000,3,False,False,85.200000,True,VIDEO_MEETING,CONTROLLED_SYNTHETIC
SME000319,Synthetic SME 000319,RM009,Marmara,Manufacturing,MICRO,JOINT_STOCK,2021-05-26,62,36426699.040000,7,False,False,52.850000,True,RM_CALL,CONTROLLED_SYNTHETIC
SME000320,Synthetic SME 000320,RM015,Marmara,Agriculture,MICRO,LIMITED,2021-08-28,59,19954608.920000,5,False,False,87.590000,True,RM_CALL,CONTROLLED_SYNTHETIC
SME000321,Synthetic SME 000321,RM041,Marmara,Healthcare,MICRO,LIMITED,2018-01-31,102,13100393.300000,3,False,False,65.210000,True,SECURE_MESSAGE,CONTROLLED_SYNTHETIC
SME000322,Synthetic SME 000322,RM002,Marmara,Construction,MICRO,JOINT_STOCK,2018-05-04,99,14196762.040000,4,True,True,85.590000,True,BRANCH,CONTROLLED_SYNTHETIC
SME000323,Synthetic SME 000323,RM034,Aegean,Hospitality,SMALL,JOINT_STOCK,2023-01-12,43,23364178.070000,17,True,False,23.260000,True,VIDEO_MEETING,CONTROLLED_SYNTHETIC
SME000324,Synthetic SME 000324,RM010,Central Anatolia,Hospitality,MICRO,LIMITED,2023-01-24,42,21068015.240000,2,True,False,68.650000,True,RM_CALL,CONTROLLED_SYNTHETIC
SME000325,Synthetic SME 000325,RM033,Mediterranean,Construction,MICRO,JOINT_STOCK,2020-05-01,75,4620432.830000,2,True,False,71.320000,True,RM_CALL,CONTROLLED_SYNTHETIC
SME000326,Synthetic SME 000326,RM009,Marmara,Construction,SMALL,LIMITED,2020-03-01,77,36060879.240000,19,True,False,46.910000,True,SECURE_MESSAGE,CONTROLLED_SYNTHETIC
SME000327,Synthetic SME 000327,RM009,Marmara,Agriculture,MEDIUM,SOLE_PROPRIETOR,2019-09-17,83,193107287.200000,77,True,True,81.730000,True,RM_CALL,CONTROLLED_SYNTHETIC
SME000328,Synthetic SME 000328,RM018,Mediterranean,Manufacturing,SMALL,LIMITED,2023-03-22,40,128673202.400000,36,False,True,72.640000,True,VIDEO_MEETING,CONTROLLED_SYNTHETIC
SME000329,Synthetic SME 000329,RM035,Central Anatolia,Healthcare,SMALL,JOINT_STOCK,2016-12-09,116,24797082.200000,34,False,False,60.980000,True,VIDEO_MEETING,CONTROLLED_SYNTHETIC
SME000330,Synthetic SME 000330,RM019,Aegean,Manufacturing,MEDIUM,LIMITED,2023-02-23,41,152997115.650000,108,False,True,78.210000,True,RM_CALL,CONTROLLED_SYNTHETIC
SME000331,Synthetic SME 000331,RM041,Marmara,Construction,SMALL,SOLE_PROPRIETOR,2022-11-03,45,37544324.360000,40,False,False,36.070000,True,VIDEO_MEETING,CONTROLLED_SYNTHETIC
SME000332,Synthetic SME 000332,RM025,Black Sea,Agriculture,MICRO,SOLE_PROPRIETOR,2022-04-16,52,15151311.190000,9,False,False,81.580000,True,BRANCH,CONTROLLED_SYNTHETIC
SME000333,Synthetic SME 000333,RM020,Mediterranean,Transportation,SMALL,LIMITED,2019-05-28,86,54456764.940000,26,False,False,63.320000,True,VIDEO_MEETING,CONTROLLED_SYNTHETIC
SME000334,Synthetic SME 000334,RM002,Marmara,Hospitality,MEDIUM,LIMITED,2024-07-28,24,185433253.540000,136,True,False,59.110000,True,RM_CALL,CONTROLLED_SYNTHETIC
SME000335,Synthetic SME 000335,RM016,Mediterranean,Agriculture,MEDIUM,LIMITED,2025-07-04,13,125254673.390000,63,True,False,24.850000,True,VIDEO_MEETING,CONTROLLED_SYNTHETIC
SME000336,Synthetic SME 000336,RM021,Marmara,Manufacturing,MICRO,SOLE_PROPRIETOR,2020-01-22,78,4456824.310000,6,False,True,57.370000,True,RM_CALL,CONTROLLED_SYNTHETIC
SME000337,Synthetic SME 000337,RM032,Aegean,Retail Trade,SMALL,JOINT_STOCK,2018-12-31,91,27651274.120000,15,False,False,49.500000,True,VIDEO_MEETING,CONTROLLED_SYNTHETIC
SME000338,Synthetic SME 000338,RM007,Central Anatolia,Healthcare,MICRO,LIMITED,2022-06-10,50,10065300.540000,2,True,False,47.190000,True,RM_CALL,CONTROLLED_SYNTHETIC
SME000339,Synthetic SME 000339,RM022,Central Anatolia,Professional Services,MEDIUM,LIMITED,2017-05-07,111,207064446.850000,73,False,False,62.000000,True,BRANCH,CONTROLLED_SYNTHETIC
SME000340,Synthetic SME 000340,RM013,Black Sea,Hospitality,MICRO,LIMITED,2015-10-24,129,4738098.600000,2,False,False,92.770000,True,BRANCH,CONTROLLED_SYNTHETIC
SME000341,Synthetic SME 000341,RM015,Marmara,Professional Services,MEDIUM,SOLE_PROPRIETOR,2025-07-25,12,127522083.800000,85,False,False,53.000000,True,SECURE_MESSAGE,CONTROLLED_SYNTHETIC
SME000342,Synthetic SME 000342,RM016,Mediterranean,Technology,SMALL,JOINT_STOCK,2023-07-07,37,67381255.200000,26,False,False,78.580000,True,RM_CALL,CONTROLLED_SYNTHETIC
SME000343,Synthetic SME 000343,RM026,Black Sea,Agriculture,MICRO,JOINT_STOCK,2015-07-26,132,3649600.980000,5,False,True,92.480000,True,RM_CALL,CONTROLLED_SYNTHETIC
SME000344,Synthetic SME 000344,RM038,Aegean,Wholesale Trade,SMALL,LIMITED,2016-12-18,116,23372318.970000,45,False,False,53.810000,True,RM_CALL,CONTROLLED_SYNTHETIC
SME000345,Synthetic SME 000345,RM048,Eastern,Technology,MICRO,JOINT_STOCK,2018-05-01,99,3939937.430000,8,False,False,47.490000,True,VIDEO_MEETING,CONTROLLED_SYNTHETIC
SME000346,Synthetic SME 000346,RM015,Marmara,Manufacturing,SMALL,LIMITED,2022-08-07,48,12697138.080000,28,False,False,75.090000,False,RM_CALL,CONTROLLED_SYNTHETIC
SME000347,Synthetic SME 000347,RM047,Central Anatolia,Wholesale Trade,MICRO,LIMITED,2022-05-25,50,2101781.380000,9,False,False,64.050000,True,RM_CALL,CONTROLLED_SYNTHETIC
SME000348,Synthetic SME 000348,RM033,Mediterranean,Technology,MICRO,LIMITED,2020-08-14,72,36612968.310000,4,False,True,77.240000,True,VIDEO_MEETING,CONTROLLED_SYNTHETIC
SME000349,Synthetic SME 000349,RM045,Aegean,Retail Trade,MEDIUM,LIMITED,2019-12-26,79,255933984.600000,167,False,True,65.450000,True,RM_CALL,CONTROLLED_SYNTHETIC
SME000350,Synthetic SME 000350,RM036,Marmara,Professional Services,SMALL,LIMITED,2020-10-13,70,51286716.380000,12,False,False,74.400000,True,RM_CALL,CONTROLLED_SYNTHETIC
SME000351,Synthetic SME 000351,RM039,Eastern,Transportation,MICRO,LIMITED,2024-01-26,30,5839570.890000,3,False,False,86.670000,True,RM_CALL,CONTROLLED_SYNTHETIC
SME000352,Synthetic SME 000352,RM029,Marmara,Healthcare,SMALL,LIMITED,2024-04-10,28,41734261.420000,41,False,False,52.600000,True,BRANCH,CONTROLLED_SYNTHETIC
SME000353,Synthetic SME 000353,RM033,Mediterranean,Professional Services,MICRO,SOLE_PROPRIETOR,2016-07-15,121,12556789.740000,3,False,False,69.720000,True,RM_CALL,CONTROLLED_SYNTHETIC
SME000354,Synthetic SME 000354,RM002,Marmara,Manufacturing,MICRO,LIMITED,2020-02-17,78,8412740.850000,2,False,False,70.020000,True,BRANCH,CONTROLLED_SYNTHETIC
SME000355,Synthetic SME 000355,RM045,Aegean,Hospitality,SMALL,JOINT_STOCK,2022-03-06,53,19214881.030000,10,False,False,72.580000,True,RM_CALL,CONTROLLED_SYNTHETIC
SME000356,Synthetic SME 000356,RM045,Aegean,Technology,SMALL,JOINT_STOCK,2020-03-05,77,44469253.550000,15,False,True,76.610000,True,BRANCH,CONTROLLED_SYNTHETIC
SME000357,Synthetic SME 000357,RM008,Marmara,Professional Services,SMALL,JOINT_STOCK,2021-12-23,55,24940439.840000,13,False,False,57.370000,True,VIDEO_MEETING,CONTROLLED_SYNTHETIC
SME000358,Synthetic SME 000358,RM032,Aegean,Transportation,MICRO,SOLE_PROPRIETOR,2022-12-26,43,16177536.370000,6,False,False,49.180000,True,BRANCH,CONTROLLED_SYNTHETIC
SME000359,Synthetic SME 000359,RM012,Central Anatolia,Retail Trade,SMALL,LIMITED,2023-11-04,33,19422752.340000,16,False,True,80.470000,True,VIDEO_MEETING,CONTROLLED_SYNTHETIC
SME000360,Synthetic SME 000360,RM018,Mediterranean,Retail Trade,MEDIUM,JOINT_STOCK,2022-04-06,52,52602418.870000,165,False,True,52.840000,True,RM_CALL,CONTROLLED_SYNTHETIC
SME000361,Synthetic SME 000361,RM010,Central Anatolia,Healthcare,MICRO,SOLE_PROPRIETOR,2019-07-23,84,7810949.880000,5,True,False,5.730000,True,VIDEO_MEETING,CONTROLLED_SYNTHETIC
SME000362,Synthetic SME 000362,RM035,Central Anatolia,Transportation,MICRO,LIMITED,2023-12-23,31,6508810.670000,6,False,False,27.370000,True,BRANCH,CONTROLLED_SYNTHETIC
SME000363,Synthetic SME 000363,RM038,Aegean,Wholesale Trade,MICRO,SOLE_PROPRIETOR,2015-05-13,135,2055552.380000,5,True,False,66.770000,True,BRANCH,CONTROLLED_SYNTHETIC
SME000364,Synthetic SME 000364,RM006,Aegean,Transportation,SMALL,LIMITED,2019-11-11,81,5123914.800000,36,False,False,61.000000,True,RM_CALL,CONTROLLED_SYNTHETIC
SME000365,Synthetic SME 000365,RM036,Marmara,Construction,MICRO,LIMITED,2024-08-13,24,9460521.860000,5,False,False,81.700000,True,RM_CALL,CONTROLLED_SYNTHETIC
SME000366,Synthetic SME 000366,RM006,Aegean,Construction,MICRO,LIMITED,2021-03-11,65,4400831.770000,2,False,False,57.890000,True,BRANCH,CONTROLLED_SYNTHETIC
SME000367,Synthetic SME 000367,RM011,Black Sea,Transportation,MICRO,JOINT_STOCK,2021-10-31,57,13058689.030000,2,False,True,28.510000,True,VIDEO_MEETING,CONTROLLED_SYNTHETIC
SME000368,Synthetic SME 000368,RM018,Mediterranean,Construction,MICRO,LIMITED,2021-03-22,64,19253054.640000,8,False,False,93.540000,True,RM_CALL,CONTROLLED_SYNTHETIC
SME000369,Synthetic SME 000369,RM016,Mediterranean,Agriculture,SMALL,LIMITED,2017-08-22,107,40791149.040000,29,False,True,52.710000,True,VIDEO_MEETING,CONTROLLED_SYNTHETIC
SME000370,Synthetic SME 000370,RM010,Central Anatolia,Agriculture,SMALL,SOLE_PROPRIETOR,2021-12-20,55,27500891.850000,46,False,True,51.690000,True,VIDEO_MEETING,CONTROLLED_SYNTHETIC
SME000371,Synthetic SME 000371,RM032,Aegean,Wholesale Trade,MICRO,LIMITED,2016-02-04,126,10404444.110000,4,False,False,51.460000,True,RM_CALL,CONTROLLED_SYNTHETIC
SME000372,Synthetic SME 000372,RM008,Marmara,Healthcare,MEDIUM,LIMITED,2019-03-30,88,66379625.290000,160,True,False,62.860000,True,SECURE_MESSAGE,CONTROLLED_SYNTHETIC
SME000373,Synthetic SME 000373,RM021,Marmara,Wholesale Trade,SMALL,JOINT_STOCK,2025-03-22,16,15171736.710000,22,True,False,70.000000,True,RM_CALL,CONTROLLED_SYNTHETIC
SME000374,Synthetic SME 000374,RM027,Eastern,Professional Services,SMALL,LIMITED,2022-10-22,45,24239984.450000,43,False,False,37.550000,True,RM_CALL,CONTROLLED_SYNTHETIC
SME000375,Synthetic SME 000375,RM008,Marmara,Professional Services,MICRO,LIMITED,2021-02-09,66,7237512.060000,3,True,False,34.080000,True,RM_CALL,CONTROLLED_SYNTHETIC
SME000376,Synthetic SME 000376,RM036,Marmara,Hospitality,SMALL,JOINT_STOCK,2021-11-08,57,9436738.660000,14,False,False,71.430000,True,VIDEO_MEETING,CONTROLLED_SYNTHETIC
SME000377,Synthetic SME 000377,RM030,Central Anatolia,Technology,SMALL,LIMITED,2023-03-09,41,28919666.040000,20,False,False,59.670000,True,RM_CALL,CONTROLLED_SYNTHETIC
SME000378,Synthetic SME 000378,RM016,Mediterranean,Professional Services,MEDIUM,SOLE_PROPRIETOR,2021-09-02,59,39505656.310000,156,True,False,73.750000,True,VIDEO_MEETING,CONTROLLED_SYNTHETIC
SME000379,Synthetic SME 000379,RM035,Central Anatolia,Wholesale Trade,MICRO,JOINT_STOCK,2024-02-09,30,13826505.560000,6,False,False,51.790000,True,SECURE_MESSAGE,CONTROLLED_SYNTHETIC
SME000380,Synthetic SME 000380,RM045,Aegean,Manufacturing,MICRO,LIMITED,2025-02-02,18,3493291.240000,9,True,False,62.550000,True,SECURE_MESSAGE,CONTROLLED_SYNTHETIC
SME000381,Synthetic SME 000381,RM029,Marmara,Retail Trade,MICRO,LIMITED,2016-11-19,116,4048762.700000,4,False,False,84.550000,True,SECURE_MESSAGE,CONTROLLED_SYNTHETIC
SME000382,Synthetic SME 000382,RM006,Aegean,Healthcare,MEDIUM,SOLE_PROPRIETOR,2020-03-04,77,71878801.920000,78,True,True,56.230000,True,RM_CALL,CONTROLLED_SYNTHETIC
SME000383,Synthetic SME 000383,RM019,Aegean,Retail Trade,SMALL,LIMITED,2016-01-02,127,13423263.530000,32,True,True,45.810000,True,BRANCH,CONTROLLED_SYNTHETIC
SME000384,Synthetic SME 000384,RM001,Mediterranean,Transportation,MICRO,JOINT_STOCK,2016-01-18,127,9235917.810000,6,True,True,87.650000,True,SECURE_MESSAGE,CONTROLLED_SYNTHETIC
SME000385,Synthetic SME 000385,RM009,Marmara,Construction,SMALL,LIMITED,2023-01-15,43,25166389.100000,39,False,False,4.700000,True,BRANCH,CONTROLLED_SYNTHETIC
SME000386,Synthetic SME 000386,RM022,Central Anatolia,Retail Trade,MICRO,LIMITED,2018-11-06,93,25226697.080000,4,False,False,49.730000,True,VIDEO_MEETING,CONTROLLED_SYNTHETIC
SME000387,Synthetic SME 000387,RM037,Aegean,Wholesale Trade,MICRO,LIMITED,2022-09-14,47,8253101.760000,3,False,False,52.840000,True,SECURE_MESSAGE,CONTROLLED_SYNTHETIC
SME000388,Synthetic SME 000388,RM016,Mediterranean,Hospitality,MICRO,SOLE_PROPRIETOR,2024-01-05,31,16181935.000000,3,False,False,48.070000,False,VIDEO_MEETING,CONTROLLED_SYNTHETIC
SME000389,Synthetic SME 000389,RM036,Marmara,Manufacturing,SMALL,LIMITED,2015-04-27,135,43392127.610000,41,False,False,78.630000,True,RM_CALL,CONTROLLED_SYNTHETIC
SME000390,Synthetic SME 000390,RM043,Mediterranean,Transportation,MICRO,JOINT_STOCK,2019-06-27,85,22004169.130000,6,False,False,72.440000,False,SECURE_MESSAGE,CONTROLLED_SYNTHETIC
SME000391,Synthetic SME 000391,RM045,Aegean,Technology,MICRO,LIMITED,2019-04-19,88,2985179.010000,7,False,False,72.470000,True,VIDEO_MEETING,CONTROLLED_SYNTHETIC
SME000392,Synthetic SME 000392,RM029,Marmara,Agriculture,MICRO,SOLE_PROPRIETOR,2022-08-09,48,36082445.550000,2,False,False,64.820000,True,RM_CALL,CONTROLLED_SYNTHETIC
SME000393,Synthetic SME 000393,RM007,Central Anatolia,Technology,MICRO,SOLE_PROPRIETOR,2016-02-04,126,4941334.210000,4,False,False,90.170000,True,RM_CALL,CONTROLLED_SYNTHETIC
SME000394,Synthetic SME 000394,RM004,Central Anatolia,Wholesale Trade,MICRO,LIMITED,2015-08-12,132,13217782.340000,2,False,False,43.120000,True,SECURE_MESSAGE,CONTROLLED_SYNTHETIC
SME000395,Synthetic SME 000395,RM036,Marmara,Retail Trade,MICRO,LIMITED,2019-05-21,86,8572348.220000,8,False,False,51.780000,False,RM_CALL,CONTROLLED_SYNTHETIC
SME000396,Synthetic SME 000396,RM021,Marmara,Agriculture,SMALL,LIMITED,2025-04-15,16,13232656.160000,45,False,True,68.100000,True,RM_CALL,CONTROLLED_SYNTHETIC
SME000397,Synthetic SME 000397,RM030,Central Anatolia,Construction,SMALL,JOINT_STOCK,2022-09-21,46,14635017.910000,44,False,False,49.250000,True,SECURE_MESSAGE,CONTROLLED_SYNTHETIC
SME000398,Synthetic SME 000398,RM017,Aegean,Transportation,MICRO,LIMITED,2020-12-01,68,1858928.190000,6,False,True,79.130000,True,RM_CALL,CONTROLLED_SYNTHETIC
SME000399,Synthetic SME 000399,RM047,Central Anatolia,Retail Trade,MEDIUM,LIMITED,2016-07-17,121,162532811.640000,55,False,False,79.980000,True,RM_CALL,CONTROLLED_SYNTHETIC
SME000400,Synthetic SME 000400,RM035,Central Anatolia,Healthcare,MICRO,LIMITED,2022-01-11,55,16362367.140000,4,True,False,43.920000,True,BRANCH,CONTROLLED_SYNTHETIC
SME000401,Synthetic SME 000401,RM047,Central Anatolia,Agriculture,SMALL,SOLE_PROPRIETOR,2017-01-18,115,18868440.120000,34,False,False,67.250000,True,RM_CALL,CONTROLLED_SYNTHETIC
SME000402,Synthetic SME 000402,RM025,Black Sea,Professional Services,SMALL,LIMITED,2022-10-13,46,85485335.060000,37,False,False,37.870000,True,SECURE_MESSAGE,CONTROLLED_SYNTHETIC
SME000403,Synthetic SME 000403,RM008,Marmara,Transportation,SMALL,JOINT_STOCK,2025-11-07,9,39791830.970000,47,False,False,58.230000,True,SECURE_MESSAGE,CONTROLLED_SYNTHETIC
SME000404,Synthetic SME 000404,RM007,Central Anatolia,Wholesale Trade,SMALL,LIMITED,2015-12-31,127,21779481.550000,29,False,False,91.570000,True,BRANCH,CONTROLLED_SYNTHETIC
SME000405,Synthetic SME 000405,RM030,Central Anatolia,Retail Trade,SMALL,JOINT_STOCK,2016-12-21,115,24915366.130000,44,False,False,41.580000,True,SECURE_MESSAGE,CONTROLLED_SYNTHETIC
SME000406,Synthetic SME 000406,RM031,Black Sea,Retail Trade,SMALL,LIMITED,2018-05-07,99,30059190.950000,48,False,True,48.660000,False,VIDEO_MEETING,CONTROLLED_SYNTHETIC
SME000407,Synthetic SME 000407,RM029,Marmara,Manufacturing,SMALL,JOINT_STOCK,2021-01-23,66,25129023.720000,35,True,False,64.190000,False,BRANCH,CONTROLLED_SYNTHETIC
SME000408,Synthetic SME 000408,RM047,Central Anatolia,Transportation,SMALL,JOINT_STOCK,2024-06-24,25,31217787.560000,42,False,False,50.830000,True,RM_CALL,CONTROLLED_SYNTHETIC
SME000409,Synthetic SME 000409,RM008,Marmara,Technology,MICRO,LIMITED,2015-09-16,131,5784223.160000,7,False,False,78.310000,True,BRANCH,CONTROLLED_SYNTHETIC
SME000410,Synthetic SME 000410,RM009,Marmara,Hospitality,SMALL,LIMITED,2021-07-28,60,62061777.260000,21,False,False,70.610000,True,BRANCH,CONTROLLED_SYNTHETIC
SME000411,Synthetic SME 000411,RM043,Mediterranean,Technology,MICRO,LIMITED,2015-07-28,132,11682843.570000,8,False,True,84.030000,True,SECURE_MESSAGE,CONTROLLED_SYNTHETIC
SME000412,Synthetic SME 000412,RM047,Central Anatolia,Hospitality,MICRO,LIMITED,2024-10-22,21,9476389.010000,8,False,False,81.900000,True,RM_CALL,CONTROLLED_SYNTHETIC
SME000413,Synthetic SME 000413,RM004,Central Anatolia,Technology,MICRO,JOINT_STOCK,2025-08-17,12,10862963.080000,4,False,False,61.250000,True,BRANCH,CONTROLLED_SYNTHETIC
SME000414,Synthetic SME 000414,RM006,Aegean,Technology,MICRO,JOINT_STOCK,2019-12-25,79,11163393.340000,5,True,False,21.040000,True,VIDEO_MEETING,CONTROLLED_SYNTHETIC
SME000415,Synthetic SME 000415,RM032,Aegean,Technology,MICRO,JOINT_STOCK,2018-05-03,99,7481378.130000,7,False,True,64.710000,True,RM_CALL,CONTROLLED_SYNTHETIC
SME000416,Synthetic SME 000416,RM030,Central Anatolia,Technology,SMALL,JOINT_STOCK,2018-01-14,103,77161041.510000,19,True,False,85.500000,True,RM_CALL,CONTROLLED_SYNTHETIC
SME000417,Synthetic SME 000417,RM040,Black Sea,Wholesale Trade,MICRO,SOLE_PROPRIETOR,2020-08-11,72,13945600.340000,4,False,False,42.580000,True,BRANCH,CONTROLLED_SYNTHETIC
SME000418,Synthetic SME 000418,RM037,Aegean,Retail Trade,SMALL,SOLE_PROPRIETOR,2018-12-06,92,32632182.890000,37,False,False,37.440000,True,VIDEO_MEETING,CONTROLLED_SYNTHETIC
SME000419,Synthetic SME 000419,RM033,Mediterranean,Transportation,MICRO,LIMITED,2021-09-07,59,3436544.700000,5,False,False,79.520000,True,VIDEO_MEETING,CONTROLLED_SYNTHETIC
SME000420,Synthetic SME 000420,RM021,Marmara,Retail Trade,SMALL,SOLE_PROPRIETOR,2022-09-12,47,26334386.960000,12,True,False,38.150000,True,RM_CALL,CONTROLLED_SYNTHETIC
SME000421,Synthetic SME 000421,RM024,Eastern,Manufacturing,MICRO,LIMITED,2019-06-10,86,13386671.920000,2,False,False,39.300000,True,RM_CALL,CONTROLLED_SYNTHETIC
SME000422,Synthetic SME 000422,RM022,Central Anatolia,Wholesale Trade,MICRO,LIMITED,2024-09-13,23,8710940.560000,2,False,False,35.210000,True,SECURE_MESSAGE,CONTROLLED_SYNTHETIC
SME000423,Synthetic SME 000423,RM005,Eastern,Healthcare,MICRO,LIMITED,2018-05-20,99,8178836.480000,9,False,True,60.350000,True,SECURE_MESSAGE,CONTROLLED_SYNTHETIC
SME000424,Synthetic SME 000424,RM032,Aegean,Professional Services,MEDIUM,JOINT_STOCK,2024-11-12,21,163842374.400000,215,False,True,63.910000,True,RM_CALL,CONTROLLED_SYNTHETIC
SME000425,Synthetic SME 000425,RM003,Black Sea,Healthcare,MICRO,JOINT_STOCK,2022-02-13,54,8157456.540000,6,False,False,98.190000,True,RM_CALL,CONTROLLED_SYNTHETIC
SME000426,Synthetic SME 000426,RM029,Marmara,Wholesale Trade,MEDIUM,LIMITED,2021-01-30,66,80817856.960000,141,False,False,67.910000,True,VIDEO_MEETING,CONTROLLED_SYNTHETIC
SME000427,Synthetic SME 000427,RM029,Marmara,Construction,MICRO,LIMITED,2025-04-16,16,5672733.130000,9,True,False,61.570000,True,SECURE_MESSAGE,CONTROLLED_SYNTHETIC
SME000428,Synthetic SME 000428,RM002,Marmara,Retail Trade,MICRO,LIMITED,2015-07-03,133,9794850.360000,6,True,True,80.580000,True,SECURE_MESSAGE,CONTROLLED_SYNTHETIC
SME000429,Synthetic SME 000429,RM008,Marmara,Manufacturing,MICRO,LIMITED,2023-06-26,37,24903651.100000,4,False,False,44.470000,True,RM_CALL,CONTROLLED_SYNTHETIC
SME000430,Synthetic SME 000430,RM026,Black Sea,Construction,MICRO,LIMITED,2016-08-09,120,9872019.700000,7,False,True,86.290000,True,BRANCH,CONTROLLED_SYNTHETIC
SME000431,Synthetic SME 000431,RM029,Marmara,Manufacturing,MICRO,LIMITED,2022-09-13,47,5846449.800000,2,False,False,57.790000,True,RM_CALL,CONTROLLED_SYNTHETIC
SME000432,Synthetic SME 000432,RM026,Black Sea,Retail Trade,SMALL,LIMITED,2022-11-03,45,38328521.070000,37,False,False,92.140000,True,BRANCH,CONTROLLED_SYNTHETIC
SME000433,Synthetic SME 000433,RM020,Mediterranean,Manufacturing,SMALL,JOINT_STOCK,2018-11-07,93,36259819.570000,40,False,False,37.510000,True,BRANCH,CONTROLLED_SYNTHETIC
SME000434,Synthetic SME 000434,RM014,Eastern,Retail Trade,SMALL,LIMITED,2017-08-05,108,36152606.530000,40,False,False,50.770000,True,VIDEO_MEETING,CONTROLLED_SYNTHETIC
SME000435,Synthetic SME 000435,RM035,Central Anatolia,Retail Trade,MICRO,SOLE_PROPRIETOR,2020-11-19,68,5525715.820000,2,False,False,44.910000,False,SECURE_MESSAGE,CONTROLLED_SYNTHETIC
SME000436,Synthetic SME 000436,RM010,Central Anatolia,Hospitality,SMALL,JOINT_STOCK,2017-02-03,114,18462550.730000,31,False,True,57.720000,True,VIDEO_MEETING,CONTROLLED_SYNTHETIC
SME000437,Synthetic SME 000437,RM010,Central Anatolia,Agriculture,SMALL,LIMITED,2022-07-06,49,70487684.620000,25,False,False,46.050000,True,RM_CALL,CONTROLLED_SYNTHETIC
SME000438,Synthetic SME 000438,RM008,Marmara,Construction,MICRO,LIMITED,2016-12-15,116,13834336.090000,3,False,False,51.450000,True,SECURE_MESSAGE,CONTROLLED_SYNTHETIC
SME000439,Synthetic SME 000439,RM024,Eastern,Manufacturing,MICRO,LIMITED,2020-10-01,70,13762182.030000,8,False,False,71.100000,True,BRANCH,CONTROLLED_SYNTHETIC
SME000440,Synthetic SME 000440,RM013,Black Sea,Retail Trade,SMALL,LIMITED,2025-07-20,13,33840709.930000,12,False,True,76.520000,True,VIDEO_MEETING,CONTROLLED_SYNTHETIC
SME000441,Synthetic SME 000441,RM006,Aegean,Retail Trade,MICRO,SOLE_PROPRIETOR,2021-06-15,62,9160467.880000,9,True,False,73.650000,True,BRANCH,CONTROLLED_SYNTHETIC
SME000442,Synthetic SME 000442,RM040,Black Sea,Technology,SMALL,LIMITED,2017-08-26,107,37688286.210000,17,False,False,71.590000,True,RM_CALL,CONTROLLED_SYNTHETIC
SME000443,Synthetic SME 000443,RM020,Mediterranean,Wholesale Trade,MICRO,LIMITED,2025-03-30,16,6245556.870000,7,False,False,35.150000,True,VIDEO_MEETING,CONTROLLED_SYNTHETIC
SME000444,Synthetic SME 000444,RM011,Black Sea,Healthcare,SMALL,LIMITED,2025-09-09,11,13299266.790000,44,True,False,87.150000,True,SECURE_MESSAGE,CONTROLLED_SYNTHETIC
SME000445,Synthetic SME 000445,RM036,Marmara,Construction,SMALL,LIMITED,2025-05-24,14,41547594.040000,22,False,False,35.620000,True,BRANCH,CONTROLLED_SYNTHETIC
SME000446,Synthetic SME 000446,RM006,Aegean,Retail Trade,SMALL,LIMITED,2017-04-12,112,72095890.600000,48,False,True,65.520000,True,RM_CALL,CONTROLLED_SYNTHETIC
SME000447,Synthetic SME 000447,RM012,Central Anatolia,Technology,MICRO,LIMITED,2023-05-15,39,7260097.450000,7,False,True,70.880000,True,RM_CALL,CONTROLLED_SYNTHETIC
SME000448,Synthetic SME 000448,RM007,Central Anatolia,Healthcare,SMALL,LIMITED,2020-02-06,78,47019157.970000,36,False,False,61.190000,True,RM_CALL,CONTROLLED_SYNTHETIC
SME000449,Synthetic SME 000449,RM023,Black Sea,Wholesale Trade,MICRO,LIMITED,2020-07-02,73,15579976.740000,5,False,False,43.300000,True,RM_CALL,CONTROLLED_SYNTHETIC
SME000450,Synthetic SME 000450,RM047,Central Anatolia,Wholesale Trade,SMALL,LIMITED,2024-05-03,27,76185185.880000,30,False,False,34.240000,True,VIDEO_MEETING,CONTROLLED_SYNTHETIC
SME000451,Synthetic SME 000451,RM036,Marmara,Transportation,SMALL,LIMITED,2025-01-02,19,6879295.330000,31,True,False,81.280000,True,RM_CALL,CONTROLLED_SYNTHETIC
SME000452,Synthetic SME 000452,RM018,Mediterranean,Transportation,MICRO,LIMITED,2017-10-18,106,6415632.070000,9,False,False,58.440000,True,RM_CALL,CONTROLLED_SYNTHETIC
SME000453,Synthetic SME 000453,RM032,Aegean,Manufacturing,MICRO,LIMITED,2020-03-20,77,4083323.530000,7,False,False,77.110000,True,RM_CALL,CONTROLLED_SYNTHETIC
SME000454,Synthetic SME 000454,RM004,Central Anatolia,Construction,SMALL,LIMITED,2024-10-19,22,44809227.360000,19,False,False,63.240000,True,BRANCH,CONTROLLED_SYNTHETIC
SME000455,Synthetic SME 000455,RM013,Black Sea,Technology,MEDIUM,JOINT_STOCK,2021-12-26,55,132854334.900000,109,False,False,44.160000,True,RM_CALL,CONTROLLED_SYNTHETIC
SME000456,Synthetic SME 000456,RM040,Black Sea,Wholesale Trade,MICRO,LIMITED,2024-04-22,27,7042022.400000,9,False,False,58.760000,True,RM_CALL,CONTROLLED_SYNTHETIC
SME000457,Synthetic SME 000457,RM028,Eastern,Professional Services,MICRO,LIMITED,2017-02-05,114,4638269.030000,6,True,False,78.080000,True,RM_CALL,CONTROLLED_SYNTHETIC
SME000458,Synthetic SME 000458,RM030,Central Anatolia,Retail Trade,MICRO,JOINT_STOCK,2026-02-10,6,5841070.620000,9,False,False,51.030000,True,BRANCH,CONTROLLED_SYNTHETIC
SME000459,Synthetic SME 000459,RM023,Black Sea,Manufacturing,SMALL,LIMITED,2020-05-20,75,41905974.090000,10,False,False,71.500000,True,RM_CALL,CONTROLLED_SYNTHETIC
SME000460,Synthetic SME 000460,RM002,Marmara,Transportation,SMALL,JOINT_STOCK,2018-03-25,100,7826921.040000,36,False,False,59.080000,False,VIDEO_MEETING,CONTROLLED_SYNTHETIC
SME000461,Synthetic SME 000461,RM010,Central Anatolia,Professional Services,SMALL,LIMITED,2023-03-13,41,30316417.430000,32,False,False,67.440000,True,SECURE_MESSAGE,CONTROLLED_SYNTHETIC
SME000462,Synthetic SME 000462,RM033,Mediterranean,Construction,MICRO,JOINT_STOCK,2017-12-16,104,24602834.650000,9,False,False,52.950000,True,RM_CALL,CONTROLLED_SYNTHETIC
SME000463,Synthetic SME 000463,RM025,Black Sea,Technology,SMALL,LIMITED,2016-10-11,118,59631917.790000,37,False,False,67.340000,True,RM_CALL,CONTROLLED_SYNTHETIC
SME000464,Synthetic SME 000464,RM029,Marmara,Hospitality,MEDIUM,JOINT_STOCK,2025-05-05,15,463186718.430000,206,True,True,57.160000,True,RM_CALL,CONTROLLED_SYNTHETIC
SME000465,Synthetic SME 000465,RM033,Mediterranean,Construction,SMALL,LIMITED,2024-04-14,28,19609090.110000,46,False,False,53.170000,True,SECURE_MESSAGE,CONTROLLED_SYNTHETIC
SME000466,Synthetic SME 000466,RM007,Central Anatolia,Professional Services,SMALL,LIMITED,2018-09-03,95,67547004.100000,14,False,False,42.140000,True,RM_CALL,CONTROLLED_SYNTHETIC
SME000467,Synthetic SME 000467,RM019,Aegean,Agriculture,MICRO,LIMITED,2017-03-11,113,14092917.740000,5,False,False,36.640000,True,BRANCH,CONTROLLED_SYNTHETIC
SME000468,Synthetic SME 000468,RM016,Mediterranean,Agriculture,MICRO,LIMITED,2018-01-06,103,7410619.110000,7,False,False,40.940000,True,BRANCH,CONTROLLED_SYNTHETIC
SME000469,Synthetic SME 000469,RM041,Marmara,Healthcare,MICRO,LIMITED,2020-08-15,72,22233264.100000,7,True,False,37.670000,True,RM_CALL,CONTROLLED_SYNTHETIC
SME000470,Synthetic SME 000470,RM002,Marmara,Professional Services,MICRO,LIMITED,2015-08-21,131,7426753.260000,4,False,False,26.900000,True,BRANCH,CONTROLLED_SYNTHETIC
SME000471,Synthetic SME 000471,RM008,Marmara,Manufacturing,MICRO,LIMITED,2021-01-12,67,7015246.400000,9,True,False,79.920000,True,RM_CALL,CONTROLLED_SYNTHETIC
SME000472,Synthetic SME 000472,RM015,Marmara,Hospitality,MICRO,LIMITED,2020-04-18,76,32802326.970000,5,False,False,61.830000,True,RM_CALL,CONTROLLED_SYNTHETIC
SME000473,Synthetic SME 000473,RM048,Eastern,Construction,MICRO,LIMITED,2020-01-25,78,17819471.960000,6,False,False,82.900000,True,RM_CALL,CONTROLLED_SYNTHETIC
SME000474,Synthetic SME 000474,RM015,Marmara,Agriculture,MEDIUM,LIMITED,2020-04-28,75,104072719.960000,106,False,True,49.280000,True,RM_CALL,CONTROLLED_SYNTHETIC
SME000475,Synthetic SME 000475,RM028,Eastern,Wholesale Trade,MICRO,LIMITED,2024-06-28,25,12215868.420000,9,False,False,33.970000,True,VIDEO_MEETING,CONTROLLED_SYNTHETIC
SME000476,Synthetic SME 000476,RM009,Marmara,Technology,MICRO,SOLE_PROPRIETOR,2019-04-14,88,7098544.260000,4,False,False,84.370000,True,VIDEO_MEETING,CONTROLLED_SYNTHETIC
SME000477,Synthetic SME 000477,RM006,Aegean,Professional Services,SMALL,JOINT_STOCK,2024-09-13,23,19565534.550000,49,False,False,83.180000,True,RM_CALL,CONTROLLED_SYNTHETIC
SME000478,Synthetic SME 000478,RM016,Mediterranean,Wholesale Trade,SMALL,SOLE_PROPRIETOR,2020-03-21,76,11389040.720000,14,True,False,42.130000,True,VIDEO_MEETING,CONTROLLED_SYNTHETIC
SME000479,Synthetic SME 000479,RM007,Central Anatolia,Agriculture,SMALL,LIMITED,2023-02-08,42,119992690.490000,19,False,False,76.690000,False,VIDEO_MEETING,CONTROLLED_SYNTHETIC
SME000480,Synthetic SME 000480,RM035,Central Anatolia,Retail Trade,MICRO,LIMITED,2018-08-10,96,12874410.880000,6,False,False,93.870000,True,RM_CALL,CONTROLLED_SYNTHETIC
SME000481,Synthetic SME 000481,RM009,Marmara,Manufacturing,SMALL,SOLE_PROPRIETOR,2023-10-07,34,18885704.900000,19,False,False,64.180000,True,RM_CALL,CONTROLLED_SYNTHETIC
SME000482,Synthetic SME 000482,RM035,Central Anatolia,Transportation,MICRO,SOLE_PROPRIETOR,2018-12-29,91,10846366.390000,5,True,False,96.900000,True,BRANCH,CONTROLLED_SYNTHETIC
SME000483,Synthetic SME 000483,RM022,Central Anatolia,Manufacturing,MICRO,LIMITED,2018-05-15,99,9966350.020000,9,False,False,19.540000,True,RM_CALL,CONTROLLED_SYNTHETIC
SME000484,Synthetic SME 000484,RM004,Central Anatolia,Hospitality,MICRO,JOINT_STOCK,2020-01-05,79,7383097.600000,3,False,True,64.880000,True,RM_CALL,CONTROLLED_SYNTHETIC
SME000485,Synthetic SME 000485,RM034,Aegean,Hospitality,MICRO,LIMITED,2018-05-26,98,14221987.510000,5,False,True,95.840000,True,RM_CALL,CONTROLLED_SYNTHETIC
SME000486,Synthetic SME 000486,RM042,Mediterranean,Agriculture,MEDIUM,SOLE_PROPRIETOR,2025-03-25,16,207060123.230000,224,False,True,70.670000,True,VIDEO_MEETING,CONTROLLED_SYNTHETIC
SME000487,Synthetic SME 000487,RM016,Mediterranean,Hospitality,SMALL,SOLE_PROPRIETOR,2019-01-02,91,68376734.870000,14,False,True,94.380000,True,RM_CALL,CONTROLLED_SYNTHETIC
SME000488,Synthetic SME 000488,RM011,Black Sea,Agriculture,MICRO,LIMITED,2023-12-14,32,2989223.540000,8,True,False,44.430000,True,SECURE_MESSAGE,CONTROLLED_SYNTHETIC
SME000489,Synthetic SME 000489,RM009,Marmara,Manufacturing,MICRO,SOLE_PROPRIETOR,2020-09-22,70,4872381.140000,8,True,False,65.460000,True,BRANCH,CONTROLLED_SYNTHETIC
SME000490,Synthetic SME 000490,RM035,Central Anatolia,Healthcare,SMALL,LIMITED,2017-12-21,103,65771381.980000,17,False,False,72.650000,True,RM_CALL,CONTROLLED_SYNTHETIC
SME000491,Synthetic SME 000491,RM010,Central Anatolia,Hospitality,SMALL,LIMITED,2015-04-07,136,32862227.970000,24,False,False,45.330000,True,RM_CALL,CONTROLLED_SYNTHETIC
SME000492,Synthetic SME 000492,RM006,Aegean,Construction,MICRO,LIMITED,2018-03-06,101,1918040.370000,4,False,False,55.650000,True,RM_CALL,CONTROLLED_SYNTHETIC
SME000493,Synthetic SME 000493,RM037,Aegean,Professional Services,MICRO,LIMITED,2023-02-22,41,9379291.740000,9,False,False,76.010000,True,BRANCH,CONTROLLED_SYNTHETIC
SME000494,Synthetic SME 000494,RM028,Eastern,Manufacturing,SMALL,SOLE_PROPRIETOR,2018-03-07,101,35994771.630000,34,False,False,66.060000,True,VIDEO_MEETING,CONTROLLED_SYNTHETIC
SME000495,Synthetic SME 000495,RM036,Marmara,Manufacturing,SMALL,LIMITED,2025-11-06,9,39346039.990000,26,True,False,47.000000,True,RM_CALL,CONTROLLED_SYNTHETIC
SME000496,Synthetic SME 000496,RM036,Marmara,Wholesale Trade,MEDIUM,JOINT_STOCK,2022-01-27,54,240678059.170000,124,False,True,69.160000,True,RM_CALL,CONTROLLED_SYNTHETIC
SME000497,Synthetic SME 000497,RM025,Black Sea,Professional Services,SMALL,LIMITED,2016-04-11,124,52202352.570000,39,False,False,59.440000,True,SECURE_MESSAGE,CONTROLLED_SYNTHETIC
SME000498,Synthetic SME 000498,RM012,Central Anatolia,Construction,MICRO,SOLE_PROPRIETOR,2015-11-23,128,5873687.230000,2,True,False,62.720000,True,BRANCH,CONTROLLED_SYNTHETIC
SME000499,Synthetic SME 000499,RM003,Black Sea,Wholesale Trade,SMALL,LIMITED,2025-04-19,16,21302706.920000,16,False,True,82.940000,True,SECURE_MESSAGE,CONTROLLED_SYNTHETIC
SME000500,Synthetic SME 000500,RM015,Marmara,Transportation,SMALL,LIMITED,2022-05-12,51,41887730.420000,28,False,False,31.380000,True,VIDEO_MEETING,CONTROLLED_SYNTHETIC
SME000501,Synthetic SME 000501,RM021,Marmara,Retail Trade,MICRO,LIMITED,2015-02-26,137,16132147.160000,9,False,False,32.920000,True,VIDEO_MEETING,CONTROLLED_SYNTHETIC
SME000502,Synthetic SME 000502,RM041,Marmara,Healthcare,MICRO,LIMITED,2024-12-20,19,8445860.560000,6,True,False,64.460000,True,RM_CALL,CONTROLLED_SYNTHETIC
SME000503,Synthetic SME 000503,RM019,Aegean,Transportation,SMALL,LIMITED,2021-09-22,58,33125130.420000,36,False,False,25.460000,True,RM_CALL,CONTROLLED_SYNTHETIC
SME000504,Synthetic SME 000504,RM007,Central Anatolia,Agriculture,MEDIUM,SOLE_PROPRIETOR,2024-05-02,27,119263340.760000,50,False,False,64.670000,True,RM_CALL,CONTROLLED_SYNTHETIC
SME000505,Synthetic SME 000505,RM002,Marmara,Wholesale Trade,SMALL,LIMITED,2024-03-02,29,28526197.940000,46,True,False,57.810000,True,RM_CALL,CONTROLLED_SYNTHETIC
SME000506,Synthetic SME 000506,RM024,Eastern,Hospitality,MEDIUM,LIMITED,2020-12-14,68,45271452.180000,237,False,False,62.830000,True,RM_CALL,CONTROLLED_SYNTHETIC
SME000507,Synthetic SME 000507,RM043,Mediterranean,Construction,MEDIUM,LIMITED,2016-10-11,118,59611260.240000,103,True,True,69.920000,True,RM_CALL,CONTROLLED_SYNTHETIC
SME000508,Synthetic SME 000508,RM014,Eastern,Technology,MEDIUM,LIMITED,2018-03-04,101,123806090.050000,246,True,False,80.740000,True,BRANCH,CONTROLLED_SYNTHETIC
SME000509,Synthetic SME 000509,RM015,Marmara,Healthcare,MICRO,LIMITED,2023-05-31,38,7159151.770000,3,True,False,95.190000,True,VIDEO_MEETING,CONTROLLED_SYNTHETIC
SME000510,Synthetic SME 000510,RM031,Black Sea,Construction,MICRO,SOLE_PROPRIETOR,2024-05-23,26,5336224.200000,6,False,False,26.780000,True,RM_CALL,CONTROLLED_SYNTHETIC
SME000511,Synthetic SME 000511,RM010,Central Anatolia,Hospitality,MICRO,JOINT_STOCK,2023-09-15,35,1853562.790000,5,True,True,74.700000,True,RM_CALL,CONTROLLED_SYNTHETIC
SME000512,Synthetic SME 000512,RM024,Eastern,Wholesale Trade,MICRO,LIMITED,2021-06-08,62,14016983.070000,5,False,False,68.000000,True,SECURE_MESSAGE,CONTROLLED_SYNTHETIC
SME000513,Synthetic SME 000513,RM002,Marmara,Healthcare,SMALL,LIMITED,2017-01-08,115,36300266.530000,19,False,False,4.020000,True,BRANCH,CONTROLLED_SYNTHETIC
SME000514,Synthetic SME 000514,RM009,Marmara,Construction,MICRO,SOLE_PROPRIETOR,2016-06-26,121,4789248.580000,4,False,False,52.620000,True,SECURE_MESSAGE,CONTROLLED_SYNTHETIC
SME000515,Synthetic SME 000515,RM016,Mediterranean,Professional Services,MICRO,SOLE_PROPRIETOR,2017-07-25,108,9323687.500000,7,True,False,40.120000,False,SECURE_MESSAGE,CONTROLLED_SYNTHETIC
SME000516,Synthetic SME 000516,RM040,Black Sea,Technology,SMALL,SOLE_PROPRIETOR,2026-02-07,6,35785527.860000,16,True,False,57.890000,True,RM_CALL,CONTROLLED_SYNTHETIC
SME000517,Synthetic SME 000517,RM009,Marmara,Healthcare,MICRO,LIMITED,2020-01-26,78,10517475.550000,5,False,False,75.760000,True,VIDEO_MEETING,CONTROLLED_SYNTHETIC
SME000518,Synthetic SME 000518,RM027,Eastern,Construction,SMALL,LIMITED,2019-11-13,81,18728656.530000,27,False,False,83.680000,True,RM_CALL,CONTROLLED_SYNTHETIC
SME000519,Synthetic SME 000519,RM045,Aegean,Wholesale Trade,MICRO,JOINT_STOCK,2021-10-03,58,4425235.870000,3,False,False,65.190000,True,VIDEO_MEETING,CONTROLLED_SYNTHETIC
SME000520,Synthetic SME 000520,RM029,Marmara,Retail Trade,SMALL,JOINT_STOCK,2017-08-15,108,12302983.620000,16,True,False,85.080000,True,RM_CALL,CONTROLLED_SYNTHETIC
SME000521,Synthetic SME 000521,RM011,Black Sea,Healthcare,SMALL,JOINT_STOCK,2024-10-31,21,42106283.510000,21,False,False,45.530000,True,VIDEO_MEETING,CONTROLLED_SYNTHETIC
SME000522,Synthetic SME 000522,RM003,Black Sea,Retail Trade,MICRO,LIMITED,2020-06-01,74,6861955.340000,5,False,True,64.740000,False,RM_CALL,CONTROLLED_SYNTHETIC
SME000523,Synthetic SME 000523,RM003,Black Sea,Healthcare,SMALL,JOINT_STOCK,2021-09-06,59,38804995.170000,45,False,False,26.510000,True,VIDEO_MEETING,CONTROLLED_SYNTHETIC
SME000524,Synthetic SME 000524,RM030,Central Anatolia,Technology,SMALL,LIMITED,2019-03-09,89,45727020.600000,29,False,True,45.940000,True,VIDEO_MEETING,CONTROLLED_SYNTHETIC
SME000525,Synthetic SME 000525,RM002,Marmara,Manufacturing,MICRO,LIMITED,2020-01-07,79,7063006.650000,3,False,False,34.000000,True,VIDEO_MEETING,CONTROLLED_SYNTHETIC
SME000526,Synthetic SME 000526,RM002,Marmara,Transportation,SMALL,LIMITED,2024-04-29,27,78694099.030000,36,False,False,86.120000,True,SECURE_MESSAGE,CONTROLLED_SYNTHETIC
SME000527,Synthetic SME 000527,RM010,Central Anatolia,Manufacturing,SMALL,JOINT_STOCK,2015-04-29,135,30065884.020000,24,False,False,79.790000,True,VIDEO_MEETING,CONTROLLED_SYNTHETIC
SME000528,Synthetic SME 000528,RM017,Aegean,Construction,MICRO,SOLE_PROPRIETOR,2015-03-10,137,6154390.070000,9,False,True,32.510000,True,BRANCH,CONTROLLED_SYNTHETIC
SME000529,Synthetic SME 000529,RM001,Mediterranean,Transportation,MICRO,SOLE_PROPRIETOR,2017-05-04,111,5395297.070000,6,False,True,65.080000,True,SECURE_MESSAGE,CONTROLLED_SYNTHETIC
SME000530,Synthetic SME 000530,RM003,Black Sea,Professional Services,MICRO,JOINT_STOCK,2022-06-14,50,10745583.990000,6,False,False,26.190000,False,RM_CALL,CONTROLLED_SYNTHETIC
SME000531,Synthetic SME 000531,RM013,Black Sea,Manufacturing,MICRO,LIMITED,2023-01-09,43,9585420.690000,5,False,True,67.490000,True,RM_CALL,CONTROLLED_SYNTHETIC
SME000532,Synthetic SME 000532,RM036,Marmara,Wholesale Trade,MICRO,LIMITED,2020-07-10,73,19887585.760000,6,False,False,55.250000,True,RM_CALL,CONTROLLED_SYNTHETIC
SME000533,Synthetic SME 000533,RM038,Aegean,Hospitality,MICRO,SOLE_PROPRIETOR,2021-04-18,64,5141170.430000,8,False,False,84.120000,True,BRANCH,CONTROLLED_SYNTHETIC
SME000534,Synthetic SME 000534,RM002,Marmara,Wholesale Trade,MICRO,SOLE_PROPRIETOR,2024-09-17,23,5757267.100000,7,False,False,80.800000,True,VIDEO_MEETING,CONTROLLED_SYNTHETIC
SME000535,Synthetic SME 000535,RM009,Marmara,Healthcare,SMALL,LIMITED,2017-04-09,112,24338154.110000,49,False,True,66.770000,True,RM_CALL,CONTROLLED_SYNTHETIC
SME000536,Synthetic SME 000536,RM004,Central Anatolia,Healthcare,MICRO,LIMITED,2016-08-12,120,4409349.940000,3,False,False,66.560000,True,RM_CALL,CONTROLLED_SYNTHETIC
SME000537,Synthetic SME 000537,RM001,Mediterranean,Manufacturing,MICRO,JOINT_STOCK,2016-11-23,116,15738329.320000,7,False,False,63.350000,True,RM_CALL,CONTROLLED_SYNTHETIC
SME000538,Synthetic SME 000538,RM024,Eastern,Agriculture,MICRO,JOINT_STOCK,2022-01-31,54,8595352.630000,5,True,True,72.690000,True,RM_CALL,CONTROLLED_SYNTHETIC
SME000539,Synthetic SME 000539,RM012,Central Anatolia,Construction,MICRO,LIMITED,2021-08-21,59,14347525.790000,4,False,False,13.080000,True,RM_CALL,CONTROLLED_SYNTHETIC
SME000540,Synthetic SME 000540,RM015,Marmara,Hospitality,MICRO,LIMITED,2023-01-23,42,15017152.050000,2,True,True,91.280000,True,BRANCH,CONTROLLED_SYNTHETIC
SME000541,Synthetic SME 000541,RM015,Marmara,Hospitality,SMALL,LIMITED,2023-09-24,34,40555256.290000,45,True,True,76.590000,True,RM_CALL,CONTROLLED_SYNTHETIC
SME000542,Synthetic SME 000542,RM010,Central Anatolia,Healthcare,MICRO,LIMITED,2024-09-01,23,11815444.080000,5,True,False,52.090000,True,VIDEO_MEETING,CONTROLLED_SYNTHETIC
SME000543,Synthetic SME 000543,RM009,Marmara,Wholesale Trade,MICRO,SOLE_PROPRIETOR,2022-02-28,53,8554458.290000,3,False,False,80.490000,True,BRANCH,CONTROLLED_SYNTHETIC
SME000544,Synthetic SME 000544,RM035,Central Anatolia,Construction,SMALL,JOINT_STOCK,2017-03-17,113,14309289.610000,45,False,False,33.160000,True,BRANCH,CONTROLLED_SYNTHETIC
SME000545,Synthetic SME 000545,RM031,Black Sea,Healthcare,SMALL,SOLE_PROPRIETOR,2022-10-24,45,18125413.560000,47,False,True,62.820000,True,BRANCH,CONTROLLED_SYNTHETIC
SME000546,Synthetic SME 000546,RM041,Marmara,Healthcare,MICRO,LIMITED,2023-10-10,34,6419066.700000,4,True,False,11.270000,True,SECURE_MESSAGE,CONTROLLED_SYNTHETIC
SME000547,Synthetic SME 000547,RM035,Central Anatolia,Agriculture,MICRO,LIMITED,2023-07-06,37,5284285.290000,9,False,False,75.460000,True,SECURE_MESSAGE,CONTROLLED_SYNTHETIC
SME000548,Synthetic SME 000548,RM028,Eastern,Wholesale Trade,SMALL,LIMITED,2015-04-27,135,25219412.150000,38,False,False,95.080000,True,RM_CALL,CONTROLLED_SYNTHETIC
SME000549,Synthetic SME 000549,RM021,Marmara,Wholesale Trade,MICRO,JOINT_STOCK,2025-05-11,15,7517453.080000,3,False,False,60.020000,True,RM_CALL,CONTROLLED_SYNTHETIC
SME000550,Synthetic SME 000550,RM042,Mediterranean,Hospitality,MICRO,SOLE_PROPRIETOR,2015-05-19,135,22868089.420000,8,False,False,69.540000,True,RM_CALL,CONTROLLED_SYNTHETIC
SME000551,Synthetic SME 000551,RM008,Marmara,Wholesale Trade,MICRO,JOINT_STOCK,2025-05-12,15,8155925.470000,4,False,False,68.740000,False,RM_CALL,CONTROLLED_SYNTHETIC
SME000552,Synthetic SME 000552,RM021,Marmara,Professional Services,SMALL,LIMITED,2019-12-29,79,36906571.840000,49,False,False,79.520000,True,RM_CALL,CONTROLLED_SYNTHETIC
SME000553,Synthetic SME 000553,RM025,Black Sea,Technology,MICRO,LIMITED,2016-03-07,125,2480559.790000,8,False,False,49.710000,True,SECURE_MESSAGE,CONTROLLED_SYNTHETIC
SME000554,Synthetic SME 000554,RM010,Central Anatolia,Technology,SMALL,LIMITED,2023-08-01,36,56681424.300000,22,False,False,42.730000,True,RM_CALL,CONTROLLED_SYNTHETIC
SME000555,Synthetic SME 000555,RM031,Black Sea,Manufacturing,MICRO,JOINT_STOCK,2020-07-09,73,8865802.920000,4,False,False,42.940000,True,VIDEO_MEETING,CONTROLLED_SYNTHETIC
SME000556,Synthetic SME 000556,RM009,Marmara,Retail Trade,MICRO,JOINT_STOCK,2026-03-24,4,6259933.770000,3,False,False,69.370000,True,VIDEO_MEETING,CONTROLLED_SYNTHETIC
SME000557,Synthetic SME 000557,RM013,Black Sea,Manufacturing,MICRO,LIMITED,2021-12-29,55,18730452.720000,4,False,False,46.200000,True,RM_CALL,CONTROLLED_SYNTHETIC
SME000558,Synthetic SME 000558,RM012,Central Anatolia,Healthcare,MEDIUM,LIMITED,2020-11-05,69,121076483.940000,118,True,True,54.160000,True,VIDEO_MEETING,CONTROLLED_SYNTHETIC
SME000559,Synthetic SME 000559,RM014,Eastern,Agriculture,SMALL,LIMITED,2023-03-13,41,20708051.030000,45,False,False,38.250000,True,BRANCH,CONTROLLED_SYNTHETIC
SME000560,Synthetic SME 000560,RM010,Central Anatolia,Construction,SMALL,SOLE_PROPRIETOR,2019-06-11,86,48668024.480000,10,True,False,50.390000,True,SECURE_MESSAGE,CONTROLLED_SYNTHETIC
SME000561,Synthetic SME 000561,RM024,Eastern,Healthcare,MICRO,LIMITED,2023-12-07,32,3052020.400000,8,True,False,51.100000,True,VIDEO_MEETING,CONTROLLED_SYNTHETIC
SME000562,Synthetic SME 000562,RM014,Eastern,Hospitality,MICRO,SOLE_PROPRIETOR,2023-07-06,37,17820906.440000,6,False,False,67.290000,True,BRANCH,CONTROLLED_SYNTHETIC
SME000563,Synthetic SME 000563,RM036,Marmara,Retail Trade,MICRO,SOLE_PROPRIETOR,2024-12-31,19,17974436.460000,5,False,False,43.740000,True,BRANCH,CONTROLLED_SYNTHETIC
SME000564,Synthetic SME 000564,RM040,Black Sea,Transportation,SMALL,LIMITED,2019-10-06,82,11197153.250000,42,False,False,85.150000,True,RM_CALL,CONTROLLED_SYNTHETIC
SME000565,Synthetic SME 000565,RM041,Marmara,Wholesale Trade,SMALL,LIMITED,2017-09-07,107,7500302.730000,31,False,True,65.800000,True,RM_CALL,CONTROLLED_SYNTHETIC
SME000566,Synthetic SME 000566,RM029,Marmara,Healthcare,MICRO,LIMITED,2024-09-11,23,9196836.460000,9,True,False,24.140000,True,RM_CALL,CONTROLLED_SYNTHETIC
SME000567,Synthetic SME 000567,RM043,Mediterranean,Technology,SMALL,SOLE_PROPRIETOR,2019-11-19,81,17976656.490000,18,False,False,78.480000,True,SECURE_MESSAGE,CONTROLLED_SYNTHETIC
SME000568,Synthetic SME 000568,RM006,Aegean,Agriculture,SMALL,SOLE_PROPRIETOR,2025-06-06,14,29692921.130000,44,False,False,51.680000,True,RM_CALL,CONTROLLED_SYNTHETIC
SME000569,Synthetic SME 000569,RM002,Marmara,Construction,SMALL,JOINT_STOCK,2020-10-22,69,32662579.700000,44,False,False,45.290000,True,SECURE_MESSAGE,CONTROLLED_SYNTHETIC
SME000570,Synthetic SME 000570,RM004,Central Anatolia,Manufacturing,MEDIUM,LIMITED,2019-04-07,88,175360962.160000,95,False,False,61.490000,True,RM_CALL,CONTROLLED_SYNTHETIC
SME000571,Synthetic SME 000571,RM006,Aegean,Professional Services,MICRO,SOLE_PROPRIETOR,2017-03-29,112,4282017.260000,2,False,False,33.420000,True,BRANCH,CONTROLLED_SYNTHETIC
SME000572,Synthetic SME 000572,RM031,Black Sea,Agriculture,MICRO,JOINT_STOCK,2016-07-29,120,9660419.000000,6,True,False,68.070000,True,RM_CALL,CONTROLLED_SYNTHETIC
SME000573,Synthetic SME 000573,RM021,Marmara,Agriculture,MICRO,LIMITED,2021-12-02,56,5586525.370000,4,True,False,89.850000,True,RM_CALL,CONTROLLED_SYNTHETIC
SME000574,Synthetic SME 000574,RM001,Mediterranean,Technology,MICRO,LIMITED,2020-10-12,70,18574662.150000,6,False,False,27.170000,True,RM_CALL,CONTROLLED_SYNTHETIC
SME000575,Synthetic SME 000575,RM010,Central Anatolia,Hospitality,SMALL,SOLE_PROPRIETOR,2023-09-14,35,120139394.810000,12,False,False,38.770000,True,BRANCH,CONTROLLED_SYNTHETIC
SME000576,Synthetic SME 000576,RM016,Mediterranean,Technology,MICRO,SOLE_PROPRIETOR,2016-06-24,121,6819959.570000,4,False,False,79.330000,True,RM_CALL,CONTROLLED_SYNTHETIC
SME000577,Synthetic SME 000577,RM035,Central Anatolia,Construction,SMALL,SOLE_PROPRIETOR,2024-03-06,29,73450404.130000,19,False,False,89.500000,True,SECURE_MESSAGE,CONTROLLED_SYNTHETIC
SME000578,Synthetic SME 000578,RM009,Marmara,Manufacturing,SMALL,JOINT_STOCK,2020-12-03,68,68799348.460000,48,True,False,57.400000,True,VIDEO_MEETING,CONTROLLED_SYNTHETIC
SME000579,Synthetic SME 000579,RM008,Marmara,Healthcare,MICRO,SOLE_PROPRIETOR,2017-07-10,109,8313587.920000,9,False,False,63.740000,True,VIDEO_MEETING,CONTROLLED_SYNTHETIC
SME000580,Synthetic SME 000580,RM038,Aegean,Manufacturing,MICRO,LIMITED,2021-01-10,67,15554579.610000,9,False,False,60.740000,True,RM_CALL,CONTROLLED_SYNTHETIC
SME000581,Synthetic SME 000581,RM041,Marmara,Transportation,MICRO,LIMITED,2025-10-19,10,5680422.110000,5,False,True,27.570000,True,RM_CALL,CONTROLLED_SYNTHETIC
SME000582,Synthetic SME 000582,RM018,Mediterranean,Healthcare,MICRO,LIMITED,2023-12-11,32,7821721.180000,7,False,False,34.820000,True,SECURE_MESSAGE,CONTROLLED_SYNTHETIC
SME000583,Synthetic SME 000583,RM041,Marmara,Technology,MICRO,LIMITED,2022-08-18,48,2970770.000000,6,False,False,66.990000,True,VIDEO_MEETING,CONTROLLED_SYNTHETIC
SME000584,Synthetic SME 000584,RM022,Central Anatolia,Healthcare,SMALL,LIMITED,2018-12-20,91,126186634.700000,19,False,False,38.620000,True,RM_CALL,CONTROLLED_SYNTHETIC
SME000585,Synthetic SME 000585,RM009,Marmara,Technology,MICRO,SOLE_PROPRIETOR,2016-03-20,125,4374235.570000,6,True,False,35.810000,True,VIDEO_MEETING,CONTROLLED_SYNTHETIC
SME000586,Synthetic SME 000586,RM024,Eastern,Construction,SMALL,LIMITED,2025-05-09,15,14114973.240000,28,False,False,87.670000,True,BRANCH,CONTROLLED_SYNTHETIC
SME000587,Synthetic SME 000587,RM030,Central Anatolia,Manufacturing,SMALL,LIMITED,2024-11-17,21,11024493.600000,29,False,False,42.260000,True,RM_CALL,CONTROLLED_SYNTHETIC
SME000588,Synthetic SME 000588,RM019,Aegean,Technology,MICRO,LIMITED,2025-01-13,19,3944328.890000,9,False,False,67.190000,True,SECURE_MESSAGE,CONTROLLED_SYNTHETIC
SME000589,Synthetic SME 000589,RM020,Mediterranean,Technology,SMALL,LIMITED,2019-06-13,86,44067364.920000,41,False,False,84.910000,True,RM_CALL,CONTROLLED_SYNTHETIC
SME000590,Synthetic SME 000590,RM003,Black Sea,Hospitality,SMALL,JOINT_STOCK,2025-06-16,14,9663193.520000,46,False,True,63.950000,True,BRANCH,CONTROLLED_SYNTHETIC
SME000591,Synthetic SME 000591,RM046,Mediterranean,Agriculture,MICRO,LIMITED,2018-11-06,93,5417262.220000,6,False,False,93.150000,True,RM_CALL,CONTROLLED_SYNTHETIC
SME000592,Synthetic SME 000592,RM042,Mediterranean,Wholesale Trade,SMALL,JOINT_STOCK,2022-06-02,50,17392189.560000,43,True,True,68.300000,True,RM_CALL,CONTROLLED_SYNTHETIC
SME000593,Synthetic SME 000593,RM047,Central Anatolia,Retail Trade,MICRO,LIMITED,2024-01-05,31,6851577.330000,2,True,False,46.470000,True,RM_CALL,CONTROLLED_SYNTHETIC
SME000594,Synthetic SME 000594,RM032,Aegean,Professional Services,SMALL,JOINT_STOCK,2021-10-07,58,18957292.680000,26,False,True,77.210000,True,SECURE_MESSAGE,CONTROLLED_SYNTHETIC
SME000595,Synthetic SME 000595,RM047,Central Anatolia,Construction,MICRO,LIMITED,2023-12-16,32,17699613.960000,9,False,True,78.280000,True,BRANCH,CONTROLLED_SYNTHETIC
SME000596,Synthetic SME 000596,RM002,Marmara,Transportation,SMALL,LIMITED,2018-03-18,101,17998814.500000,10,True,False,62.450000,True,BRANCH,CONTROLLED_SYNTHETIC
SME000597,Synthetic SME 000597,RM022,Central Anatolia,Hospitality,SMALL,LIMITED,2018-10-24,93,29970922.530000,40,False,False,74.200000,True,RM_CALL,CONTROLLED_SYNTHETIC
SME000598,Synthetic SME 000598,RM003,Black Sea,Technology,MICRO,SOLE_PROPRIETOR,2016-07-29,120,8890393.040000,3,False,False,48.020000,True,RM_CALL,CONTROLLED_SYNTHETIC
SME000599,Synthetic SME 000599,RM010,Central Anatolia,Agriculture,SMALL,LIMITED,2017-06-22,109,25069993.690000,11,True,False,57.510000,True,BRANCH,CONTROLLED_SYNTHETIC
SME000600,Synthetic SME 000600,RM015,Marmara,Retail Trade,MEDIUM,LIMITED,2023-09-25,34,114926458.980000,238,False,False,42.300000,True,RM_CALL,CONTROLLED_SYNTHETIC
SME000601,Synthetic SME 000601,RM021,Marmara,Hospitality,SMALL,SOLE_PROPRIETOR,2025-07-19,13,47999962.890000,15,False,False,43.450000,True,RM_CALL,CONTROLLED_SYNTHETIC
SME000602,Synthetic SME 000602,RM008,Marmara,Transportation,SMALL,LIMITED,2023-01-04,43,16047225.870000,22,False,False,15.970000,True,VIDEO_MEETING,CONTROLLED_SYNTHETIC
SME000603,Synthetic SME 000603,RM036,Marmara,Healthcare,SMALL,JOINT_STOCK,2025-11-16,9,16269275.140000,25,False,False,34.840000,True,SECURE_MESSAGE,CONTROLLED_SYNTHETIC
SME000604,Synthetic SME 000604,RM038,Aegean,Professional Services,MICRO,SOLE_PROPRIETOR,2022-01-08,55,28868752.120000,9,False,False,78.620000,True,VIDEO_MEETING,CONTROLLED_SYNTHETIC
SME000605,Synthetic SME 000605,RM030,Central Anatolia,Wholesale Trade,SMALL,SOLE_PROPRIETOR,2016-11-26,116,28418965.880000,42,False,True,79.540000,True,RM_CALL,CONTROLLED_SYNTHETIC
SME000606,Synthetic SME 000606,RM037,Aegean,Technology,MICRO,LIMITED,2021-02-07,66,4780802.210000,4,False,True,75.820000,True,RM_CALL,CONTROLLED_SYNTHETIC
SME000607,Synthetic SME 000607,RM041,Marmara,Healthcare,MEDIUM,JOINT_STOCK,2023-08-12,36,73843638.350000,233,False,True,69.760000,True,VIDEO_MEETING,CONTROLLED_SYNTHETIC
SME000608,Synthetic SME 000608,RM036,Marmara,Transportation,MICRO,LIMITED,2023-05-28,38,9013385.990000,7,True,False,82.770000,True,RM_CALL,CONTROLLED_SYNTHETIC
SME000609,Synthetic SME 000609,RM007,Central Anatolia,Agriculture,MICRO,LIMITED,2024-06-02,26,3568269.260000,6,False,False,52.460000,False,VIDEO_MEETING,CONTROLLED_SYNTHETIC
SME000610,Synthetic SME 000610,RM010,Central Anatolia,Technology,MICRO,JOINT_STOCK,2021-09-19,59,6635502.350000,8,False,True,44.990000,True,SECURE_MESSAGE,CONTROLLED_SYNTHETIC
SME000611,Synthetic SME 000611,RM027,Eastern,Manufacturing,SMALL,SOLE_PROPRIETOR,2016-10-05,118,41129270.390000,23,False,False,42.960000,False,SECURE_MESSAGE,CONTROLLED_SYNTHETIC
SME000612,Synthetic SME 000612,RM020,Mediterranean,Healthcare,MICRO,LIMITED,2023-07-28,36,16912207.550000,4,False,False,80.380000,True,VIDEO_MEETING,CONTROLLED_SYNTHETIC
SME000613,Synthetic SME 000613,RM046,Mediterranean,Wholesale Trade,MICRO,LIMITED,2015-07-11,133,10344835.350000,7,False,False,87.480000,True,VIDEO_MEETING,CONTROLLED_SYNTHETIC
SME000614,Synthetic SME 000614,RM030,Central Anatolia,Wholesale Trade,MICRO,LIMITED,2021-09-29,58,2676160.670000,6,True,False,53.430000,True,RM_CALL,CONTROLLED_SYNTHETIC
SME000615,Synthetic SME 000615,RM037,Aegean,Healthcare,MICRO,SOLE_PROPRIETOR,2021-01-06,67,4404574.060000,4,False,False,54.860000,True,RM_CALL,CONTROLLED_SYNTHETIC
SME000616,Synthetic SME 000616,RM034,Aegean,Agriculture,MICRO,LIMITED,2016-01-02,127,27428365.640000,7,False,False,66.080000,False,VIDEO_MEETING,CONTROLLED_SYNTHETIC
SME000617,Synthetic SME 000617,RM022,Central Anatolia,Professional Services,SMALL,SOLE_PROPRIETOR,2021-10-26,57,13635208.150000,21,False,False,63.420000,True,RM_CALL,CONTROLLED_SYNTHETIC
SME000618,Synthetic SME 000618,RM009,Marmara,Technology,MICRO,LIMITED,2021-04-16,64,8084160.520000,8,False,False,77.490000,True,BRANCH,CONTROLLED_SYNTHETIC
SME000619,Synthetic SME 000619,RM004,Central Anatolia,Professional Services,MICRO,LIMITED,2015-11-27,128,7879669.430000,6,True,False,41.460000,True,BRANCH,CONTROLLED_SYNTHETIC
SME000620,Synthetic SME 000620,RM020,Mediterranean,Healthcare,MICRO,LIMITED,2020-02-12,78,17326296.970000,3,False,False,96.790000,True,BRANCH,CONTROLLED_SYNTHETIC
SME000621,Synthetic SME 000621,RM022,Central Anatolia,Hospitality,MICRO,LIMITED,2016-01-26,126,13363411.930000,6,True,False,34.090000,True,RM_CALL,CONTROLLED_SYNTHETIC
SME000622,Synthetic SME 000622,RM047,Central Anatolia,Hospitality,SMALL,LIMITED,2024-07-07,25,13171563.500000,12,False,False,82.920000,True,RM_CALL,CONTROLLED_SYNTHETIC
SME000623,Synthetic SME 000623,RM040,Black Sea,Transportation,MICRO,LIMITED,2022-01-02,55,9287551.560000,8,False,False,75.840000,True,RM_CALL,CONTROLLED_SYNTHETIC
SME000624,Synthetic SME 000624,RM035,Central Anatolia,Retail Trade,SMALL,LIMITED,2021-06-01,62,48992407.890000,45,False,False,93.010000,True,RM_CALL,CONTROLLED_SYNTHETIC
SME000625,Synthetic SME 000625,RM042,Mediterranean,Wholesale Trade,MICRO,LIMITED,2015-04-17,136,3226536.120000,9,False,False,56.270000,True,VIDEO_MEETING,CONTROLLED_SYNTHETIC
SME000626,Synthetic SME 000626,RM009,Marmara,Agriculture,MICRO,LIMITED,2016-08-13,120,10291198.700000,6,False,False,29.880000,True,SECURE_MESSAGE,CONTROLLED_SYNTHETIC
SME000627,Synthetic SME 000627,RM036,Marmara,Wholesale Trade,MEDIUM,JOINT_STOCK,2025-05-12,15,129058623.640000,102,False,True,67.280000,True,RM_CALL,CONTROLLED_SYNTHETIC
SME000628,Synthetic SME 000628,RM041,Marmara,Wholesale Trade,SMALL,JOINT_STOCK,2016-05-14,123,59803521.120000,21,True,False,34.350000,True,RM_CALL,CONTROLLED_SYNTHETIC
SME000629,Synthetic SME 000629,RM041,Marmara,Construction,MEDIUM,LIMITED,2017-08-05,108,182338393.220000,138,False,False,50.460000,True,BRANCH,CONTROLLED_SYNTHETIC
SME000630,Synthetic SME 000630,RM035,Central Anatolia,Agriculture,SMALL,LIMITED,2024-12-28,19,34744465.210000,10,False,True,92.330000,True,BRANCH,CONTROLLED_SYNTHETIC
SME000631,Synthetic SME 000631,RM039,Eastern,Professional Services,SMALL,SOLE_PROPRIETOR,2022-08-24,47,63034834.220000,13,False,False,17.450000,True,BRANCH,CONTROLLED_SYNTHETIC
SME000632,Synthetic SME 000632,RM015,Marmara,Technology,MICRO,LIMITED,2016-02-02,126,2544594.490000,3,False,False,21.950000,True,SECURE_MESSAGE,CONTROLLED_SYNTHETIC
SME000633,Synthetic SME 000633,RM008,Marmara,Professional Services,MICRO,JOINT_STOCK,2021-09-06,59,6283350.980000,6,False,True,97.250000,True,RM_CALL,CONTROLLED_SYNTHETIC
SME000634,Synthetic SME 000634,RM001,Mediterranean,Hospitality,SMALL,JOINT_STOCK,2020-10-30,69,28474311.420000,46,False,False,78.130000,True,SECURE_MESSAGE,CONTROLLED_SYNTHETIC
SME000635,Synthetic SME 000635,RM005,Eastern,Transportation,MEDIUM,LIMITED,2018-06-10,98,310711360.560000,165,False,False,71.200000,True,SECURE_MESSAGE,CONTROLLED_SYNTHETIC
SME000636,Synthetic SME 000636,RM045,Aegean,Retail Trade,MICRO,LIMITED,2021-04-08,64,6880625.520000,5,False,False,84.510000,True,VIDEO_MEETING,CONTROLLED_SYNTHETIC
SME000637,Synthetic SME 000637,RM010,Central Anatolia,Healthcare,SMALL,SOLE_PROPRIETOR,2022-09-02,47,59318305.700000,31,False,True,52.650000,False,BRANCH,CONTROLLED_SYNTHETIC
SME000638,Synthetic SME 000638,RM019,Aegean,Construction,SMALL,LIMITED,2024-06-09,26,22463339.740000,24,False,False,55.730000,True,VIDEO_MEETING,CONTROLLED_SYNTHETIC
SME000639,Synthetic SME 000639,RM011,Black Sea,Technology,SMALL,JOINT_STOCK,2018-05-13,99,61350823.800000,23,False,False,14.410000,True,RM_CALL,CONTROLLED_SYNTHETIC
SME000640,Synthetic SME 000640,RM043,Mediterranean,Agriculture,MICRO,SOLE_PROPRIETOR,2017-01-13,115,24526250.580000,9,False,False,86.420000,True,RM_CALL,CONTROLLED_SYNTHETIC
SME000641,Synthetic SME 000641,RM021,Marmara,Construction,MICRO,LIMITED,2024-04-23,27,20024460.320000,9,False,False,85.030000,True,SECURE_MESSAGE,CONTROLLED_SYNTHETIC
SME000642,Synthetic SME 000642,RM036,Marmara,Manufacturing,MICRO,JOINT_STOCK,2023-03-27,40,12940397.180000,6,False,False,54.450000,True,VIDEO_MEETING,CONTROLLED_SYNTHETIC
SME000643,Synthetic SME 000643,RM012,Central Anatolia,Hospitality,MICRO,LIMITED,2019-03-25,88,9934003.410000,8,False,False,64.520000,True,RM_CALL,CONTROLLED_SYNTHETIC
SME000644,Synthetic SME 000644,RM017,Aegean,Hospitality,MICRO,LIMITED,2023-12-12,32,15656459.450000,4,True,False,81.690000,True,RM_CALL,CONTROLLED_SYNTHETIC
SME000645,Synthetic SME 000645,RM021,Marmara,Construction,MICRO,LIMITED,2018-02-10,102,12447723.670000,8,False,False,51.760000,True,RM_CALL,CONTROLLED_SYNTHETIC
SME000646,Synthetic SME 000646,RM016,Mediterranean,Construction,SMALL,LIMITED,2019-02-17,90,59776454.570000,20,False,False,50.930000,True,VIDEO_MEETING,CONTROLLED_SYNTHETIC
SME000647,Synthetic SME 000647,RM015,Marmara,Agriculture,MICRO,LIMITED,2022-12-30,43,4929878.640000,3,True,False,96.360000,True,VIDEO_MEETING,CONTROLLED_SYNTHETIC
SME000648,Synthetic SME 000648,RM025,Black Sea,Hospitality,SMALL,LIMITED,2024-06-13,26,16880918.050000,42,False,False,75.710000,True,RM_CALL,CONTROLLED_SYNTHETIC
SME000649,Synthetic SME 000649,RM041,Marmara,Manufacturing,SMALL,SOLE_PROPRIETOR,2022-11-07,45,10749698.950000,27,False,False,88.740000,True,SECURE_MESSAGE,CONTROLLED_SYNTHETIC
SME000650,Synthetic SME 000650,RM014,Eastern,Professional Services,MEDIUM,LIMITED,2025-04-10,16,60290047.800000,97,False,True,78.810000,True,VIDEO_MEETING,CONTROLLED_SYNTHETIC
SME000651,Synthetic SME 000651,RM040,Black Sea,Professional Services,SMALL,LIMITED,2019-01-12,91,87189937.640000,34,False,False,46.400000,True,SECURE_MESSAGE,CONTROLLED_SYNTHETIC
SME000652,Synthetic SME 000652,RM021,Marmara,Agriculture,MICRO,LIMITED,2019-05-25,86,16560830.760000,8,False,False,84.750000,True,RM_CALL,CONTROLLED_SYNTHETIC
SME000653,Synthetic SME 000653,RM018,Mediterranean,Transportation,MEDIUM,LIMITED,2023-02-16,42,123867904.490000,134,False,False,27.030000,True,SECURE_MESSAGE,CONTROLLED_SYNTHETIC
SME000654,Synthetic SME 000654,RM041,Marmara,Transportation,MICRO,SOLE_PROPRIETOR,2022-09-09,47,7908300.130000,6,False,True,69.520000,True,RM_CALL,CONTROLLED_SYNTHETIC
SME000655,Synthetic SME 000655,RM001,Mediterranean,Agriculture,MICRO,LIMITED,2022-12-24,43,7938464.780000,5,False,True,43.720000,True,VIDEO_MEETING,CONTROLLED_SYNTHETIC
SME000656,Synthetic SME 000656,RM041,Marmara,Construction,MICRO,LIMITED,2017-11-22,104,18301844.740000,4,True,True,22.930000,True,BRANCH,CONTROLLED_SYNTHETIC
SME000657,Synthetic SME 000657,RM009,Marmara,Professional Services,MICRO,LIMITED,2021-12-20,55,3425174.910000,7,False,False,53.200000,True,RM_CALL,CONTROLLED_SYNTHETIC
SME000658,Synthetic SME 000658,RM016,Mediterranean,Transportation,SMALL,JOINT_STOCK,2016-01-22,126,30850658.840000,13,False,False,74.970000,True,BRANCH,CONTROLLED_SYNTHETIC
SME000659,Synthetic SME 000659,RM036,Marmara,Wholesale Trade,MICRO,SOLE_PROPRIETOR,2023-05-17,39,10954449.070000,3,False,False,88.090000,True,BRANCH,CONTROLLED_SYNTHETIC
SME000660,Synthetic SME 000660,RM017,Aegean,Retail Trade,SMALL,SOLE_PROPRIETOR,2020-12-26,67,25569154.230000,49,False,False,79.940000,True,BRANCH,CONTROLLED_SYNTHETIC
SME000661,Synthetic SME 000661,RM009,Marmara,Agriculture,MICRO,LIMITED,2020-08-22,71,14716223.440000,9,False,False,53.090000,False,RM_CALL,CONTROLLED_SYNTHETIC
SME000662,Synthetic SME 000662,RM010,Central Anatolia,Professional Services,SMALL,LIMITED,2023-12-29,31,24652073.350000,17,False,False,36.690000,True,BRANCH,CONTROLLED_SYNTHETIC
SME000663,Synthetic SME 000663,RM030,Central Anatolia,Wholesale Trade,SMALL,JOINT_STOCK,2019-04-04,88,25900537.050000,41,False,False,70.930000,True,SECURE_MESSAGE,CONTROLLED_SYNTHETIC
SME000664,Synthetic SME 000664,RM030,Central Anatolia,Transportation,SMALL,LIMITED,2016-02-28,125,29718309.970000,11,False,True,72.810000,True,BRANCH,CONTROLLED_SYNTHETIC
SME000665,Synthetic SME 000665,RM002,Marmara,Agriculture,MICRO,LIMITED,2024-09-24,22,7077467.580000,8,False,False,52.750000,True,SECURE_MESSAGE,CONTROLLED_SYNTHETIC
SME000666,Synthetic SME 000666,RM033,Mediterranean,Construction,MICRO,LIMITED,2025-01-16,19,11039850.040000,7,True,False,28.920000,True,RM_CALL,CONTROLLED_SYNTHETIC
SME000667,Synthetic SME 000667,RM032,Aegean,Agriculture,SMALL,LIMITED,2017-05-20,111,9435294.250000,32,False,False,83.110000,True,RM_CALL,CONTROLLED_SYNTHETIC
SME000668,Synthetic SME 000668,RM030,Central Anatolia,Retail Trade,SMALL,LIMITED,2018-11-24,92,13979737.590000,18,False,False,82.200000,True,RM_CALL,CONTROLLED_SYNTHETIC
SME000669,Synthetic SME 000669,RM030,Central Anatolia,Technology,MICRO,LIMITED,2024-11-19,20,30891452.870000,4,False,True,65.160000,True,RM_CALL,CONTROLLED_SYNTHETIC
SME000670,Synthetic SME 000670,RM029,Marmara,Transportation,SMALL,JOINT_STOCK,2025-10-10,10,48614927.650000,32,False,False,48.450000,True,RM_CALL,CONTROLLED_SYNTHETIC
SME000671,Synthetic SME 000671,RM013,Black Sea,Manufacturing,MICRO,LIMITED,2022-12-23,43,43368330.200000,9,False,False,56.320000,True,VIDEO_MEETING,CONTROLLED_SYNTHETIC
SME000672,Synthetic SME 000672,RM009,Marmara,Manufacturing,MICRO,LIMITED,2017-07-21,108,15416855.650000,6,False,False,83.290000,True,RM_CALL,CONTROLLED_SYNTHETIC
SME000673,Synthetic SME 000673,RM005,Eastern,Construction,SMALL,LIMITED,2015-07-03,133,14821397.120000,17,False,False,76.860000,True,RM_CALL,CONTROLLED_SYNTHETIC
SME000674,Synthetic SME 000674,RM009,Marmara,Manufacturing,MICRO,LIMITED,2017-04-24,111,21651450.090000,7,False,False,36.390000,True,RM_CALL,CONTROLLED_SYNTHETIC
SME000675,Synthetic SME 000675,RM022,Central Anatolia,Healthcare,SMALL,LIMITED,2025-07-08,13,25706785.280000,37,False,False,65.410000,True,BRANCH,CONTROLLED_SYNTHETIC
SME000676,Synthetic SME 000676,RM048,Eastern,Healthcare,SMALL,LIMITED,2022-10-11,46,46389585.260000,20,False,True,54.120000,False,RM_CALL,CONTROLLED_SYNTHETIC
SME000677,Synthetic SME 000677,RM029,Marmara,Manufacturing,MICRO,JOINT_STOCK,2019-01-10,91,3839967.450000,6,False,False,53.390000,True,RM_CALL,CONTROLLED_SYNTHETIC
SME000678,Synthetic SME 000678,RM022,Central Anatolia,Healthcare,MICRO,SOLE_PROPRIETOR,2024-01-21,30,4385986.620000,6,True,False,21.160000,True,VIDEO_MEETING,CONTROLLED_SYNTHETIC
SME000679,Synthetic SME 000679,RM015,Marmara,Retail Trade,MICRO,LIMITED,2025-04-02,16,9328262.510000,4,False,False,54.200000,True,BRANCH,CONTROLLED_SYNTHETIC
SME000680,Synthetic SME 000680,RM029,Marmara,Construction,MICRO,JOINT_STOCK,2018-07-17,97,10845418.890000,4,False,False,44.130000,True,VIDEO_MEETING,CONTROLLED_SYNTHETIC
SME000681,Synthetic SME 000681,RM002,Marmara,Agriculture,SMALL,LIMITED,2018-06-14,98,15935643.170000,35,False,False,80.430000,True,BRANCH,CONTROLLED_SYNTHETIC
SME000682,Synthetic SME 000682,RM017,Aegean,Professional Services,MEDIUM,LIMITED,2021-10-22,57,61574435.470000,164,False,False,34.090000,True,RM_CALL,CONTROLLED_SYNTHETIC
SME000683,Synthetic SME 000683,RM030,Central Anatolia,Healthcare,MEDIUM,JOINT_STOCK,2019-12-15,80,150524923.100000,145,True,False,66.030000,True,BRANCH,CONTROLLED_SYNTHETIC
SME000684,Synthetic SME 000684,RM027,Eastern,Technology,SMALL,LIMITED,2021-06-12,62,31195229.110000,15,True,False,79.960000,True,RM_CALL,CONTROLLED_SYNTHETIC
SME000685,Synthetic SME 000685,RM029,Marmara,Transportation,MEDIUM,LIMITED,2017-03-29,112,67769299.760000,206,False,False,49.750000,True,SECURE_MESSAGE,CONTROLLED_SYNTHETIC
SME000686,Synthetic SME 000686,RM022,Central Anatolia,Wholesale Trade,SMALL,LIMITED,2016-06-28,121,20072003.750000,15,False,False,73.570000,True,RM_CALL,CONTROLLED_SYNTHETIC
SME000687,Synthetic SME 000687,RM017,Aegean,Agriculture,MICRO,LIMITED,2018-12-02,92,7232624.820000,5,True,False,35.780000,True,RM_CALL,CONTROLLED_SYNTHETIC
SME000688,Synthetic SME 000688,RM011,Black Sea,Transportation,MICRO,JOINT_STOCK,2021-02-27,65,6066950.800000,6,False,False,50.460000,True,VIDEO_MEETING,CONTROLLED_SYNTHETIC
SME000689,Synthetic SME 000689,RM016,Mediterranean,Construction,MICRO,JOINT_STOCK,2025-04-20,16,12737391.620000,4,False,True,96.170000,True,VIDEO_MEETING,CONTROLLED_SYNTHETIC
SME000690,Synthetic SME 000690,RM018,Mediterranean,Retail Trade,SMALL,JOINT_STOCK,2024-08-17,24,49381015.870000,11,False,False,75.160000,True,RM_CALL,CONTROLLED_SYNTHETIC
SME000691,Synthetic SME 000691,RM029,Marmara,Wholesale Trade,SMALL,LIMITED,2017-04-23,111,14965982.400000,46,False,False,63.410000,True,BRANCH,CONTROLLED_SYNTHETIC
SME000692,Synthetic SME 000692,RM021,Marmara,Agriculture,SMALL,SOLE_PROPRIETOR,2018-01-07,103,10591832.410000,14,True,False,64.450000,True,VIDEO_MEETING,CONTROLLED_SYNTHETIC
SME000693,Synthetic SME 000693,RM012,Central Anatolia,Professional Services,SMALL,SOLE_PROPRIETOR,2023-01-31,42,14797624.060000,36,False,False,74.360000,True,SECURE_MESSAGE,CONTROLLED_SYNTHETIC
SME000694,Synthetic SME 000694,RM002,Marmara,Retail Trade,MICRO,JOINT_STOCK,2019-09-28,82,18992817.800000,7,True,False,19.070000,True,VIDEO_MEETING,CONTROLLED_SYNTHETIC
SME000695,Synthetic SME 000695,RM010,Central Anatolia,Retail Trade,MICRO,LIMITED,2024-06-27,25,2306271.680000,3,True,False,78.990000,True,VIDEO_MEETING,CONTROLLED_SYNTHETIC
SME000696,Synthetic SME 000696,RM012,Central Anatolia,Technology,SMALL,LIMITED,2018-01-05,103,24497260.640000,46,False,False,75.490000,True,RM_CALL,CONTROLLED_SYNTHETIC
SME000697,Synthetic SME 000697,RM021,Marmara,Transportation,SMALL,JOINT_STOCK,2017-09-22,106,12622944.390000,38,False,False,56.080000,True,RM_CALL,CONTROLLED_SYNTHETIC
SME000698,Synthetic SME 000698,RM022,Central Anatolia,Wholesale Trade,SMALL,SOLE_PROPRIETOR,2018-01-31,102,39798517.960000,42,False,False,71.710000,True,RM_CALL,CONTROLLED_SYNTHETIC
SME000699,Synthetic SME 000699,RM035,Central Anatolia,Retail Trade,MEDIUM,LIMITED,2022-04-04,52,112745815.530000,89,True,False,22.790000,True,RM_CALL,CONTROLLED_SYNTHETIC
SME000700,Synthetic SME 000700,RM014,Eastern,Hospitality,MEDIUM,JOINT_STOCK,2024-12-02,20,50352684.100000,159,False,True,57.240000,True,RM_CALL,CONTROLLED_SYNTHETIC
SME000701,Synthetic SME 000701,RM035,Central Anatolia,Manufacturing,MEDIUM,LIMITED,2015-03-10,137,167936798.880000,140,True,False,25.080000,True,RM_CALL,CONTROLLED_SYNTHETIC
SME000702,Synthetic SME 000702,RM007,Central Anatolia,Healthcare,MICRO,LIMITED,2018-02-05,102,28863049.530000,8,True,False,28.720000,True,SECURE_MESSAGE,CONTROLLED_SYNTHETIC
SME000703,Synthetic SME 000703,RM035,Central Anatolia,Technology,MEDIUM,LIMITED,2022-11-02,45,122993220.810000,82,True,False,43.660000,True,SECURE_MESSAGE,CONTROLLED_SYNTHETIC
SME000704,Synthetic SME 000704,RM030,Central Anatolia,Wholesale Trade,SMALL,LIMITED,2018-01-01,103,13771070.970000,33,False,False,75.560000,False,RM_CALL,CONTROLLED_SYNTHETIC
SME000705,Synthetic SME 000705,RM013,Black Sea,Wholesale Trade,MICRO,JOINT_STOCK,2017-11-25,104,13858271.770000,5,False,False,29.750000,True,SECURE_MESSAGE,CONTROLLED_SYNTHETIC
SME000706,Synthetic SME 000706,RM008,Marmara,Agriculture,SMALL,LIMITED,2017-01-30,114,23146977.180000,40,False,False,53.090000,True,RM_CALL,CONTROLLED_SYNTHETIC
SME000707,Synthetic SME 000707,RM002,Marmara,Transportation,MICRO,LIMITED,2016-12-23,115,5665042.290000,3,False,False,92.380000,True,RM_CALL,CONTROLLED_SYNTHETIC
SME000708,Synthetic SME 000708,RM029,Marmara,Technology,SMALL,LIMITED,2021-08-25,59,8938982.980000,21,False,False,38.520000,True,SECURE_MESSAGE,CONTROLLED_SYNTHETIC
SME000709,Synthetic SME 000709,RM022,Central Anatolia,Construction,MEDIUM,LIMITED,2020-01-07,79,76859601.030000,73,True,True,67.610000,True,VIDEO_MEETING,CONTROLLED_SYNTHETIC
SME000710,Synthetic SME 000710,RM031,Black Sea,Manufacturing,MICRO,LIMITED,2016-12-15,116,15533302.890000,9,False,False,90.190000,True,VIDEO_MEETING,CONTROLLED_SYNTHETIC
SME000711,Synthetic SME 000711,RM030,Central Anatolia,Agriculture,MICRO,SOLE_PROPRIETOR,2019-03-10,89,24455220.650000,8,False,True,86.610000,True,RM_CALL,CONTROLLED_SYNTHETIC
SME000712,Synthetic SME 000712,RM046,Mediterranean,Healthcare,MICRO,LIMITED,2022-09-05,47,8827812.660000,5,False,False,65.240000,True,RM_CALL,CONTROLLED_SYNTHETIC
SME000713,Synthetic SME 000713,RM040,Black Sea,Agriculture,SMALL,LIMITED,2021-08-04,60,24738629.350000,17,False,False,62.250000,False,SECURE_MESSAGE,CONTROLLED_SYNTHETIC
SME000714,Synthetic SME 000714,RM036,Marmara,Wholesale Trade,MICRO,LIMITED,2024-11-23,20,35708008.510000,2,False,False,45.840000,True,RM_CALL,CONTROLLED_SYNTHETIC
SME000715,Synthetic SME 000715,RM045,Aegean,Healthcare,SMALL,LIMITED,2019-04-20,88,23605998.330000,25,False,False,79.520000,True,VIDEO_MEETING,CONTROLLED_SYNTHETIC
SME000716,Synthetic SME 000716,RM001,Mediterranean,Hospitality,MEDIUM,LIMITED,2023-05-15,39,100577614.590000,136,False,True,34.660000,True,RM_CALL,CONTROLLED_SYNTHETIC
SME000717,Synthetic SME 000717,RM008,Marmara,Healthcare,MICRO,JOINT_STOCK,2016-11-02,117,13768800.980000,2,False,True,28.490000,True,BRANCH,CONTROLLED_SYNTHETIC
SME000718,Synthetic SME 000718,RM045,Aegean,Manufacturing,SMALL,LIMITED,2024-10-15,22,27275891.950000,43,True,False,74.560000,True,BRANCH,CONTROLLED_SYNTHETIC
SME000719,Synthetic SME 000719,RM030,Central Anatolia,Agriculture,MICRO,LIMITED,2015-09-22,130,30838205.150000,8,False,False,50.150000,True,BRANCH,CONTROLLED_SYNTHETIC
SME000720,Synthetic SME 000720,RM002,Marmara,Technology,SMALL,JOINT_STOCK,2024-02-06,30,49559277.610000,28,False,False,49.190000,True,RM_CALL,CONTROLLED_SYNTHETIC
SME000721,Synthetic SME 000721,RM008,Marmara,Construction,MEDIUM,LIMITED,2017-09-15,107,151831294.450000,241,False,False,82.220000,True,SECURE_MESSAGE,CONTROLLED_SYNTHETIC
SME000722,Synthetic SME 000722,RM040,Black Sea,Transportation,SMALL,LIMITED,2023-05-07,39,14257972.720000,39,False,False,71.480000,True,SECURE_MESSAGE,CONTROLLED_SYNTHETIC
SME000723,Synthetic SME 000723,RM018,Mediterranean,Wholesale Trade,MICRO,LIMITED,2020-08-30,71,2739223.230000,5,False,False,71.280000,True,VIDEO_MEETING,CONTROLLED_SYNTHETIC
SME000724,Synthetic SME 000724,RM008,Marmara,Construction,MICRO,SOLE_PROPRIETOR,2015-12-09,128,10359575.990000,4,False,True,43.860000,True,RM_CALL,CONTROLLED_SYNTHETIC
SME000725,Synthetic SME 000725,RM041,Marmara,Healthcare,MICRO,LIMITED,2025-08-29,11,17721651.340000,2,False,False,52.070000,True,VIDEO_MEETING,CONTROLLED_SYNTHETIC
SME000726,Synthetic SME 000726,RM041,Marmara,Hospitality,MEDIUM,SOLE_PROPRIETOR,2022-03-22,52,197086598.580000,123,True,False,74.290000,True,RM_CALL,CONTROLLED_SYNTHETIC
SME000727,Synthetic SME 000727,RM038,Aegean,Retail Trade,SMALL,LIMITED,2020-04-10,76,17387762.170000,39,True,False,54.990000,True,RM_CALL,CONTROLLED_SYNTHETIC
SME000728,Synthetic SME 000728,RM036,Marmara,Technology,MICRO,LIMITED,2019-10-01,82,10878398.260000,4,True,False,71.940000,True,VIDEO_MEETING,CONTROLLED_SYNTHETIC
SME000729,Synthetic SME 000729,RM002,Marmara,Hospitality,MICRO,SOLE_PROPRIETOR,2023-10-01,34,4301922.430000,4,True,False,77.700000,True,RM_CALL,CONTROLLED_SYNTHETIC
SME000730,Synthetic SME 000730,RM004,Central Anatolia,Transportation,SMALL,LIMITED,2025-08-07,12,26613227.840000,17,True,False,68.040000,True,SECURE_MESSAGE,CONTROLLED_SYNTHETIC
SME000731,Synthetic SME 000731,RM029,Marmara,Healthcare,MEDIUM,LIMITED,2016-02-28,125,52470611.050000,225,False,True,74.720000,True,RM_CALL,CONTROLLED_SYNTHETIC
SME000732,Synthetic SME 000732,RM046,Mediterranean,Transportation,MICRO,SOLE_PROPRIETOR,2022-12-06,44,20731027.690000,2,False,False,64.670000,True,RM_CALL,CONTROLLED_SYNTHETIC
SME000733,Synthetic SME 000733,RM043,Mediterranean,Hospitality,MEDIUM,LIMITED,2025-08-28,11,131261380.660000,186,True,True,88.460000,True,RM_CALL,CONTROLLED_SYNTHETIC
SME000734,Synthetic SME 000734,RM034,Aegean,Technology,SMALL,LIMITED,2015-02-26,137,67571233.270000,49,False,False,61.010000,True,RM_CALL,CONTROLLED_SYNTHETIC
SME000735,Synthetic SME 000735,RM001,Mediterranean,Hospitality,SMALL,LIMITED,2021-02-03,66,14981926.290000,46,False,False,81.560000,True,RM_CALL,CONTROLLED_SYNTHETIC
SME000736,Synthetic SME 000736,RM008,Marmara,Manufacturing,MEDIUM,LIMITED,2019-05-29,86,81993419.050000,83,False,False,41.080000,True,RM_CALL,CONTROLLED_SYNTHETIC
SME000737,Synthetic SME 000737,RM035,Central Anatolia,Construction,SMALL,SOLE_PROPRIETOR,2021-05-01,63,137363982.530000,26,False,False,65.690000,True,RM_CALL,CONTROLLED_SYNTHETIC
SME000738,Synthetic SME 000738,RM029,Marmara,Wholesale Trade,MICRO,SOLE_PROPRIETOR,2021-03-02,65,10784391.470000,7,False,False,68.670000,True,RM_CALL,CONTROLLED_SYNTHETIC
SME000739,Synthetic SME 000739,RM008,Marmara,Hospitality,MICRO,LIMITED,2019-01-31,90,15493014.310000,5,False,False,25.530000,True,VIDEO_MEETING,CONTROLLED_SYNTHETIC
SME000740,Synthetic SME 000740,RM003,Black Sea,Professional Services,MEDIUM,SOLE_PROPRIETOR,2017-10-29,105,103113306.740000,122,False,True,64.130000,True,SECURE_MESSAGE,CONTROLLED_SYNTHETIC
SME000741,Synthetic SME 000741,RM005,Eastern,Healthcare,SMALL,JOINT_STOCK,2026-02-24,5,10047172.990000,16,False,False,49.110000,True,RM_CALL,CONTROLLED_SYNTHETIC
SME000742,Synthetic SME 000742,RM008,Marmara,Construction,MICRO,JOINT_STOCK,2017-07-01,109,9364681.020000,5,True,False,32.410000,True,SECURE_MESSAGE,CONTROLLED_SYNTHETIC
SME000743,Synthetic SME 000743,RM041,Marmara,Construction,MICRO,LIMITED,2015-05-28,134,17211721.340000,3,True,False,60.500000,True,RM_CALL,CONTROLLED_SYNTHETIC
SME000744,Synthetic SME 000744,RM019,Aegean,Professional Services,MICRO,LIMITED,2022-04-08,52,6448897.290000,3,False,False,81.610000,True,RM_CALL,CONTROLLED_SYNTHETIC
SME000745,Synthetic SME 000745,RM013,Black Sea,Transportation,MEDIUM,JOINT_STOCK,2017-10-27,105,72093623.660000,128,False,False,32.050000,True,RM_CALL,CONTROLLED_SYNTHETIC
SME000746,Synthetic SME 000746,RM043,Mediterranean,Healthcare,SMALL,LIMITED,2017-08-05,108,27687514.540000,30,False,False,64.260000,True,VIDEO_MEETING,CONTROLLED_SYNTHETIC
SME000747,Synthetic SME 000747,RM035,Central Anatolia,Manufacturing,MICRO,LIMITED,2019-07-22,84,13679198.660000,4,False,False,78.600000,True,SECURE_MESSAGE,CONTROLLED_SYNTHETIC
SME000748,Synthetic SME 000748,RM018,Mediterranean,Construction,SMALL,LIMITED,2021-03-09,65,70814774.850000,12,True,True,36.500000,True,RM_CALL,CONTROLLED_SYNTHETIC
SME000749,Synthetic SME 000749,RM047,Central Anatolia,Manufacturing,MICRO,SOLE_PROPRIETOR,2025-11-20,8,3226868.230000,6,True,False,89.780000,True,BRANCH,CONTROLLED_SYNTHETIC
SME000750,Synthetic SME 000750,RM037,Aegean,Healthcare,SMALL,JOINT_STOCK,2022-01-24,54,28543551.700000,37,False,False,44.400000,True,VIDEO_MEETING,CONTROLLED_SYNTHETIC
SME000751,Synthetic SME 000751,RM037,Aegean,Wholesale Trade,MICRO,JOINT_STOCK,2023-10-04,34,11473363.380000,6,False,False,18.170000,True,RM_CALL,CONTROLLED_SYNTHETIC
SME000752,Synthetic SME 000752,RM043,Mediterranean,Technology,MEDIUM,SOLE_PROPRIETOR,2020-08-14,72,60105443.510000,211,True,False,79.430000,True,RM_CALL,CONTROLLED_SYNTHETIC
SME000753,Synthetic SME 000753,RM003,Black Sea,Construction,MICRO,LIMITED,2020-07-14,73,7911663.230000,7,False,False,55.420000,True,RM_CALL,CONTROLLED_SYNTHETIC
SME000754,Synthetic SME 000754,RM021,Marmara,Healthcare,MICRO,LIMITED,2021-12-10,56,31112956.820000,7,False,False,75.420000,True,BRANCH,CONTROLLED_SYNTHETIC
SME000755,Synthetic SME 000755,RM021,Marmara,Professional Services,MICRO,JOINT_STOCK,2015-03-05,137,45684114.080000,8,True,False,28.060000,True,BRANCH,CONTROLLED_SYNTHETIC
SME000756,Synthetic SME 000756,RM037,Aegean,Healthcare,SMALL,SOLE_PROPRIETOR,2018-05-21,98,32469094.280000,22,False,False,42.700000,True,RM_CALL,CONTROLLED_SYNTHETIC
SME000757,Synthetic SME 000757,RM012,Central Anatolia,Technology,MICRO,JOINT_STOCK,2016-08-12,120,7158915.310000,7,True,False,68.660000,True,RM_CALL,CONTROLLED_SYNTHETIC
SME000758,Synthetic SME 000758,RM009,Marmara,Wholesale Trade,MICRO,LIMITED,2018-03-07,101,3005495.640000,5,False,False,86.060000,True,SECURE_MESSAGE,CONTROLLED_SYNTHETIC
SME000759,Synthetic SME 000759,RM029,Marmara,Construction,SMALL,JOINT_STOCK,2025-07-23,12,20374747.320000,47,True,False,72.780000,True,RM_CALL,CONTROLLED_SYNTHETIC
SME000760,Synthetic SME 000760,RM017,Aegean,Manufacturing,MEDIUM,JOINT_STOCK,2022-03-10,53,147366255.910000,76,True,True,58.470000,False,SECURE_MESSAGE,CONTROLLED_SYNTHETIC
SME000761,Synthetic SME 000761,RM047,Central Anatolia,Transportation,SMALL,JOINT_STOCK,2020-12-16,68,16288197.390000,26,False,False,84.920000,True,SECURE_MESSAGE,CONTROLLED_SYNTHETIC
SME000762,Synthetic SME 000762,RM021,Marmara,Technology,SMALL,LIMITED,2020-01-14,79,40570995.060000,34,True,False,71.740000,True,RM_CALL,CONTROLLED_SYNTHETIC
SME000763,Synthetic SME 000763,RM015,Marmara,Agriculture,MICRO,SOLE_PROPRIETOR,2018-06-04,98,17907073.620000,8,False,False,64.260000,True,RM_CALL,CONTROLLED_SYNTHETIC
SME000764,Synthetic SME 000764,RM043,Mediterranean,Construction,MICRO,SOLE_PROPRIETOR,2020-05-07,75,5823247.440000,8,False,True,73.360000,True,VIDEO_MEETING,CONTROLLED_SYNTHETIC
SME000765,Synthetic SME 000765,RM046,Mediterranean,Professional Services,SMALL,LIMITED,2022-03-04,53,24222951.970000,22,False,False,67.160000,True,RM_CALL,CONTROLLED_SYNTHETIC
SME000766,Synthetic SME 000766,RM033,Mediterranean,Hospitality,MICRO,JOINT_STOCK,2021-10-20,57,20845044.240000,5,False,False,34.240000,True,RM_CALL,CONTROLLED_SYNTHETIC
SME000767,Synthetic SME 000767,RM026,Black Sea,Healthcare,MICRO,LIMITED,2019-01-13,91,4952863.020000,7,False,False,23.740000,True,SECURE_MESSAGE,CONTROLLED_SYNTHETIC
SME000768,Synthetic SME 000768,RM017,Aegean,Agriculture,MEDIUM,LIMITED,2015-10-22,129,118101018.200000,83,True,False,84.690000,True,RM_CALL,CONTROLLED_SYNTHETIC
SME000769,Synthetic SME 000769,RM045,Aegean,Wholesale Trade,MICRO,LIMITED,2025-08-06,12,4761939.570000,3,False,False,86.390000,True,BRANCH,CONTROLLED_SYNTHETIC
SME000770,Synthetic SME 000770,RM042,Mediterranean,Construction,SMALL,LIMITED,2017-09-08,107,12743438.620000,30,False,False,46.140000,True,BRANCH,CONTROLLED_SYNTHETIC
SME000771,Synthetic SME 000771,RM016,Mediterranean,Technology,SMALL,SOLE_PROPRIETOR,2017-07-04,109,27985368.550000,26,False,False,22.000000,True,VIDEO_MEETING,CONTROLLED_SYNTHETIC
SME000772,Synthetic SME 000772,RM009,Marmara,Manufacturing,SMALL,SOLE_PROPRIETOR,2016-11-10,117,27380188.430000,17,False,False,96.550000,True,SECURE_MESSAGE,CONTROLLED_SYNTHETIC
SME000773,Synthetic SME 000773,RM002,Marmara,Wholesale Trade,SMALL,LIMITED,2022-08-07,48,20788907.430000,44,True,False,72.440000,True,SECURE_MESSAGE,CONTROLLED_SYNTHETIC
SME000774,Synthetic SME 000774,RM032,Aegean,Professional Services,MICRO,LIMITED,2024-09-24,22,8248541.110000,4,False,False,80.590000,True,VIDEO_MEETING,CONTROLLED_SYNTHETIC
SME000775,Synthetic SME 000775,RM013,Black Sea,Healthcare,SMALL,LIMITED,2025-05-06,15,35122706.780000,15,False,False,44.990000,True,RM_CALL,CONTROLLED_SYNTHETIC
SME000776,Synthetic SME 000776,RM029,Marmara,Manufacturing,MICRO,SOLE_PROPRIETOR,2016-07-02,121,7627190.650000,2,True,False,63.920000,False,RM_CALL,CONTROLLED_SYNTHETIC
SME000777,Synthetic SME 000777,RM031,Black Sea,Hospitality,SMALL,LIMITED,2018-02-23,101,37975420.940000,40,False,True,53.280000,True,BRANCH,CONTROLLED_SYNTHETIC
SME000778,Synthetic SME 000778,RM036,Marmara,Construction,SMALL,JOINT_STOCK,2016-02-18,126,42745165.940000,46,False,False,22.290000,True,BRANCH,CONTROLLED_SYNTHETIC
SME000779,Synthetic SME 000779,RM028,Eastern,Technology,SMALL,LIMITED,2022-10-14,46,52128486.730000,15,False,False,68.630000,True,VIDEO_MEETING,CONTROLLED_SYNTHETIC
SME000780,Synthetic SME 000780,RM026,Black Sea,Professional Services,MICRO,JOINT_STOCK,2016-11-08,117,2906935.700000,8,False,False,90.010000,True,BRANCH,CONTROLLED_SYNTHETIC
SME000781,Synthetic SME 000781,RM016,Mediterranean,Wholesale Trade,MICRO,LIMITED,2018-01-23,102,8612729.480000,4,True,True,78.520000,False,SECURE_MESSAGE,CONTROLLED_SYNTHETIC
SME000782,Synthetic SME 000782,RM008,Marmara,Hospitality,MICRO,LIMITED,2024-01-24,30,4811645.460000,6,False,False,79.900000,True,SECURE_MESSAGE,CONTROLLED_SYNTHETIC
SME000783,Synthetic SME 000783,RM008,Marmara,Technology,MICRO,LIMITED,2020-11-16,69,10820531.890000,2,False,True,62.840000,False,VIDEO_MEETING,CONTROLLED_SYNTHETIC
SME000784,Synthetic SME 000784,RM046,Mediterranean,Retail Trade,MICRO,SOLE_PROPRIETOR,2021-10-21,57,12553353.550000,4,False,True,49.240000,False,VIDEO_MEETING,CONTROLLED_SYNTHETIC
SME000785,Synthetic SME 000785,RM005,Eastern,Construction,SMALL,JOINT_STOCK,2016-09-15,119,13943093.580000,45,False,False,87.670000,True,VIDEO_MEETING,CONTROLLED_SYNTHETIC
SME000786,Synthetic SME 000786,RM032,Aegean,Retail Trade,SMALL,SOLE_PROPRIETOR,2019-04-01,88,20146105.580000,10,False,False,60.270000,True,RM_CALL,CONTROLLED_SYNTHETIC
SME000787,Synthetic SME 000787,RM023,Black Sea,Retail Trade,SMALL,SOLE_PROPRIETOR,2017-11-10,105,23916058.260000,36,False,True,60.810000,True,RM_CALL,CONTROLLED_SYNTHETIC
SME000788,Synthetic SME 000788,RM046,Mediterranean,Technology,SMALL,LIMITED,2017-02-16,114,68835396.520000,49,False,False,72.230000,True,BRANCH,CONTROLLED_SYNTHETIC
SME000789,Synthetic SME 000789,RM037,Aegean,Manufacturing,SMALL,SOLE_PROPRIETOR,2021-07-14,61,27155436.080000,44,False,False,46.260000,True,RM_CALL,CONTROLLED_SYNTHETIC
SME000790,Synthetic SME 000790,RM038,Aegean,Transportation,SMALL,LIMITED,2025-06-09,14,54553503.460000,15,True,False,57.080000,False,RM_CALL,CONTROLLED_SYNTHETIC
SME000791,Synthetic SME 000791,RM020,Mediterranean,Agriculture,SMALL,JOINT_STOCK,2026-02-26,5,38368662.650000,11,False,False,64.470000,True,SECURE_MESSAGE,CONTROLLED_SYNTHETIC
SME000792,Synthetic SME 000792,RM030,Central Anatolia,Hospitality,MICRO,LIMITED,2017-02-06,114,17900819.670000,8,True,False,76.900000,True,RM_CALL,CONTROLLED_SYNTHETIC
SME000793,Synthetic SME 000793,RM017,Aegean,Wholesale Trade,SMALL,SOLE_PROPRIETOR,2017-01-11,115,16633490.020000,42,False,True,81.880000,True,SECURE_MESSAGE,CONTROLLED_SYNTHETIC
SME000794,Synthetic SME 000794,RM022,Central Anatolia,Agriculture,SMALL,LIMITED,2020-08-10,72,27932821.800000,40,True,False,72.710000,True,BRANCH,CONTROLLED_SYNTHETIC
SME000795,Synthetic SME 000795,RM030,Central Anatolia,Retail Trade,SMALL,JOINT_STOCK,2024-09-29,22,24380582.690000,11,False,False,40.160000,True,RM_CALL,CONTROLLED_SYNTHETIC
SME000796,Synthetic SME 000796,RM038,Aegean,Professional Services,SMALL,SOLE_PROPRIETOR,2023-01-31,42,58864520.350000,47,False,False,82.420000,False,VIDEO_MEETING,CONTROLLED_SYNTHETIC
SME000797,Synthetic SME 000797,RM029,Marmara,Technology,MICRO,LIMITED,2021-02-22,65,15406044.900000,7,False,False,87.520000,True,BRANCH,CONTROLLED_SYNTHETIC
SME000798,Synthetic SME 000798,RM028,Eastern,Healthcare,MICRO,LIMITED,2017-04-26,111,6525492.850000,7,False,False,34.630000,True,VIDEO_MEETING,CONTROLLED_SYNTHETIC
SME000799,Synthetic SME 000799,RM036,Marmara,Agriculture,MICRO,SOLE_PROPRIETOR,2015-02-22,137,9733600.990000,6,False,False,62.280000,True,BRANCH,CONTROLLED_SYNTHETIC
SME000800,Synthetic SME 000800,RM029,Marmara,Healthcare,SMALL,JOINT_STOCK,2017-02-01,114,72693646.440000,31,False,False,95.860000,True,VIDEO_MEETING,CONTROLLED_SYNTHETIC
SME000801,Synthetic SME 000801,RM008,Marmara,Technology,SMALL,LIMITED,2015-04-03,136,22105982.160000,12,True,True,55.540000,True,RM_CALL,CONTROLLED_SYNTHETIC
SME000802,Synthetic SME 000802,RM028,Eastern,Transportation,MICRO,JOINT_STOCK,2015-07-08,133,2470786.240000,3,False,False,52.050000,True,RM_CALL,CONTROLLED_SYNTHETIC
SME000803,Synthetic SME 000803,RM011,Black Sea,Agriculture,MICRO,LIMITED,2025-11-17,9,15591427.800000,2,False,False,49.300000,True,VIDEO_MEETING,CONTROLLED_SYNTHETIC
SME000804,Synthetic SME 000804,RM041,Marmara,Agriculture,SMALL,SOLE_PROPRIETOR,2026-03-24,4,27713437.690000,31,False,False,72.690000,True,SECURE_MESSAGE,CONTROLLED_SYNTHETIC
SME000805,Synthetic SME 000805,RM007,Central Anatolia,Manufacturing,MEDIUM,LIMITED,2016-08-02,120,112917691.030000,67,True,False,69.120000,True,RM_CALL,CONTROLLED_SYNTHETIC
SME000806,Synthetic SME 000806,RM023,Black Sea,Hospitality,MICRO,LIMITED,2020-10-31,69,4505428.090000,5,False,False,86.880000,True,RM_CALL,CONTROLLED_SYNTHETIC
SME000807,Synthetic SME 000807,RM032,Aegean,Agriculture,MEDIUM,LIMITED,2025-11-11,9,303332113.310000,239,True,True,47.800000,True,BRANCH,CONTROLLED_SYNTHETIC
SME000808,Synthetic SME 000808,RM041,Marmara,Hospitality,MICRO,LIMITED,2020-03-25,76,7491901.040000,2,True,True,49.860000,True,SECURE_MESSAGE,CONTROLLED_SYNTHETIC
SME000809,Synthetic SME 000809,RM025,Black Sea,Retail Trade,SMALL,LIMITED,2019-11-10,81,77760993.610000,44,False,False,54.520000,True,RM_CALL,CONTROLLED_SYNTHETIC
SME000810,Synthetic SME 000810,RM012,Central Anatolia,Transportation,MICRO,LIMITED,2021-03-13,65,5533707.430000,2,False,False,80.750000,True,VIDEO_MEETING,CONTROLLED_SYNTHETIC
SME000811,Synthetic SME 000811,RM024,Eastern,Wholesale Trade,MEDIUM,LIMITED,2024-08-20,23,55592364.860000,116,True,False,84.020000,True,RM_CALL,CONTROLLED_SYNTHETIC
SME000812,Synthetic SME 000812,RM046,Mediterranean,Healthcare,SMALL,JOINT_STOCK,2022-03-05,53,75378449.000000,47,False,False,72.830000,True,RM_CALL,CONTROLLED_SYNTHETIC
SME000813,Synthetic SME 000813,RM035,Central Anatolia,Construction,MEDIUM,SOLE_PROPRIETOR,2021-12-21,55,101859877.250000,74,False,False,2.360000,True,RM_CALL,CONTROLLED_SYNTHETIC
SME000814,Synthetic SME 000814,RM029,Marmara,Hospitality,MEDIUM,LIMITED,2018-02-02,102,45279440.290000,240,True,True,51.570000,True,RM_CALL,CONTROLLED_SYNTHETIC
SME000815,Synthetic SME 000815,RM018,Mediterranean,Retail Trade,MICRO,SOLE_PROPRIETOR,2017-10-31,105,2861897.260000,4,False,False,66.860000,True,RM_CALL,CONTROLLED_SYNTHETIC
SME000816,Synthetic SME 000816,RM005,Eastern,Retail Trade,MICRO,LIMITED,2016-10-25,117,26509161.930000,9,True,False,67.490000,True,VIDEO_MEETING,CONTROLLED_SYNTHETIC
SME000817,Synthetic SME 000817,RM021,Marmara,Construction,MICRO,JOINT_STOCK,2016-09-13,119,11789857.260000,6,True,False,78.330000,True,RM_CALL,CONTROLLED_SYNTHETIC
SME000818,Synthetic SME 000818,RM009,Marmara,Professional Services,SMALL,LIMITED,2018-06-17,98,53988213.620000,38,False,True,40.400000,True,RM_CALL,CONTROLLED_SYNTHETIC
SME000819,Synthetic SME 000819,RM041,Marmara,Hospitality,MEDIUM,LIMITED,2021-03-29,64,206766135.930000,130,True,True,48.780000,True,VIDEO_MEETING,CONTROLLED_SYNTHETIC
SME000820,Synthetic SME 000820,RM009,Marmara,Transportation,MICRO,JOINT_STOCK,2022-03-15,53,8496123.370000,4,False,False,64.030000,True,RM_CALL,CONTROLLED_SYNTHETIC
SME000821,Synthetic SME 000821,RM045,Aegean,Technology,SMALL,SOLE_PROPRIETOR,2025-12-04,8,32098479.900000,12,False,False,81.810000,True,RM_CALL,CONTROLLED_SYNTHETIC
SME000822,Synthetic SME 000822,RM018,Mediterranean,Technology,MEDIUM,LIMITED,2021-02-03,66,78610945.000000,238,False,False,86.020000,True,RM_CALL,CONTROLLED_SYNTHETIC
SME000823,Synthetic SME 000823,RM036,Marmara,Wholesale Trade,MICRO,LIMITED,2022-03-24,52,5244702.300000,7,True,False,82.000000,True,SECURE_MESSAGE,CONTROLLED_SYNTHETIC
SME000824,Synthetic SME 000824,RM036,Marmara,Retail Trade,MICRO,LIMITED,2022-01-19,54,6667577.580000,8,False,False,45.720000,False,RM_CALL,CONTROLLED_SYNTHETIC
SME000825,Synthetic SME 000825,RM042,Mediterranean,Retail Trade,SMALL,LIMITED,2022-04-01,52,17693678.770000,30,False,False,73.440000,True,RM_CALL,CONTROLLED_SYNTHETIC
SME000826,Synthetic SME 000826,RM009,Marmara,Healthcare,MICRO,SOLE_PROPRIETOR,2015-08-26,131,11948641.580000,8,True,False,70.530000,True,RM_CALL,CONTROLLED_SYNTHETIC
SME000827,Synthetic SME 000827,RM007,Central Anatolia,Wholesale Trade,MICRO,SOLE_PROPRIETOR,2015-12-10,128,13175713.320000,3,False,False,47.330000,True,VIDEO_MEETING,CONTROLLED_SYNTHETIC
SME000828,Synthetic SME 000828,RM045,Aegean,Hospitality,MICRO,JOINT_STOCK,2024-09-01,23,4098446.590000,2,False,False,63.170000,True,RM_CALL,CONTROLLED_SYNTHETIC
SME000829,Synthetic SME 000829,RM012,Central Anatolia,Hospitality,MICRO,LIMITED,2015-11-22,128,1710690.290000,8,False,False,90.200000,True,BRANCH,CONTROLLED_SYNTHETIC
SME000830,Synthetic SME 000830,RM015,Marmara,Retail Trade,MICRO,LIMITED,2026-04-21,3,9005299.200000,7,False,False,72.960000,True,SECURE_MESSAGE,CONTROLLED_SYNTHETIC
SME000831,Synthetic SME 000831,RM041,Marmara,Wholesale Trade,MICRO,JOINT_STOCK,2017-06-26,109,9832152.430000,4,True,True,57.020000,True,BRANCH,CONTROLLED_SYNTHETIC
SME000832,Synthetic SME 000832,RM042,Mediterranean,Wholesale Trade,SMALL,SOLE_PROPRIETOR,2025-09-09,11,5368600.460000,21,False,False,82.490000,True,BRANCH,CONTROLLED_SYNTHETIC
SME000833,Synthetic SME 000833,RM045,Aegean,Construction,MICRO,LIMITED,2025-12-24,7,32607429.510000,6,False,False,34.260000,True,VIDEO_MEETING,CONTROLLED_SYNTHETIC
SME000834,Synthetic SME 000834,RM035,Central Anatolia,Retail Trade,MICRO,LIMITED,2021-11-14,57,8276078.480000,4,False,False,71.770000,True,RM_CALL,CONTROLLED_SYNTHETIC
SME000835,Synthetic SME 000835,RM026,Black Sea,Construction,SMALL,JOINT_STOCK,2019-07-19,85,19359660.750000,31,False,False,57.060000,True,BRANCH,CONTROLLED_SYNTHETIC
SME000836,Synthetic SME 000836,RM015,Marmara,Technology,SMALL,LIMITED,2023-11-15,33,37585460.070000,48,True,False,97.790000,True,SECURE_MESSAGE,CONTROLLED_SYNTHETIC
SME000837,Synthetic SME 000837,RM007,Central Anatolia,Hospitality,MICRO,LIMITED,2016-09-10,119,5798371.650000,7,False,False,83.840000,True,SECURE_MESSAGE,CONTROLLED_SYNTHETIC
SME000838,Synthetic SME 000838,RM036,Marmara,Professional Services,MICRO,LIMITED,2026-01-01,7,5502313.490000,4,False,True,74.290000,True,RM_CALL,CONTROLLED_SYNTHETIC
SME000839,Synthetic SME 000839,RM015,Marmara,Construction,MICRO,JOINT_STOCK,2017-03-11,113,8806518.710000,4,False,False,71.920000,True,SECURE_MESSAGE,CONTROLLED_SYNTHETIC
SME000840,Synthetic SME 000840,RM029,Marmara,Manufacturing,MICRO,LIMITED,2016-06-03,122,13830702.430000,6,False,True,51.550000,True,VIDEO_MEETING,CONTROLLED_SYNTHETIC
SME000841,Synthetic SME 000841,RM047,Central Anatolia,Manufacturing,MICRO,JOINT_STOCK,2019-01-08,91,11152443.530000,9,False,False,25.370000,True,RM_CALL,CONTROLLED_SYNTHETIC
SME000842,Synthetic SME 000842,RM036,Marmara,Healthcare,SMALL,LIMITED,2023-07-14,37,23267509.400000,44,False,False,54.200000,True,RM_CALL,CONTROLLED_SYNTHETIC
SME000843,Synthetic SME 000843,RM019,Aegean,Healthcare,MICRO,JOINT_STOCK,2023-09-29,34,3101968.560000,4,True,False,94.020000,True,VIDEO_MEETING,CONTROLLED_SYNTHETIC
SME000844,Synthetic SME 000844,RM010,Central Anatolia,Wholesale Trade,MEDIUM,SOLE_PROPRIETOR,2023-03-03,41,190018509.880000,175,True,True,91.720000,True,RM_CALL,CONTROLLED_SYNTHETIC
SME000845,Synthetic SME 000845,RM042,Mediterranean,Professional Services,MICRO,JOINT_STOCK,2019-10-05,82,6450532.540000,6,False,False,87.110000,True,VIDEO_MEETING,CONTROLLED_SYNTHETIC
SME000846,Synthetic SME 000846,RM014,Eastern,Manufacturing,SMALL,LIMITED,2016-12-29,115,25231559.310000,27,False,False,35.650000,True,BRANCH,CONTROLLED_SYNTHETIC
SME000847,Synthetic SME 000847,RM004,Central Anatolia,Hospitality,MICRO,LIMITED,2022-09-25,46,8585969.700000,5,False,False,55.960000,True,SECURE_MESSAGE,CONTROLLED_SYNTHETIC
SME000848,Synthetic SME 000848,RM001,Mediterranean,Transportation,MICRO,JOINT_STOCK,2018-10-19,94,6714610.750000,4,False,True,41.880000,True,BRANCH,CONTROLLED_SYNTHETIC
SME000849,Synthetic SME 000849,RM017,Aegean,Transportation,MICRO,LIMITED,2019-09-04,83,5985130.960000,5,False,False,77.980000,True,RM_CALL,CONTROLLED_SYNTHETIC
SME000850,Synthetic SME 000850,RM016,Mediterranean,Transportation,SMALL,LIMITED,2025-03-28,16,7142726.370000,15,False,False,25.610000,True,RM_CALL,CONTROLLED_SYNTHETIC
SME000851,Synthetic SME 000851,RM015,Marmara,Hospitality,SMALL,LIMITED,2015-06-22,133,13431657.830000,39,False,False,77.220000,True,RM_CALL,CONTROLLED_SYNTHETIC
SME000852,Synthetic SME 000852,RM015,Marmara,Hospitality,MICRO,LIMITED,2017-03-07,113,10188227.410000,2,False,False,30.500000,True,BRANCH,CONTROLLED_SYNTHETIC
SME000853,Synthetic SME 000853,RM047,Central Anatolia,Transportation,MICRO,LIMITED,2019-01-13,91,19744710.260000,2,False,False,68.630000,True,RM_CALL,CONTROLLED_SYNTHETIC
SME000854,Synthetic SME 000854,RM022,Central Anatolia,Construction,MICRO,JOINT_STOCK,2018-01-25,102,16255575.430000,3,False,False,63.260000,True,BRANCH,CONTROLLED_SYNTHETIC
SME000855,Synthetic SME 000855,RM008,Marmara,Agriculture,MEDIUM,JOINT_STOCK,2023-05-25,38,171095531.390000,67,False,True,91.430000,True,SECURE_MESSAGE,CONTROLLED_SYNTHETIC
SME000856,Synthetic SME 000856,RM012,Central Anatolia,Agriculture,MICRO,LIMITED,2016-05-08,123,6603139.630000,3,True,False,58.320000,True,RM_CALL,CONTROLLED_SYNTHETIC
SME000857,Synthetic SME 000857,RM036,Marmara,Wholesale Trade,MICRO,LIMITED,2019-10-24,81,5731620.390000,2,False,False,64.850000,True,VIDEO_MEETING,CONTROLLED_SYNTHETIC
SME000858,Synthetic SME 000858,RM042,Mediterranean,Agriculture,SMALL,LIMITED,2021-11-17,57,41546404.880000,29,False,False,55.680000,True,RM_CALL,CONTROLLED_SYNTHETIC
SME000859,Synthetic SME 000859,RM002,Marmara,Technology,SMALL,LIMITED,2024-07-06,25,30832156.550000,49,False,False,59.790000,True,SECURE_MESSAGE,CONTROLLED_SYNTHETIC
SME000860,Synthetic SME 000860,RM006,Aegean,Healthcare,SMALL,JOINT_STOCK,2016-11-04,117,47984974.890000,13,False,False,52.540000,True,BRANCH,CONTROLLED_SYNTHETIC
SME000861,Synthetic SME 000861,RM035,Central Anatolia,Wholesale Trade,MICRO,SOLE_PROPRIETOR,2019-08-20,84,9283132.740000,5,False,True,51.500000,True,RM_CALL,CONTROLLED_SYNTHETIC
SME000862,Synthetic SME 000862,RM016,Mediterranean,Wholesale Trade,SMALL,SOLE_PROPRIETOR,2022-06-10,50,40253440.520000,47,False,False,20.750000,True,SECURE_MESSAGE,CONTROLLED_SYNTHETIC
SME000863,Synthetic SME 000863,RM009,Marmara,Wholesale Trade,MICRO,LIMITED,2015-03-02,137,11779709.670000,3,False,False,16.730000,True,RM_CALL,CONTROLLED_SYNTHETIC
SME000864,Synthetic SME 000864,RM011,Black Sea,Professional Services,MICRO,SOLE_PROPRIETOR,2017-04-25,111,4543654.670000,4,False,False,94.590000,True,RM_CALL,CONTROLLED_SYNTHETIC
SME000865,Synthetic SME 000865,RM036,Marmara,Hospitality,MICRO,SOLE_PROPRIETOR,2020-09-17,71,7192788.170000,5,False,True,76.980000,True,BRANCH,CONTROLLED_SYNTHETIC
SME000866,Synthetic SME 000866,RM040,Black Sea,Retail Trade,MEDIUM,LIMITED,2024-09-24,22,217309814.670000,127,True,True,35.580000,True,SECURE_MESSAGE,CONTROLLED_SYNTHETIC
SME000867,Synthetic SME 000867,RM005,Eastern,Agriculture,SMALL,LIMITED,2018-01-29,102,35257618.910000,48,False,False,46.650000,True,VIDEO_MEETING,CONTROLLED_SYNTHETIC
SME000868,Synthetic SME 000868,RM009,Marmara,Healthcare,MICRO,JOINT_STOCK,2015-08-07,132,14795512.340000,7,False,False,53.500000,True,BRANCH,CONTROLLED_SYNTHETIC
SME000869,Synthetic SME 000869,RM017,Aegean,Wholesale Trade,SMALL,LIMITED,2018-08-14,96,25786546.340000,21,False,False,70.830000,True,VIDEO_MEETING,CONTROLLED_SYNTHETIC
SME000870,Synthetic SME 000870,RM020,Mediterranean,Wholesale Trade,SMALL,SOLE_PROPRIETOR,2016-11-07,117,14710434.020000,22,False,True,41.760000,True,RM_CALL,CONTROLLED_SYNTHETIC
SME000871,Synthetic SME 000871,RM019,Aegean,Construction,SMALL,LIMITED,2016-10-15,118,43150429.360000,30,False,False,66.000000,True,RM_CALL,CONTROLLED_SYNTHETIC
SME000872,Synthetic SME 000872,RM008,Marmara,Hospitality,MICRO,LIMITED,2020-04-28,75,15313333.300000,4,False,True,36.430000,True,RM_CALL,CONTROLLED_SYNTHETIC
SME000873,Synthetic SME 000873,RM020,Mediterranean,Agriculture,MEDIUM,LIMITED,2025-01-20,18,78689558.840000,71,False,True,85.200000,True,RM_CALL,CONTROLLED_SYNTHETIC
SME000874,Synthetic SME 000874,RM037,Aegean,Agriculture,MICRO,LIMITED,2022-02-12,54,2395142.750000,9,False,True,64.910000,True,SECURE_MESSAGE,CONTROLLED_SYNTHETIC
SME000875,Synthetic SME 000875,RM023,Black Sea,Construction,SMALL,LIMITED,2016-08-11,120,90389263.900000,22,True,False,69.280000,True,RM_CALL,CONTROLLED_SYNTHETIC
SME000876,Synthetic SME 000876,RM009,Marmara,Transportation,MICRO,SOLE_PROPRIETOR,2016-12-16,116,11999227.880000,7,False,False,85.260000,True,RM_CALL,CONTROLLED_SYNTHETIC
SME000877,Synthetic SME 000877,RM008,Marmara,Construction,MICRO,LIMITED,2021-02-23,65,8767408.210000,9,False,False,23.590000,True,RM_CALL,CONTROLLED_SYNTHETIC
SME000878,Synthetic SME 000878,RM046,Mediterranean,Agriculture,MICRO,LIMITED,2017-02-18,114,16924987.550000,3,False,False,53.250000,True,RM_CALL,CONTROLLED_SYNTHETIC
SME000879,Synthetic SME 000879,RM044,Eastern,Construction,MEDIUM,JOINT_STOCK,2025-07-09,13,151798772.050000,227,True,False,82.130000,True,RM_CALL,CONTROLLED_SYNTHETIC
SME000880,Synthetic SME 000880,RM047,Central Anatolia,Technology,SMALL,LIMITED,2019-05-21,86,112699633.560000,30,False,False,41.240000,True,RM_CALL,CONTROLLED_SYNTHETIC
SME000881,Synthetic SME 000881,RM035,Central Anatolia,Retail Trade,SMALL,LIMITED,2018-12-31,91,35021552.770000,44,False,False,24.480000,True,BRANCH,CONTROLLED_SYNTHETIC
SME000882,Synthetic SME 000882,RM048,Eastern,Healthcare,MEDIUM,LIMITED,2019-01-08,91,67585623.200000,79,False,False,63.300000,True,RM_CALL,CONTROLLED_SYNTHETIC
SME000883,Synthetic SME 000883,RM037,Aegean,Agriculture,MICRO,JOINT_STOCK,2024-12-05,20,16075437.130000,5,False,True,90.200000,True,RM_CALL,CONTROLLED_SYNTHETIC
SME000884,Synthetic SME 000884,RM006,Aegean,Transportation,MEDIUM,LIMITED,2022-06-07,50,126104000.200000,58,True,False,60.960000,True,BRANCH,CONTROLLED_SYNTHETIC
SME000885,Synthetic SME 000885,RM047,Central Anatolia,Construction,MICRO,SOLE_PROPRIETOR,2015-12-03,128,4651298.990000,9,False,False,56.600000,True,BRANCH,CONTROLLED_SYNTHETIC
SME000886,Synthetic SME 000886,RM008,Marmara,Construction,SMALL,JOINT_STOCK,2015-08-07,132,3764341.680000,42,False,True,91.740000,True,BRANCH,CONTROLLED_SYNTHETIC
SME000887,Synthetic SME 000887,RM030,Central Anatolia,Retail Trade,SMALL,LIMITED,2022-12-26,43,24480039.090000,13,False,False,86.300000,True,RM_CALL,CONTROLLED_SYNTHETIC
SME000888,Synthetic SME 000888,RM015,Marmara,Professional Services,SMALL,LIMITED,2020-01-12,79,7144422.510000,38,False,False,68.380000,True,RM_CALL,CONTROLLED_SYNTHETIC
SME000889,Synthetic SME 000889,RM002,Marmara,Manufacturing,SMALL,JOINT_STOCK,2018-10-30,93,5316168.680000,18,True,False,78.540000,True,RM_CALL,CONTROLLED_SYNTHETIC
SME000890,Synthetic SME 000890,RM045,Aegean,Agriculture,MICRO,LIMITED,2020-01-29,78,6046810.590000,7,True,False,73.300000,True,BRANCH,CONTROLLED_SYNTHETIC
SME000891,Synthetic SME 000891,RM041,Marmara,Transportation,MEDIUM,JOINT_STOCK,2025-05-31,14,202254135.110000,62,True,True,73.460000,True,RM_CALL,CONTROLLED_SYNTHETIC
SME000892,Synthetic SME 000892,RM024,Eastern,Transportation,MEDIUM,SOLE_PROPRIETOR,2017-04-22,111,64781398.030000,104,True,False,31.660000,True,VIDEO_MEETING,CONTROLLED_SYNTHETIC
SME000893,Synthetic SME 000893,RM018,Mediterranean,Construction,MICRO,JOINT_STOCK,2023-04-05,40,4408373.830000,8,True,False,73.020000,True,SECURE_MESSAGE,CONTROLLED_SYNTHETIC
SME000894,Synthetic SME 000894,RM046,Mediterranean,Manufacturing,MICRO,LIMITED,2019-02-16,90,2994960.300000,9,True,True,70.500000,True,BRANCH,CONTROLLED_SYNTHETIC
SME000895,Synthetic SME 000895,RM006,Aegean,Retail Trade,MICRO,LIMITED,2024-04-30,27,9557248.420000,3,False,True,13.980000,True,RM_CALL,CONTROLLED_SYNTHETIC
SME000896,Synthetic SME 000896,RM018,Mediterranean,Agriculture,SMALL,LIMITED,2024-01-10,31,31401118.550000,21,False,True,40.390000,True,BRANCH,CONTROLLED_SYNTHETIC
SME000897,Synthetic SME 000897,RM002,Marmara,Retail Trade,SMALL,LIMITED,2015-06-03,134,18909825.120000,47,False,False,55.860000,False,RM_CALL,CONTROLLED_SYNTHETIC
SME000898,Synthetic SME 000898,RM010,Central Anatolia,Healthcare,SMALL,LIMITED,2022-01-18,55,18088453.540000,40,False,False,87.030000,True,RM_CALL,CONTROLLED_SYNTHETIC
SME000899,Synthetic SME 000899,RM041,Marmara,Healthcare,MICRO,LIMITED,2021-02-11,66,8830637.680000,7,False,False,82.680000,True,RM_CALL,CONTROLLED_SYNTHETIC
SME000900,Synthetic SME 000900,RM045,Aegean,Hospitality,SMALL,LIMITED,2016-07-03,121,26809275.860000,14,False,False,73.010000,True,VIDEO_MEETING,CONTROLLED_SYNTHETIC
SME000901,Synthetic SME 000901,RM030,Central Anatolia,Professional Services,MICRO,LIMITED,2020-12-09,68,7028334.470000,4,True,False,78.620000,True,RM_CALL,CONTROLLED_SYNTHETIC
SME000902,Synthetic SME 000902,RM017,Aegean,Manufacturing,MICRO,LIMITED,2019-08-19,84,8262392.300000,8,False,False,64.310000,True,VIDEO_MEETING,CONTROLLED_SYNTHETIC
SME000903,Synthetic SME 000903,RM040,Black Sea,Technology,SMALL,JOINT_STOCK,2023-06-28,37,20647187.310000,47,False,False,29.080000,True,VIDEO_MEETING,CONTROLLED_SYNTHETIC
SME000904,Synthetic SME 000904,RM004,Central Anatolia,Agriculture,MEDIUM,JOINT_STOCK,2018-10-17,94,83831391.270000,247,False,False,34.170000,True,VIDEO_MEETING,CONTROLLED_SYNTHETIC
SME000905,Synthetic SME 000905,RM015,Marmara,Retail Trade,MEDIUM,LIMITED,2015-05-22,134,115259342.190000,56,True,True,79.100000,True,SECURE_MESSAGE,CONTROLLED_SYNTHETIC
SME000906,Synthetic SME 000906,RM021,Marmara,Construction,SMALL,SOLE_PROPRIETOR,2015-11-26,128,13535746.540000,13,False,False,79.310000,True,RM_CALL,CONTROLLED_SYNTHETIC
SME000907,Synthetic SME 000907,RM002,Marmara,Retail Trade,MICRO,SOLE_PROPRIETOR,2016-09-02,119,5119773.730000,6,True,False,76.890000,True,VIDEO_MEETING,CONTROLLED_SYNTHETIC
SME000908,Synthetic SME 000908,RM041,Marmara,Hospitality,MICRO,JOINT_STOCK,2017-07-14,109,5986798.860000,3,False,False,54.310000,True,VIDEO_MEETING,CONTROLLED_SYNTHETIC
SME000909,Synthetic SME 000909,RM041,Marmara,Professional Services,SMALL,LIMITED,2018-05-16,99,53271486.250000,15,False,False,68.980000,True,VIDEO_MEETING,CONTROLLED_SYNTHETIC
SME000910,Synthetic SME 000910,RM046,Mediterranean,Hospitality,MEDIUM,LIMITED,2021-11-30,56,56933240.190000,122,True,False,84.010000,False,RM_CALL,CONTROLLED_SYNTHETIC
SME000911,Synthetic SME 000911,RM016,Mediterranean,Construction,SMALL,LIMITED,2020-08-25,71,22488266.210000,25,True,False,64.310000,True,BRANCH,CONTROLLED_SYNTHETIC
SME000912,Synthetic SME 000912,RM015,Marmara,Transportation,MICRO,SOLE_PROPRIETOR,2020-01-19,79,10234837.630000,4,True,False,52.020000,True,RM_CALL,CONTROLLED_SYNTHETIC
SME000913,Synthetic SME 000913,RM015,Marmara,Wholesale Trade,MICRO,LIMITED,2020-12-24,67,12520685.050000,8,False,False,41.900000,True,RM_CALL,CONTROLLED_SYNTHETIC
SME000914,Synthetic SME 000914,RM021,Marmara,Construction,MICRO,LIMITED,2017-03-22,112,4951687.080000,3,True,False,44.730000,True,VIDEO_MEETING,CONTROLLED_SYNTHETIC
SME000915,Synthetic SME 000915,RM036,Marmara,Transportation,SMALL,LIMITED,2025-06-11,14,16036048.130000,40,False,False,76.000000,False,BRANCH,CONTROLLED_SYNTHETIC
SME000916,Synthetic SME 000916,RM002,Marmara,Construction,MICRO,JOINT_STOCK,2024-12-12,20,3726301.940000,4,False,False,84.240000,True,RM_CALL,CONTROLLED_SYNTHETIC
SME000917,Synthetic SME 000917,RM017,Aegean,Construction,MICRO,LIMITED,2021-06-24,61,13207529.620000,3,False,True,38.800000,False,RM_CALL,CONTROLLED_SYNTHETIC
SME000918,Synthetic SME 000918,RM041,Marmara,Retail Trade,MICRO,LIMITED,2025-03-10,17,27565709.470000,4,True,False,96.730000,True,BRANCH,CONTROLLED_SYNTHETIC
SME000919,Synthetic SME 000919,RM019,Aegean,Transportation,MICRO,LIMITED,2025-04-29,15,5080459.020000,9,True,True,85.500000,False,RM_CALL,CONTROLLED_SYNTHETIC
SME000920,Synthetic SME 000920,RM003,Black Sea,Manufacturing,MICRO,LIMITED,2019-04-17,88,8325139.650000,5,True,False,63.820000,True,BRANCH,CONTROLLED_SYNTHETIC
SME000921,Synthetic SME 000921,RM015,Marmara,Agriculture,MICRO,JOINT_STOCK,2022-10-07,46,8438531.940000,8,False,False,69.790000,True,RM_CALL,CONTROLLED_SYNTHETIC
SME000922,Synthetic SME 000922,RM034,Aegean,Healthcare,SMALL,JOINT_STOCK,2019-04-08,88,17538723.380000,11,False,True,49.130000,True,SECURE_MESSAGE,CONTROLLED_SYNTHETIC
SME000923,Synthetic SME 000923,RM023,Black Sea,Healthcare,SMALL,JOINT_STOCK,2021-09-14,59,12917138.720000,13,False,True,94.240000,True,RM_CALL,CONTROLLED_SYNTHETIC
SME000924,Synthetic SME 000924,RM030,Central Anatolia,Manufacturing,MEDIUM,JOINT_STOCK,2023-02-04,42,88872512.100000,70,True,False,95.510000,True,RM_CALL,CONTROLLED_SYNTHETIC
SME000925,Synthetic SME 000925,RM012,Central Anatolia,Construction,MEDIUM,JOINT_STOCK,2023-10-01,34,178317712.410000,131,False,True,94.350000,True,RM_CALL,CONTROLLED_SYNTHETIC
SME000926,Synthetic SME 000926,RM037,Aegean,Hospitality,MICRO,LIMITED,2025-07-08,13,8811325.560000,8,False,False,70.980000,True,RM_CALL,CONTROLLED_SYNTHETIC
SME000927,Synthetic SME 000927,RM009,Marmara,Construction,SMALL,LIMITED,2024-05-17,27,43724246.000000,40,False,False,78.240000,True,BRANCH,CONTROLLED_SYNTHETIC
SME000928,Synthetic SME 000928,RM017,Aegean,Manufacturing,MICRO,LIMITED,2016-12-22,115,8401656.040000,2,False,False,41.090000,True,BRANCH,CONTROLLED_SYNTHETIC
SME000929,Synthetic SME 000929,RM034,Aegean,Healthcare,MEDIUM,JOINT_STOCK,2016-08-04,120,295296054.630000,107,False,False,55.550000,True,SECURE_MESSAGE,CONTROLLED_SYNTHETIC
SME000930,Synthetic SME 000930,RM038,Aegean,Professional Services,MEDIUM,LIMITED,2016-06-20,121,171117581.640000,151,False,True,74.110000,True,RM_CALL,CONTROLLED_SYNTHETIC
SME000931,Synthetic SME 000931,RM030,Central Anatolia,Healthcare,MEDIUM,JOINT_STOCK,2023-12-09,32,90880978.720000,119,False,True,75.140000,True,BRANCH,CONTROLLED_SYNTHETIC
SME000932,Synthetic SME 000932,RM042,Mediterranean,Agriculture,SMALL,SOLE_PROPRIETOR,2018-03-25,100,17519241.910000,47,False,False,23.420000,True,BRANCH,CONTROLLED_SYNTHETIC
SME000933,Synthetic SME 000933,RM029,Marmara,Construction,SMALL,SOLE_PROPRIETOR,2021-10-07,58,28401220.450000,27,False,False,44.400000,True,VIDEO_MEETING,CONTROLLED_SYNTHETIC
SME000934,Synthetic SME 000934,RM041,Marmara,Healthcare,MICRO,LIMITED,2017-08-20,107,17795826.440000,3,False,False,81.500000,True,VIDEO_MEETING,CONTROLLED_SYNTHETIC
SME000935,Synthetic SME 000935,RM007,Central Anatolia,Hospitality,MICRO,LIMITED,2021-06-24,61,8382897.980000,4,False,False,48.800000,True,BRANCH,CONTROLLED_SYNTHETIC
SME000936,Synthetic SME 000936,RM008,Marmara,Professional Services,MICRO,SOLE_PROPRIETOR,2017-08-14,108,14200944.660000,3,False,False,52.710000,True,SECURE_MESSAGE,CONTROLLED_SYNTHETIC
SME000937,Synthetic SME 000937,RM046,Mediterranean,Transportation,SMALL,LIMITED,2026-04-02,4,26293559.230000,35,False,False,85.780000,True,RM_CALL,CONTROLLED_SYNTHETIC
SME000938,Synthetic SME 000938,RM007,Central Anatolia,Manufacturing,MICRO,LIMITED,2024-05-19,27,2606541.190000,8,False,False,80.330000,True,RM_CALL,CONTROLLED_SYNTHETIC
SME000939,Synthetic SME 000939,RM039,Eastern,Hospitality,SMALL,JOINT_STOCK,2015-04-07,136,41709817.250000,23,False,False,33.980000,True,VIDEO_MEETING,CONTROLLED_SYNTHETIC
SME000940,Synthetic SME 000940,RM008,Marmara,Wholesale Trade,MICRO,JOINT_STOCK,2017-08-08,108,9898762.000000,8,True,False,72.260000,True,VIDEO_MEETING,CONTROLLED_SYNTHETIC
SME000941,Synthetic SME 000941,RM030,Central Anatolia,Manufacturing,SMALL,LIMITED,2016-04-18,124,23097587.220000,41,False,False,66.240000,True,VIDEO_MEETING,CONTROLLED_SYNTHETIC
SME000942,Synthetic SME 000942,RM033,Mediterranean,Technology,MICRO,LIMITED,2017-03-10,113,5167934.680000,2,False,False,65.980000,True,SECURE_MESSAGE,CONTROLLED_SYNTHETIC
SME000943,Synthetic SME 000943,RM036,Marmara,Transportation,SMALL,LIMITED,2018-09-14,95,26366427.720000,38,False,False,61.140000,True,VIDEO_MEETING,CONTROLLED_SYNTHETIC
SME000944,Synthetic SME 000944,RM021,Marmara,Agriculture,MICRO,LIMITED,2021-08-21,59,18827935.500000,2,False,False,38.700000,True,BRANCH,CONTROLLED_SYNTHETIC
SME000945,Synthetic SME 000945,RM008,Marmara,Professional Services,MICRO,SOLE_PROPRIETOR,2021-07-30,60,10044960.390000,9,True,False,81.190000,True,BRANCH,CONTROLLED_SYNTHETIC
SME000946,Synthetic SME 000946,RM037,Aegean,Agriculture,SMALL,LIMITED,2024-06-22,25,10356574.110000,28,False,False,48.960000,False,BRANCH,CONTROLLED_SYNTHETIC
SME000947,Synthetic SME 000947,RM009,Marmara,Manufacturing,MICRO,JOINT_STOCK,2018-09-16,95,17449380.820000,5,False,False,63.950000,True,VIDEO_MEETING,CONTROLLED_SYNTHETIC
SME000948,Synthetic SME 000948,RM021,Marmara,Wholesale Trade,SMALL,LIMITED,2023-04-21,39,55629097.180000,49,True,True,80.070000,True,SECURE_MESSAGE,CONTROLLED_SYNTHETIC
SME000949,Synthetic SME 000949,RM032,Aegean,Manufacturing,SMALL,JOINT_STOCK,2017-03-03,113,33019376.250000,29,True,False,72.400000,False,BRANCH,CONTROLLED_SYNTHETIC
SME000950,Synthetic SME 000950,RM039,Eastern,Agriculture,MICRO,LIMITED,2020-12-08,68,8533212.430000,3,False,True,63.420000,False,VIDEO_MEETING,CONTROLLED_SYNTHETIC
SME000951,Synthetic SME 000951,RM029,Marmara,Technology,SMALL,LIMITED,2015-03-18,137,21808297.800000,48,False,False,40.960000,True,BRANCH,CONTROLLED_SYNTHETIC
SME000952,Synthetic SME 000952,RM009,Marmara,Transportation,MICRO,LIMITED,2022-12-15,44,10631053.550000,4,False,False,47.970000,True,RM_CALL,CONTROLLED_SYNTHETIC
SME000953,Synthetic SME 000953,RM021,Marmara,Hospitality,MICRO,LIMITED,2018-05-01,99,6931035.200000,2,False,False,87.600000,True,VIDEO_MEETING,CONTROLLED_SYNTHETIC
SME000954,Synthetic SME 000954,RM022,Central Anatolia,Hospitality,MICRO,LIMITED,2023-08-05,36,1634207.160000,6,False,False,79.580000,True,SECURE_MESSAGE,CONTROLLED_SYNTHETIC
SME000955,Synthetic SME 000955,RM009,Marmara,Agriculture,SMALL,LIMITED,2025-02-20,17,28628157.930000,13,True,False,49.050000,True,VIDEO_MEETING,CONTROLLED_SYNTHETIC
SME000956,Synthetic SME 000956,RM035,Central Anatolia,Technology,MICRO,SOLE_PROPRIETOR,2020-04-27,75,10790431.970000,5,False,False,90.700000,True,RM_CALL,CONTROLLED_SYNTHETIC
SME000957,Synthetic SME 000957,RM043,Mediterranean,Construction,MICRO,LIMITED,2025-02-04,18,4857520.230000,9,False,False,70.250000,True,SECURE_MESSAGE,CONTROLLED_SYNTHETIC
SME000958,Synthetic SME 000958,RM041,Marmara,Professional Services,MICRO,SOLE_PROPRIETOR,2024-09-28,22,5481026.670000,4,False,False,71.580000,True,VIDEO_MEETING,CONTROLLED_SYNTHETIC
SME000959,Synthetic SME 000959,RM004,Central Anatolia,Agriculture,MICRO,LIMITED,2022-08-11,48,10002262.010000,6,True,False,70.020000,True,SECURE_MESSAGE,CONTROLLED_SYNTHETIC
SME000960,Synthetic SME 000960,RM047,Central Anatolia,Professional Services,MICRO,LIMITED,2024-08-17,24,19367979.790000,9,False,False,67.470000,True,BRANCH,CONTROLLED_SYNTHETIC
SME000961,Synthetic SME 000961,RM025,Black Sea,Manufacturing,SMALL,LIMITED,2024-06-23,25,60462208.540000,46,False,False,50.360000,True,RM_CALL,CONTROLLED_SYNTHETIC
SME000962,Synthetic SME 000962,RM045,Aegean,Professional Services,MICRO,JOINT_STOCK,2015-09-30,130,7344586.620000,5,False,False,63.320000,True,BRANCH,CONTROLLED_SYNTHETIC
SME000963,Synthetic SME 000963,RM036,Marmara,Wholesale Trade,SMALL,SOLE_PROPRIETOR,2019-10-15,82,17828454.550000,47,False,False,85.650000,False,VIDEO_MEETING,CONTROLLED_SYNTHETIC
SME000964,Synthetic SME 000964,RM042,Mediterranean,Hospitality,SMALL,JOINT_STOCK,2016-04-13,124,23068125.180000,23,False,False,60.160000,True,VIDEO_MEETING,CONTROLLED_SYNTHETIC
SME000965,Synthetic SME 000965,RM043,Mediterranean,Technology,MICRO,SOLE_PROPRIETOR,2023-04-03,40,7463507.990000,2,False,False,58.770000,False,VIDEO_MEETING,CONTROLLED_SYNTHETIC
SME000966,Synthetic SME 000966,RM020,Mediterranean,Professional Services,MICRO,JOINT_STOCK,2018-01-12,103,36099198.910000,6,False,False,73.980000,True,RM_CALL,CONTROLLED_SYNTHETIC
SME000967,Synthetic SME 000967,RM041,Marmara,Manufacturing,MICRO,LIMITED,2024-11-08,21,4698972.550000,2,False,False,65.730000,False,SECURE_MESSAGE,CONTROLLED_SYNTHETIC
SME000968,Synthetic SME 000968,RM045,Aegean,Technology,SMALL,LIMITED,2022-06-21,49,69420969.280000,47,False,False,88.150000,False,BRANCH,CONTROLLED_SYNTHETIC
SME000969,Synthetic SME 000969,RM016,Mediterranean,Construction,SMALL,JOINT_STOCK,2022-07-26,48,31700281.100000,28,False,True,89.510000,True,VIDEO_MEETING,CONTROLLED_SYNTHETIC
SME000970,Synthetic SME 000970,RM017,Aegean,Agriculture,MICRO,LIMITED,2025-01-30,18,3504679.920000,2,False,False,81.490000,True,RM_CALL,CONTROLLED_SYNTHETIC
SME000971,Synthetic SME 000971,RM029,Marmara,Retail Trade,MEDIUM,JOINT_STOCK,2024-02-03,30,74415366.890000,224,True,True,55.960000,True,RM_CALL,CONTROLLED_SYNTHETIC
SME000972,Synthetic SME 000972,RM030,Central Anatolia,Healthcare,SMALL,SOLE_PROPRIETOR,2025-03-25,16,44458983.790000,11,False,False,98.610000,True,VIDEO_MEETING,CONTROLLED_SYNTHETIC
SME000973,Synthetic SME 000973,RM012,Central Anatolia,Construction,MICRO,SOLE_PROPRIETOR,2023-11-13,33,9126908.850000,5,False,False,53.790000,True,RM_CALL,CONTROLLED_SYNTHETIC
SME000974,Synthetic SME 000974,RM033,Mediterranean,Technology,SMALL,SOLE_PROPRIETOR,2019-01-22,90,11450841.820000,47,True,False,31.230000,True,RM_CALL,CONTROLLED_SYNTHETIC
SME000975,Synthetic SME 000975,RM012,Central Anatolia,Retail Trade,SMALL,LIMITED,2022-11-12,45,11192501.380000,41,False,False,90.380000,True,VIDEO_MEETING,CONTROLLED_SYNTHETIC
SME000976,Synthetic SME 000976,RM008,Marmara,Agriculture,SMALL,SOLE_PROPRIETOR,2016-05-21,122,29854501.270000,48,True,True,50.840000,True,BRANCH,CONTROLLED_SYNTHETIC
SME000977,Synthetic SME 000977,RM015,Marmara,Transportation,MICRO,LIMITED,2020-09-27,70,14929477.010000,9,True,False,29.140000,True,VIDEO_MEETING,CONTROLLED_SYNTHETIC
SME000978,Synthetic SME 000978,RM046,Mediterranean,Professional Services,SMALL,JOINT_STOCK,2017-02-24,113,37610314.620000,19,True,False,48.300000,True,VIDEO_MEETING,CONTROLLED_SYNTHETIC
SME000979,Synthetic SME 000979,RM017,Aegean,Manufacturing,MICRO,LIMITED,2024-07-27,24,13195971.190000,6,False,True,73.770000,True,VIDEO_MEETING,CONTROLLED_SYNTHETIC
SME000980,Synthetic SME 000980,RM013,Black Sea,Professional Services,MICRO,SOLE_PROPRIETOR,2025-06-20,13,10435426.220000,4,False,False,41.010000,True,RM_CALL,CONTROLLED_SYNTHETIC
SME000981,Synthetic SME 000981,RM038,Aegean,Agriculture,MICRO,LIMITED,2021-04-11,64,14342536.820000,6,False,True,39.140000,True,RM_CALL,CONTROLLED_SYNTHETIC
SME000982,Synthetic SME 000982,RM001,Mediterranean,Technology,SMALL,SOLE_PROPRIETOR,2026-01-19,6,39784646.690000,24,False,False,71.490000,True,BRANCH,CONTROLLED_SYNTHETIC
SME000983,Synthetic SME 000983,RM043,Mediterranean,Transportation,MEDIUM,LIMITED,2015-05-05,135,160611935.140000,210,False,False,32.160000,True,RM_CALL,CONTROLLED_SYNTHETIC
SME000984,Synthetic SME 000984,RM009,Marmara,Healthcare,MICRO,SOLE_PROPRIETOR,2015-10-31,129,5960390.280000,5,False,False,18.090000,True,RM_CALL,CONTROLLED_SYNTHETIC
SME000985,Synthetic SME 000985,RM026,Black Sea,Healthcare,MEDIUM,SOLE_PROPRIETOR,2023-08-03,36,303807603.930000,105,False,False,79.460000,True,RM_CALL,CONTROLLED_SYNTHETIC
SME000986,Synthetic SME 000986,RM016,Mediterranean,Wholesale Trade,SMALL,LIMITED,2020-01-13,79,63865260.160000,33,True,False,39.920000,True,BRANCH,CONTROLLED_SYNTHETIC
SME000987,Synthetic SME 000987,RM028,Eastern,Manufacturing,MICRO,LIMITED,2015-03-27,136,4778639.720000,6,True,False,32.580000,True,SECURE_MESSAGE,CONTROLLED_SYNTHETIC
SME000988,Synthetic SME 000988,RM019,Aegean,Wholesale Trade,SMALL,LIMITED,2019-12-10,80,22331060.160000,10,False,True,64.320000,True,RM_CALL,CONTROLLED_SYNTHETIC
SME000989,Synthetic SME 000989,RM028,Eastern,Professional Services,MICRO,LIMITED,2024-03-17,29,10076112.660000,3,False,False,63.440000,False,RM_CALL,CONTROLLED_SYNTHETIC
SME000990,Synthetic SME 000990,RM029,Marmara,Hospitality,MICRO,JOINT_STOCK,2017-04-30,111,7836164.830000,8,True,False,83.750000,True,RM_CALL,CONTROLLED_SYNTHETIC
SME000991,Synthetic SME 000991,RM013,Black Sea,Retail Trade,MICRO,SOLE_PROPRIETOR,2025-03-02,17,2133901.600000,9,False,False,57.300000,True,BRANCH,CONTROLLED_SYNTHETIC
SME000992,Synthetic SME 000992,RM020,Mediterranean,Retail Trade,SMALL,SOLE_PROPRIETOR,2023-08-02,36,15091611.740000,43,True,True,77.090000,True,BRANCH,CONTROLLED_SYNTHETIC
SME000993,Synthetic SME 000993,RM038,Aegean,Manufacturing,MICRO,SOLE_PROPRIETOR,2024-02-01,30,8833120.240000,2,False,False,60.180000,True,VIDEO_MEETING,CONTROLLED_SYNTHETIC
SME000994,Synthetic SME 000994,RM029,Marmara,Wholesale Trade,MICRO,LIMITED,2024-01-14,31,26515478.720000,6,False,False,54.690000,True,RM_CALL,CONTROLLED_SYNTHETIC
SME000995,Synthetic SME 000995,RM045,Aegean,Technology,MICRO,SOLE_PROPRIETOR,2022-09-15,47,10084651.920000,2,False,True,46.320000,True,RM_CALL,CONTROLLED_SYNTHETIC
SME000996,Synthetic SME 000996,RM030,Central Anatolia,Construction,MEDIUM,LIMITED,2019-06-15,86,75962142.470000,87,False,False,71.930000,True,BRANCH,CONTROLLED_SYNTHETIC
SME000997,Synthetic SME 000997,RM027,Eastern,Wholesale Trade,SMALL,LIMITED,2025-12-14,8,31019766.440000,18,False,False,48.350000,True,BRANCH,CONTROLLED_SYNTHETIC
SME000998,Synthetic SME 000998,RM036,Marmara,Construction,MICRO,JOINT_STOCK,2025-11-29,8,17206651.220000,8,False,False,82.840000,True,SECURE_MESSAGE,CONTROLLED_SYNTHETIC
SME000999,Synthetic SME 000999,RM012,Central Anatolia,Transportation,MICRO,LIMITED,2025-10-02,10,6356728.370000,9,False,False,69.090000,True,VIDEO_MEETING,CONTROLLED_SYNTHETIC
SME001000,Synthetic SME 001000,RM046,Mediterranean,Manufacturing,SMALL,LIMITED,2023-01-07,43,64379459.940000,31,False,False,90.150000,True,RM_CALL,CONTROLLED_SYNTHETIC
SME001001,Synthetic SME 001001,RM015,Marmara,Agriculture,SMALL,LIMITED,2023-04-13,40,10465405.030000,24,True,False,89.610000,True,RM_CALL,CONTROLLED_SYNTHETIC
SME001002,Synthetic SME 001002,RM024,Eastern,Retail Trade,MICRO,JOINT_STOCK,2023-06-07,38,4967841.440000,8,False,True,84.430000,True,SECURE_MESSAGE,CONTROLLED_SYNTHETIC
SME001003,Synthetic SME 001003,RM029,Marmara,Retail Trade,SMALL,SOLE_PROPRIETOR,2020-01-09,79,88817116.020000,42,False,False,48.330000,True,BRANCH,CONTROLLED_SYNTHETIC
SME001004,Synthetic SME 001004,RM041,Marmara,Professional Services,SMALL,LIMITED,2021-05-25,62,13139217.680000,20,False,False,47.350000,True,BRANCH,CONTROLLED_SYNTHETIC
SME001005,Synthetic SME 001005,RM038,Aegean,Manufacturing,MICRO,SOLE_PROPRIETOR,2022-02-20,53,16593032.580000,2,False,False,63.550000,True,VIDEO_MEETING,CONTROLLED_SYNTHETIC
SME001006,Synthetic SME 001006,RM041,Marmara,Construction,SMALL,JOINT_STOCK,2025-04-07,16,79402668.080000,32,False,True,75.680000,True,RM_CALL,CONTROLLED_SYNTHETIC
SME001007,Synthetic SME 001007,RM002,Marmara,Professional Services,MICRO,LIMITED,2022-07-24,48,3994372.010000,8,False,False,71.050000,True,VIDEO_MEETING,CONTROLLED_SYNTHETIC
SME001008,Synthetic SME 001008,RM007,Central Anatolia,Construction,SMALL,LIMITED,2022-10-31,45,28487316.400000,25,False,False,81.590000,True,RM_CALL,CONTROLLED_SYNTHETIC
SME001009,Synthetic SME 001009,RM029,Marmara,Manufacturing,SMALL,LIMITED,2021-07-11,61,56889490.350000,25,False,False,70.590000,True,RM_CALL,CONTROLLED_SYNTHETIC
SME001010,Synthetic SME 001010,RM045,Aegean,Healthcare,MEDIUM,LIMITED,2022-09-13,47,51842855.530000,126,True,False,63.020000,True,SECURE_MESSAGE,CONTROLLED_SYNTHETIC
SME001011,Synthetic SME 001011,RM026,Black Sea,Retail Trade,SMALL,LIMITED,2022-09-04,47,9525116.620000,20,False,False,52.770000,True,BRANCH,CONTROLLED_SYNTHETIC
SME001012,Synthetic SME 001012,RM002,Marmara,Technology,SMALL,LIMITED,2015-10-21,129,76581413.500000,16,False,False,67.450000,True,RM_CALL,CONTROLLED_SYNTHETIC
SME001013,Synthetic SME 001013,RM015,Marmara,Wholesale Trade,MICRO,JOINT_STOCK,2019-12-30,79,11587302.710000,9,False,False,87.950000,True,RM_CALL,CONTROLLED_SYNTHETIC
SME001014,Synthetic SME 001014,RM030,Central Anatolia,Agriculture,SMALL,LIMITED,2025-04-14,16,28692939.100000,49,False,True,51.780000,True,RM_CALL,CONTROLLED_SYNTHETIC
SME001015,Synthetic SME 001015,RM010,Central Anatolia,Construction,MICRO,LIMITED,2015-06-30,133,7720545.430000,6,False,False,34.470000,True,RM_CALL,CONTROLLED_SYNTHETIC
SME001016,Synthetic SME 001016,RM038,Aegean,Healthcare,MICRO,LIMITED,2017-04-25,111,8666530.490000,5,True,False,58.680000,True,RM_CALL,CONTROLLED_SYNTHETIC
SME001017,Synthetic SME 001017,RM009,Marmara,Hospitality,MEDIUM,LIMITED,2016-06-03,122,123935966.530000,197,False,False,75.020000,False,BRANCH,CONTROLLED_SYNTHETIC
SME001018,Synthetic SME 001018,RM027,Eastern,Transportation,SMALL,LIMITED,2018-08-25,95,125911503.650000,28,False,False,93.310000,True,BRANCH,CONTROLLED_SYNTHETIC
SME001019,Synthetic SME 001019,RM018,Mediterranean,Technology,SMALL,JOINT_STOCK,2022-03-23,52,22934573.920000,49,False,False,32.950000,True,VIDEO_MEETING,CONTROLLED_SYNTHETIC
SME001020,Synthetic SME 001020,RM016,Mediterranean,Hospitality,SMALL,SOLE_PROPRIETOR,2017-04-30,111,67950274.090000,25,False,False,52.860000,True,RM_CALL,CONTROLLED_SYNTHETIC
SME001021,Synthetic SME 001021,RM035,Central Anatolia,Healthcare,SMALL,JOINT_STOCK,2021-08-27,59,45866172.330000,31,True,False,49.790000,True,VIDEO_MEETING,CONTROLLED_SYNTHETIC
SME001022,Synthetic SME 001022,RM045,Aegean,Transportation,MEDIUM,LIMITED,2018-06-19,98,63382310.110000,167,False,False,52.710000,True,RM_CALL,CONTROLLED_SYNTHETIC
SME001023,Synthetic SME 001023,RM026,Black Sea,Transportation,MICRO,LIMITED,2021-07-21,60,10753904.130000,8,True,False,46.420000,True,RM_CALL,CONTROLLED_SYNTHETIC
SME001024,Synthetic SME 001024,RM033,Mediterranean,Retail Trade,MICRO,LIMITED,2022-03-04,53,4197380.160000,6,False,False,64.650000,True,BRANCH,CONTROLLED_SYNTHETIC
SME001025,Synthetic SME 001025,RM022,Central Anatolia,Transportation,SMALL,LIMITED,2017-08-10,108,16747307.280000,22,False,False,64.280000,True,RM_CALL,CONTROLLED_SYNTHETIC
SME001026,Synthetic SME 001026,RM026,Black Sea,Manufacturing,SMALL,LIMITED,2021-04-21,63,18916648.370000,12,False,False,68.990000,True,RM_CALL,CONTROLLED_SYNTHETIC
SME001027,Synthetic SME 001027,RM008,Marmara,Professional Services,MICRO,JOINT_STOCK,2024-07-14,25,25286834.800000,3,False,False,59.000000,True,BRANCH,CONTROLLED_SYNTHETIC
SME001028,Synthetic SME 001028,RM018,Mediterranean,Construction,SMALL,JOINT_STOCK,2022-12-12,44,44264933.830000,27,True,False,69.820000,True,BRANCH,CONTROLLED_SYNTHETIC
SME001029,Synthetic SME 001029,RM041,Marmara,Hospitality,SMALL,LIMITED,2025-10-27,9,9991724.170000,23,False,False,84.480000,True,SECURE_MESSAGE,CONTROLLED_SYNTHETIC
SME001030,Synthetic SME 001030,RM006,Aegean,Hospitality,SMALL,LIMITED,2018-12-29,91,123303547.020000,39,False,False,76.520000,True,RM_CALL,CONTROLLED_SYNTHETIC
SME001031,Synthetic SME 001031,RM029,Marmara,Hospitality,SMALL,LIMITED,2015-09-12,131,46891728.420000,21,False,False,52.300000,True,BRANCH,CONTROLLED_SYNTHETIC
SME001032,Synthetic SME 001032,RM021,Marmara,Agriculture,SMALL,JOINT_STOCK,2018-05-21,98,41974976.030000,20,True,False,87.260000,True,BRANCH,CONTROLLED_SYNTHETIC
SME001033,Synthetic SME 001033,RM035,Central Anatolia,Professional Services,SMALL,SOLE_PROPRIETOR,2015-10-08,130,19381555.170000,23,False,False,80.790000,False,BRANCH,CONTROLLED_SYNTHETIC
SME001034,Synthetic SME 001034,RM015,Marmara,Transportation,MEDIUM,LIMITED,2023-12-27,31,135285181.320000,234,False,False,18.600000,True,BRANCH,CONTROLLED_SYNTHETIC
SME001035,Synthetic SME 001035,RM019,Aegean,Retail Trade,MEDIUM,LIMITED,2015-11-26,128,48356142.600000,244,False,False,44.670000,True,RM_CALL,CONTROLLED_SYNTHETIC
SME001036,Synthetic SME 001036,RM045,Aegean,Healthcare,SMALL,SOLE_PROPRIETOR,2022-04-12,52,27654399.770000,38,False,False,45.810000,True,RM_CALL,CONTROLLED_SYNTHETIC
SME001037,Synthetic SME 001037,RM008,Marmara,Wholesale Trade,MICRO,SOLE_PROPRIETOR,2019-06-26,85,6252040.660000,3,False,False,63.370000,True,SECURE_MESSAGE,CONTROLLED_SYNTHETIC
SME001038,Synthetic SME 001038,RM023,Black Sea,Technology,SMALL,LIMITED,2019-10-04,82,38640208.670000,22,False,False,49.190000,True,VIDEO_MEETING,CONTROLLED_SYNTHETIC
SME001039,Synthetic SME 001039,RM036,Marmara,Technology,SMALL,JOINT_STOCK,2016-07-09,121,79517744.390000,44,False,True,54.260000,True,VIDEO_MEETING,CONTROLLED_SYNTHETIC
SME001040,Synthetic SME 001040,RM013,Black Sea,Professional Services,MICRO,LIMITED,2022-06-15,50,8751549.960000,9,False,True,41.830000,True,BRANCH,CONTROLLED_SYNTHETIC
SME001041,Synthetic SME 001041,RM047,Central Anatolia,Retail Trade,MICRO,LIMITED,2016-07-16,121,4964208.910000,4,False,True,46.810000,True,SECURE_MESSAGE,CONTROLLED_SYNTHETIC
SME001042,Synthetic SME 001042,RM015,Marmara,Retail Trade,MICRO,LIMITED,2021-04-17,64,16983499.430000,7,False,False,60.660000,True,SECURE_MESSAGE,CONTROLLED_SYNTHETIC
SME001043,Synthetic SME 001043,RM015,Marmara,Hospitality,MICRO,LIMITED,2020-01-14,79,20013349.640000,3,True,True,65.130000,True,RM_CALL,CONTROLLED_SYNTHETIC
SME001044,Synthetic SME 001044,RM009,Marmara,Hospitality,SMALL,LIMITED,2022-05-13,51,46616326.190000,19,True,True,87.460000,False,BRANCH,CONTROLLED_SYNTHETIC
SME001045,Synthetic SME 001045,RM042,Mediterranean,Wholesale Trade,MICRO,JOINT_STOCK,2017-09-06,107,3089536.430000,4,False,False,79.310000,True,SECURE_MESSAGE,CONTROLLED_SYNTHETIC
SME001046,Synthetic SME 001046,RM039,Eastern,Technology,SMALL,LIMITED,2021-08-09,60,24215558.990000,10,False,False,54.290000,True,VIDEO_MEETING,CONTROLLED_SYNTHETIC
SME001047,Synthetic SME 001047,RM021,Marmara,Wholesale Trade,SMALL,LIMITED,2023-01-06,43,79428601.320000,17,True,True,83.940000,True,VIDEO_MEETING,CONTROLLED_SYNTHETIC
SME001048,Synthetic SME 001048,RM007,Central Anatolia,Agriculture,MICRO,SOLE_PROPRIETOR,2021-07-16,61,5154998.150000,7,False,True,59.970000,True,BRANCH,CONTROLLED_SYNTHETIC
SME001049,Synthetic SME 001049,RM044,Eastern,Construction,SMALL,SOLE_PROPRIETOR,2015-11-02,129,13912399.720000,13,False,False,38.890000,True,BRANCH,CONTROLLED_SYNTHETIC
SME001050,Synthetic SME 001050,RM010,Central Anatolia,Manufacturing,SMALL,LIMITED,2017-09-01,107,32601706.490000,33,False,False,75.810000,True,RM_CALL,CONTROLLED_SYNTHETIC
SME001051,Synthetic SME 001051,RM029,Marmara,Professional Services,MICRO,LIMITED,2021-02-14,66,10202201.320000,2,False,True,61.800000,True,RM_CALL,CONTROLLED_SYNTHETIC
SME001052,Synthetic SME 001052,RM002,Marmara,Manufacturing,SMALL,LIMITED,2018-05-12,99,32970170.480000,12,False,False,33.590000,True,SECURE_MESSAGE,CONTROLLED_SYNTHETIC
SME001053,Synthetic SME 001053,RM029,Marmara,Agriculture,MICRO,LIMITED,2021-07-21,60,8928912.710000,8,False,False,59.380000,True,VIDEO_MEETING,CONTROLLED_SYNTHETIC
SME001054,Synthetic SME 001054,RM008,Marmara,Agriculture,MICRO,JOINT_STOCK,2024-04-12,28,17575386.920000,7,False,False,91.810000,True,VIDEO_MEETING,CONTROLLED_SYNTHETIC
SME001055,Synthetic SME 001055,RM037,Aegean,Wholesale Trade,SMALL,LIMITED,2019-01-23,90,12868074.390000,29,False,False,81.320000,True,SECURE_MESSAGE,CONTROLLED_SYNTHETIC
SME001056,Synthetic SME 001056,RM004,Central Anatolia,Construction,SMALL,JOINT_STOCK,2019-07-03,85,9873053.700000,35,False,False,35.790000,True,RM_CALL,CONTROLLED_SYNTHETIC
SME001057,Synthetic SME 001057,RM012,Central Anatolia,Construction,MEDIUM,LIMITED,2021-07-09,61,96136828.600000,101,False,True,49.660000,True,VIDEO_MEETING,CONTROLLED_SYNTHETIC
SME001058,Synthetic SME 001058,RM012,Central Anatolia,Construction,MICRO,SOLE_PROPRIETOR,2024-02-03,30,7593086.170000,6,False,False,36.920000,True,RM_CALL,CONTROLLED_SYNTHETIC
SME001059,Synthetic SME 001059,RM001,Mediterranean,Technology,MICRO,LIMITED,2019-11-24,80,6844008.440000,3,False,True,56.360000,True,VIDEO_MEETING,CONTROLLED_SYNTHETIC
SME001060,Synthetic SME 001060,RM024,Eastern,Technology,SMALL,SOLE_PROPRIETOR,2017-02-20,113,8263234.430000,24,True,True,36.880000,True,RM_CALL,CONTROLLED_SYNTHETIC
SME001061,Synthetic SME 001061,RM041,Marmara,Transportation,SMALL,LIMITED,2017-06-16,110,45239875.770000,40,False,False,66.990000,True,BRANCH,CONTROLLED_SYNTHETIC
SME001062,Synthetic SME 001062,RM013,Black Sea,Technology,SMALL,LIMITED,2015-06-03,134,31026744.650000,41,False,False,69.390000,True,RM_CALL,CONTROLLED_SYNTHETIC
SME001063,Synthetic SME 001063,RM009,Marmara,Professional Services,MICRO,JOINT_STOCK,2021-06-21,61,11266392.360000,2,False,False,58.790000,True,RM_CALL,CONTROLLED_SYNTHETIC
SME001064,Synthetic SME 001064,RM016,Mediterranean,Transportation,MICRO,LIMITED,2026-01-07,7,6536162.040000,6,False,False,38.470000,True,RM_CALL,CONTROLLED_SYNTHETIC
SME001065,Synthetic SME 001065,RM020,Mediterranean,Healthcare,MICRO,LIMITED,2022-01-28,54,8130559.100000,3,False,False,68.840000,True,BRANCH,CONTROLLED_SYNTHETIC
SME001066,Synthetic SME 001066,RM012,Central Anatolia,Retail Trade,SMALL,LIMITED,2022-09-06,47,25428800.180000,40,False,False,37.450000,True,SECURE_MESSAGE,CONTROLLED_SYNTHETIC
SME001067,Synthetic SME 001067,RM012,Central Anatolia,Retail Trade,MICRO,LIMITED,2019-05-31,86,4711995.460000,4,False,False,77.430000,True,RM_CALL,CONTROLLED_SYNTHETIC
SME001068,Synthetic SME 001068,RM027,Eastern,Construction,MICRO,JOINT_STOCK,2023-05-26,38,7004822.520000,5,False,False,58.730000,True,RM_CALL,CONTROLLED_SYNTHETIC
SME001069,Synthetic SME 001069,RM034,Aegean,Transportation,MEDIUM,LIMITED,2019-08-24,83,76986085.020000,139,False,True,91.020000,False,BRANCH,CONTROLLED_SYNTHETIC
SME001070,Synthetic SME 001070,RM036,Marmara,Technology,SMALL,LIMITED,2016-07-15,121,67977413.580000,47,False,False,68.980000,True,SECURE_MESSAGE,CONTROLLED_SYNTHETIC
SME001071,Synthetic SME 001071,RM029,Marmara,Technology,MICRO,LIMITED,2015-07-07,133,10666191.000000,7,False,True,50.050000,True,RM_CALL,CONTROLLED_SYNTHETIC
SME001072,Synthetic SME 001072,RM022,Central Anatolia,Construction,MICRO,LIMITED,2018-11-05,93,13972339.230000,5,False,False,50.760000,True,BRANCH,CONTROLLED_SYNTHETIC
SME001073,Synthetic SME 001073,RM002,Marmara,Retail Trade,MEDIUM,LIMITED,2021-01-26,66,169700040.140000,158,False,False,75.320000,True,RM_CALL,CONTROLLED_SYNTHETIC
SME001074,Synthetic SME 001074,RM017,Aegean,Transportation,SMALL,LIMITED,2022-04-24,51,31289939.710000,11,False,False,77.190000,True,RM_CALL,CONTROLLED_SYNTHETIC
SME001075,Synthetic SME 001075,RM044,Eastern,Technology,MEDIUM,SOLE_PROPRIETOR,2026-01-01,7,93122146.680000,90,True,True,35.970000,True,BRANCH,CONTROLLED_SYNTHETIC
SME001076,Synthetic SME 001076,RM041,Marmara,Construction,MICRO,JOINT_STOCK,2024-05-12,27,6562907.750000,7,False,False,89.750000,True,RM_CALL,CONTROLLED_SYNTHETIC
SME001077,Synthetic SME 001077,RM015,Marmara,Construction,MICRO,JOINT_STOCK,2023-04-30,39,12529124.160000,4,False,True,72.030000,True,RM_CALL,CONTROLLED_SYNTHETIC
SME001078,Synthetic SME 001078,RM021,Marmara,Professional Services,MEDIUM,JOINT_STOCK,2016-07-26,120,100190254.400000,127,False,False,70.350000,True,VIDEO_MEETING,CONTROLLED_SYNTHETIC
SME001079,Synthetic SME 001079,RM002,Marmara,Wholesale Trade,SMALL,LIMITED,2017-01-08,115,49548493.480000,42,True,True,37.080000,True,BRANCH,CONTROLLED_SYNTHETIC
SME001080,Synthetic SME 001080,RM035,Central Anatolia,Technology,MICRO,LIMITED,2025-03-15,17,14741986.430000,5,True,False,33.800000,True,BRANCH,CONTROLLED_SYNTHETIC
SME001081,Synthetic SME 001081,RM001,Mediterranean,Wholesale Trade,SMALL,LIMITED,2021-05-31,62,22889807.910000,46,False,False,37.180000,True,BRANCH,CONTROLLED_SYNTHETIC
SME001082,Synthetic SME 001082,RM002,Marmara,Healthcare,SMALL,SOLE_PROPRIETOR,2016-05-13,123,64231167.160000,18,False,False,73.740000,True,BRANCH,CONTROLLED_SYNTHETIC
SME001083,Synthetic SME 001083,RM026,Black Sea,Agriculture,MEDIUM,SOLE_PROPRIETOR,2025-12-20,7,82343231.480000,242,False,True,56.710000,True,RM_CALL,CONTROLLED_SYNTHETIC
SME001084,Synthetic SME 001084,RM013,Black Sea,Healthcare,MICRO,LIMITED,2017-03-23,112,10454736.820000,6,False,False,67.930000,True,VIDEO_MEETING,CONTROLLED_SYNTHETIC
SME001085,Synthetic SME 001085,RM034,Aegean,Hospitality,MICRO,LIMITED,2016-11-02,117,10818098.310000,9,False,True,67.880000,True,SECURE_MESSAGE,CONTROLLED_SYNTHETIC
SME001086,Synthetic SME 001086,RM021,Marmara,Transportation,MICRO,JOINT_STOCK,2016-05-06,123,15692870.710000,8,False,False,64.690000,True,VIDEO_MEETING,CONTROLLED_SYNTHETIC
SME001087,Synthetic SME 001087,RM030,Central Anatolia,Construction,SMALL,SOLE_PROPRIETOR,2019-12-12,80,54207682.000000,37,False,False,43.410000,True,BRANCH,CONTROLLED_SYNTHETIC
SME001088,Synthetic SME 001088,RM043,Mediterranean,Professional Services,MICRO,LIMITED,2015-03-23,136,14427033.310000,5,False,True,53.860000,True,RM_CALL,CONTROLLED_SYNTHETIC
SME001089,Synthetic SME 001089,RM015,Marmara,Technology,SMALL,JOINT_STOCK,2024-04-22,27,57340846.990000,23,False,True,61.510000,True,SECURE_MESSAGE,CONTROLLED_SYNTHETIC
SME001090,Synthetic SME 001090,RM012,Central Anatolia,Retail Trade,SMALL,SOLE_PROPRIETOR,2015-04-25,135,19824026.680000,39,False,True,62.830000,True,RM_CALL,CONTROLLED_SYNTHETIC
SME001091,Synthetic SME 001091,RM025,Black Sea,Construction,SMALL,SOLE_PROPRIETOR,2024-04-02,28,45425258.070000,37,True,True,23.080000,True,RM_CALL,CONTROLLED_SYNTHETIC
SME001092,Synthetic SME 001092,RM032,Aegean,Construction,MICRO,JOINT_STOCK,2022-11-19,45,11753198.240000,7,False,False,76.600000,True,BRANCH,CONTROLLED_SYNTHETIC
SME001093,Synthetic SME 001093,RM012,Central Anatolia,Hospitality,MICRO,LIMITED,2016-07-31,120,20976488.290000,3,False,False,13.050000,True,BRANCH,CONTROLLED_SYNTHETIC
SME001094,Synthetic SME 001094,RM030,Central Anatolia,Construction,MICRO,LIMITED,2018-04-15,100,20351506.920000,6,False,True,56.860000,True,RM_CALL,CONTROLLED_SYNTHETIC
SME001095,Synthetic SME 001095,RM009,Marmara,Construction,MEDIUM,LIMITED,2020-11-20,68,137929884.100000,209,False,False,95.060000,True,VIDEO_MEETING,CONTROLLED_SYNTHETIC
SME001096,Synthetic SME 001096,RM041,Marmara,Agriculture,SMALL,LIMITED,2026-03-17,5,15057774.350000,40,False,False,46.530000,True,RM_CALL,CONTROLLED_SYNTHETIC
SME001097,Synthetic SME 001097,RM026,Black Sea,Transportation,SMALL,LIMITED,2025-05-15,15,19237646.930000,10,False,False,68.390000,True,BRANCH,CONTROLLED_SYNTHETIC
SME001098,Synthetic SME 001098,RM036,Marmara,Hospitality,SMALL,LIMITED,2022-03-16,53,27394521.460000,36,False,False,81.340000,True,VIDEO_MEETING,CONTROLLED_SYNTHETIC
SME001099,Synthetic SME 001099,RM006,Aegean,Construction,SMALL,SOLE_PROPRIETOR,2023-03-30,40,56022211.890000,29,True,False,80.200000,True,VIDEO_MEETING,CONTROLLED_SYNTHETIC
SME001100,Synthetic SME 001100,RM036,Marmara,Retail Trade,SMALL,LIMITED,2020-03-18,77,20495748.560000,20,False,False,22.350000,True,SECURE_MESSAGE,CONTROLLED_SYNTHETIC
SME001101,Synthetic SME 001101,RM038,Aegean,Healthcare,MICRO,SOLE_PROPRIETOR,2022-09-01,47,10886581.390000,4,False,False,36.800000,False,RM_CALL,CONTROLLED_SYNTHETIC
SME001102,Synthetic SME 001102,RM002,Marmara,Construction,MEDIUM,JOINT_STOCK,2021-07-04,61,168241124.300000,206,False,True,89.040000,True,SECURE_MESSAGE,CONTROLLED_SYNTHETIC
SME001103,Synthetic SME 001103,RM009,Marmara,Agriculture,MICRO,LIMITED,2015-03-14,137,13320957.320000,4,False,False,62.870000,True,SECURE_MESSAGE,CONTROLLED_SYNTHETIC
SME001104,Synthetic SME 001104,RM029,Marmara,Healthcare,MICRO,LIMITED,2015-03-12,137,27793273.640000,8,False,False,26.550000,True,SECURE_MESSAGE,CONTROLLED_SYNTHETIC
SME001105,Synthetic SME 001105,RM015,Marmara,Manufacturing,SMALL,LIMITED,2025-03-30,16,35841062.640000,29,False,False,85.360000,True,RM_CALL,CONTROLLED_SYNTHETIC
SME001106,Synthetic SME 001106,RM042,Mediterranean,Retail Trade,MICRO,LIMITED,2022-05-18,51,6862040.400000,8,False,False,90.580000,True,BRANCH,CONTROLLED_SYNTHETIC
SME001107,Synthetic SME 001107,RM008,Marmara,Hospitality,MICRO,LIMITED,2024-04-28,27,6026078.090000,4,True,False,51.310000,True,RM_CALL,CONTROLLED_SYNTHETIC
SME001108,Synthetic SME 001108,RM004,Central Anatolia,Retail Trade,SMALL,SOLE_PROPRIETOR,2024-09-23,22,83579104.510000,37,False,False,78.590000,True,RM_CALL,CONTROLLED_SYNTHETIC
SME001109,Synthetic SME 001109,RM002,Marmara,Construction,SMALL,LIMITED,2017-11-25,104,21715029.860000,14,False,False,62.240000,True,RM_CALL,CONTROLLED_SYNTHETIC
SME001110,Synthetic SME 001110,RM009,Marmara,Transportation,MICRO,LIMITED,2015-07-11,133,7531989.460000,6,False,False,55.180000,True,RM_CALL,CONTROLLED_SYNTHETIC
SME001111,Synthetic SME 001111,RM022,Central Anatolia,Construction,MICRO,LIMITED,2025-10-02,10,10840726.470000,2,False,False,46.520000,True,RM_CALL,CONTROLLED_SYNTHETIC
SME001112,Synthetic SME 001112,RM038,Aegean,Agriculture,MICRO,LIMITED,2016-04-18,124,10226533.010000,8,False,False,96.550000,True,SECURE_MESSAGE,CONTROLLED_SYNTHETIC
SME001113,Synthetic SME 001113,RM035,Central Anatolia,Transportation,MICRO,LIMITED,2025-02-05,18,8665712.940000,3,True,False,88.580000,True,RM_CALL,CONTROLLED_SYNTHETIC
SME001114,Synthetic SME 001114,RM035,Central Anatolia,Wholesale Trade,MICRO,JOINT_STOCK,2025-04-24,15,9561933.730000,9,False,False,59.900000,True,BRANCH,CONTROLLED_SYNTHETIC
SME001115,Synthetic SME 001115,RM032,Aegean,Transportation,SMALL,SOLE_PROPRIETOR,2023-10-21,33,44271655.270000,27,False,True,81.250000,True,RM_CALL,CONTROLLED_SYNTHETIC
SME001116,Synthetic SME 001116,RM030,Central Anatolia,Retail Trade,SMALL,LIMITED,2020-02-09,78,30090537.830000,42,False,False,34.060000,True,RM_CALL,CONTROLLED_SYNTHETIC
SME001117,Synthetic SME 001117,RM031,Black Sea,Hospitality,MICRO,LIMITED,2023-03-01,41,7696437.280000,9,False,True,36.470000,True,VIDEO_MEETING,CONTROLLED_SYNTHETIC
SME001118,Synthetic SME 001118,RM035,Central Anatolia,Retail Trade,SMALL,LIMITED,2018-07-18,97,62104663.880000,28,False,True,97.040000,True,BRANCH,CONTROLLED_SYNTHETIC
SME001119,Synthetic SME 001119,RM019,Aegean,Manufacturing,MICRO,LIMITED,2019-06-03,86,6844108.840000,4,False,False,79.260000,True,RM_CALL,CONTROLLED_SYNTHETIC
SME001120,Synthetic SME 001120,RM022,Central Anatolia,Construction,SMALL,JOINT_STOCK,2025-07-28,12,13674675.620000,18,False,False,95.930000,True,RM_CALL,CONTROLLED_SYNTHETIC
SME001121,Synthetic SME 001121,RM028,Eastern,Manufacturing,SMALL,SOLE_PROPRIETOR,2025-02-06,18,43461615.120000,43,False,True,77.180000,True,VIDEO_MEETING,CONTROLLED_SYNTHETIC
SME001122,Synthetic SME 001122,RM002,Marmara,Retail Trade,SMALL,LIMITED,2022-11-23,44,32381000.950000,37,False,False,44.510000,True,VIDEO_MEETING,CONTROLLED_SYNTHETIC
SME001123,Synthetic SME 001123,RM039,Eastern,Construction,MICRO,LIMITED,2018-06-04,98,29500425.000000,9,False,False,51.540000,True,BRANCH,CONTROLLED_SYNTHETIC
SME001124,Synthetic SME 001124,RM032,Aegean,Agriculture,SMALL,JOINT_STOCK,2016-05-30,122,22978653.160000,44,False,False,56.560000,True,RM_CALL,CONTROLLED_SYNTHETIC
SME001125,Synthetic SME 001125,RM022,Central Anatolia,Hospitality,MEDIUM,JOINT_STOCK,2024-11-01,21,48032656.840000,50,False,False,38.840000,True,BRANCH,CONTROLLED_SYNTHETIC
SME001126,Synthetic SME 001126,RM017,Aegean,Technology,MEDIUM,SOLE_PROPRIETOR,2021-03-04,65,86661294.640000,178,True,True,26.050000,True,SECURE_MESSAGE,CONTROLLED_SYNTHETIC
SME001127,Synthetic SME 001127,RM026,Black Sea,Healthcare,SMALL,JOINT_STOCK,2020-06-07,74,63006071.160000,45,True,True,52.510000,True,BRANCH,CONTROLLED_SYNTHETIC
SME001128,Synthetic SME 001128,RM004,Central Anatolia,Hospitality,SMALL,LIMITED,2016-05-09,123,104044606.750000,26,True,False,19.410000,True,RM_CALL,CONTROLLED_SYNTHETIC
SME001129,Synthetic SME 001129,RM011,Black Sea,Hospitality,MICRO,LIMITED,2023-03-02,41,21785446.830000,6,False,False,73.310000,True,RM_CALL,CONTROLLED_SYNTHETIC
SME001130,Synthetic SME 001130,RM041,Marmara,Professional Services,SMALL,LIMITED,2018-03-06,101,95071572.740000,19,False,False,60.160000,False,RM_CALL,CONTROLLED_SYNTHETIC
SME001131,Synthetic SME 001131,RM015,Marmara,Retail Trade,SMALL,LIMITED,2025-05-26,14,34577488.600000,48,False,False,86.330000,True,VIDEO_MEETING,CONTROLLED_SYNTHETIC
SME001132,Synthetic SME 001132,RM021,Marmara,Hospitality,MEDIUM,LIMITED,2017-06-07,110,157980528.110000,118,False,False,77.300000,True,BRANCH,CONTROLLED_SYNTHETIC
SME001133,Synthetic SME 001133,RM015,Marmara,Healthcare,MICRO,SOLE_PROPRIETOR,2023-11-15,33,19778333.900000,6,False,True,95.480000,True,SECURE_MESSAGE,CONTROLLED_SYNTHETIC
SME001134,Synthetic SME 001134,RM036,Marmara,Transportation,MICRO,LIMITED,2022-09-07,47,10919049.610000,5,True,True,83.330000,True,RM_CALL,CONTROLLED_SYNTHETIC
SME001135,Synthetic SME 001135,RM038,Aegean,Agriculture,MICRO,LIMITED,2022-03-06,53,6654472.800000,7,False,False,31.850000,True,RM_CALL,CONTROLLED_SYNTHETIC
SME001136,Synthetic SME 001136,RM005,Eastern,Transportation,SMALL,SOLE_PROPRIETOR,2025-03-05,17,78581586.000000,17,False,True,16.440000,True,SECURE_MESSAGE,CONTROLLED_SYNTHETIC
SME001137,Synthetic SME 001137,RM009,Marmara,Agriculture,MEDIUM,JOINT_STOCK,2022-12-18,44,52160476.160000,203,False,False,83.390000,True,VIDEO_MEETING,CONTROLLED_SYNTHETIC
SME001138,Synthetic SME 001138,RM041,Marmara,Technology,MICRO,SOLE_PROPRIETOR,2020-02-09,78,8995981.900000,9,False,True,53.780000,True,BRANCH,CONTROLLED_SYNTHETIC
SME001139,Synthetic SME 001139,RM029,Marmara,Retail Trade,SMALL,JOINT_STOCK,2015-03-09,137,24939908.920000,11,False,False,52.130000,True,BRANCH,CONTROLLED_SYNTHETIC
SME001140,Synthetic SME 001140,RM023,Black Sea,Wholesale Trade,MICRO,JOINT_STOCK,2025-03-18,17,12611173.290000,6,False,True,67.820000,True,SECURE_MESSAGE,CONTROLLED_SYNTHETIC
SME001141,Synthetic SME 001141,RM024,Eastern,Technology,SMALL,SOLE_PROPRIETOR,2016-11-08,117,115775347.320000,47,False,False,48.430000,True,RM_CALL,CONTROLLED_SYNTHETIC
SME001142,Synthetic SME 001142,RM019,Aegean,Manufacturing,MICRO,LIMITED,2022-03-05,53,8743007.720000,5,False,False,82.850000,True,VIDEO_MEETING,CONTROLLED_SYNTHETIC
SME001143,Synthetic SME 001143,RM018,Mediterranean,Retail Trade,SMALL,JOINT_STOCK,2016-08-09,120,13700718.570000,46,False,False,48.990000,True,RM_CALL,CONTROLLED_SYNTHETIC
SME001144,Synthetic SME 001144,RM044,Eastern,Wholesale Trade,MICRO,LIMITED,2016-03-28,124,4323398.710000,2,True,False,50.010000,True,BRANCH,CONTROLLED_SYNTHETIC
SME001145,Synthetic SME 001145,RM039,Eastern,Agriculture,SMALL,LIMITED,2022-12-20,43,26283848.590000,44,False,False,66.960000,True,VIDEO_MEETING,CONTROLLED_SYNTHETIC
SME001146,Synthetic SME 001146,RM045,Aegean,Wholesale Trade,MICRO,SOLE_PROPRIETOR,2020-06-06,74,12526423.570000,7,False,True,68.260000,True,BRANCH,CONTROLLED_SYNTHETIC
SME001147,Synthetic SME 001147,RM034,Aegean,Retail Trade,MEDIUM,LIMITED,2022-06-12,50,38458286.760000,207,False,False,89.940000,True,RM_CALL,CONTROLLED_SYNTHETIC
SME001148,Synthetic SME 001148,RM009,Marmara,Healthcare,MEDIUM,LIMITED,2025-01-21,18,50499355.380000,128,True,False,78.440000,True,SECURE_MESSAGE,CONTROLLED_SYNTHETIC
SME001149,Synthetic SME 001149,RM041,Marmara,Hospitality,MICRO,JOINT_STOCK,2015-06-07,134,17470052.490000,5,False,False,58.610000,True,RM_CALL,CONTROLLED_SYNTHETIC
SME001150,Synthetic SME 001150,RM015,Marmara,Technology,MICRO,LIMITED,2025-07-03,13,7873147.700000,2,False,False,71.470000,True,RM_CALL,CONTROLLED_SYNTHETIC
SME001151,Synthetic SME 001151,RM041,Marmara,Professional Services,MICRO,LIMITED,2024-02-02,30,17249586.520000,2,False,True,87.760000,True,VIDEO_MEETING,CONTROLLED_SYNTHETIC
SME001152,Synthetic SME 001152,RM021,Marmara,Retail Trade,SMALL,JOINT_STOCK,2016-02-04,126,45962603.480000,45,False,False,61.680000,True,RM_CALL,CONTROLLED_SYNTHETIC
SME001153,Synthetic SME 001153,RM008,Marmara,Manufacturing,MEDIUM,LIMITED,2018-06-17,98,68621598.400000,114,False,True,85.070000,True,RM_CALL,CONTROLLED_SYNTHETIC
SME001154,Synthetic SME 001154,RM038,Aegean,Wholesale Trade,MICRO,LIMITED,2024-12-07,20,22863531.550000,4,False,False,60.760000,True,RM_CALL,CONTROLLED_SYNTHETIC
SME001155,Synthetic SME 001155,RM041,Marmara,Wholesale Trade,SMALL,SOLE_PROPRIETOR,2018-09-28,94,38833550.460000,28,False,False,31.250000,True,RM_CALL,CONTROLLED_SYNTHETIC
SME001156,Synthetic SME 001156,RM034,Aegean,Wholesale Trade,SMALL,LIMITED,2018-06-16,98,21159108.200000,12,False,False,71.980000,True,SECURE_MESSAGE,CONTROLLED_SYNTHETIC
SME001157,Synthetic SME 001157,RM022,Central Anatolia,Professional Services,SMALL,LIMITED,2016-11-04,117,28770306.450000,49,False,False,81.600000,True,SECURE_MESSAGE,CONTROLLED_SYNTHETIC
SME001158,Synthetic SME 001158,RM022,Central Anatolia,Wholesale Trade,MICRO,SOLE_PROPRIETOR,2024-10-30,21,18131816.740000,2,False,False,34.560000,True,VIDEO_MEETING,CONTROLLED_SYNTHETIC
SME001159,Synthetic SME 001159,RM008,Marmara,Wholesale Trade,SMALL,LIMITED,2023-05-02,39,93316957.510000,22,False,False,51.150000,True,SECURE_MESSAGE,CONTROLLED_SYNTHETIC
SME001160,Synthetic SME 001160,RM008,Marmara,Transportation,MICRO,LIMITED,2024-07-31,24,9944994.840000,7,False,False,58.280000,True,SECURE_MESSAGE,CONTROLLED_SYNTHETIC
SME001161,Synthetic SME 001161,RM036,Marmara,Wholesale Trade,SMALL,JOINT_STOCK,2016-12-18,116,34632304.760000,20,False,True,51.690000,True,RM_CALL,CONTROLLED_SYNTHETIC
SME001162,Synthetic SME 001162,RM019,Aegean,Construction,SMALL,LIMITED,2018-07-05,97,6035923.270000,32,False,False,81.540000,True,VIDEO_MEETING,CONTROLLED_SYNTHETIC
SME001163,Synthetic SME 001163,RM009,Marmara,Construction,MICRO,LIMITED,2018-11-24,92,9964004.360000,3,False,False,92.950000,True,SECURE_MESSAGE,CONTROLLED_SYNTHETIC
SME001164,Synthetic SME 001164,RM010,Central Anatolia,Transportation,SMALL,LIMITED,2019-06-04,86,33164610.750000,48,False,False,66.760000,True,VIDEO_MEETING,CONTROLLED_SYNTHETIC
SME001165,Synthetic SME 001165,RM041,Marmara,Technology,MICRO,LIMITED,2023-09-01,35,24613730.980000,5,False,False,54.960000,True,RM_CALL,CONTROLLED_SYNTHETIC
SME001166,Synthetic SME 001166,RM012,Central Anatolia,Construction,SMALL,LIMITED,2020-01-28,78,98178493.860000,12,False,False,72.440000,True,RM_CALL,CONTROLLED_SYNTHETIC
SME001167,Synthetic SME 001167,RM041,Marmara,Hospitality,SMALL,JOINT_STOCK,2019-03-16,89,22761554.120000,49,False,False,36.180000,True,BRANCH,CONTROLLED_SYNTHETIC
SME001168,Synthetic SME 001168,RM021,Marmara,Wholesale Trade,SMALL,LIMITED,2024-05-24,26,24232820.780000,35,False,False,43.670000,True,SECURE_MESSAGE,CONTROLLED_SYNTHETIC
SME001169,Synthetic SME 001169,RM041,Marmara,Agriculture,SMALL,LIMITED,2024-02-08,30,9698601.050000,38,False,False,59.640000,True,VIDEO_MEETING,CONTROLLED_SYNTHETIC
SME001170,Synthetic SME 001170,RM005,Eastern,Agriculture,MEDIUM,LIMITED,2017-02-23,113,76513652.080000,151,False,True,47.850000,True,RM_CALL,CONTROLLED_SYNTHETIC
SME001171,Synthetic SME 001171,RM025,Black Sea,Healthcare,MICRO,LIMITED,2018-05-14,99,18618910.050000,7,False,False,42.040000,True,SECURE_MESSAGE,CONTROLLED_SYNTHETIC
SME001172,Synthetic SME 001172,RM004,Central Anatolia,Healthcare,MICRO,JOINT_STOCK,2018-08-05,96,25392725.950000,9,False,True,42.200000,True,SECURE_MESSAGE,CONTROLLED_SYNTHETIC
SME001173,Synthetic SME 001173,RM019,Aegean,Agriculture,SMALL,LIMITED,2025-07-10,13,44351134.660000,20,False,False,36.350000,True,RM_CALL,CONTROLLED_SYNTHETIC
SME001174,Synthetic SME 001174,RM006,Aegean,Technology,MICRO,SOLE_PROPRIETOR,2023-06-11,38,1832306.670000,9,True,False,73.590000,True,VIDEO_MEETING,CONTROLLED_SYNTHETIC
SME001175,Synthetic SME 001175,RM020,Mediterranean,Wholesale Trade,SMALL,JOINT_STOCK,2023-05-10,39,25798480.010000,45,False,True,47.650000,True,RM_CALL,CONTROLLED_SYNTHETIC
SME001176,Synthetic SME 001176,RM012,Central Anatolia,Construction,MICRO,LIMITED,2022-02-18,54,9346484.690000,3,False,False,92.600000,True,RM_CALL,CONTROLLED_SYNTHETIC
SME001177,Synthetic SME 001177,RM041,Marmara,Wholesale Trade,MICRO,JOINT_STOCK,2018-12-07,92,10308736.440000,3,False,False,66.340000,True,RM_CALL,CONTROLLED_SYNTHETIC
SME001178,Synthetic SME 001178,RM041,Marmara,Retail Trade,MICRO,JOINT_STOCK,2025-09-12,11,9801507.110000,4,False,False,69.900000,True,BRANCH,CONTROLLED_SYNTHETIC
SME001179,Synthetic SME 001179,RM009,Marmara,Technology,SMALL,LIMITED,2025-12-03,8,43577285.750000,33,False,False,42.610000,False,VIDEO_MEETING,CONTROLLED_SYNTHETIC
SME001180,Synthetic SME 001180,RM026,Black Sea,Agriculture,MICRO,LIMITED,2015-09-25,130,16021707.960000,5,False,True,61.540000,True,RM_CALL,CONTROLLED_SYNTHETIC
SME001181,Synthetic SME 001181,RM005,Eastern,Hospitality,SMALL,JOINT_STOCK,2017-07-08,109,55410468.120000,44,False,False,34.180000,True,BRANCH,CONTROLLED_SYNTHETIC
SME001182,Synthetic SME 001182,RM010,Central Anatolia,Retail Trade,MICRO,LIMITED,2018-08-13,96,20355337.040000,5,True,False,63.990000,True,BRANCH,CONTROLLED_SYNTHETIC
SME001183,Synthetic SME 001183,RM011,Black Sea,Transportation,MEDIUM,JOINT_STOCK,2017-05-20,111,34248701.780000,75,False,False,91.170000,True,BRANCH,CONTROLLED_SYNTHETIC
SME001184,Synthetic SME 001184,RM008,Marmara,Construction,MICRO,SOLE_PROPRIETOR,2024-03-14,29,21466083.080000,7,False,False,46.460000,True,BRANCH,CONTROLLED_SYNTHETIC
SME001185,Synthetic SME 001185,RM016,Mediterranean,Hospitality,SMALL,LIMITED,2020-08-22,71,85420186.970000,46,False,False,33.260000,True,SECURE_MESSAGE,CONTROLLED_SYNTHETIC
SME001186,Synthetic SME 001186,RM008,Marmara,Hospitality,MEDIUM,SOLE_PROPRIETOR,2018-11-29,92,82107508.410000,202,False,True,52.780000,True,VIDEO_MEETING,CONTROLLED_SYNTHETIC
SME001187,Synthetic SME 001187,RM019,Aegean,Construction,SMALL,LIMITED,2016-02-14,126,56934131.310000,45,False,False,17.800000,True,VIDEO_MEETING,CONTROLLED_SYNTHETIC
SME001188,Synthetic SME 001188,RM005,Eastern,Agriculture,MEDIUM,LIMITED,2024-10-28,21,156530230.950000,244,False,True,50.820000,True,VIDEO_MEETING,CONTROLLED_SYNTHETIC
SME001189,Synthetic SME 001189,RM021,Marmara,Technology,MICRO,LIMITED,2017-02-05,114,12293363.230000,6,False,True,54.620000,True,RM_CALL,CONTROLLED_SYNTHETIC
SME001190,Synthetic SME 001190,RM035,Central Anatolia,Healthcare,SMALL,JOINT_STOCK,2024-03-22,28,16840033.880000,40,False,False,83.450000,True,RM_CALL,CONTROLLED_SYNTHETIC
SME001191,Synthetic SME 001191,RM043,Mediterranean,Wholesale Trade,MICRO,JOINT_STOCK,2023-04-03,40,21047907.270000,6,False,False,96.440000,False,VIDEO_MEETING,CONTROLLED_SYNTHETIC
SME001192,Synthetic SME 001192,RM022,Central Anatolia,Wholesale Trade,MICRO,LIMITED,2024-03-22,28,4273342.920000,5,True,False,75.900000,True,VIDEO_MEETING,CONTROLLED_SYNTHETIC
SME001193,Synthetic SME 001193,RM031,Black Sea,Construction,MICRO,LIMITED,2024-11-15,21,6865104.430000,7,False,False,61.660000,True,BRANCH,CONTROLLED_SYNTHETIC
SME001194,Synthetic SME 001194,RM005,Eastern,Transportation,MICRO,JOINT_STOCK,2024-11-07,21,10733557.610000,5,True,False,58.600000,True,VIDEO_MEETING,CONTROLLED_SYNTHETIC
SME001195,Synthetic SME 001195,RM043,Mediterranean,Agriculture,MEDIUM,LIMITED,2021-06-01,62,86745929.870000,189,True,False,74.960000,True,RM_CALL,CONTROLLED_SYNTHETIC
SME001196,Synthetic SME 001196,RM012,Central Anatolia,Manufacturing,MICRO,LIMITED,2024-12-09,20,8945524.670000,8,False,False,66.360000,True,RM_CALL,CONTROLLED_SYNTHETIC
SME001197,Synthetic SME 001197,RM045,Aegean,Construction,MICRO,LIMITED,2016-12-05,116,5932580.800000,4,False,False,80.570000,True,RM_CALL,CONTROLLED_SYNTHETIC
SME001198,Synthetic SME 001198,RM036,Marmara,Agriculture,MICRO,SOLE_PROPRIETOR,2021-12-04,56,5454014.850000,2,False,False,85.780000,True,BRANCH,CONTROLLED_SYNTHETIC
SME001199,Synthetic SME 001199,RM003,Black Sea,Agriculture,MICRO,JOINT_STOCK,2025-02-17,18,5962452.030000,2,False,False,62.930000,True,VIDEO_MEETING,CONTROLLED_SYNTHETIC
SME001200,Synthetic SME 001200,RM002,Marmara,Construction,MICRO,JOINT_STOCK,2026-01-22,6,13069246.150000,3,False,True,66.440000,True,RM_CALL,CONTROLLED_SYNTHETIC
SME001201,Synthetic SME 001201,RM025,Black Sea,Hospitality,MICRO,LIMITED,2023-03-12,41,8430608.310000,7,False,False,69.900000,True,RM_CALL,CONTROLLED_SYNTHETIC
SME001202,Synthetic SME 001202,RM003,Black Sea,Wholesale Trade,SMALL,LIMITED,2018-06-29,97,17264622.090000,46,False,False,57.970000,True,RM_CALL,CONTROLLED_SYNTHETIC
SME001203,Synthetic SME 001203,RM004,Central Anatolia,Professional Services,SMALL,JOINT_STOCK,2024-06-23,25,110014414.750000,30,False,False,50.310000,True,RM_CALL,CONTROLLED_SYNTHETIC
SME001204,Synthetic SME 001204,RM031,Black Sea,Construction,MICRO,SOLE_PROPRIETOR,2016-01-13,127,5389944.760000,3,False,False,25.360000,True,RM_CALL,CONTROLLED_SYNTHETIC
SME001205,Synthetic SME 001205,RM020,Mediterranean,Hospitality,MEDIUM,SOLE_PROPRIETOR,2025-07-27,12,140546005.150000,79,True,True,46.230000,True,BRANCH,CONTROLLED_SYNTHETIC
SME001206,Synthetic SME 001206,RM043,Mediterranean,Agriculture,MICRO,LIMITED,2020-05-26,74,35479001.030000,6,True,False,94.160000,True,RM_CALL,CONTROLLED_SYNTHETIC
SME001207,Synthetic SME 001207,RM004,Central Anatolia,Professional Services,MEDIUM,SOLE_PROPRIETOR,2016-12-31,115,48866037.100000,125,False,True,75.110000,True,BRANCH,CONTROLLED_SYNTHETIC
SME001208,Synthetic SME 001208,RM002,Marmara,Healthcare,MICRO,LIMITED,2018-12-18,92,4445419.500000,6,True,False,60.140000,True,RM_CALL,CONTROLLED_SYNTHETIC
SME001209,Synthetic SME 001209,RM036,Marmara,Professional Services,MEDIUM,LIMITED,2016-03-20,125,85913552.200000,162,False,False,58.710000,True,RM_CALL,CONTROLLED_SYNTHETIC
SME001210,Synthetic SME 001210,RM041,Marmara,Technology,SMALL,LIMITED,2016-02-27,125,22905353.280000,45,False,True,32.520000,True,BRANCH,CONTROLLED_SYNTHETIC
SME001211,Synthetic SME 001211,RM036,Marmara,Professional Services,MICRO,LIMITED,2024-04-10,28,15283186.570000,5,True,False,94.080000,True,SECURE_MESSAGE,CONTROLLED_SYNTHETIC
SME001212,Synthetic SME 001212,RM041,Marmara,Wholesale Trade,MICRO,JOINT_STOCK,2023-06-25,37,9505713.200000,5,False,False,27.550000,True,SECURE_MESSAGE,CONTROLLED_SYNTHETIC
SME001213,Synthetic SME 001213,RM005,Eastern,Agriculture,MEDIUM,LIMITED,2020-07-08,73,71792898.540000,226,True,False,59.480000,True,BRANCH,CONTROLLED_SYNTHETIC
SME001214,Synthetic SME 001214,RM008,Marmara,Professional Services,MEDIUM,SOLE_PROPRIETOR,2019-11-15,81,133699222.020000,240,False,False,71.030000,True,RM_CALL,CONTROLLED_SYNTHETIC
SME001215,Synthetic SME 001215,RM005,Eastern,Wholesale Trade,SMALL,LIMITED,2018-05-22,98,8955511.960000,47,False,False,89.500000,True,SECURE_MESSAGE,CONTROLLED_SYNTHETIC
SME001216,Synthetic SME 001216,RM037,Aegean,Agriculture,SMALL,JOINT_STOCK,2019-01-08,91,34566362.120000,44,True,False,48.970000,True,SECURE_MESSAGE,CONTROLLED_SYNTHETIC
SME001217,Synthetic SME 001217,RM004,Central Anatolia,Wholesale Trade,SMALL,LIMITED,2020-07-21,72,16233908.700000,28,False,False,68.080000,False,RM_CALL,CONTROLLED_SYNTHETIC
SME001218,Synthetic SME 001218,RM038,Aegean,Manufacturing,MICRO,SOLE_PROPRIETOR,2020-06-13,74,5685219.950000,7,True,False,63.950000,True,RM_CALL,CONTROLLED_SYNTHETIC
SME001219,Synthetic SME 001219,RM041,Marmara,Transportation,SMALL,SOLE_PROPRIETOR,2024-06-24,25,49600460.670000,48,False,True,65.480000,True,VIDEO_MEETING,CONTROLLED_SYNTHETIC
SME001220,Synthetic SME 001220,RM029,Marmara,Professional Services,MICRO,JOINT_STOCK,2017-08-20,107,3424160.130000,9,False,False,63.030000,True,RM_CALL,CONTROLLED_SYNTHETIC
SME001221,Synthetic SME 001221,RM007,Central Anatolia,Hospitality,SMALL,LIMITED,2021-04-21,63,36700960.850000,27,False,False,42.960000,False,VIDEO_MEETING,CONTROLLED_SYNTHETIC
SME001222,Synthetic SME 001222,RM007,Central Anatolia,Retail Trade,MEDIUM,SOLE_PROPRIETOR,2017-05-01,111,252477924.390000,74,False,False,66.200000,True,RM_CALL,CONTROLLED_SYNTHETIC
SME001223,Synthetic SME 001223,RM009,Marmara,Professional Services,SMALL,SOLE_PROPRIETOR,2020-07-13,73,30656317.220000,49,False,False,57.510000,False,SECURE_MESSAGE,CONTROLLED_SYNTHETIC
SME001224,Synthetic SME 001224,RM027,Eastern,Technology,SMALL,LIMITED,2019-10-22,81,30312201.680000,31,False,False,62.610000,True,RM_CALL,CONTROLLED_SYNTHETIC
SME001225,Synthetic SME 001225,RM045,Aegean,Hospitality,MICRO,SOLE_PROPRIETOR,2017-07-23,108,7911411.690000,8,False,True,73.420000,True,BRANCH,CONTROLLED_SYNTHETIC
SME001226,Synthetic SME 001226,RM009,Marmara,Agriculture,SMALL,LIMITED,2020-01-16,79,54760812.740000,45,False,False,52.660000,True,VIDEO_MEETING,CONTROLLED_SYNTHETIC
SME001227,Synthetic SME 001227,RM020,Mediterranean,Healthcare,MICRO,LIMITED,2018-10-31,93,7365939.170000,8,False,False,53.700000,True,SECURE_MESSAGE,CONTROLLED_SYNTHETIC
SME001228,Synthetic SME 001228,RM006,Aegean,Healthcare,MICRO,LIMITED,2020-04-04,76,5535381.650000,5,False,False,91.000000,True,SECURE_MESSAGE,CONTROLLED_SYNTHETIC
SME001229,Synthetic SME 001229,RM027,Eastern,Construction,MICRO,JOINT_STOCK,2015-11-01,129,21592171.620000,2,False,False,49.200000,True,BRANCH,CONTROLLED_SYNTHETIC
SME001230,Synthetic SME 001230,RM008,Marmara,Hospitality,MICRO,LIMITED,2023-09-01,35,11611045.400000,5,False,False,30.470000,True,RM_CALL,CONTROLLED_SYNTHETIC
SME001231,Synthetic SME 001231,RM046,Mediterranean,Wholesale Trade,MICRO,LIMITED,2022-06-16,50,1578015.490000,8,False,True,44.530000,True,BRANCH,CONTROLLED_SYNTHETIC
SME001232,Synthetic SME 001232,RM021,Marmara,Construction,MICRO,LIMITED,2018-08-30,95,5019267.750000,7,False,False,65.560000,True,VIDEO_MEETING,CONTROLLED_SYNTHETIC
SME001233,Synthetic SME 001233,RM004,Central Anatolia,Healthcare,MICRO,JOINT_STOCK,2015-06-19,134,5800515.840000,9,False,False,34.150000,True,BRANCH,CONTROLLED_SYNTHETIC
SME001234,Synthetic SME 001234,RM036,Marmara,Construction,SMALL,LIMITED,2015-03-02,137,81440331.780000,24,False,True,82.660000,True,VIDEO_MEETING,CONTROLLED_SYNTHETIC
SME001235,Synthetic SME 001235,RM020,Mediterranean,Manufacturing,MICRO,SOLE_PROPRIETOR,2023-05-17,39,10821322.040000,6,False,False,37.510000,True,VIDEO_MEETING,CONTROLLED_SYNTHETIC
SME001236,Synthetic SME 001236,RM022,Central Anatolia,Construction,MICRO,LIMITED,2020-09-25,70,6273166.130000,7,False,False,43.320000,True,RM_CALL,CONTROLLED_SYNTHETIC
SME001237,Synthetic SME 001237,RM012,Central Anatolia,Technology,SMALL,LIMITED,2024-03-11,29,66569495.790000,15,True,False,58.070000,True,BRANCH,CONTROLLED_SYNTHETIC
SME001238,Synthetic SME 001238,RM029,Marmara,Manufacturing,MICRO,JOINT_STOCK,2016-01-28,126,8055971.970000,6,True,False,77.290000,True,BRANCH,CONTROLLED_SYNTHETIC
SME001239,Synthetic SME 001239,RM021,Marmara,Professional Services,SMALL,LIMITED,2020-06-20,73,27526103.040000,45,False,False,88.570000,True,SECURE_MESSAGE,CONTROLLED_SYNTHETIC
SME001240,Synthetic SME 001240,RM001,Mediterranean,Technology,MEDIUM,LIMITED,2018-11-20,92,144411724.720000,116,False,False,76.330000,True,VIDEO_MEETING,CONTROLLED_SYNTHETIC
SME001241,Synthetic SME 001241,RM022,Central Anatolia,Agriculture,MICRO,SOLE_PROPRIETOR,2026-01-26,6,10634931.540000,9,False,False,61.740000,True,RM_CALL,CONTROLLED_SYNTHETIC
SME001242,Synthetic SME 001242,RM021,Marmara,Manufacturing,MICRO,SOLE_PROPRIETOR,2018-11-01,93,18134210.830000,9,False,False,85.690000,True,BRANCH,CONTROLLED_SYNTHETIC
SME001243,Synthetic SME 001243,RM029,Marmara,Agriculture,SMALL,LIMITED,2020-09-21,70,72812328.670000,43,False,True,65.920000,True,RM_CALL,CONTROLLED_SYNTHETIC
SME001244,Synthetic SME 001244,RM016,Mediterranean,Retail Trade,SMALL,JOINT_STOCK,2019-11-30,80,89459073.700000,12,False,False,79.650000,True,RM_CALL,CONTROLLED_SYNTHETIC
SME001245,Synthetic SME 001245,RM011,Black Sea,Agriculture,SMALL,SOLE_PROPRIETOR,2015-03-11,137,66242780.540000,38,False,False,91.660000,False,RM_CALL,CONTROLLED_SYNTHETIC
SME001246,Synthetic SME 001246,RM003,Black Sea,Agriculture,MICRO,JOINT_STOCK,2015-09-10,131,4850521.210000,8,False,False,46.020000,True,SECURE_MESSAGE,CONTROLLED_SYNTHETIC
SME001247,Synthetic SME 001247,RM002,Marmara,Healthcare,MICRO,LIMITED,2024-03-16,29,11914342.710000,7,False,False,66.050000,True,RM_CALL,CONTROLLED_SYNTHETIC
SME001248,Synthetic SME 001248,RM010,Central Anatolia,Technology,MICRO,SOLE_PROPRIETOR,2020-02-27,77,8429055.100000,6,False,False,63.410000,True,VIDEO_MEETING,CONTROLLED_SYNTHETIC
SME001249,Synthetic SME 001249,RM031,Black Sea,Wholesale Trade,SMALL,LIMITED,2015-03-12,137,19886440.190000,31,True,False,64.330000,True,RM_CALL,CONTROLLED_SYNTHETIC
SME001250,Synthetic SME 001250,RM016,Mediterranean,Retail Trade,SMALL,LIMITED,2023-03-15,41,14965150.210000,46,False,True,58.270000,True,VIDEO_MEETING,CONTROLLED_SYNTHETIC
SME001251,Synthetic SME 001251,RM002,Marmara,Retail Trade,MEDIUM,JOINT_STOCK,2026-03-05,5,63599668.040000,239,False,False,53.000000,True,RM_CALL,CONTROLLED_SYNTHETIC
SME001252,Synthetic SME 001252,RM038,Aegean,Agriculture,MICRO,LIMITED,2017-08-09,108,5438259.080000,8,True,False,76.900000,True,BRANCH,CONTROLLED_SYNTHETIC
SME001253,Synthetic SME 001253,RM020,Mediterranean,Retail Trade,SMALL,LIMITED,2021-02-18,66,34309694.230000,29,False,False,75.390000,True,RM_CALL,CONTROLLED_SYNTHETIC
SME001254,Synthetic SME 001254,RM005,Eastern,Agriculture,MICRO,LIMITED,2019-06-07,86,4436886.050000,6,False,False,75.560000,True,RM_CALL,CONTROLLED_SYNTHETIC
SME001255,Synthetic SME 001255,RM022,Central Anatolia,Technology,SMALL,SOLE_PROPRIETOR,2019-01-27,90,55940202.220000,40,False,False,48.790000,True,SECURE_MESSAGE,CONTROLLED_SYNTHETIC
SME001256,Synthetic SME 001256,RM016,Mediterranean,Healthcare,MICRO,LIMITED,2017-08-09,108,9379651.570000,8,False,False,90.100000,True,RM_CALL,CONTROLLED_SYNTHETIC
SME001257,Synthetic SME 001257,RM035,Central Anatolia,Retail Trade,MEDIUM,LIMITED,2020-03-27,76,163212378.000000,172,True,True,66.680000,True,RM_CALL,CONTROLLED_SYNTHETIC
SME001258,Synthetic SME 001258,RM039,Eastern,Technology,MEDIUM,LIMITED,2016-08-03,120,252315251.500000,184,True,False,46.970000,True,VIDEO_MEETING,CONTROLLED_SYNTHETIC
SME001259,Synthetic SME 001259,RM020,Mediterranean,Hospitality,MICRO,SOLE_PROPRIETOR,2020-11-06,69,7931725.580000,5,False,False,52.920000,True,RM_CALL,CONTROLLED_SYNTHETIC
SME001260,Synthetic SME 001260,RM029,Marmara,Retail Trade,MICRO,LIMITED,2021-06-01,62,6526246.250000,8,False,False,81.700000,True,BRANCH,CONTROLLED_SYNTHETIC
SME001261,Synthetic SME 001261,RM040,Black Sea,Professional Services,SMALL,LIMITED,2018-02-16,102,50910474.410000,24,False,True,61.500000,True,VIDEO_MEETING,CONTROLLED_SYNTHETIC
SME001262,Synthetic SME 001262,RM021,Marmara,Agriculture,SMALL,SOLE_PROPRIETOR,2025-01-01,19,29469757.230000,32,False,False,57.600000,True,BRANCH,CONTROLLED_SYNTHETIC
SME001263,Synthetic SME 001263,RM036,Marmara,Wholesale Trade,SMALL,LIMITED,2024-09-07,23,23889980.610000,40,False,False,87.190000,True,RM_CALL,CONTROLLED_SYNTHETIC
SME001264,Synthetic SME 001264,RM015,Marmara,Retail Trade,SMALL,LIMITED,2016-02-15,126,70009148.510000,32,False,False,72.800000,True,RM_CALL,CONTROLLED_SYNTHETIC
SME001265,Synthetic SME 001265,RM023,Black Sea,Hospitality,MICRO,LIMITED,2015-09-26,130,8978732.670000,3,False,False,84.260000,True,BRANCH,CONTROLLED_SYNTHETIC
SME001266,Synthetic SME 001266,RM019,Aegean,Professional Services,MICRO,LIMITED,2017-07-02,109,6852969.860000,4,False,False,22.720000,True,VIDEO_MEETING,CONTROLLED_SYNTHETIC
SME001267,Synthetic SME 001267,RM038,Aegean,Professional Services,SMALL,LIMITED,2022-03-12,53,18187932.160000,46,False,False,68.740000,True,RM_CALL,CONTROLLED_SYNTHETIC
SME001268,Synthetic SME 001268,RM007,Central Anatolia,Hospitality,SMALL,JOINT_STOCK,2018-06-22,97,34455494.850000,49,False,False,84.480000,True,RM_CALL,CONTROLLED_SYNTHETIC
SME001269,Synthetic SME 001269,RM017,Aegean,Professional Services,MICRO,SOLE_PROPRIETOR,2020-01-31,78,5323940.970000,7,False,False,37.930000,True,RM_CALL,CONTROLLED_SYNTHETIC
SME001270,Synthetic SME 001270,RM027,Eastern,Transportation,MICRO,LIMITED,2019-11-16,81,2334410.690000,6,False,False,66.250000,True,SECURE_MESSAGE,CONTROLLED_SYNTHETIC
SME001271,Synthetic SME 001271,RM009,Marmara,Healthcare,SMALL,SOLE_PROPRIETOR,2022-11-28,44,94302361.560000,29,False,False,86.030000,True,RM_CALL,CONTROLLED_SYNTHETIC
SME001272,Synthetic SME 001272,RM007,Central Anatolia,Agriculture,MEDIUM,LIMITED,2019-01-15,91,53111739.420000,87,True,True,20.160000,True,BRANCH,CONTROLLED_SYNTHETIC
SME001273,Synthetic SME 001273,RM008,Marmara,Technology,SMALL,LIMITED,2026-01-29,6,30549455.510000,28,True,False,70.540000,True,BRANCH,CONTROLLED_SYNTHETIC
SME001274,Synthetic SME 001274,RM014,Eastern,Healthcare,SMALL,LIMITED,2016-05-29,122,26428651.940000,10,False,True,44.880000,True,BRANCH,CONTROLLED_SYNTHETIC
SME001275,Synthetic SME 001275,RM042,Mediterranean,Retail Trade,MICRO,LIMITED,2019-07-10,85,3464646.340000,6,False,False,35.800000,True,RM_CALL,CONTROLLED_SYNTHETIC
SME001276,Synthetic SME 001276,RM042,Mediterranean,Hospitality,MICRO,LIMITED,2020-06-24,73,10631382.650000,8,False,False,18.920000,True,RM_CALL,CONTROLLED_SYNTHETIC
SME001277,Synthetic SME 001277,RM021,Marmara,Construction,SMALL,SOLE_PROPRIETOR,2016-07-04,121,76160422.250000,25,False,False,42.710000,True,VIDEO_MEETING,CONTROLLED_SYNTHETIC
SME001278,Synthetic SME 001278,RM037,Aegean,Technology,SMALL,SOLE_PROPRIETOR,2024-03-11,29,31781253.440000,28,False,True,63.140000,True,RM_CALL,CONTROLLED_SYNTHETIC
SME001279,Synthetic SME 001279,RM045,Aegean,Hospitality,MEDIUM,SOLE_PROPRIETOR,2019-07-09,85,132296457.550000,173,True,False,59.250000,False,RM_CALL,CONTROLLED_SYNTHETIC
SME001280,Synthetic SME 001280,RM036,Marmara,Wholesale Trade,MICRO,LIMITED,2018-01-03,103,3326884.370000,4,False,False,74.050000,True,RM_CALL,CONTROLLED_SYNTHETIC
SME001281,Synthetic SME 001281,RM002,Marmara,Transportation,MICRO,LIMITED,2019-08-14,84,13043510.580000,5,False,False,21.700000,True,RM_CALL,CONTROLLED_SYNTHETIC
SME001282,Synthetic SME 001282,RM035,Central Anatolia,Manufacturing,MICRO,SOLE_PROPRIETOR,2025-02-03,18,12879256.790000,8,False,False,63.350000,True,VIDEO_MEETING,CONTROLLED_SYNTHETIC
SME001283,Synthetic SME 001283,RM010,Central Anatolia,Wholesale Trade,MICRO,JOINT_STOCK,2020-10-08,70,2220717.850000,4,False,False,82.300000,True,VIDEO_MEETING,CONTROLLED_SYNTHETIC
SME001284,Synthetic SME 001284,RM006,Aegean,Manufacturing,MICRO,JOINT_STOCK,2024-03-18,29,4076610.730000,7,True,False,77.380000,True,VIDEO_MEETING,CONTROLLED_SYNTHETIC
SME001285,Synthetic SME 001285,RM038,Aegean,Healthcare,MICRO,SOLE_PROPRIETOR,2017-06-15,110,4450072.800000,8,True,False,52.310000,True,SECURE_MESSAGE,CONTROLLED_SYNTHETIC
SME001286,Synthetic SME 001286,RM039,Eastern,Agriculture,SMALL,LIMITED,2020-11-17,69,3700225.620000,37,False,False,36.410000,True,RM_CALL,CONTROLLED_SYNTHETIC
SME001287,Synthetic SME 001287,RM027,Eastern,Retail Trade,MICRO,SOLE_PROPRIETOR,2026-02-18,6,18250096.540000,6,True,False,60.510000,True,RM_CALL,CONTROLLED_SYNTHETIC
SME001288,Synthetic SME 001288,RM045,Aegean,Hospitality,MICRO,LIMITED,2025-02-17,18,4206519.580000,5,False,False,70.110000,True,RM_CALL,CONTROLLED_SYNTHETIC
SME001289,Synthetic SME 001289,RM036,Marmara,Construction,SMALL,LIMITED,2017-02-28,113,53346476.330000,44,False,True,78.600000,True,VIDEO_MEETING,CONTROLLED_SYNTHETIC
SME001290,Synthetic SME 001290,RM036,Marmara,Wholesale Trade,MICRO,LIMITED,2021-08-20,59,20782121.380000,9,False,False,66.780000,True,VIDEO_MEETING,CONTROLLED_SYNTHETIC
SME001291,Synthetic SME 001291,RM024,Eastern,Retail Trade,SMALL,LIMITED,2018-12-18,92,47263984.430000,30,False,False,62.460000,True,SECURE_MESSAGE,CONTROLLED_SYNTHETIC
SME001292,Synthetic SME 001292,RM029,Marmara,Construction,MICRO,LIMITED,2017-10-19,106,15200060.320000,5,False,True,78.350000,True,SECURE_MESSAGE,CONTROLLED_SYNTHETIC
SME001293,Synthetic SME 001293,RM010,Central Anatolia,Construction,MICRO,JOINT_STOCK,2017-08-01,108,13867059.290000,6,False,False,55.480000,True,RM_CALL,CONTROLLED_SYNTHETIC
SME001294,Synthetic SME 001294,RM045,Aegean,Professional Services,SMALL,LIMITED,2022-05-22,50,24125829.840000,28,False,False,29.780000,True,RM_CALL,CONTROLLED_SYNTHETIC
SME001295,Synthetic SME 001295,RM027,Eastern,Construction,MEDIUM,LIMITED,2024-10-08,22,91462737.410000,128,False,False,80.140000,True,SECURE_MESSAGE,CONTROLLED_SYNTHETIC
SME001296,Synthetic SME 001296,RM008,Marmara,Manufacturing,SMALL,LIMITED,2025-08-11,12,22088946.080000,17,False,False,67.410000,True,RM_CALL,CONTROLLED_SYNTHETIC
SME001297,Synthetic SME 001297,RM035,Central Anatolia,Technology,SMALL,JOINT_STOCK,2020-02-12,78,83300899.320000,24,False,True,68.160000,True,RM_CALL,CONTROLLED_SYNTHETIC
SME001298,Synthetic SME 001298,RM010,Central Anatolia,Professional Services,SMALL,LIMITED,2018-02-01,102,15048316.310000,42,False,False,55.970000,True,RM_CALL,CONTROLLED_SYNTHETIC
SME001299,Synthetic SME 001299,RM029,Marmara,Hospitality,MICRO,SOLE_PROPRIETOR,2016-02-23,125,8459653.880000,2,False,False,33.610000,True,SECURE_MESSAGE,CONTROLLED_SYNTHETIC
SME001300,Synthetic SME 001300,RM035,Central Anatolia,Healthcare,SMALL,LIMITED,2025-01-20,18,17530978.410000,20,False,False,50.860000,True,RM_CALL,CONTROLLED_SYNTHETIC
SME001301,Synthetic SME 001301,RM034,Aegean,Wholesale Trade,MICRO,LIMITED,2021-06-17,62,5363315.440000,5,True,False,72.870000,True,BRANCH,CONTROLLED_SYNTHETIC
SME001302,Synthetic SME 001302,RM043,Mediterranean,Agriculture,SMALL,SOLE_PROPRIETOR,2026-02-17,6,33361434.330000,27,False,False,39.030000,True,RM_CALL,CONTROLLED_SYNTHETIC
SME001303,Synthetic SME 001303,RM006,Aegean,Wholesale Trade,MEDIUM,LIMITED,2015-12-27,127,112795661.190000,91,True,False,60.020000,True,RM_CALL,CONTROLLED_SYNTHETIC
SME001304,Synthetic SME 001304,RM021,Marmara,Wholesale Trade,SMALL,LIMITED,2017-08-25,107,8287111.750000,21,True,False,44.270000,True,SECURE_MESSAGE,CONTROLLED_SYNTHETIC
SME001305,Synthetic SME 001305,RM032,Aegean,Transportation,MICRO,LIMITED,2021-09-17,59,1501053.510000,7,False,False,65.090000,True,BRANCH,CONTROLLED_SYNTHETIC
SME001306,Synthetic SME 001306,RM039,Eastern,Technology,SMALL,LIMITED,2023-05-26,38,16800405.170000,20,False,True,80.530000,True,RM_CALL,CONTROLLED_SYNTHETIC
SME001307,Synthetic SME 001307,RM025,Black Sea,Agriculture,SMALL,SOLE_PROPRIETOR,2021-09-15,59,16592463.560000,14,False,True,42.730000,True,VIDEO_MEETING,CONTROLLED_SYNTHETIC
SME001308,Synthetic SME 001308,RM036,Marmara,Wholesale Trade,MICRO,JOINT_STOCK,2019-09-20,82,20839646.980000,9,False,False,22.710000,True,BRANCH,CONTROLLED_SYNTHETIC
SME001309,Synthetic SME 001309,RM032,Aegean,Professional Services,SMALL,LIMITED,2021-01-01,67,38191702.660000,10,False,False,50.450000,True,BRANCH,CONTROLLED_SYNTHETIC
SME001310,Synthetic SME 001310,RM021,Marmara,Hospitality,MICRO,JOINT_STOCK,2024-06-01,26,10440294.390000,2,False,False,68.520000,True,BRANCH,CONTROLLED_SYNTHETIC
SME001311,Synthetic SME 001311,RM031,Black Sea,Wholesale Trade,SMALL,JOINT_STOCK,2015-03-09,137,45516153.540000,18,False,False,56.660000,True,RM_CALL,CONTROLLED_SYNTHETIC
SME001312,Synthetic SME 001312,RM042,Mediterranean,Retail Trade,SMALL,LIMITED,2022-09-09,47,36321814.610000,49,False,True,71.100000,True,VIDEO_MEETING,CONTROLLED_SYNTHETIC
SME001313,Synthetic SME 001313,RM016,Mediterranean,Construction,MICRO,SOLE_PROPRIETOR,2026-01-30,6,3595340.030000,7,True,False,59.100000,True,SECURE_MESSAGE,CONTROLLED_SYNTHETIC
SME001314,Synthetic SME 001314,RM008,Marmara,Hospitality,SMALL,JOINT_STOCK,2019-04-15,88,35385578.270000,49,True,False,71.840000,True,SECURE_MESSAGE,CONTROLLED_SYNTHETIC
SME001315,Synthetic SME 001315,RM025,Black Sea,Retail Trade,MICRO,LIMITED,2025-09-09,11,8956661.760000,3,True,False,78.380000,True,BRANCH,CONTROLLED_SYNTHETIC
SME001316,Synthetic SME 001316,RM015,Marmara,Agriculture,SMALL,SOLE_PROPRIETOR,2019-08-25,83,21844589.670000,13,False,False,93.110000,True,BRANCH,CONTROLLED_SYNTHETIC
SME001317,Synthetic SME 001317,RM029,Marmara,Agriculture,MICRO,LIMITED,2017-07-17,109,8899294.650000,2,False,False,41.520000,False,RM_CALL,CONTROLLED_SYNTHETIC
SME001318,Synthetic SME 001318,RM004,Central Anatolia,Manufacturing,SMALL,JOINT_STOCK,2022-08-26,47,31133662.320000,31,False,False,79.090000,True,RM_CALL,CONTROLLED_SYNTHETIC
SME001319,Synthetic SME 001319,RM035,Central Anatolia,Healthcare,MICRO,LIMITED,2019-09-01,83,5286414.300000,8,False,False,36.690000,True,SECURE_MESSAGE,CONTROLLED_SYNTHETIC
SME001320,Synthetic SME 001320,RM027,Eastern,Wholesale Trade,MEDIUM,LIMITED,2015-07-06,133,90082892.090000,203,True,True,81.180000,True,SECURE_MESSAGE,CONTROLLED_SYNTHETIC
SME001321,Synthetic SME 001321,RM019,Aegean,Healthcare,MICRO,JOINT_STOCK,2015-03-16,137,34727826.820000,8,False,False,90.520000,True,VIDEO_MEETING,CONTROLLED_SYNTHETIC
SME001322,Synthetic SME 001322,RM014,Eastern,Healthcare,MICRO,SOLE_PROPRIETOR,2022-09-03,47,6321024.990000,7,False,False,52.820000,True,BRANCH,CONTROLLED_SYNTHETIC
SME001323,Synthetic SME 001323,RM015,Marmara,Wholesale Trade,SMALL,JOINT_STOCK,2025-01-05,19,43514392.280000,44,False,False,41.610000,True,SECURE_MESSAGE,CONTROLLED_SYNTHETIC
SME001324,Synthetic SME 001324,RM012,Central Anatolia,Manufacturing,MICRO,LIMITED,2023-10-12,34,4871295.090000,5,False,False,22.060000,True,RM_CALL,CONTROLLED_SYNTHETIC
SME001325,Synthetic SME 001325,RM008,Marmara,Technology,MEDIUM,JOINT_STOCK,2026-04-04,4,76619367.050000,200,False,True,41.650000,True,RM_CALL,CONTROLLED_SYNTHETIC
SME001326,Synthetic SME 001326,RM006,Aegean,Agriculture,SMALL,SOLE_PROPRIETOR,2022-11-21,44,23425512.670000,32,False,False,80.500000,True,RM_CALL,CONTROLLED_SYNTHETIC
SME001327,Synthetic SME 001327,RM042,Mediterranean,Manufacturing,SMALL,LIMITED,2018-10-11,94,7567810.950000,12,False,False,59.290000,True,VIDEO_MEETING,CONTROLLED_SYNTHETIC
SME001328,Synthetic SME 001328,RM014,Eastern,Professional Services,SMALL,JOINT_STOCK,2024-09-12,23,22315494.770000,43,False,False,75.830000,False,VIDEO_MEETING,CONTROLLED_SYNTHETIC
SME001329,Synthetic SME 001329,RM032,Aegean,Transportation,SMALL,LIMITED,2021-07-10,61,55047819.910000,32,False,False,69.810000,True,BRANCH,CONTROLLED_SYNTHETIC
SME001330,Synthetic SME 001330,RM013,Black Sea,Professional Services,MICRO,LIMITED,2017-03-09,113,4786546.740000,3,True,False,50.550000,True,RM_CALL,CONTROLLED_SYNTHETIC
SME001331,Synthetic SME 001331,RM042,Mediterranean,Manufacturing,SMALL,JOINT_STOCK,2019-12-23,79,26740182.870000,16,False,False,18.670000,True,RM_CALL,CONTROLLED_SYNTHETIC
SME001332,Synthetic SME 001332,RM041,Marmara,Hospitality,SMALL,LIMITED,2025-12-08,8,25106608.870000,37,False,False,61.230000,True,RM_CALL,CONTROLLED_SYNTHETIC
SME001333,Synthetic SME 001333,RM041,Marmara,Retail Trade,MEDIUM,LIMITED,2020-09-10,71,131178960.280000,223,True,False,49.250000,True,RM_CALL,CONTROLLED_SYNTHETIC
SME001334,Synthetic SME 001334,RM009,Marmara,Transportation,MEDIUM,SOLE_PROPRIETOR,2024-11-12,21,114151019.490000,66,False,False,79.850000,True,SECURE_MESSAGE,CONTROLLED_SYNTHETIC
SME001335,Synthetic SME 001335,RM038,Aegean,Construction,MICRO,LIMITED,2020-03-23,76,6357411.940000,8,False,False,51.360000,True,RM_CALL,CONTROLLED_SYNTHETIC
SME001336,Synthetic SME 001336,RM008,Marmara,Agriculture,SMALL,SOLE_PROPRIETOR,2016-08-11,120,13830063.950000,17,True,False,69.530000,True,SECURE_MESSAGE,CONTROLLED_SYNTHETIC
SME001337,Synthetic SME 001337,RM029,Marmara,Wholesale Trade,MICRO,JOINT_STOCK,2016-09-03,119,3893930.220000,9,False,False,67.240000,True,RM_CALL,CONTROLLED_SYNTHETIC
SME001338,Synthetic SME 001338,RM021,Marmara,Transportation,SMALL,JOINT_STOCK,2022-08-30,47,48196975.430000,44,False,False,72.060000,False,BRANCH,CONTROLLED_SYNTHETIC
SME001339,Synthetic SME 001339,RM001,Mediterranean,Professional Services,MEDIUM,LIMITED,2022-09-22,46,66656741.350000,154,False,False,34.970000,False,BRANCH,CONTROLLED_SYNTHETIC
SME001340,Synthetic SME 001340,RM014,Eastern,Manufacturing,MEDIUM,LIMITED,2021-06-06,62,128572127.320000,82,False,False,81.130000,True,BRANCH,CONTROLLED_SYNTHETIC
SME001341,Synthetic SME 001341,RM044,Eastern,Construction,SMALL,LIMITED,2026-01-25,6,22499988.460000,46,False,False,64.290000,True,VIDEO_MEETING,CONTROLLED_SYNTHETIC
SME001342,Synthetic SME 001342,RM020,Mediterranean,Healthcare,SMALL,JOINT_STOCK,2021-11-25,56,38052989.710000,10,False,False,94.540000,True,BRANCH,CONTROLLED_SYNTHETIC
SME001343,Synthetic SME 001343,RM008,Marmara,Professional Services,SMALL,SOLE_PROPRIETOR,2023-04-16,40,18327572.880000,32,False,False,47.550000,True,RM_CALL,CONTROLLED_SYNTHETIC
SME001344,Synthetic SME 001344,RM003,Black Sea,Technology,MICRO,LIMITED,2024-01-09,31,6425530.120000,7,False,True,79.000000,False,SECURE_MESSAGE,CONTROLLED_SYNTHETIC
SME001345,Synthetic SME 001345,RM038,Aegean,Professional Services,MICRO,LIMITED,2019-06-21,85,14127315.160000,5,False,False,67.750000,True,RM_CALL,CONTROLLED_SYNTHETIC
SME001346,Synthetic SME 001346,RM033,Mediterranean,Professional Services,MICRO,JOINT_STOCK,2015-12-10,128,12976468.340000,5,False,False,75.200000,True,RM_CALL,CONTROLLED_SYNTHETIC
SME001347,Synthetic SME 001347,RM007,Central Anatolia,Professional Services,SMALL,LIMITED,2024-11-28,20,22653286.940000,39,False,False,52.430000,True,VIDEO_MEETING,CONTROLLED_SYNTHETIC
SME001348,Synthetic SME 001348,RM031,Black Sea,Healthcare,MEDIUM,LIMITED,2022-02-11,54,188754160.160000,228,False,True,84.590000,False,RM_CALL,CONTROLLED_SYNTHETIC
SME001349,Synthetic SME 001349,RM022,Central Anatolia,Retail Trade,MICRO,SOLE_PROPRIETOR,2019-04-07,88,9796116.910000,7,True,True,59.030000,True,SECURE_MESSAGE,CONTROLLED_SYNTHETIC
SME001350,Synthetic SME 001350,RM021,Marmara,Construction,MICRO,LIMITED,2019-01-16,91,37829439.210000,2,False,True,66.480000,True,RM_CALL,CONTROLLED_SYNTHETIC
SME001351,Synthetic SME 001351,RM036,Marmara,Healthcare,MEDIUM,LIMITED,2025-01-11,19,41599997.840000,192,True,False,50.020000,True,RM_CALL,CONTROLLED_SYNTHETIC
SME001352,Synthetic SME 001352,RM034,Aegean,Construction,MICRO,LIMITED,2025-06-04,14,5975174.400000,6,False,False,56.370000,True,RM_CALL,CONTROLLED_SYNTHETIC
SME001353,Synthetic SME 001353,RM009,Marmara,Construction,MEDIUM,LIMITED,2021-05-30,62,75376133.510000,159,False,False,66.280000,True,SECURE_MESSAGE,CONTROLLED_SYNTHETIC
SME001354,Synthetic SME 001354,RM007,Central Anatolia,Construction,MICRO,LIMITED,2025-06-18,14,26091543.590000,7,True,False,37.040000,False,RM_CALL,CONTROLLED_SYNTHETIC
SME001355,Synthetic SME 001355,RM036,Marmara,Technology,MICRO,LIMITED,2017-11-21,104,8043680.990000,2,False,True,60.740000,True,BRANCH,CONTROLLED_SYNTHETIC
SME001356,Synthetic SME 001356,RM010,Central Anatolia,Technology,SMALL,LIMITED,2019-09-30,82,16398504.230000,21,False,False,62.020000,True,RM_CALL,CONTROLLED_SYNTHETIC
SME001357,Synthetic SME 001357,RM041,Marmara,Wholesale Trade,MICRO,LIMITED,2015-10-27,129,14780220.890000,5,True,False,73.650000,True,BRANCH,CONTROLLED_SYNTHETIC
SME001358,Synthetic SME 001358,RM031,Black Sea,Agriculture,MICRO,SOLE_PROPRIETOR,2022-05-26,50,20256822.090000,9,False,True,58.710000,True,SECURE_MESSAGE,CONTROLLED_SYNTHETIC
SME001359,Synthetic SME 001359,RM008,Marmara,Healthcare,MICRO,LIMITED,2021-02-26,65,16881807.350000,3,False,True,48.340000,True,RM_CALL,CONTROLLED_SYNTHETIC
SME001360,Synthetic SME 001360,RM036,Marmara,Construction,MEDIUM,LIMITED,2019-02-22,89,365682631.820000,80,True,True,54.260000,True,RM_CALL,CONTROLLED_SYNTHETIC
SME001361,Synthetic SME 001361,RM008,Marmara,Construction,MEDIUM,LIMITED,2025-08-09,12,98116309.860000,216,True,True,67.910000,True,RM_CALL,CONTROLLED_SYNTHETIC
SME001362,Synthetic SME 001362,RM041,Marmara,Healthcare,MICRO,LIMITED,2025-09-24,10,7752493.070000,3,False,False,96.560000,True,RM_CALL,CONTROLLED_SYNTHETIC
SME001363,Synthetic SME 001363,RM038,Aegean,Agriculture,MICRO,LIMITED,2024-07-15,25,3958522.250000,8,False,False,42.750000,True,SECURE_MESSAGE,CONTROLLED_SYNTHETIC
SME001364,Synthetic SME 001364,RM040,Black Sea,Transportation,MICRO,JOINT_STOCK,2016-05-01,123,7255493.010000,6,False,False,90.380000,True,SECURE_MESSAGE,CONTROLLED_SYNTHETIC
SME001365,Synthetic SME 001365,RM017,Aegean,Healthcare,MICRO,LIMITED,2018-02-16,102,6461861.240000,3,True,False,63.480000,True,RM_CALL,CONTROLLED_SYNTHETIC
SME001366,Synthetic SME 001366,RM036,Marmara,Healthcare,SMALL,LIMITED,2024-05-05,27,28757851.960000,11,False,False,86.160000,True,RM_CALL,CONTROLLED_SYNTHETIC
SME001367,Synthetic SME 001367,RM009,Marmara,Healthcare,MICRO,SOLE_PROPRIETOR,2018-09-26,94,2754334.750000,8,False,False,87.580000,True,BRANCH,CONTROLLED_SYNTHETIC
SME001368,Synthetic SME 001368,RM010,Central Anatolia,Construction,MICRO,JOINT_STOCK,2019-02-23,89,11484468.560000,5,False,True,90.470000,False,BRANCH,CONTROLLED_SYNTHETIC
SME001369,Synthetic SME 001369,RM023,Black Sea,Professional Services,SMALL,SOLE_PROPRIETOR,2017-09-16,107,61876965.400000,49,False,False,94.300000,True,BRANCH,CONTROLLED_SYNTHETIC
SME001370,Synthetic SME 001370,RM048,Eastern,Manufacturing,MICRO,JOINT_STOCK,2021-01-21,66,8932613.470000,9,False,False,76.690000,True,SECURE_MESSAGE,CONTROLLED_SYNTHETIC
SME001371,Synthetic SME 001371,RM006,Aegean,Healthcare,MICRO,LIMITED,2017-11-12,105,20972764.530000,8,False,False,80.170000,False,BRANCH,CONTROLLED_SYNTHETIC
SME001372,Synthetic SME 001372,RM044,Eastern,Retail Trade,MICRO,SOLE_PROPRIETOR,2022-01-27,54,30040438.230000,3,False,False,84.610000,True,RM_CALL,CONTROLLED_SYNTHETIC
SME001373,Synthetic SME 001373,RM008,Marmara,Agriculture,SMALL,SOLE_PROPRIETOR,2024-07-17,25,42942557.820000,25,False,True,79.820000,True,RM_CALL,CONTROLLED_SYNTHETIC
SME001374,Synthetic SME 001374,RM035,Central Anatolia,Hospitality,MICRO,LIMITED,2017-05-23,110,2184252.440000,7,False,False,69.580000,True,VIDEO_MEETING,CONTROLLED_SYNTHETIC
SME001375,Synthetic SME 001375,RM015,Marmara,Agriculture,MICRO,JOINT_STOCK,2017-10-13,106,13834376.000000,4,False,False,83.650000,True,SECURE_MESSAGE,CONTROLLED_SYNTHETIC
SME001376,Synthetic SME 001376,RM029,Marmara,Retail Trade,SMALL,LIMITED,2026-01-10,7,31903014.480000,32,False,True,83.800000,True,BRANCH,CONTROLLED_SYNTHETIC
SME001377,Synthetic SME 001377,RM041,Marmara,Professional Services,SMALL,LIMITED,2022-08-29,47,43832385.660000,14,True,False,78.100000,True,RM_CALL,CONTROLLED_SYNTHETIC
SME001378,Synthetic SME 001378,RM002,Marmara,Healthcare,MICRO,JOINT_STOCK,2015-11-14,129,13408170.710000,6,True,True,61.160000,True,RM_CALL,CONTROLLED_SYNTHETIC
SME001379,Synthetic SME 001379,RM041,Marmara,Hospitality,MICRO,SOLE_PROPRIETOR,2017-01-11,115,10124795.690000,8,False,False,61.400000,False,RM_CALL,CONTROLLED_SYNTHETIC
SME001380,Synthetic SME 001380,RM035,Central Anatolia,Technology,MICRO,LIMITED,2021-03-02,65,3919804.120000,8,False,False,72.240000,True,SECURE_MESSAGE,CONTROLLED_SYNTHETIC
SME001381,Synthetic SME 001381,RM019,Aegean,Transportation,MICRO,JOINT_STOCK,2019-08-03,84,17100042.050000,4,False,False,73.650000,True,RM_CALL,CONTROLLED_SYNTHETIC
SME001382,Synthetic SME 001382,RM044,Eastern,Agriculture,SMALL,LIMITED,2021-09-27,58,29823051.450000,48,True,True,48.520000,True,RM_CALL,CONTROLLED_SYNTHETIC
SME001383,Synthetic SME 001383,RM038,Aegean,Transportation,MICRO,SOLE_PROPRIETOR,2018-09-08,95,4535679.040000,8,False,False,58.350000,True,RM_CALL,CONTROLLED_SYNTHETIC
SME001384,Synthetic SME 001384,RM027,Eastern,Professional Services,SMALL,LIMITED,2026-02-09,6,77881431.630000,28,False,False,91.540000,True,RM_CALL,CONTROLLED_SYNTHETIC
SME001385,Synthetic SME 001385,RM006,Aegean,Manufacturing,SMALL,LIMITED,2023-04-11,40,13665087.440000,46,False,False,82.330000,True,RM_CALL,CONTROLLED_SYNTHETIC
SME001386,Synthetic SME 001386,RM008,Marmara,Hospitality,SMALL,SOLE_PROPRIETOR,2019-12-31,79,29145726.090000,15,False,False,55.700000,True,RM_CALL,CONTROLLED_SYNTHETIC
SME001387,Synthetic SME 001387,RM026,Black Sea,Construction,MICRO,LIMITED,2023-09-17,35,12579824.450000,3,False,True,48.510000,True,SECURE_MESSAGE,CONTROLLED_SYNTHETIC
SME001388,Synthetic SME 001388,RM030,Central Anatolia,Transportation,MEDIUM,JOINT_STOCK,2023-09-27,34,43088559.680000,180,False,False,55.420000,True,RM_CALL,CONTROLLED_SYNTHETIC
SME001389,Synthetic SME 001389,RM002,Marmara,Retail Trade,SMALL,LIMITED,2022-04-11,52,11941054.960000,15,False,False,66.230000,True,VIDEO_MEETING,CONTROLLED_SYNTHETIC
SME001390,Synthetic SME 001390,RM042,Mediterranean,Professional Services,MICRO,LIMITED,2022-04-01,52,1997714.700000,5,False,False,51.700000,True,BRANCH,CONTROLLED_SYNTHETIC
SME001391,Synthetic SME 001391,RM002,Marmara,Transportation,MICRO,LIMITED,2015-03-02,137,3499332.430000,7,False,False,66.120000,True,VIDEO_MEETING,CONTROLLED_SYNTHETIC
SME001392,Synthetic SME 001392,RM028,Eastern,Agriculture,MICRO,LIMITED,2020-09-14,71,5478414.890000,8,False,False,64.230000,True,RM_CALL,CONTROLLED_SYNTHETIC
SME001393,Synthetic SME 001393,RM009,Marmara,Agriculture,SMALL,LIMITED,2019-03-31,88,32227492.850000,49,False,True,89.820000,True,SECURE_MESSAGE,CONTROLLED_SYNTHETIC
SME001394,Synthetic SME 001394,RM037,Aegean,Healthcare,MICRO,SOLE_PROPRIETOR,2015-08-02,132,10999862.490000,6,False,True,49.140000,True,RM_CALL,CONTROLLED_SYNTHETIC
SME001395,Synthetic SME 001395,RM034,Aegean,Wholesale Trade,MICRO,LIMITED,2021-01-21,66,4487940.120000,9,False,False,61.350000,True,SECURE_MESSAGE,CONTROLLED_SYNTHETIC
SME001396,Synthetic SME 001396,RM002,Marmara,Hospitality,MEDIUM,SOLE_PROPRIETOR,2015-07-04,133,77850442.740000,149,True,True,61.340000,True,VIDEO_MEETING,CONTROLLED_SYNTHETIC
SME001397,Synthetic SME 001397,RM008,Marmara,Construction,MICRO,JOINT_STOCK,2017-07-25,108,5042980.390000,2,False,False,27.600000,True,RM_CALL,CONTROLLED_SYNTHETIC
SME001398,Synthetic SME 001398,RM006,Aegean,Manufacturing,MICRO,LIMITED,2024-11-05,21,11664435.900000,8,False,False,69.560000,True,SECURE_MESSAGE,CONTROLLED_SYNTHETIC
SME001399,Synthetic SME 001399,RM015,Marmara,Hospitality,MICRO,JOINT_STOCK,2025-02-04,18,8362197.310000,4,False,False,85.360000,True,BRANCH,CONTROLLED_SYNTHETIC
SME001400,Synthetic SME 001400,RM002,Marmara,Manufacturing,SMALL,LIMITED,2020-10-25,69,66156306.870000,13,False,True,35.250000,True,BRANCH,CONTROLLED_SYNTHETIC
SME001401,Synthetic SME 001401,RM009,Marmara,Professional Services,SMALL,LIMITED,2015-12-10,128,35764405.150000,45,False,False,73.200000,True,RM_CALL,CONTROLLED_SYNTHETIC
SME001402,Synthetic SME 001402,RM037,Aegean,Technology,SMALL,LIMITED,2024-09-11,23,21368005.420000,20,True,False,43.200000,True,BRANCH,CONTROLLED_SYNTHETIC
SME001403,Synthetic SME 001403,RM010,Central Anatolia,Transportation,MICRO,LIMITED,2018-07-09,97,2627776.990000,8,False,False,89.290000,True,VIDEO_MEETING,CONTROLLED_SYNTHETIC
SME001404,Synthetic SME 001404,RM029,Marmara,Manufacturing,SMALL,LIMITED,2024-11-02,21,19708137.740000,15,True,False,85.990000,True,VIDEO_MEETING,CONTROLLED_SYNTHETIC
SME001405,Synthetic SME 001405,RM034,Aegean,Wholesale Trade,MICRO,LIMITED,2023-02-09,42,1740056.960000,2,False,False,74.070000,True,SECURE_MESSAGE,CONTROLLED_SYNTHETIC
SME001406,Synthetic SME 001406,RM022,Central Anatolia,Hospitality,MICRO,LIMITED,2021-07-24,60,13108122.460000,5,False,False,69.120000,True,BRANCH,CONTROLLED_SYNTHETIC
SME001407,Synthetic SME 001407,RM010,Central Anatolia,Technology,MICRO,JOINT_STOCK,2024-04-22,27,7126169.380000,5,False,False,58.050000,True,BRANCH,CONTROLLED_SYNTHETIC
SME001408,Synthetic SME 001408,RM017,Aegean,Construction,MICRO,LIMITED,2024-09-01,23,7918504.380000,6,False,False,65.510000,True,BRANCH,CONTROLLED_SYNTHETIC
SME001409,Synthetic SME 001409,RM037,Aegean,Technology,MICRO,SOLE_PROPRIETOR,2017-03-10,113,8679308.270000,4,False,False,81.750000,True,VIDEO_MEETING,CONTROLLED_SYNTHETIC
SME001410,Synthetic SME 001410,RM028,Eastern,Construction,SMALL,LIMITED,2018-08-01,96,27231188.740000,47,False,True,89.810000,True,RM_CALL,CONTROLLED_SYNTHETIC
SME001411,Synthetic SME 001411,RM021,Marmara,Wholesale Trade,MICRO,JOINT_STOCK,2022-06-11,50,9908495.360000,2,False,True,45.360000,True,BRANCH,CONTROLLED_SYNTHETIC
SME001412,Synthetic SME 001412,RM015,Marmara,Agriculture,MICRO,LIMITED,2020-05-17,75,27053104.440000,8,False,False,31.910000,True,VIDEO_MEETING,CONTROLLED_SYNTHETIC
SME001413,Synthetic SME 001413,RM029,Marmara,Agriculture,SMALL,LIMITED,2023-12-18,32,38515835.360000,29,False,False,67.680000,True,RM_CALL,CONTROLLED_SYNTHETIC
SME001414,Synthetic SME 001414,RM033,Mediterranean,Transportation,MICRO,SOLE_PROPRIETOR,2024-09-12,23,15443028.850000,4,False,False,62.000000,True,RM_CALL,CONTROLLED_SYNTHETIC
SME001415,Synthetic SME 001415,RM007,Central Anatolia,Construction,MICRO,JOINT_STOCK,2016-02-20,125,9331623.970000,3,False,False,61.640000,True,RM_CALL,CONTROLLED_SYNTHETIC
SME001416,Synthetic SME 001416,RM009,Marmara,Agriculture,SMALL,LIMITED,2015-07-06,133,18637765.540000,25,False,False,43.060000,True,RM_CALL,CONTROLLED_SYNTHETIC
SME001417,Synthetic SME 001417,RM038,Aegean,Construction,SMALL,SOLE_PROPRIETOR,2015-10-05,130,26423533.540000,30,False,True,73.450000,True,RM_CALL,CONTROLLED_SYNTHETIC
SME001418,Synthetic SME 001418,RM004,Central Anatolia,Technology,MICRO,LIMITED,2018-05-20,99,7910800.220000,3,True,False,60.490000,True,RM_CALL,CONTROLLED_SYNTHETIC
SME001419,Synthetic SME 001419,RM029,Marmara,Construction,MICRO,LIMITED,2020-05-25,74,16994521.110000,4,False,False,50.460000,True,RM_CALL,CONTROLLED_SYNTHETIC
SME001420,Synthetic SME 001420,RM032,Aegean,Retail Trade,SMALL,LIMITED,2021-02-28,65,50259829.550000,38,False,False,28.700000,True,BRANCH,CONTROLLED_SYNTHETIC
SME001421,Synthetic SME 001421,RM026,Black Sea,Professional Services,MICRO,JOINT_STOCK,2017-01-14,115,2223218.120000,5,True,False,43.580000,True,RM_CALL,CONTROLLED_SYNTHETIC
SME001422,Synthetic SME 001422,RM002,Marmara,Transportation,SMALL,LIMITED,2023-05-13,39,26811456.810000,36,False,False,66.080000,True,SECURE_MESSAGE,CONTROLLED_SYNTHETIC
SME001423,Synthetic SME 001423,RM007,Central Anatolia,Professional Services,MICRO,JOINT_STOCK,2019-11-01,81,10011420.530000,8,True,False,60.340000,True,BRANCH,CONTROLLED_SYNTHETIC
SME001424,Synthetic SME 001424,RM004,Central Anatolia,Transportation,SMALL,LIMITED,2024-08-13,24,60019251.160000,12,True,False,37.900000,True,RM_CALL,CONTROLLED_SYNTHETIC
SME001425,Synthetic SME 001425,RM005,Eastern,Retail Trade,SMALL,SOLE_PROPRIETOR,2017-03-21,112,20343868.890000,35,False,False,65.140000,True,RM_CALL,CONTROLLED_SYNTHETIC
SME001426,Synthetic SME 001426,RM029,Marmara,Professional Services,MICRO,LIMITED,2026-03-11,5,12828244.770000,4,True,False,58.910000,True,BRANCH,CONTROLLED_SYNTHETIC
SME001427,Synthetic SME 001427,RM018,Mediterranean,Technology,SMALL,LIMITED,2017-08-31,107,11402380.580000,44,False,False,81.320000,True,RM_CALL,CONTROLLED_SYNTHETIC
SME001428,Synthetic SME 001428,RM022,Central Anatolia,Retail Trade,SMALL,SOLE_PROPRIETOR,2016-01-14,127,53726792.230000,43,False,False,83.490000,True,RM_CALL,CONTROLLED_SYNTHETIC
SME001429,Synthetic SME 001429,RM009,Marmara,Professional Services,SMALL,LIMITED,2021-05-09,63,15996751.750000,31,False,False,78.280000,True,BRANCH,CONTROLLED_SYNTHETIC
SME001430,Synthetic SME 001430,RM039,Eastern,Hospitality,MICRO,JOINT_STOCK,2015-05-10,135,17475253.200000,5,False,True,51.550000,True,SECURE_MESSAGE,CONTROLLED_SYNTHETIC
SME001431,Synthetic SME 001431,RM008,Marmara,Healthcare,SMALL,LIMITED,2017-02-04,114,41952072.190000,40,False,False,54.200000,True,RM_CALL,CONTROLLED_SYNTHETIC
SME001432,Synthetic SME 001432,RM019,Aegean,Retail Trade,SMALL,LIMITED,2017-12-08,104,7330694.900000,38,False,False,92.900000,True,VIDEO_MEETING,CONTROLLED_SYNTHETIC
SME001433,Synthetic SME 001433,RM015,Marmara,Technology,SMALL,SOLE_PROPRIETOR,2017-07-01,109,12611309.540000,22,False,False,45.900000,False,RM_CALL,CONTROLLED_SYNTHETIC
SME001434,Synthetic SME 001434,RM010,Central Anatolia,Technology,MEDIUM,SOLE_PROPRIETOR,2016-04-18,124,176230279.090000,127,True,False,44.020000,True,RM_CALL,CONTROLLED_SYNTHETIC
SME001435,Synthetic SME 001435,RM015,Marmara,Hospitality,SMALL,JOINT_STOCK,2018-08-16,96,36379152.440000,41,True,False,89.010000,False,BRANCH,CONTROLLED_SYNTHETIC
SME001436,Synthetic SME 001436,RM009,Marmara,Healthcare,MICRO,LIMITED,2024-02-05,30,11866577.980000,8,False,False,96.520000,False,VIDEO_MEETING,CONTROLLED_SYNTHETIC
SME001437,Synthetic SME 001437,RM013,Black Sea,Manufacturing,MICRO,SOLE_PROPRIETOR,2024-10-03,22,3209146.420000,5,False,False,17.080000,True,RM_CALL,CONTROLLED_SYNTHETIC
SME001438,Synthetic SME 001438,RM009,Marmara,Technology,SMALL,SOLE_PROPRIETOR,2024-06-16,26,101812091.330000,25,False,False,59.960000,True,RM_CALL,CONTROLLED_SYNTHETIC
SME001439,Synthetic SME 001439,RM035,Central Anatolia,Professional Services,SMALL,SOLE_PROPRIETOR,2017-02-17,114,133771639.870000,46,False,False,60.330000,True,RM_CALL,CONTROLLED_SYNTHETIC
SME001440,Synthetic SME 001440,RM029,Marmara,Technology,SMALL,LIMITED,2023-03-18,41,4101403.220000,11,False,False,61.590000,True,RM_CALL,CONTROLLED_SYNTHETIC
SME001441,Synthetic SME 001441,RM029,Marmara,Hospitality,MEDIUM,LIMITED,2022-09-06,47,124347671.710000,169,True,False,48.970000,True,RM_CALL,CONTROLLED_SYNTHETIC
SME001442,Synthetic SME 001442,RM027,Eastern,Agriculture,SMALL,SOLE_PROPRIETOR,2024-01-06,31,27796652.380000,42,False,False,36.230000,True,VIDEO_MEETING,CONTROLLED_SYNTHETIC
SME001443,Synthetic SME 001443,RM042,Mediterranean,Transportation,MICRO,JOINT_STOCK,2019-07-24,84,9059692.520000,2,True,False,66.650000,True,BRANCH,CONTROLLED_SYNTHETIC
SME001444,Synthetic SME 001444,RM015,Marmara,Wholesale Trade,MICRO,LIMITED,2018-01-16,103,7044230.540000,7,False,True,24.390000,True,VIDEO_MEETING,CONTROLLED_SYNTHETIC
SME001445,Synthetic SME 001445,RM029,Marmara,Technology,SMALL,LIMITED,2022-12-04,44,75255686.980000,13,False,False,47.240000,True,RM_CALL,CONTROLLED_SYNTHETIC
SME001446,Synthetic SME 001446,RM002,Marmara,Technology,MEDIUM,LIMITED,2025-07-27,12,124969613.050000,226,True,True,58.370000,True,RM_CALL,CONTROLLED_SYNTHETIC
SME001447,Synthetic SME 001447,RM036,Marmara,Technology,MICRO,LIMITED,2023-11-19,33,11717082.680000,5,False,False,74.900000,True,RM_CALL,CONTROLLED_SYNTHETIC
SME001448,Synthetic SME 001448,RM046,Mediterranean,Professional Services,MEDIUM,LIMITED,2019-09-26,82,126453387.800000,179,True,True,55.190000,False,RM_CALL,CONTROLLED_SYNTHETIC
SME001449,Synthetic SME 001449,RM043,Mediterranean,Wholesale Trade,SMALL,LIMITED,2015-08-23,131,20876864.020000,24,False,False,41.210000,True,RM_CALL,CONTROLLED_SYNTHETIC
SME001450,Synthetic SME 001450,RM036,Marmara,Retail Trade,SMALL,LIMITED,2018-09-02,95,20781611.250000,15,False,False,78.810000,True,RM_CALL,CONTROLLED_SYNTHETIC
SME001451,Synthetic SME 001451,RM033,Mediterranean,Wholesale Trade,MICRO,SOLE_PROPRIETOR,2015-10-27,129,4901721.240000,8,False,True,66.800000,True,BRANCH,CONTROLLED_SYNTHETIC
SME001452,Synthetic SME 001452,RM018,Mediterranean,Healthcare,MICRO,JOINT_STOCK,2022-06-28,49,15156504.130000,9,False,False,61.440000,True,BRANCH,CONTROLLED_SYNTHETIC
SME001453,Synthetic SME 001453,RM006,Aegean,Technology,MEDIUM,JOINT_STOCK,2017-04-21,111,46558518.180000,79,True,False,82.310000,True,BRANCH,CONTROLLED_SYNTHETIC
SME001454,Synthetic SME 001454,RM042,Mediterranean,Healthcare,MEDIUM,SOLE_PROPRIETOR,2022-07-03,49,103210473.080000,63,False,True,69.030000,False,SECURE_MESSAGE,CONTROLLED_SYNTHETIC
SME001455,Synthetic SME 001455,RM036,Marmara,Manufacturing,MICRO,SOLE_PROPRIETOR,2016-08-16,120,5856885.490000,4,False,True,26.270000,False,RM_CALL,CONTROLLED_SYNTHETIC
SME001456,Synthetic SME 001456,RM047,Central Anatolia,Technology,MICRO,LIMITED,2022-12-30,43,12393078.850000,9,False,True,83.060000,True,RM_CALL,CONTROLLED_SYNTHETIC
SME001457,Synthetic SME 001457,RM015,Marmara,Manufacturing,MICRO,JOINT_STOCK,2018-08-16,96,6768869.630000,8,False,False,63.650000,True,RM_CALL,CONTROLLED_SYNTHETIC
SME001458,Synthetic SME 001458,RM033,Mediterranean,Hospitality,MEDIUM,JOINT_STOCK,2019-09-28,82,335269929.820000,232,False,False,76.730000,True,RM_CALL,CONTROLLED_SYNTHETIC
SME001459,Synthetic SME 001459,RM030,Central Anatolia,Retail Trade,MICRO,SOLE_PROPRIETOR,2020-08-27,71,5229191.280000,3,False,False,58.390000,True,BRANCH,CONTROLLED_SYNTHETIC
SME001460,Synthetic SME 001460,RM042,Mediterranean,Retail Trade,MICRO,LIMITED,2015-06-28,133,9879903.610000,6,False,True,52.810000,True,VIDEO_MEETING,CONTROLLED_SYNTHETIC
SME001461,Synthetic SME 001461,RM036,Marmara,Transportation,SMALL,JOINT_STOCK,2026-02-09,6,14689908.170000,12,True,False,42.140000,True,RM_CALL,CONTROLLED_SYNTHETIC
SME001462,Synthetic SME 001462,RM047,Central Anatolia,Manufacturing,SMALL,LIMITED,2016-03-12,125,20422128.830000,17,False,False,66.880000,True,BRANCH,CONTROLLED_SYNTHETIC
SME001463,Synthetic SME 001463,RM001,Mediterranean,Retail Trade,SMALL,LIMITED,2016-08-02,120,19123259.490000,42,True,False,59.790000,True,RM_CALL,CONTROLLED_SYNTHETIC
SME001464,Synthetic SME 001464,RM021,Marmara,Professional Services,SMALL,JOINT_STOCK,2023-10-15,34,20842637.380000,20,True,False,53.910000,True,SECURE_MESSAGE,CONTROLLED_SYNTHETIC
SME001465,Synthetic SME 001465,RM028,Eastern,Technology,SMALL,JOINT_STOCK,2018-11-05,93,23910643.890000,39,False,False,56.060000,True,SECURE_MESSAGE,CONTROLLED_SYNTHETIC
SME001466,Synthetic SME 001466,RM046,Mediterranean,Professional Services,MICRO,SOLE_PROPRIETOR,2016-06-02,122,16397246.220000,5,False,False,32.610000,True,VIDEO_MEETING,CONTROLLED_SYNTHETIC
SME001467,Synthetic SME 001467,RM024,Eastern,Retail Trade,MICRO,LIMITED,2025-11-12,9,18076820.420000,5,False,False,66.020000,True,RM_CALL,CONTROLLED_SYNTHETIC
SME001468,Synthetic SME 001468,RM008,Marmara,Transportation,MICRO,SOLE_PROPRIETOR,2021-01-05,67,4279828.870000,5,False,False,31.700000,True,RM_CALL,CONTROLLED_SYNTHETIC
SME001469,Synthetic SME 001469,RM008,Marmara,Transportation,SMALL,LIMITED,2019-05-11,87,21176389.310000,11,False,False,78.050000,True,RM_CALL,CONTROLLED_SYNTHETIC
SME001470,Synthetic SME 001470,RM025,Black Sea,Professional Services,MICRO,LIMITED,2024-07-28,24,9654947.240000,7,True,False,40.220000,True,VIDEO_MEETING,CONTROLLED_SYNTHETIC
SME001471,Synthetic SME 001471,RM008,Marmara,Construction,MICRO,SOLE_PROPRIETOR,2023-11-11,33,16455005.350000,9,False,False,64.470000,True,VIDEO_MEETING,CONTROLLED_SYNTHETIC
SME001472,Synthetic SME 001472,RM030,Central Anatolia,Manufacturing,SMALL,LIMITED,2015-03-02,137,52646205.010000,10,False,False,74.820000,True,VIDEO_MEETING,CONTROLLED_SYNTHETIC
SME001473,Synthetic SME 001473,RM008,Marmara,Retail Trade,MICRO,LIMITED,2025-01-05,19,21538376.900000,9,True,False,56.480000,True,VIDEO_MEETING,CONTROLLED_SYNTHETIC
SME001474,Synthetic SME 001474,RM004,Central Anatolia,Transportation,SMALL,LIMITED,2024-12-22,19,25199563.860000,33,False,False,59.330000,True,RM_CALL,CONTROLLED_SYNTHETIC
SME001475,Synthetic SME 001475,RM029,Marmara,Healthcare,SMALL,JOINT_STOCK,2017-01-03,115,71300816.060000,34,False,False,58.850000,True,RM_CALL,CONTROLLED_SYNTHETIC
SME001476,Synthetic SME 001476,RM017,Aegean,Wholesale Trade,MICRO,SOLE_PROPRIETOR,2016-07-05,121,7026727.730000,9,False,False,89.420000,True,RM_CALL,CONTROLLED_SYNTHETIC
SME001477,Synthetic SME 001477,RM009,Marmara,Wholesale Trade,SMALL,LIMITED,2023-08-24,35,40361305.450000,33,True,False,71.690000,True,BRANCH,CONTROLLED_SYNTHETIC
SME001478,Synthetic SME 001478,RM001,Mediterranean,Transportation,MICRO,JOINT_STOCK,2020-05-11,75,11751477.130000,5,False,True,90.590000,True,BRANCH,CONTROLLED_SYNTHETIC
SME001479,Synthetic SME 001479,RM004,Central Anatolia,Agriculture,MICRO,LIMITED,2016-11-19,116,22047572.020000,9,False,False,91.700000,True,SECURE_MESSAGE,CONTROLLED_SYNTHETIC
SME001480,Synthetic SME 001480,RM025,Black Sea,Wholesale Trade,SMALL,LIMITED,2023-04-26,39,9216830.180000,39,False,False,65.470000,True,SECURE_MESSAGE,CONTROLLED_SYNTHETIC
SME001481,Synthetic SME 001481,RM046,Mediterranean,Healthcare,MICRO,JOINT_STOCK,2017-01-06,115,23381158.920000,6,False,False,79.900000,True,RM_CALL,CONTROLLED_SYNTHETIC
SME001482,Synthetic SME 001482,RM037,Aegean,Hospitality,MICRO,LIMITED,2026-02-04,6,11858639.230000,3,False,False,65.250000,True,RM_CALL,CONTROLLED_SYNTHETIC
SME001483,Synthetic SME 001483,RM027,Eastern,Technology,MICRO,LIMITED,2018-07-02,97,11951768.180000,7,False,False,57.430000,True,RM_CALL,CONTROLLED_SYNTHETIC
SME001484,Synthetic SME 001484,RM039,Eastern,Hospitality,MICRO,JOINT_STOCK,2017-01-11,115,5301790.460000,4,True,False,41.090000,True,VIDEO_MEETING,CONTROLLED_SYNTHETIC
SME001485,Synthetic SME 001485,RM029,Marmara,Healthcare,MICRO,SOLE_PROPRIETOR,2022-08-21,47,3672719.620000,5,False,False,76.620000,True,BRANCH,CONTROLLED_SYNTHETIC
SME001486,Synthetic SME 001486,RM022,Central Anatolia,Construction,MICRO,LIMITED,2020-05-02,75,6105025.000000,6,True,True,67.510000,True,BRANCH,CONTROLLED_SYNTHETIC
SME001487,Synthetic SME 001487,RM012,Central Anatolia,Professional Services,SMALL,SOLE_PROPRIETOR,2021-08-01,60,34405060.370000,31,False,False,78.220000,True,RM_CALL,CONTROLLED_SYNTHETIC
SME001488,Synthetic SME 001488,RM016,Mediterranean,Professional Services,SMALL,LIMITED,2024-04-12,28,21504075.320000,20,True,False,50.810000,True,VIDEO_MEETING,CONTROLLED_SYNTHETIC
SME001489,Synthetic SME 001489,RM012,Central Anatolia,Wholesale Trade,MICRO,SOLE_PROPRIETOR,2021-05-08,63,3317040.430000,8,False,False,69.920000,True,VIDEO_MEETING,CONTROLLED_SYNTHETIC
SME001490,Synthetic SME 001490,RM030,Central Anatolia,Professional Services,MICRO,LIMITED,2023-11-06,33,3976489.730000,4,False,False,73.390000,True,SECURE_MESSAGE,CONTROLLED_SYNTHETIC
SME001491,Synthetic SME 001491,RM020,Mediterranean,Technology,MICRO,LIMITED,2018-01-27,102,9860316.300000,2,False,False,82.220000,True,SECURE_MESSAGE,CONTROLLED_SYNTHETIC
SME001492,Synthetic SME 001492,RM029,Marmara,Professional Services,MEDIUM,LIMITED,2019-11-01,81,119607637.220000,236,True,False,72.590000,True,BRANCH,CONTROLLED_SYNTHETIC
SME001493,Synthetic SME 001493,RM046,Mediterranean,Construction,MICRO,LIMITED,2015-10-17,130,6712328.340000,8,False,False,50.300000,True,BRANCH,CONTROLLED_SYNTHETIC
SME001494,Synthetic SME 001494,RM030,Central Anatolia,Healthcare,MEDIUM,JOINT_STOCK,2020-10-19,70,84512334.020000,137,True,False,87.250000,True,RM_CALL,CONTROLLED_SYNTHETIC
SME001495,Synthetic SME 001495,RM041,Marmara,Transportation,MICRO,SOLE_PROPRIETOR,2015-06-11,134,15404783.840000,8,False,False,30.600000,False,RM_CALL,CONTROLLED_SYNTHETIC
SME001496,Synthetic SME 001496,RM014,Eastern,Agriculture,SMALL,LIMITED,2020-09-19,70,60252846.070000,24,True,False,65.380000,False,VIDEO_MEETING,CONTROLLED_SYNTHETIC
SME001497,Synthetic SME 001497,RM019,Aegean,Professional Services,MICRO,LIMITED,2015-12-27,127,5272859.540000,6,False,True,64.720000,True,RM_CALL,CONTROLLED_SYNTHETIC
SME001498,Synthetic SME 001498,RM038,Aegean,Technology,MICRO,LIMITED,2025-10-23,9,10487597.990000,3,False,False,46.460000,True,BRANCH,CONTROLLED_SYNTHETIC
SME001499,Synthetic SME 001499,RM041,Marmara,Manufacturing,MEDIUM,LIMITED,2018-12-18,92,304900092.310000,170,False,True,78.970000,True,SECURE_MESSAGE,CONTROLLED_SYNTHETIC
SME001500,Synthetic SME 001500,RM020,Mediterranean,Professional Services,SMALL,LIMITED,2021-08-14,60,47858918.800000,25,False,False,61.830000,False,RM_CALL,CONTROLLED_SYNTHETIC
SME001501,Synthetic SME 001501,RM022,Central Anatolia,Transportation,MEDIUM,LIMITED,2016-08-23,119,38794502.030000,156,True,True,43.900000,True,BRANCH,CONTROLLED_SYNTHETIC
SME001502,Synthetic SME 001502,RM048,Eastern,Technology,MICRO,JOINT_STOCK,2019-09-01,83,3645691.480000,8,False,False,80.300000,True,BRANCH,CONTROLLED_SYNTHETIC
SME001503,Synthetic SME 001503,RM015,Marmara,Construction,SMALL,SOLE_PROPRIETOR,2018-06-10,98,15415643.640000,13,False,True,37.300000,True,RM_CALL,CONTROLLED_SYNTHETIC
SME001504,Synthetic SME 001504,RM010,Central Anatolia,Construction,MICRO,LIMITED,2025-01-18,19,8586204.540000,2,False,False,51.400000,False,VIDEO_MEETING,CONTROLLED_SYNTHETIC
SME001505,Synthetic SME 001505,RM039,Eastern,Wholesale Trade,MICRO,LIMITED,2016-02-22,125,4198755.490000,9,False,False,70.290000,True,BRANCH,CONTROLLED_SYNTHETIC
SME001506,Synthetic SME 001506,RM011,Black Sea,Professional Services,SMALL,SOLE_PROPRIETOR,2022-11-27,44,12298297.200000,29,False,False,57.860000,True,SECURE_MESSAGE,CONTROLLED_SYNTHETIC
SME001507,Synthetic SME 001507,RM004,Central Anatolia,Manufacturing,MICRO,SOLE_PROPRIETOR,2020-08-06,72,8684623.040000,8,True,False,97.960000,True,BRANCH,CONTROLLED_SYNTHETIC
SME001508,Synthetic SME 001508,RM024,Eastern,Agriculture,SMALL,SOLE_PROPRIETOR,2019-12-17,80,32390495.280000,30,True,False,86.240000,True,RM_CALL,CONTROLLED_SYNTHETIC
SME001509,Synthetic SME 001509,RM001,Mediterranean,Technology,MICRO,SOLE_PROPRIETOR,2018-03-18,101,17919643.260000,3,False,False,11.480000,True,SECURE_MESSAGE,CONTROLLED_SYNTHETIC
SME001510,Synthetic SME 001510,RM016,Mediterranean,Wholesale Trade,MICRO,SOLE_PROPRIETOR,2025-05-09,15,11469627.980000,8,False,False,68.820000,True,SECURE_MESSAGE,CONTROLLED_SYNTHETIC
SME001511,Synthetic SME 001511,RM044,Eastern,Hospitality,MICRO,SOLE_PROPRIETOR,2019-01-21,90,13494119.510000,8,False,False,70.080000,True,SECURE_MESSAGE,CONTROLLED_SYNTHETIC
SME001512,Synthetic SME 001512,RM013,Black Sea,Agriculture,MICRO,LIMITED,2025-12-20,7,18213058.580000,2,True,False,63.030000,True,BRANCH,CONTROLLED_SYNTHETIC
SME001513,Synthetic SME 001513,RM009,Marmara,Technology,SMALL,JOINT_STOCK,2021-08-09,60,123413840.020000,39,False,True,62.240000,True,RM_CALL,CONTROLLED_SYNTHETIC
SME001514,Synthetic SME 001514,RM008,Marmara,Agriculture,SMALL,LIMITED,2025-05-01,15,31221043.780000,35,True,False,60.020000,True,SECURE_MESSAGE,CONTROLLED_SYNTHETIC
SME001515,Synthetic SME 001515,RM014,Eastern,Retail Trade,MICRO,JOINT_STOCK,2021-08-08,60,11512106.780000,9,False,False,71.640000,True,VIDEO_MEETING,CONTROLLED_SYNTHETIC
SME001516,Synthetic SME 001516,RM045,Aegean,Manufacturing,MICRO,JOINT_STOCK,2020-07-11,73,7767618.940000,4,False,False,91.940000,True,BRANCH,CONTROLLED_SYNTHETIC
SME001517,Synthetic SME 001517,RM017,Aegean,Hospitality,MICRO,LIMITED,2021-12-26,55,7933236.230000,9,False,False,89.720000,True,RM_CALL,CONTROLLED_SYNTHETIC
SME001518,Synthetic SME 001518,RM008,Marmara,Construction,SMALL,JOINT_STOCK,2017-12-01,104,34568590.570000,29,False,False,58.940000,True,BRANCH,CONTROLLED_SYNTHETIC
SME001519,Synthetic SME 001519,RM009,Marmara,Manufacturing,SMALL,LIMITED,2024-06-17,26,27378552.040000,29,False,False,28.630000,True,RM_CALL,CONTROLLED_SYNTHETIC
SME001520,Synthetic SME 001520,RM018,Mediterranean,Construction,MICRO,JOINT_STOCK,2021-11-02,57,18337832.580000,5,True,False,72.170000,True,RM_CALL,CONTROLLED_SYNTHETIC
SME001521,Synthetic SME 001521,RM038,Aegean,Manufacturing,SMALL,JOINT_STOCK,2016-12-24,115,41838986.220000,20,False,False,77.730000,True,RM_CALL,CONTROLLED_SYNTHETIC
SME001522,Synthetic SME 001522,RM021,Marmara,Hospitality,SMALL,LIMITED,2016-03-19,125,26408149.980000,31,False,False,57.320000,True,RM_CALL,CONTROLLED_SYNTHETIC
SME001523,Synthetic SME 001523,RM010,Central Anatolia,Construction,SMALL,LIMITED,2015-08-22,131,20487921.400000,11,True,True,48.930000,True,VIDEO_MEETING,CONTROLLED_SYNTHETIC
SME001524,Synthetic SME 001524,RM017,Aegean,Construction,SMALL,LIMITED,2017-08-04,108,43178824.680000,14,False,False,29.670000,True,SECURE_MESSAGE,CONTROLLED_SYNTHETIC
SME001525,Synthetic SME 001525,RM008,Marmara,Wholesale Trade,MICRO,LIMITED,2018-09-12,95,12080803.150000,7,True,False,84.350000,True,RM_CALL,CONTROLLED_SYNTHETIC
SME001526,Synthetic SME 001526,RM021,Marmara,Construction,SMALL,SOLE_PROPRIETOR,2022-10-08,46,59673571.060000,32,False,False,47.890000,True,BRANCH,CONTROLLED_SYNTHETIC
SME001527,Synthetic SME 001527,RM029,Marmara,Retail Trade,MICRO,LIMITED,2017-06-09,110,4432163.950000,4,False,True,55.010000,True,BRANCH,CONTROLLED_SYNTHETIC
SME001528,Synthetic SME 001528,RM016,Mediterranean,Construction,MICRO,LIMITED,2018-04-16,100,6835227.160000,5,False,True,59.460000,True,VIDEO_MEETING,CONTROLLED_SYNTHETIC
SME001529,Synthetic SME 001529,RM029,Marmara,Hospitality,SMALL,SOLE_PROPRIETOR,2019-10-04,82,17388439.100000,18,False,False,52.310000,True,RM_CALL,CONTROLLED_SYNTHETIC
SME001530,Synthetic SME 001530,RM025,Black Sea,Healthcare,MICRO,SOLE_PROPRIETOR,2017-09-12,107,15469878.630000,7,False,False,67.670000,True,RM_CALL,CONTROLLED_SYNTHETIC
SME001531,Synthetic SME 001531,RM011,Black Sea,Wholesale Trade,MICRO,LIMITED,2025-09-22,10,11127066.930000,6,False,False,75.340000,True,SECURE_MESSAGE,CONTROLLED_SYNTHETIC
SME001532,Synthetic SME 001532,RM036,Marmara,Wholesale Trade,MICRO,LIMITED,2026-04-17,4,19064166.330000,8,True,False,55.310000,True,RM_CALL,CONTROLLED_SYNTHETIC
SME001533,Synthetic SME 001533,RM003,Black Sea,Hospitality,MICRO,LIMITED,2016-04-17,124,11877190.560000,5,False,False,72.360000,True,RM_CALL,CONTROLLED_SYNTHETIC
SME001534,Synthetic SME 001534,RM012,Central Anatolia,Retail Trade,SMALL,LIMITED,2016-10-14,118,54844545.420000,24,False,False,59.000000,True,BRANCH,CONTROLLED_SYNTHETIC
SME001535,Synthetic SME 001535,RM021,Marmara,Hospitality,SMALL,LIMITED,2016-02-20,125,10234266.040000,33,False,False,35.510000,True,RM_CALL,CONTROLLED_SYNTHETIC
SME001536,Synthetic SME 001536,RM022,Central Anatolia,Professional Services,SMALL,SOLE_PROPRIETOR,2023-01-23,42,64993729.640000,10,False,False,56.700000,True,RM_CALL,CONTROLLED_SYNTHETIC
SME001537,Synthetic SME 001537,RM012,Central Anatolia,Professional Services,MICRO,SOLE_PROPRIETOR,2024-03-27,28,14607465.570000,6,False,False,67.470000,True,RM_CALL,CONTROLLED_SYNTHETIC
SME001538,Synthetic SME 001538,RM012,Central Anatolia,Hospitality,SMALL,LIMITED,2021-06-30,61,19609314.600000,22,False,False,68.310000,True,BRANCH,CONTROLLED_SYNTHETIC
SME001539,Synthetic SME 001539,RM030,Central Anatolia,Professional Services,MEDIUM,LIMITED,2018-11-26,92,68062406.560000,201,True,False,72.010000,True,VIDEO_MEETING,CONTROLLED_SYNTHETIC
SME001540,Synthetic SME 001540,RM046,Mediterranean,Transportation,MICRO,LIMITED,2026-02-14,6,9708299.580000,5,True,False,63.820000,True,BRANCH,CONTROLLED_SYNTHETIC
SME001541,Synthetic SME 001541,RM007,Central Anatolia,Hospitality,SMALL,SOLE_PROPRIETOR,2018-02-16,102,25032796.490000,16,True,False,81.500000,True,RM_CALL,CONTROLLED_SYNTHETIC
SME001542,Synthetic SME 001542,RM015,Marmara,Wholesale Trade,MICRO,SOLE_PROPRIETOR,2021-07-21,60,16616520.370000,9,False,False,63.740000,False,BRANCH,CONTROLLED_SYNTHETIC
SME001543,Synthetic SME 001543,RM030,Central Anatolia,Agriculture,SMALL,SOLE_PROPRIETOR,2019-01-24,90,12243246.590000,22,False,False,79.780000,True,SECURE_MESSAGE,CONTROLLED_SYNTHETIC
SME001544,Synthetic SME 001544,RM006,Aegean,Manufacturing,SMALL,JOINT_STOCK,2021-07-24,60,35054482.560000,25,False,False,53.050000,True,BRANCH,CONTROLLED_SYNTHETIC
SME001545,Synthetic SME 001545,RM038,Aegean,Agriculture,MICRO,SOLE_PROPRIETOR,2016-08-09,120,3422504.750000,9,True,False,71.460000,True,VIDEO_MEETING,CONTROLLED_SYNTHETIC
SME001546,Synthetic SME 001546,RM029,Marmara,Agriculture,MICRO,LIMITED,2024-10-16,22,19325902.300000,4,False,False,80.280000,True,BRANCH,CONTROLLED_SYNTHETIC
SME001547,Synthetic SME 001547,RM047,Central Anatolia,Transportation,MICRO,LIMITED,2017-10-26,105,9789214.950000,3,True,False,53.920000,True,SECURE_MESSAGE,CONTROLLED_SYNTHETIC
SME001548,Synthetic SME 001548,RM034,Aegean,Construction,MEDIUM,LIMITED,2022-12-25,43,329337389.980000,235,True,True,58.320000,True,BRANCH,CONTROLLED_SYNTHETIC
SME001549,Synthetic SME 001549,RM033,Mediterranean,Agriculture,SMALL,SOLE_PROPRIETOR,2025-01-08,19,77378054.890000,33,False,False,83.460000,True,VIDEO_MEETING,CONTROLLED_SYNTHETIC
SME001550,Synthetic SME 001550,RM002,Marmara,Technology,MICRO,SOLE_PROPRIETOR,2023-07-15,37,7338058.280000,9,True,True,58.210000,True,VIDEO_MEETING,CONTROLLED_SYNTHETIC
SME001551,Synthetic SME 001551,RM036,Marmara,Transportation,MEDIUM,SOLE_PROPRIETOR,2022-11-27,44,159670082.790000,130,True,True,86.510000,True,SECURE_MESSAGE,CONTROLLED_SYNTHETIC
SME001552,Synthetic SME 001552,RM033,Mediterranean,Manufacturing,SMALL,SOLE_PROPRIETOR,2023-12-02,32,39783193.440000,44,False,False,59.710000,True,RM_CALL,CONTROLLED_SYNTHETIC
SME001553,Synthetic SME 001553,RM004,Central Anatolia,Wholesale Trade,SMALL,LIMITED,2020-03-26,76,20278846.450000,30,False,False,60.100000,False,RM_CALL,CONTROLLED_SYNTHETIC
SME001554,Synthetic SME 001554,RM037,Aegean,Healthcare,MEDIUM,JOINT_STOCK,2025-06-03,14,222591561.790000,97,False,False,52.850000,True,RM_CALL,CONTROLLED_SYNTHETIC
SME001555,Synthetic SME 001555,RM035,Central Anatolia,Manufacturing,MICRO,JOINT_STOCK,2018-09-08,95,9508031.390000,2,False,False,58.400000,True,RM_CALL,CONTROLLED_SYNTHETIC
SME001556,Synthetic SME 001556,RM039,Eastern,Transportation,MICRO,SOLE_PROPRIETOR,2023-11-30,32,30311430.910000,5,False,False,72.440000,True,VIDEO_MEETING,CONTROLLED_SYNTHETIC
SME001557,Synthetic SME 001557,RM025,Black Sea,Wholesale Trade,SMALL,SOLE_PROPRIETOR,2022-05-17,51,20629697.490000,20,False,False,88.460000,True,VIDEO_MEETING,CONTROLLED_SYNTHETIC
SME001558,Synthetic SME 001558,RM004,Central Anatolia,Retail Trade,MICRO,LIMITED,2019-07-11,85,8145089.410000,6,False,True,57.200000,True,VIDEO_MEETING,CONTROLLED_SYNTHETIC
SME001559,Synthetic SME 001559,RM036,Marmara,Wholesale Trade,SMALL,JOINT_STOCK,2015-03-14,137,35458893.280000,15,False,False,85.160000,True,SECURE_MESSAGE,CONTROLLED_SYNTHETIC
SME001560,Synthetic SME 001560,RM041,Marmara,Healthcare,MEDIUM,LIMITED,2024-11-30,20,40113942.440000,113,True,True,56.510000,False,RM_CALL,CONTROLLED_SYNTHETIC
SME001561,Synthetic SME 001561,RM029,Marmara,Wholesale Trade,MICRO,LIMITED,2019-07-06,85,4515996.820000,3,False,False,65.520000,True,RM_CALL,CONTROLLED_SYNTHETIC
SME001562,Synthetic SME 001562,RM015,Marmara,Healthcare,SMALL,LIMITED,2025-07-22,12,31885960.810000,21,False,False,54.210000,True,SECURE_MESSAGE,CONTROLLED_SYNTHETIC
SME001563,Synthetic SME 001563,RM008,Marmara,Construction,MICRO,LIMITED,2017-05-15,111,3979537.600000,4,False,False,93.830000,True,RM_CALL,CONTROLLED_SYNTHETIC
SME001564,Synthetic SME 001564,RM002,Marmara,Hospitality,MICRO,JOINT_STOCK,2016-04-13,124,7250184.880000,9,False,False,47.740000,True,SECURE_MESSAGE,CONTROLLED_SYNTHETIC
SME001565,Synthetic SME 001565,RM028,Eastern,Transportation,SMALL,LIMITED,2018-05-07,99,15753073.150000,25,False,False,54.600000,True,RM_CALL,CONTROLLED_SYNTHETIC
SME001566,Synthetic SME 001566,RM002,Marmara,Wholesale Trade,SMALL,SOLE_PROPRIETOR,2015-05-10,135,29663786.380000,25,True,False,86.230000,True,SECURE_MESSAGE,CONTROLLED_SYNTHETIC
SME001567,Synthetic SME 001567,RM046,Mediterranean,Hospitality,MICRO,SOLE_PROPRIETOR,2019-05-04,87,31557208.800000,9,False,False,55.530000,True,BRANCH,CONTROLLED_SYNTHETIC
SME001568,Synthetic SME 001568,RM006,Aegean,Technology,MICRO,LIMITED,2023-02-06,42,8394572.650000,9,False,False,53.780000,True,RM_CALL,CONTROLLED_SYNTHETIC
SME001569,Synthetic SME 001569,RM043,Mediterranean,Professional Services,SMALL,SOLE_PROPRIETOR,2023-10-17,34,32713145.680000,43,False,True,57.790000,True,RM_CALL,CONTROLLED_SYNTHETIC
SME001570,Synthetic SME 001570,RM041,Marmara,Hospitality,SMALL,SOLE_PROPRIETOR,2019-12-20,80,42542344.630000,11,False,False,33.780000,True,RM_CALL,CONTROLLED_SYNTHETIC
SME001571,Synthetic SME 001571,RM043,Mediterranean,Healthcare,MICRO,JOINT_STOCK,2015-03-22,136,5439074.170000,7,True,False,60.640000,True,RM_CALL,CONTROLLED_SYNTHETIC
SME001572,Synthetic SME 001572,RM010,Central Anatolia,Retail Trade,MICRO,SOLE_PROPRIETOR,2018-05-16,99,3457105.910000,6,False,True,7.100000,True,VIDEO_MEETING,CONTROLLED_SYNTHETIC
SME001573,Synthetic SME 001573,RM030,Central Anatolia,Wholesale Trade,MICRO,JOINT_STOCK,2022-07-14,49,16150128.060000,6,False,False,83.950000,True,RM_CALL,CONTROLLED_SYNTHETIC
SME001574,Synthetic SME 001574,RM035,Central Anatolia,Agriculture,SMALL,JOINT_STOCK,2019-05-07,87,61293539.550000,42,False,False,61.730000,True,VIDEO_MEETING,CONTROLLED_SYNTHETIC
SME001575,Synthetic SME 001575,RM041,Marmara,Wholesale Trade,SMALL,SOLE_PROPRIETOR,2023-03-05,41,23303650.640000,32,False,False,88.680000,True,RM_CALL,CONTROLLED_SYNTHETIC
SME001576,Synthetic SME 001576,RM021,Marmara,Transportation,MICRO,LIMITED,2016-10-01,118,10669445.630000,5,False,False,58.090000,True,VIDEO_MEETING,CONTROLLED_SYNTHETIC
SME001577,Synthetic SME 001577,RM039,Eastern,Transportation,SMALL,JOINT_STOCK,2017-12-03,104,26446475.480000,42,False,True,18.340000,True,RM_CALL,CONTROLLED_SYNTHETIC
SME001578,Synthetic SME 001578,RM003,Black Sea,Manufacturing,SMALL,SOLE_PROPRIETOR,2024-04-23,27,7888993.920000,43,False,False,90.240000,True,VIDEO_MEETING,CONTROLLED_SYNTHETIC
SME001579,Synthetic SME 001579,RM034,Aegean,Transportation,SMALL,JOINT_STOCK,2023-06-12,38,19840025.600000,43,False,False,68.660000,True,VIDEO_MEETING,CONTROLLED_SYNTHETIC
SME001580,Synthetic SME 001580,RM031,Black Sea,Retail Trade,MICRO,LIMITED,2025-04-16,16,6974133.640000,6,False,False,76.670000,True,SECURE_MESSAGE,CONTROLLED_SYNTHETIC
SME001581,Synthetic SME 001581,RM041,Marmara,Manufacturing,MICRO,JOINT_STOCK,2018-06-16,98,16004827.750000,6,False,False,53.000000,True,BRANCH,CONTROLLED_SYNTHETIC
SME001582,Synthetic SME 001582,RM013,Black Sea,Manufacturing,MICRO,LIMITED,2018-05-26,98,13487660.050000,2,False,False,77.410000,True,BRANCH,CONTROLLED_SYNTHETIC
SME001583,Synthetic SME 001583,RM009,Marmara,Hospitality,MICRO,LIMITED,2023-03-31,40,2515079.910000,6,True,False,68.510000,True,RM_CALL,CONTROLLED_SYNTHETIC
SME001584,Synthetic SME 001584,RM044,Eastern,Wholesale Trade,MICRO,LIMITED,2020-08-02,72,17400814.880000,7,False,True,50.680000,True,SECURE_MESSAGE,CONTROLLED_SYNTHETIC
SME001585,Synthetic SME 001585,RM020,Mediterranean,Transportation,MICRO,JOINT_STOCK,2015-08-14,132,13735086.250000,4,False,False,85.100000,True,BRANCH,CONTROLLED_SYNTHETIC
SME001586,Synthetic SME 001586,RM008,Marmara,Healthcare,SMALL,SOLE_PROPRIETOR,2020-12-19,68,31274064.060000,34,False,True,82.630000,True,VIDEO_MEETING,CONTROLLED_SYNTHETIC
SME001587,Synthetic SME 001587,RM044,Eastern,Professional Services,MICRO,LIMITED,2018-01-08,103,4719521.010000,8,False,False,72.330000,True,RM_CALL,CONTROLLED_SYNTHETIC
SME001588,Synthetic SME 001588,RM030,Central Anatolia,Technology,MICRO,SOLE_PROPRIETOR,2018-11-03,93,1180164.420000,6,False,True,69.600000,True,RM_CALL,CONTROLLED_SYNTHETIC
SME001589,Synthetic SME 001589,RM022,Central Anatolia,Wholesale Trade,MICRO,LIMITED,2019-01-08,91,5288481.410000,6,False,True,54.620000,True,RM_CALL,CONTROLLED_SYNTHETIC
SME001590,Synthetic SME 001590,RM007,Central Anatolia,Manufacturing,SMALL,SOLE_PROPRIETOR,2019-10-19,82,20154352.600000,36,False,False,51.990000,True,BRANCH,CONTROLLED_SYNTHETIC
SME001591,Synthetic SME 001591,RM019,Aegean,Construction,SMALL,JOINT_STOCK,2022-08-25,47,19652418.540000,36,True,False,53.220000,True,RM_CALL,CONTROLLED_SYNTHETIC
SME001592,Synthetic SME 001592,RM037,Aegean,Technology,SMALL,SOLE_PROPRIETOR,2023-05-28,38,29178889.540000,46,False,False,60.100000,True,VIDEO_MEETING,CONTROLLED_SYNTHETIC
SME001593,Synthetic SME 001593,RM029,Marmara,Retail Trade,MICRO,LIMITED,2021-07-26,60,12258626.720000,3,True,False,86.160000,True,BRANCH,CONTROLLED_SYNTHETIC
SME001594,Synthetic SME 001594,RM017,Aegean,Wholesale Trade,SMALL,SOLE_PROPRIETOR,2020-02-24,77,26382938.800000,20,False,False,22.830000,True,BRANCH,CONTROLLED_SYNTHETIC
SME001595,Synthetic SME 001595,RM019,Aegean,Manufacturing,SMALL,LIMITED,2018-11-19,93,36605558.550000,14,False,False,73.760000,True,RM_CALL,CONTROLLED_SYNTHETIC
SME001596,Synthetic SME 001596,RM024,Eastern,Retail Trade,SMALL,JOINT_STOCK,2025-01-28,18,120155967.100000,49,True,False,56.010000,True,RM_CALL,CONTROLLED_SYNTHETIC
SME001597,Synthetic SME 001597,RM022,Central Anatolia,Healthcare,MEDIUM,LIMITED,2020-01-20,78,284981267.660000,192,True,True,78.940000,True,BRANCH,CONTROLLED_SYNTHETIC
SME001598,Synthetic SME 001598,RM031,Black Sea,Healthcare,MICRO,LIMITED,2021-08-15,60,11233544.770000,7,True,False,85.340000,True,SECURE_MESSAGE,CONTROLLED_SYNTHETIC
SME001599,Synthetic SME 001599,RM002,Marmara,Healthcare,SMALL,JOINT_STOCK,2020-12-05,68,19149736.970000,35,False,False,52.140000,True,BRANCH,CONTROLLED_SYNTHETIC
SME001600,Synthetic SME 001600,RM006,Aegean,Agriculture,MICRO,LIMITED,2024-08-18,24,12125354.760000,6,True,False,39.200000,True,RM_CALL,CONTROLLED_SYNTHETIC
SME001601,Synthetic SME 001601,RM046,Mediterranean,Construction,MICRO,LIMITED,2023-05-05,39,6362147.810000,7,True,False,69.500000,True,BRANCH,CONTROLLED_SYNTHETIC
SME001602,Synthetic SME 001602,RM047,Central Anatolia,Transportation,MICRO,LIMITED,2017-07-23,108,3285712.500000,5,False,False,57.370000,True,RM_CALL,CONTROLLED_SYNTHETIC
SME001603,Synthetic SME 001603,RM015,Marmara,Retail Trade,MICRO,LIMITED,2020-09-01,71,10493561.590000,9,False,False,53.830000,False,SECURE_MESSAGE,CONTROLLED_SYNTHETIC
SME001604,Synthetic SME 001604,RM001,Mediterranean,Transportation,MICRO,SOLE_PROPRIETOR,2023-08-19,36,3125000.690000,2,False,False,78.680000,True,RM_CALL,CONTROLLED_SYNTHETIC
SME001605,Synthetic SME 001605,RM022,Central Anatolia,Healthcare,MICRO,LIMITED,2020-04-06,76,13216819.760000,7,True,True,68.980000,False,BRANCH,CONTROLLED_SYNTHETIC
SME001606,Synthetic SME 001606,RM011,Black Sea,Agriculture,SMALL,JOINT_STOCK,2016-07-07,121,24455167.450000,44,False,False,73.280000,True,RM_CALL,CONTROLLED_SYNTHETIC
SME001607,Synthetic SME 001607,RM023,Black Sea,Retail Trade,MICRO,LIMITED,2017-07-18,109,20914868.560000,9,False,False,63.420000,True,SECURE_MESSAGE,CONTROLLED_SYNTHETIC
SME001608,Synthetic SME 001608,RM012,Central Anatolia,Technology,SMALL,JOINT_STOCK,2026-03-04,5,36586099.640000,44,False,False,77.300000,True,SECURE_MESSAGE,CONTROLLED_SYNTHETIC
SME001609,Synthetic SME 001609,RM013,Black Sea,Technology,MICRO,LIMITED,2018-06-20,98,2871795.080000,6,True,False,71.950000,True,VIDEO_MEETING,CONTROLLED_SYNTHETIC
SME001610,Synthetic SME 001610,RM047,Central Anatolia,Healthcare,MEDIUM,SOLE_PROPRIETOR,2021-10-01,58,332849779.030000,60,True,False,77.980000,False,VIDEO_MEETING,CONTROLLED_SYNTHETIC
SME001611,Synthetic SME 001611,RM007,Central Anatolia,Manufacturing,MICRO,JOINT_STOCK,2017-12-12,104,24031870.060000,4,False,False,51.240000,True,RM_CALL,CONTROLLED_SYNTHETIC
SME001612,Synthetic SME 001612,RM004,Central Anatolia,Healthcare,MICRO,JOINT_STOCK,2022-08-25,47,4547011.970000,7,False,False,69.440000,True,RM_CALL,CONTROLLED_SYNTHETIC
SME001613,Synthetic SME 001613,RM047,Central Anatolia,Construction,SMALL,JOINT_STOCK,2022-07-03,49,42954262.270000,43,False,False,71.870000,True,BRANCH,CONTROLLED_SYNTHETIC
SME001614,Synthetic SME 001614,RM041,Marmara,Technology,SMALL,JOINT_STOCK,2023-04-02,40,17854329.100000,42,False,False,16.720000,False,VIDEO_MEETING,CONTROLLED_SYNTHETIC
SME001615,Synthetic SME 001615,RM035,Central Anatolia,Hospitality,MICRO,LIMITED,2016-01-09,127,14611436.030000,5,False,True,34.090000,True,BRANCH,CONTROLLED_SYNTHETIC
SME001616,Synthetic SME 001616,RM019,Aegean,Technology,MICRO,LIMITED,2019-05-06,87,11194819.020000,2,False,False,91.090000,True,VIDEO_MEETING,CONTROLLED_SYNTHETIC
SME001617,Synthetic SME 001617,RM038,Aegean,Retail Trade,SMALL,LIMITED,2022-05-13,51,26980155.100000,22,False,False,53.150000,True,RM_CALL,CONTROLLED_SYNTHETIC
SME001618,Synthetic SME 001618,RM012,Central Anatolia,Agriculture,MICRO,LIMITED,2021-12-02,56,8028346.380000,5,False,False,56.350000,True,RM_CALL,CONTROLLED_SYNTHETIC
SME001619,Synthetic SME 001619,RM036,Marmara,Manufacturing,SMALL,LIMITED,2016-05-24,122,20387188.690000,30,False,False,70.660000,True,RM_CALL,CONTROLLED_SYNTHETIC
SME001620,Synthetic SME 001620,RM021,Marmara,Agriculture,MICRO,LIMITED,2024-01-04,31,11317050.060000,3,True,False,15.070000,True,RM_CALL,CONTROLLED_SYNTHETIC
SME001621,Synthetic SME 001621,RM027,Eastern,Transportation,MEDIUM,LIMITED,2017-11-22,104,66067069.260000,61,False,True,50.270000,True,RM_CALL,CONTROLLED_SYNTHETIC
SME001622,Synthetic SME 001622,RM035,Central Anatolia,Transportation,MICRO,SOLE_PROPRIETOR,2025-07-18,13,2299500.420000,6,True,False,80.720000,True,RM_CALL,CONTROLLED_SYNTHETIC
SME001623,Synthetic SME 001623,RM011,Black Sea,Retail Trade,MICRO,LIMITED,2023-03-20,41,1893136.900000,9,False,False,80.090000,True,VIDEO_MEETING,CONTROLLED_SYNTHETIC
SME001624,Synthetic SME 001624,RM020,Mediterranean,Agriculture,MICRO,JOINT_STOCK,2018-02-01,102,4744551.460000,9,False,False,81.470000,True,SECURE_MESSAGE,CONTROLLED_SYNTHETIC
SME001625,Synthetic SME 001625,RM029,Marmara,Professional Services,MICRO,JOINT_STOCK,2019-12-09,80,9951382.860000,9,False,True,90.260000,True,RM_CALL,CONTROLLED_SYNTHETIC
SME001626,Synthetic SME 001626,RM033,Mediterranean,Retail Trade,MICRO,LIMITED,2017-06-13,110,7987694.990000,4,False,False,77.580000,True,RM_CALL,CONTROLLED_SYNTHETIC
SME001627,Synthetic SME 001627,RM016,Mediterranean,Technology,MEDIUM,SOLE_PROPRIETOR,2024-08-30,23,72642352.400000,78,False,True,88.210000,True,RM_CALL,CONTROLLED_SYNTHETIC
SME001628,Synthetic SME 001628,RM030,Central Anatolia,Construction,MICRO,LIMITED,2015-03-24,136,18682229.270000,8,False,True,65.830000,True,RM_CALL,CONTROLLED_SYNTHETIC
SME001629,Synthetic SME 001629,RM018,Mediterranean,Healthcare,SMALL,JOINT_STOCK,2019-04-04,88,25982410.460000,43,True,False,45.620000,True,RM_CALL,CONTROLLED_SYNTHETIC
SME001630,Synthetic SME 001630,RM015,Marmara,Agriculture,MICRO,LIMITED,2018-08-21,95,24655378.520000,8,False,False,55.380000,True,SECURE_MESSAGE,CONTROLLED_SYNTHETIC
SME001631,Synthetic SME 001631,RM032,Aegean,Hospitality,MICRO,LIMITED,2024-12-10,20,9378580.660000,2,True,False,48.460000,True,VIDEO_MEETING,CONTROLLED_SYNTHETIC
SME001632,Synthetic SME 001632,RM021,Marmara,Agriculture,MEDIUM,JOINT_STOCK,2017-08-14,108,50627442.740000,138,True,True,47.450000,True,RM_CALL,CONTROLLED_SYNTHETIC
SME001633,Synthetic SME 001633,RM047,Central Anatolia,Professional Services,MICRO,LIMITED,2019-11-22,80,6899395.200000,3,False,False,42.570000,True,RM_CALL,CONTROLLED_SYNTHETIC
SME001634,Synthetic SME 001634,RM005,Eastern,Transportation,MICRO,SOLE_PROPRIETOR,2025-01-30,18,30173893.970000,8,True,False,94.750000,True,VIDEO_MEETING,CONTROLLED_SYNTHETIC
SME001635,Synthetic SME 001635,RM015,Marmara,Construction,MICRO,LIMITED,2022-08-28,47,7684301.160000,9,False,False,44.380000,True,RM_CALL,CONTROLLED_SYNTHETIC
SME001636,Synthetic SME 001636,RM021,Marmara,Professional Services,MICRO,SOLE_PROPRIETOR,2024-02-19,29,28612766.800000,8,False,False,46.210000,True,BRANCH,CONTROLLED_SYNTHETIC
SME001637,Synthetic SME 001637,RM034,Aegean,Hospitality,SMALL,LIMITED,2025-02-09,18,61870341.930000,14,False,False,42.630000,True,SECURE_MESSAGE,CONTROLLED_SYNTHETIC
SME001638,Synthetic SME 001638,RM006,Aegean,Manufacturing,MICRO,JOINT_STOCK,2019-04-11,88,6737559.290000,3,False,True,62.470000,True,VIDEO_MEETING,CONTROLLED_SYNTHETIC
SME001639,Synthetic SME 001639,RM034,Aegean,Wholesale Trade,MICRO,SOLE_PROPRIETOR,2022-05-29,50,6340872.740000,7,False,False,78.570000,True,RM_CALL,CONTROLLED_SYNTHETIC
SME001640,Synthetic SME 001640,RM035,Central Anatolia,Retail Trade,SMALL,JOINT_STOCK,2023-10-21,33,28224621.720000,46,False,True,78.410000,True,BRANCH,CONTROLLED_SYNTHETIC
SME001641,Synthetic SME 001641,RM022,Central Anatolia,Transportation,SMALL,JOINT_STOCK,2020-05-24,74,39432680.390000,25,False,False,63.090000,True,VIDEO_MEETING,CONTROLLED_SYNTHETIC
SME001642,Synthetic SME 001642,RM036,Marmara,Transportation,MICRO,LIMITED,2017-12-10,104,6502690.370000,5,False,False,70.170000,True,RM_CALL,CONTROLLED_SYNTHETIC
SME001643,Synthetic SME 001643,RM042,Mediterranean,Agriculture,SMALL,LIMITED,2016-07-09,121,31945359.650000,21,False,False,52.580000,True,BRANCH,CONTROLLED_SYNTHETIC
SME001644,Synthetic SME 001644,RM010,Central Anatolia,Transportation,SMALL,JOINT_STOCK,2021-11-02,57,15407071.550000,12,False,False,49.380000,True,BRANCH,CONTROLLED_SYNTHETIC
SME001645,Synthetic SME 001645,RM008,Marmara,Construction,MICRO,JOINT_STOCK,2020-08-22,71,19490602.580000,5,False,False,57.420000,True,SECURE_MESSAGE,CONTROLLED_SYNTHETIC
SME001646,Synthetic SME 001646,RM029,Marmara,Healthcare,SMALL,LIMITED,2015-07-11,133,71729152.660000,22,False,False,60.890000,False,VIDEO_MEETING,CONTROLLED_SYNTHETIC
SME001647,Synthetic SME 001647,RM041,Marmara,Hospitality,SMALL,LIMITED,2020-12-19,68,14450399.030000,48,False,False,82.810000,True,BRANCH,CONTROLLED_SYNTHETIC
SME001648,Synthetic SME 001648,RM008,Marmara,Wholesale Trade,MICRO,SOLE_PROPRIETOR,2022-02-06,54,8915476.690000,9,False,True,61.560000,True,BRANCH,CONTROLLED_SYNTHETIC
SME001649,Synthetic SME 001649,RM008,Marmara,Construction,SMALL,SOLE_PROPRIETOR,2021-10-28,57,26371755.720000,13,False,False,88.860000,False,BRANCH,CONTROLLED_SYNTHETIC
SME001650,Synthetic SME 001650,RM015,Marmara,Retail Trade,MICRO,LIMITED,2017-03-27,112,12204972.690000,3,True,False,25.610000,True,RM_CALL,CONTROLLED_SYNTHETIC
SME001651,Synthetic SME 001651,RM043,Mediterranean,Agriculture,SMALL,LIMITED,2015-03-01,137,47873703.670000,27,False,True,92.830000,True,BRANCH,CONTROLLED_SYNTHETIC
SME001652,Synthetic SME 001652,RM009,Marmara,Manufacturing,SMALL,LIMITED,2019-07-17,85,23272074.770000,18,True,False,53.130000,True,RM_CALL,CONTROLLED_SYNTHETIC
SME001653,Synthetic SME 001653,RM015,Marmara,Technology,SMALL,JOINT_STOCK,2018-04-25,99,38743353.910000,29,False,False,53.430000,False,RM_CALL,CONTROLLED_SYNTHETIC
SME001654,Synthetic SME 001654,RM006,Aegean,Construction,MEDIUM,LIMITED,2020-10-16,70,70276001.360000,220,False,False,52.210000,True,RM_CALL,CONTROLLED_SYNTHETIC
SME001655,Synthetic SME 001655,RM022,Central Anatolia,Wholesale Trade,MICRO,LIMITED,2019-07-23,84,6155984.220000,7,True,False,66.880000,True,RM_CALL,CONTROLLED_SYNTHETIC
SME001656,Synthetic SME 001656,RM008,Marmara,Retail Trade,MICRO,LIMITED,2015-06-04,134,9466218.720000,4,False,False,54.500000,True,RM_CALL,CONTROLLED_SYNTHETIC
SME001657,Synthetic SME 001657,RM007,Central Anatolia,Transportation,SMALL,LIMITED,2022-06-23,49,5205808.440000,28,False,True,62.470000,True,VIDEO_MEETING,CONTROLLED_SYNTHETIC
SME001658,Synthetic SME 001658,RM009,Marmara,Construction,MICRO,LIMITED,2017-10-13,106,30920642.700000,5,False,False,51.100000,True,RM_CALL,CONTROLLED_SYNTHETIC
SME001659,Synthetic SME 001659,RM031,Black Sea,Technology,MICRO,LIMITED,2025-02-19,17,8439651.920000,4,False,False,76.070000,True,VIDEO_MEETING,CONTROLLED_SYNTHETIC
SME001660,Synthetic SME 001660,RM011,Black Sea,Retail Trade,MICRO,LIMITED,2024-01-08,31,7212174.790000,8,True,False,27.930000,True,RM_CALL,CONTROLLED_SYNTHETIC
SME001661,Synthetic SME 001661,RM010,Central Anatolia,Transportation,MEDIUM,LIMITED,2021-01-22,66,304024694.800000,100,True,True,43.900000,True,VIDEO_MEETING,CONTROLLED_SYNTHETIC
SME001662,Synthetic SME 001662,RM036,Marmara,Wholesale Trade,MICRO,LIMITED,2026-02-12,6,18326386.210000,7,False,False,22.600000,True,RM_CALL,CONTROLLED_SYNTHETIC
SME001663,Synthetic SME 001663,RM035,Central Anatolia,Professional Services,MICRO,LIMITED,2016-10-04,118,3859117.160000,2,False,True,64.040000,True,BRANCH,CONTROLLED_SYNTHETIC
SME001664,Synthetic SME 001664,RM012,Central Anatolia,Wholesale Trade,MICRO,SOLE_PROPRIETOR,2019-08-28,83,8535380.320000,4,False,False,57.930000,False,BRANCH,CONTROLLED_SYNTHETIC
SME001665,Synthetic SME 001665,RM037,Aegean,Construction,MEDIUM,LIMITED,2018-04-18,100,91233311.560000,67,True,True,86.290000,True,VIDEO_MEETING,CONTROLLED_SYNTHETIC
SME001666,Synthetic SME 001666,RM047,Central Anatolia,Retail Trade,SMALL,SOLE_PROPRIETOR,2016-10-29,117,28018463.560000,12,False,False,48.980000,True,BRANCH,CONTROLLED_SYNTHETIC
SME001667,Synthetic SME 001667,RM037,Aegean,Construction,MICRO,LIMITED,2019-04-22,87,12088001.930000,4,False,False,85.500000,True,RM_CALL,CONTROLLED_SYNTHETIC
SME001668,Synthetic SME 001668,RM010,Central Anatolia,Retail Trade,MEDIUM,SOLE_PROPRIETOR,2020-06-19,74,77664195.080000,209,False,False,78.040000,True,BRANCH,CONTROLLED_SYNTHETIC
SME001669,Synthetic SME 001669,RM007,Central Anatolia,Healthcare,MEDIUM,LIMITED,2017-05-26,110,131225940.810000,111,True,True,96.800000,True,RM_CALL,CONTROLLED_SYNTHETIC
SME001670,Synthetic SME 001670,RM030,Central Anatolia,Agriculture,MICRO,LIMITED,2023-06-15,38,2227784.740000,2,False,False,35.400000,True,RM_CALL,CONTROLLED_SYNTHETIC
SME001671,Synthetic SME 001671,RM010,Central Anatolia,Retail Trade,SMALL,SOLE_PROPRIETOR,2019-12-23,79,10706915.750000,11,False,False,73.410000,True,RM_CALL,CONTROLLED_SYNTHETIC
SME001672,Synthetic SME 001672,RM034,Aegean,Healthcare,SMALL,LIMITED,2020-06-13,74,19382236.060000,26,False,False,11.330000,True,BRANCH,CONTROLLED_SYNTHETIC
SME001673,Synthetic SME 001673,RM002,Marmara,Technology,SMALL,LIMITED,2024-07-17,25,17727834.740000,17,False,True,72.920000,True,RM_CALL,CONTROLLED_SYNTHETIC
SME001674,Synthetic SME 001674,RM029,Marmara,Agriculture,SMALL,JOINT_STOCK,2024-07-22,24,17862996.720000,46,False,False,96.800000,True,RM_CALL,CONTROLLED_SYNTHETIC
SME001675,Synthetic SME 001675,RM036,Marmara,Manufacturing,MICRO,SOLE_PROPRIETOR,2020-09-19,70,3600552.160000,7,False,False,66.530000,True,VIDEO_MEETING,CONTROLLED_SYNTHETIC
SME001676,Synthetic SME 001676,RM030,Central Anatolia,Transportation,SMALL,SOLE_PROPRIETOR,2023-07-18,37,63269883.450000,32,True,False,43.340000,True,RM_CALL,CONTROLLED_SYNTHETIC
SME001677,Synthetic SME 001677,RM033,Mediterranean,Agriculture,SMALL,LIMITED,2020-12-10,68,57418721.770000,36,False,True,61.660000,True,RM_CALL,CONTROLLED_SYNTHETIC
SME001678,Synthetic SME 001678,RM030,Central Anatolia,Wholesale Trade,SMALL,LIMITED,2016-10-11,118,92441550.920000,25,False,False,74.760000,True,RM_CALL,CONTROLLED_SYNTHETIC
SME001679,Synthetic SME 001679,RM005,Eastern,Wholesale Trade,MICRO,SOLE_PROPRIETOR,2019-05-11,87,9038415.550000,2,False,True,57.060000,True,VIDEO_MEETING,CONTROLLED_SYNTHETIC
SME001680,Synthetic SME 001680,RM040,Black Sea,Agriculture,MICRO,LIMITED,2018-09-22,94,7747231.090000,7,False,False,74.830000,True,RM_CALL,CONTROLLED_SYNTHETIC
SME001681,Synthetic SME 001681,RM036,Marmara,Hospitality,MICRO,LIMITED,2026-01-20,6,19168236.530000,7,False,False,76.710000,True,RM_CALL,CONTROLLED_SYNTHETIC
SME001682,Synthetic SME 001682,RM040,Black Sea,Transportation,MICRO,SOLE_PROPRIETOR,2023-12-28,31,6491867.060000,8,True,False,57.270000,False,SECURE_MESSAGE,CONTROLLED_SYNTHETIC
SME001683,Synthetic SME 001683,RM022,Central Anatolia,Wholesale Trade,MICRO,SOLE_PROPRIETOR,2019-11-10,81,6059732.360000,6,True,False,43.400000,True,BRANCH,CONTROLLED_SYNTHETIC
SME001684,Synthetic SME 001684,RM039,Eastern,Transportation,SMALL,SOLE_PROPRIETOR,2021-05-09,63,10343021.130000,20,False,False,65.030000,True,VIDEO_MEETING,CONTROLLED_SYNTHETIC
SME001685,Synthetic SME 001685,RM015,Marmara,Retail Trade,MICRO,LIMITED,2021-01-06,67,8385368.380000,3,True,False,38.010000,True,RM_CALL,CONTROLLED_SYNTHETIC
SME001686,Synthetic SME 001686,RM028,Eastern,Agriculture,MICRO,LIMITED,2016-09-23,118,6404804.960000,3,False,False,85.460000,True,RM_CALL,CONTROLLED_SYNTHETIC
SME001687,Synthetic SME 001687,RM033,Mediterranean,Transportation,SMALL,JOINT_STOCK,2022-08-12,48,44367872.030000,39,False,False,74.240000,True,RM_CALL,CONTROLLED_SYNTHETIC
SME001688,Synthetic SME 001688,RM015,Marmara,Construction,SMALL,SOLE_PROPRIETOR,2023-09-02,35,56909952.190000,14,False,True,58.190000,True,RM_CALL,CONTROLLED_SYNTHETIC
SME001689,Synthetic SME 001689,RM018,Mediterranean,Retail Trade,SMALL,LIMITED,2018-03-15,101,16837353.160000,11,False,False,42.930000,True,RM_CALL,CONTROLLED_SYNTHETIC
SME001690,Synthetic SME 001690,RM031,Black Sea,Retail Trade,MEDIUM,JOINT_STOCK,2025-12-31,7,175248057.160000,77,False,True,67.900000,True,RM_CALL,CONTROLLED_SYNTHETIC
SME001691,Synthetic SME 001691,RM036,Marmara,Agriculture,MICRO,JOINT_STOCK,2022-07-01,49,13786858.450000,8,False,False,29.050000,True,RM_CALL,CONTROLLED_SYNTHETIC
SME001692,Synthetic SME 001692,RM041,Marmara,Hospitality,SMALL,JOINT_STOCK,2021-10-10,58,18368052.550000,26,True,False,89.110000,True,RM_CALL,CONTROLLED_SYNTHETIC
SME001693,Synthetic SME 001693,RM029,Marmara,Wholesale Trade,SMALL,JOINT_STOCK,2016-04-09,124,44965037.440000,47,False,False,33.750000,True,SECURE_MESSAGE,CONTROLLED_SYNTHETIC
SME001694,Synthetic SME 001694,RM021,Marmara,Healthcare,MICRO,JOINT_STOCK,2016-07-27,120,35732853.760000,8,False,False,49.100000,True,VIDEO_MEETING,CONTROLLED_SYNTHETIC
SME001695,Synthetic SME 001695,RM002,Marmara,Agriculture,MICRO,LIMITED,2016-12-06,116,8679668.130000,5,False,False,88.500000,True,BRANCH,CONTROLLED_SYNTHETIC
SME001696,Synthetic SME 001696,RM036,Marmara,Professional Services,SMALL,LIMITED,2018-11-17,93,21028760.760000,47,True,True,60.800000,True,VIDEO_MEETING,CONTROLLED_SYNTHETIC
SME001697,Synthetic SME 001697,RM024,Eastern,Retail Trade,MEDIUM,LIMITED,2018-02-11,102,289665583.190000,83,True,False,89.760000,True,BRANCH,CONTROLLED_SYNTHETIC
SME001698,Synthetic SME 001698,RM030,Central Anatolia,Manufacturing,MICRO,SOLE_PROPRIETOR,2017-04-17,112,10454989.400000,8,False,False,78.140000,True,VIDEO_MEETING,CONTROLLED_SYNTHETIC
SME001699,Synthetic SME 001699,RM032,Aegean,Transportation,MICRO,LIMITED,2020-04-16,76,5702614.620000,3,False,False,58.700000,True,RM_CALL,CONTROLLED_SYNTHETIC
SME001700,Synthetic SME 001700,RM021,Marmara,Healthcare,MICRO,LIMITED,2016-12-16,116,21682717.070000,6,False,False,69.700000,True,RM_CALL,CONTROLLED_SYNTHETIC
SME001701,Synthetic SME 001701,RM032,Aegean,Technology,MICRO,LIMITED,2017-11-23,104,7795963.900000,3,False,False,77.120000,True,RM_CALL,CONTROLLED_SYNTHETIC
SME001702,Synthetic SME 001702,RM012,Central Anatolia,Transportation,MICRO,LIMITED,2021-11-23,56,17022826.340000,6,False,False,59.190000,True,VIDEO_MEETING,CONTROLLED_SYNTHETIC
SME001703,Synthetic SME 001703,RM011,Black Sea,Technology,MICRO,SOLE_PROPRIETOR,2016-12-28,115,8972030.060000,4,False,False,86.250000,True,VIDEO_MEETING,CONTROLLED_SYNTHETIC
SME001704,Synthetic SME 001704,RM031,Black Sea,Agriculture,SMALL,LIMITED,2024-06-24,25,24419917.640000,14,True,True,60.830000,False,RM_CALL,CONTROLLED_SYNTHETIC
SME001705,Synthetic SME 001705,RM035,Central Anatolia,Healthcare,MICRO,JOINT_STOCK,2025-05-02,15,9715374.640000,5,False,False,32.050000,True,BRANCH,CONTROLLED_SYNTHETIC
SME001706,Synthetic SME 001706,RM002,Marmara,Agriculture,MICRO,LIMITED,2023-07-20,37,13702974.000000,9,True,False,44.040000,True,SECURE_MESSAGE,CONTROLLED_SYNTHETIC
SME001707,Synthetic SME 001707,RM002,Marmara,Wholesale Trade,SMALL,SOLE_PROPRIETOR,2015-09-07,131,29849442.240000,45,False,False,59.780000,True,VIDEO_MEETING,CONTROLLED_SYNTHETIC
SME001708,Synthetic SME 001708,RM021,Marmara,Healthcare,SMALL,SOLE_PROPRIETOR,2026-01-12,7,37321950.170000,31,False,False,82.440000,True,SECURE_MESSAGE,CONTROLLED_SYNTHETIC
SME001709,Synthetic SME 001709,RM041,Marmara,Professional Services,SMALL,LIMITED,2018-03-28,100,25404870.970000,38,False,True,49.980000,True,VIDEO_MEETING,CONTROLLED_SYNTHETIC
SME001710,Synthetic SME 001710,RM042,Mediterranean,Professional Services,MICRO,LIMITED,2020-08-13,72,9706726.320000,6,False,True,51.680000,True,VIDEO_MEETING,CONTROLLED_SYNTHETIC
SME001711,Synthetic SME 001711,RM040,Black Sea,Hospitality,MICRO,LIMITED,2020-09-25,70,9294246.660000,5,False,False,97.640000,True,RM_CALL,CONTROLLED_SYNTHETIC
SME001712,Synthetic SME 001712,RM034,Aegean,Wholesale Trade,SMALL,JOINT_STOCK,2015-03-20,137,24832920.700000,25,False,False,57.450000,True,SECURE_MESSAGE,CONTROLLED_SYNTHETIC
SME001713,Synthetic SME 001713,RM048,Eastern,Wholesale Trade,MEDIUM,LIMITED,2022-01-07,55,79387803.050000,172,True,True,73.960000,True,SECURE_MESSAGE,CONTROLLED_SYNTHETIC
SME001714,Synthetic SME 001714,RM044,Eastern,Hospitality,MICRO,LIMITED,2023-09-25,34,3952851.340000,7,False,False,48.430000,True,RM_CALL,CONTROLLED_SYNTHETIC
SME001715,Synthetic SME 001715,RM041,Marmara,Transportation,SMALL,JOINT_STOCK,2020-12-03,68,18966145.140000,27,False,True,83.110000,True,SECURE_MESSAGE,CONTROLLED_SYNTHETIC
SME001716,Synthetic SME 001716,RM032,Aegean,Wholesale Trade,MICRO,LIMITED,2020-05-12,75,22516745.340000,2,True,True,70.340000,True,RM_CALL,CONTROLLED_SYNTHETIC
SME001717,Synthetic SME 001717,RM035,Central Anatolia,Hospitality,SMALL,JOINT_STOCK,2020-10-07,70,86683561.790000,23,False,True,32.000000,True,BRANCH,CONTROLLED_SYNTHETIC
SME001718,Synthetic SME 001718,RM029,Marmara,Healthcare,MICRO,SOLE_PROPRIETOR,2017-09-21,106,9975128.410000,9,False,True,56.860000,True,SECURE_MESSAGE,CONTROLLED_SYNTHETIC
SME001719,Synthetic SME 001719,RM034,Aegean,Healthcare,SMALL,LIMITED,2018-12-22,91,21778271.820000,27,False,True,81.280000,False,RM_CALL,CONTROLLED_SYNTHETIC
SME001720,Synthetic SME 001720,RM015,Marmara,Wholesale Trade,MICRO,LIMITED,2017-09-16,107,4111895.370000,9,True,False,77.690000,True,RM_CALL,CONTROLLED_SYNTHETIC
SME001721,Synthetic SME 001721,RM009,Marmara,Construction,MICRO,SOLE_PROPRIETOR,2023-09-25,34,25171196.390000,8,False,False,79.970000,True,RM_CALL,CONTROLLED_SYNTHETIC
SME001722,Synthetic SME 001722,RM008,Marmara,Wholesale Trade,MEDIUM,SOLE_PROPRIETOR,2021-04-29,63,62331096.400000,60,True,True,72.220000,True,VIDEO_MEETING,CONTROLLED_SYNTHETIC
SME001723,Synthetic SME 001723,RM011,Black Sea,Retail Trade,MICRO,LIMITED,2018-11-08,93,8565030.160000,3,False,False,75.330000,True,RM_CALL,CONTROLLED_SYNTHETIC
SME001724,Synthetic SME 001724,RM015,Marmara,Hospitality,SMALL,LIMITED,2024-03-21,28,9821094.510000,11,True,False,65.460000,True,SECURE_MESSAGE,CONTROLLED_SYNTHETIC
SME001725,Synthetic SME 001725,RM043,Mediterranean,Professional Services,SMALL,LIMITED,2020-01-25,78,15184877.030000,10,False,False,43.850000,True,RM_CALL,CONTROLLED_SYNTHETIC
SME001726,Synthetic SME 001726,RM031,Black Sea,Transportation,SMALL,LIMITED,2017-03-25,112,16308198.610000,30,False,False,79.760000,True,RM_CALL,CONTROLLED_SYNTHETIC
SME001727,Synthetic SME 001727,RM029,Marmara,Manufacturing,SMALL,LIMITED,2021-02-27,65,53342250.990000,49,False,False,79.270000,True,RM_CALL,CONTROLLED_SYNTHETIC
SME001728,Synthetic SME 001728,RM010,Central Anatolia,Technology,SMALL,SOLE_PROPRIETOR,2020-10-13,70,30060889.430000,19,False,False,80.620000,True,RM_CALL,CONTROLLED_SYNTHETIC
SME001729,Synthetic SME 001729,RM017,Aegean,Wholesale Trade,SMALL,LIMITED,2021-12-27,55,25104069.800000,35,False,False,89.750000,True,RM_CALL,CONTROLLED_SYNTHETIC
SME001730,Synthetic SME 001730,RM044,Eastern,Construction,MICRO,LIMITED,2015-09-01,131,8837914.250000,4,False,False,32.220000,True,BRANCH,CONTROLLED_SYNTHETIC
SME001731,Synthetic SME 001731,RM036,Marmara,Retail Trade,MICRO,LIMITED,2020-03-19,77,8211904.680000,9,True,False,74.970000,True,BRANCH,CONTROLLED_SYNTHETIC
SME001732,Synthetic SME 001732,RM015,Marmara,Retail Trade,MEDIUM,LIMITED,2021-12-19,56,144360570.240000,65,False,False,27.870000,True,BRANCH,CONTROLLED_SYNTHETIC
SME001733,Synthetic SME 001733,RM048,Eastern,Retail Trade,MICRO,JOINT_STOCK,2023-02-14,42,12817952.450000,5,False,False,48.430000,True,RM_CALL,CONTROLLED_SYNTHETIC
SME001734,Synthetic SME 001734,RM016,Mediterranean,Technology,SMALL,JOINT_STOCK,2017-10-06,106,22303014.200000,25,False,True,59.240000,True,VIDEO_MEETING,CONTROLLED_SYNTHETIC
SME001735,Synthetic SME 001735,RM002,Marmara,Manufacturing,SMALL,JOINT_STOCK,2024-01-27,30,19047531.770000,35,True,False,64.830000,True,RM_CALL,CONTROLLED_SYNTHETIC
SME001736,Synthetic SME 001736,RM002,Marmara,Wholesale Trade,MICRO,JOINT_STOCK,2020-10-31,69,3483279.840000,7,False,False,86.320000,True,SECURE_MESSAGE,CONTROLLED_SYNTHETIC
SME001737,Synthetic SME 001737,RM026,Black Sea,Hospitality,MEDIUM,SOLE_PROPRIETOR,2026-01-28,6,97064550.420000,205,True,True,44.180000,True,SECURE_MESSAGE,CONTROLLED_SYNTHETIC
SME001738,Synthetic SME 001738,RM018,Mediterranean,Hospitality,SMALL,LIMITED,2017-11-20,104,30370275.790000,39,True,False,73.100000,True,RM_CALL,CONTROLLED_SYNTHETIC
SME001739,Synthetic SME 001739,RM028,Eastern,Retail Trade,SMALL,LIMITED,2024-12-23,19,27766641.100000,35,False,False,66.210000,False,RM_CALL,CONTROLLED_SYNTHETIC
SME001740,Synthetic SME 001740,RM009,Marmara,Retail Trade,SMALL,SOLE_PROPRIETOR,2015-12-27,127,11510473.880000,24,False,False,65.160000,True,RM_CALL,CONTROLLED_SYNTHETIC
SME001741,Synthetic SME 001741,RM042,Mediterranean,Construction,SMALL,LIMITED,2026-01-12,7,20335639.580000,22,False,False,94.890000,True,RM_CALL,CONTROLLED_SYNTHETIC
SME001742,Synthetic SME 001742,RM041,Marmara,Wholesale Trade,MICRO,LIMITED,2018-09-27,94,3794836.260000,9,False,False,61.610000,True,BRANCH,CONTROLLED_SYNTHETIC
SME001743,Synthetic SME 001743,RM026,Black Sea,Wholesale Trade,SMALL,LIMITED,2022-10-10,46,20593988.680000,48,False,True,35.780000,True,SECURE_MESSAGE,CONTROLLED_SYNTHETIC
SME001744,Synthetic SME 001744,RM013,Black Sea,Agriculture,MEDIUM,JOINT_STOCK,2024-01-09,31,225525461.920000,110,True,True,67.630000,True,VIDEO_MEETING,CONTROLLED_SYNTHETIC
SME001745,Synthetic SME 001745,RM018,Mediterranean,Professional Services,MICRO,JOINT_STOCK,2019-07-31,84,3405218.410000,6,False,False,87.520000,False,VIDEO_MEETING,CONTROLLED_SYNTHETIC
SME001746,Synthetic SME 001746,RM005,Eastern,Agriculture,SMALL,LIMITED,2024-10-25,21,38303511.950000,26,False,False,91.600000,True,BRANCH,CONTROLLED_SYNTHETIC
SME001747,Synthetic SME 001747,RM048,Eastern,Hospitality,MICRO,LIMITED,2016-06-15,122,6466610.380000,8,False,True,54.950000,True,BRANCH,CONTROLLED_SYNTHETIC
SME001748,Synthetic SME 001748,RM009,Marmara,Retail Trade,MICRO,LIMITED,2018-09-21,94,16167767.700000,7,False,False,78.630000,True,BRANCH,CONTROLLED_SYNTHETIC
SME001749,Synthetic SME 001749,RM029,Marmara,Agriculture,MICRO,LIMITED,2023-05-09,39,4705995.940000,5,False,True,50.080000,True,BRANCH,CONTROLLED_SYNTHETIC
SME001750,Synthetic SME 001750,RM014,Eastern,Professional Services,SMALL,SOLE_PROPRIETOR,2015-08-24,131,42295542.160000,35,True,False,54.380000,True,VIDEO_MEETING,CONTROLLED_SYNTHETIC
SME001751,Synthetic SME 001751,RM029,Marmara,Professional Services,MEDIUM,SOLE_PROPRIETOR,2018-10-18,94,289201487.160000,217,True,False,75.960000,True,RM_CALL,CONTROLLED_SYNTHETIC
SME001752,Synthetic SME 001752,RM031,Black Sea,Professional Services,MICRO,LIMITED,2026-02-07,6,17178103.550000,7,False,False,39.460000,True,VIDEO_MEETING,CONTROLLED_SYNTHETIC
SME001753,Synthetic SME 001753,RM027,Eastern,Healthcare,MICRO,JOINT_STOCK,2018-11-15,93,4005168.790000,8,False,False,61.350000,True,BRANCH,CONTROLLED_SYNTHETIC
SME001754,Synthetic SME 001754,RM014,Eastern,Technology,MICRO,LIMITED,2016-08-30,119,12267662.150000,9,False,False,75.280000,True,VIDEO_MEETING,CONTROLLED_SYNTHETIC
SME001755,Synthetic SME 001755,RM028,Eastern,Construction,SMALL,LIMITED,2024-12-14,20,41641655.740000,43,False,False,73.660000,True,VIDEO_MEETING,CONTROLLED_SYNTHETIC
SME001756,Synthetic SME 001756,RM010,Central Anatolia,Wholesale Trade,SMALL,LIMITED,2023-01-07,43,28463935.750000,30,True,False,69.130000,True,RM_CALL,CONTROLLED_SYNTHETIC
SME001757,Synthetic SME 001757,RM029,Marmara,Professional Services,MICRO,SOLE_PROPRIETOR,2020-08-28,71,5498043.040000,3,True,True,75.570000,True,SECURE_MESSAGE,CONTROLLED_SYNTHETIC
SME001758,Synthetic SME 001758,RM041,Marmara,Wholesale Trade,MICRO,LIMITED,2023-04-12,40,7532594.150000,7,False,False,47.360000,True,BRANCH,CONTROLLED_SYNTHETIC
SME001759,Synthetic SME 001759,RM044,Eastern,Professional Services,SMALL,JOINT_STOCK,2020-06-18,74,20624635.380000,36,False,False,79.060000,True,SECURE_MESSAGE,CONTROLLED_SYNTHETIC
SME001760,Synthetic SME 001760,RM028,Eastern,Manufacturing,MICRO,JOINT_STOCK,2018-02-17,102,55664860.490000,8,True,False,41.220000,True,RM_CALL,CONTROLLED_SYNTHETIC
SME001761,Synthetic SME 001761,RM001,Mediterranean,Manufacturing,MICRO,LIMITED,2019-02-09,90,27500723.570000,5,False,False,79.300000,True,BRANCH,CONTROLLED_SYNTHETIC
SME001762,Synthetic SME 001762,RM016,Mediterranean,Technology,MICRO,JOINT_STOCK,2016-06-25,121,2348243.230000,5,False,False,26.060000,True,BRANCH,CONTROLLED_SYNTHETIC
SME001763,Synthetic SME 001763,RM003,Black Sea,Transportation,MICRO,LIMITED,2020-06-09,74,25845894.980000,8,False,False,95.440000,True,SECURE_MESSAGE,CONTROLLED_SYNTHETIC
SME001764,Synthetic SME 001764,RM026,Black Sea,Technology,MICRO,JOINT_STOCK,2023-10-05,34,10336831.680000,8,True,False,84.980000,True,BRANCH,CONTROLLED_SYNTHETIC
SME001765,Synthetic SME 001765,RM039,Eastern,Construction,MICRO,LIMITED,2017-01-22,114,3795094.160000,7,False,True,94.520000,True,RM_CALL,CONTROLLED_SYNTHETIC
SME001766,Synthetic SME 001766,RM029,Marmara,Technology,MICRO,SOLE_PROPRIETOR,2019-05-11,87,5440805.170000,4,False,True,95.790000,True,RM_CALL,CONTROLLED_SYNTHETIC
SME001767,Synthetic SME 001767,RM022,Central Anatolia,Wholesale Trade,SMALL,LIMITED,2015-11-15,129,52253365.450000,21,False,False,75.780000,True,BRANCH,CONTROLLED_SYNTHETIC
SME001768,Synthetic SME 001768,RM045,Aegean,Retail Trade,MICRO,LIMITED,2019-08-07,84,4769406.700000,4,False,False,81.240000,True,BRANCH,CONTROLLED_SYNTHETIC
SME001769,Synthetic SME 001769,RM008,Marmara,Transportation,SMALL,JOINT_STOCK,2022-11-28,44,31818727.570000,34,True,False,78.240000,True,BRANCH,CONTROLLED_SYNTHETIC
SME001770,Synthetic SME 001770,RM041,Marmara,Professional Services,MEDIUM,LIMITED,2021-11-20,56,133777992.330000,246,True,True,31.070000,True,BRANCH,CONTROLLED_SYNTHETIC
SME001771,Synthetic SME 001771,RM028,Eastern,Wholesale Trade,MEDIUM,SOLE_PROPRIETOR,2015-02-21,137,119033541.740000,175,True,True,61.830000,False,RM_CALL,CONTROLLED_SYNTHETIC
SME001772,Synthetic SME 001772,RM041,Marmara,Professional Services,SMALL,JOINT_STOCK,2022-03-03,53,93191855.600000,13,False,False,61.510000,True,RM_CALL,CONTROLLED_SYNTHETIC
SME001773,Synthetic SME 001773,RM029,Marmara,Construction,MICRO,LIMITED,2024-09-07,23,7898540.990000,7,False,False,66.730000,True,RM_CALL,CONTROLLED_SYNTHETIC
SME001774,Synthetic SME 001774,RM003,Black Sea,Hospitality,SMALL,LIMITED,2015-07-13,133,59768973.230000,26,False,False,70.920000,True,VIDEO_MEETING,CONTROLLED_SYNTHETIC
SME001775,Synthetic SME 001775,RM024,Eastern,Agriculture,MICRO,LIMITED,2022-12-04,44,19091822.420000,3,False,False,61.570000,False,VIDEO_MEETING,CONTROLLED_SYNTHETIC
SME001776,Synthetic SME 001776,RM009,Marmara,Manufacturing,MICRO,LIMITED,2016-03-14,125,1939516.980000,7,True,False,79.280000,True,RM_CALL,CONTROLLED_SYNTHETIC
SME001777,Synthetic SME 001777,RM020,Mediterranean,Manufacturing,MICRO,LIMITED,2025-01-30,18,14912950.120000,6,False,True,67.610000,True,RM_CALL,CONTROLLED_SYNTHETIC
SME001778,Synthetic SME 001778,RM007,Central Anatolia,Manufacturing,SMALL,LIMITED,2024-07-19,25,35742697.270000,29,False,False,64.980000,False,RM_CALL,CONTROLLED_SYNTHETIC
SME001779,Synthetic SME 001779,RM015,Marmara,Professional Services,MICRO,LIMITED,2024-05-03,27,8861651.100000,5,False,False,85.660000,True,VIDEO_MEETING,CONTROLLED_SYNTHETIC
SME001780,Synthetic SME 001780,RM017,Aegean,Professional Services,MICRO,LIMITED,2018-09-01,95,4706590.310000,3,False,False,49.380000,True,RM_CALL,CONTROLLED_SYNTHETIC
SME001781,Synthetic SME 001781,RM003,Black Sea,Technology,SMALL,JOINT_STOCK,2025-08-30,11,40222969.690000,29,False,False,67.560000,True,BRANCH,CONTROLLED_SYNTHETIC
SME001782,Synthetic SME 001782,RM046,Mediterranean,Technology,MICRO,LIMITED,2021-10-23,57,6807184.670000,8,False,False,84.170000,True,SECURE_MESSAGE,CONTROLLED_SYNTHETIC
SME001783,Synthetic SME 001783,RM009,Marmara,Construction,SMALL,LIMITED,2024-09-09,23,23690633.650000,30,False,True,82.080000,True,BRANCH,CONTROLLED_SYNTHETIC
SME001784,Synthetic SME 001784,RM041,Marmara,Transportation,MICRO,LIMITED,2022-06-16,50,31078502.720000,9,True,True,68.270000,True,RM_CALL,CONTROLLED_SYNTHETIC
SME001785,Synthetic SME 001785,RM011,Black Sea,Construction,MICRO,LIMITED,2024-12-28,19,17018976.560000,6,False,False,56.920000,False,RM_CALL,CONTROLLED_SYNTHETIC
SME001786,Synthetic SME 001786,RM008,Marmara,Hospitality,MICRO,SOLE_PROPRIETOR,2021-08-24,59,13447586.030000,7,False,False,51.200000,True,RM_CALL,CONTROLLED_SYNTHETIC
SME001787,Synthetic SME 001787,RM022,Central Anatolia,Wholesale Trade,MEDIUM,LIMITED,2017-06-18,110,59183053.820000,129,False,True,48.420000,True,RM_CALL,CONTROLLED_SYNTHETIC
SME001788,Synthetic SME 001788,RM029,Marmara,Technology,MICRO,LIMITED,2021-01-26,66,12978289.560000,8,True,False,91.760000,True,VIDEO_MEETING,CONTROLLED_SYNTHETIC
SME001789,Synthetic SME 001789,RM038,Aegean,Retail Trade,MICRO,LIMITED,2018-04-11,100,23070117.990000,4,False,True,85.510000,True,BRANCH,CONTROLLED_SYNTHETIC
SME001790,Synthetic SME 001790,RM012,Central Anatolia,Retail Trade,MICRO,JOINT_STOCK,2017-11-22,104,4162542.340000,7,False,False,56.780000,True,RM_CALL,CONTROLLED_SYNTHETIC
SME001791,Synthetic SME 001791,RM026,Black Sea,Transportation,MICRO,JOINT_STOCK,2015-04-26,135,10673780.640000,3,False,False,42.090000,True,BRANCH,CONTROLLED_SYNTHETIC
SME001792,Synthetic SME 001792,RM029,Marmara,Healthcare,SMALL,JOINT_STOCK,2023-07-23,36,26426867.380000,18,False,False,31.890000,True,BRANCH,CONTROLLED_SYNTHETIC
SME001793,Synthetic SME 001793,RM005,Eastern,Agriculture,MICRO,SOLE_PROPRIETOR,2024-05-01,27,30022401.940000,5,False,False,60.910000,True,RM_CALL,CONTROLLED_SYNTHETIC
SME001794,Synthetic SME 001794,RM009,Marmara,Construction,MICRO,LIMITED,2018-09-23,94,11876207.240000,9,False,False,56.500000,True,RM_CALL,CONTROLLED_SYNTHETIC
SME001795,Synthetic SME 001795,RM007,Central Anatolia,Professional Services,MICRO,LIMITED,2024-02-05,30,16089104.690000,2,False,False,63.870000,True,RM_CALL,CONTROLLED_SYNTHETIC
SME001796,Synthetic SME 001796,RM033,Mediterranean,Manufacturing,SMALL,LIMITED,2019-11-14,81,27602609.690000,46,False,False,37.730000,True,VIDEO_MEETING,CONTROLLED_SYNTHETIC
SME001797,Synthetic SME 001797,RM028,Eastern,Technology,MICRO,LIMITED,2021-10-06,58,4065900.430000,7,True,False,50.990000,True,RM_CALL,CONTROLLED_SYNTHETIC
SME001798,Synthetic SME 001798,RM009,Marmara,Professional Services,MEDIUM,SOLE_PROPRIETOR,2015-07-26,132,298976060.150000,216,True,False,59.140000,True,VIDEO_MEETING,CONTROLLED_SYNTHETIC
SME001799,Synthetic SME 001799,RM038,Aegean,Hospitality,MICRO,JOINT_STOCK,2015-08-10,132,16446693.280000,7,True,False,33.840000,True,SECURE_MESSAGE,CONTROLLED_SYNTHETIC
SME001800,Synthetic SME 001800,RM043,Mediterranean,Manufacturing,SMALL,LIMITED,2021-07-26,60,24050817.370000,28,False,False,40.250000,True,RM_CALL,CONTROLLED_SYNTHETIC
SME001801,Synthetic SME 001801,RM015,Marmara,Retail Trade,MICRO,LIMITED,2017-11-30,104,6447304.970000,8,False,False,61.060000,True,SECURE_MESSAGE,CONTROLLED_SYNTHETIC
SME001802,Synthetic SME 001802,RM045,Aegean,Transportation,MEDIUM,LIMITED,2015-07-01,133,124496241.060000,103,False,True,44.340000,True,SECURE_MESSAGE,CONTROLLED_SYNTHETIC
SME001803,Synthetic SME 001803,RM018,Mediterranean,Transportation,SMALL,LIMITED,2025-12-02,8,54666274.780000,39,False,False,57.440000,True,VIDEO_MEETING,CONTROLLED_SYNTHETIC
SME001804,Synthetic SME 001804,RM046,Mediterranean,Wholesale Trade,SMALL,LIMITED,2019-06-01,86,20334908.030000,27,True,False,79.660000,True,VIDEO_MEETING,CONTROLLED_SYNTHETIC
SME001805,Synthetic SME 001805,RM004,Central Anatolia,Professional Services,MICRO,JOINT_STOCK,2025-05-18,15,10925263.950000,7,True,True,49.950000,True,RM_CALL,CONTROLLED_SYNTHETIC
SME001806,Synthetic SME 001806,RM021,Marmara,Retail Trade,SMALL,SOLE_PROPRIETOR,2018-06-17,98,35146491.140000,49,False,False,59.670000,True,RM_CALL,CONTROLLED_SYNTHETIC
SME001807,Synthetic SME 001807,RM043,Mediterranean,Hospitality,MICRO,SOLE_PROPRIETOR,2017-05-03,111,9410285.190000,3,False,False,45.210000,True,RM_CALL,CONTROLLED_SYNTHETIC
SME001808,Synthetic SME 001808,RM019,Aegean,Wholesale Trade,MICRO,JOINT_STOCK,2023-09-27,34,6668378.510000,9,False,True,92.270000,True,RM_CALL,CONTROLLED_SYNTHETIC
SME001809,Synthetic SME 001809,RM048,Eastern,Healthcare,SMALL,LIMITED,2021-09-04,59,14463707.300000,33,False,False,54.670000,True,SECURE_MESSAGE,CONTROLLED_SYNTHETIC
SME001810,Synthetic SME 001810,RM034,Aegean,Professional Services,MICRO,LIMITED,2018-08-15,96,14232306.780000,2,False,False,72.490000,True,RM_CALL,CONTROLLED_SYNTHETIC
SME001811,Synthetic SME 001811,RM002,Marmara,Technology,MICRO,LIMITED,2018-01-22,102,4605800.590000,5,False,False,67.620000,True,RM_CALL,CONTROLLED_SYNTHETIC
SME001812,Synthetic SME 001812,RM024,Eastern,Technology,MICRO,LIMITED,2023-10-07,34,7251014.740000,4,False,True,44.770000,True,RM_CALL,CONTROLLED_SYNTHETIC
SME001813,Synthetic SME 001813,RM036,Marmara,Hospitality,SMALL,JOINT_STOCK,2023-09-23,34,26299442.490000,32,False,False,21.530000,False,VIDEO_MEETING,CONTROLLED_SYNTHETIC
SME001814,Synthetic SME 001814,RM017,Aegean,Hospitality,SMALL,LIMITED,2026-02-11,6,23084276.510000,22,False,True,34.420000,True,BRANCH,CONTROLLED_SYNTHETIC
SME001815,Synthetic SME 001815,RM042,Mediterranean,Healthcare,MICRO,LIMITED,2022-04-22,51,11209764.940000,3,False,False,55.310000,True,RM_CALL,CONTROLLED_SYNTHETIC
SME001816,Synthetic SME 001816,RM040,Black Sea,Technology,SMALL,LIMITED,2017-07-07,109,27548329.470000,11,False,False,39.910000,True,VIDEO_MEETING,CONTROLLED_SYNTHETIC
SME001817,Synthetic SME 001817,RM028,Eastern,Agriculture,SMALL,LIMITED,2017-02-17,114,20666179.770000,41,True,False,70.510000,True,RM_CALL,CONTROLLED_SYNTHETIC
SME001818,Synthetic SME 001818,RM010,Central Anatolia,Retail Trade,SMALL,JOINT_STOCK,2017-02-15,114,23550310.260000,15,False,False,55.100000,True,RM_CALL,CONTROLLED_SYNTHETIC
SME001819,Synthetic SME 001819,RM046,Mediterranean,Manufacturing,MICRO,LIMITED,2018-10-22,93,17517441.180000,6,False,False,16.010000,True,RM_CALL,CONTROLLED_SYNTHETIC
SME001820,Synthetic SME 001820,RM019,Aegean,Manufacturing,MEDIUM,LIMITED,2023-02-07,42,128281790.520000,139,True,False,51.460000,True,SECURE_MESSAGE,CONTROLLED_SYNTHETIC
SME001821,Synthetic SME 001821,RM032,Aegean,Construction,MICRO,LIMITED,2016-10-04,118,12133195.700000,8,False,False,81.950000,True,RM_CALL,CONTROLLED_SYNTHETIC
SME001822,Synthetic SME 001822,RM034,Aegean,Construction,MICRO,SOLE_PROPRIETOR,2021-09-20,58,13093050.750000,5,False,False,81.200000,True,VIDEO_MEETING,CONTROLLED_SYNTHETIC
SME001823,Synthetic SME 001823,RM038,Aegean,Agriculture,SMALL,SOLE_PROPRIETOR,2019-04-04,88,46989818.020000,21,False,True,63.230000,True,VIDEO_MEETING,CONTROLLED_SYNTHETIC
SME001824,Synthetic SME 001824,RM004,Central Anatolia,Professional Services,MICRO,LIMITED,2018-07-01,97,20242320.000000,8,False,False,90.990000,True,VIDEO_MEETING,CONTROLLED_SYNTHETIC
SME001825,Synthetic SME 001825,RM035,Central Anatolia,Hospitality,MICRO,LIMITED,2016-02-27,125,17729979.930000,4,False,False,26.670000,True,RM_CALL,CONTROLLED_SYNTHETIC
SME001826,Synthetic SME 001826,RM031,Black Sea,Construction,MICRO,JOINT_STOCK,2025-10-06,10,7695580.510000,7,False,False,44.150000,True,RM_CALL,CONTROLLED_SYNTHETIC
SME001827,Synthetic SME 001827,RM029,Marmara,Transportation,MICRO,LIMITED,2025-11-20,8,39214151.060000,9,False,False,69.120000,True,BRANCH,CONTROLLED_SYNTHETIC
SME001828,Synthetic SME 001828,RM045,Aegean,Transportation,MICRO,SOLE_PROPRIETOR,2019-05-25,86,14677378.490000,9,False,False,93.520000,False,RM_CALL,CONTROLLED_SYNTHETIC
SME001829,Synthetic SME 001829,RM039,Eastern,Construction,MICRO,LIMITED,2022-09-03,47,5084467.350000,4,True,False,84.920000,True,VIDEO_MEETING,CONTROLLED_SYNTHETIC
SME001830,Synthetic SME 001830,RM041,Marmara,Wholesale Trade,SMALL,JOINT_STOCK,2025-02-25,17,16633927.020000,43,False,False,86.570000,True,RM_CALL,CONTROLLED_SYNTHETIC
SME001831,Synthetic SME 001831,RM006,Aegean,Agriculture,SMALL,JOINT_STOCK,2025-08-11,12,16764985.400000,32,False,True,65.560000,True,VIDEO_MEETING,CONTROLLED_SYNTHETIC
SME001832,Synthetic SME 001832,RM017,Aegean,Transportation,MICRO,SOLE_PROPRIETOR,2025-03-05,17,3878096.830000,6,False,False,69.330000,True,BRANCH,CONTROLLED_SYNTHETIC
SME001833,Synthetic SME 001833,RM007,Central Anatolia,Construction,SMALL,JOINT_STOCK,2025-05-20,15,35724333.480000,43,False,False,71.950000,True,SECURE_MESSAGE,CONTROLLED_SYNTHETIC
SME001834,Synthetic SME 001834,RM012,Central Anatolia,Retail Trade,MICRO,SOLE_PROPRIETOR,2020-01-21,78,11403630.640000,8,False,True,23.430000,True,VIDEO_MEETING,CONTROLLED_SYNTHETIC
SME001835,Synthetic SME 001835,RM041,Marmara,Wholesale Trade,MICRO,SOLE_PROPRIETOR,2025-11-03,9,6600389.160000,8,False,False,67.320000,True,RM_CALL,CONTROLLED_SYNTHETIC
SME001836,Synthetic SME 001836,RM029,Marmara,Healthcare,MICRO,LIMITED,2022-12-13,44,9954887.690000,8,True,True,43.980000,False,SECURE_MESSAGE,CONTROLLED_SYNTHETIC
SME001837,Synthetic SME 001837,RM048,Eastern,Manufacturing,MEDIUM,SOLE_PROPRIETOR,2015-05-12,135,171377149.100000,58,False,True,70.990000,True,RM_CALL,CONTROLLED_SYNTHETIC
SME001838,Synthetic SME 001838,RM005,Eastern,Transportation,MICRO,LIMITED,2020-03-11,77,4722275.820000,8,False,True,27.350000,True,BRANCH,CONTROLLED_SYNTHETIC
SME001839,Synthetic SME 001839,RM026,Black Sea,Technology,MICRO,LIMITED,2020-10-05,70,10521150.330000,4,True,False,92.100000,True,VIDEO_MEETING,CONTROLLED_SYNTHETIC
SME001840,Synthetic SME 001840,RM029,Marmara,Healthcare,MICRO,SOLE_PROPRIETOR,2022-01-05,55,10060442.200000,3,True,False,58.970000,True,BRANCH,CONTROLLED_SYNTHETIC
SME001841,Synthetic SME 001841,RM007,Central Anatolia,Hospitality,MEDIUM,LIMITED,2015-04-11,136,145627439.200000,204,True,False,16.360000,True,BRANCH,CONTROLLED_SYNTHETIC
SME001842,Synthetic SME 001842,RM036,Marmara,Construction,SMALL,LIMITED,2024-08-15,24,58781001.860000,40,False,False,25.180000,True,BRANCH,CONTROLLED_SYNTHETIC
SME001843,Synthetic SME 001843,RM023,Black Sea,Construction,MICRO,JOINT_STOCK,2015-06-16,134,25453947.970000,9,False,False,77.710000,True,RM_CALL,CONTROLLED_SYNTHETIC
SME001844,Synthetic SME 001844,RM004,Central Anatolia,Manufacturing,MICRO,JOINT_STOCK,2016-09-03,119,4310185.860000,5,False,False,33.380000,True,RM_CALL,CONTROLLED_SYNTHETIC
SME001845,Synthetic SME 001845,RM008,Marmara,Construction,MICRO,LIMITED,2015-03-11,137,5340037.100000,5,False,True,38.210000,True,BRANCH,CONTROLLED_SYNTHETIC
SME001846,Synthetic SME 001846,RM004,Central Anatolia,Technology,MICRO,LIMITED,2024-10-08,22,6796239.310000,9,False,False,46.330000,True,RM_CALL,CONTROLLED_SYNTHETIC
SME001847,Synthetic SME 001847,RM035,Central Anatolia,Transportation,MICRO,JOINT_STOCK,2019-04-20,88,13659569.910000,6,False,False,82.890000,True,BRANCH,CONTROLLED_SYNTHETIC
SME001848,Synthetic SME 001848,RM009,Marmara,Professional Services,MICRO,LIMITED,2024-10-03,22,6491795.630000,7,False,False,78.790000,True,VIDEO_MEETING,CONTROLLED_SYNTHETIC
SME001849,Synthetic SME 001849,RM017,Aegean,Technology,SMALL,LIMITED,2025-09-25,10,106239362.300000,49,True,False,39.970000,True,RM_CALL,CONTROLLED_SYNTHETIC
SME001850,Synthetic SME 001850,RM041,Marmara,Healthcare,MICRO,JOINT_STOCK,2020-05-22,74,22457772.180000,7,False,False,66.490000,True,RM_CALL,CONTROLLED_SYNTHETIC
SME001851,Synthetic SME 001851,RM011,Black Sea,Technology,MICRO,LIMITED,2022-07-22,48,17115162.890000,8,False,False,42.590000,True,RM_CALL,CONTROLLED_SYNTHETIC
SME001852,Synthetic SME 001852,RM023,Black Sea,Agriculture,MICRO,SOLE_PROPRIETOR,2017-03-13,113,10175705.530000,7,False,False,68.630000,True,BRANCH,CONTROLLED_SYNTHETIC
SME001853,Synthetic SME 001853,RM024,Eastern,Transportation,MICRO,LIMITED,2017-12-18,104,8714163.420000,3,False,False,61.510000,True,RM_CALL,CONTROLLED_SYNTHETIC
SME001854,Synthetic SME 001854,RM021,Marmara,Retail Trade,MICRO,LIMITED,2018-07-25,96,14181782.250000,2,True,False,59.580000,True,RM_CALL,CONTROLLED_SYNTHETIC
SME001855,Synthetic SME 001855,RM038,Aegean,Hospitality,MICRO,LIMITED,2021-01-18,67,10510236.030000,2,False,False,30.070000,False,RM_CALL,CONTROLLED_SYNTHETIC
SME001856,Synthetic SME 001856,RM041,Marmara,Construction,MICRO,LIMITED,2019-05-19,87,8998078.840000,4,False,False,57.770000,True,RM_CALL,CONTROLLED_SYNTHETIC
SME001857,Synthetic SME 001857,RM016,Mediterranean,Agriculture,MICRO,JOINT_STOCK,2021-01-13,67,9228643.720000,7,False,False,77.180000,True,RM_CALL,CONTROLLED_SYNTHETIC
SME001858,Synthetic SME 001858,RM045,Aegean,Manufacturing,SMALL,SOLE_PROPRIETOR,2021-05-18,63,25811773.830000,10,True,False,98.850000,True,RM_CALL,CONTROLLED_SYNTHETIC
SME001859,Synthetic SME 001859,RM041,Marmara,Retail Trade,MICRO,JOINT_STOCK,2024-06-13,26,10049602.910000,7,False,False,72.230000,True,SECURE_MESSAGE,CONTROLLED_SYNTHETIC
SME001860,Synthetic SME 001860,RM024,Eastern,Agriculture,MEDIUM,SOLE_PROPRIETOR,2024-05-18,27,358393587.490000,185,True,False,92.930000,True,BRANCH,CONTROLLED_SYNTHETIC
SME001861,Synthetic SME 001861,RM036,Marmara,Manufacturing,MICRO,LIMITED,2017-12-24,103,3759297.120000,5,False,False,63.780000,True,VIDEO_MEETING,CONTROLLED_SYNTHETIC
SME001862,Synthetic SME 001862,RM038,Aegean,Construction,MICRO,JOINT_STOCK,2026-04-07,4,16674373.280000,7,False,True,64.240000,True,RM_CALL,CONTROLLED_SYNTHETIC
SME001863,Synthetic SME 001863,RM030,Central Anatolia,Healthcare,SMALL,LIMITED,2016-03-07,125,31532349.190000,12,False,False,72.110000,True,SECURE_MESSAGE,CONTROLLED_SYNTHETIC
SME001864,Synthetic SME 001864,RM044,Eastern,Construction,SMALL,LIMITED,2017-01-13,115,143598497.250000,22,True,False,96.820000,True,VIDEO_MEETING,CONTROLLED_SYNTHETIC
SME001865,Synthetic SME 001865,RM029,Marmara,Professional Services,MICRO,SOLE_PROPRIETOR,2015-08-12,132,13136123.690000,3,True,False,65.860000,True,BRANCH,CONTROLLED_SYNTHETIC
SME001866,Synthetic SME 001866,RM008,Marmara,Manufacturing,SMALL,LIMITED,2017-01-22,114,29944958.850000,31,False,False,69.610000,True,RM_CALL,CONTROLLED_SYNTHETIC
SME001867,Synthetic SME 001867,RM003,Black Sea,Hospitality,MICRO,JOINT_STOCK,2023-05-24,38,7698501.350000,2,False,False,60.830000,True,RM_CALL,CONTROLLED_SYNTHETIC
SME001868,Synthetic SME 001868,RM002,Marmara,Hospitality,SMALL,LIMITED,2015-06-04,134,30804543.260000,25,False,False,52.040000,True,SECURE_MESSAGE,CONTROLLED_SYNTHETIC
SME001869,Synthetic SME 001869,RM034,Aegean,Hospitality,SMALL,SOLE_PROPRIETOR,2020-09-01,71,37523529.450000,33,False,False,60.380000,True,BRANCH,CONTROLLED_SYNTHETIC
SME001870,Synthetic SME 001870,RM028,Eastern,Hospitality,SMALL,LIMITED,2022-09-25,46,23895847.770000,46,False,False,32.610000,True,RM_CALL,CONTROLLED_SYNTHETIC
SME001871,Synthetic SME 001871,RM002,Marmara,Retail Trade,SMALL,LIMITED,2017-12-24,103,12473543.920000,28,False,True,89.160000,True,RM_CALL,CONTROLLED_SYNTHETIC
SME001872,Synthetic SME 001872,RM009,Marmara,Agriculture,SMALL,SOLE_PROPRIETOR,2020-04-01,76,31933752.980000,26,False,False,93.690000,True,BRANCH,CONTROLLED_SYNTHETIC
SME001873,Synthetic SME 001873,RM042,Mediterranean,Professional Services,SMALL,LIMITED,2019-11-05,81,12070325.490000,13,True,True,81.280000,True,RM_CALL,CONTROLLED_SYNTHETIC
SME001874,Synthetic SME 001874,RM041,Marmara,Wholesale Trade,SMALL,LIMITED,2018-05-05,99,77882175.360000,19,False,False,15.320000,True,RM_CALL,CONTROLLED_SYNTHETIC
SME001875,Synthetic SME 001875,RM025,Black Sea,Wholesale Trade,SMALL,SOLE_PROPRIETOR,2016-11-25,116,25355769.560000,28,True,False,79.490000,True,BRANCH,CONTROLLED_SYNTHETIC
SME001876,Synthetic SME 001876,RM048,Eastern,Agriculture,MICRO,JOINT_STOCK,2025-06-11,14,3000970.120000,8,True,False,62.800000,True,SECURE_MESSAGE,CONTROLLED_SYNTHETIC
SME001877,Synthetic SME 001877,RM004,Central Anatolia,Healthcare,SMALL,LIMITED,2020-12-26,67,41196791.410000,41,True,True,63.880000,True,RM_CALL,CONTROLLED_SYNTHETIC
SME001878,Synthetic SME 001878,RM022,Central Anatolia,Hospitality,SMALL,LIMITED,2024-01-27,30,7011778.820000,24,False,False,66.250000,True,SECURE_MESSAGE,CONTROLLED_SYNTHETIC
SME001879,Synthetic SME 001879,RM011,Black Sea,Construction,MEDIUM,LIMITED,2021-06-30,61,159913273.520000,67,True,False,59.820000,True,VIDEO_MEETING,CONTROLLED_SYNTHETIC
SME001880,Synthetic SME 001880,RM013,Black Sea,Transportation,MICRO,LIMITED,2018-04-07,100,15246027.840000,8,True,False,31.660000,True,RM_CALL,CONTROLLED_SYNTHETIC
SME001881,Synthetic SME 001881,RM029,Marmara,Professional Services,MICRO,SOLE_PROPRIETOR,2018-03-22,100,10518234.230000,8,True,False,69.100000,True,RM_CALL,CONTROLLED_SYNTHETIC
SME001882,Synthetic SME 001882,RM027,Eastern,Professional Services,MICRO,LIMITED,2022-04-04,52,32579713.720000,9,False,False,73.660000,True,RM_CALL,CONTROLLED_SYNTHETIC
SME001883,Synthetic SME 001883,RM019,Aegean,Construction,MICRO,LIMITED,2023-12-14,32,15608818.500000,9,True,False,72.840000,True,RM_CALL,CONTROLLED_SYNTHETIC
SME001884,Synthetic SME 001884,RM039,Eastern,Agriculture,SMALL,LIMITED,2024-09-25,22,12081887.150000,33,True,False,60.000000,True,RM_CALL,CONTROLLED_SYNTHETIC
SME001885,Synthetic SME 001885,RM004,Central Anatolia,Technology,SMALL,LIMITED,2019-10-31,81,35829449.290000,25,False,False,41.760000,False,VIDEO_MEETING,CONTROLLED_SYNTHETIC
SME001886,Synthetic SME 001886,RM010,Central Anatolia,Manufacturing,MEDIUM,SOLE_PROPRIETOR,2018-03-18,101,111329900.560000,170,False,False,53.320000,True,BRANCH,CONTROLLED_SYNTHETIC
SME001887,Synthetic SME 001887,RM045,Aegean,Manufacturing,MICRO,LIMITED,2024-08-21,23,8904956.960000,5,False,False,29.590000,True,RM_CALL,CONTROLLED_SYNTHETIC
SME001888,Synthetic SME 001888,RM012,Central Anatolia,Manufacturing,MEDIUM,LIMITED,2023-12-24,31,87669985.110000,178,True,True,72.590000,True,RM_CALL,CONTROLLED_SYNTHETIC
SME001889,Synthetic SME 001889,RM008,Marmara,Hospitality,SMALL,SOLE_PROPRIETOR,2019-10-10,82,22463752.530000,10,True,False,85.000000,True,RM_CALL,CONTROLLED_SYNTHETIC
SME001890,Synthetic SME 001890,RM035,Central Anatolia,Technology,MICRO,LIMITED,2016-04-17,124,2741000.260000,3,False,False,74.290000,True,RM_CALL,CONTROLLED_SYNTHETIC
SME001891,Synthetic SME 001891,RM044,Eastern,Healthcare,SMALL,LIMITED,2025-02-21,17,16310347.470000,25,True,False,41.650000,True,SECURE_MESSAGE,CONTROLLED_SYNTHETIC
SME001892,Synthetic SME 001892,RM042,Mediterranean,Construction,SMALL,LIMITED,2026-04-01,4,48806202.960000,24,False,False,62.330000,True,RM_CALL,CONTROLLED_SYNTHETIC
SME001893,Synthetic SME 001893,RM024,Eastern,Retail Trade,SMALL,LIMITED,2026-03-23,4,17643447.350000,22,False,False,44.070000,True,BRANCH,CONTROLLED_SYNTHETIC
SME001894,Synthetic SME 001894,RM029,Marmara,Professional Services,SMALL,LIMITED,2024-11-28,20,31882820.860000,17,False,False,87.750000,True,BRANCH,CONTROLLED_SYNTHETIC
SME001895,Synthetic SME 001895,RM022,Central Anatolia,Agriculture,SMALL,LIMITED,2026-04-18,4,52098067.430000,22,False,False,49.550000,True,VIDEO_MEETING,CONTROLLED_SYNTHETIC
SME001896,Synthetic SME 001896,RM041,Marmara,Transportation,MICRO,SOLE_PROPRIETOR,2023-10-05,34,16866206.370000,9,False,False,54.040000,True,BRANCH,CONTROLLED_SYNTHETIC
SME001897,Synthetic SME 001897,RM002,Marmara,Wholesale Trade,SMALL,SOLE_PROPRIETOR,2022-01-17,55,21643381.870000,17,False,False,38.300000,True,SECURE_MESSAGE,CONTROLLED_SYNTHETIC
SME001898,Synthetic SME 001898,RM048,Eastern,Retail Trade,MICRO,LIMITED,2021-04-07,64,13479906.660000,6,False,False,61.000000,True,RM_CALL,CONTROLLED_SYNTHETIC
SME001899,Synthetic SME 001899,RM004,Central Anatolia,Construction,MICRO,LIMITED,2016-01-19,127,4782873.140000,4,False,False,76.980000,True,RM_CALL,CONTROLLED_SYNTHETIC
SME001900,Synthetic SME 001900,RM021,Marmara,Professional Services,MICRO,JOINT_STOCK,2026-02-07,6,5004110.290000,7,False,False,91.760000,True,RM_CALL,CONTROLLED_SYNTHETIC
SME001901,Synthetic SME 001901,RM009,Marmara,Manufacturing,SMALL,LIMITED,2015-05-17,135,23545704.420000,43,False,True,44.610000,True,SECURE_MESSAGE,CONTROLLED_SYNTHETIC
SME001902,Synthetic SME 001902,RM018,Mediterranean,Healthcare,MICRO,LIMITED,2016-01-28,126,4592234.660000,3,False,False,83.670000,True,BRANCH,CONTROLLED_SYNTHETIC
SME001903,Synthetic SME 001903,RM036,Marmara,Professional Services,MICRO,LIMITED,2019-07-13,85,4878756.170000,2,True,False,74.240000,True,RM_CALL,CONTROLLED_SYNTHETIC
SME001904,Synthetic SME 001904,RM015,Marmara,Hospitality,SMALL,JOINT_STOCK,2016-05-24,122,36026018.150000,48,True,False,52.420000,True,BRANCH,CONTROLLED_SYNTHETIC
SME001905,Synthetic SME 001905,RM043,Mediterranean,Hospitality,MICRO,LIMITED,2021-08-21,59,4128310.820000,5,False,False,41.480000,True,RM_CALL,CONTROLLED_SYNTHETIC
SME001906,Synthetic SME 001906,RM033,Mediterranean,Agriculture,MICRO,JOINT_STOCK,2018-10-15,94,5798681.870000,3,False,False,53.660000,True,BRANCH,CONTROLLED_SYNTHETIC
SME001907,Synthetic SME 001907,RM008,Marmara,Technology,SMALL,LIMITED,2017-08-24,107,38682805.420000,37,True,False,28.110000,True,RM_CALL,CONTROLLED_SYNTHETIC
SME001908,Synthetic SME 001908,RM014,Eastern,Manufacturing,MICRO,SOLE_PROPRIETOR,2015-11-22,128,3269863.280000,8,True,False,62.280000,True,SECURE_MESSAGE,CONTROLLED_SYNTHETIC
SME001909,Synthetic SME 001909,RM023,Black Sea,Healthcare,MICRO,LIMITED,2025-03-03,17,12559907.220000,3,False,False,90.180000,True,VIDEO_MEETING,CONTROLLED_SYNTHETIC
SME001910,Synthetic SME 001910,RM029,Marmara,Wholesale Trade,MEDIUM,LIMITED,2023-09-14,35,157559762.940000,245,False,False,74.210000,True,RM_CALL,CONTROLLED_SYNTHETIC
SME001911,Synthetic SME 001911,RM010,Central Anatolia,Retail Trade,SMALL,LIMITED,2019-05-15,87,18658305.650000,19,False,False,53.390000,True,VIDEO_MEETING,CONTROLLED_SYNTHETIC
SME001912,Synthetic SME 001912,RM020,Mediterranean,Transportation,SMALL,LIMITED,2024-11-01,21,9871135.660000,28,False,False,67.050000,True,VIDEO_MEETING,CONTROLLED_SYNTHETIC
SME001913,Synthetic SME 001913,RM047,Central Anatolia,Hospitality,SMALL,JOINT_STOCK,2018-06-07,98,65375715.580000,19,False,False,58.920000,True,RM_CALL,CONTROLLED_SYNTHETIC
SME001914,Synthetic SME 001914,RM015,Marmara,Retail Trade,SMALL,JOINT_STOCK,2023-09-25,34,54816801.310000,43,False,False,86.920000,True,SECURE_MESSAGE,CONTROLLED_SYNTHETIC
SME001915,Synthetic SME 001915,RM041,Marmara,Manufacturing,MICRO,LIMITED,2019-01-10,91,5135955.930000,9,False,False,42.390000,True,RM_CALL,CONTROLLED_SYNTHETIC
SME001916,Synthetic SME 001916,RM008,Marmara,Wholesale Trade,MICRO,LIMITED,2019-04-11,88,8492601.320000,7,False,False,15.360000,True,BRANCH,CONTROLLED_SYNTHETIC
SME001917,Synthetic SME 001917,RM008,Marmara,Transportation,MICRO,JOINT_STOCK,2020-04-04,76,5355964.020000,9,False,False,49.600000,True,BRANCH,CONTROLLED_SYNTHETIC
SME001918,Synthetic SME 001918,RM004,Central Anatolia,Technology,MICRO,SOLE_PROPRIETOR,2016-12-16,116,27171304.920000,4,False,True,48.590000,True,RM_CALL,CONTROLLED_SYNTHETIC
SME001919,Synthetic SME 001919,RM035,Central Anatolia,Hospitality,SMALL,LIMITED,2016-11-01,117,26378280.810000,41,True,True,53.140000,False,RM_CALL,CONTROLLED_SYNTHETIC
SME001920,Synthetic SME 001920,RM020,Mediterranean,Retail Trade,SMALL,SOLE_PROPRIETOR,2019-04-20,88,28479245.380000,16,True,False,32.430000,True,SECURE_MESSAGE,CONTROLLED_SYNTHETIC
SME001921,Synthetic SME 001921,RM008,Marmara,Wholesale Trade,SMALL,SOLE_PROPRIETOR,2020-06-19,74,96735554.020000,41,False,True,77.300000,True,VIDEO_MEETING,CONTROLLED_SYNTHETIC
SME001922,Synthetic SME 001922,RM012,Central Anatolia,Retail Trade,MICRO,LIMITED,2019-08-02,84,6611621.850000,8,False,False,61.440000,True,SECURE_MESSAGE,CONTROLLED_SYNTHETIC
SME001923,Synthetic SME 001923,RM016,Mediterranean,Healthcare,MEDIUM,LIMITED,2017-11-02,105,134271138.640000,153,False,True,74.730000,True,BRANCH,CONTROLLED_SYNTHETIC
SME001924,Synthetic SME 001924,RM036,Marmara,Agriculture,MICRO,LIMITED,2025-03-08,17,9084863.350000,4,False,False,46.670000,True,SECURE_MESSAGE,CONTROLLED_SYNTHETIC
SME001925,Synthetic SME 001925,RM008,Marmara,Professional Services,SMALL,LIMITED,2024-07-10,25,46926413.660000,32,False,False,32.400000,True,RM_CALL,CONTROLLED_SYNTHETIC
SME001926,Synthetic SME 001926,RM019,Aegean,Construction,SMALL,LIMITED,2016-04-21,123,269650412.410000,43,False,False,38.240000,True,SECURE_MESSAGE,CONTROLLED_SYNTHETIC
SME001927,Synthetic SME 001927,RM047,Central Anatolia,Retail Trade,MICRO,LIMITED,2019-01-04,91,6176422.600000,7,False,False,46.600000,True,RM_CALL,CONTROLLED_SYNTHETIC
SME001928,Synthetic SME 001928,RM010,Central Anatolia,Professional Services,MICRO,JOINT_STOCK,2023-06-12,38,10271101.990000,8,False,False,68.330000,True,VIDEO_MEETING,CONTROLLED_SYNTHETIC
SME001929,Synthetic SME 001929,RM026,Black Sea,Hospitality,SMALL,LIMITED,2023-02-12,42,14381122.490000,34,True,True,68.120000,True,RM_CALL,CONTROLLED_SYNTHETIC
SME001930,Synthetic SME 001930,RM036,Marmara,Wholesale Trade,SMALL,LIMITED,2025-02-12,18,17038347.180000,36,False,False,53.620000,True,RM_CALL,CONTROLLED_SYNTHETIC
SME001931,Synthetic SME 001931,RM047,Central Anatolia,Transportation,SMALL,SOLE_PROPRIETOR,2022-03-20,53,29113245.720000,25,False,False,26.020000,True,VIDEO_MEETING,CONTROLLED_SYNTHETIC
SME001932,Synthetic SME 001932,RM029,Marmara,Construction,MEDIUM,LIMITED,2016-11-25,116,31048767.280000,225,False,True,57.190000,True,BRANCH,CONTROLLED_SYNTHETIC
SME001933,Synthetic SME 001933,RM008,Marmara,Wholesale Trade,MICRO,JOINT_STOCK,2024-09-12,23,8827038.900000,5,False,False,53.010000,True,RM_CALL,CONTROLLED_SYNTHETIC
SME001934,Synthetic SME 001934,RM002,Marmara,Manufacturing,MEDIUM,LIMITED,2022-05-01,51,262661645.370000,202,False,True,56.240000,True,RM_CALL,CONTROLLED_SYNTHETIC
SME001935,Synthetic SME 001935,RM047,Central Anatolia,Retail Trade,SMALL,SOLE_PROPRIETOR,2026-01-15,7,27691462.840000,35,False,False,91.460000,True,RM_CALL,CONTROLLED_SYNTHETIC
SME001936,Synthetic SME 001936,RM029,Marmara,Technology,MICRO,LIMITED,2026-01-27,6,13830102.070000,7,False,False,82.350000,True,RM_CALL,CONTROLLED_SYNTHETIC
SME001937,Synthetic SME 001937,RM036,Marmara,Technology,MICRO,LIMITED,2023-02-17,42,8361176.840000,3,True,False,73.650000,True,BRANCH,CONTROLLED_SYNTHETIC
SME001938,Synthetic SME 001938,RM023,Black Sea,Wholesale Trade,MICRO,LIMITED,2019-03-02,89,5903870.710000,9,False,False,73.150000,True,RM_CALL,CONTROLLED_SYNTHETIC
SME001939,Synthetic SME 001939,RM009,Marmara,Professional Services,SMALL,JOINT_STOCK,2022-09-08,47,14574271.080000,32,False,False,75.210000,True,VIDEO_MEETING,CONTROLLED_SYNTHETIC
SME001940,Synthetic SME 001940,RM023,Black Sea,Technology,MICRO,LIMITED,2019-06-08,86,7100150.020000,6,False,False,79.840000,True,RM_CALL,CONTROLLED_SYNTHETIC
SME001941,Synthetic SME 001941,RM019,Aegean,Technology,MICRO,SOLE_PROPRIETOR,2015-09-28,130,23085597.790000,7,False,True,49.430000,True,RM_CALL,CONTROLLED_SYNTHETIC
SME001942,Synthetic SME 001942,RM041,Marmara,Construction,SMALL,LIMITED,2017-01-10,115,45829993.760000,39,False,False,69.330000,True,VIDEO_MEETING,CONTROLLED_SYNTHETIC
SME001943,Synthetic SME 001943,RM027,Eastern,Healthcare,SMALL,SOLE_PROPRIETOR,2021-01-15,67,33721401.290000,48,False,False,63.950000,True,RM_CALL,CONTROLLED_SYNTHETIC
SME001944,Synthetic SME 001944,RM009,Marmara,Technology,MICRO,LIMITED,2019-02-06,90,39304684.580000,6,True,True,92.920000,True,BRANCH,CONTROLLED_SYNTHETIC
SME001945,Synthetic SME 001945,RM036,Marmara,Manufacturing,MICRO,LIMITED,2015-12-31,127,23249394.710000,2,False,False,79.400000,True,RM_CALL,CONTROLLED_SYNTHETIC
SME001946,Synthetic SME 001946,RM002,Marmara,Hospitality,SMALL,LIMITED,2019-09-25,82,39346195.800000,10,False,False,57.060000,True,BRANCH,CONTROLLED_SYNTHETIC
SME001947,Synthetic SME 001947,RM032,Aegean,Professional Services,MICRO,LIMITED,2021-05-24,62,8625831.970000,3,False,False,57.310000,False,RM_CALL,CONTROLLED_SYNTHETIC
SME001948,Synthetic SME 001948,RM029,Marmara,Professional Services,SMALL,LIMITED,2018-06-26,97,60255860.470000,49,True,False,63.560000,True,RM_CALL,CONTROLLED_SYNTHETIC
SME001949,Synthetic SME 001949,RM045,Aegean,Construction,MICRO,LIMITED,2019-09-22,82,8420421.060000,7,True,False,62.400000,True,RM_CALL,CONTROLLED_SYNTHETIC
SME001950,Synthetic SME 001950,RM029,Marmara,Professional Services,MICRO,LIMITED,2022-06-05,50,11928937.900000,8,False,False,41.410000,True,RM_CALL,CONTROLLED_SYNTHETIC
SME001951,Synthetic SME 001951,RM003,Black Sea,Wholesale Trade,MICRO,LIMITED,2022-03-29,52,8704080.840000,3,False,False,64.960000,True,RM_CALL,CONTROLLED_SYNTHETIC
SME001952,Synthetic SME 001952,RM021,Marmara,Hospitality,SMALL,LIMITED,2023-09-22,34,11378636.080000,30,False,False,44.580000,True,RM_CALL,CONTROLLED_SYNTHETIC
SME001953,Synthetic SME 001953,RM048,Eastern,Wholesale Trade,SMALL,LIMITED,2021-02-03,66,37767297.650000,25,False,False,76.910000,True,BRANCH,CONTROLLED_SYNTHETIC
SME001954,Synthetic SME 001954,RM020,Mediterranean,Retail Trade,SMALL,SOLE_PROPRIETOR,2023-05-31,38,34958896.070000,49,False,False,60.890000,True,VIDEO_MEETING,CONTROLLED_SYNTHETIC
SME001955,Synthetic SME 001955,RM021,Marmara,Professional Services,MICRO,LIMITED,2021-08-22,59,6124550.030000,2,False,True,82.790000,True,RM_CALL,CONTROLLED_SYNTHETIC
SME001956,Synthetic SME 001956,RM029,Marmara,Manufacturing,SMALL,LIMITED,2021-09-13,59,14152555.350000,18,False,False,30.030000,True,SECURE_MESSAGE,CONTROLLED_SYNTHETIC
SME001957,Synthetic SME 001957,RM045,Aegean,Manufacturing,MICRO,LIMITED,2015-06-03,134,11315909.790000,3,False,False,72.190000,True,VIDEO_MEETING,CONTROLLED_SYNTHETIC
SME001958,Synthetic SME 001958,RM021,Marmara,Technology,SMALL,LIMITED,2018-05-12,99,56248283.060000,46,False,True,35.410000,True,RM_CALL,CONTROLLED_SYNTHETIC
SME001959,Synthetic SME 001959,RM048,Eastern,Transportation,SMALL,JOINT_STOCK,2024-08-04,24,8773943.890000,36,False,False,32.700000,True,BRANCH,CONTROLLED_SYNTHETIC
SME001960,Synthetic SME 001960,RM041,Marmara,Transportation,MICRO,LIMITED,2015-04-24,135,16260131.410000,8,False,False,40.410000,True,RM_CALL,CONTROLLED_SYNTHETIC
SME001961,Synthetic SME 001961,RM029,Marmara,Manufacturing,MICRO,JOINT_STOCK,2016-09-05,119,6976433.890000,5,False,False,86.320000,True,RM_CALL,CONTROLLED_SYNTHETIC
SME001962,Synthetic SME 001962,RM008,Marmara,Professional Services,MICRO,LIMITED,2020-06-26,73,4842797.510000,5,False,False,63.190000,True,SECURE_MESSAGE,CONTROLLED_SYNTHETIC
SME001963,Synthetic SME 001963,RM008,Marmara,Manufacturing,MICRO,LIMITED,2016-03-12,125,4051274.710000,6,False,False,35.390000,True,VIDEO_MEETING,CONTROLLED_SYNTHETIC
SME001964,Synthetic SME 001964,RM012,Central Anatolia,Hospitality,SMALL,LIMITED,2016-12-31,115,8524541.430000,16,True,False,91.090000,True,RM_CALL,CONTROLLED_SYNTHETIC
SME001965,Synthetic SME 001965,RM026,Black Sea,Construction,MICRO,JOINT_STOCK,2024-08-10,24,19463289.960000,7,False,False,53.130000,True,RM_CALL,CONTROLLED_SYNTHETIC
SME001966,Synthetic SME 001966,RM008,Marmara,Hospitality,MICRO,JOINT_STOCK,2017-07-10,109,7864521.660000,4,False,True,69.150000,True,RM_CALL,CONTROLLED_SYNTHETIC
SME001967,Synthetic SME 001967,RM003,Black Sea,Hospitality,SMALL,JOINT_STOCK,2023-08-15,36,21502173.900000,31,False,False,33.410000,True,RM_CALL,CONTROLLED_SYNTHETIC
SME001968,Synthetic SME 001968,RM014,Eastern,Professional Services,MEDIUM,LIMITED,2015-07-30,132,48451494.100000,74,False,False,52.360000,True,RM_CALL,CONTROLLED_SYNTHETIC
SME001969,Synthetic SME 001969,RM038,Aegean,Agriculture,MEDIUM,JOINT_STOCK,2019-09-30,82,115663071.780000,149,True,True,32.840000,True,BRANCH,CONTROLLED_SYNTHETIC
SME001970,Synthetic SME 001970,RM008,Marmara,Transportation,SMALL,LIMITED,2016-12-20,115,23050200.520000,24,False,False,61.400000,True,RM_CALL,CONTROLLED_SYNTHETIC
SME001971,Synthetic SME 001971,RM010,Central Anatolia,Hospitality,MICRO,LIMITED,2022-12-28,43,12111270.390000,8,True,False,80.240000,True,VIDEO_MEETING,CONTROLLED_SYNTHETIC
SME001972,Synthetic SME 001972,RM033,Mediterranean,Retail Trade,MEDIUM,LIMITED,2022-08-18,48,76106959.870000,110,True,True,52.470000,True,BRANCH,CONTROLLED_SYNTHETIC
SME001973,Synthetic SME 001973,RM008,Marmara,Construction,MICRO,LIMITED,2025-08-08,12,12581280.310000,8,False,False,29.540000,True,SECURE_MESSAGE,CONTROLLED_SYNTHETIC
SME001974,Synthetic SME 001974,RM034,Aegean,Technology,MICRO,JOINT_STOCK,2017-02-21,113,7548540.800000,7,False,False,75.790000,True,BRANCH,CONTROLLED_SYNTHETIC
SME001975,Synthetic SME 001975,RM010,Central Anatolia,Retail Trade,SMALL,JOINT_STOCK,2015-09-18,131,59636112.740000,28,False,False,83.960000,True,RM_CALL,CONTROLLED_SYNTHETIC
SME001976,Synthetic SME 001976,RM034,Aegean,Construction,MICRO,SOLE_PROPRIETOR,2024-09-08,23,6321305.080000,7,True,False,76.120000,True,BRANCH,CONTROLLED_SYNTHETIC
SME001977,Synthetic SME 001977,RM005,Eastern,Agriculture,MICRO,SOLE_PROPRIETOR,2023-04-01,40,5572431.070000,7,False,False,75.020000,True,RM_CALL,CONTROLLED_SYNTHETIC
SME001978,Synthetic SME 001978,RM045,Aegean,Hospitality,SMALL,LIMITED,2018-10-06,94,10775251.890000,34,False,False,87.560000,True,SECURE_MESSAGE,CONTROLLED_SYNTHETIC
SME001979,Synthetic SME 001979,RM008,Marmara,Transportation,MICRO,JOINT_STOCK,2018-02-13,102,21820614.390000,9,False,False,66.970000,True,RM_CALL,CONTROLLED_SYNTHETIC
SME001980,Synthetic SME 001980,RM046,Mediterranean,Healthcare,SMALL,LIMITED,2018-05-10,99,19486437.040000,41,False,True,70.510000,True,SECURE_MESSAGE,CONTROLLED_SYNTHETIC
SME001981,Synthetic SME 001981,RM033,Mediterranean,Transportation,MICRO,LIMITED,2022-06-16,50,8471672.590000,8,False,False,38.280000,True,RM_CALL,CONTROLLED_SYNTHETIC
SME001982,Synthetic SME 001982,RM013,Black Sea,Healthcare,MEDIUM,SOLE_PROPRIETOR,2025-02-20,17,48734604.470000,94,True,True,61.930000,True,VIDEO_MEETING,CONTROLLED_SYNTHETIC
SME001983,Synthetic SME 001983,RM012,Central Anatolia,Transportation,MICRO,LIMITED,2026-04-20,4,15441491.250000,3,False,False,34.990000,True,RM_CALL,CONTROLLED_SYNTHETIC
SME001984,Synthetic SME 001984,RM034,Aegean,Hospitality,SMALL,SOLE_PROPRIETOR,2021-11-06,57,19862099.850000,23,False,False,65.530000,True,SECURE_MESSAGE,CONTROLLED_SYNTHETIC
SME001985,Synthetic SME 001985,RM012,Central Anatolia,Hospitality,MEDIUM,LIMITED,2026-03-29,4,254709451.870000,204,False,True,46.280000,True,VIDEO_MEETING,CONTROLLED_SYNTHETIC
SME001986,Synthetic SME 001986,RM047,Central Anatolia,Technology,MEDIUM,LIMITED,2021-06-11,62,158230717.920000,71,True,False,57.890000,True,VIDEO_MEETING,CONTROLLED_SYNTHETIC
SME001987,Synthetic SME 001987,RM006,Aegean,Manufacturing,SMALL,LIMITED,2022-02-09,54,18063974.740000,42,True,False,53.910000,True,SECURE_MESSAGE,CONTROLLED_SYNTHETIC
SME001988,Synthetic SME 001988,RM021,Marmara,Wholesale Trade,SMALL,LIMITED,2018-09-03,95,31606956.840000,19,True,False,59.510000,True,RM_CALL,CONTROLLED_SYNTHETIC
SME001989,Synthetic SME 001989,RM041,Marmara,Professional Services,MEDIUM,LIMITED,2020-07-22,72,110818216.180000,135,False,True,44.460000,True,SECURE_MESSAGE,CONTROLLED_SYNTHETIC
SME001990,Synthetic SME 001990,RM036,Marmara,Wholesale Trade,SMALL,LIMITED,2024-02-07,30,18894219.430000,24,False,False,85.360000,True,VIDEO_MEETING,CONTROLLED_SYNTHETIC
SME001991,Synthetic SME 001991,RM007,Central Anatolia,Hospitality,SMALL,SOLE_PROPRIETOR,2019-06-23,85,21665001.470000,23,False,False,84.440000,True,VIDEO_MEETING,CONTROLLED_SYNTHETIC
SME001992,Synthetic SME 001992,RM008,Marmara,Wholesale Trade,MICRO,LIMITED,2025-03-21,16,16865826.690000,6,False,True,55.500000,True,RM_CALL,CONTROLLED_SYNTHETIC
SME001993,Synthetic SME 001993,RM034,Aegean,Transportation,SMALL,LIMITED,2016-04-12,124,14269754.540000,21,False,True,55.880000,True,RM_CALL,CONTROLLED_SYNTHETIC
SME001994,Synthetic SME 001994,RM026,Black Sea,Transportation,SMALL,LIMITED,2016-03-22,124,32857329.840000,40,False,False,51.430000,True,BRANCH,CONTROLLED_SYNTHETIC
SME001995,Synthetic SME 001995,RM008,Marmara,Wholesale Trade,MICRO,LIMITED,2025-11-09,9,6072312.120000,2,True,False,50.800000,True,VIDEO_MEETING,CONTROLLED_SYNTHETIC
SME001996,Synthetic SME 001996,RM029,Marmara,Professional Services,MICRO,SOLE_PROPRIETOR,2018-04-08,100,66003087.700000,5,False,False,37.680000,False,BRANCH,CONTROLLED_SYNTHETIC
SME001997,Synthetic SME 001997,RM039,Eastern,Technology,MICRO,LIMITED,2025-10-03,10,3672186.220000,9,False,False,78.070000,True,VIDEO_MEETING,CONTROLLED_SYNTHETIC
SME001998,Synthetic SME 001998,RM018,Mediterranean,Construction,MEDIUM,JOINT_STOCK,2015-09-30,130,144797172.310000,80,False,False,43.940000,True,RM_CALL,CONTROLLED_SYNTHETIC
SME001999,Synthetic SME 001999,RM035,Central Anatolia,Hospitality,SMALL,LIMITED,2018-02-12,102,20883592.230000,49,False,False,72.440000,True,SECURE_MESSAGE,CONTROLLED_SYNTHETIC
SME002000,Synthetic SME 002000,RM010,Central Anatolia,Agriculture,MICRO,LIMITED,2015-12-28,127,5514523.400000,9,False,False,61.020000,True,RM_CALL,CONTROLLED_SYNTHETIC
SME002001,Synthetic SME 002001,RM008,Marmara,Transportation,SMALL,JOINT_STOCK,2024-02-01,30,15863117.490000,39,False,False,63.590000,True,VIDEO_MEETING,CONTROLLED_SYNTHETIC
SME002002,Synthetic SME 002002,RM015,Marmara,Hospitality,MICRO,LIMITED,2019-11-23,80,9603420.420000,9,False,False,70.670000,True,RM_CALL,CONTROLLED_SYNTHETIC
SME002003,Synthetic SME 002003,RM012,Central Anatolia,Wholesale Trade,SMALL,LIMITED,2021-08-05,60,42563632.120000,29,False,False,60.440000,True,VIDEO_MEETING,CONTROLLED_SYNTHETIC
SME002004,Synthetic SME 002004,RM004,Central Anatolia,Construction,SMALL,SOLE_PROPRIETOR,2024-03-27,28,22276536.350000,42,False,False,62.950000,True,SECURE_MESSAGE,CONTROLLED_SYNTHETIC
SME002005,Synthetic SME 002005,RM042,Mediterranean,Retail Trade,MICRO,SOLE_PROPRIETOR,2025-11-09,9,23300263.770000,4,False,False,63.360000,True,RM_CALL,CONTROLLED_SYNTHETIC
SME002006,Synthetic SME 002006,RM045,Aegean,Construction,MICRO,SOLE_PROPRIETOR,2015-11-26,128,25677330.400000,7,True,True,54.460000,True,RM_CALL,CONTROLLED_SYNTHETIC
SME002007,Synthetic SME 002007,RM017,Aegean,Construction,SMALL,LIMITED,2021-06-02,62,85502212.070000,33,False,False,37.430000,True,RM_CALL,CONTROLLED_SYNTHETIC
SME002008,Synthetic SME 002008,RM022,Central Anatolia,Healthcare,MICRO,LIMITED,2022-02-16,54,6517297.990000,6,False,False,20.220000,True,VIDEO_MEETING,CONTROLLED_SYNTHETIC
SME002009,Synthetic SME 002009,RM041,Marmara,Technology,MICRO,SOLE_PROPRIETOR,2015-08-03,132,19015588.610000,9,False,False,40.580000,True,RM_CALL,CONTROLLED_SYNTHETIC
SME002010,Synthetic SME 002010,RM025,Black Sea,Transportation,SMALL,JOINT_STOCK,2020-10-13,70,13463242.420000,40,False,True,9.980000,True,RM_CALL,CONTROLLED_SYNTHETIC
SME002011,Synthetic SME 002011,RM007,Central Anatolia,Technology,MICRO,LIMITED,2020-07-01,73,19420495.200000,3,False,False,62.300000,True,VIDEO_MEETING,CONTROLLED_SYNTHETIC
SME002012,Synthetic SME 002012,RM029,Marmara,Retail Trade,MICRO,LIMITED,2020-06-08,74,25829314.840000,8,False,False,64.250000,True,SECURE_MESSAGE,CONTROLLED_SYNTHETIC
SME002013,Synthetic SME 002013,RM004,Central Anatolia,Manufacturing,SMALL,JOINT_STOCK,2026-04-10,4,19038832.240000,30,False,False,36.170000,True,BRANCH,CONTROLLED_SYNTHETIC
SME002014,Synthetic SME 002014,RM030,Central Anatolia,Hospitality,MICRO,SOLE_PROPRIETOR,2016-12-22,115,13762838.730000,4,False,True,69.310000,True,BRANCH,CONTROLLED_SYNTHETIC
SME002015,Synthetic SME 002015,RM022,Central Anatolia,Retail Trade,MEDIUM,SOLE_PROPRIETOR,2018-09-04,95,88428074.660000,141,False,False,80.330000,True,RM_CALL,CONTROLLED_SYNTHETIC
SME002016,Synthetic SME 002016,RM007,Central Anatolia,Technology,SMALL,JOINT_STOCK,2024-10-21,21,28603751.080000,39,False,False,38.210000,True,RM_CALL,CONTROLLED_SYNTHETIC
SME002017,Synthetic SME 002017,RM006,Aegean,Construction,MICRO,LIMITED,2020-11-26,68,19948830.990000,3,True,False,79.390000,True,RM_CALL,CONTROLLED_SYNTHETIC
SME002018,Synthetic SME 002018,RM002,Marmara,Technology,SMALL,SOLE_PROPRIETOR,2025-09-14,11,87027011.680000,36,False,False,64.640000,True,RM_CALL,CONTROLLED_SYNTHETIC
SME002019,Synthetic SME 002019,RM004,Central Anatolia,Professional Services,SMALL,LIMITED,2022-12-02,44,11574928.400000,20,False,False,12.830000,False,BRANCH,CONTROLLED_SYNTHETIC
SME002020,Synthetic SME 002020,RM023,Black Sea,Hospitality,SMALL,JOINT_STOCK,2024-09-28,22,42221486.790000,21,False,True,34.750000,False,RM_CALL,CONTROLLED_SYNTHETIC
SME002021,Synthetic SME 002021,RM020,Mediterranean,Hospitality,MICRO,LIMITED,2024-01-25,30,35418429.510000,3,False,False,60.620000,True,SECURE_MESSAGE,CONTROLLED_SYNTHETIC
SME002022,Synthetic SME 002022,RM044,Eastern,Technology,SMALL,JOINT_STOCK,2018-03-23,100,43863305.830000,10,False,True,50.280000,True,BRANCH,CONTROLLED_SYNTHETIC
SME002023,Synthetic SME 002023,RM029,Marmara,Retail Trade,SMALL,LIMITED,2020-11-25,68,37430559.840000,20,False,False,77.680000,True,BRANCH,CONTROLLED_SYNTHETIC
SME002024,Synthetic SME 002024,RM002,Marmara,Transportation,MICRO,SOLE_PROPRIETOR,2024-05-03,27,16562703.110000,5,True,False,35.170000,True,SECURE_MESSAGE,CONTROLLED_SYNTHETIC
SME002025,Synthetic SME 002025,RM037,Aegean,Retail Trade,MICRO,JOINT_STOCK,2025-08-03,12,7100085.360000,7,False,False,78.610000,True,VIDEO_MEETING,CONTROLLED_SYNTHETIC
SME002026,Synthetic SME 002026,RM004,Central Anatolia,Professional Services,MEDIUM,SOLE_PROPRIETOR,2025-03-14,17,254474664.080000,160,False,False,35.430000,True,SECURE_MESSAGE,CONTROLLED_SYNTHETIC
SME002027,Synthetic SME 002027,RM026,Black Sea,Hospitality,SMALL,LIMITED,2024-09-19,22,18839193.020000,21,False,False,70.080000,True,SECURE_MESSAGE,CONTROLLED_SYNTHETIC
SME002028,Synthetic SME 002028,RM009,Marmara,Agriculture,MICRO,JOINT_STOCK,2020-11-10,69,7103443.760000,8,False,False,53.860000,False,RM_CALL,CONTROLLED_SYNTHETIC
SME002029,Synthetic SME 002029,RM035,Central Anatolia,Professional Services,MICRO,JOINT_STOCK,2016-06-16,122,16434318.280000,3,False,False,77.270000,False,VIDEO_MEETING,CONTROLLED_SYNTHETIC
SME002030,Synthetic SME 002030,RM015,Marmara,Technology,SMALL,SOLE_PROPRIETOR,2022-01-11,55,18218466.790000,19,False,False,43.370000,True,SECURE_MESSAGE,CONTROLLED_SYNTHETIC
SME002031,Synthetic SME 002031,RM007,Central Anatolia,Technology,MICRO,LIMITED,2021-12-02,56,12269329.910000,3,True,True,63.270000,False,VIDEO_MEETING,CONTROLLED_SYNTHETIC
SME002032,Synthetic SME 002032,RM004,Central Anatolia,Technology,SMALL,LIMITED,2023-12-19,32,36946999.010000,18,False,True,44.030000,True,VIDEO_MEETING,CONTROLLED_SYNTHETIC
SME002033,Synthetic SME 002033,RM004,Central Anatolia,Technology,SMALL,LIMITED,2019-02-18,90,9604071.660000,15,False,False,44.440000,True,RM_CALL,CONTROLLED_SYNTHETIC
SME002034,Synthetic SME 002034,RM017,Aegean,Technology,SMALL,LIMITED,2024-02-13,30,28014934.730000,39,False,False,60.200000,True,RM_CALL,CONTROLLED_SYNTHETIC
SME002035,Synthetic SME 002035,RM010,Central Anatolia,Manufacturing,SMALL,LIMITED,2016-07-02,121,10462727.580000,30,False,False,56.140000,True,VIDEO_MEETING,CONTROLLED_SYNTHETIC
SME002036,Synthetic SME 002036,RM004,Central Anatolia,Hospitality,SMALL,LIMITED,2023-04-01,40,14474550.550000,23,False,False,84.330000,True,VIDEO_MEETING,CONTROLLED_SYNTHETIC
SME002037,Synthetic SME 002037,RM046,Mediterranean,Agriculture,MICRO,LIMITED,2023-01-14,43,15559378.720000,3,False,False,49.960000,True,BRANCH,CONTROLLED_SYNTHETIC
SME002038,Synthetic SME 002038,RM010,Central Anatolia,Healthcare,MICRO,LIMITED,2025-11-10,9,5129472.980000,9,False,False,73.850000,True,RM_CALL,CONTROLLED_SYNTHETIC
SME002039,Synthetic SME 002039,RM022,Central Anatolia,Transportation,SMALL,LIMITED,2022-11-27,44,17910286.240000,15,True,False,49.710000,True,RM_CALL,CONTROLLED_SYNTHETIC
SME002040,Synthetic SME 002040,RM008,Marmara,Construction,MICRO,LIMITED,2023-10-04,34,11300992.410000,8,False,False,40.000000,True,VIDEO_MEETING,CONTROLLED_SYNTHETIC
SME002041,Synthetic SME 002041,RM045,Aegean,Wholesale Trade,MICRO,LIMITED,2021-12-14,56,3004377.530000,9,True,False,58.960000,True,VIDEO_MEETING,CONTROLLED_SYNTHETIC
SME002042,Synthetic SME 002042,RM033,Mediterranean,Professional Services,SMALL,LIMITED,2021-09-08,59,67882430.750000,17,False,False,50.660000,True,BRANCH,CONTROLLED_SYNTHETIC
SME002043,Synthetic SME 002043,RM021,Marmara,Transportation,MEDIUM,SOLE_PROPRIETOR,2024-05-22,26,143475948.260000,172,True,True,87.530000,True,BRANCH,CONTROLLED_SYNTHETIC
SME002044,Synthetic SME 002044,RM028,Eastern,Wholesale Trade,SMALL,LIMITED,2025-09-12,11,16625352.980000,17,False,False,35.350000,True,BRANCH,CONTROLLED_SYNTHETIC
SME002045,Synthetic SME 002045,RM015,Marmara,Technology,SMALL,LIMITED,2019-03-13,89,90572285.430000,27,False,False,82.250000,True,BRANCH,CONTROLLED_SYNTHETIC
SME002046,Synthetic SME 002046,RM030,Central Anatolia,Healthcare,SMALL,SOLE_PROPRIETOR,2023-09-25,34,46554114.600000,13,False,False,52.760000,False,BRANCH,CONTROLLED_SYNTHETIC
SME002047,Synthetic SME 002047,RM043,Mediterranean,Hospitality,MEDIUM,SOLE_PROPRIETOR,2023-06-26,37,144079336.610000,184,True,True,67.620000,True,BRANCH,CONTROLLED_SYNTHETIC
SME002048,Synthetic SME 002048,RM032,Aegean,Healthcare,MEDIUM,JOINT_STOCK,2023-10-01,34,158030494.370000,246,False,False,78.400000,True,RM_CALL,CONTROLLED_SYNTHETIC
SME002049,Synthetic SME 002049,RM035,Central Anatolia,Agriculture,SMALL,LIMITED,2017-05-03,111,35406300.650000,33,True,False,87.230000,True,BRANCH,CONTROLLED_SYNTHETIC
SME002050,Synthetic SME 002050,RM021,Marmara,Wholesale Trade,SMALL,JOINT_STOCK,2022-06-08,50,40351241.850000,23,True,False,80.930000,True,VIDEO_MEETING,CONTROLLED_SYNTHETIC
SME002051,Synthetic SME 002051,RM025,Black Sea,Professional Services,MICRO,SOLE_PROPRIETOR,2020-08-14,72,14342030.880000,6,True,True,73.080000,True,SECURE_MESSAGE,CONTROLLED_SYNTHETIC
SME002052,Synthetic SME 002052,RM021,Marmara,Construction,MICRO,LIMITED,2020-12-25,67,9167837.510000,6,False,True,69.890000,True,BRANCH,CONTROLLED_SYNTHETIC
SME002053,Synthetic SME 002053,RM041,Marmara,Manufacturing,MICRO,LIMITED,2023-08-10,36,9305444.510000,9,False,False,48.090000,True,BRANCH,CONTROLLED_SYNTHETIC
SME002054,Synthetic SME 002054,RM015,Marmara,Transportation,SMALL,LIMITED,2025-06-07,14,17974443.040000,20,False,True,50.450000,True,BRANCH,CONTROLLED_SYNTHETIC
SME002055,Synthetic SME 002055,RM046,Mediterranean,Professional Services,MICRO,LIMITED,2020-06-12,74,10028618.160000,3,False,True,62.230000,True,RM_CALL,CONTROLLED_SYNTHETIC
SME002056,Synthetic SME 002056,RM019,Aegean,Technology,SMALL,JOINT_STOCK,2024-05-30,26,51951006.660000,10,False,False,69.280000,True,RM_CALL,CONTROLLED_SYNTHETIC
SME002057,Synthetic SME 002057,RM044,Eastern,Technology,SMALL,LIMITED,2019-06-26,85,41237034.870000,42,True,True,59.890000,True,RM_CALL,CONTROLLED_SYNTHETIC
SME002058,Synthetic SME 002058,RM022,Central Anatolia,Retail Trade,MICRO,LIMITED,2016-07-06,121,7724336.010000,6,False,False,69.790000,True,BRANCH,CONTROLLED_SYNTHETIC
SME002059,Synthetic SME 002059,RM037,Aegean,Wholesale Trade,MEDIUM,SOLE_PROPRIETOR,2021-11-28,56,272713066.590000,125,False,True,67.770000,False,SECURE_MESSAGE,CONTROLLED_SYNTHETIC
SME002060,Synthetic SME 002060,RM009,Marmara,Retail Trade,SMALL,LIMITED,2025-06-28,13,9452595.020000,28,True,False,32.080000,True,RM_CALL,CONTROLLED_SYNTHETIC
SME002061,Synthetic SME 002061,RM022,Central Anatolia,Agriculture,SMALL,JOINT_STOCK,2021-02-22,65,20011503.790000,42,False,False,61.160000,True,RM_CALL,CONTROLLED_SYNTHETIC
SME002062,Synthetic SME 002062,RM019,Aegean,Professional Services,SMALL,JOINT_STOCK,2025-06-06,14,20833640.620000,44,False,True,78.210000,True,BRANCH,CONTROLLED_SYNTHETIC
SME002063,Synthetic SME 002063,RM009,Marmara,Manufacturing,SMALL,LIMITED,2021-06-30,61,28939153.630000,32,False,False,65.330000,True,RM_CALL,CONTROLLED_SYNTHETIC
SME002064,Synthetic SME 002064,RM039,Eastern,Retail Trade,MICRO,JOINT_STOCK,2018-04-28,99,7382895.560000,5,False,False,80.240000,True,RM_CALL,CONTROLLED_SYNTHETIC
SME002065,Synthetic SME 002065,RM043,Mediterranean,Wholesale Trade,SMALL,LIMITED,2021-01-19,66,50225037.380000,49,False,False,92.130000,True,VIDEO_MEETING,CONTROLLED_SYNTHETIC
SME002066,Synthetic SME 002066,RM032,Aegean,Professional Services,SMALL,LIMITED,2024-11-06,21,18125295.800000,17,False,False,69.430000,True,BRANCH,CONTROLLED_SYNTHETIC
SME002067,Synthetic SME 002067,RM009,Marmara,Transportation,MICRO,LIMITED,2024-10-13,22,12138499.860000,9,False,True,56.540000,False,VIDEO_MEETING,CONTROLLED_SYNTHETIC
SME002068,Synthetic SME 002068,RM029,Marmara,Construction,MICRO,JOINT_STOCK,2025-12-28,7,14983850.400000,8,False,False,70.030000,True,VIDEO_MEETING,CONTROLLED_SYNTHETIC
SME002069,Synthetic SME 002069,RM043,Mediterranean,Retail Trade,SMALL,LIMITED,2023-02-05,42,8438619.530000,47,False,False,79.030000,False,RM_CALL,CONTROLLED_SYNTHETIC
SME002070,Synthetic SME 002070,RM046,Mediterranean,Healthcare,MICRO,LIMITED,2019-03-07,89,7544501.270000,6,False,False,28.000000,True,RM_CALL,CONTROLLED_SYNTHETIC
SME002071,Synthetic SME 002071,RM020,Mediterranean,Technology,MICRO,LIMITED,2016-08-28,119,13918732.810000,5,False,False,86.360000,True,BRANCH,CONTROLLED_SYNTHETIC
SME002072,Synthetic SME 002072,RM015,Marmara,Manufacturing,MEDIUM,LIMITED,2023-04-06,40,92311231.520000,130,False,False,31.950000,True,RM_CALL,CONTROLLED_SYNTHETIC
SME002073,Synthetic SME 002073,RM031,Black Sea,Manufacturing,SMALL,LIMITED,2020-06-06,74,39601807.450000,40,False,False,80.450000,True,RM_CALL,CONTROLLED_SYNTHETIC
SME002074,Synthetic SME 002074,RM002,Marmara,Professional Services,SMALL,SOLE_PROPRIETOR,2016-09-04,119,28941739.090000,21,False,False,58.500000,True,RM_CALL,CONTROLLED_SYNTHETIC
SME002075,Synthetic SME 002075,RM008,Marmara,Hospitality,SMALL,SOLE_PROPRIETOR,2021-07-14,61,32743549.870000,30,False,False,58.050000,True,RM_CALL,CONTROLLED_SYNTHETIC
SME002076,Synthetic SME 002076,RM039,Eastern,Manufacturing,MEDIUM,JOINT_STOCK,2018-07-03,97,24751028.530000,102,False,False,81.310000,True,VIDEO_MEETING,CONTROLLED_SYNTHETIC
SME002077,Synthetic SME 002077,RM036,Marmara,Wholesale Trade,MICRO,SOLE_PROPRIETOR,2021-05-31,62,16985674.540000,4,False,False,94.920000,True,VIDEO_MEETING,CONTROLLED_SYNTHETIC
SME002078,Synthetic SME 002078,RM007,Central Anatolia,Professional Services,MICRO,LIMITED,2016-01-01,127,26036082.970000,3,False,False,88.980000,True,BRANCH,CONTROLLED_SYNTHETIC
SME002079,Synthetic SME 002079,RM015,Marmara,Healthcare,SMALL,LIMITED,2020-06-20,73,19571686.820000,35,True,False,55.020000,True,VIDEO_MEETING,CONTROLLED_SYNTHETIC
SME002080,Synthetic SME 002080,RM040,Black Sea,Professional Services,SMALL,LIMITED,2021-09-09,59,39267570.900000,10,False,False,59.480000,True,BRANCH,CONTROLLED_SYNTHETIC
SME002081,Synthetic SME 002081,RM039,Eastern,Construction,MICRO,LIMITED,2022-12-05,44,24495014.220000,6,True,False,45.170000,True,VIDEO_MEETING,CONTROLLED_SYNTHETIC
SME002082,Synthetic SME 002082,RM021,Marmara,Professional Services,MICRO,JOINT_STOCK,2016-04-04,124,4524462.550000,6,False,False,82.390000,False,VIDEO_MEETING,CONTROLLED_SYNTHETIC
SME002083,Synthetic SME 002083,RM045,Aegean,Wholesale Trade,SMALL,SOLE_PROPRIETOR,2018-12-06,92,25199557.940000,17,False,False,46.750000,True,RM_CALL,CONTROLLED_SYNTHETIC
SME002084,Synthetic SME 002084,RM046,Mediterranean,Manufacturing,MEDIUM,SOLE_PROPRIETOR,2023-07-31,36,11428318.290000,217,False,True,82.740000,True,RM_CALL,CONTROLLED_SYNTHETIC
SME002085,Synthetic SME 002085,RM022,Central Anatolia,Agriculture,SMALL,LIMITED,2020-08-13,72,38009562.460000,46,False,True,38.890000,True,RM_CALL,CONTROLLED_SYNTHETIC
SME002086,Synthetic SME 002086,RM012,Central Anatolia,Construction,MICRO,JOINT_STOCK,2025-12-12,8,11090724.440000,3,False,False,82.730000,True,RM_CALL,CONTROLLED_SYNTHETIC
SME002087,Synthetic SME 002087,RM048,Eastern,Healthcare,SMALL,JOINT_STOCK,2019-01-02,91,48429056.450000,48,False,True,55.020000,True,BRANCH,CONTROLLED_SYNTHETIC
SME002088,Synthetic SME 002088,RM036,Marmara,Retail Trade,MICRO,LIMITED,2019-09-22,82,7235589.180000,5,False,False,57.800000,True,VIDEO_MEETING,CONTROLLED_SYNTHETIC
SME002089,Synthetic SME 002089,RM034,Aegean,Healthcare,MICRO,LIMITED,2015-11-24,128,6199884.620000,6,False,False,86.390000,True,RM_CALL,CONTROLLED_SYNTHETIC
SME002090,Synthetic SME 002090,RM021,Marmara,Professional Services,MEDIUM,JOINT_STOCK,2024-02-21,29,109210201.810000,87,True,True,93.700000,True,BRANCH,CONTROLLED_SYNTHETIC
SME002091,Synthetic SME 002091,RM031,Black Sea,Professional Services,SMALL,SOLE_PROPRIETOR,2021-03-29,64,68585696.800000,30,True,True,29.130000,True,BRANCH,CONTROLLED_SYNTHETIC
SME002092,Synthetic SME 002092,RM043,Mediterranean,Hospitality,MICRO,LIMITED,2023-09-22,34,5609241.770000,3,False,False,93.650000,True,VIDEO_MEETING,CONTROLLED_SYNTHETIC
SME002093,Synthetic SME 002093,RM024,Eastern,Technology,MICRO,SOLE_PROPRIETOR,2016-04-22,123,5164608.830000,7,False,False,76.300000,True,RM_CALL,CONTROLLED_SYNTHETIC
SME002094,Synthetic SME 002094,RM035,Central Anatolia,Professional Services,SMALL,LIMITED,2021-01-22,66,24168849.450000,33,False,False,70.230000,True,VIDEO_MEETING,CONTROLLED_SYNTHETIC
SME002095,Synthetic SME 002095,RM030,Central Anatolia,Professional Services,SMALL,JOINT_STOCK,2015-06-23,133,49589017.130000,21,True,False,86.560000,True,RM_CALL,CONTROLLED_SYNTHETIC
SME002096,Synthetic SME 002096,RM021,Marmara,Hospitality,MICRO,JOINT_STOCK,2023-09-07,35,5446817.150000,9,False,False,88.100000,True,RM_CALL,CONTROLLED_SYNTHETIC
SME002097,Synthetic SME 002097,RM008,Marmara,Manufacturing,MICRO,SOLE_PROPRIETOR,2020-07-07,73,8531192.060000,4,False,False,66.290000,True,VIDEO_MEETING,CONTROLLED_SYNTHETIC
SME002098,Synthetic SME 002098,RM040,Black Sea,Construction,SMALL,LIMITED,2021-03-02,65,28930282.320000,42,False,False,60.530000,True,SECURE_MESSAGE,CONTROLLED_SYNTHETIC
SME002099,Synthetic SME 002099,RM002,Marmara,Professional Services,MICRO,SOLE_PROPRIETOR,2018-08-03,96,12931721.630000,6,False,True,49.300000,True,BRANCH,CONTROLLED_SYNTHETIC
SME002100,Synthetic SME 002100,RM009,Marmara,Hospitality,MICRO,LIMITED,2018-11-07,93,8046865.080000,7,False,False,48.750000,True,RM_CALL,CONTROLLED_SYNTHETIC
SME002101,Synthetic SME 002101,RM041,Marmara,Wholesale Trade,MICRO,JOINT_STOCK,2018-02-05,102,5084342.300000,8,False,False,94.890000,True,BRANCH,CONTROLLED_SYNTHETIC
SME002102,Synthetic SME 002102,RM021,Marmara,Healthcare,SMALL,LIMITED,2018-01-13,103,64537050.530000,17,False,False,71.150000,True,VIDEO_MEETING,CONTROLLED_SYNTHETIC
SME002103,Synthetic SME 002103,RM007,Central Anatolia,Healthcare,SMALL,JOINT_STOCK,2023-01-22,42,19082539.580000,29,True,False,83.540000,True,RM_CALL,CONTROLLED_SYNTHETIC
SME002104,Synthetic SME 002104,RM029,Marmara,Agriculture,SMALL,JOINT_STOCK,2025-07-19,13,24394684.380000,44,False,True,21.530000,True,VIDEO_MEETING,CONTROLLED_SYNTHETIC
SME002105,Synthetic SME 002105,RM036,Marmara,Wholesale Trade,SMALL,JOINT_STOCK,2026-04-05,4,16724695.190000,30,False,False,62.150000,True,SECURE_MESSAGE,CONTROLLED_SYNTHETIC
SME002106,Synthetic SME 002106,RM001,Mediterranean,Healthcare,SMALL,JOINT_STOCK,2021-02-05,66,49938906.530000,11,False,True,64.760000,True,RM_CALL,CONTROLLED_SYNTHETIC
SME002107,Synthetic SME 002107,RM015,Marmara,Wholesale Trade,SMALL,JOINT_STOCK,2021-06-26,61,22833306.290000,19,True,False,89.800000,True,RM_CALL,CONTROLLED_SYNTHETIC
SME002108,Synthetic SME 002108,RM041,Marmara,Hospitality,MICRO,LIMITED,2021-08-23,59,19092104.980000,5,True,False,61.510000,True,VIDEO_MEETING,CONTROLLED_SYNTHETIC
SME002109,Synthetic SME 002109,RM036,Marmara,Professional Services,MEDIUM,LIMITED,2019-08-25,83,66674539.340000,233,False,False,65.570000,True,RM_CALL,CONTROLLED_SYNTHETIC
SME002110,Synthetic SME 002110,RM036,Marmara,Healthcare,SMALL,LIMITED,2019-03-12,89,12665640.500000,43,False,True,72.870000,True,BRANCH,CONTROLLED_SYNTHETIC
SME002111,Synthetic SME 002111,RM019,Aegean,Agriculture,MICRO,LIMITED,2015-05-16,135,9393454.730000,3,False,False,69.100000,True,RM_CALL,CONTROLLED_SYNTHETIC
SME002112,Synthetic SME 002112,RM015,Marmara,Healthcare,SMALL,LIMITED,2017-12-10,104,66920053.630000,29,True,True,30.660000,True,BRANCH,CONTROLLED_SYNTHETIC
SME002113,Synthetic SME 002113,RM015,Marmara,Healthcare,MICRO,JOINT_STOCK,2022-11-04,45,11339436.170000,2,True,False,17.350000,False,RM_CALL,CONTROLLED_SYNTHETIC
SME002114,Synthetic SME 002114,RM021,Marmara,Professional Services,MICRO,LIMITED,2018-09-16,95,11623631.960000,4,False,False,79.900000,True,RM_CALL,CONTROLLED_SYNTHETIC
SME002115,Synthetic SME 002115,RM018,Mediterranean,Manufacturing,SMALL,LIMITED,2025-05-19,15,32636684.790000,47,False,False,63.290000,True,RM_CALL,CONTROLLED_SYNTHETIC
SME002116,Synthetic SME 002116,RM009,Marmara,Technology,MEDIUM,JOINT_STOCK,2020-08-19,72,322806983.360000,160,False,True,80.510000,True,BRANCH,CONTROLLED_SYNTHETIC
SME002117,Synthetic SME 002117,RM015,Marmara,Healthcare,MICRO,JOINT_STOCK,2020-03-27,76,4393201.540000,6,False,False,51.840000,True,RM_CALL,CONTROLLED_SYNTHETIC
SME002118,Synthetic SME 002118,RM010,Central Anatolia,Professional Services,MICRO,LIMITED,2018-01-19,102,12117700.150000,7,False,False,83.390000,True,BRANCH,CONTROLLED_SYNTHETIC
SME002119,Synthetic SME 002119,RM031,Black Sea,Technology,MICRO,LIMITED,2024-06-30,25,25095450.530000,3,False,False,47.120000,True,RM_CALL,CONTROLLED_SYNTHETIC
SME002120,Synthetic SME 002120,RM010,Central Anatolia,Wholesale Trade,MICRO,LIMITED,2022-06-09,50,3912257.110000,5,False,False,59.440000,True,RM_CALL,CONTROLLED_SYNTHETIC
SME002121,Synthetic SME 002121,RM043,Mediterranean,Retail Trade,MICRO,LIMITED,2019-02-17,90,11331550.720000,3,False,False,19.920000,True,VIDEO_MEETING,CONTROLLED_SYNTHETIC
SME002122,Synthetic SME 002122,RM045,Aegean,Transportation,MEDIUM,LIMITED,2015-03-28,136,194998335.560000,218,False,True,61.560000,True,RM_CALL,CONTROLLED_SYNTHETIC
SME002123,Synthetic SME 002123,RM015,Marmara,Agriculture,MICRO,LIMITED,2018-10-14,94,17559499.640000,5,False,False,91.270000,True,SECURE_MESSAGE,CONTROLLED_SYNTHETIC
SME002124,Synthetic SME 002124,RM009,Marmara,Manufacturing,MICRO,JOINT_STOCK,2020-02-01,78,10461566.770000,5,False,True,93.780000,True,RM_CALL,CONTROLLED_SYNTHETIC
SME002125,Synthetic SME 002125,RM032,Aegean,Agriculture,MEDIUM,LIMITED,2025-06-17,14,75143310.720000,137,False,False,28.730000,True,VIDEO_MEETING,CONTROLLED_SYNTHETIC
SME002126,Synthetic SME 002126,RM006,Aegean,Healthcare,SMALL,LIMITED,2020-09-20,70,52503739.140000,10,False,True,7.080000,False,RM_CALL,CONTROLLED_SYNTHETIC
SME002127,Synthetic SME 002127,RM046,Mediterranean,Retail Trade,MEDIUM,LIMITED,2015-12-12,128,171219825.030000,231,False,True,54.780000,True,SECURE_MESSAGE,CONTROLLED_SYNTHETIC
SME002128,Synthetic SME 002128,RM047,Central Anatolia,Wholesale Trade,SMALL,JOINT_STOCK,2024-05-28,26,40664587.810000,33,False,False,78.290000,True,SECURE_MESSAGE,CONTROLLED_SYNTHETIC
SME002129,Synthetic SME 002129,RM015,Marmara,Transportation,MICRO,LIMITED,2016-04-02,124,19996001.600000,9,False,True,58.010000,True,RM_CALL,CONTROLLED_SYNTHETIC
SME002130,Synthetic SME 002130,RM015,Marmara,Technology,MICRO,LIMITED,2022-08-25,47,16374365.050000,5,True,False,97.160000,True,BRANCH,CONTROLLED_SYNTHETIC
SME002131,Synthetic SME 002131,RM045,Aegean,Manufacturing,MICRO,LIMITED,2021-04-07,64,10461908.180000,2,False,False,73.900000,True,SECURE_MESSAGE,CONTROLLED_SYNTHETIC
SME002132,Synthetic SME 002132,RM024,Eastern,Professional Services,SMALL,SOLE_PROPRIETOR,2017-02-08,114,35142252.050000,37,False,False,60.000000,True,RM_CALL,CONTROLLED_SYNTHETIC
SME002133,Synthetic SME 002133,RM035,Central Anatolia,Professional Services,MICRO,LIMITED,2024-08-04,24,9389162.020000,4,False,True,25.040000,True,BRANCH,CONTROLLED_SYNTHETIC
SME002134,Synthetic SME 002134,RM028,Eastern,Construction,MICRO,LIMITED,2022-08-09,48,3876793.560000,2,False,False,96.710000,True,BRANCH,CONTROLLED_SYNTHETIC
SME002135,Synthetic SME 002135,RM033,Mediterranean,Healthcare,MICRO,LIMITED,2016-10-22,117,4788845.980000,5,False,True,77.830000,True,VIDEO_MEETING,CONTROLLED_SYNTHETIC
SME002136,Synthetic SME 002136,RM030,Central Anatolia,Agriculture,MEDIUM,LIMITED,2023-09-18,35,153580241.880000,196,True,False,89.520000,True,VIDEO_MEETING,CONTROLLED_SYNTHETIC
SME002137,Synthetic SME 002137,RM020,Mediterranean,Agriculture,SMALL,LIMITED,2016-05-17,123,23315672.830000,44,True,True,92.690000,True,RM_CALL,CONTROLLED_SYNTHETIC
SME002138,Synthetic SME 002138,RM047,Central Anatolia,Agriculture,MICRO,LIMITED,2021-02-20,65,6013578.640000,7,True,False,16.780000,True,RM_CALL,CONTROLLED_SYNTHETIC
SME002139,Synthetic SME 002139,RM036,Marmara,Construction,MICRO,LIMITED,2021-08-07,60,7954701.760000,9,False,False,72.870000,True,BRANCH,CONTROLLED_SYNTHETIC
SME002140,Synthetic SME 002140,RM047,Central Anatolia,Hospitality,SMALL,LIMITED,2019-07-08,85,10797149.670000,10,False,False,37.290000,True,RM_CALL,CONTROLLED_SYNTHETIC
SME002141,Synthetic SME 002141,RM041,Marmara,Transportation,SMALL,LIMITED,2016-01-14,127,22413837.550000,16,False,False,68.970000,True,VIDEO_MEETING,CONTROLLED_SYNTHETIC
SME002142,Synthetic SME 002142,RM017,Aegean,Hospitality,SMALL,LIMITED,2020-03-20,77,25827075.510000,12,False,False,17.800000,True,RM_CALL,CONTROLLED_SYNTHETIC
SME002143,Synthetic SME 002143,RM046,Mediterranean,Technology,SMALL,JOINT_STOCK,2015-05-03,135,56985669.270000,40,False,False,34.930000,True,SECURE_MESSAGE,CONTROLLED_SYNTHETIC
SME002144,Synthetic SME 002144,RM008,Marmara,Professional Services,MICRO,LIMITED,2024-03-04,29,7173816.790000,4,False,False,51.510000,True,BRANCH,CONTROLLED_SYNTHETIC
SME002145,Synthetic SME 002145,RM009,Marmara,Retail Trade,SMALL,LIMITED,2017-05-13,111,29037584.870000,40,False,False,78.780000,True,RM_CALL,CONTROLLED_SYNTHETIC
SME002146,Synthetic SME 002146,RM021,Marmara,Professional Services,MICRO,LIMITED,2026-03-22,4,8162981.540000,3,True,False,43.560000,True,RM_CALL,CONTROLLED_SYNTHETIC
SME002147,Synthetic SME 002147,RM015,Marmara,Transportation,MICRO,LIMITED,2019-11-01,81,5185919.680000,7,True,True,79.720000,True,SECURE_MESSAGE,CONTROLLED_SYNTHETIC
SME002148,Synthetic SME 002148,RM021,Marmara,Wholesale Trade,SMALL,LIMITED,2024-07-29,24,29836479.760000,31,False,False,66.490000,True,RM_CALL,CONTROLLED_SYNTHETIC
SME002149,Synthetic SME 002149,RM022,Central Anatolia,Hospitality,SMALL,LIMITED,2022-12-20,43,18451484.500000,10,False,False,47.600000,True,VIDEO_MEETING,CONTROLLED_SYNTHETIC
SME002150,Synthetic SME 002150,RM008,Marmara,Construction,MICRO,JOINT_STOCK,2023-03-01,41,3321570.850000,7,True,True,24.510000,True,RM_CALL,CONTROLLED_SYNTHETIC
SME002151,Synthetic SME 002151,RM042,Mediterranean,Manufacturing,MICRO,LIMITED,2015-05-24,134,7415277.220000,2,False,False,61.510000,True,RM_CALL,CONTROLLED_SYNTHETIC
SME002152,Synthetic SME 002152,RM032,Aegean,Manufacturing,SMALL,LIMITED,2021-05-30,62,15244943.590000,48,True,False,73.670000,True,SECURE_MESSAGE,CONTROLLED_SYNTHETIC
SME002153,Synthetic SME 002153,RM009,Marmara,Manufacturing,MEDIUM,JOINT_STOCK,2025-10-25,9,28039569.210000,71,False,False,17.150000,True,BRANCH,CONTROLLED_SYNTHETIC
SME002154,Synthetic SME 002154,RM025,Black Sea,Transportation,MICRO,LIMITED,2020-08-16,72,5770123.660000,9,False,False,41.150000,True,RM_CALL,CONTROLLED_SYNTHETIC
SME002155,Synthetic SME 002155,RM023,Black Sea,Agriculture,MEDIUM,SOLE_PROPRIETOR,2022-02-21,53,84780032.070000,76,True,False,93.560000,True,RM_CALL,CONTROLLED_SYNTHETIC
SME002156,Synthetic SME 002156,RM009,Marmara,Professional Services,SMALL,JOINT_STOCK,2024-09-17,23,19412554.450000,36,True,False,48.200000,False,VIDEO_MEETING,CONTROLLED_SYNTHETIC
SME002157,Synthetic SME 002157,RM017,Aegean,Healthcare,MICRO,LIMITED,2026-03-25,4,19054170.030000,6,False,False,25.200000,True,BRANCH,CONTROLLED_SYNTHETIC
SME002158,Synthetic SME 002158,RM008,Marmara,Wholesale Trade,MICRO,LIMITED,2020-10-19,70,10516042.200000,9,True,False,70.220000,True,RM_CALL,CONTROLLED_SYNTHETIC
SME002159,Synthetic SME 002159,RM041,Marmara,Transportation,SMALL,JOINT_STOCK,2016-12-24,115,11573440.830000,17,False,False,45.400000,True,RM_CALL,CONTROLLED_SYNTHETIC
SME002160,Synthetic SME 002160,RM011,Black Sea,Wholesale Trade,MICRO,LIMITED,2025-07-17,13,24703316.060000,8,True,False,47.310000,True,VIDEO_MEETING,CONTROLLED_SYNTHETIC
SME002161,Synthetic SME 002161,RM014,Eastern,Agriculture,SMALL,JOINT_STOCK,2018-05-26,98,23441767.470000,42,False,True,68.000000,True,RM_CALL,CONTROLLED_SYNTHETIC
SME002162,Synthetic SME 002162,RM002,Marmara,Retail Trade,MEDIUM,LIMITED,2024-01-01,31,106185575.240000,200,False,True,39.510000,True,BRANCH,CONTROLLED_SYNTHETIC
SME002163,Synthetic SME 002163,RM009,Marmara,Wholesale Trade,MICRO,LIMITED,2021-05-18,63,10796478.500000,4,False,False,82.190000,True,VIDEO_MEETING,CONTROLLED_SYNTHETIC
SME002164,Synthetic SME 002164,RM032,Aegean,Agriculture,SMALL,SOLE_PROPRIETOR,2020-05-07,75,30135488.640000,49,False,False,63.930000,True,VIDEO_MEETING,CONTROLLED_SYNTHETIC
SME002165,Synthetic SME 002165,RM009,Marmara,Retail Trade,SMALL,SOLE_PROPRIETOR,2017-02-25,113,21063802.500000,17,False,False,66.300000,True,BRANCH,CONTROLLED_SYNTHETIC
SME002166,Synthetic SME 002166,RM017,Aegean,Wholesale Trade,MICRO,LIMITED,2018-01-10,103,1000000.000000,4,False,False,31.010000,True,VIDEO_MEETING,CONTROLLED_SYNTHETIC
SME002167,Synthetic SME 002167,RM001,Mediterranean,Professional Services,SMALL,LIMITED,2025-10-08,10,10773580.520000,37,False,True,85.380000,True,RM_CALL,CONTROLLED_SYNTHETIC
SME002168,Synthetic SME 002168,RM044,Eastern,Retail Trade,MICRO,SOLE_PROPRIETOR,2026-03-11,5,19109885.000000,5,True,False,34.960000,True,BRANCH,CONTROLLED_SYNTHETIC
SME002169,Synthetic SME 002169,RM043,Mediterranean,Retail Trade,SMALL,LIMITED,2019-11-13,81,14237126.100000,10,False,False,44.970000,False,VIDEO_MEETING,CONTROLLED_SYNTHETIC
SME002170,Synthetic SME 002170,RM035,Central Anatolia,Technology,MICRO,JOINT_STOCK,2018-01-05,103,8797334.630000,2,False,True,53.680000,True,VIDEO_MEETING,CONTROLLED_SYNTHETIC
SME002171,Synthetic SME 002171,RM036,Marmara,Professional Services,MICRO,LIMITED,2019-12-15,80,10898410.150000,5,False,True,45.080000,True,SECURE_MESSAGE,CONTROLLED_SYNTHETIC
SME002172,Synthetic SME 002172,RM002,Marmara,Technology,MEDIUM,LIMITED,2025-03-12,17,79648014.320000,249,False,False,51.850000,True,VIDEO_MEETING,CONTROLLED_SYNTHETIC
SME002173,Synthetic SME 002173,RM039,Eastern,Healthcare,MICRO,JOINT_STOCK,2023-04-27,39,5706235.030000,6,False,False,84.790000,True,BRANCH,CONTROLLED_SYNTHETIC
SME002174,Synthetic SME 002174,RM048,Eastern,Transportation,MICRO,LIMITED,2019-07-06,85,6420500.130000,9,True,False,95.250000,True,SECURE_MESSAGE,CONTROLLED_SYNTHETIC
SME002175,Synthetic SME 002175,RM030,Central Anatolia,Wholesale Trade,SMALL,LIMITED,2021-10-02,58,22401553.390000,11,False,False,30.420000,True,RM_CALL,CONTROLLED_SYNTHETIC
SME002176,Synthetic SME 002176,RM042,Mediterranean,Transportation,SMALL,JOINT_STOCK,2016-06-22,121,65967373.910000,46,False,False,54.810000,True,BRANCH,CONTROLLED_SYNTHETIC
SME002177,Synthetic SME 002177,RM025,Black Sea,Professional Services,SMALL,JOINT_STOCK,2021-08-03,60,23127088.170000,31,True,False,45.930000,True,VIDEO_MEETING,CONTROLLED_SYNTHETIC
SME002178,Synthetic SME 002178,RM040,Black Sea,Manufacturing,MICRO,LIMITED,2021-12-26,55,15346029.950000,5,False,False,58.920000,True,BRANCH,CONTROLLED_SYNTHETIC
SME002179,Synthetic SME 002179,RM012,Central Anatolia,Construction,SMALL,JOINT_STOCK,2016-03-25,124,40966054.640000,36,True,False,68.710000,True,RM_CALL,CONTROLLED_SYNTHETIC
SME002180,Synthetic SME 002180,RM022,Central Anatolia,Hospitality,SMALL,LIMITED,2015-09-28,130,35221872.390000,26,False,False,73.050000,True,VIDEO_MEETING,CONTROLLED_SYNTHETIC
SME002181,Synthetic SME 002181,RM010,Central Anatolia,Manufacturing,MEDIUM,LIMITED,2025-12-27,7,162013138.280000,122,False,True,70.670000,True,RM_CALL,CONTROLLED_SYNTHETIC
SME002182,Synthetic SME 002182,RM018,Mediterranean,Construction,MICRO,JOINT_STOCK,2025-12-08,8,10246390.320000,5,False,False,58.350000,True,RM_CALL,CONTROLLED_SYNTHETIC
SME002183,Synthetic SME 002183,RM017,Aegean,Manufacturing,SMALL,LIMITED,2024-02-19,29,27301671.090000,22,False,False,71.710000,True,RM_CALL,CONTROLLED_SYNTHETIC
SME002184,Synthetic SME 002184,RM017,Aegean,Agriculture,MICRO,LIMITED,2024-01-23,30,5672077.410000,7,False,False,50.430000,True,SECURE_MESSAGE,CONTROLLED_SYNTHETIC
SME002185,Synthetic SME 002185,RM018,Mediterranean,Agriculture,SMALL,JOINT_STOCK,2017-10-23,105,27952737.100000,36,False,False,78.840000,True,VIDEO_MEETING,CONTROLLED_SYNTHETIC
SME002186,Synthetic SME 002186,RM015,Marmara,Manufacturing,MICRO,JOINT_STOCK,2023-02-07,42,23475353.400000,8,False,False,50.910000,True,RM_CALL,CONTROLLED_SYNTHETIC
SME002187,Synthetic SME 002187,RM020,Mediterranean,Technology,MICRO,LIMITED,2019-03-21,89,4733699.140000,8,False,True,64.040000,True,BRANCH,CONTROLLED_SYNTHETIC
SME002188,Synthetic SME 002188,RM041,Marmara,Technology,MICRO,LIMITED,2017-07-18,109,8539858.460000,4,False,False,80.040000,True,BRANCH,CONTROLLED_SYNTHETIC
SME002189,Synthetic SME 002189,RM011,Black Sea,Retail Trade,SMALL,LIMITED,2021-07-31,60,16666186.130000,49,True,False,41.000000,True,RM_CALL,CONTROLLED_SYNTHETIC
SME002190,Synthetic SME 002190,RM040,Black Sea,Wholesale Trade,MICRO,JOINT_STOCK,2018-09-29,94,8944525.310000,6,False,False,58.930000,True,SECURE_MESSAGE,CONTROLLED_SYNTHETIC
SME002191,Synthetic SME 002191,RM035,Central Anatolia,Transportation,MICRO,JOINT_STOCK,2022-01-04,55,16397362.390000,4,False,False,58.870000,True,BRANCH,CONTROLLED_SYNTHETIC
SME002192,Synthetic SME 002192,RM044,Eastern,Professional Services,MICRO,SOLE_PROPRIETOR,2018-03-27,100,4111596.800000,7,False,False,30.910000,True,RM_CALL,CONTROLLED_SYNTHETIC
SME002193,Synthetic SME 002193,RM013,Black Sea,Construction,MICRO,JOINT_STOCK,2016-01-20,126,28359282.020000,5,False,False,39.490000,True,RM_CALL,CONTROLLED_SYNTHETIC
SME002194,Synthetic SME 002194,RM002,Marmara,Construction,MICRO,LIMITED,2020-11-26,68,7086125.280000,2,False,False,57.240000,True,BRANCH,CONTROLLED_SYNTHETIC
SME002195,Synthetic SME 002195,RM035,Central Anatolia,Technology,MICRO,SOLE_PROPRIETOR,2021-04-21,63,11100684.660000,2,False,True,63.590000,True,VIDEO_MEETING,CONTROLLED_SYNTHETIC
SME002196,Synthetic SME 002196,RM009,Marmara,Professional Services,MICRO,LIMITED,2025-06-16,14,18488152.950000,4,False,False,62.430000,True,RM_CALL,CONTROLLED_SYNTHETIC
SME002197,Synthetic SME 002197,RM008,Marmara,Professional Services,SMALL,LIMITED,2022-11-16,45,43701793.780000,17,True,False,72.790000,True,RM_CALL,CONTROLLED_SYNTHETIC
SME002198,Synthetic SME 002198,RM006,Aegean,Agriculture,MICRO,LIMITED,2022-06-28,49,4472739.720000,5,True,False,21.880000,True,VIDEO_MEETING,CONTROLLED_SYNTHETIC
SME002199,Synthetic SME 002199,RM023,Black Sea,Healthcare,MICRO,JOINT_STOCK,2015-12-16,128,29332339.090000,2,False,False,85.300000,True,SECURE_MESSAGE,CONTROLLED_SYNTHETIC
SME002200,Synthetic SME 002200,RM025,Black Sea,Hospitality,MICRO,LIMITED,2020-06-05,74,2575369.660000,4,False,False,78.610000,True,RM_CALL,CONTROLLED_SYNTHETIC
SME002201,Synthetic SME 002201,RM002,Marmara,Hospitality,SMALL,LIMITED,2022-03-26,52,67997139.010000,36,False,False,59.860000,True,RM_CALL,CONTROLLED_SYNTHETIC
SME002202,Synthetic SME 002202,RM021,Marmara,Healthcare,SMALL,SOLE_PROPRIETOR,2016-03-12,125,19430038.810000,18,False,False,69.590000,True,SECURE_MESSAGE,CONTROLLED_SYNTHETIC
SME002203,Synthetic SME 002203,RM009,Marmara,Healthcare,SMALL,LIMITED,2020-07-28,72,30167644.030000,29,False,True,37.190000,True,RM_CALL,CONTROLLED_SYNTHETIC
SME002204,Synthetic SME 002204,RM026,Black Sea,Transportation,SMALL,SOLE_PROPRIETOR,2022-05-19,51,74710860.850000,29,False,False,49.170000,False,VIDEO_MEETING,CONTROLLED_SYNTHETIC
SME002205,Synthetic SME 002205,RM032,Aegean,Professional Services,MEDIUM,LIMITED,2021-02-18,66,449817742.420000,222,False,False,40.880000,True,RM_CALL,CONTROLLED_SYNTHETIC
SME002206,Synthetic SME 002206,RM040,Black Sea,Professional Services,MICRO,SOLE_PROPRIETOR,2023-07-20,37,13598063.460000,3,False,False,88.080000,True,RM_CALL,CONTROLLED_SYNTHETIC
SME002207,Synthetic SME 002207,RM025,Black Sea,Retail Trade,MICRO,LIMITED,2017-04-23,111,17594525.650000,8,False,False,88.890000,True,RM_CALL,CONTROLLED_SYNTHETIC
SME002208,Synthetic SME 002208,RM001,Mediterranean,Technology,MICRO,SOLE_PROPRIETOR,2020-11-30,68,11064469.830000,9,False,False,87.200000,True,RM_CALL,CONTROLLED_SYNTHETIC
SME002209,Synthetic SME 002209,RM036,Marmara,Hospitality,MEDIUM,JOINT_STOCK,2022-07-04,49,169475731.010000,52,True,True,57.660000,True,SECURE_MESSAGE,CONTROLLED_SYNTHETIC
SME002210,Synthetic SME 002210,RM012,Central Anatolia,Hospitality,MICRO,LIMITED,2020-07-18,73,6496141.030000,9,False,True,25.170000,True,BRANCH,CONTROLLED_SYNTHETIC
SME002211,Synthetic SME 002211,RM029,Marmara,Transportation,MICRO,LIMITED,2024-06-08,26,4347447.220000,6,False,True,89.120000,True,VIDEO_MEETING,CONTROLLED_SYNTHETIC
SME002212,Synthetic SME 002212,RM002,Marmara,Hospitality,MICRO,LIMITED,2018-02-23,101,11248382.090000,6,False,False,92.610000,True,SECURE_MESSAGE,CONTROLLED_SYNTHETIC
SME002213,Synthetic SME 002213,RM021,Marmara,Agriculture,SMALL,LIMITED,2024-11-13,21,14305000.140000,34,False,False,47.880000,True,SECURE_MESSAGE,CONTROLLED_SYNTHETIC
SME002214,Synthetic SME 002214,RM018,Mediterranean,Transportation,MICRO,LIMITED,2018-08-01,96,4358349.090000,3,True,True,36.950000,True,RM_CALL,CONTROLLED_SYNTHETIC
SME002215,Synthetic SME 002215,RM034,Aegean,Healthcare,MEDIUM,LIMITED,2021-08-22,59,104743977.550000,188,True,True,80.500000,True,RM_CALL,CONTROLLED_SYNTHETIC
SME002216,Synthetic SME 002216,RM009,Marmara,Wholesale Trade,MICRO,JOINT_STOCK,2017-01-03,115,22778863.690000,4,False,True,66.790000,True,BRANCH,CONTROLLED_SYNTHETIC
SME002217,Synthetic SME 002217,RM041,Marmara,Construction,SMALL,JOINT_STOCK,2025-04-12,16,22606209.420000,17,False,False,54.330000,True,SECURE_MESSAGE,CONTROLLED_SYNTHETIC
SME002218,Synthetic SME 002218,RM002,Marmara,Healthcare,MICRO,LIMITED,2025-06-30,13,19090819.920000,2,False,False,44.910000,True,RM_CALL,CONTROLLED_SYNTHETIC
SME002219,Synthetic SME 002219,RM036,Marmara,Manufacturing,SMALL,SOLE_PROPRIETOR,2018-02-19,101,46841390.860000,30,True,False,72.470000,True,SECURE_MESSAGE,CONTROLLED_SYNTHETIC
SME002220,Synthetic SME 002220,RM022,Central Anatolia,Retail Trade,MICRO,LIMITED,2018-11-28,92,2995805.430000,8,False,False,82.170000,True,BRANCH,CONTROLLED_SYNTHETIC
SME002221,Synthetic SME 002221,RM037,Aegean,Retail Trade,MEDIUM,LIMITED,2022-09-16,47,68588071.390000,211,False,False,76.570000,True,BRANCH,CONTROLLED_SYNTHETIC
SME002222,Synthetic SME 002222,RM036,Marmara,Manufacturing,MEDIUM,LIMITED,2024-11-17,21,190656921.050000,61,True,True,57.980000,True,VIDEO_MEETING,CONTROLLED_SYNTHETIC
SME002223,Synthetic SME 002223,RM012,Central Anatolia,Manufacturing,MICRO,JOINT_STOCK,2020-06-22,73,18899799.040000,3,False,False,90.290000,True,RM_CALL,CONTROLLED_SYNTHETIC
SME002224,Synthetic SME 002224,RM038,Aegean,Professional Services,MICRO,LIMITED,2024-07-29,24,15791356.490000,5,False,False,73.750000,True,VIDEO_MEETING,CONTROLLED_SYNTHETIC
SME002225,Synthetic SME 002225,RM019,Aegean,Technology,MEDIUM,JOINT_STOCK,2019-04-30,87,71183178.770000,199,False,False,60.730000,True,RM_CALL,CONTROLLED_SYNTHETIC
SME002226,Synthetic SME 002226,RM047,Central Anatolia,Agriculture,MEDIUM,LIMITED,2024-12-02,20,95321321.480000,100,True,False,33.150000,True,BRANCH,CONTROLLED_SYNTHETIC
SME002227,Synthetic SME 002227,RM006,Aegean,Wholesale Trade,MEDIUM,LIMITED,2017-11-14,105,159875034.860000,71,False,False,61.880000,True,BRANCH,CONTROLLED_SYNTHETIC
SME002228,Synthetic SME 002228,RM025,Black Sea,Hospitality,MICRO,SOLE_PROPRIETOR,2018-05-19,99,26116578.060000,5,False,False,59.570000,True,BRANCH,CONTROLLED_SYNTHETIC
SME002229,Synthetic SME 002229,RM033,Mediterranean,Manufacturing,SMALL,JOINT_STOCK,2023-04-22,39,47294040.770000,41,True,False,66.700000,True,VIDEO_MEETING,CONTROLLED_SYNTHETIC
SME002230,Synthetic SME 002230,RM045,Aegean,Technology,SMALL,JOINT_STOCK,2024-08-10,24,17847346.680000,37,False,False,52.960000,True,RM_CALL,CONTROLLED_SYNTHETIC
SME002231,Synthetic SME 002231,RM041,Marmara,Transportation,SMALL,SOLE_PROPRIETOR,2022-05-07,51,17317159.340000,39,False,True,57.550000,True,RM_CALL,CONTROLLED_SYNTHETIC
SME002232,Synthetic SME 002232,RM019,Aegean,Retail Trade,SMALL,LIMITED,2022-02-21,53,22791142.520000,30,True,False,81.900000,True,RM_CALL,CONTROLLED_SYNTHETIC
SME002233,Synthetic SME 002233,RM041,Marmara,Professional Services,MICRO,LIMITED,2016-07-29,120,5972380.850000,6,False,False,80.020000,True,SECURE_MESSAGE,CONTROLLED_SYNTHETIC
SME002234,Synthetic SME 002234,RM011,Black Sea,Hospitality,MICRO,LIMITED,2018-07-18,97,9503508.040000,3,False,False,50.690000,True,BRANCH,CONTROLLED_SYNTHETIC
SME002235,Synthetic SME 002235,RM036,Marmara,Healthcare,SMALL,JOINT_STOCK,2020-01-24,78,33318490.180000,24,False,False,58.080000,True,RM_CALL,CONTROLLED_SYNTHETIC
SME002236,Synthetic SME 002236,RM020,Mediterranean,Healthcare,MEDIUM,LIMITED,2015-06-09,134,96346133.090000,116,True,True,62.520000,True,BRANCH,CONTROLLED_SYNTHETIC
SME002237,Synthetic SME 002237,RM038,Aegean,Manufacturing,MICRO,LIMITED,2021-09-06,59,22391481.440000,4,False,False,70.190000,True,RM_CALL,CONTROLLED_SYNTHETIC
SME002238,Synthetic SME 002238,RM020,Mediterranean,Professional Services,MICRO,SOLE_PROPRIETOR,2016-10-02,118,45589074.410000,9,False,True,96.860000,True,BRANCH,CONTROLLED_SYNTHETIC
SME002239,Synthetic SME 002239,RM040,Black Sea,Technology,MICRO,LIMITED,2022-10-16,46,2223650.960000,4,False,True,60.730000,True,RM_CALL,CONTROLLED_SYNTHETIC
SME002240,Synthetic SME 002240,RM031,Black Sea,Transportation,MEDIUM,LIMITED,2020-07-13,73,138994688.010000,242,True,False,83.040000,True,BRANCH,CONTROLLED_SYNTHETIC
SME002241,Synthetic SME 002241,RM038,Aegean,Technology,SMALL,SOLE_PROPRIETOR,2021-04-17,64,30647964.640000,43,False,False,82.650000,True,BRANCH,CONTROLLED_SYNTHETIC
SME002242,Synthetic SME 002242,RM018,Mediterranean,Healthcare,MICRO,SOLE_PROPRIETOR,2019-03-08,89,1821702.660000,6,False,False,48.790000,True,RM_CALL,CONTROLLED_SYNTHETIC
SME002243,Synthetic SME 002243,RM033,Mediterranean,Agriculture,MICRO,LIMITED,2021-01-28,66,6189763.140000,7,True,False,29.440000,True,RM_CALL,CONTROLLED_SYNTHETIC
SME002244,Synthetic SME 002244,RM021,Marmara,Construction,MICRO,LIMITED,2016-11-21,116,5681739.480000,4,False,False,36.440000,True,VIDEO_MEETING,CONTROLLED_SYNTHETIC
SME002245,Synthetic SME 002245,RM030,Central Anatolia,Healthcare,MEDIUM,LIMITED,2018-10-19,94,106871073.950000,192,True,True,61.280000,True,BRANCH,CONTROLLED_SYNTHETIC
SME002246,Synthetic SME 002246,RM041,Marmara,Construction,SMALL,LIMITED,2019-11-14,81,20285369.730000,19,False,False,16.600000,True,RM_CALL,CONTROLLED_SYNTHETIC
SME002247,Synthetic SME 002247,RM021,Marmara,Retail Trade,MICRO,LIMITED,2022-02-02,54,10682340.320000,6,False,True,54.020000,True,RM_CALL,CONTROLLED_SYNTHETIC
SME002248,Synthetic SME 002248,RM015,Marmara,Transportation,MICRO,JOINT_STOCK,2016-12-21,115,11474942.200000,8,True,False,89.200000,True,BRANCH,CONTROLLED_SYNTHETIC
SME002249,Synthetic SME 002249,RM046,Mediterranean,Construction,MICRO,SOLE_PROPRIETOR,2017-11-04,105,7948997.290000,3,False,False,80.420000,True,RM_CALL,CONTROLLED_SYNTHETIC
SME002250,Synthetic SME 002250,RM002,Marmara,Agriculture,MEDIUM,LIMITED,2025-04-27,15,119655782.830000,241,True,True,57.850000,True,RM_CALL,CONTROLLED_SYNTHETIC
SME002251,Synthetic SME 002251,RM007,Central Anatolia,Technology,MICRO,LIMITED,2018-11-02,93,3160365.370000,9,True,True,47.330000,True,BRANCH,CONTROLLED_SYNTHETIC
SME002252,Synthetic SME 002252,RM021,Marmara,Wholesale Trade,SMALL,LIMITED,2016-01-02,127,14778050.890000,46,False,False,48.710000,True,VIDEO_MEETING,CONTROLLED_SYNTHETIC
SME002253,Synthetic SME 002253,RM047,Central Anatolia,Healthcare,SMALL,SOLE_PROPRIETOR,2019-12-07,80,50637754.840000,28,False,True,49.220000,True,BRANCH,CONTROLLED_SYNTHETIC
SME002254,Synthetic SME 002254,RM017,Aegean,Agriculture,MICRO,JOINT_STOCK,2017-04-06,112,4819572.270000,6,False,False,39.130000,True,SECURE_MESSAGE,CONTROLLED_SYNTHETIC
SME002255,Synthetic SME 002255,RM032,Aegean,Retail Trade,SMALL,LIMITED,2022-03-12,53,40986942.310000,43,True,False,47.240000,True,VIDEO_MEETING,CONTROLLED_SYNTHETIC
SME002256,Synthetic SME 002256,RM047,Central Anatolia,Hospitality,MEDIUM,JOINT_STOCK,2023-04-18,40,42409721.340000,123,False,False,75.800000,True,SECURE_MESSAGE,CONTROLLED_SYNTHETIC
SME002257,Synthetic SME 002257,RM004,Central Anatolia,Healthcare,MICRO,LIMITED,2018-09-12,95,10632819.860000,6,False,False,79.350000,False,RM_CALL,CONTROLLED_SYNTHETIC
SME002258,Synthetic SME 002258,RM025,Black Sea,Professional Services,SMALL,LIMITED,2023-09-29,34,15939936.560000,18,True,False,32.270000,True,BRANCH,CONTROLLED_SYNTHETIC
SME002259,Synthetic SME 002259,RM008,Marmara,Transportation,SMALL,LIMITED,2019-12-13,80,11488438.190000,26,False,False,73.460000,True,RM_CALL,CONTROLLED_SYNTHETIC
SME002260,Synthetic SME 002260,RM019,Aegean,Wholesale Trade,MEDIUM,JOINT_STOCK,2017-05-22,110,143533157.010000,57,False,False,85.590000,True,RM_CALL,CONTROLLED_SYNTHETIC
SME002261,Synthetic SME 002261,RM041,Marmara,Technology,MICRO,LIMITED,2021-01-26,66,6767094.250000,2,True,True,87.860000,True,RM_CALL,CONTROLLED_SYNTHETIC
SME002262,Synthetic SME 002262,RM031,Black Sea,Retail Trade,SMALL,LIMITED,2022-08-04,48,51668224.900000,24,False,False,77.440000,True,RM_CALL,CONTROLLED_SYNTHETIC
SME002263,Synthetic SME 002263,RM002,Marmara,Hospitality,MICRO,LIMITED,2015-08-20,132,18245345.120000,7,False,False,64.360000,True,RM_CALL,CONTROLLED_SYNTHETIC
SME002264,Synthetic SME 002264,RM015,Marmara,Hospitality,MEDIUM,LIMITED,2021-06-30,61,87253369.360000,135,True,False,15.750000,True,VIDEO_MEETING,CONTROLLED_SYNTHETIC
SME002265,Synthetic SME 002265,RM036,Marmara,Hospitality,MEDIUM,SOLE_PROPRIETOR,2023-08-21,35,106849091.760000,109,True,True,47.840000,True,SECURE_MESSAGE,CONTROLLED_SYNTHETIC
SME002266,Synthetic SME 002266,RM024,Eastern,Technology,MICRO,LIMITED,2015-05-27,134,4989930.360000,2,False,False,88.450000,True,RM_CALL,CONTROLLED_SYNTHETIC
SME002267,Synthetic SME 002267,RM012,Central Anatolia,Technology,SMALL,SOLE_PROPRIETOR,2023-03-27,40,56769768.080000,19,True,False,67.740000,True,BRANCH,CONTROLLED_SYNTHETIC
SME002268,Synthetic SME 002268,RM005,Eastern,Agriculture,MICRO,LIMITED,2022-03-11,53,12226207.240000,5,False,False,54.300000,True,RM_CALL,CONTROLLED_SYNTHETIC
SME002269,Synthetic SME 002269,RM008,Marmara,Agriculture,MICRO,LIMITED,2024-08-27,23,10533503.800000,9,False,False,29.620000,False,BRANCH,CONTROLLED_SYNTHETIC
SME002270,Synthetic SME 002270,RM020,Mediterranean,Construction,SMALL,LIMITED,2019-11-01,81,44503810.240000,18,False,False,18.650000,True,RM_CALL,CONTROLLED_SYNTHETIC
SME002271,Synthetic SME 002271,RM026,Black Sea,Construction,MICRO,SOLE_PROPRIETOR,2015-11-02,129,10795643.970000,9,False,False,46.320000,True,RM_CALL,CONTROLLED_SYNTHETIC
SME002272,Synthetic SME 002272,RM031,Black Sea,Hospitality,SMALL,SOLE_PROPRIETOR,2019-06-23,85,56793901.570000,49,True,False,50.590000,True,SECURE_MESSAGE,CONTROLLED_SYNTHETIC
SME002273,Synthetic SME 002273,RM043,Mediterranean,Professional Services,SMALL,JOINT_STOCK,2020-01-15,79,116833555.450000,15,False,False,63.400000,False,BRANCH,CONTROLLED_SYNTHETIC
SME002274,Synthetic SME 002274,RM037,Aegean,Manufacturing,SMALL,LIMITED,2019-02-12,90,94808945.670000,24,False,False,22.170000,True,RM_CALL,CONTROLLED_SYNTHETIC
SME002275,Synthetic SME 002275,RM017,Aegean,Retail Trade,MICRO,LIMITED,2016-11-10,117,2398451.210000,7,False,False,34.770000,True,SECURE_MESSAGE,CONTROLLED_SYNTHETIC
SME002276,Synthetic SME 002276,RM030,Central Anatolia,Professional Services,MICRO,LIMITED,2022-09-13,47,4318630.420000,8,False,False,87.240000,True,VIDEO_MEETING,CONTROLLED_SYNTHETIC
SME002277,Synthetic SME 002277,RM022,Central Anatolia,Agriculture,MICRO,LIMITED,2022-06-11,50,3549459.890000,2,True,False,46.210000,True,BRANCH,CONTROLLED_SYNTHETIC
SME002278,Synthetic SME 002278,RM022,Central Anatolia,Technology,MEDIUM,LIMITED,2021-12-07,56,84855827.240000,199,False,False,32.490000,True,SECURE_MESSAGE,CONTROLLED_SYNTHETIC
SME002279,Synthetic SME 002279,RM008,Marmara,Manufacturing,SMALL,LIMITED,2021-05-12,63,27357368.620000,33,False,False,81.750000,False,RM_CALL,CONTROLLED_SYNTHETIC
SME002280,Synthetic SME 002280,RM012,Central Anatolia,Transportation,MICRO,SOLE_PROPRIETOR,2021-01-12,67,2065539.280000,7,False,False,83.160000,True,RM_CALL,CONTROLLED_SYNTHETIC
SME002281,Synthetic SME 002281,RM041,Marmara,Technology,MICRO,LIMITED,2021-02-22,65,16390261.580000,5,False,False,77.850000,True,BRANCH,CONTROLLED_SYNTHETIC
SME002282,Synthetic SME 002282,RM022,Central Anatolia,Agriculture,SMALL,SOLE_PROPRIETOR,2024-02-20,29,138149191.790000,42,False,False,78.260000,True,BRANCH,CONTROLLED_SYNTHETIC
SME002283,Synthetic SME 002283,RM042,Mediterranean,Manufacturing,MEDIUM,LIMITED,2017-07-25,108,99302900.940000,181,True,True,37.470000,False,RM_CALL,CONTROLLED_SYNTHETIC
SME002284,Synthetic SME 002284,RM032,Aegean,Construction,SMALL,LIMITED,2026-04-08,4,30241640.280000,10,False,False,80.300000,True,SECURE_MESSAGE,CONTROLLED_SYNTHETIC
SME002285,Synthetic SME 002285,RM009,Marmara,Manufacturing,MICRO,LIMITED,2023-01-06,43,43829771.130000,2,False,False,90.880000,True,RM_CALL,CONTROLLED_SYNTHETIC
SME002286,Synthetic SME 002286,RM001,Mediterranean,Hospitality,MICRO,LIMITED,2022-07-02,49,2590097.490000,6,False,False,87.960000,False,RM_CALL,CONTROLLED_SYNTHETIC
SME002287,Synthetic SME 002287,RM003,Black Sea,Construction,SMALL,LIMITED,2018-01-12,103,64016018.170000,46,False,False,66.890000,True,SECURE_MESSAGE,CONTROLLED_SYNTHETIC
SME002288,Synthetic SME 002288,RM008,Marmara,Agriculture,MICRO,SOLE_PROPRIETOR,2017-10-09,106,13491344.950000,2,False,False,69.200000,True,BRANCH,CONTROLLED_SYNTHETIC
SME002289,Synthetic SME 002289,RM002,Marmara,Construction,SMALL,JOINT_STOCK,2015-05-23,134,15672587.620000,19,False,False,24.250000,True,SECURE_MESSAGE,CONTROLLED_SYNTHETIC
SME002290,Synthetic SME 002290,RM009,Marmara,Healthcare,SMALL,JOINT_STOCK,2021-02-12,66,14904629.200000,34,True,False,84.090000,True,BRANCH,CONTROLLED_SYNTHETIC
SME002291,Synthetic SME 002291,RM008,Marmara,Agriculture,SMALL,JOINT_STOCK,2022-09-13,47,52713219.930000,26,False,False,42.960000,True,RM_CALL,CONTROLLED_SYNTHETIC
SME002292,Synthetic SME 002292,RM022,Central Anatolia,Transportation,SMALL,SOLE_PROPRIETOR,2018-05-13,99,11961774.260000,26,True,False,40.370000,True,RM_CALL,CONTROLLED_SYNTHETIC
SME002293,Synthetic SME 002293,RM029,Marmara,Retail Trade,SMALL,LIMITED,2017-07-06,109,91140144.000000,42,False,False,76.040000,True,RM_CALL,CONTROLLED_SYNTHETIC
SME002294,Synthetic SME 002294,RM032,Aegean,Professional Services,MICRO,SOLE_PROPRIETOR,2021-09-26,58,3518856.440000,8,False,False,52.000000,True,RM_CALL,CONTROLLED_SYNTHETIC
SME002295,Synthetic SME 002295,RM039,Eastern,Hospitality,MICRO,LIMITED,2023-11-01,33,11620141.230000,4,False,False,46.120000,True,SECURE_MESSAGE,CONTROLLED_SYNTHETIC
SME002296,Synthetic SME 002296,RM008,Marmara,Retail Trade,MICRO,LIMITED,2018-09-02,95,7611487.190000,2,True,False,63.520000,True,VIDEO_MEETING,CONTROLLED_SYNTHETIC
SME002297,Synthetic SME 002297,RM009,Marmara,Hospitality,MICRO,JOINT_STOCK,2018-11-04,93,3224759.500000,4,False,False,41.070000,True,SECURE_MESSAGE,CONTROLLED_SYNTHETIC
SME002298,Synthetic SME 002298,RM008,Marmara,Construction,SMALL,JOINT_STOCK,2021-07-06,61,14277936.550000,11,True,False,75.120000,True,BRANCH,CONTROLLED_SYNTHETIC
SME002299,Synthetic SME 002299,RM007,Central Anatolia,Healthcare,SMALL,LIMITED,2024-04-07,28,11870356.630000,18,True,True,37.120000,True,RM_CALL,CONTROLLED_SYNTHETIC
SME002300,Synthetic SME 002300,RM034,Aegean,Transportation,MEDIUM,SOLE_PROPRIETOR,2020-05-04,75,62438068.870000,98,False,True,53.460000,True,BRANCH,CONTROLLED_SYNTHETIC
SME002301,Synthetic SME 002301,RM008,Marmara,Professional Services,SMALL,LIMITED,2020-01-21,78,15427251.800000,45,False,False,57.830000,True,BRANCH,CONTROLLED_SYNTHETIC
SME002302,Synthetic SME 002302,RM031,Black Sea,Manufacturing,MICRO,LIMITED,2024-05-09,27,10313504.120000,7,False,False,61.400000,True,RM_CALL,CONTROLLED_SYNTHETIC
SME002303,Synthetic SME 002303,RM010,Central Anatolia,Technology,SMALL,JOINT_STOCK,2025-08-02,12,30302975.780000,33,False,False,72.960000,True,BRANCH,CONTROLLED_SYNTHETIC
SME002304,Synthetic SME 002304,RM041,Marmara,Hospitality,MICRO,JOINT_STOCK,2018-01-23,102,15988606.060000,9,False,False,85.360000,True,VIDEO_MEETING,CONTROLLED_SYNTHETIC
SME002305,Synthetic SME 002305,RM030,Central Anatolia,Retail Trade,MICRO,SOLE_PROPRIETOR,2023-12-11,32,9562961.650000,8,False,False,72.650000,True,RM_CALL,CONTROLLED_SYNTHETIC
SME002306,Synthetic SME 002306,RM010,Central Anatolia,Transportation,MICRO,LIMITED,2018-05-07,99,22982271.020000,3,True,True,48.250000,True,SECURE_MESSAGE,CONTROLLED_SYNTHETIC
SME002307,Synthetic SME 002307,RM041,Marmara,Professional Services,MICRO,LIMITED,2021-12-11,56,7463691.200000,9,True,False,94.440000,True,RM_CALL,CONTROLLED_SYNTHETIC
SME002308,Synthetic SME 002308,RM026,Black Sea,Agriculture,MEDIUM,SOLE_PROPRIETOR,2018-06-28,97,100144868.990000,92,True,True,66.500000,True,RM_CALL,CONTROLLED_SYNTHETIC
SME002309,Synthetic SME 002309,RM045,Aegean,Technology,SMALL,SOLE_PROPRIETOR,2021-03-11,65,74800256.510000,16,False,False,67.280000,True,VIDEO_MEETING,CONTROLLED_SYNTHETIC
SME002310,Synthetic SME 002310,RM015,Marmara,Hospitality,MICRO,LIMITED,2021-06-08,62,6166451.460000,4,False,False,33.780000,True,VIDEO_MEETING,CONTROLLED_SYNTHETIC
SME002311,Synthetic SME 002311,RM006,Aegean,Transportation,MEDIUM,LIMITED,2020-10-02,70,63162970.170000,150,False,False,67.890000,True,VIDEO_MEETING,CONTROLLED_SYNTHETIC
SME002312,Synthetic SME 002312,RM002,Marmara,Manufacturing,MICRO,LIMITED,2022-01-08,55,9290009.320000,4,False,False,41.290000,True,RM_CALL,CONTROLLED_SYNTHETIC
SME002313,Synthetic SME 002313,RM018,Mediterranean,Manufacturing,MICRO,LIMITED,2021-03-26,64,6421061.810000,6,False,False,74.650000,True,BRANCH,CONTROLLED_SYNTHETIC
SME002314,Synthetic SME 002314,RM022,Central Anatolia,Healthcare,MICRO,LIMITED,2018-03-17,101,11380418.980000,8,False,True,44.850000,True,VIDEO_MEETING,CONTROLLED_SYNTHETIC
SME002315,Synthetic SME 002315,RM001,Mediterranean,Hospitality,SMALL,LIMITED,2017-12-25,103,51050688.430000,47,True,False,83.130000,False,RM_CALL,CONTROLLED_SYNTHETIC
SME002316,Synthetic SME 002316,RM008,Marmara,Construction,SMALL,LIMITED,2016-07-31,120,27675498.880000,44,False,False,73.990000,True,VIDEO_MEETING,CONTROLLED_SYNTHETIC
SME002317,Synthetic SME 002317,RM041,Marmara,Transportation,SMALL,SOLE_PROPRIETOR,2023-07-13,37,84166660.990000,11,False,False,32.430000,True,BRANCH,CONTROLLED_SYNTHETIC
SME002318,Synthetic SME 002318,RM015,Marmara,Transportation,MICRO,LIMITED,2020-04-30,75,4217425.450000,5,False,False,72.010000,True,SECURE_MESSAGE,CONTROLLED_SYNTHETIC
SME002319,Synthetic SME 002319,RM020,Mediterranean,Manufacturing,SMALL,SOLE_PROPRIETOR,2023-11-24,32,34271230.540000,43,False,False,49.280000,True,BRANCH,CONTROLLED_SYNTHETIC
SME002320,Synthetic SME 002320,RM001,Mediterranean,Transportation,MICRO,LIMITED,2019-05-05,87,3650544.510000,3,False,False,98.610000,True,RM_CALL,CONTROLLED_SYNTHETIC
SME002321,Synthetic SME 002321,RM008,Marmara,Wholesale Trade,MEDIUM,LIMITED,2019-01-01,91,58049989.830000,236,True,False,41.760000,True,VIDEO_MEETING,CONTROLLED_SYNTHETIC
SME002322,Synthetic SME 002322,RM015,Marmara,Construction,MEDIUM,JOINT_STOCK,2018-10-25,93,77647100.680000,219,False,True,26.340000,True,RM_CALL,CONTROLLED_SYNTHETIC
SME002323,Synthetic SME 002323,RM023,Black Sea,Hospitality,MICRO,LIMITED,2026-04-10,4,12667123.870000,5,False,True,51.040000,True,BRANCH,CONTROLLED_SYNTHETIC
SME002324,Synthetic SME 002324,RM009,Marmara,Wholesale Trade,SMALL,SOLE_PROPRIETOR,2015-09-04,131,8833049.520000,40,False,True,80.970000,True,BRANCH,CONTROLLED_SYNTHETIC
SME002325,Synthetic SME 002325,RM003,Black Sea,Hospitality,MICRO,LIMITED,2019-01-17,91,9097843.640000,6,True,True,67.290000,True,RM_CALL,CONTROLLED_SYNTHETIC
SME002326,Synthetic SME 002326,RM011,Black Sea,Agriculture,MICRO,LIMITED,2017-06-01,110,9570322.690000,6,True,True,55.390000,True,RM_CALL,CONTROLLED_SYNTHETIC
SME002327,Synthetic SME 002327,RM044,Eastern,Construction,MEDIUM,JOINT_STOCK,2020-08-21,71,112666010.630000,207,True,False,75.520000,True,VIDEO_MEETING,CONTROLLED_SYNTHETIC
SME002328,Synthetic SME 002328,RM023,Black Sea,Manufacturing,SMALL,JOINT_STOCK,2021-09-01,59,45115733.560000,33,False,False,93.910000,True,VIDEO_MEETING,CONTROLLED_SYNTHETIC
SME002329,Synthetic SME 002329,RM046,Mediterranean,Manufacturing,SMALL,LIMITED,2022-02-11,54,16225677.060000,19,True,False,51.470000,True,SECURE_MESSAGE,CONTROLLED_SYNTHETIC
SME002330,Synthetic SME 002330,RM042,Mediterranean,Transportation,MEDIUM,LIMITED,2023-03-09,41,249096415.100000,111,False,False,49.120000,True,VIDEO_MEETING,CONTROLLED_SYNTHETIC
SME002331,Synthetic SME 002331,RM012,Central Anatolia,Retail Trade,MICRO,LIMITED,2024-11-13,21,5214918.630000,9,False,False,74.670000,True,BRANCH,CONTROLLED_SYNTHETIC
SME002332,Synthetic SME 002332,RM021,Marmara,Construction,SMALL,SOLE_PROPRIETOR,2021-04-22,63,33300582.170000,40,False,True,68.750000,True,VIDEO_MEETING,CONTROLLED_SYNTHETIC
SME002333,Synthetic SME 002333,RM002,Marmara,Construction,SMALL,LIMITED,2015-04-13,136,17317513.830000,29,False,False,62.020000,True,RM_CALL,CONTROLLED_SYNTHETIC
SME002334,Synthetic SME 002334,RM016,Mediterranean,Retail Trade,MICRO,LIMITED,2025-09-07,11,15200928.870000,3,False,False,42.010000,True,BRANCH,CONTROLLED_SYNTHETIC
SME002335,Synthetic SME 002335,RM015,Marmara,Professional Services,MICRO,SOLE_PROPRIETOR,2020-04-05,76,16966756.510000,3,False,False,75.830000,True,BRANCH,CONTROLLED_SYNTHETIC
SME002336,Synthetic SME 002336,RM020,Mediterranean,Construction,MICRO,SOLE_PROPRIETOR,2024-03-05,29,24196099.620000,2,False,False,94.530000,True,VIDEO_MEETING,CONTROLLED_SYNTHETIC
SME002337,Synthetic SME 002337,RM004,Central Anatolia,Technology,SMALL,JOINT_STOCK,2023-12-18,32,18728469.350000,29,False,False,36.200000,True,RM_CALL,CONTROLLED_SYNTHETIC
SME002338,Synthetic SME 002338,RM015,Marmara,Construction,SMALL,JOINT_STOCK,2021-06-10,62,19132274.890000,10,False,False,91.210000,True,RM_CALL,CONTROLLED_SYNTHETIC
SME002339,Synthetic SME 002339,RM015,Marmara,Wholesale Trade,MICRO,LIMITED,2019-06-12,86,2489713.760000,9,False,False,41.590000,True,VIDEO_MEETING,CONTROLLED_SYNTHETIC
SME002340,Synthetic SME 002340,RM017,Aegean,Technology,SMALL,SOLE_PROPRIETOR,2019-06-22,85,16423401.190000,48,False,False,61.090000,False,VIDEO_MEETING,CONTROLLED_SYNTHETIC
SME002341,Synthetic SME 002341,RM036,Marmara,Professional Services,MEDIUM,SOLE_PROPRIETOR,2017-11-19,105,73805989.080000,111,False,False,53.420000,True,RM_CALL,CONTROLLED_SYNTHETIC
SME002342,Synthetic SME 002342,RM007,Central Anatolia,Healthcare,MICRO,LIMITED,2016-04-22,123,14664542.810000,6,False,False,56.250000,True,RM_CALL,CONTROLLED_SYNTHETIC
SME002343,Synthetic SME 002343,RM043,Mediterranean,Wholesale Trade,MEDIUM,LIMITED,2019-06-11,86,67783707.040000,234,True,False,68.780000,True,RM_CALL,CONTROLLED_SYNTHETIC
SME002344,Synthetic SME 002344,RM021,Marmara,Hospitality,MICRO,LIMITED,2021-02-24,65,7900768.720000,8,True,True,91.630000,True,RM_CALL,CONTROLLED_SYNTHETIC
SME002345,Synthetic SME 002345,RM009,Marmara,Healthcare,SMALL,LIMITED,2020-07-15,73,95589175.330000,21,True,False,80.850000,True,RM_CALL,CONTROLLED_SYNTHETIC
SME002346,Synthetic SME 002346,RM027,Eastern,Wholesale Trade,MICRO,JOINT_STOCK,2022-12-08,44,3396986.520000,3,False,True,81.100000,True,BRANCH,CONTROLLED_SYNTHETIC
SME002347,Synthetic SME 002347,RM033,Mediterranean,Wholesale Trade,MEDIUM,SOLE_PROPRIETOR,2023-04-12,40,35788991.810000,68,True,False,64.720000,True,RM_CALL,CONTROLLED_SYNTHETIC
SME002348,Synthetic SME 002348,RM044,Eastern,Hospitality,MEDIUM,LIMITED,2017-08-17,108,178543681.610000,242,True,False,76.540000,True,BRANCH,CONTROLLED_SYNTHETIC
SME002349,Synthetic SME 002349,RM007,Central Anatolia,Transportation,SMALL,JOINT_STOCK,2016-08-20,119,64697894.350000,26,False,False,71.860000,True,RM_CALL,CONTROLLED_SYNTHETIC
SME002350,Synthetic SME 002350,RM021,Marmara,Technology,SMALL,LIMITED,2019-01-12,91,19454597.060000,21,True,False,49.890000,True,RM_CALL,CONTROLLED_SYNTHETIC
SME002351,Synthetic SME 002351,RM008,Marmara,Manufacturing,MICRO,LIMITED,2016-04-30,123,3009749.030000,7,True,True,79.510000,True,BRANCH,CONTROLLED_SYNTHETIC
SME002352,Synthetic SME 002352,RM035,Central Anatolia,Agriculture,MEDIUM,LIMITED,2015-07-02,133,105252299.520000,135,False,False,42.790000,True,BRANCH,CONTROLLED_SYNTHETIC
SME002353,Synthetic SME 002353,RM002,Marmara,Hospitality,SMALL,LIMITED,2020-06-21,73,22566494.510000,34,False,True,96.830000,True,BRANCH,CONTROLLED_SYNTHETIC
SME002354,Synthetic SME 002354,RM042,Mediterranean,Hospitality,MEDIUM,LIMITED,2025-11-16,9,64697611.250000,143,True,False,28.690000,True,RM_CALL,CONTROLLED_SYNTHETIC
SME002355,Synthetic SME 002355,RM036,Marmara,Retail Trade,MEDIUM,LIMITED,2023-10-29,33,89337878.280000,154,True,True,84.580000,True,RM_CALL,CONTROLLED_SYNTHETIC
SME002356,Synthetic SME 002356,RM028,Eastern,Healthcare,MICRO,LIMITED,2023-01-19,43,19637348.950000,3,True,True,68.070000,True,VIDEO_MEETING,CONTROLLED_SYNTHETIC
SME002357,Synthetic SME 002357,RM018,Mediterranean,Hospitality,MICRO,LIMITED,2017-12-26,103,7679952.110000,8,False,False,54.390000,True,VIDEO_MEETING,CONTROLLED_SYNTHETIC
SME002358,Synthetic SME 002358,RM031,Black Sea,Construction,SMALL,LIMITED,2022-08-24,47,86655392.960000,14,False,False,61.450000,True,RM_CALL,CONTROLLED_SYNTHETIC
SME002359,Synthetic SME 002359,RM023,Black Sea,Healthcare,MEDIUM,LIMITED,2024-01-28,30,92735950.060000,67,False,True,43.380000,False,RM_CALL,CONTROLLED_SYNTHETIC
SME002360,Synthetic SME 002360,RM041,Marmara,Transportation,SMALL,JOINT_STOCK,2024-03-08,29,17269526.110000,13,True,True,32.960000,True,SECURE_MESSAGE,CONTROLLED_SYNTHETIC
SME002361,Synthetic SME 002361,RM045,Aegean,Healthcare,MICRO,SOLE_PROPRIETOR,2024-09-26,22,5353388.810000,8,False,False,45.580000,True,VIDEO_MEETING,CONTROLLED_SYNTHETIC
SME002362,Synthetic SME 002362,RM041,Marmara,Wholesale Trade,MEDIUM,LIMITED,2015-06-29,133,83844422.460000,228,False,False,18.670000,True,RM_CALL,CONTROLLED_SYNTHETIC
SME002363,Synthetic SME 002363,RM047,Central Anatolia,Technology,MICRO,LIMITED,2016-12-06,116,6256698.770000,9,True,False,70.050000,True,BRANCH,CONTROLLED_SYNTHETIC
SME002364,Synthetic SME 002364,RM017,Aegean,Retail Trade,MEDIUM,LIMITED,2022-10-26,45,176552390.640000,169,True,False,89.080000,True,BRANCH,CONTROLLED_SYNTHETIC
SME002365,Synthetic SME 002365,RM015,Marmara,Wholesale Trade,MEDIUM,JOINT_STOCK,2025-11-07,9,43737500.970000,179,True,True,61.550000,True,BRANCH,CONTROLLED_SYNTHETIC
SME002366,Synthetic SME 002366,RM007,Central Anatolia,Wholesale Trade,MICRO,LIMITED,2022-05-19,51,21017137.210000,3,False,False,52.450000,True,SECURE_MESSAGE,CONTROLLED_SYNTHETIC
SME002367,Synthetic SME 002367,RM021,Marmara,Construction,MICRO,JOINT_STOCK,2017-08-08,108,38707389.220000,7,False,False,43.740000,True,RM_CALL,CONTROLLED_SYNTHETIC
SME002368,Synthetic SME 002368,RM018,Mediterranean,Construction,MICRO,LIMITED,2024-11-27,20,19953772.560000,2,False,False,39.570000,True,SECURE_MESSAGE,CONTROLLED_SYNTHETIC
SME002369,Synthetic SME 002369,RM036,Marmara,Manufacturing,MEDIUM,LIMITED,2021-01-01,67,303648137.500000,94,True,False,25.370000,True,RM_CALL,CONTROLLED_SYNTHETIC
SME002370,Synthetic SME 002370,RM012,Central Anatolia,Retail Trade,MICRO,LIMITED,2022-04-15,52,27157080.160000,5,False,False,58.710000,True,SECURE_MESSAGE,CONTROLLED_SYNTHETIC
SME002371,Synthetic SME 002371,RM031,Black Sea,Agriculture,MICRO,LIMITED,2025-07-18,13,5733204.360000,7,False,False,81.640000,True,RM_CALL,CONTROLLED_SYNTHETIC
SME002372,Synthetic SME 002372,RM015,Marmara,Professional Services,MICRO,SOLE_PROPRIETOR,2021-12-17,56,6020535.470000,2,False,False,23.200000,True,SECURE_MESSAGE,CONTROLLED_SYNTHETIC
SME002373,Synthetic SME 002373,RM010,Central Anatolia,Wholesale Trade,MICRO,LIMITED,2025-01-04,19,11411310.680000,5,False,True,38.280000,True,RM_CALL,CONTROLLED_SYNTHETIC
SME002374,Synthetic SME 002374,RM004,Central Anatolia,Manufacturing,MEDIUM,JOINT_STOCK,2017-01-20,114,359139194.520000,223,False,True,90.610000,True,VIDEO_MEETING,CONTROLLED_SYNTHETIC
SME002375,Synthetic SME 002375,RM008,Marmara,Professional Services,MEDIUM,SOLE_PROPRIETOR,2018-03-19,101,17656499.700000,236,True,True,73.670000,True,RM_CALL,CONTROLLED_SYNTHETIC
SME002376,Synthetic SME 002376,RM017,Aegean,Transportation,MICRO,LIMITED,2022-06-25,49,6490191.800000,2,False,False,72.000000,True,SECURE_MESSAGE,CONTROLLED_SYNTHETIC
SME002377,Synthetic SME 002377,RM034,Aegean,Technology,SMALL,JOINT_STOCK,2016-05-23,122,34936340.810000,36,False,False,74.110000,True,RM_CALL,CONTROLLED_SYNTHETIC
SME002378,Synthetic SME 002378,RM017,Aegean,Manufacturing,MICRO,LIMITED,2020-09-03,71,4064082.230000,8,False,True,59.410000,True,RM_CALL,CONTROLLED_SYNTHETIC
SME002379,Synthetic SME 002379,RM009,Marmara,Transportation,SMALL,LIMITED,2016-12-19,116,49252594.620000,49,False,False,28.260000,True,RM_CALL,CONTROLLED_SYNTHETIC
SME002380,Synthetic SME 002380,RM029,Marmara,Retail Trade,MICRO,LIMITED,2018-11-13,93,14612743.140000,6,True,False,51.440000,True,RM_CALL,CONTROLLED_SYNTHETIC
SME002381,Synthetic SME 002381,RM031,Black Sea,Wholesale Trade,SMALL,JOINT_STOCK,2022-03-17,53,10229906.280000,41,False,False,83.360000,True,RM_CALL,CONTROLLED_SYNTHETIC
SME002382,Synthetic SME 002382,RM033,Mediterranean,Professional Services,MICRO,LIMITED,2024-11-27,20,10847178.240000,7,False,False,60.160000,True,SECURE_MESSAGE,CONTROLLED_SYNTHETIC
SME002383,Synthetic SME 002383,RM038,Aegean,Retail Trade,MICRO,LIMITED,2023-03-12,41,9565031.090000,6,False,False,98.850000,True,SECURE_MESSAGE,CONTROLLED_SYNTHETIC
SME002384,Synthetic SME 002384,RM039,Eastern,Healthcare,SMALL,JOINT_STOCK,2021-12-27,55,92390283.520000,38,False,True,45.200000,True,VIDEO_MEETING,CONTROLLED_SYNTHETIC
SME002385,Synthetic SME 002385,RM001,Mediterranean,Retail Trade,MICRO,JOINT_STOCK,2025-07-18,13,17632139.140000,6,False,False,74.900000,True,RM_CALL,CONTROLLED_SYNTHETIC
SME002386,Synthetic SME 002386,RM042,Mediterranean,Retail Trade,SMALL,JOINT_STOCK,2025-04-26,15,20474518.790000,49,True,False,23.450000,True,BRANCH,CONTROLLED_SYNTHETIC
SME002387,Synthetic SME 002387,RM010,Central Anatolia,Wholesale Trade,MICRO,SOLE_PROPRIETOR,2016-02-17,126,6031059.070000,5,False,False,75.340000,True,VIDEO_MEETING,CONTROLLED_SYNTHETIC
SME002388,Synthetic SME 002388,RM042,Mediterranean,Agriculture,MICRO,LIMITED,2020-06-16,74,17123719.030000,4,False,False,57.360000,True,VIDEO_MEETING,CONTROLLED_SYNTHETIC
SME002389,Synthetic SME 002389,RM009,Marmara,Retail Trade,MICRO,LIMITED,2018-02-23,101,16906197.930000,5,False,True,64.730000,True,VIDEO_MEETING,CONTROLLED_SYNTHETIC
SME002390,Synthetic SME 002390,RM019,Aegean,Retail Trade,MICRO,SOLE_PROPRIETOR,2017-02-19,113,8296958.340000,4,False,False,84.830000,True,BRANCH,CONTROLLED_SYNTHETIC
SME002391,Synthetic SME 002391,RM031,Black Sea,Transportation,SMALL,LIMITED,2016-03-23,124,36279258.900000,40,False,False,75.270000,True,BRANCH,CONTROLLED_SYNTHETIC
SME002392,Synthetic SME 002392,RM002,Marmara,Construction,MICRO,SOLE_PROPRIETOR,2025-02-28,17,13540687.490000,7,False,True,47.670000,True,RM_CALL,CONTROLLED_SYNTHETIC
SME002393,Synthetic SME 002393,RM037,Aegean,Agriculture,MICRO,LIMITED,2015-06-05,134,20870302.710000,5,True,False,81.150000,True,VIDEO_MEETING,CONTROLLED_SYNTHETIC
SME002394,Synthetic SME 002394,RM030,Central Anatolia,Manufacturing,MICRO,SOLE_PROPRIETOR,2022-05-01,51,3400813.130000,3,False,False,46.460000,True,RM_CALL,CONTROLLED_SYNTHETIC
SME002395,Synthetic SME 002395,RM019,Aegean,Healthcare,MICRO,LIMITED,2024-03-19,29,5842645.910000,3,True,False,54.790000,True,RM_CALL,CONTROLLED_SYNTHETIC
SME002396,Synthetic SME 002396,RM038,Aegean,Wholesale Trade,SMALL,LIMITED,2023-11-08,33,27760557.510000,36,False,False,69.660000,True,VIDEO_MEETING,CONTROLLED_SYNTHETIC
SME002397,Synthetic SME 002397,RM046,Mediterranean,Manufacturing,SMALL,LIMITED,2025-09-18,11,22943981.040000,16,False,True,18.060000,True,RM_CALL,CONTROLLED_SYNTHETIC
SME002398,Synthetic SME 002398,RM017,Aegean,Professional Services,MICRO,LIMITED,2025-01-11,19,7983137.890000,9,False,False,55.510000,True,VIDEO_MEETING,CONTROLLED_SYNTHETIC
SME002399,Synthetic SME 002399,RM029,Marmara,Technology,MICRO,JOINT_STOCK,2021-10-31,57,8238839.250000,6,True,False,54.860000,True,RM_CALL,CONTROLLED_SYNTHETIC
SME002400,Synthetic SME 002400,RM028,Eastern,Manufacturing,MICRO,LIMITED,2024-07-06,25,3959916.770000,3,False,False,66.480000,True,RM_CALL,CONTROLLED_SYNTHETIC
SME002401,Synthetic SME 002401,RM045,Aegean,Manufacturing,MICRO,LIMITED,2018-08-19,96,26126296.610000,2,False,False,79.980000,True,VIDEO_MEETING,CONTROLLED_SYNTHETIC
SME002402,Synthetic SME 002402,RM043,Mediterranean,Hospitality,MICRO,LIMITED,2021-03-11,65,14354366.530000,5,False,False,89.020000,True,SECURE_MESSAGE,CONTROLLED_SYNTHETIC
SME002403,Synthetic SME 002403,RM039,Eastern,Transportation,MICRO,LIMITED,2017-04-19,112,4128244.940000,5,False,False,88.930000,True,SECURE_MESSAGE,CONTROLLED_SYNTHETIC
SME002404,Synthetic SME 002404,RM029,Marmara,Manufacturing,SMALL,LIMITED,2017-02-08,114,13929706.950000,40,False,True,57.350000,True,VIDEO_MEETING,CONTROLLED_SYNTHETIC
SME002405,Synthetic SME 002405,RM038,Aegean,Professional Services,MEDIUM,JOINT_STOCK,2017-08-16,108,291145840.280000,161,True,True,49.750000,True,VIDEO_MEETING,CONTROLLED_SYNTHETIC
SME002406,Synthetic SME 002406,RM031,Black Sea,Transportation,SMALL,JOINT_STOCK,2019-06-28,85,63255259.300000,47,False,False,67.880000,True,SECURE_MESSAGE,CONTROLLED_SYNTHETIC
SME002407,Synthetic SME 002407,RM002,Marmara,Transportation,MICRO,SOLE_PROPRIETOR,2020-02-26,77,9420626.270000,5,False,False,75.690000,True,VIDEO_MEETING,CONTROLLED_SYNTHETIC
SME002408,Synthetic SME 002408,RM001,Mediterranean,Construction,SMALL,LIMITED,2016-02-19,125,58437111.310000,45,False,False,43.460000,True,RM_CALL,CONTROLLED_SYNTHETIC
SME002409,Synthetic SME 002409,RM007,Central Anatolia,Hospitality,MICRO,LIMITED,2017-10-20,105,5400770.330000,5,True,True,49.640000,True,RM_CALL,CONTROLLED_SYNTHETIC
SME002410,Synthetic SME 002410,RM036,Marmara,Healthcare,SMALL,SOLE_PROPRIETOR,2016-08-07,120,46184561.820000,23,False,False,84.450000,True,RM_CALL,CONTROLLED_SYNTHETIC
SME002411,Synthetic SME 002411,RM029,Marmara,Agriculture,MICRO,JOINT_STOCK,2024-07-27,24,12361527.830000,2,True,False,68.450000,True,VIDEO_MEETING,CONTROLLED_SYNTHETIC
SME002412,Synthetic SME 002412,RM010,Central Anatolia,Manufacturing,MICRO,JOINT_STOCK,2018-08-05,96,29213716.660000,5,True,False,60.000000,True,RM_CALL,CONTROLLED_SYNTHETIC
SME002413,Synthetic SME 002413,RM021,Marmara,Retail Trade,SMALL,LIMITED,2021-06-23,61,29132901.240000,12,False,False,58.260000,True,BRANCH,CONTROLLED_SYNTHETIC
SME002414,Synthetic SME 002414,RM011,Black Sea,Wholesale Trade,MICRO,LIMITED,2020-02-15,78,7319879.190000,3,False,False,77.400000,True,VIDEO_MEETING,CONTROLLED_SYNTHETIC
SME002415,Synthetic SME 002415,RM047,Central Anatolia,Wholesale Trade,MICRO,SOLE_PROPRIETOR,2023-08-19,36,11214517.070000,7,False,True,48.950000,True,SECURE_MESSAGE,CONTROLLED_SYNTHETIC
SME002416,Synthetic SME 002416,RM022,Central Anatolia,Technology,MEDIUM,LIMITED,2022-03-03,53,124411821.910000,189,True,True,34.080000,True,VIDEO_MEETING,CONTROLLED_SYNTHETIC
SME002417,Synthetic SME 002417,RM010,Central Anatolia,Agriculture,MICRO,LIMITED,2024-09-16,23,27815516.420000,6,False,False,80.870000,True,BRANCH,CONTROLLED_SYNTHETIC
SME002418,Synthetic SME 002418,RM002,Marmara,Retail Trade,SMALL,LIMITED,2025-04-14,16,104146953.860000,20,True,False,77.680000,False,VIDEO_MEETING,CONTROLLED_SYNTHETIC
SME002419,Synthetic SME 002419,RM021,Marmara,Technology,MICRO,LIMITED,2019-06-24,85,4924718.880000,5,False,False,49.830000,True,BRANCH,CONTROLLED_SYNTHETIC
SME002420,Synthetic SME 002420,RM037,Aegean,Wholesale Trade,SMALL,SOLE_PROPRIETOR,2019-02-17,90,44581754.670000,24,False,False,84.540000,True,RM_CALL,CONTROLLED_SYNTHETIC
SME002421,Synthetic SME 002421,RM016,Mediterranean,Transportation,MICRO,SOLE_PROPRIETOR,2021-08-27,59,8434385.740000,9,False,False,52.010000,True,RM_CALL,CONTROLLED_SYNTHETIC
SME002422,Synthetic SME 002422,RM007,Central Anatolia,Professional Services,MICRO,LIMITED,2018-06-27,97,9537841.320000,4,False,False,84.010000,True,RM_CALL,CONTROLLED_SYNTHETIC
SME002423,Synthetic SME 002423,RM022,Central Anatolia,Transportation,MICRO,SOLE_PROPRIETOR,2026-03-26,4,14268976.790000,9,False,False,88.760000,True,BRANCH,CONTROLLED_SYNTHETIC
SME002424,Synthetic SME 002424,RM045,Aegean,Manufacturing,MICRO,LIMITED,2025-04-25,15,10222544.220000,4,False,False,76.740000,True,BRANCH,CONTROLLED_SYNTHETIC
SME002425,Synthetic SME 002425,RM018,Mediterranean,Hospitality,MICRO,JOINT_STOCK,2019-08-03,84,8171500.300000,4,True,False,59.870000,True,RM_CALL,CONTROLLED_SYNTHETIC
SME002426,Synthetic SME 002426,RM016,Mediterranean,Construction,MICRO,LIMITED,2022-12-05,44,10589882.420000,9,False,True,41.420000,True,SECURE_MESSAGE,CONTROLLED_SYNTHETIC
SME002427,Synthetic SME 002427,RM008,Marmara,Wholesale Trade,SMALL,LIMITED,2024-08-31,23,58430003.190000,45,False,False,63.450000,True,SECURE_MESSAGE,CONTROLLED_SYNTHETIC
SME002428,Synthetic SME 002428,RM032,Aegean,Professional Services,SMALL,JOINT_STOCK,2021-08-27,59,46944797.160000,23,False,False,61.360000,True,RM_CALL,CONTROLLED_SYNTHETIC
SME002429,Synthetic SME 002429,RM046,Mediterranean,Wholesale Trade,SMALL,LIMITED,2016-11-24,116,13062154.660000,46,False,False,39.330000,True,RM_CALL,CONTROLLED_SYNTHETIC
SME002430,Synthetic SME 002430,RM040,Black Sea,Agriculture,MEDIUM,LIMITED,2017-07-12,109,120156174.570000,114,True,True,82.490000,True,VIDEO_MEETING,CONTROLLED_SYNTHETIC
SME002431,Synthetic SME 002431,RM009,Marmara,Transportation,MICRO,LIMITED,2026-04-04,4,7777401.960000,2,False,False,75.670000,True,VIDEO_MEETING,CONTROLLED_SYNTHETIC
SME002432,Synthetic SME 002432,RM047,Central Anatolia,Healthcare,MEDIUM,LIMITED,2022-11-06,45,123758999.470000,226,True,False,22.140000,True,RM_CALL,CONTROLLED_SYNTHETIC
SME002433,Synthetic SME 002433,RM036,Marmara,Retail Trade,SMALL,LIMITED,2021-02-20,65,31498729.070000,29,False,False,67.890000,True,RM_CALL,CONTROLLED_SYNTHETIC
SME002434,Synthetic SME 002434,RM038,Aegean,Retail Trade,SMALL,LIMITED,2018-06-08,98,42627679.980000,41,False,False,67.020000,True,VIDEO_MEETING,CONTROLLED_SYNTHETIC
SME002435,Synthetic SME 002435,RM041,Marmara,Professional Services,MEDIUM,LIMITED,2024-02-05,30,94937724.860000,110,False,True,68.610000,True,BRANCH,CONTROLLED_SYNTHETIC
SME002436,Synthetic SME 002436,RM002,Marmara,Professional Services,SMALL,JOINT_STOCK,2021-06-04,62,54563934.230000,13,False,True,69.990000,True,BRANCH,CONTROLLED_SYNTHETIC
SME002437,Synthetic SME 002437,RM005,Eastern,Healthcare,SMALL,LIMITED,2017-02-18,114,37535675.900000,11,False,False,45.470000,True,BRANCH,CONTROLLED_SYNTHETIC
SME002438,Synthetic SME 002438,RM029,Marmara,Transportation,MICRO,LIMITED,2017-12-26,103,18158585.140000,7,True,True,51.940000,True,RM_CALL,CONTROLLED_SYNTHETIC
SME002439,Synthetic SME 002439,RM032,Aegean,Technology,SMALL,JOINT_STOCK,2016-01-15,127,51075396.580000,28,False,False,53.410000,True,SECURE_MESSAGE,CONTROLLED_SYNTHETIC
SME002440,Synthetic SME 002440,RM019,Aegean,Hospitality,MICRO,SOLE_PROPRIETOR,2021-09-21,58,42468889.660000,8,False,True,63.970000,True,VIDEO_MEETING,CONTROLLED_SYNTHETIC
SME002441,Synthetic SME 002441,RM015,Marmara,Healthcare,MICRO,LIMITED,2023-07-15,37,14555781.490000,9,False,False,73.170000,True,RM_CALL,CONTROLLED_SYNTHETIC
SME002442,Synthetic SME 002442,RM045,Aegean,Technology,SMALL,LIMITED,2021-11-09,57,17998698.390000,20,False,True,72.510000,True,SECURE_MESSAGE,CONTROLLED_SYNTHETIC
SME002443,Synthetic SME 002443,RM010,Central Anatolia,Professional Services,MICRO,LIMITED,2015-09-15,131,5996421.720000,2,False,True,83.510000,True,SECURE_MESSAGE,CONTROLLED_SYNTHETIC
SME002444,Synthetic SME 002444,RM001,Mediterranean,Professional Services,MICRO,JOINT_STOCK,2018-03-08,101,3732283.920000,4,False,False,32.860000,True,SECURE_MESSAGE,CONTROLLED_SYNTHETIC
SME002445,Synthetic SME 002445,RM027,Eastern,Healthcare,SMALL,JOINT_STOCK,2023-01-31,42,11380788.710000,11,False,False,81.830000,True,BRANCH,CONTROLLED_SYNTHETIC
SME002446,Synthetic SME 002446,RM013,Black Sea,Manufacturing,SMALL,SOLE_PROPRIETOR,2017-07-24,108,39320659.110000,33,False,False,68.260000,True,BRANCH,CONTROLLED_SYNTHETIC
SME002447,Synthetic SME 002447,RM002,Marmara,Transportation,MICRO,SOLE_PROPRIETOR,2025-06-08,14,5124458.150000,5,False,False,65.600000,True,RM_CALL,CONTROLLED_SYNTHETIC
SME002448,Synthetic SME 002448,RM001,Mediterranean,Transportation,MEDIUM,SOLE_PROPRIETOR,2015-06-12,134,122811205.900000,172,True,False,49.190000,True,BRANCH,CONTROLLED_SYNTHETIC
SME002449,Synthetic SME 002449,RM011,Black Sea,Agriculture,MICRO,LIMITED,2018-10-29,93,8571392.400000,5,False,True,63.260000,True,SECURE_MESSAGE,CONTROLLED_SYNTHETIC
SME002450,Synthetic SME 002450,RM047,Central Anatolia,Hospitality,MICRO,LIMITED,2022-12-04,44,5596145.120000,9,False,False,19.530000,True,RM_CALL,CONTROLLED_SYNTHETIC
SME002451,Synthetic SME 002451,RM009,Marmara,Technology,SMALL,LIMITED,2017-11-01,105,26365856.110000,32,True,False,46.460000,True,RM_CALL,CONTROLLED_SYNTHETIC
SME002452,Synthetic SME 002452,RM034,Aegean,Agriculture,MICRO,JOINT_STOCK,2018-07-22,96,2112558.220000,5,False,False,71.600000,True,VIDEO_MEETING,CONTROLLED_SYNTHETIC
SME002453,Synthetic SME 002453,RM005,Eastern,Manufacturing,MEDIUM,SOLE_PROPRIETOR,2017-06-04,110,81131935.970000,187,False,False,69.190000,True,BRANCH,CONTROLLED_SYNTHETIC
SME002454,Synthetic SME 002454,RM026,Black Sea,Professional Services,MICRO,LIMITED,2016-07-04,121,13097618.170000,6,False,False,55.360000,True,SECURE_MESSAGE,CONTROLLED_SYNTHETIC
SME002455,Synthetic SME 002455,RM043,Mediterranean,Hospitality,SMALL,JOINT_STOCK,2018-11-23,92,80620731.380000,23,False,False,57.450000,True,RM_CALL,CONTROLLED_SYNTHETIC
SME002456,Synthetic SME 002456,RM007,Central Anatolia,Construction,MICRO,SOLE_PROPRIETOR,2018-12-17,92,6179226.940000,6,True,False,70.490000,True,BRANCH,CONTROLLED_SYNTHETIC
SME002457,Synthetic SME 002457,RM006,Aegean,Professional Services,SMALL,JOINT_STOCK,2016-02-21,125,17748884.190000,48,False,False,53.750000,True,RM_CALL,CONTROLLED_SYNTHETIC
SME002458,Synthetic SME 002458,RM022,Central Anatolia,Wholesale Trade,SMALL,LIMITED,2021-06-10,62,12100521.240000,20,False,False,46.750000,True,RM_CALL,CONTROLLED_SYNTHETIC
SME002459,Synthetic SME 002459,RM020,Mediterranean,Transportation,MICRO,JOINT_STOCK,2015-05-06,135,52119344.560000,7,False,False,79.060000,True,VIDEO_MEETING,CONTROLLED_SYNTHETIC
SME002460,Synthetic SME 002460,RM041,Marmara,Hospitality,MICRO,LIMITED,2023-09-02,35,10160039.180000,2,False,False,30.740000,True,SECURE_MESSAGE,CONTROLLED_SYNTHETIC
SME002461,Synthetic SME 002461,RM010,Central Anatolia,Agriculture,MICRO,LIMITED,2017-09-27,106,13733373.770000,7,False,True,58.150000,True,RM_CALL,CONTROLLED_SYNTHETIC
SME002462,Synthetic SME 002462,RM020,Mediterranean,Construction,SMALL,JOINT_STOCK,2025-09-05,11,45246378.940000,28,False,True,22.820000,True,RM_CALL,CONTROLLED_SYNTHETIC
SME002463,Synthetic SME 002463,RM015,Marmara,Agriculture,MICRO,LIMITED,2023-11-18,33,2551690.570000,8,False,True,34.770000,True,BRANCH,CONTROLLED_SYNTHETIC
SME002464,Synthetic SME 002464,RM037,Aegean,Agriculture,SMALL,SOLE_PROPRIETOR,2015-07-20,133,60931931.020000,49,False,False,89.440000,True,VIDEO_MEETING,CONTROLLED_SYNTHETIC
SME002465,Synthetic SME 002465,RM036,Marmara,Transportation,SMALL,LIMITED,2024-10-24,21,42491948.380000,41,False,False,85.940000,True,RM_CALL,CONTROLLED_SYNTHETIC
SME002466,Synthetic SME 002466,RM048,Eastern,Construction,MICRO,LIMITED,2020-11-29,68,7690249.400000,2,False,False,63.380000,True,SECURE_MESSAGE,CONTROLLED_SYNTHETIC
SME002467,Synthetic SME 002467,RM017,Aegean,Retail Trade,MICRO,LIMITED,2022-05-26,50,16941995.450000,6,False,False,49.950000,True,RM_CALL,CONTROLLED_SYNTHETIC
SME002468,Synthetic SME 002468,RM022,Central Anatolia,Wholesale Trade,MEDIUM,JOINT_STOCK,2017-08-30,107,84151725.000000,213,False,True,61.840000,True,RM_CALL,CONTROLLED_SYNTHETIC
SME002469,Synthetic SME 002469,RM036,Marmara,Construction,MICRO,SOLE_PROPRIETOR,2017-03-30,112,7442555.460000,7,False,False,90.380000,True,RM_CALL,CONTROLLED_SYNTHETIC
SME002470,Synthetic SME 002470,RM008,Marmara,Wholesale Trade,MICRO,LIMITED,2021-04-15,64,9167857.340000,9,False,False,77.690000,True,BRANCH,CONTROLLED_SYNTHETIC
SME002471,Synthetic SME 002471,RM029,Marmara,Hospitality,MICRO,JOINT_STOCK,2018-07-18,97,7360222.190000,3,False,False,78.120000,True,SECURE_MESSAGE,CONTROLLED_SYNTHETIC
SME002472,Synthetic SME 002472,RM003,Black Sea,Construction,MICRO,SOLE_PROPRIETOR,2019-10-07,82,17815348.390000,8,False,True,55.310000,True,BRANCH,CONTROLLED_SYNTHETIC
SME002473,Synthetic SME 002473,RM040,Black Sea,Construction,MEDIUM,SOLE_PROPRIETOR,2016-01-19,127,45655201.370000,186,False,True,83.900000,True,SECURE_MESSAGE,CONTROLLED_SYNTHETIC
SME002474,Synthetic SME 002474,RM039,Eastern,Agriculture,SMALL,LIMITED,2015-11-25,128,21097533.700000,37,False,False,41.400000,True,RM_CALL,CONTROLLED_SYNTHETIC
SME002475,Synthetic SME 002475,RM004,Central Anatolia,Wholesale Trade,SMALL,JOINT_STOCK,2015-08-03,132,17408773.220000,48,False,False,34.640000,True,SECURE_MESSAGE,CONTROLLED_SYNTHETIC
SME002476,Synthetic SME 002476,RM038,Aegean,Wholesale Trade,MICRO,SOLE_PROPRIETOR,2023-02-05,42,10326399.780000,8,False,False,57.200000,True,BRANCH,CONTROLLED_SYNTHETIC
SME002477,Synthetic SME 002477,RM004,Central Anatolia,Transportation,SMALL,JOINT_STOCK,2026-03-10,5,42455256.360000,27,False,False,95.530000,True,RM_CALL,CONTROLLED_SYNTHETIC
SME002478,Synthetic SME 002478,RM022,Central Anatolia,Manufacturing,MICRO,LIMITED,2018-06-23,97,11780085.800000,8,False,False,67.620000,True,BRANCH,CONTROLLED_SYNTHETIC
SME002479,Synthetic SME 002479,RM013,Black Sea,Construction,MICRO,LIMITED,2023-08-10,36,30028879.180000,5,False,False,95.580000,True,RM_CALL,CONTROLLED_SYNTHETIC
SME002480,Synthetic SME 002480,RM015,Marmara,Professional Services,SMALL,SOLE_PROPRIETOR,2022-05-29,50,76874411.040000,49,False,True,79.460000,True,VIDEO_MEETING,CONTROLLED_SYNTHETIC
SME002481,Synthetic SME 002481,RM022,Central Anatolia,Technology,MEDIUM,LIMITED,2015-05-15,135,104490719.000000,67,True,True,70.240000,True,BRANCH,CONTROLLED_SYNTHETIC
SME002482,Synthetic SME 002482,RM017,Aegean,Professional Services,SMALL,LIMITED,2018-09-08,95,49134941.130000,31,False,True,79.790000,True,RM_CALL,CONTROLLED_SYNTHETIC
SME002483,Synthetic SME 002483,RM026,Black Sea,Retail Trade,MICRO,SOLE_PROPRIETOR,2015-10-27,129,10812350.530000,4,False,False,55.040000,True,RM_CALL,CONTROLLED_SYNTHETIC
SME002484,Synthetic SME 002484,RM040,Black Sea,Construction,SMALL,LIMITED,2022-07-15,49,27269632.330000,24,False,True,43.650000,True,BRANCH,CONTROLLED_SYNTHETIC
SME002485,Synthetic SME 002485,RM006,Aegean,Manufacturing,SMALL,LIMITED,2018-04-24,99,18031436.450000,16,False,False,37.640000,True,RM_CALL,CONTROLLED_SYNTHETIC
SME002486,Synthetic SME 002486,RM048,Eastern,Retail Trade,SMALL,LIMITED,2015-10-03,130,71499081.790000,14,True,False,75.510000,True,RM_CALL,CONTROLLED_SYNTHETIC
SME002487,Synthetic SME 002487,RM030,Central Anatolia,Wholesale Trade,SMALL,LIMITED,2016-04-04,124,34746025.140000,28,True,True,73.260000,True,VIDEO_MEETING,CONTROLLED_SYNTHETIC
SME002488,Synthetic SME 002488,RM029,Marmara,Manufacturing,MICRO,JOINT_STOCK,2022-11-15,45,7257713.960000,7,True,False,58.600000,True,BRANCH,CONTROLLED_SYNTHETIC
SME002489,Synthetic SME 002489,RM007,Central Anatolia,Transportation,MICRO,LIMITED,2015-07-11,133,12665093.850000,9,True,False,85.760000,True,SECURE_MESSAGE,CONTROLLED_SYNTHETIC
SME002490,Synthetic SME 002490,RM018,Mediterranean,Agriculture,SMALL,LIMITED,2023-02-07,42,49078064.960000,15,True,False,43.150000,True,RM_CALL,CONTROLLED_SYNTHETIC
SME002491,Synthetic SME 002491,RM029,Marmara,Technology,MICRO,JOINT_STOCK,2016-05-11,123,6050145.070000,7,True,True,94.440000,True,SECURE_MESSAGE,CONTROLLED_SYNTHETIC
SME002492,Synthetic SME 002492,RM018,Mediterranean,Technology,MICRO,SOLE_PROPRIETOR,2025-05-14,15,1914306.790000,7,False,False,52.510000,True,SECURE_MESSAGE,CONTROLLED_SYNTHETIC
SME002493,Synthetic SME 002493,RM014,Eastern,Retail Trade,MICRO,LIMITED,2021-01-01,67,3449553.280000,5,False,False,82.860000,True,RM_CALL,CONTROLLED_SYNTHETIC
SME002494,Synthetic SME 002494,RM009,Marmara,Retail Trade,MICRO,LIMITED,2024-11-03,21,9868472.420000,5,False,False,69.820000,True,SECURE_MESSAGE,CONTROLLED_SYNTHETIC
SME002495,Synthetic SME 002495,RM011,Black Sea,Manufacturing,SMALL,LIMITED,2025-12-06,8,32713555.200000,11,False,False,61.440000,True,BRANCH,CONTROLLED_SYNTHETIC
SME002496,Synthetic SME 002496,RM048,Eastern,Construction,MICRO,LIMITED,2025-04-19,16,4431728.740000,9,False,False,77.740000,True,VIDEO_MEETING,CONTROLLED_SYNTHETIC
SME002497,Synthetic SME 002497,RM003,Black Sea,Professional Services,MICRO,SOLE_PROPRIETOR,2024-06-03,26,11942228.690000,2,False,False,70.260000,True,RM_CALL,CONTROLLED_SYNTHETIC
SME002498,Synthetic SME 002498,RM022,Central Anatolia,Hospitality,MICRO,LIMITED,2023-12-20,32,1799783.360000,8,False,False,61.170000,True,RM_CALL,CONTROLLED_SYNTHETIC
SME002499,Synthetic SME 002499,RM004,Central Anatolia,Professional Services,SMALL,LIMITED,2024-12-29,19,39617982.540000,49,False,False,79.910000,True,VIDEO_MEETING,CONTROLLED_SYNTHETIC
SME002500,Synthetic SME 002500,RM015,Marmara,Wholesale Trade,SMALL,LIMITED,2019-06-04,86,11279050.780000,25,False,True,87.170000,True,RM_CALL,CONTROLLED_SYNTHETIC
SME002501,Synthetic SME 002501,RM001,Mediterranean,Manufacturing,MICRO,LIMITED,2019-05-20,87,27798115.470000,9,False,False,43.150000,True,RM_CALL,CONTROLLED_SYNTHETIC
SME002502,Synthetic SME 002502,RM021,Marmara,Hospitality,MICRO,JOINT_STOCK,2018-12-05,92,15284963.350000,5,True,True,48.960000,True,BRANCH,CONTROLLED_SYNTHETIC
SME002503,Synthetic SME 002503,RM039,Eastern,Retail Trade,MICRO,JOINT_STOCK,2023-02-28,41,5744395.780000,9,False,False,43.510000,True,RM_CALL,CONTROLLED_SYNTHETIC
SME002504,Synthetic SME 002504,RM012,Central Anatolia,Construction,MICRO,JOINT_STOCK,2025-01-09,19,6285778.860000,5,False,False,47.410000,True,BRANCH,CONTROLLED_SYNTHETIC
SME002505,Synthetic SME 002505,RM006,Aegean,Retail Trade,SMALL,SOLE_PROPRIETOR,2022-03-08,53,65510817.030000,30,True,True,94.690000,True,SECURE_MESSAGE,CONTROLLED_SYNTHETIC
SME002506,Synthetic SME 002506,RM041,Marmara,Retail Trade,MEDIUM,SOLE_PROPRIETOR,2021-03-16,65,59209951.870000,136,False,True,83.430000,True,RM_CALL,CONTROLLED_SYNTHETIC
SME002507,Synthetic SME 002507,RM008,Marmara,Wholesale Trade,SMALL,LIMITED,2023-04-14,40,45316511.350000,48,False,False,58.670000,True,BRANCH,CONTROLLED_SYNTHETIC
SME002508,Synthetic SME 002508,RM042,Mediterranean,Wholesale Trade,SMALL,JOINT_STOCK,2017-04-16,112,23573272.710000,26,False,False,34.660000,True,RM_CALL,CONTROLLED_SYNTHETIC
SME002509,Synthetic SME 002509,RM024,Eastern,Agriculture,MICRO,LIMITED,2019-12-24,79,20178841.760000,6,False,False,37.650000,True,SECURE_MESSAGE,CONTROLLED_SYNTHETIC
SME002510,Synthetic SME 002510,RM013,Black Sea,Agriculture,MICRO,LIMITED,2016-02-02,126,5182268.710000,7,False,False,23.580000,True,RM_CALL,CONTROLLED_SYNTHETIC
SME002511,Synthetic SME 002511,RM033,Mediterranean,Transportation,MICRO,JOINT_STOCK,2022-06-17,50,21429931.710000,5,False,False,67.980000,True,VIDEO_MEETING,CONTROLLED_SYNTHETIC
SME002512,Synthetic SME 002512,RM030,Central Anatolia,Transportation,MEDIUM,LIMITED,2025-01-12,19,170561836.450000,206,True,False,42.120000,True,BRANCH,CONTROLLED_SYNTHETIC
SME002513,Synthetic SME 002513,RM001,Mediterranean,Agriculture,MICRO,LIMITED,2019-12-27,79,10022196.870000,2,False,False,54.450000,True,RM_CALL,CONTROLLED_SYNTHETIC
SME002514,Synthetic SME 002514,RM043,Mediterranean,Agriculture,MICRO,SOLE_PROPRIETOR,2021-01-02,67,15341683.680000,4,False,False,86.100000,False,RM_CALL,CONTROLLED_SYNTHETIC
SME002515,Synthetic SME 002515,RM021,Marmara,Hospitality,MICRO,JOINT_STOCK,2025-09-06,11,4377945.500000,8,False,False,58.050000,True,RM_CALL,CONTROLLED_SYNTHETIC
SME002516,Synthetic SME 002516,RM033,Mediterranean,Construction,MEDIUM,JOINT_STOCK,2018-11-11,93,98342124.360000,83,True,True,78.560000,True,RM_CALL,CONTROLLED_SYNTHETIC
SME002517,Synthetic SME 002517,RM028,Eastern,Construction,MICRO,LIMITED,2016-11-22,116,4227297.970000,8,False,False,97.660000,True,RM_CALL,CONTROLLED_SYNTHETIC
SME002518,Synthetic SME 002518,RM004,Central Anatolia,Transportation,MICRO,LIMITED,2023-12-02,32,4495254.640000,6,False,False,40.760000,True,BRANCH,CONTROLLED_SYNTHETIC
SME002519,Synthetic SME 002519,RM022,Central Anatolia,Transportation,MICRO,LIMITED,2016-06-16,122,3248352.370000,9,False,False,24.030000,True,BRANCH,CONTROLLED_SYNTHETIC
SME002520,Synthetic SME 002520,RM015,Marmara,Agriculture,MICRO,JOINT_STOCK,2019-07-20,85,18522820.100000,6,False,False,76.740000,True,VIDEO_MEETING,CONTROLLED_SYNTHETIC
SME002521,Synthetic SME 002521,RM030,Central Anatolia,Hospitality,MEDIUM,JOINT_STOCK,2017-06-30,109,102714550.700000,112,False,False,85.280000,True,RM_CALL,CONTROLLED_SYNTHETIC
SME002522,Synthetic SME 002522,RM030,Central Anatolia,Retail Trade,SMALL,JOINT_STOCK,2025-03-31,16,79394949.380000,34,False,False,69.910000,True,RM_CALL,CONTROLLED_SYNTHETIC
SME002523,Synthetic SME 002523,RM011,Black Sea,Professional Services,MEDIUM,LIMITED,2018-03-18,101,66284102.130000,144,False,False,62.270000,True,SECURE_MESSAGE,CONTROLLED_SYNTHETIC
SME002524,Synthetic SME 002524,RM039,Eastern,Technology,SMALL,LIMITED,2017-01-04,115,16078481.970000,18,False,False,94.580000,True,RM_CALL,CONTROLLED_SYNTHETIC
SME002525,Synthetic SME 002525,RM038,Aegean,Technology,SMALL,LIMITED,2017-12-26,103,29338600.910000,14,False,True,67.690000,True,RM_CALL,CONTROLLED_SYNTHETIC
SME002526,Synthetic SME 002526,RM002,Marmara,Agriculture,MICRO,LIMITED,2017-11-24,104,12914046.990000,6,False,True,25.060000,True,SECURE_MESSAGE,CONTROLLED_SYNTHETIC
SME002527,Synthetic SME 002527,RM001,Mediterranean,Retail Trade,MICRO,LIMITED,2015-12-17,128,7855836.370000,6,False,True,57.340000,True,BRANCH,CONTROLLED_SYNTHETIC
SME002528,Synthetic SME 002528,RM032,Aegean,Technology,MICRO,LIMITED,2024-09-04,23,7425318.790000,4,True,False,43.020000,True,VIDEO_MEETING,CONTROLLED_SYNTHETIC
SME002529,Synthetic SME 002529,RM047,Central Anatolia,Hospitality,SMALL,LIMITED,2020-05-22,74,12828568.540000,26,False,True,64.070000,False,RM_CALL,CONTROLLED_SYNTHETIC
SME002530,Synthetic SME 002530,RM022,Central Anatolia,Technology,MICRO,JOINT_STOCK,2023-10-11,34,26991549.370000,3,False,False,93.050000,True,BRANCH,CONTROLLED_SYNTHETIC
SME002531,Synthetic SME 002531,RM034,Aegean,Wholesale Trade,MEDIUM,LIMITED,2018-10-15,94,107318824.910000,198,False,True,77.130000,True,RM_CALL,CONTROLLED_SYNTHETIC
SME002532,Synthetic SME 002532,RM032,Aegean,Transportation,MICRO,LIMITED,2016-03-01,125,13083981.110000,7,False,False,42.280000,True,BRANCH,CONTROLLED_SYNTHETIC
SME002533,Synthetic SME 002533,RM037,Aegean,Technology,MICRO,JOINT_STOCK,2020-06-15,74,18789711.820000,2,True,False,52.430000,True,RM_CALL,CONTROLLED_SYNTHETIC
SME002534,Synthetic SME 002534,RM030,Central Anatolia,Manufacturing,SMALL,JOINT_STOCK,2017-03-19,113,32853956.350000,39,False,False,26.060000,True,VIDEO_MEETING,CONTROLLED_SYNTHETIC
SME002535,Synthetic SME 002535,RM037,Aegean,Construction,MICRO,JOINT_STOCK,2020-11-30,68,6011218.910000,8,False,False,78.180000,True,VIDEO_MEETING,CONTROLLED_SYNTHETIC
SME002536,Synthetic SME 002536,RM007,Central Anatolia,Technology,MICRO,JOINT_STOCK,2020-04-05,76,5227679.420000,9,True,False,62.350000,True,RM_CALL,CONTROLLED_SYNTHETIC
SME002537,Synthetic SME 002537,RM039,Eastern,Transportation,MEDIUM,LIMITED,2021-01-28,66,113617512.270000,108,True,True,79.980000,True,RM_CALL,CONTROLLED_SYNTHETIC
SME002538,Synthetic SME 002538,RM003,Black Sea,Healthcare,MICRO,LIMITED,2019-03-24,88,10477716.060000,4,True,False,57.080000,True,VIDEO_MEETING,CONTROLLED_SYNTHETIC
SME002539,Synthetic SME 002539,RM003,Black Sea,Agriculture,SMALL,LIMITED,2018-02-02,102,46470678.380000,11,False,False,46.020000,True,SECURE_MESSAGE,CONTROLLED_SYNTHETIC
SME002540,Synthetic SME 002540,RM015,Marmara,Transportation,SMALL,LIMITED,2017-05-08,111,17627702.220000,30,False,False,57.620000,True,RM_CALL,CONTROLLED_SYNTHETIC
SME002541,Synthetic SME 002541,RM007,Central Anatolia,Construction,MEDIUM,LIMITED,2020-02-21,77,38957180.270000,240,True,True,84.120000,True,RM_CALL,CONTROLLED_SYNTHETIC
SME002542,Synthetic SME 002542,RM012,Central Anatolia,Construction,SMALL,JOINT_STOCK,2018-01-09,103,19533890.810000,33,False,False,50.940000,True,RM_CALL,CONTROLLED_SYNTHETIC
SME002543,Synthetic SME 002543,RM025,Black Sea,Construction,MEDIUM,JOINT_STOCK,2020-08-25,71,234458323.320000,197,False,True,54.240000,True,RM_CALL,CONTROLLED_SYNTHETIC
SME002544,Synthetic SME 002544,RM034,Aegean,Manufacturing,SMALL,LIMITED,2018-11-15,93,20755011.610000,31,True,False,37.580000,True,SECURE_MESSAGE,CONTROLLED_SYNTHETIC
SME002545,Synthetic SME 002545,RM010,Central Anatolia,Construction,MICRO,LIMITED,2017-03-24,112,8866336.200000,2,False,False,76.680000,True,VIDEO_MEETING,CONTROLLED_SYNTHETIC
SME002546,Synthetic SME 002546,RM046,Mediterranean,Wholesale Trade,SMALL,LIMITED,2021-06-02,62,46379217.860000,18,False,False,54.390000,True,BRANCH,CONTROLLED_SYNTHETIC
SME002547,Synthetic SME 002547,RM045,Aegean,Technology,MICRO,LIMITED,2021-01-22,66,5864215.810000,9,False,False,81.420000,True,VIDEO_MEETING,CONTROLLED_SYNTHETIC
SME002548,Synthetic SME 002548,RM008,Marmara,Hospitality,MICRO,LIMITED,2024-01-13,31,18083332.250000,5,False,False,57.630000,True,RM_CALL,CONTROLLED_SYNTHETIC
SME002549,Synthetic SME 002549,RM033,Mediterranean,Healthcare,MEDIUM,JOINT_STOCK,2025-10-09,10,48296073.700000,172,True,False,43.810000,False,VIDEO_MEETING,CONTROLLED_SYNTHETIC
SME002550,Synthetic SME 002550,RM010,Central Anatolia,Agriculture,SMALL,JOINT_STOCK,2016-06-13,122,14047518.900000,12,False,False,58.160000,True,RM_CALL,CONTROLLED_SYNTHETIC
SME002551,Synthetic SME 002551,RM037,Aegean,Transportation,MEDIUM,LIMITED,2016-11-02,117,61363269.550000,99,True,True,47.500000,True,RM_CALL,CONTROLLED_SYNTHETIC
SME002552,Synthetic SME 002552,RM034,Aegean,Transportation,MICRO,LIMITED,2025-01-26,18,8321476.100000,4,False,False,90.410000,True,VIDEO_MEETING,CONTROLLED_SYNTHETIC
SME002553,Synthetic SME 002553,RM043,Mediterranean,Healthcare,MICRO,JOINT_STOCK,2022-12-30,43,7564127.260000,7,False,False,65.130000,False,VIDEO_MEETING,CONTROLLED_SYNTHETIC
SME002554,Synthetic SME 002554,RM021,Marmara,Technology,SMALL,SOLE_PROPRIETOR,2024-05-03,27,32059197.300000,22,False,True,69.950000,True,RM_CALL,CONTROLLED_SYNTHETIC
SME002555,Synthetic SME 002555,RM020,Mediterranean,Healthcare,SMALL,LIMITED,2016-06-13,122,55896145.970000,45,False,False,83.710000,True,VIDEO_MEETING,CONTROLLED_SYNTHETIC
SME002556,Synthetic SME 002556,RM002,Marmara,Manufacturing,MICRO,SOLE_PROPRIETOR,2020-04-12,76,6936320.950000,6,False,False,80.040000,True,VIDEO_MEETING,CONTROLLED_SYNTHETIC
SME002557,Synthetic SME 002557,RM012,Central Anatolia,Wholesale Trade,SMALL,SOLE_PROPRIETOR,2020-10-19,70,51216161.570000,31,False,False,86.720000,True,RM_CALL,CONTROLLED_SYNTHETIC
SME002558,Synthetic SME 002558,RM005,Eastern,Transportation,MICRO,LIMITED,2019-02-05,90,10549622.570000,4,False,False,29.060000,True,BRANCH,CONTROLLED_SYNTHETIC
SME002559,Synthetic SME 002559,RM020,Mediterranean,Retail Trade,MICRO,LIMITED,2023-11-12,33,15288156.260000,7,False,False,52.540000,True,RM_CALL,CONTROLLED_SYNTHETIC
SME002560,Synthetic SME 002560,RM030,Central Anatolia,Wholesale Trade,MEDIUM,JOINT_STOCK,2021-10-08,58,109718205.590000,80,False,False,49.330000,True,BRANCH,CONTROLLED_SYNTHETIC
SME002561,Synthetic SME 002561,RM002,Marmara,Wholesale Trade,SMALL,LIMITED,2018-01-06,103,42543742.290000,46,False,True,42.060000,True,RM_CALL,CONTROLLED_SYNTHETIC
SME002562,Synthetic SME 002562,RM007,Central Anatolia,Construction,SMALL,SOLE_PROPRIETOR,2025-11-02,9,15701652.630000,44,False,False,53.590000,True,RM_CALL,CONTROLLED_SYNTHETIC
SME002563,Synthetic SME 002563,RM037,Aegean,Technology,SMALL,LIMITED,2024-04-18,28,64565743.460000,48,True,False,79.820000,False,RM_CALL,CONTROLLED_SYNTHETIC
SME002564,Synthetic SME 002564,RM015,Marmara,Hospitality,SMALL,LIMITED,2018-11-21,92,29921228.930000,45,False,False,39.880000,True,RM_CALL,CONTROLLED_SYNTHETIC
SME002565,Synthetic SME 002565,RM044,Eastern,Professional Services,MICRO,LIMITED,2022-02-11,54,50864134.900000,2,False,True,87.640000,True,RM_CALL,CONTROLLED_SYNTHETIC
SME002566,Synthetic SME 002566,RM029,Marmara,Professional Services,MEDIUM,LIMITED,2021-09-30,58,147841116.120000,62,True,True,45.520000,True,BRANCH,CONTROLLED_SYNTHETIC
SME002567,Synthetic SME 002567,RM020,Mediterranean,Retail Trade,MICRO,LIMITED,2023-03-26,40,22915010.940000,2,True,False,84.520000,True,SECURE_MESSAGE,CONTROLLED_SYNTHETIC
SME002568,Synthetic SME 002568,RM002,Marmara,Technology,MICRO,JOINT_STOCK,2017-10-26,105,3862632.930000,9,False,False,39.840000,True,RM_CALL,CONTROLLED_SYNTHETIC
SME002569,Synthetic SME 002569,RM029,Marmara,Manufacturing,SMALL,JOINT_STOCK,2021-08-14,60,49652177.740000,29,False,True,20.690000,True,RM_CALL,CONTROLLED_SYNTHETIC
SME002570,Synthetic SME 002570,RM012,Central Anatolia,Healthcare,MEDIUM,LIMITED,2025-01-31,18,53415997.800000,110,False,False,93.300000,True,RM_CALL,CONTROLLED_SYNTHETIC
SME002571,Synthetic SME 002571,RM035,Central Anatolia,Hospitality,MICRO,SOLE_PROPRIETOR,2022-08-17,48,12250813.850000,3,False,True,59.010000,True,RM_CALL,CONTROLLED_SYNTHETIC
SME002572,Synthetic SME 002572,RM007,Central Anatolia,Transportation,MICRO,SOLE_PROPRIETOR,2017-11-23,104,2469773.320000,2,False,True,54.300000,True,RM_CALL,CONTROLLED_SYNTHETIC
SME002573,Synthetic SME 002573,RM032,Aegean,Manufacturing,SMALL,JOINT_STOCK,2016-03-25,124,50103303.020000,48,False,False,65.020000,True,SECURE_MESSAGE,CONTROLLED_SYNTHETIC
SME002574,Synthetic SME 002574,RM002,Marmara,Transportation,MICRO,SOLE_PROPRIETOR,2017-07-07,109,8501918.680000,5,False,False,8.510000,True,BRANCH,CONTROLLED_SYNTHETIC
SME002575,Synthetic SME 002575,RM006,Aegean,Hospitality,MICRO,LIMITED,2015-12-04,128,9871877.700000,3,False,True,81.720000,True,BRANCH,CONTROLLED_SYNTHETIC
SME002576,Synthetic SME 002576,RM021,Marmara,Transportation,SMALL,LIMITED,2023-01-31,42,18252473.280000,34,True,False,84.500000,True,SECURE_MESSAGE,CONTROLLED_SYNTHETIC
SME002577,Synthetic SME 002577,RM020,Mediterranean,Retail Trade,MICRO,LIMITED,2020-06-03,74,6969198.940000,2,False,False,70.870000,True,SECURE_MESSAGE,CONTROLLED_SYNTHETIC
SME002578,Synthetic SME 002578,RM032,Aegean,Technology,SMALL,LIMITED,2017-09-18,107,59844349.470000,17,True,False,57.710000,True,SECURE_MESSAGE,CONTROLLED_SYNTHETIC
SME002579,Synthetic SME 002579,RM007,Central Anatolia,Professional Services,MICRO,LIMITED,2017-02-16,114,6471339.410000,7,False,False,24.200000,True,VIDEO_MEETING,CONTROLLED_SYNTHETIC
SME002580,Synthetic SME 002580,RM025,Black Sea,Transportation,MICRO,JOINT_STOCK,2020-10-18,70,10012811.550000,8,False,True,45.220000,True,SECURE_MESSAGE,CONTROLLED_SYNTHETIC
SME002581,Synthetic SME 002581,RM012,Central Anatolia,Professional Services,MICRO,LIMITED,2024-05-18,27,12303577.720000,3,False,False,88.510000,True,SECURE_MESSAGE,CONTROLLED_SYNTHETIC
SME002582,Synthetic SME 002582,RM003,Black Sea,Manufacturing,MICRO,SOLE_PROPRIETOR,2017-01-26,114,12994098.690000,9,False,False,79.580000,True,SECURE_MESSAGE,CONTROLLED_SYNTHETIC
SME002583,Synthetic SME 002583,RM031,Black Sea,Agriculture,MICRO,JOINT_STOCK,2019-01-17,91,15550028.550000,5,False,False,39.290000,True,VIDEO_MEETING,CONTROLLED_SYNTHETIC
SME002584,Synthetic SME 002584,RM036,Marmara,Transportation,MICRO,JOINT_STOCK,2019-02-14,90,2164899.750000,5,False,False,90.370000,True,RM_CALL,CONTROLLED_SYNTHETIC
SME002585,Synthetic SME 002585,RM014,Eastern,Transportation,MEDIUM,LIMITED,2016-04-05,124,61812758.790000,238,False,True,19.660000,True,RM_CALL,CONTROLLED_SYNTHETIC
SME002586,Synthetic SME 002586,RM004,Central Anatolia,Manufacturing,MEDIUM,SOLE_PROPRIETOR,2024-12-23,19,67996464.310000,86,False,False,54.820000,True,VIDEO_MEETING,CONTROLLED_SYNTHETIC
SME002587,Synthetic SME 002587,RM037,Aegean,Construction,MICRO,LIMITED,2022-03-18,53,10550490.780000,4,False,False,65.070000,True,RM_CALL,CONTROLLED_SYNTHETIC
SME002588,Synthetic SME 002588,RM015,Marmara,Technology,MEDIUM,JOINT_STOCK,2023-05-14,39,215344832.590000,223,True,False,53.460000,True,SECURE_MESSAGE,CONTROLLED_SYNTHETIC
SME002589,Synthetic SME 002589,RM037,Aegean,Construction,SMALL,JOINT_STOCK,2016-03-18,125,29850411.760000,18,True,False,59.200000,True,RM_CALL,CONTROLLED_SYNTHETIC
SME002590,Synthetic SME 002590,RM032,Aegean,Professional Services,SMALL,LIMITED,2023-11-01,33,158949853.000000,14,False,False,47.610000,True,RM_CALL,CONTROLLED_SYNTHETIC
SME002591,Synthetic SME 002591,RM016,Mediterranean,Healthcare,SMALL,JOINT_STOCK,2016-08-13,120,30018739.140000,17,True,False,89.180000,False,RM_CALL,CONTROLLED_SYNTHETIC
SME002592,Synthetic SME 002592,RM040,Black Sea,Transportation,MICRO,SOLE_PROPRIETOR,2025-01-08,19,9824014.970000,2,False,False,77.630000,True,BRANCH,CONTROLLED_SYNTHETIC
SME002593,Synthetic SME 002593,RM032,Aegean,Professional Services,MICRO,LIMITED,2017-02-02,114,12564609.810000,5,False,False,44.830000,True,SECURE_MESSAGE,CONTROLLED_SYNTHETIC
SME002594,Synthetic SME 002594,RM041,Marmara,Professional Services,SMALL,LIMITED,2023-05-06,39,48866728.970000,47,False,False,85.390000,True,BRANCH,CONTROLLED_SYNTHETIC
SME002595,Synthetic SME 002595,RM048,Eastern,Agriculture,MEDIUM,LIMITED,2019-01-10,91,73255856.490000,238,False,True,55.290000,True,RM_CALL,CONTROLLED_SYNTHETIC
SME002596,Synthetic SME 002596,RM046,Mediterranean,Healthcare,MICRO,LIMITED,2019-04-29,87,14360286.440000,8,True,False,17.260000,True,VIDEO_MEETING,CONTROLLED_SYNTHETIC
SME002597,Synthetic SME 002597,RM015,Marmara,Technology,SMALL,LIMITED,2021-08-31,59,16829677.580000,10,False,False,83.360000,True,RM_CALL,CONTROLLED_SYNTHETIC
SME002598,Synthetic SME 002598,RM001,Mediterranean,Retail Trade,SMALL,JOINT_STOCK,2023-07-23,36,26186147.540000,11,False,False,92.480000,True,VIDEO_MEETING,CONTROLLED_SYNTHETIC
SME002599,Synthetic SME 002599,RM010,Central Anatolia,Manufacturing,SMALL,LIMITED,2022-01-22,54,34568525.490000,20,False,False,57.550000,True,VIDEO_MEETING,CONTROLLED_SYNTHETIC
SME002600,Synthetic SME 002600,RM008,Marmara,Professional Services,MICRO,LIMITED,2025-03-27,16,4320088.770000,7,False,False,58.670000,True,RM_CALL,CONTROLLED_SYNTHETIC
SME002601,Synthetic SME 002601,RM015,Marmara,Healthcare,MICRO,SOLE_PROPRIETOR,2021-08-21,59,6143104.150000,8,True,True,81.920000,True,VIDEO_MEETING,CONTROLLED_SYNTHETIC
SME002602,Synthetic SME 002602,RM003,Black Sea,Professional Services,SMALL,LIMITED,2015-11-01,129,25807265.210000,28,False,False,64.090000,True,RM_CALL,CONTROLLED_SYNTHETIC
SME002603,Synthetic SME 002603,RM006,Aegean,Healthcare,SMALL,LIMITED,2015-07-17,133,53376051.150000,44,False,False,50.830000,True,BRANCH,CONTROLLED_SYNTHETIC
SME002604,Synthetic SME 002604,RM046,Mediterranean,Retail Trade,MEDIUM,LIMITED,2016-12-29,115,217989297.110000,58,False,False,56.980000,True,RM_CALL,CONTROLLED_SYNTHETIC
SME002605,Synthetic SME 002605,RM022,Central Anatolia,Transportation,SMALL,LIMITED,2019-06-08,86,15624543.630000,29,True,False,35.540000,True,VIDEO_MEETING,CONTROLLED_SYNTHETIC
SME002606,Synthetic SME 002606,RM028,Eastern,Healthcare,MEDIUM,SOLE_PROPRIETOR,2018-08-04,96,59530240.590000,57,True,True,36.550000,True,VIDEO_MEETING,CONTROLLED_SYNTHETIC
SME002607,Synthetic SME 002607,RM014,Eastern,Retail Trade,MICRO,LIMITED,2018-08-16,96,2975688.590000,5,False,True,46.250000,True,SECURE_MESSAGE,CONTROLLED_SYNTHETIC
SME002608,Synthetic SME 002608,RM006,Aegean,Transportation,MICRO,LIMITED,2023-01-30,42,9060434.850000,2,True,False,71.530000,True,BRANCH,CONTROLLED_SYNTHETIC
SME002609,Synthetic SME 002609,RM013,Black Sea,Construction,MEDIUM,LIMITED,2025-12-06,8,123372143.610000,156,False,False,93.340000,True,RM_CALL,CONTROLLED_SYNTHETIC
SME002610,Synthetic SME 002610,RM010,Central Anatolia,Transportation,SMALL,JOINT_STOCK,2024-11-28,20,29177999.750000,28,False,True,81.560000,True,RM_CALL,CONTROLLED_SYNTHETIC
SME002611,Synthetic SME 002611,RM033,Mediterranean,Technology,SMALL,JOINT_STOCK,2016-09-22,118,51743326.830000,42,False,True,37.780000,True,BRANCH,CONTROLLED_SYNTHETIC
SME002612,Synthetic SME 002612,RM023,Black Sea,Professional Services,MICRO,SOLE_PROPRIETOR,2018-01-06,103,6835623.770000,7,True,True,45.750000,True,VIDEO_MEETING,CONTROLLED_SYNTHETIC
SME002613,Synthetic SME 002613,RM006,Aegean,Hospitality,MICRO,SOLE_PROPRIETOR,2017-02-07,114,3128952.120000,5,True,False,35.540000,True,BRANCH,CONTROLLED_SYNTHETIC
SME002614,Synthetic SME 002614,RM012,Central Anatolia,Agriculture,MICRO,SOLE_PROPRIETOR,2023-12-15,32,25810924.540000,3,False,False,56.270000,True,VIDEO_MEETING,CONTROLLED_SYNTHETIC
SME002615,Synthetic SME 002615,RM008,Marmara,Professional Services,SMALL,LIMITED,2020-09-15,71,17755686.820000,15,True,False,68.290000,True,RM_CALL,CONTROLLED_SYNTHETIC
SME002616,Synthetic SME 002616,RM021,Marmara,Agriculture,MEDIUM,JOINT_STOCK,2021-02-16,66,144440687.230000,135,True,True,32.580000,True,RM_CALL,CONTROLLED_SYNTHETIC
SME002617,Synthetic SME 002617,RM048,Eastern,Healthcare,SMALL,LIMITED,2023-07-03,37,31688409.570000,17,False,False,82.960000,True,VIDEO_MEETING,CONTROLLED_SYNTHETIC
SME002618,Synthetic SME 002618,RM036,Marmara,Retail Trade,SMALL,SOLE_PROPRIETOR,2021-01-08,67,105335573.000000,42,True,True,76.000000,True,BRANCH,CONTROLLED_SYNTHETIC
SME002619,Synthetic SME 002619,RM026,Black Sea,Construction,MEDIUM,JOINT_STOCK,2020-01-29,78,138533774.800000,81,True,False,59.790000,True,RM_CALL,CONTROLLED_SYNTHETIC
SME002620,Synthetic SME 002620,RM034,Aegean,Construction,MEDIUM,LIMITED,2025-10-07,10,135132627.990000,69,True,False,73.810000,True,SECURE_MESSAGE,CONTROLLED_SYNTHETIC
SME002621,Synthetic SME 002621,RM026,Black Sea,Transportation,SMALL,JOINT_STOCK,2024-11-27,20,39551461.060000,17,False,False,80.770000,True,RM_CALL,CONTROLLED_SYNTHETIC
SME002622,Synthetic SME 002622,RM046,Mediterranean,Manufacturing,SMALL,LIMITED,2023-11-10,33,15793409.030000,36,False,False,46.910000,True,RM_CALL,CONTROLLED_SYNTHETIC
SME002623,Synthetic SME 002623,RM041,Marmara,Manufacturing,MICRO,SOLE_PROPRIETOR,2019-05-09,87,5958979.720000,8,False,False,78.040000,True,VIDEO_MEETING,CONTROLLED_SYNTHETIC
SME002624,Synthetic SME 002624,RM004,Central Anatolia,Professional Services,MEDIUM,LIMITED,2015-03-17,137,22011342.180000,137,True,True,78.330000,True,VIDEO_MEETING,CONTROLLED_SYNTHETIC
SME002625,Synthetic SME 002625,RM015,Marmara,Construction,MICRO,LIMITED,2025-05-25,14,7715577.260000,7,True,False,66.130000,True,RM_CALL,CONTROLLED_SYNTHETIC
SME002626,Synthetic SME 002626,RM008,Marmara,Wholesale Trade,MICRO,SOLE_PROPRIETOR,2021-10-31,57,10137001.660000,8,False,False,73.580000,True,RM_CALL,CONTROLLED_SYNTHETIC
SME002627,Synthetic SME 002627,RM008,Marmara,Wholesale Trade,MICRO,LIMITED,2016-02-11,126,5982730.710000,2,False,False,51.640000,True,VIDEO_MEETING,CONTROLLED_SYNTHETIC
SME002628,Synthetic SME 002628,RM029,Marmara,Manufacturing,MICRO,JOINT_STOCK,2018-05-25,98,6540452.380000,7,False,False,65.450000,True,RM_CALL,CONTROLLED_SYNTHETIC
SME002629,Synthetic SME 002629,RM007,Central Anatolia,Healthcare,MICRO,LIMITED,2018-03-30,100,35810850.480000,6,True,False,59.840000,True,BRANCH,CONTROLLED_SYNTHETIC
SME002630,Synthetic SME 002630,RM041,Marmara,Construction,MEDIUM,LIMITED,2019-12-24,79,69409299.900000,249,True,False,90.640000,True,BRANCH,CONTROLLED_SYNTHETIC
SME002631,Synthetic SME 002631,RM024,Eastern,Transportation,SMALL,LIMITED,2018-03-06,101,51751327.550000,13,False,True,50.570000,False,BRANCH,CONTROLLED_SYNTHETIC
SME002632,Synthetic SME 002632,RM006,Aegean,Hospitality,MICRO,LIMITED,2016-11-27,116,6355764.240000,3,False,False,80.170000,True,BRANCH,CONTROLLED_SYNTHETIC
SME002633,Synthetic SME 002633,RM038,Aegean,Hospitality,MICRO,SOLE_PROPRIETOR,2020-06-30,73,3482960.310000,3,False,False,90.390000,True,VIDEO_MEETING,CONTROLLED_SYNTHETIC
SME002634,Synthetic SME 002634,RM042,Mediterranean,Hospitality,SMALL,LIMITED,2017-04-10,112,37908048.380000,27,False,False,61.220000,True,RM_CALL,CONTROLLED_SYNTHETIC
SME002635,Synthetic SME 002635,RM010,Central Anatolia,Agriculture,SMALL,SOLE_PROPRIETOR,2015-05-24,134,15491109.060000,25,False,False,68.810000,True,BRANCH,CONTROLLED_SYNTHETIC
SME002636,Synthetic SME 002636,RM006,Aegean,Retail Trade,MICRO,LIMITED,2026-04-01,4,17587644.780000,4,False,False,49.930000,True,VIDEO_MEETING,CONTROLLED_SYNTHETIC
SME002637,Synthetic SME 002637,RM043,Mediterranean,Professional Services,MEDIUM,SOLE_PROPRIETOR,2018-01-08,103,202005453.930000,185,False,True,82.400000,True,RM_CALL,CONTROLLED_SYNTHETIC
SME002638,Synthetic SME 002638,RM012,Central Anatolia,Agriculture,MICRO,LIMITED,2018-11-28,92,6988834.610000,7,True,False,78.840000,True,RM_CALL,CONTROLLED_SYNTHETIC
SME002639,Synthetic SME 002639,RM018,Mediterranean,Wholesale Trade,MICRO,LIMITED,2015-11-24,128,2631891.540000,7,True,False,39.420000,True,BRANCH,CONTROLLED_SYNTHETIC
SME002640,Synthetic SME 002640,RM041,Marmara,Retail Trade,MICRO,SOLE_PROPRIETOR,2017-04-24,111,6203179.720000,6,False,True,38.630000,True,VIDEO_MEETING,CONTROLLED_SYNTHETIC
SME002641,Synthetic SME 002641,RM036,Marmara,Technology,SMALL,LIMITED,2025-07-16,13,25102855.940000,41,False,False,85.400000,True,SECURE_MESSAGE,CONTROLLED_SYNTHETIC
SME002642,Synthetic SME 002642,RM029,Marmara,Professional Services,MICRO,SOLE_PROPRIETOR,2021-11-12,57,16707097.930000,4,False,False,62.310000,True,BRANCH,CONTROLLED_SYNTHETIC
SME002643,Synthetic SME 002643,RM007,Central Anatolia,Technology,SMALL,JOINT_STOCK,2018-01-26,102,49724003.880000,30,False,False,59.380000,True,SECURE_MESSAGE,CONTROLLED_SYNTHETIC
SME002644,Synthetic SME 002644,RM016,Mediterranean,Hospitality,MEDIUM,LIMITED,2021-10-31,57,76999026.130000,235,False,True,60.640000,True,VIDEO_MEETING,CONTROLLED_SYNTHETIC
SME002645,Synthetic SME 002645,RM037,Aegean,Retail Trade,MICRO,LIMITED,2025-08-08,12,15653418.280000,3,False,False,56.930000,True,RM_CALL,CONTROLLED_SYNTHETIC
SME002646,Synthetic SME 002646,RM027,Eastern,Transportation,MICRO,LIMITED,2024-05-25,26,21500938.970000,3,False,True,54.280000,True,RM_CALL,CONTROLLED_SYNTHETIC
SME002647,Synthetic SME 002647,RM035,Central Anatolia,Hospitality,SMALL,LIMITED,2021-01-26,66,15120533.880000,28,True,False,51.260000,True,RM_CALL,CONTROLLED_SYNTHETIC
SME002648,Synthetic SME 002648,RM041,Marmara,Manufacturing,MICRO,LIMITED,2025-05-06,15,7924681.540000,9,False,False,54.240000,True,BRANCH,CONTROLLED_SYNTHETIC
SME002649,Synthetic SME 002649,RM042,Mediterranean,Wholesale Trade,MICRO,SOLE_PROPRIETOR,2024-12-03,20,8074487.990000,8,False,False,60.050000,True,RM_CALL,CONTROLLED_SYNTHETIC
SME002650,Synthetic SME 002650,RM009,Marmara,Transportation,MEDIUM,LIMITED,2025-05-16,15,86402373.910000,231,False,False,48.750000,True,RM_CALL,CONTROLLED_SYNTHETIC
SME002651,Synthetic SME 002651,RM007,Central Anatolia,Agriculture,MICRO,SOLE_PROPRIETOR,2024-10-30,21,3729874.870000,5,False,False,71.000000,True,BRANCH,CONTROLLED_SYNTHETIC
SME002652,Synthetic SME 002652,RM047,Central Anatolia,Professional Services,SMALL,LIMITED,2025-11-05,9,13933095.190000,35,False,True,77.360000,False,BRANCH,CONTROLLED_SYNTHETIC
SME002653,Synthetic SME 002653,RM039,Eastern,Retail Trade,MICRO,LIMITED,2020-08-10,72,17378160.810000,5,False,False,87.480000,True,RM_CALL,CONTROLLED_SYNTHETIC
SME002654,Synthetic SME 002654,RM025,Black Sea,Professional Services,SMALL,SOLE_PROPRIETOR,2023-08-03,36,13291778.940000,29,False,False,43.380000,True,RM_CALL,CONTROLLED_SYNTHETIC
SME002655,Synthetic SME 002655,RM015,Marmara,Technology,MICRO,SOLE_PROPRIETOR,2017-05-08,111,17694428.370000,7,False,False,69.810000,True,RM_CALL,CONTROLLED_SYNTHETIC
SME002656,Synthetic SME 002656,RM031,Black Sea,Construction,MICRO,SOLE_PROPRIETOR,2018-04-20,100,7607008.260000,7,False,False,83.980000,True,BRANCH,CONTROLLED_SYNTHETIC
SME002657,Synthetic SME 002657,RM015,Marmara,Professional Services,SMALL,LIMITED,2017-10-23,105,31374593.350000,49,False,False,88.730000,True,VIDEO_MEETING,CONTROLLED_SYNTHETIC
SME002658,Synthetic SME 002658,RM043,Mediterranean,Hospitality,MICRO,LIMITED,2022-03-20,53,19350485.280000,2,True,False,39.470000,True,SECURE_MESSAGE,CONTROLLED_SYNTHETIC
SME002659,Synthetic SME 002659,RM009,Marmara,Wholesale Trade,SMALL,LIMITED,2016-02-01,126,45831412.950000,13,False,False,70.680000,True,VIDEO_MEETING,CONTROLLED_SYNTHETIC
SME002660,Synthetic SME 002660,RM008,Marmara,Healthcare,SMALL,JOINT_STOCK,2025-02-05,18,66180544.970000,19,False,False,49.780000,True,RM_CALL,CONTROLLED_SYNTHETIC
SME002661,Synthetic SME 002661,RM041,Marmara,Hospitality,SMALL,LIMITED,2023-09-11,35,32523200.460000,14,True,False,85.750000,True,SECURE_MESSAGE,CONTROLLED_SYNTHETIC
SME002662,Synthetic SME 002662,RM014,Eastern,Construction,MICRO,LIMITED,2018-10-16,94,5544003.060000,9,False,False,78.580000,True,VIDEO_MEETING,CONTROLLED_SYNTHETIC
SME002663,Synthetic SME 002663,RM040,Black Sea,Construction,SMALL,LIMITED,2021-05-03,63,28539972.960000,10,False,False,71.960000,True,RM_CALL,CONTROLLED_SYNTHETIC
SME002664,Synthetic SME 002664,RM022,Central Anatolia,Transportation,MICRO,LIMITED,2021-06-05,62,15902130.380000,8,False,False,82.050000,True,RM_CALL,CONTROLLED_SYNTHETIC
SME002665,Synthetic SME 002665,RM018,Mediterranean,Retail Trade,SMALL,LIMITED,2024-01-05,31,50966056.750000,49,True,False,97.060000,True,RM_CALL,CONTROLLED_SYNTHETIC
SME002666,Synthetic SME 002666,RM043,Mediterranean,Manufacturing,MICRO,LIMITED,2018-12-16,92,15314565.150000,7,True,False,35.510000,True,BRANCH,CONTROLLED_SYNTHETIC
SME002667,Synthetic SME 002667,RM008,Marmara,Retail Trade,MICRO,LIMITED,2021-10-15,58,4269115.840000,7,False,False,36.550000,True,RM_CALL,CONTROLLED_SYNTHETIC
SME002668,Synthetic SME 002668,RM002,Marmara,Wholesale Trade,SMALL,JOINT_STOCK,2016-07-26,120,39327090.490000,35,False,False,78.540000,True,VIDEO_MEETING,CONTROLLED_SYNTHETIC
SME002669,Synthetic SME 002669,RM045,Aegean,Transportation,SMALL,LIMITED,2021-03-15,65,20080580.310000,15,True,False,70.060000,True,BRANCH,CONTROLLED_SYNTHETIC
SME002670,Synthetic SME 002670,RM041,Marmara,Wholesale Trade,MICRO,LIMITED,2020-02-11,78,6524993.490000,3,True,False,61.710000,True,RM_CALL,CONTROLLED_SYNTHETIC
SME002671,Synthetic SME 002671,RM032,Aegean,Technology,SMALL,SOLE_PROPRIETOR,2015-09-04,131,107314822.370000,20,False,False,78.350000,False,SECURE_MESSAGE,CONTROLLED_SYNTHETIC
SME002672,Synthetic SME 002672,RM044,Eastern,Hospitality,MICRO,LIMITED,2016-06-02,122,9214169.570000,8,False,False,59.290000,True,RM_CALL,CONTROLLED_SYNTHETIC
SME002673,Synthetic SME 002673,RM035,Central Anatolia,Technology,MEDIUM,LIMITED,2019-04-28,87,115646343.190000,187,False,False,82.280000,True,SECURE_MESSAGE,CONTROLLED_SYNTHETIC
SME002674,Synthetic SME 002674,RM009,Marmara,Manufacturing,MICRO,LIMITED,2024-01-03,31,3678605.870000,3,False,False,61.340000,True,RM_CALL,CONTROLLED_SYNTHETIC
SME002675,Synthetic SME 002675,RM004,Central Anatolia,Healthcare,MEDIUM,JOINT_STOCK,2018-04-17,100,28650597.320000,117,False,False,75.560000,False,RM_CALL,CONTROLLED_SYNTHETIC
SME002676,Synthetic SME 002676,RM038,Aegean,Agriculture,MICRO,LIMITED,2025-10-13,10,15057550.110000,4,False,False,44.790000,True,RM_CALL,CONTROLLED_SYNTHETIC
SME002677,Synthetic SME 002677,RM041,Marmara,Hospitality,MEDIUM,JOINT_STOCK,2022-12-12,44,164644643.290000,110,False,False,32.060000,True,RM_CALL,CONTROLLED_SYNTHETIC
SME002678,Synthetic SME 002678,RM047,Central Anatolia,Agriculture,MICRO,LIMITED,2020-04-29,75,11859107.270000,2,False,False,74.420000,True,RM_CALL,CONTROLLED_SYNTHETIC
SME002679,Synthetic SME 002679,RM021,Marmara,Healthcare,MICRO,LIMITED,2015-10-19,130,7309899.220000,5,False,True,89.960000,False,VIDEO_MEETING,CONTROLLED_SYNTHETIC
SME002680,Synthetic SME 002680,RM022,Central Anatolia,Retail Trade,MICRO,LIMITED,2016-08-19,120,17578161.980000,9,False,False,65.830000,True,VIDEO_MEETING,CONTROLLED_SYNTHETIC
SME002681,Synthetic SME 002681,RM015,Marmara,Wholesale Trade,MICRO,LIMITED,2022-09-03,47,9936955.270000,5,False,False,93.280000,True,RM_CALL,CONTROLLED_SYNTHETIC
SME002682,Synthetic SME 002682,RM029,Marmara,Agriculture,MICRO,LIMITED,2024-06-28,25,3091334.990000,3,False,True,25.480000,True,RM_CALL,CONTROLLED_SYNTHETIC
SME002683,Synthetic SME 002683,RM036,Marmara,Hospitality,MICRO,LIMITED,2016-08-23,119,32289943.190000,2,True,False,63.360000,True,RM_CALL,CONTROLLED_SYNTHETIC
SME002684,Synthetic SME 002684,RM013,Black Sea,Construction,SMALL,LIMITED,2015-04-21,135,14252397.260000,42,False,False,50.140000,True,BRANCH,CONTROLLED_SYNTHETIC
SME002685,Synthetic SME 002685,RM031,Black Sea,Manufacturing,SMALL,SOLE_PROPRIETOR,2019-05-30,86,29838422.010000,12,False,False,82.980000,True,BRANCH,CONTROLLED_SYNTHETIC
SME002686,Synthetic SME 002686,RM043,Mediterranean,Construction,MICRO,LIMITED,2019-07-30,84,6268966.250000,2,False,False,47.700000,True,RM_CALL,CONTROLLED_SYNTHETIC
SME002687,Synthetic SME 002687,RM047,Central Anatolia,Retail Trade,MICRO,SOLE_PROPRIETOR,2024-02-04,30,6417390.500000,8,False,False,84.110000,True,VIDEO_MEETING,CONTROLLED_SYNTHETIC
SME002688,Synthetic SME 002688,RM021,Marmara,Retail Trade,MICRO,JOINT_STOCK,2017-03-18,113,4768181.930000,7,False,False,62.740000,True,RM_CALL,CONTROLLED_SYNTHETIC
SME002689,Synthetic SME 002689,RM038,Aegean,Construction,SMALL,JOINT_STOCK,2025-05-21,14,46752538.620000,43,False,False,51.550000,True,VIDEO_MEETING,CONTROLLED_SYNTHETIC
SME002690,Synthetic SME 002690,RM015,Marmara,Professional Services,MICRO,SOLE_PROPRIETOR,2024-04-12,28,8146308.110000,2,False,False,70.550000,True,RM_CALL,CONTROLLED_SYNTHETIC
SME002691,Synthetic SME 002691,RM034,Aegean,Agriculture,SMALL,LIMITED,2020-11-07,69,28533467.280000,42,False,False,44.950000,True,VIDEO_MEETING,CONTROLLED_SYNTHETIC
SME002692,Synthetic SME 002692,RM027,Eastern,Transportation,MICRO,JOINT_STOCK,2020-09-21,70,1607121.530000,6,False,False,31.480000,True,RM_CALL,CONTROLLED_SYNTHETIC
SME002693,Synthetic SME 002693,RM016,Mediterranean,Professional Services,MICRO,SOLE_PROPRIETOR,2015-12-02,128,10581592.690000,8,False,False,54.550000,True,BRANCH,CONTROLLED_SYNTHETIC
SME002694,Synthetic SME 002694,RM017,Aegean,Healthcare,MEDIUM,JOINT_STOCK,2025-09-18,11,57846758.610000,233,True,False,87.060000,True,RM_CALL,CONTROLLED_SYNTHETIC
SME002695,Synthetic SME 002695,RM002,Marmara,Healthcare,MICRO,LIMITED,2024-08-22,23,8528903.590000,6,False,False,96.290000,True,VIDEO_MEETING,CONTROLLED_SYNTHETIC
SME002696,Synthetic SME 002696,RM027,Eastern,Technology,SMALL,JOINT_STOCK,2019-01-12,91,18763188.640000,41,False,False,56.580000,True,SECURE_MESSAGE,CONTROLLED_SYNTHETIC
SME002697,Synthetic SME 002697,RM041,Marmara,Agriculture,SMALL,LIMITED,2019-01-09,91,9702648.480000,17,False,False,85.420000,True,RM_CALL,CONTROLLED_SYNTHETIC
SME002698,Synthetic SME 002698,RM046,Mediterranean,Construction,MICRO,LIMITED,2015-08-05,132,28332980.350000,8,False,False,35.210000,True,BRANCH,CONTROLLED_SYNTHETIC
SME002699,Synthetic SME 002699,RM030,Central Anatolia,Hospitality,MICRO,LIMITED,2018-03-21,100,9079427.190000,7,False,False,59.900000,True,BRANCH,CONTROLLED_SYNTHETIC
SME002700,Synthetic SME 002700,RM009,Marmara,Healthcare,MEDIUM,LIMITED,2015-03-09,137,89062962.950000,74,False,False,74.610000,True,RM_CALL,CONTROLLED_SYNTHETIC
SME002701,Synthetic SME 002701,RM010,Central Anatolia,Professional Services,MICRO,JOINT_STOCK,2020-11-30,68,26051805.220000,4,False,False,75.320000,True,RM_CALL,CONTROLLED_SYNTHETIC
SME002702,Synthetic SME 002702,RM031,Black Sea,Agriculture,MICRO,JOINT_STOCK,2026-03-17,5,24907788.680000,2,False,False,73.360000,True,SECURE_MESSAGE,CONTROLLED_SYNTHETIC
SME002703,Synthetic SME 002703,RM040,Black Sea,Manufacturing,MICRO,SOLE_PROPRIETOR,2021-11-30,56,17500976.050000,5,False,False,47.100000,True,RM_CALL,CONTROLLED_SYNTHETIC
SME002704,Synthetic SME 002704,RM015,Marmara,Wholesale Trade,MICRO,LIMITED,2024-10-13,22,18648919.510000,7,False,False,60.250000,True,BRANCH,CONTROLLED_SYNTHETIC
SME002705,Synthetic SME 002705,RM035,Central Anatolia,Transportation,MICRO,LIMITED,2023-09-09,35,6938770.060000,3,False,False,89.480000,True,BRANCH,CONTROLLED_SYNTHETIC
SME002706,Synthetic SME 002706,RM030,Central Anatolia,Agriculture,MICRO,LIMITED,2021-08-17,60,5189517.500000,8,False,False,73.380000,True,VIDEO_MEETING,CONTROLLED_SYNTHETIC
SME002707,Synthetic SME 002707,RM006,Aegean,Hospitality,SMALL,LIMITED,2025-12-21,7,61605595.270000,32,False,True,82.470000,True,BRANCH,CONTROLLED_SYNTHETIC
SME002708,Synthetic SME 002708,RM013,Black Sea,Manufacturing,MICRO,SOLE_PROPRIETOR,2019-02-09,90,4802205.600000,5,False,False,67.120000,True,SECURE_MESSAGE,CONTROLLED_SYNTHETIC
SME002709,Synthetic SME 002709,RM009,Marmara,Technology,MICRO,JOINT_STOCK,2025-05-05,15,13565776.010000,7,False,False,27.570000,True,BRANCH,CONTROLLED_SYNTHETIC
SME002710,Synthetic SME 002710,RM007,Central Anatolia,Hospitality,MICRO,LIMITED,2023-08-20,36,18262691.580000,8,False,False,54.900000,True,RM_CALL,CONTROLLED_SYNTHETIC
SME002711,Synthetic SME 002711,RM037,Aegean,Hospitality,SMALL,LIMITED,2022-04-08,52,23893196.980000,40,False,True,67.350000,True,RM_CALL,CONTROLLED_SYNTHETIC
SME002712,Synthetic SME 002712,RM032,Aegean,Transportation,MICRO,JOINT_STOCK,2022-06-01,50,13762345.590000,2,True,False,78.720000,True,VIDEO_MEETING,CONTROLLED_SYNTHETIC
SME002713,Synthetic SME 002713,RM009,Marmara,Technology,MICRO,LIMITED,2024-06-17,26,23191617.720000,6,False,False,58.990000,True,RM_CALL,CONTROLLED_SYNTHETIC
SME002714,Synthetic SME 002714,RM033,Mediterranean,Wholesale Trade,MICRO,LIMITED,2015-12-22,127,7910064.860000,8,False,False,36.200000,True,VIDEO_MEETING,CONTROLLED_SYNTHETIC
SME002715,Synthetic SME 002715,RM029,Marmara,Professional Services,SMALL,JOINT_STOCK,2025-09-19,11,58120084.600000,24,False,False,77.480000,True,RM_CALL,CONTROLLED_SYNTHETIC
SME002716,Synthetic SME 002716,RM037,Aegean,Hospitality,MEDIUM,LIMITED,2020-03-07,77,26334127.620000,165,False,False,53.540000,True,BRANCH,CONTROLLED_SYNTHETIC
SME002717,Synthetic SME 002717,RM019,Aegean,Healthcare,MICRO,LIMITED,2022-08-03,48,10663320.620000,6,True,False,48.860000,True,RM_CALL,CONTROLLED_SYNTHETIC
SME002718,Synthetic SME 002718,RM002,Marmara,Technology,SMALL,LIMITED,2025-09-07,11,25261220.810000,38,True,False,48.800000,True,BRANCH,CONTROLLED_SYNTHETIC
SME002719,Synthetic SME 002719,RM005,Eastern,Healthcare,SMALL,LIMITED,2025-01-15,19,54629849.020000,46,False,False,75.670000,False,VIDEO_MEETING,CONTROLLED_SYNTHETIC
SME002720,Synthetic SME 002720,RM019,Aegean,Agriculture,SMALL,JOINT_STOCK,2022-08-18,48,46476558.800000,28,False,False,57.380000,False,RM_CALL,CONTROLLED_SYNTHETIC
SME002721,Synthetic SME 002721,RM038,Aegean,Agriculture,SMALL,LIMITED,2025-10-04,10,47360484.060000,40,False,False,63.460000,True,RM_CALL,CONTROLLED_SYNTHETIC
SME002722,Synthetic SME 002722,RM028,Eastern,Healthcare,SMALL,SOLE_PROPRIETOR,2017-05-01,111,10887318.330000,40,False,False,48.500000,True,VIDEO_MEETING,CONTROLLED_SYNTHETIC
SME002723,Synthetic SME 002723,RM009,Marmara,Retail Trade,SMALL,LIMITED,2023-06-29,37,19353547.550000,19,False,False,40.570000,True,RM_CALL,CONTROLLED_SYNTHETIC
SME002724,Synthetic SME 002724,RM047,Central Anatolia,Healthcare,SMALL,SOLE_PROPRIETOR,2016-09-12,119,16924706.900000,46,False,True,58.950000,True,VIDEO_MEETING,CONTROLLED_SYNTHETIC
SME002725,Synthetic SME 002725,RM041,Marmara,Agriculture,MEDIUM,JOINT_STOCK,2022-05-02,51,87197911.080000,86,False,False,35.630000,True,RM_CALL,CONTROLLED_SYNTHETIC
SME002726,Synthetic SME 002726,RM008,Marmara,Construction,MEDIUM,LIMITED,2023-08-12,36,226180456.890000,145,True,False,79.830000,True,BRANCH,CONTROLLED_SYNTHETIC
SME002727,Synthetic SME 002727,RM039,Eastern,Retail Trade,MEDIUM,LIMITED,2024-06-21,25,71959725.400000,207,True,True,70.340000,True,BRANCH,CONTROLLED_SYNTHETIC
SME002728,Synthetic SME 002728,RM033,Mediterranean,Manufacturing,MICRO,LIMITED,2017-05-19,111,29327453.930000,4,False,False,78.050000,True,BRANCH,CONTROLLED_SYNTHETIC
SME002729,Synthetic SME 002729,RM045,Aegean,Manufacturing,MICRO,SOLE_PROPRIETOR,2021-12-07,56,4436827.500000,9,False,False,47.560000,True,SECURE_MESSAGE,CONTROLLED_SYNTHETIC
SME002730,Synthetic SME 002730,RM012,Central Anatolia,Healthcare,SMALL,LIMITED,2019-08-28,83,12134314.220000,33,True,False,88.310000,True,RM_CALL,CONTROLLED_SYNTHETIC
SME002731,Synthetic SME 002731,RM008,Marmara,Transportation,SMALL,LIMITED,2016-10-21,117,33964457.400000,49,False,True,52.070000,True,BRANCH,CONTROLLED_SYNTHETIC
SME002732,Synthetic SME 002732,RM029,Marmara,Transportation,MICRO,SOLE_PROPRIETOR,2015-04-20,136,14281964.570000,8,False,False,17.850000,True,RM_CALL,CONTROLLED_SYNTHETIC
SME002733,Synthetic SME 002733,RM019,Aegean,Wholesale Trade,MICRO,SOLE_PROPRIETOR,2016-05-01,123,6007056.050000,7,False,False,23.630000,True,BRANCH,CONTROLLED_SYNTHETIC
SME002734,Synthetic SME 002734,RM020,Mediterranean,Hospitality,SMALL,LIMITED,2016-10-11,118,48197008.420000,34,False,False,79.390000,True,RM_CALL,CONTROLLED_SYNTHETIC
SME002735,Synthetic SME 002735,RM004,Central Anatolia,Technology,MICRO,LIMITED,2023-10-27,33,17247802.060000,6,False,False,84.570000,True,RM_CALL,CONTROLLED_SYNTHETIC
SME002736,Synthetic SME 002736,RM009,Marmara,Wholesale Trade,MICRO,JOINT_STOCK,2015-12-18,128,8655072.300000,6,False,False,75.440000,True,RM_CALL,CONTROLLED_SYNTHETIC
SME002737,Synthetic SME 002737,RM002,Marmara,Healthcare,MICRO,LIMITED,2019-03-11,89,7506406.330000,5,False,False,68.400000,True,BRANCH,CONTROLLED_SYNTHETIC
SME002738,Synthetic SME 002738,RM009,Marmara,Construction,SMALL,JOINT_STOCK,2024-06-01,26,23609030.980000,48,True,False,69.900000,True,RM_CALL,CONTROLLED_SYNTHETIC
SME002739,Synthetic SME 002739,RM009,Marmara,Technology,MEDIUM,SOLE_PROPRIETOR,2020-07-23,72,210632949.020000,185,False,False,59.580000,True,RM_CALL,CONTROLLED_SYNTHETIC
SME002740,Synthetic SME 002740,RM002,Marmara,Wholesale Trade,MICRO,SOLE_PROPRIETOR,2018-02-06,102,21139647.500000,8,True,False,24.380000,True,SECURE_MESSAGE,CONTROLLED_SYNTHETIC
SME002741,Synthetic SME 002741,RM041,Marmara,Healthcare,MEDIUM,LIMITED,2023-10-11,34,88341722.190000,214,True,False,17.330000,True,VIDEO_MEETING,CONTROLLED_SYNTHETIC
SME002742,Synthetic SME 002742,RM047,Central Anatolia,Retail Trade,MICRO,LIMITED,2016-03-30,124,21014165.220000,4,True,False,85.900000,True,RM_CALL,CONTROLLED_SYNTHETIC
SME002743,Synthetic SME 002743,RM038,Aegean,Manufacturing,MICRO,JOINT_STOCK,2026-04-08,4,26064198.080000,7,False,False,83.270000,True,BRANCH,CONTROLLED_SYNTHETIC
SME002744,Synthetic SME 002744,RM035,Central Anatolia,Hospitality,MICRO,JOINT_STOCK,2017-09-30,106,17425483.780000,4,False,False,56.780000,True,SECURE_MESSAGE,CONTROLLED_SYNTHETIC
SME002745,Synthetic SME 002745,RM004,Central Anatolia,Manufacturing,MICRO,LIMITED,2019-08-25,83,21829311.670000,4,False,False,30.720000,True,VIDEO_MEETING,CONTROLLED_SYNTHETIC
SME002746,Synthetic SME 002746,RM023,Black Sea,Hospitality,MICRO,SOLE_PROPRIETOR,2021-03-11,65,1756071.450000,3,False,False,19.160000,True,VIDEO_MEETING,CONTROLLED_SYNTHETIC
SME002747,Synthetic SME 002747,RM041,Marmara,Retail Trade,SMALL,LIMITED,2018-01-29,102,29457867.330000,19,False,False,76.570000,True,SECURE_MESSAGE,CONTROLLED_SYNTHETIC
SME002748,Synthetic SME 002748,RM015,Marmara,Technology,MICRO,LIMITED,2026-02-02,6,21723137.140000,7,False,False,80.630000,True,BRANCH,CONTROLLED_SYNTHETIC
SME002749,Synthetic SME 002749,RM027,Eastern,Wholesale Trade,MEDIUM,LIMITED,2018-10-28,93,137093808.150000,145,False,True,85.270000,True,BRANCH,CONTROLLED_SYNTHETIC
SME002750,Synthetic SME 002750,RM042,Mediterranean,Professional Services,MICRO,LIMITED,2015-03-21,137,10743043.900000,9,False,True,75.860000,True,RM_CALL,CONTROLLED_SYNTHETIC
SME002751,Synthetic SME 002751,RM011,Black Sea,Transportation,MICRO,LIMITED,2020-05-15,75,22711898.710000,4,False,False,72.200000,True,RM_CALL,CONTROLLED_SYNTHETIC
SME002752,Synthetic SME 002752,RM010,Central Anatolia,Wholesale Trade,MICRO,LIMITED,2023-08-03,36,21969334.580000,5,False,False,60.420000,True,BRANCH,CONTROLLED_SYNTHETIC
SME002753,Synthetic SME 002753,RM011,Black Sea,Transportation,SMALL,LIMITED,2020-03-13,77,25180018.990000,35,False,False,55.940000,False,RM_CALL,CONTROLLED_SYNTHETIC
SME002754,Synthetic SME 002754,RM036,Marmara,Transportation,MICRO,LIMITED,2025-01-31,18,19702763.290000,9,False,False,86.660000,True,VIDEO_MEETING,CONTROLLED_SYNTHETIC
SME002755,Synthetic SME 002755,RM021,Marmara,Hospitality,SMALL,LIMITED,2023-01-08,43,20033166.690000,30,False,True,60.140000,True,VIDEO_MEETING,CONTROLLED_SYNTHETIC
SME002756,Synthetic SME 002756,RM019,Aegean,Technology,MEDIUM,JOINT_STOCK,2015-10-19,130,70006954.540000,200,False,True,60.830000,True,VIDEO_MEETING,CONTROLLED_SYNTHETIC
SME002757,Synthetic SME 002757,RM032,Aegean,Construction,MEDIUM,LIMITED,2017-03-03,113,132351320.110000,78,True,False,27.190000,True,VIDEO_MEETING,CONTROLLED_SYNTHETIC
SME002758,Synthetic SME 002758,RM026,Black Sea,Wholesale Trade,MEDIUM,JOINT_STOCK,2021-10-16,58,82514329.860000,97,False,True,40.710000,True,RM_CALL,CONTROLLED_SYNTHETIC
SME002759,Synthetic SME 002759,RM021,Marmara,Technology,MICRO,JOINT_STOCK,2016-02-15,126,3153897.920000,3,False,False,65.980000,True,RM_CALL,CONTROLLED_SYNTHETIC
SME002760,Synthetic SME 002760,RM007,Central Anatolia,Retail Trade,SMALL,LIMITED,2022-10-29,45,49022715.130000,45,True,False,9.830000,True,VIDEO_MEETING,CONTROLLED_SYNTHETIC
SME002761,Synthetic SME 002761,RM036,Marmara,Retail Trade,MICRO,LIMITED,2024-11-20,20,29658781.300000,4,True,False,76.420000,True,RM_CALL,CONTROLLED_SYNTHETIC
SME002762,Synthetic SME 002762,RM021,Marmara,Agriculture,MICRO,SOLE_PROPRIETOR,2026-01-03,7,16320281.570000,8,True,False,22.730000,True,VIDEO_MEETING,CONTROLLED_SYNTHETIC
SME002763,Synthetic SME 002763,RM003,Black Sea,Retail Trade,MICRO,SOLE_PROPRIETOR,2022-04-08,52,5758127.640000,2,True,False,38.110000,True,SECURE_MESSAGE,CONTROLLED_SYNTHETIC
SME002764,Synthetic SME 002764,RM029,Marmara,Healthcare,SMALL,LIMITED,2015-04-30,135,21271884.170000,31,False,False,41.000000,True,RM_CALL,CONTROLLED_SYNTHETIC
SME002765,Synthetic SME 002765,RM002,Marmara,Technology,MICRO,LIMITED,2020-07-21,72,4458938.830000,3,False,False,27.670000,True,BRANCH,CONTROLLED_SYNTHETIC
SME002766,Synthetic SME 002766,RM040,Black Sea,Healthcare,SMALL,JOINT_STOCK,2024-02-03,30,10005889.130000,40,False,False,44.200000,True,RM_CALL,CONTROLLED_SYNTHETIC
SME002767,Synthetic SME 002767,RM001,Mediterranean,Manufacturing,MICRO,LIMITED,2017-05-02,111,6878453.280000,8,False,False,56.190000,True,BRANCH,CONTROLLED_SYNTHETIC
SME002768,Synthetic SME 002768,RM043,Mediterranean,Manufacturing,MICRO,SOLE_PROPRIETOR,2026-02-08,6,4602449.000000,8,False,False,57.470000,True,BRANCH,CONTROLLED_SYNTHETIC
SME002769,Synthetic SME 002769,RM021,Marmara,Wholesale Trade,SMALL,LIMITED,2019-10-21,81,28676764.760000,13,False,True,49.850000,True,BRANCH,CONTROLLED_SYNTHETIC
SME002770,Synthetic SME 002770,RM046,Mediterranean,Transportation,MICRO,SOLE_PROPRIETOR,2021-10-10,58,10992163.610000,5,False,True,68.730000,False,SECURE_MESSAGE,CONTROLLED_SYNTHETIC
SME002771,Synthetic SME 002771,RM045,Aegean,Hospitality,MICRO,LIMITED,2020-10-25,69,15739375.900000,3,False,True,52.370000,True,SECURE_MESSAGE,CONTROLLED_SYNTHETIC
SME002772,Synthetic SME 002772,RM041,Marmara,Healthcare,MICRO,SOLE_PROPRIETOR,2024-05-23,26,14080222.400000,8,False,False,84.750000,True,BRANCH,CONTROLLED_SYNTHETIC
SME002773,Synthetic SME 002773,RM036,Marmara,Professional Services,SMALL,LIMITED,2022-03-21,52,20842612.040000,16,False,False,90.950000,True,RM_CALL,CONTROLLED_SYNTHETIC
SME002774,Synthetic SME 002774,RM044,Eastern,Hospitality,MICRO,JOINT_STOCK,2021-11-02,57,9651060.370000,4,False,True,54.770000,True,SECURE_MESSAGE,CONTROLLED_SYNTHETIC
SME002775,Synthetic SME 002775,RM046,Mediterranean,Professional Services,MICRO,LIMITED,2016-07-03,121,9364477.170000,5,False,False,75.660000,True,BRANCH,CONTROLLED_SYNTHETIC
SME002776,Synthetic SME 002776,RM045,Aegean,Construction,MICRO,JOINT_STOCK,2021-02-10,66,8132444.670000,4,False,False,80.810000,True,RM_CALL,CONTROLLED_SYNTHETIC
SME002777,Synthetic SME 002777,RM025,Black Sea,Wholesale Trade,SMALL,LIMITED,2023-08-28,35,10928899.180000,21,False,False,84.330000,True,RM_CALL,CONTROLLED_SYNTHETIC
SME002778,Synthetic SME 002778,RM042,Mediterranean,Retail Trade,MICRO,LIMITED,2020-05-05,75,11682337.360000,7,True,False,64.740000,True,RM_CALL,CONTROLLED_SYNTHETIC
SME002779,Synthetic SME 002779,RM037,Aegean,Healthcare,SMALL,JOINT_STOCK,2017-06-30,109,50132417.510000,34,True,False,51.230000,True,VIDEO_MEETING,CONTROLLED_SYNTHETIC
SME002780,Synthetic SME 002780,RM029,Marmara,Agriculture,SMALL,LIMITED,2018-06-06,98,30628822.870000,15,False,True,43.130000,True,BRANCH,CONTROLLED_SYNTHETIC
SME002781,Synthetic SME 002781,RM029,Marmara,Manufacturing,SMALL,SOLE_PROPRIETOR,2022-08-12,48,21223691.230000,37,False,False,89.990000,True,VIDEO_MEETING,CONTROLLED_SYNTHETIC
SME002782,Synthetic SME 002782,RM036,Marmara,Construction,MICRO,LIMITED,2022-11-14,45,3451574.130000,2,False,True,93.680000,True,BRANCH,CONTROLLED_SYNTHETIC
SME002783,Synthetic SME 002783,RM010,Central Anatolia,Construction,MEDIUM,JOINT_STOCK,2015-10-06,130,42320876.770000,155,False,False,43.000000,True,RM_CALL,CONTROLLED_SYNTHETIC
SME002784,Synthetic SME 002784,RM029,Marmara,Hospitality,MICRO,LIMITED,2018-04-12,100,12772291.150000,5,True,False,67.600000,True,SECURE_MESSAGE,CONTROLLED_SYNTHETIC
SME002785,Synthetic SME 002785,RM004,Central Anatolia,Wholesale Trade,MICRO,LIMITED,2023-09-04,35,9860231.140000,9,False,False,65.250000,True,RM_CALL,CONTROLLED_SYNTHETIC
SME002786,Synthetic SME 002786,RM010,Central Anatolia,Manufacturing,MICRO,LIMITED,2015-03-13,137,6636663.770000,3,True,False,41.880000,True,VIDEO_MEETING,CONTROLLED_SYNTHETIC
SME002787,Synthetic SME 002787,RM027,Eastern,Agriculture,SMALL,LIMITED,2018-04-25,99,44381370.130000,12,False,False,60.780000,True,RM_CALL,CONTROLLED_SYNTHETIC
SME002788,Synthetic SME 002788,RM006,Aegean,Manufacturing,MICRO,LIMITED,2022-08-31,47,20337913.610000,7,False,False,63.180000,True,SECURE_MESSAGE,CONTROLLED_SYNTHETIC
SME002789,Synthetic SME 002789,RM008,Marmara,Manufacturing,SMALL,SOLE_PROPRIETOR,2024-02-13,30,31393995.070000,25,False,False,49.310000,True,BRANCH,CONTROLLED_SYNTHETIC
SME002790,Synthetic SME 002790,RM006,Aegean,Agriculture,MICRO,JOINT_STOCK,2018-11-24,92,7626563.290000,9,False,False,75.470000,True,RM_CALL,CONTROLLED_SYNTHETIC
SME002791,Synthetic SME 002791,RM025,Black Sea,Agriculture,SMALL,LIMITED,2015-11-04,129,8098212.600000,49,True,False,77.560000,True,RM_CALL,CONTROLLED_SYNTHETIC
SME002792,Synthetic SME 002792,RM022,Central Anatolia,Healthcare,MICRO,LIMITED,2021-08-25,59,21570828.640000,6,False,False,84.990000,True,RM_CALL,CONTROLLED_SYNTHETIC
SME002793,Synthetic SME 002793,RM008,Marmara,Hospitality,MICRO,LIMITED,2016-04-21,123,9849021.320000,5,False,True,60.950000,False,BRANCH,CONTROLLED_SYNTHETIC
SME002794,Synthetic SME 002794,RM001,Mediterranean,Retail Trade,MICRO,JOINT_STOCK,2024-09-17,23,6090798.320000,3,False,False,79.080000,True,SECURE_MESSAGE,CONTROLLED_SYNTHETIC
SME002795,Synthetic SME 002795,RM009,Marmara,Wholesale Trade,SMALL,LIMITED,2018-03-11,101,74119705.060000,32,False,True,41.040000,True,SECURE_MESSAGE,CONTROLLED_SYNTHETIC
SME002796,Synthetic SME 002796,RM002,Marmara,Technology,SMALL,LIMITED,2024-05-19,27,30653541.870000,43,False,False,17.560000,True,SECURE_MESSAGE,CONTROLLED_SYNTHETIC
SME002797,Synthetic SME 002797,RM007,Central Anatolia,Transportation,MICRO,SOLE_PROPRIETOR,2023-11-30,32,10733284.110000,4,False,False,46.950000,True,RM_CALL,CONTROLLED_SYNTHETIC
SME002798,Synthetic SME 002798,RM023,Black Sea,Agriculture,MICRO,JOINT_STOCK,2025-10-02,10,5428455.380000,3,False,True,41.310000,True,RM_CALL,CONTROLLED_SYNTHETIC
SME002799,Synthetic SME 002799,RM046,Mediterranean,Wholesale Trade,MICRO,LIMITED,2021-10-12,58,10980633.440000,5,False,False,86.670000,True,VIDEO_MEETING,CONTROLLED_SYNTHETIC
SME002800,Synthetic SME 002800,RM022,Central Anatolia,Technology,MEDIUM,SOLE_PROPRIETOR,2023-11-19,33,43177032.600000,137,False,True,58.910000,True,RM_CALL,CONTROLLED_SYNTHETIC
SME002801,Synthetic SME 002801,RM017,Aegean,Construction,MEDIUM,LIMITED,2025-03-06,17,107585362.680000,176,True,True,67.790000,True,RM_CALL,CONTROLLED_SYNTHETIC
SME002802,Synthetic SME 002802,RM008,Marmara,Technology,SMALL,JOINT_STOCK,2026-03-17,5,27217641.950000,16,False,False,75.550000,True,SECURE_MESSAGE,CONTROLLED_SYNTHETIC
SME002803,Synthetic SME 002803,RM047,Central Anatolia,Construction,SMALL,LIMITED,2025-07-11,13,7293795.350000,14,False,False,53.190000,True,RM_CALL,CONTROLLED_SYNTHETIC
SME002804,Synthetic SME 002804,RM031,Black Sea,Technology,SMALL,SOLE_PROPRIETOR,2017-07-28,108,34440835.290000,19,True,False,71.930000,True,BRANCH,CONTROLLED_SYNTHETIC
SME002805,Synthetic SME 002805,RM040,Black Sea,Hospitality,SMALL,LIMITED,2023-08-31,35,54417727.020000,44,False,True,44.400000,True,RM_CALL,CONTROLLED_SYNTHETIC
SME002806,Synthetic SME 002806,RM021,Marmara,Transportation,SMALL,JOINT_STOCK,2017-02-09,114,31581399.450000,27,True,True,64.870000,True,VIDEO_MEETING,CONTROLLED_SYNTHETIC
SME002807,Synthetic SME 002807,RM002,Marmara,Agriculture,MEDIUM,JOINT_STOCK,2021-05-27,62,72252410.980000,78,False,True,93.790000,True,BRANCH,CONTROLLED_SYNTHETIC
SME002808,Synthetic SME 002808,RM017,Aegean,Wholesale Trade,MICRO,LIMITED,2019-09-01,83,31511518.010000,8,False,False,55.210000,True,VIDEO_MEETING,CONTROLLED_SYNTHETIC
SME002809,Synthetic SME 002809,RM026,Black Sea,Agriculture,SMALL,LIMITED,2019-02-28,89,72468012.030000,34,False,False,26.960000,True,BRANCH,CONTROLLED_SYNTHETIC
SME002810,Synthetic SME 002810,RM008,Marmara,Retail Trade,MEDIUM,LIMITED,2021-05-02,63,139806672.980000,167,True,True,72.920000,True,BRANCH,CONTROLLED_SYNTHETIC
SME002811,Synthetic SME 002811,RM038,Aegean,Wholesale Trade,MICRO,LIMITED,2018-02-13,102,4405549.670000,7,False,True,94.010000,True,RM_CALL,CONTROLLED_SYNTHETIC
SME002812,Synthetic SME 002812,RM039,Eastern,Technology,MICRO,SOLE_PROPRIETOR,2018-06-08,98,4161823.650000,3,False,False,43.510000,True,BRANCH,CONTROLLED_SYNTHETIC
SME002813,Synthetic SME 002813,RM029,Marmara,Wholesale Trade,MICRO,LIMITED,2023-04-28,39,17313877.130000,3,False,False,34.660000,True,BRANCH,CONTROLLED_SYNTHETIC
SME002814,Synthetic SME 002814,RM037,Aegean,Agriculture,MICRO,LIMITED,2022-11-12,45,10245592.000000,5,False,False,76.170000,True,BRANCH,CONTROLLED_SYNTHETIC
SME002815,Synthetic SME 002815,RM008,Marmara,Retail Trade,SMALL,JOINT_STOCK,2016-05-07,123,10829364.280000,37,False,False,56.640000,True,RM_CALL,CONTROLLED_SYNTHETIC
SME002816,Synthetic SME 002816,RM012,Central Anatolia,Transportation,SMALL,JOINT_STOCK,2016-07-21,120,58433482.600000,11,False,True,48.170000,True,BRANCH,CONTROLLED_SYNTHETIC
SME002817,Synthetic SME 002817,RM042,Mediterranean,Agriculture,MICRO,LIMITED,2020-08-09,72,13719623.470000,9,False,False,75.550000,True,RM_CALL,CONTROLLED_SYNTHETIC
SME002818,Synthetic SME 002818,RM031,Black Sea,Healthcare,MICRO,JOINT_STOCK,2026-04-18,4,8613254.260000,5,False,False,55.010000,True,RM_CALL,CONTROLLED_SYNTHETIC
SME002819,Synthetic SME 002819,RM015,Marmara,Technology,MICRO,LIMITED,2018-04-17,100,9669316.980000,7,False,False,64.030000,True,SECURE_MESSAGE,CONTROLLED_SYNTHETIC
SME002820,Synthetic SME 002820,RM020,Mediterranean,Retail Trade,MICRO,LIMITED,2023-01-10,43,13259985.980000,8,True,False,57.100000,True,VIDEO_MEETING,CONTROLLED_SYNTHETIC
SME002821,Synthetic SME 002821,RM043,Mediterranean,Professional Services,SMALL,LIMITED,2018-08-08,96,39603465.400000,18,False,False,78.070000,True,BRANCH,CONTROLLED_SYNTHETIC
SME002822,Synthetic SME 002822,RM046,Mediterranean,Professional Services,SMALL,LIMITED,2024-10-09,22,35644115.010000,34,False,False,70.980000,False,BRANCH,CONTROLLED_SYNTHETIC
SME002823,Synthetic SME 002823,RM042,Mediterranean,Retail Trade,MEDIUM,JOINT_STOCK,2020-02-18,78,89796034.440000,99,False,False,89.530000,True,RM_CALL,CONTROLLED_SYNTHETIC
SME002824,Synthetic SME 002824,RM002,Marmara,Agriculture,SMALL,LIMITED,2016-06-24,121,47738181.600000,29,False,False,60.930000,True,BRANCH,CONTROLLED_SYNTHETIC
SME002825,Synthetic SME 002825,RM014,Eastern,Wholesale Trade,MICRO,JOINT_STOCK,2022-06-14,50,10747803.200000,9,False,False,76.750000,True,RM_CALL,CONTROLLED_SYNTHETIC
SME002826,Synthetic SME 002826,RM020,Mediterranean,Construction,MICRO,JOINT_STOCK,2021-12-22,55,35251545.690000,2,False,False,79.420000,True,VIDEO_MEETING,CONTROLLED_SYNTHETIC
SME002827,Synthetic SME 002827,RM027,Eastern,Manufacturing,MICRO,SOLE_PROPRIETOR,2023-01-08,43,7505293.390000,5,False,False,73.450000,True,SECURE_MESSAGE,CONTROLLED_SYNTHETIC
SME002828,Synthetic SME 002828,RM015,Marmara,Hospitality,SMALL,LIMITED,2017-02-22,113,52788778.420000,34,False,True,51.460000,True,RM_CALL,CONTROLLED_SYNTHETIC
SME002829,Synthetic SME 002829,RM008,Marmara,Wholesale Trade,SMALL,JOINT_STOCK,2022-06-02,50,29578456.680000,11,True,False,30.590000,True,VIDEO_MEETING,CONTROLLED_SYNTHETIC
SME002830,Synthetic SME 002830,RM045,Aegean,Agriculture,MICRO,LIMITED,2018-05-14,99,9638254.810000,3,True,False,76.740000,True,SECURE_MESSAGE,CONTROLLED_SYNTHETIC
SME002831,Synthetic SME 002831,RM030,Central Anatolia,Manufacturing,MICRO,SOLE_PROPRIETOR,2020-06-07,74,11806082.120000,8,False,False,32.530000,True,VIDEO_MEETING,CONTROLLED_SYNTHETIC
SME002832,Synthetic SME 002832,RM047,Central Anatolia,Healthcare,SMALL,SOLE_PROPRIETOR,2024-07-11,25,19407152.800000,14,False,False,66.940000,True,BRANCH,CONTROLLED_SYNTHETIC
SME002833,Synthetic SME 002833,RM023,Black Sea,Construction,MICRO,LIMITED,2021-01-10,67,7116391.140000,7,False,False,59.450000,True,VIDEO_MEETING,CONTROLLED_SYNTHETIC
SME002834,Synthetic SME 002834,RM034,Aegean,Healthcare,SMALL,LIMITED,2023-09-10,35,51659286.590000,13,False,False,92.910000,True,SECURE_MESSAGE,CONTROLLED_SYNTHETIC
SME002835,Synthetic SME 002835,RM006,Aegean,Technology,MICRO,SOLE_PROPRIETOR,2023-08-15,36,6398914.890000,5,True,True,51.020000,True,SECURE_MESSAGE,CONTROLLED_SYNTHETIC
SME002836,Synthetic SME 002836,RM045,Aegean,Retail Trade,MEDIUM,SOLE_PROPRIETOR,2015-08-30,131,125062592.030000,183,True,False,49.900000,False,VIDEO_MEETING,CONTROLLED_SYNTHETIC
SME002837,Synthetic SME 002837,RM038,Aegean,Healthcare,MICRO,LIMITED,2021-06-07,62,12683055.440000,7,False,True,88.880000,True,BRANCH,CONTROLLED_SYNTHETIC
SME002838,Synthetic SME 002838,RM035,Central Anatolia,Manufacturing,MEDIUM,JOINT_STOCK,2024-03-09,29,96148239.210000,130,True,False,63.730000,True,BRANCH,CONTROLLED_SYNTHETIC
SME002839,Synthetic SME 002839,RM020,Mediterranean,Wholesale Trade,SMALL,LIMITED,2020-09-07,71,47496172.320000,31,True,False,46.200000,True,BRANCH,CONTROLLED_SYNTHETIC
SME002840,Synthetic SME 002840,RM045,Aegean,Healthcare,MICRO,JOINT_STOCK,2016-05-20,123,4407849.880000,7,False,False,71.310000,True,RM_CALL,CONTROLLED_SYNTHETIC
SME002841,Synthetic SME 002841,RM039,Eastern,Professional Services,SMALL,JOINT_STOCK,2025-11-21,8,15060301.550000,10,False,False,24.250000,True,RM_CALL,CONTROLLED_SYNTHETIC
SME002842,Synthetic SME 002842,RM043,Mediterranean,Manufacturing,MICRO,JOINT_STOCK,2018-09-09,95,3965207.200000,7,False,False,47.060000,True,RM_CALL,CONTROLLED_SYNTHETIC
SME002843,Synthetic SME 002843,RM012,Central Anatolia,Agriculture,SMALL,SOLE_PROPRIETOR,2021-04-25,63,52392148.560000,42,True,True,81.710000,True,RM_CALL,CONTROLLED_SYNTHETIC
SME002844,Synthetic SME 002844,RM012,Central Anatolia,Retail Trade,SMALL,LIMITED,2023-08-25,35,19737754.610000,16,False,True,80.960000,True,RM_CALL,CONTROLLED_SYNTHETIC
SME002845,Synthetic SME 002845,RM015,Marmara,Manufacturing,SMALL,LIMITED,2019-09-13,83,31156750.060000,41,False,False,81.590000,True,RM_CALL,CONTROLLED_SYNTHETIC
SME002846,Synthetic SME 002846,RM037,Aegean,Retail Trade,SMALL,JOINT_STOCK,2019-11-19,81,21711785.440000,27,False,True,48.310000,False,BRANCH,CONTROLLED_SYNTHETIC
SME002847,Synthetic SME 002847,RM028,Eastern,Healthcare,SMALL,SOLE_PROPRIETOR,2019-01-23,90,17701076.220000,34,False,False,32.770000,True,RM_CALL,CONTROLLED_SYNTHETIC
SME002848,Synthetic SME 002848,RM004,Central Anatolia,Hospitality,MEDIUM,JOINT_STOCK,2024-01-09,31,63847116.060000,140,False,False,90.510000,True,RM_CALL,CONTROLLED_SYNTHETIC
SME002849,Synthetic SME 002849,RM032,Aegean,Retail Trade,SMALL,JOINT_STOCK,2019-03-10,89,17104771.690000,40,False,True,49.850000,True,SECURE_MESSAGE,CONTROLLED_SYNTHETIC
SME002850,Synthetic SME 002850,RM029,Marmara,Wholesale Trade,MICRO,LIMITED,2020-07-21,72,5653841.640000,5,False,False,80.250000,True,VIDEO_MEETING,CONTROLLED_SYNTHETIC
SME002851,Synthetic SME 002851,RM021,Marmara,Transportation,SMALL,LIMITED,2016-10-06,118,22630144.530000,40,False,False,72.080000,True,BRANCH,CONTROLLED_SYNTHETIC
SME002852,Synthetic SME 002852,RM003,Black Sea,Healthcare,MICRO,LIMITED,2020-05-15,75,6915974.600000,6,False,True,39.530000,True,BRANCH,CONTROLLED_SYNTHETIC
SME002853,Synthetic SME 002853,RM026,Black Sea,Transportation,SMALL,JOINT_STOCK,2017-05-29,110,15040551.000000,15,False,False,48.270000,True,VIDEO_MEETING,CONTROLLED_SYNTHETIC
SME002854,Synthetic SME 002854,RM022,Central Anatolia,Hospitality,MICRO,SOLE_PROPRIETOR,2020-03-25,76,9964269.530000,4,False,False,86.380000,True,VIDEO_MEETING,CONTROLLED_SYNTHETIC
SME002855,Synthetic SME 002855,RM004,Central Anatolia,Transportation,MICRO,JOINT_STOCK,2022-04-18,52,12238447.760000,4,False,False,54.930000,True,RM_CALL,CONTROLLED_SYNTHETIC
SME002856,Synthetic SME 002856,RM037,Aegean,Hospitality,SMALL,LIMITED,2017-12-07,104,42031188.370000,36,False,True,32.620000,True,RM_CALL,CONTROLLED_SYNTHETIC
SME002857,Synthetic SME 002857,RM044,Eastern,Agriculture,MICRO,LIMITED,2016-03-26,124,13325280.640000,8,False,False,59.330000,True,RM_CALL,CONTROLLED_SYNTHETIC
SME002858,Synthetic SME 002858,RM009,Marmara,Hospitality,SMALL,JOINT_STOCK,2025-10-25,9,49112768.290000,43,False,True,51.910000,True,RM_CALL,CONTROLLED_SYNTHETIC
SME002859,Synthetic SME 002859,RM035,Central Anatolia,Transportation,SMALL,SOLE_PROPRIETOR,2016-10-13,118,20357385.740000,14,False,True,56.450000,False,BRANCH,CONTROLLED_SYNTHETIC
SME002860,Synthetic SME 002860,RM021,Marmara,Retail Trade,SMALL,JOINT_STOCK,2018-01-26,102,16277885.310000,24,False,False,67.050000,True,RM_CALL,CONTROLLED_SYNTHETIC
SME002861,Synthetic SME 002861,RM003,Black Sea,Transportation,MICRO,LIMITED,2023-09-30,34,7922756.910000,3,True,True,42.160000,True,BRANCH,CONTROLLED_SYNTHETIC
SME002862,Synthetic SME 002862,RM016,Mediterranean,Professional Services,MICRO,LIMITED,2023-10-19,34,9503153.450000,8,False,False,31.580000,True,RM_CALL,CONTROLLED_SYNTHETIC
SME002863,Synthetic SME 002863,RM042,Mediterranean,Manufacturing,SMALL,LIMITED,2026-03-13,5,60851006.110000,36,False,False,71.090000,True,BRANCH,CONTROLLED_SYNTHETIC
SME002864,Synthetic SME 002864,RM014,Eastern,Agriculture,MICRO,SOLE_PROPRIETOR,2018-01-07,103,16797848.640000,3,True,False,23.590000,True,SECURE_MESSAGE,CONTROLLED_SYNTHETIC
SME002865,Synthetic SME 002865,RM036,Marmara,Construction,SMALL,LIMITED,2024-10-08,22,44349526.270000,43,False,False,51.140000,True,RM_CALL,CONTROLLED_SYNTHETIC
SME002866,Synthetic SME 002866,RM031,Black Sea,Healthcare,SMALL,JOINT_STOCK,2023-11-15,33,27751688.220000,32,False,False,77.300000,True,BRANCH,CONTROLLED_SYNTHETIC
SME002867,Synthetic SME 002867,RM043,Mediterranean,Agriculture,MEDIUM,SOLE_PROPRIETOR,2025-04-09,16,97273830.330000,223,False,True,72.480000,True,RM_CALL,CONTROLLED_SYNTHETIC
SME002868,Synthetic SME 002868,RM026,Black Sea,Transportation,MICRO,JOINT_STOCK,2019-04-08,88,6911437.700000,5,False,False,78.840000,True,VIDEO_MEETING,CONTROLLED_SYNTHETIC
SME002869,Synthetic SME 002869,RM016,Mediterranean,Wholesale Trade,MICRO,LIMITED,2024-03-13,29,4529139.870000,5,False,False,84.570000,True,VIDEO_MEETING,CONTROLLED_SYNTHETIC
SME002870,Synthetic SME 002870,RM047,Central Anatolia,Retail Trade,MICRO,LIMITED,2019-12-13,80,13737309.150000,3,False,False,73.190000,True,RM_CALL,CONTROLLED_SYNTHETIC
SME002871,Synthetic SME 002871,RM047,Central Anatolia,Agriculture,MICRO,LIMITED,2018-09-12,95,6451427.520000,5,False,True,72.570000,True,BRANCH,CONTROLLED_SYNTHETIC
SME002872,Synthetic SME 002872,RM030,Central Anatolia,Healthcare,MICRO,JOINT_STOCK,2016-02-28,125,9401393.040000,7,False,False,84.800000,True,SECURE_MESSAGE,CONTROLLED_SYNTHETIC
SME002873,Synthetic SME 002873,RM022,Central Anatolia,Transportation,MICRO,JOINT_STOCK,2019-07-17,85,3736682.150000,4,False,False,58.180000,True,SECURE_MESSAGE,CONTROLLED_SYNTHETIC
SME002874,Synthetic SME 002874,RM022,Central Anatolia,Professional Services,SMALL,JOINT_STOCK,2024-02-27,29,26687114.980000,29,False,False,67.980000,True,RM_CALL,CONTROLLED_SYNTHETIC
SME002875,Synthetic SME 002875,RM037,Aegean,Hospitality,MICRO,JOINT_STOCK,2019-07-09,85,9047184.300000,8,False,True,59.770000,True,RM_CALL,CONTROLLED_SYNTHETIC
SME002876,Synthetic SME 002876,RM015,Marmara,Transportation,MEDIUM,LIMITED,2022-02-28,53,132892398.310000,141,True,False,36.040000,True,RM_CALL,CONTROLLED_SYNTHETIC
SME002877,Synthetic SME 002877,RM040,Black Sea,Technology,MICRO,LIMITED,2023-04-23,39,18196934.860000,6,False,False,59.780000,True,VIDEO_MEETING,CONTROLLED_SYNTHETIC
SME002878,Synthetic SME 002878,RM002,Marmara,Hospitality,MEDIUM,SOLE_PROPRIETOR,2016-07-28,120,240754013.170000,200,False,True,45.690000,True,SECURE_MESSAGE,CONTROLLED_SYNTHETIC
SME002879,Synthetic SME 002879,RM002,Marmara,Healthcare,MICRO,LIMITED,2021-05-03,63,10894684.470000,4,False,False,26.800000,True,BRANCH,CONTROLLED_SYNTHETIC
SME002880,Synthetic SME 002880,RM036,Marmara,Agriculture,SMALL,LIMITED,2017-02-20,113,30634118.970000,36,False,False,77.160000,False,BRANCH,CONTROLLED_SYNTHETIC
SME002881,Synthetic SME 002881,RM004,Central Anatolia,Transportation,MICRO,LIMITED,2024-12-15,20,3502637.560000,7,False,False,87.860000,True,BRANCH,CONTROLLED_SYNTHETIC
SME002882,Synthetic SME 002882,RM009,Marmara,Manufacturing,SMALL,SOLE_PROPRIETOR,2015-12-22,127,53268294.830000,48,True,False,88.530000,True,RM_CALL,CONTROLLED_SYNTHETIC
SME002883,Synthetic SME 002883,RM002,Marmara,Construction,MICRO,SOLE_PROPRIETOR,2018-04-03,100,7078046.120000,8,False,False,53.730000,True,RM_CALL,CONTROLLED_SYNTHETIC
SME002884,Synthetic SME 002884,RM010,Central Anatolia,Wholesale Trade,MEDIUM,SOLE_PROPRIETOR,2017-09-20,106,122145830.020000,111,True,False,46.590000,True,VIDEO_MEETING,CONTROLLED_SYNTHETIC
SME002885,Synthetic SME 002885,RM021,Marmara,Hospitality,MEDIUM,JOINT_STOCK,2020-07-12,73,269494601.990000,56,True,False,71.050000,True,BRANCH,CONTROLLED_SYNTHETIC
SME002886,Synthetic SME 002886,RM012,Central Anatolia,Professional Services,MICRO,JOINT_STOCK,2016-05-09,123,14769082.710000,8,False,False,86.820000,True,VIDEO_MEETING,CONTROLLED_SYNTHETIC
SME002887,Synthetic SME 002887,RM021,Marmara,Wholesale Trade,MICRO,LIMITED,2018-10-27,93,18920327.720000,2,True,False,78.010000,True,RM_CALL,CONTROLLED_SYNTHETIC
SME002888,Synthetic SME 002888,RM025,Black Sea,Hospitality,MICRO,JOINT_STOCK,2025-05-21,14,11162094.620000,8,True,False,31.900000,False,BRANCH,CONTROLLED_SYNTHETIC
SME002889,Synthetic SME 002889,RM036,Marmara,Wholesale Trade,MICRO,SOLE_PROPRIETOR,2023-12-19,32,8963171.650000,9,False,False,91.270000,True,RM_CALL,CONTROLLED_SYNTHETIC
SME002890,Synthetic SME 002890,RM031,Black Sea,Construction,MEDIUM,JOINT_STOCK,2019-09-16,83,112629372.430000,160,False,False,75.380000,True,RM_CALL,CONTROLLED_SYNTHETIC
SME002891,Synthetic SME 002891,RM048,Eastern,Healthcare,SMALL,JOINT_STOCK,2017-01-13,115,19955686.860000,35,True,False,47.930000,True,BRANCH,CONTROLLED_SYNTHETIC
SME002892,Synthetic SME 002892,RM015,Marmara,Construction,MICRO,JOINT_STOCK,2019-03-22,88,17456704.030000,4,False,False,14.380000,True,BRANCH,CONTROLLED_SYNTHETIC
SME002893,Synthetic SME 002893,RM046,Mediterranean,Professional Services,MICRO,LIMITED,2015-03-14,137,22137974.270000,4,False,False,36.390000,True,SECURE_MESSAGE,CONTROLLED_SYNTHETIC
SME002894,Synthetic SME 002894,RM019,Aegean,Technology,SMALL,LIMITED,2019-04-10,88,52980223.830000,13,False,False,70.800000,True,BRANCH,CONTROLLED_SYNTHETIC
SME002895,Synthetic SME 002895,RM017,Aegean,Transportation,MICRO,LIMITED,2021-12-07,56,8650553.350000,2,False,False,76.860000,True,RM_CALL,CONTROLLED_SYNTHETIC
SME002896,Synthetic SME 002896,RM029,Marmara,Retail Trade,SMALL,SOLE_PROPRIETOR,2018-01-01,103,33915023.370000,47,False,False,23.230000,True,BRANCH,CONTROLLED_SYNTHETIC
SME002897,Synthetic SME 002897,RM043,Mediterranean,Hospitality,MEDIUM,SOLE_PROPRIETOR,2017-03-16,113,73541156.360000,147,False,True,82.670000,True,VIDEO_MEETING,CONTROLLED_SYNTHETIC
SME002898,Synthetic SME 002898,RM035,Central Anatolia,Retail Trade,MICRO,LIMITED,2024-10-01,22,9364908.850000,8,True,False,63.380000,True,RM_CALL,CONTROLLED_SYNTHETIC
SME002899,Synthetic SME 002899,RM035,Central Anatolia,Professional Services,MICRO,LIMITED,2026-04-14,4,13984854.760000,7,True,False,72.230000,False,SECURE_MESSAGE,CONTROLLED_SYNTHETIC
SME002900,Synthetic SME 002900,RM048,Eastern,Technology,MICRO,SOLE_PROPRIETOR,2019-12-17,80,6829170.110000,7,False,False,68.010000,True,VIDEO_MEETING,CONTROLLED_SYNTHETIC
SME002901,Synthetic SME 002901,RM001,Mediterranean,Construction,MICRO,LIMITED,2024-08-09,24,9283618.570000,3,False,False,82.690000,True,BRANCH,CONTROLLED_SYNTHETIC
SME002902,Synthetic SME 002902,RM002,Marmara,Hospitality,MICRO,LIMITED,2025-10-02,10,25561069.210000,4,False,True,45.440000,True,SECURE_MESSAGE,CONTROLLED_SYNTHETIC
SME002903,Synthetic SME 002903,RM010,Central Anatolia,Professional Services,MICRO,LIMITED,2019-12-16,80,7242812.590000,6,False,True,55.800000,True,RM_CALL,CONTROLLED_SYNTHETIC
SME002904,Synthetic SME 002904,RM030,Central Anatolia,Manufacturing,SMALL,LIMITED,2023-01-30,42,24543042.300000,49,False,False,74.380000,True,VIDEO_MEETING,CONTROLLED_SYNTHETIC
SME002905,Synthetic SME 002905,RM033,Mediterranean,Retail Trade,SMALL,LIMITED,2015-08-06,132,96538118.360000,15,True,False,77.430000,True,BRANCH,CONTROLLED_SYNTHETIC
SME002906,Synthetic SME 002906,RM009,Marmara,Manufacturing,MICRO,JOINT_STOCK,2025-07-11,13,3242900.100000,8,False,False,44.170000,True,RM_CALL,CONTROLLED_SYNTHETIC
SME002907,Synthetic SME 002907,RM025,Black Sea,Professional Services,MICRO,SOLE_PROPRIETOR,2024-11-08,21,4249342.100000,9,False,False,55.040000,True,SECURE_MESSAGE,CONTROLLED_SYNTHETIC
SME002908,Synthetic SME 002908,RM038,Aegean,Hospitality,MICRO,LIMITED,2019-04-11,88,20408452.760000,3,False,False,64.890000,True,VIDEO_MEETING,CONTROLLED_SYNTHETIC
SME002909,Synthetic SME 002909,RM030,Central Anatolia,Transportation,MICRO,JOINT_STOCK,2025-02-12,18,19165904.590000,8,False,False,44.890000,True,RM_CALL,CONTROLLED_SYNTHETIC
SME002910,Synthetic SME 002910,RM009,Marmara,Manufacturing,MICRO,LIMITED,2016-10-21,117,8869263.630000,8,False,False,70.520000,True,VIDEO_MEETING,CONTROLLED_SYNTHETIC
SME002911,Synthetic SME 002911,RM008,Marmara,Professional Services,MICRO,LIMITED,2022-01-25,54,26147753.360000,5,False,False,65.930000,True,RM_CALL,CONTROLLED_SYNTHETIC
SME002912,Synthetic SME 002912,RM004,Central Anatolia,Wholesale Trade,SMALL,LIMITED,2019-02-20,89,32113201.130000,19,False,False,38.960000,False,RM_CALL,CONTROLLED_SYNTHETIC
SME002913,Synthetic SME 002913,RM031,Black Sea,Healthcare,MICRO,LIMITED,2021-01-28,66,8710006.410000,6,False,False,42.560000,True,SECURE_MESSAGE,CONTROLLED_SYNTHETIC
SME002914,Synthetic SME 002914,RM047,Central Anatolia,Technology,SMALL,LIMITED,2016-09-01,119,77882027.300000,21,False,False,57.480000,True,RM_CALL,CONTROLLED_SYNTHETIC
SME002915,Synthetic SME 002915,RM013,Black Sea,Wholesale Trade,MICRO,LIMITED,2020-02-19,77,4927343.010000,3,False,False,50.190000,True,SECURE_MESSAGE,CONTROLLED_SYNTHETIC
SME002916,Synthetic SME 002916,RM036,Marmara,Agriculture,SMALL,LIMITED,2018-12-14,92,39371568.900000,43,True,False,46.080000,True,RM_CALL,CONTROLLED_SYNTHETIC
SME002917,Synthetic SME 002917,RM008,Marmara,Hospitality,MEDIUM,JOINT_STOCK,2022-10-15,46,81323212.510000,95,True,False,68.680000,True,SECURE_MESSAGE,CONTROLLED_SYNTHETIC
SME002918,Synthetic SME 002918,RM013,Black Sea,Transportation,MICRO,SOLE_PROPRIETOR,2018-07-25,96,3683462.560000,6,True,False,79.240000,True,RM_CALL,CONTROLLED_SYNTHETIC
SME002919,Synthetic SME 002919,RM012,Central Anatolia,Transportation,MEDIUM,JOINT_STOCK,2016-02-08,126,77860536.990000,181,False,True,52.680000,True,RM_CALL,CONTROLLED_SYNTHETIC
SME002920,Synthetic SME 002920,RM003,Black Sea,Hospitality,SMALL,JOINT_STOCK,2019-09-14,83,61408556.350000,42,False,False,52.680000,True,RM_CALL,CONTROLLED_SYNTHETIC
SME002921,Synthetic SME 002921,RM045,Aegean,Retail Trade,MEDIUM,SOLE_PROPRIETOR,2022-01-25,54,239507436.010000,190,True,False,93.340000,True,RM_CALL,CONTROLLED_SYNTHETIC
SME002922,Synthetic SME 002922,RM024,Eastern,Manufacturing,SMALL,LIMITED,2019-12-24,79,42502436.200000,11,False,True,51.580000,True,RM_CALL,CONTROLLED_SYNTHETIC
SME002923,Synthetic SME 002923,RM007,Central Anatolia,Construction,MICRO,SOLE_PROPRIETOR,2020-05-21,74,11514105.610000,6,False,False,92.650000,True,VIDEO_MEETING,CONTROLLED_SYNTHETIC
SME002924,Synthetic SME 002924,RM036,Marmara,Professional Services,MEDIUM,LIMITED,2024-11-30,20,65775852.590000,217,False,True,14.760000,True,RM_CALL,CONTROLLED_SYNTHETIC
SME002925,Synthetic SME 002925,RM023,Black Sea,Healthcare,MICRO,JOINT_STOCK,2019-10-01,82,9994343.820000,9,True,False,55.450000,True,SECURE_MESSAGE,CONTROLLED_SYNTHETIC
SME002926,Synthetic SME 002926,RM008,Marmara,Manufacturing,MICRO,SOLE_PROPRIETOR,2019-02-06,90,3485812.140000,5,True,True,64.720000,True,RM_CALL,CONTROLLED_SYNTHETIC
SME002927,Synthetic SME 002927,RM038,Aegean,Hospitality,MICRO,LIMITED,2020-04-12,76,10707574.770000,3,False,False,37.160000,True,RM_CALL,CONTROLLED_SYNTHETIC
SME002928,Synthetic SME 002928,RM029,Marmara,Wholesale Trade,SMALL,LIMITED,2019-07-27,84,13892368.400000,27,False,False,83.260000,True,SECURE_MESSAGE,CONTROLLED_SYNTHETIC
SME002929,Synthetic SME 002929,RM021,Marmara,Manufacturing,MICRO,JOINT_STOCK,2023-08-17,36,8839514.280000,2,False,False,80.490000,True,RM_CALL,CONTROLLED_SYNTHETIC
SME002930,Synthetic SME 002930,RM009,Marmara,Manufacturing,MICRO,JOINT_STOCK,2015-08-15,132,10448811.470000,7,True,False,41.640000,True,VIDEO_MEETING,CONTROLLED_SYNTHETIC
SME002931,Synthetic SME 002931,RM036,Marmara,Manufacturing,MICRO,JOINT_STOCK,2017-06-12,110,13130965.990000,9,False,False,39.250000,True,RM_CALL,CONTROLLED_SYNTHETIC
SME002932,Synthetic SME 002932,RM021,Marmara,Healthcare,MICRO,LIMITED,2023-05-29,38,5157265.990000,2,False,False,37.870000,True,RM_CALL,CONTROLLED_SYNTHETIC
SME002933,Synthetic SME 002933,RM029,Marmara,Construction,SMALL,JOINT_STOCK,2024-04-27,27,15635348.760000,38,False,False,40.660000,True,BRANCH,CONTROLLED_SYNTHETIC
SME002934,Synthetic SME 002934,RM010,Central Anatolia,Wholesale Trade,SMALL,LIMITED,2026-02-25,5,21910393.330000,25,False,False,75.940000,True,VIDEO_MEETING,CONTROLLED_SYNTHETIC
SME002935,Synthetic SME 002935,RM022,Central Anatolia,Professional Services,MEDIUM,JOINT_STOCK,2025-11-03,9,75686827.160000,70,False,False,64.430000,True,RM_CALL,CONTROLLED_SYNTHETIC
SME002936,Synthetic SME 002936,RM045,Aegean,Hospitality,SMALL,LIMITED,2018-10-03,94,50074572.610000,18,False,False,33.640000,True,SECURE_MESSAGE,CONTROLLED_SYNTHETIC
SME002937,Synthetic SME 002937,RM045,Aegean,Hospitality,SMALL,SOLE_PROPRIETOR,2024-12-18,20,19989268.200000,29,True,True,78.090000,True,SECURE_MESSAGE,CONTROLLED_SYNTHETIC
SME002938,Synthetic SME 002938,RM020,Mediterranean,Hospitality,SMALL,LIMITED,2015-12-20,128,33419920.780000,31,True,False,60.200000,True,BRANCH,CONTROLLED_SYNTHETIC
SME002939,Synthetic SME 002939,RM002,Marmara,Technology,SMALL,LIMITED,2026-02-04,6,15256036.000000,16,False,True,67.100000,True,BRANCH,CONTROLLED_SYNTHETIC
SME002940,Synthetic SME 002940,RM029,Marmara,Healthcare,MEDIUM,JOINT_STOCK,2026-04-07,4,167749669.690000,118,True,False,71.120000,True,RM_CALL,CONTROLLED_SYNTHETIC
SME002941,Synthetic SME 002941,RM010,Central Anatolia,Agriculture,MICRO,JOINT_STOCK,2025-05-18,15,13165519.630000,7,False,True,73.450000,True,RM_CALL,CONTROLLED_SYNTHETIC
SME002942,Synthetic SME 002942,RM034,Aegean,Manufacturing,MICRO,SOLE_PROPRIETOR,2015-08-02,132,4843586.470000,7,False,True,52.190000,True,RM_CALL,CONTROLLED_SYNTHETIC
SME002943,Synthetic SME 002943,RM021,Marmara,Manufacturing,MICRO,LIMITED,2015-10-13,130,5334884.190000,2,False,False,69.210000,True,BRANCH,CONTROLLED_SYNTHETIC
SME002944,Synthetic SME 002944,RM021,Marmara,Hospitality,MICRO,LIMITED,2017-01-15,115,13122464.230000,4,False,False,66.140000,True,RM_CALL,CONTROLLED_SYNTHETIC
SME002945,Synthetic SME 002945,RM034,Aegean,Healthcare,MICRO,LIMITED,2024-10-31,21,32249092.270000,6,True,False,44.540000,True,BRANCH,CONTROLLED_SYNTHETIC
SME002946,Synthetic SME 002946,RM030,Central Anatolia,Retail Trade,SMALL,LIMITED,2024-04-01,28,45483478.150000,21,False,False,59.440000,True,RM_CALL,CONTROLLED_SYNTHETIC
SME002947,Synthetic SME 002947,RM030,Central Anatolia,Wholesale Trade,SMALL,JOINT_STOCK,2023-04-16,40,44920170.000000,34,False,False,34.000000,True,RM_CALL,CONTROLLED_SYNTHETIC
SME002948,Synthetic SME 002948,RM037,Aegean,Construction,SMALL,JOINT_STOCK,2022-11-25,44,55576237.120000,26,False,False,86.480000,True,BRANCH,CONTROLLED_SYNTHETIC
SME002949,Synthetic SME 002949,RM029,Marmara,Manufacturing,SMALL,SOLE_PROPRIETOR,2016-01-27,126,33130308.830000,21,False,False,55.030000,True,VIDEO_MEETING,CONTROLLED_SYNTHETIC
SME002950,Synthetic SME 002950,RM002,Marmara,Professional Services,SMALL,LIMITED,2016-02-09,126,81579480.400000,10,False,False,15.780000,True,RM_CALL,CONTROLLED_SYNTHETIC
SME002951,Synthetic SME 002951,RM004,Central Anatolia,Healthcare,MICRO,SOLE_PROPRIETOR,2016-09-19,118,10803488.170000,8,True,False,70.000000,True,BRANCH,CONTROLLED_SYNTHETIC
SME002952,Synthetic SME 002952,RM047,Central Anatolia,Hospitality,MEDIUM,SOLE_PROPRIETOR,2025-08-25,11,140258340.030000,86,True,True,35.980000,True,RM_CALL,CONTROLLED_SYNTHETIC
SME002953,Synthetic SME 002953,RM015,Marmara,Technology,MICRO,LIMITED,2022-06-02,50,7391560.600000,6,False,False,28.010000,True,RM_CALL,CONTROLLED_SYNTHETIC
SME002954,Synthetic SME 002954,RM033,Mediterranean,Healthcare,SMALL,LIMITED,2019-05-09,87,35875195.100000,33,False,True,19.580000,True,RM_CALL,CONTROLLED_SYNTHETIC
SME002955,Synthetic SME 002955,RM048,Eastern,Wholesale Trade,MICRO,LIMITED,2021-08-23,59,8033669.620000,5,False,False,68.450000,True,VIDEO_MEETING,CONTROLLED_SYNTHETIC
SME002956,Synthetic SME 002956,RM002,Marmara,Construction,MICRO,JOINT_STOCK,2025-08-03,12,2253424.040000,2,True,False,74.350000,True,RM_CALL,CONTROLLED_SYNTHETIC
SME002957,Synthetic SME 002957,RM011,Black Sea,Professional Services,SMALL,LIMITED,2024-12-25,19,20737796.480000,18,False,False,54.940000,True,RM_CALL,CONTROLLED_SYNTHETIC
SME002958,Synthetic SME 002958,RM032,Aegean,Transportation,MICRO,LIMITED,2015-05-31,134,5186970.250000,4,True,False,78.110000,True,VIDEO_MEETING,CONTROLLED_SYNTHETIC
SME002959,Synthetic SME 002959,RM028,Eastern,Transportation,MICRO,LIMITED,2018-02-05,102,5483421.590000,6,True,False,42.680000,True,VIDEO_MEETING,CONTROLLED_SYNTHETIC
SME002960,Synthetic SME 002960,RM030,Central Anatolia,Healthcare,SMALL,LIMITED,2020-07-04,73,28842941.920000,36,False,True,88.740000,True,RM_CALL,CONTROLLED_SYNTHETIC
SME002961,Synthetic SME 002961,RM015,Marmara,Wholesale Trade,MICRO,LIMITED,2020-01-16,79,11646006.290000,5,False,False,80.090000,True,VIDEO_MEETING,CONTROLLED_SYNTHETIC
SME002962,Synthetic SME 002962,RM029,Marmara,Agriculture,MEDIUM,LIMITED,2020-03-27,76,45533679.420000,142,True,False,92.790000,True,SECURE_MESSAGE,CONTROLLED_SYNTHETIC
SME002963,Synthetic SME 002963,RM013,Black Sea,Technology,MICRO,LIMITED,2020-12-27,67,3103704.370000,6,False,False,69.470000,True,RM_CALL,CONTROLLED_SYNTHETIC
SME002964,Synthetic SME 002964,RM026,Black Sea,Wholesale Trade,SMALL,JOINT_STOCK,2017-09-08,107,42807271.730000,12,False,False,82.470000,True,SECURE_MESSAGE,CONTROLLED_SYNTHETIC
SME002965,Synthetic SME 002965,RM029,Marmara,Hospitality,MICRO,SOLE_PROPRIETOR,2015-04-25,135,11639854.050000,3,False,False,86.300000,False,RM_CALL,CONTROLLED_SYNTHETIC
SME002966,Synthetic SME 002966,RM015,Marmara,Wholesale Trade,SMALL,LIMITED,2020-04-22,75,15848516.960000,37,False,False,81.370000,True,RM_CALL,CONTROLLED_SYNTHETIC
SME002967,Synthetic SME 002967,RM022,Central Anatolia,Manufacturing,MICRO,LIMITED,2022-02-22,53,8978003.100000,6,False,False,88.800000,True,VIDEO_MEETING,CONTROLLED_SYNTHETIC
SME002968,Synthetic SME 002968,RM005,Eastern,Retail Trade,MICRO,LIMITED,2017-11-27,104,7795666.490000,4,False,False,60.650000,True,RM_CALL,CONTROLLED_SYNTHETIC
SME002969,Synthetic SME 002969,RM042,Mediterranean,Healthcare,MICRO,SOLE_PROPRIETOR,2022-01-28,54,15468708.510000,5,False,False,69.840000,True,VIDEO_MEETING,CONTROLLED_SYNTHETIC
SME002970,Synthetic SME 002970,RM010,Central Anatolia,Manufacturing,MEDIUM,SOLE_PROPRIETOR,2016-03-23,124,92608979.290000,135,False,True,35.130000,True,RM_CALL,CONTROLLED_SYNTHETIC
SME002971,Synthetic SME 002971,RM002,Marmara,Healthcare,MICRO,LIMITED,2024-05-22,26,4278357.750000,3,False,True,67.950000,True,RM_CALL,CONTROLLED_SYNTHETIC
SME002972,Synthetic SME 002972,RM021,Marmara,Transportation,SMALL,LIMITED,2018-04-02,100,17573220.220000,21,False,False,78.780000,True,BRANCH,CONTROLLED_SYNTHETIC
SME002973,Synthetic SME 002973,RM024,Eastern,Technology,MICRO,JOINT_STOCK,2017-05-05,111,27171576.920000,7,False,False,82.730000,True,VIDEO_MEETING,CONTROLLED_SYNTHETIC
SME002974,Synthetic SME 002974,RM034,Aegean,Wholesale Trade,MICRO,JOINT_STOCK,2016-08-21,119,13682972.400000,5,False,False,35.340000,True,BRANCH,CONTROLLED_SYNTHETIC
SME002975,Synthetic SME 002975,RM030,Central Anatolia,Technology,MICRO,JOINT_STOCK,2017-01-26,114,3506263.290000,8,False,False,51.670000,True,BRANCH,CONTROLLED_SYNTHETIC
SME002976,Synthetic SME 002976,RM008,Marmara,Technology,SMALL,LIMITED,2015-02-20,137,48177326.170000,16,False,True,41.270000,True,SECURE_MESSAGE,CONTROLLED_SYNTHETIC
SME002977,Synthetic SME 002977,RM005,Eastern,Construction,MICRO,JOINT_STOCK,2019-02-25,89,5981663.630000,6,False,False,64.680000,True,RM_CALL,CONTROLLED_SYNTHETIC
SME002978,Synthetic SME 002978,RM001,Mediterranean,Professional Services,SMALL,LIMITED,2016-10-26,117,28331105.510000,25,False,False,54.940000,True,RM_CALL,CONTROLLED_SYNTHETIC
SME002979,Synthetic SME 002979,RM034,Aegean,Transportation,MICRO,SOLE_PROPRIETOR,2025-01-14,19,7858702.240000,2,False,False,54.630000,True,BRANCH,CONTROLLED_SYNTHETIC
SME002980,Synthetic SME 002980,RM002,Marmara,Healthcare,SMALL,LIMITED,2015-12-12,128,24326641.360000,18,False,False,43.350000,True,BRANCH,CONTROLLED_SYNTHETIC
SME002981,Synthetic SME 002981,RM019,Aegean,Hospitality,MICRO,LIMITED,2019-03-12,89,10304121.190000,2,True,True,51.270000,True,BRANCH,CONTROLLED_SYNTHETIC
SME002982,Synthetic SME 002982,RM008,Marmara,Professional Services,MICRO,LIMITED,2022-10-25,45,18285320.390000,7,False,False,43.680000,True,VIDEO_MEETING,CONTROLLED_SYNTHETIC
SME002983,Synthetic SME 002983,RM020,Mediterranean,Retail Trade,MICRO,LIMITED,2024-05-25,26,4630703.870000,8,False,True,51.130000,True,RM_CALL,CONTROLLED_SYNTHETIC
SME002984,Synthetic SME 002984,RM008,Marmara,Professional Services,MICRO,LIMITED,2025-07-19,13,28968308.280000,8,False,False,53.540000,True,SECURE_MESSAGE,CONTROLLED_SYNTHETIC
SME002985,Synthetic SME 002985,RM043,Mediterranean,Hospitality,MICRO,LIMITED,2019-12-14,80,10291005.720000,8,True,False,71.710000,False,VIDEO_MEETING,CONTROLLED_SYNTHETIC
SME002986,Synthetic SME 002986,RM046,Mediterranean,Agriculture,SMALL,SOLE_PROPRIETOR,2017-11-14,105,21794156.510000,16,False,False,61.030000,True,SECURE_MESSAGE,CONTROLLED_SYNTHETIC
SME002987,Synthetic SME 002987,RM004,Central Anatolia,Technology,MICRO,JOINT_STOCK,2022-11-26,44,26295351.030000,5,True,False,70.500000,True,RM_CALL,CONTROLLED_SYNTHETIC
SME002988,Synthetic SME 002988,RM017,Aegean,Wholesale Trade,MICRO,SOLE_PROPRIETOR,2015-06-26,133,16804327.910000,9,False,False,86.540000,True,VIDEO_MEETING,CONTROLLED_SYNTHETIC
SME002989,Synthetic SME 002989,RM041,Marmara,Retail Trade,SMALL,SOLE_PROPRIETOR,2024-11-05,21,47154673.260000,40,False,False,71.310000,True,SECURE_MESSAGE,CONTROLLED_SYNTHETIC
SME002990,Synthetic SME 002990,RM021,Marmara,Hospitality,SMALL,LIMITED,2024-12-04,20,47254608.800000,18,False,False,63.720000,True,BRANCH,CONTROLLED_SYNTHETIC
SME002991,Synthetic SME 002991,RM008,Marmara,Healthcare,MICRO,SOLE_PROPRIETOR,2024-06-20,25,7807268.640000,4,False,False,59.820000,True,RM_CALL,CONTROLLED_SYNTHETIC
SME002992,Synthetic SME 002992,RM002,Marmara,Professional Services,SMALL,LIMITED,2018-04-15,100,27055156.410000,46,False,False,56.000000,False,RM_CALL,CONTROLLED_SYNTHETIC
SME002993,Synthetic SME 002993,RM047,Central Anatolia,Technology,MICRO,SOLE_PROPRIETOR,2020-09-10,71,4512907.880000,2,False,False,94.650000,True,VIDEO_MEETING,CONTROLLED_SYNTHETIC
SME002994,Synthetic SME 002994,RM038,Aegean,Retail Trade,MICRO,SOLE_PROPRIETOR,2019-10-13,82,4235981.400000,7,False,False,65.850000,True,BRANCH,CONTROLLED_SYNTHETIC
SME002995,Synthetic SME 002995,RM007,Central Anatolia,Manufacturing,MICRO,JOINT_STOCK,2023-12-23,31,28021647.650000,6,False,False,73.480000,False,SECURE_MESSAGE,CONTROLLED_SYNTHETIC
SME002996,Synthetic SME 002996,RM032,Aegean,Construction,MICRO,SOLE_PROPRIETOR,2022-08-30,47,31182328.980000,7,False,True,58.000000,True,RM_CALL,CONTROLLED_SYNTHETIC
SME002997,Synthetic SME 002997,RM044,Eastern,Hospitality,MICRO,LIMITED,2025-04-22,15,7713729.560000,7,True,True,79.530000,True,RM_CALL,CONTROLLED_SYNTHETIC
SME002998,Synthetic SME 002998,RM041,Marmara,Retail Trade,SMALL,SOLE_PROPRIETOR,2024-06-18,26,22759932.540000,36,False,False,37.920000,True,RM_CALL,CONTROLLED_SYNTHETIC
SME002999,Synthetic SME 002999,RM041,Marmara,Transportation,MEDIUM,LIMITED,2023-07-20,37,121921649.590000,151,False,False,82.550000,True,BRANCH,CONTROLLED_SYNTHETIC
SME003000,Synthetic SME 003000,RM045,Aegean,Wholesale Trade,MEDIUM,LIMITED,2026-02-14,6,122097370.930000,156,True,True,47.640000,True,SECURE_MESSAGE,CONTROLLED_SYNTHETIC
SME003001,Synthetic SME 003001,RM006,Aegean,Healthcare,SMALL,JOINT_STOCK,2015-05-02,135,26007019.550000,46,False,True,54.140000,True,RM_CALL,CONTROLLED_SYNTHETIC
SME003002,Synthetic SME 003002,RM037,Aegean,Technology,MICRO,JOINT_STOCK,2015-04-17,136,41616440.800000,9,True,False,64.900000,True,RM_CALL,CONTROLLED_SYNTHETIC
SME003003,Synthetic SME 003003,RM027,Eastern,Wholesale Trade,SMALL,LIMITED,2015-02-20,137,40290313.730000,32,False,False,38.020000,True,RM_CALL,CONTROLLED_SYNTHETIC
SME003004,Synthetic SME 003004,RM013,Black Sea,Retail Trade,MICRO,LIMITED,2020-04-16,76,18958373.970000,2,True,False,48.000000,True,SECURE_MESSAGE,CONTROLLED_SYNTHETIC
SME003005,Synthetic SME 003005,RM015,Marmara,Transportation,SMALL,LIMITED,2018-10-25,93,38250094.190000,28,True,False,86.150000,True,BRANCH,CONTROLLED_SYNTHETIC
SME003006,Synthetic SME 003006,RM029,Marmara,Hospitality,MICRO,LIMITED,2023-01-04,43,4174882.620000,3,False,True,45.990000,True,VIDEO_MEETING,CONTROLLED_SYNTHETIC
SME003007,Synthetic SME 003007,RM002,Marmara,Healthcare,SMALL,LIMITED,2016-10-27,117,38344063.630000,21,False,False,86.910000,True,SECURE_MESSAGE,CONTROLLED_SYNTHETIC
SME003008,Synthetic SME 003008,RM009,Marmara,Agriculture,MEDIUM,LIMITED,2025-11-02,9,152989591.920000,201,True,False,83.470000,False,VIDEO_MEETING,CONTROLLED_SYNTHETIC
SME003009,Synthetic SME 003009,RM021,Marmara,Manufacturing,SMALL,LIMITED,2022-07-05,49,40296134.140000,10,False,False,39.190000,True,RM_CALL,CONTROLLED_SYNTHETIC
SME003010,Synthetic SME 003010,RM042,Mediterranean,Transportation,MICRO,SOLE_PROPRIETOR,2022-09-11,47,25166147.570000,6,True,False,9.400000,True,BRANCH,CONTROLLED_SYNTHETIC
SME003011,Synthetic SME 003011,RM001,Mediterranean,Technology,MEDIUM,LIMITED,2021-01-19,66,88419413.340000,128,False,True,49.370000,True,BRANCH,CONTROLLED_SYNTHETIC
SME003012,Synthetic SME 003012,RM015,Marmara,Healthcare,SMALL,SOLE_PROPRIETOR,2021-10-04,58,32888151.280000,18,False,True,60.210000,True,BRANCH,CONTROLLED_SYNTHETIC
SME003013,Synthetic SME 003013,RM033,Mediterranean,Manufacturing,SMALL,SOLE_PROPRIETOR,2016-01-17,127,9823294.040000,24,False,False,51.380000,True,RM_CALL,CONTROLLED_SYNTHETIC
SME003014,Synthetic SME 003014,RM011,Black Sea,Retail Trade,MICRO,LIMITED,2021-10-06,58,6205367.770000,7,False,False,83.140000,True,RM_CALL,CONTROLLED_SYNTHETIC
SME003015,Synthetic SME 003015,RM005,Eastern,Transportation,SMALL,JOINT_STOCK,2025-02-02,18,19846639.330000,16,False,False,69.370000,True,RM_CALL,CONTROLLED_SYNTHETIC
SME003016,Synthetic SME 003016,RM008,Marmara,Agriculture,SMALL,JOINT_STOCK,2021-12-29,55,22057201.410000,25,True,False,73.590000,False,VIDEO_MEETING,CONTROLLED_SYNTHETIC
SME003017,Synthetic SME 003017,RM029,Marmara,Technology,MICRO,SOLE_PROPRIETOR,2021-07-18,61,18763757.950000,2,False,False,23.310000,True,BRANCH,CONTROLLED_SYNTHETIC
SME003018,Synthetic SME 003018,RM043,Mediterranean,Transportation,MICRO,LIMITED,2021-06-30,61,6983213.260000,6,True,False,83.200000,True,BRANCH,CONTROLLED_SYNTHETIC
SME003019,Synthetic SME 003019,RM027,Eastern,Hospitality,MICRO,LIMITED,2019-11-28,80,11694159.680000,8,False,True,81.800000,True,BRANCH,CONTROLLED_SYNTHETIC
SME003020,Synthetic SME 003020,RM020,Mediterranean,Construction,SMALL,LIMITED,2022-06-30,49,33626427.970000,42,False,True,56.190000,True,VIDEO_MEETING,CONTROLLED_SYNTHETIC
SME003021,Synthetic SME 003021,RM033,Mediterranean,Hospitality,SMALL,LIMITED,2019-12-23,79,26851758.450000,28,False,False,47.220000,True,SECURE_MESSAGE,CONTROLLED_SYNTHETIC
SME003022,Synthetic SME 003022,RM017,Aegean,Retail Trade,SMALL,JOINT_STOCK,2024-12-02,20,18415517.910000,13,False,False,42.020000,True,RM_CALL,CONTROLLED_SYNTHETIC
SME003023,Synthetic SME 003023,RM018,Mediterranean,Technology,MICRO,LIMITED,2017-05-29,110,9700564.290000,7,False,False,49.040000,True,VIDEO_MEETING,CONTROLLED_SYNTHETIC
SME003024,Synthetic SME 003024,RM005,Eastern,Technology,MEDIUM,SOLE_PROPRIETOR,2020-11-26,68,287339515.000000,77,False,True,79.920000,True,RM_CALL,CONTROLLED_SYNTHETIC
SME003025,Synthetic SME 003025,RM015,Marmara,Hospitality,MICRO,JOINT_STOCK,2022-04-23,51,4124821.160000,2,False,False,60.020000,True,BRANCH,CONTROLLED_SYNTHETIC
SME003026,Synthetic SME 003026,RM022,Central Anatolia,Healthcare,SMALL,LIMITED,2022-09-08,47,13543886.810000,17,True,False,22.010000,True,RM_CALL,CONTROLLED_SYNTHETIC
SME003027,Synthetic SME 003027,RM024,Eastern,Healthcare,SMALL,LIMITED,2021-10-31,57,25177087.160000,35,False,False,75.260000,True,VIDEO_MEETING,CONTROLLED_SYNTHETIC
SME003028,Synthetic SME 003028,RM009,Marmara,Manufacturing,MICRO,JOINT_STOCK,2019-06-20,86,9137339.020000,2,False,False,52.300000,False,RM_CALL,CONTROLLED_SYNTHETIC
SME003029,Synthetic SME 003029,RM014,Eastern,Manufacturing,MEDIUM,LIMITED,2018-09-12,95,37219980.350000,151,False,False,66.640000,True,SECURE_MESSAGE,CONTROLLED_SYNTHETIC
SME003030,Synthetic SME 003030,RM043,Mediterranean,Agriculture,MICRO,LIMITED,2020-11-23,68,17800791.340000,3,True,False,61.150000,True,RM_CALL,CONTROLLED_SYNTHETIC
SME003031,Synthetic SME 003031,RM030,Central Anatolia,Healthcare,SMALL,JOINT_STOCK,2016-12-22,115,28003725.120000,32,False,True,78.140000,True,VIDEO_MEETING,CONTROLLED_SYNTHETIC
SME003032,Synthetic SME 003032,RM041,Marmara,Healthcare,SMALL,SOLE_PROPRIETOR,2021-02-05,66,37558180.320000,15,False,True,84.150000,True,BRANCH,CONTROLLED_SYNTHETIC
SME003033,Synthetic SME 003033,RM021,Marmara,Professional Services,MICRO,LIMITED,2021-06-06,62,12519520.010000,7,True,False,74.590000,False,RM_CALL,CONTROLLED_SYNTHETIC
SME003034,Synthetic SME 003034,RM018,Mediterranean,Technology,MICRO,LIMITED,2021-07-31,60,7507064.100000,9,True,False,73.730000,True,RM_CALL,CONTROLLED_SYNTHETIC
SME003035,Synthetic SME 003035,RM021,Marmara,Construction,MICRO,SOLE_PROPRIETOR,2017-03-03,113,2253043.360000,4,False,False,69.430000,True,BRANCH,CONTROLLED_SYNTHETIC
SME003036,Synthetic SME 003036,RM022,Central Anatolia,Manufacturing,SMALL,LIMITED,2021-02-13,66,34189459.020000,46,False,True,70.350000,True,SECURE_MESSAGE,CONTROLLED_SYNTHETIC
SME003037,Synthetic SME 003037,RM010,Central Anatolia,Manufacturing,MICRO,LIMITED,2017-12-15,104,7463220.680000,2,False,False,57.220000,True,RM_CALL,CONTROLLED_SYNTHETIC
SME003038,Synthetic SME 003038,RM008,Marmara,Agriculture,MICRO,LIMITED,2026-03-30,4,3819733.510000,7,True,False,46.290000,True,BRANCH,CONTROLLED_SYNTHETIC
SME003039,Synthetic SME 003039,RM037,Aegean,Manufacturing,SMALL,SOLE_PROPRIETOR,2021-09-14,59,36994117.030000,32,False,False,59.620000,True,RM_CALL,CONTROLLED_SYNTHETIC
SME003040,Synthetic SME 003040,RM009,Marmara,Transportation,SMALL,LIMITED,2016-12-15,116,52784014.310000,39,True,False,73.550000,True,RM_CALL,CONTROLLED_SYNTHETIC
SME003041,Synthetic SME 003041,RM034,Aegean,Agriculture,MEDIUM,JOINT_STOCK,2015-06-03,134,98340821.150000,62,False,False,20.760000,True,RM_CALL,CONTROLLED_SYNTHETIC
SME003042,Synthetic SME 003042,RM045,Aegean,Construction,MICRO,JOINT_STOCK,2018-10-04,94,4003878.720000,4,False,False,47.580000,True,VIDEO_MEETING,CONTROLLED_SYNTHETIC
SME003043,Synthetic SME 003043,RM008,Marmara,Technology,MICRO,LIMITED,2022-12-28,43,8684310.210000,2,False,False,63.610000,True,VIDEO_MEETING,CONTROLLED_SYNTHETIC
SME003044,Synthetic SME 003044,RM042,Mediterranean,Agriculture,SMALL,SOLE_PROPRIETOR,2017-05-23,110,32253564.140000,36,True,True,58.110000,True,RM_CALL,CONTROLLED_SYNTHETIC
SME003045,Synthetic SME 003045,RM012,Central Anatolia,Healthcare,MICRO,LIMITED,2021-05-17,63,8699214.550000,9,False,False,51.310000,True,RM_CALL,CONTROLLED_SYNTHETIC
SME003046,Synthetic SME 003046,RM032,Aegean,Wholesale Trade,MEDIUM,LIMITED,2018-11-16,93,203100315.660000,235,True,True,38.950000,True,RM_CALL,CONTROLLED_SYNTHETIC
SME003047,Synthetic SME 003047,RM012,Central Anatolia,Hospitality,MICRO,LIMITED,2025-05-12,15,14037162.450000,7,False,False,73.190000,True,BRANCH,CONTROLLED_SYNTHETIC
SME003048,Synthetic SME 003048,RM017,Aegean,Retail Trade,SMALL,SOLE_PROPRIETOR,2016-09-27,118,36261427.330000,13,False,True,59.930000,True,RM_CALL,CONTROLLED_SYNTHETIC
SME003049,Synthetic SME 003049,RM003,Black Sea,Agriculture,SMALL,LIMITED,2025-12-02,8,15587868.860000,13,False,False,88.640000,True,RM_CALL,CONTROLLED_SYNTHETIC
SME003050,Synthetic SME 003050,RM017,Aegean,Professional Services,MICRO,LIMITED,2022-11-05,45,6291909.490000,8,False,False,49.160000,True,RM_CALL,CONTROLLED_SYNTHETIC
SME003051,Synthetic SME 003051,RM036,Marmara,Manufacturing,MICRO,LIMITED,2024-12-11,20,7441755.130000,3,False,False,64.290000,True,VIDEO_MEETING,CONTROLLED_SYNTHETIC
SME003052,Synthetic SME 003052,RM008,Marmara,Hospitality,MEDIUM,SOLE_PROPRIETOR,2025-09-14,11,30424511.770000,138,True,False,38.120000,True,RM_CALL,CONTROLLED_SYNTHETIC
SME003053,Synthetic SME 003053,RM023,Black Sea,Wholesale Trade,SMALL,LIMITED,2018-12-11,92,32695205.430000,32,False,False,93.940000,True,RM_CALL,CONTROLLED_SYNTHETIC
SME003054,Synthetic SME 003054,RM035,Central Anatolia,Construction,MICRO,JOINT_STOCK,2018-04-09,100,3038731.090000,5,False,False,84.530000,True,BRANCH,CONTROLLED_SYNTHETIC
SME003055,Synthetic SME 003055,RM009,Marmara,Transportation,SMALL,LIMITED,2024-01-07,31,34123676.730000,19,False,True,95.100000,True,VIDEO_MEETING,CONTROLLED_SYNTHETIC
SME003056,Synthetic SME 003056,RM041,Marmara,Technology,MEDIUM,LIMITED,2024-04-18,28,153418851.400000,206,True,False,75.080000,True,SECURE_MESSAGE,CONTROLLED_SYNTHETIC
SME003057,Synthetic SME 003057,RM017,Aegean,Technology,SMALL,SOLE_PROPRIETOR,2016-02-03,126,56583245.310000,33,False,False,69.920000,True,RM_CALL,CONTROLLED_SYNTHETIC
SME003058,Synthetic SME 003058,RM010,Central Anatolia,Technology,MEDIUM,LIMITED,2025-12-20,7,45166541.630000,118,False,True,94.280000,True,BRANCH,CONTROLLED_SYNTHETIC
SME003059,Synthetic SME 003059,RM019,Aegean,Technology,MICRO,LIMITED,2023-08-30,35,3333440.000000,3,False,False,36.370000,True,RM_CALL,CONTROLLED_SYNTHETIC
SME003060,Synthetic SME 003060,RM024,Eastern,Transportation,SMALL,LIMITED,2019-01-10,91,30234601.210000,41,True,True,40.040000,True,RM_CALL,CONTROLLED_SYNTHETIC
SME003061,Synthetic SME 003061,RM010,Central Anatolia,Professional Services,SMALL,JOINT_STOCK,2016-11-30,116,26181952.300000,49,False,False,76.550000,True,RM_CALL,CONTROLLED_SYNTHETIC
SME003062,Synthetic SME 003062,RM007,Central Anatolia,Retail Trade,MICRO,LIMITED,2024-02-09,30,12305797.310000,4,False,False,53.500000,True,VIDEO_MEETING,CONTROLLED_SYNTHETIC
SME003063,Synthetic SME 003063,RM042,Mediterranean,Healthcare,MICRO,LIMITED,2016-03-28,124,6973328.900000,6,False,False,79.830000,True,VIDEO_MEETING,CONTROLLED_SYNTHETIC
SME003064,Synthetic SME 003064,RM015,Marmara,Hospitality,SMALL,LIMITED,2024-05-17,27,11545604.530000,15,False,False,64.870000,True,RM_CALL,CONTROLLED_SYNTHETIC
SME003065,Synthetic SME 003065,RM042,Mediterranean,Hospitality,MICRO,SOLE_PROPRIETOR,2020-12-10,68,18342047.040000,6,False,True,29.480000,True,BRANCH,CONTROLLED_SYNTHETIC
SME003066,Synthetic SME 003066,RM018,Mediterranean,Transportation,SMALL,LIMITED,2018-07-02,97,30109649.190000,38,False,False,65.060000,True,VIDEO_MEETING,CONTROLLED_SYNTHETIC
SME003067,Synthetic SME 003067,RM026,Black Sea,Retail Trade,SMALL,LIMITED,2016-10-28,117,52805243.800000,32,True,False,65.380000,True,RM_CALL,CONTROLLED_SYNTHETIC
SME003068,Synthetic SME 003068,RM028,Eastern,Hospitality,MICRO,SOLE_PROPRIETOR,2017-09-20,106,7562395.400000,7,True,False,30.910000,True,VIDEO_MEETING,CONTROLLED_SYNTHETIC
SME003069,Synthetic SME 003069,RM006,Aegean,Transportation,MICRO,LIMITED,2020-06-18,74,16240725.320000,6,True,False,68.160000,True,SECURE_MESSAGE,CONTROLLED_SYNTHETIC
SME003070,Synthetic SME 003070,RM020,Mediterranean,Technology,MEDIUM,SOLE_PROPRIETOR,2015-03-29,136,259517235.380000,173,False,False,33.830000,True,RM_CALL,CONTROLLED_SYNTHETIC
SME003071,Synthetic SME 003071,RM006,Aegean,Retail Trade,SMALL,LIMITED,2026-04-08,4,39545736.910000,20,True,False,60.190000,True,RM_CALL,CONTROLLED_SYNTHETIC
SME003072,Synthetic SME 003072,RM047,Central Anatolia,Technology,MEDIUM,SOLE_PROPRIETOR,2024-05-17,27,46496492.830000,120,False,False,38.840000,True,SECURE_MESSAGE,CONTROLLED_SYNTHETIC
SME003073,Synthetic SME 003073,RM018,Mediterranean,Professional Services,MICRO,LIMITED,2015-08-02,132,6834743.270000,4,True,False,71.420000,True,BRANCH,CONTROLLED_SYNTHETIC
SME003074,Synthetic SME 003074,RM041,Marmara,Wholesale Trade,MICRO,LIMITED,2025-07-14,13,5376961.330000,2,False,False,73.370000,True,RM_CALL,CONTROLLED_SYNTHETIC
SME003075,Synthetic SME 003075,RM029,Marmara,Transportation,SMALL,LIMITED,2017-02-26,113,7984421.800000,47,False,True,42.500000,True,RM_CALL,CONTROLLED_SYNTHETIC
SME003076,Synthetic SME 003076,RM037,Aegean,Transportation,MEDIUM,JOINT_STOCK,2023-11-17,33,81171956.410000,70,False,False,54.970000,True,VIDEO_MEETING,CONTROLLED_SYNTHETIC
SME003077,Synthetic SME 003077,RM026,Black Sea,Agriculture,MICRO,LIMITED,2017-05-21,110,4302993.250000,3,True,False,76.110000,True,SECURE_MESSAGE,CONTROLLED_SYNTHETIC
SME003078,Synthetic SME 003078,RM036,Marmara,Agriculture,MICRO,LIMITED,2019-02-09,90,16088707.800000,4,False,False,56.650000,True,RM_CALL,CONTROLLED_SYNTHETIC
SME003079,Synthetic SME 003079,RM029,Marmara,Manufacturing,MICRO,LIMITED,2022-12-21,43,12020439.000000,7,False,True,59.820000,True,BRANCH,CONTROLLED_SYNTHETIC
SME003080,Synthetic SME 003080,RM011,Black Sea,Professional Services,SMALL,JOINT_STOCK,2017-11-18,105,41323107.270000,30,False,True,60.410000,True,SECURE_MESSAGE,CONTROLLED_SYNTHETIC
SME003081,Synthetic SME 003081,RM034,Aegean,Retail Trade,MICRO,SOLE_PROPRIETOR,2022-02-10,54,11300137.160000,8,True,False,62.210000,True,RM_CALL,CONTROLLED_SYNTHETIC
SME003082,Synthetic SME 003082,RM041,Marmara,Hospitality,SMALL,LIMITED,2016-07-12,121,29291869.080000,27,False,False,56.590000,True,BRANCH,CONTROLLED_SYNTHETIC
SME003083,Synthetic SME 003083,RM015,Marmara,Technology,MICRO,SOLE_PROPRIETOR,2022-11-10,45,5967715.760000,4,False,True,26.670000,True,RM_CALL,CONTROLLED_SYNTHETIC
SME003084,Synthetic SME 003084,RM015,Marmara,Construction,MICRO,LIMITED,2018-09-10,95,23350902.560000,9,False,False,57.010000,True,RM_CALL,CONTROLLED_SYNTHETIC
SME003085,Synthetic SME 003085,RM002,Marmara,Construction,MICRO,JOINT_STOCK,2020-07-16,73,10798791.930000,2,False,False,66.160000,True,RM_CALL,CONTROLLED_SYNTHETIC
SME003086,Synthetic SME 003086,RM001,Mediterranean,Construction,MICRO,SOLE_PROPRIETOR,2020-03-10,77,11931714.990000,3,False,True,30.480000,True,RM_CALL,CONTROLLED_SYNTHETIC
SME003087,Synthetic SME 003087,RM040,Black Sea,Wholesale Trade,MICRO,SOLE_PROPRIETOR,2024-11-14,21,4603905.720000,2,False,False,31.480000,True,SECURE_MESSAGE,CONTROLLED_SYNTHETIC
SME003088,Synthetic SME 003088,RM025,Black Sea,Transportation,SMALL,SOLE_PROPRIETOR,2024-01-01,31,41064578.000000,11,False,False,55.050000,True,VIDEO_MEETING,CONTROLLED_SYNTHETIC
SME003089,Synthetic SME 003089,RM029,Marmara,Retail Trade,MICRO,LIMITED,2021-08-28,59,5600716.050000,7,False,False,57.820000,True,VIDEO_MEETING,CONTROLLED_SYNTHETIC
SME003090,Synthetic SME 003090,RM005,Eastern,Agriculture,MEDIUM,LIMITED,2019-07-12,85,60464294.470000,129,False,True,84.910000,True,RM_CALL,CONTROLLED_SYNTHETIC
SME003091,Synthetic SME 003091,RM002,Marmara,Hospitality,SMALL,LIMITED,2019-02-10,90,22904242.410000,22,True,False,52.430000,True,SECURE_MESSAGE,CONTROLLED_SYNTHETIC
SME003092,Synthetic SME 003092,RM008,Marmara,Agriculture,SMALL,LIMITED,2019-05-18,87,8812742.450000,37,False,False,99.060000,True,VIDEO_MEETING,CONTROLLED_SYNTHETIC
SME003093,Synthetic SME 003093,RM001,Mediterranean,Wholesale Trade,MEDIUM,LIMITED,2016-06-23,121,98904741.590000,105,True,False,76.070000,True,SECURE_MESSAGE,CONTROLLED_SYNTHETIC
SME003094,Synthetic SME 003094,RM041,Marmara,Construction,MEDIUM,LIMITED,2017-08-02,108,33093164.450000,119,False,False,40.800000,True,BRANCH,CONTROLLED_SYNTHETIC
SME003095,Synthetic SME 003095,RM011,Black Sea,Healthcare,SMALL,LIMITED,2022-09-26,46,19248332.330000,46,False,False,12.250000,True,SECURE_MESSAGE,CONTROLLED_SYNTHETIC
SME003096,Synthetic SME 003096,RM026,Black Sea,Wholesale Trade,SMALL,SOLE_PROPRIETOR,2023-09-05,35,58121932.740000,37,False,False,63.030000,True,RM_CALL,CONTROLLED_SYNTHETIC
SME003097,Synthetic SME 003097,RM002,Marmara,Wholesale Trade,MEDIUM,LIMITED,2016-09-04,119,168915971.340000,98,True,True,25.460000,True,SECURE_MESSAGE,CONTROLLED_SYNTHETIC
SME003098,Synthetic SME 003098,RM034,Aegean,Healthcare,MICRO,JOINT_STOCK,2020-10-24,69,21462794.050000,7,False,False,86.780000,True,RM_CALL,CONTROLLED_SYNTHETIC
SME003099,Synthetic SME 003099,RM015,Marmara,Technology,SMALL,LIMITED,2016-02-26,125,46820775.170000,34,False,False,61.750000,False,RM_CALL,CONTROLLED_SYNTHETIC
SME003100,Synthetic SME 003100,RM041,Marmara,Agriculture,SMALL,LIMITED,2017-04-04,112,14313859.540000,23,True,False,24.360000,True,BRANCH,CONTROLLED_SYNTHETIC
SME003101,Synthetic SME 003101,RM035,Central Anatolia,Healthcare,SMALL,LIMITED,2018-04-27,99,49376992.280000,25,True,False,53.910000,True,RM_CALL,CONTROLLED_SYNTHETIC
SME003102,Synthetic SME 003102,RM009,Marmara,Agriculture,MEDIUM,JOINT_STOCK,2022-07-30,48,291720842.520000,130,True,False,74.250000,True,VIDEO_MEETING,CONTROLLED_SYNTHETIC
SME003103,Synthetic SME 003103,RM045,Aegean,Agriculture,SMALL,SOLE_PROPRIETOR,2024-08-16,24,26576350.060000,32,True,False,63.890000,True,SECURE_MESSAGE,CONTROLLED_SYNTHETIC
SME003104,Synthetic SME 003104,RM026,Black Sea,Manufacturing,MICRO,JOINT_STOCK,2025-01-14,19,3750742.950000,9,False,False,74.100000,True,RM_CALL,CONTROLLED_SYNTHETIC
SME003105,Synthetic SME 003105,RM012,Central Anatolia,Construction,MICRO,LIMITED,2022-09-04,47,10748099.610000,9,False,False,48.380000,True,RM_CALL,CONTROLLED_SYNTHETIC
SME003106,Synthetic SME 003106,RM037,Aegean,Professional Services,SMALL,SOLE_PROPRIETOR,2020-09-21,70,37605751.530000,21,False,False,48.390000,True,RM_CALL,CONTROLLED_SYNTHETIC
SME003107,Synthetic SME 003107,RM031,Black Sea,Healthcare,MICRO,LIMITED,2021-06-09,62,7436595.000000,3,False,False,74.700000,True,VIDEO_MEETING,CONTROLLED_SYNTHETIC
SME003108,Synthetic SME 003108,RM027,Eastern,Transportation,SMALL,JOINT_STOCK,2025-11-23,8,61261460.410000,41,False,False,40.060000,True,RM_CALL,CONTROLLED_SYNTHETIC
SME003109,Synthetic SME 003109,RM035,Central Anatolia,Retail Trade,SMALL,JOINT_STOCK,2026-04-04,4,38956722.760000,21,False,False,49.070000,True,VIDEO_MEETING,CONTROLLED_SYNTHETIC
SME003110,Synthetic SME 003110,RM026,Black Sea,Agriculture,MICRO,LIMITED,2022-11-04,45,6779337.050000,8,False,False,82.990000,True,RM_CALL,CONTROLLED_SYNTHETIC
SME003111,Synthetic SME 003111,RM016,Mediterranean,Professional Services,MEDIUM,LIMITED,2020-07-21,72,59516053.050000,207,True,True,35.590000,True,BRANCH,CONTROLLED_SYNTHETIC
SME003112,Synthetic SME 003112,RM010,Central Anatolia,Hospitality,MICRO,LIMITED,2017-07-29,108,26961296.820000,3,False,False,37.530000,False,VIDEO_MEETING,CONTROLLED_SYNTHETIC
SME003113,Synthetic SME 003113,RM022,Central Anatolia,Transportation,MICRO,SOLE_PROPRIETOR,2015-12-04,128,9160920.530000,7,True,True,69.990000,True,RM_CALL,CONTROLLED_SYNTHETIC
SME003114,Synthetic SME 003114,RM007,Central Anatolia,Transportation,SMALL,LIMITED,2023-07-06,37,61067201.770000,44,True,False,81.560000,True,RM_CALL,CONTROLLED_SYNTHETIC
SME003115,Synthetic SME 003115,RM023,Black Sea,Hospitality,MICRO,LIMITED,2020-01-17,79,10905477.910000,6,False,False,82.590000,True,RM_CALL,CONTROLLED_SYNTHETIC
SME003116,Synthetic SME 003116,RM043,Mediterranean,Manufacturing,MICRO,LIMITED,2022-10-02,46,13674432.280000,6,False,True,46.870000,True,RM_CALL,CONTROLLED_SYNTHETIC
SME003117,Synthetic SME 003117,RM046,Mediterranean,Transportation,MEDIUM,JOINT_STOCK,2019-03-13,89,124552965.060000,184,False,False,69.210000,True,RM_CALL,CONTROLLED_SYNTHETIC
SME003118,Synthetic SME 003118,RM041,Marmara,Healthcare,MICRO,SOLE_PROPRIETOR,2017-05-02,111,16077329.920000,8,False,True,27.040000,True,RM_CALL,CONTROLLED_SYNTHETIC
SME003119,Synthetic SME 003119,RM002,Marmara,Wholesale Trade,MICRO,SOLE_PROPRIETOR,2022-09-05,47,4036707.130000,8,True,True,67.150000,True,RM_CALL,CONTROLLED_SYNTHETIC
SME003120,Synthetic SME 003120,RM041,Marmara,Hospitality,SMALL,LIMITED,2022-07-21,48,29026326.060000,44,False,False,49.950000,True,VIDEO_MEETING,CONTROLLED_SYNTHETIC
SME003121,Synthetic SME 003121,RM006,Aegean,Technology,MICRO,LIMITED,2021-07-30,60,4021856.970000,8,True,False,66.540000,True,BRANCH,CONTROLLED_SYNTHETIC
SME003122,Synthetic SME 003122,RM040,Black Sea,Construction,MICRO,LIMITED,2019-10-02,82,16045356.110000,9,False,True,20.910000,True,BRANCH,CONTROLLED_SYNTHETIC
SME003123,Synthetic SME 003123,RM035,Central Anatolia,Professional Services,MICRO,LIMITED,2023-09-22,34,10843509.750000,8,True,False,77.300000,True,RM_CALL,CONTROLLED_SYNTHETIC
SME003124,Synthetic SME 003124,RM039,Eastern,Transportation,SMALL,JOINT_STOCK,2016-03-03,125,15445515.230000,32,False,False,60.030000,True,RM_CALL,CONTROLLED_SYNTHETIC
SME003125,Synthetic SME 003125,RM036,Marmara,Healthcare,MICRO,LIMITED,2020-09-30,70,6559170.360000,9,False,False,60.710000,True,RM_CALL,CONTROLLED_SYNTHETIC
SME003126,Synthetic SME 003126,RM038,Aegean,Retail Trade,MICRO,JOINT_STOCK,2022-10-14,46,14469727.350000,7,False,False,22.570000,True,SECURE_MESSAGE,CONTROLLED_SYNTHETIC
SME003127,Synthetic SME 003127,RM020,Mediterranean,Professional Services,SMALL,LIMITED,2024-02-08,30,11340702.430000,31,False,True,67.810000,True,SECURE_MESSAGE,CONTROLLED_SYNTHETIC
SME003128,Synthetic SME 003128,RM014,Eastern,Agriculture,MICRO,LIMITED,2022-09-08,47,6626628.230000,9,False,True,69.180000,True,SECURE_MESSAGE,CONTROLLED_SYNTHETIC
SME003129,Synthetic SME 003129,RM019,Aegean,Retail Trade,MEDIUM,LIMITED,2017-07-01,109,162927787.460000,67,True,True,86.560000,True,RM_CALL,CONTROLLED_SYNTHETIC
SME003130,Synthetic SME 003130,RM015,Marmara,Manufacturing,MEDIUM,SOLE_PROPRIETOR,2025-04-22,15,39394854.140000,178,False,False,40.560000,True,RM_CALL,CONTROLLED_SYNTHETIC
SME003131,Synthetic SME 003131,RM043,Mediterranean,Wholesale Trade,SMALL,SOLE_PROPRIETOR,2021-07-02,61,17917971.840000,24,False,True,64.350000,True,SECURE_MESSAGE,CONTROLLED_SYNTHETIC
SME003132,Synthetic SME 003132,RM045,Aegean,Wholesale Trade,SMALL,SOLE_PROPRIETOR,2016-03-14,125,75221259.520000,29,False,False,58.260000,True,BRANCH,CONTROLLED_SYNTHETIC
SME003133,Synthetic SME 003133,RM029,Marmara,Retail Trade,MICRO,LIMITED,2018-06-01,98,7808155.040000,2,False,True,76.350000,True,SECURE_MESSAGE,CONTROLLED_SYNTHETIC
SME003134,Synthetic SME 003134,RM028,Eastern,Construction,MICRO,LIMITED,2017-06-28,109,12167209.400000,4,False,False,73.990000,True,BRANCH,CONTROLLED_SYNTHETIC
SME003135,Synthetic SME 003135,RM012,Central Anatolia,Healthcare,MICRO,LIMITED,2023-09-07,35,6591855.020000,8,True,False,60.590000,True,RM_CALL,CONTROLLED_SYNTHETIC
SME003136,Synthetic SME 003136,RM018,Mediterranean,Manufacturing,MEDIUM,SOLE_PROPRIETOR,2023-02-05,42,138956049.180000,67,False,False,65.430000,True,SECURE_MESSAGE,CONTROLLED_SYNTHETIC
SME003137,Synthetic SME 003137,RM004,Central Anatolia,Retail Trade,SMALL,LIMITED,2023-11-27,32,13127589.630000,48,False,False,72.360000,True,VIDEO_MEETING,CONTROLLED_SYNTHETIC
SME003138,Synthetic SME 003138,RM044,Eastern,Transportation,MICRO,LIMITED,2026-01-21,6,3629222.220000,2,False,False,64.570000,True,RM_CALL,CONTROLLED_SYNTHETIC
SME003139,Synthetic SME 003139,RM004,Central Anatolia,Wholesale Trade,MICRO,SOLE_PROPRIETOR,2015-08-11,132,7746341.670000,8,False,False,51.490000,False,BRANCH,CONTROLLED_SYNTHETIC
SME003140,Synthetic SME 003140,RM008,Marmara,Wholesale Trade,SMALL,LIMITED,2017-02-09,114,34877150.630000,13,False,False,66.590000,True,BRANCH,CONTROLLED_SYNTHETIC
SME003141,Synthetic SME 003141,RM036,Marmara,Technology,MICRO,JOINT_STOCK,2025-04-22,15,8552632.120000,2,True,False,82.790000,True,VIDEO_MEETING,CONTROLLED_SYNTHETIC
SME003142,Synthetic SME 003142,RM029,Marmara,Retail Trade,SMALL,LIMITED,2019-07-31,84,41768056.780000,11,True,False,55.850000,True,VIDEO_MEETING,CONTROLLED_SYNTHETIC
SME003143,Synthetic SME 003143,RM006,Aegean,Professional Services,SMALL,JOINT_STOCK,2024-04-01,28,44235580.900000,49,False,False,48.440000,True,SECURE_MESSAGE,CONTROLLED_SYNTHETIC
SME003144,Synthetic SME 003144,RM037,Aegean,Healthcare,MICRO,SOLE_PROPRIETOR,2020-11-11,69,6376547.620000,8,True,True,72.770000,True,RM_CALL,CONTROLLED_SYNTHETIC
SME003145,Synthetic SME 003145,RM041,Marmara,Transportation,SMALL,LIMITED,2017-02-16,114,21949966.380000,32,False,False,55.290000,True,BRANCH,CONTROLLED_SYNTHETIC
SME003146,Synthetic SME 003146,RM021,Marmara,Transportation,MEDIUM,SOLE_PROPRIETOR,2023-08-16,36,69132868.710000,238,True,False,75.780000,True,RM_CALL,CONTROLLED_SYNTHETIC
SME003147,Synthetic SME 003147,RM026,Black Sea,Manufacturing,SMALL,JOINT_STOCK,2018-11-22,92,19714042.800000,10,False,False,50.580000,True,BRANCH,CONTROLLED_SYNTHETIC
SME003148,Synthetic SME 003148,RM044,Eastern,Retail Trade,MICRO,JOINT_STOCK,2025-08-30,11,4720315.330000,2,True,False,62.990000,True,RM_CALL,CONTROLLED_SYNTHETIC
SME003149,Synthetic SME 003149,RM045,Aegean,Construction,MICRO,LIMITED,2016-02-01,126,26561614.850000,3,False,True,70.070000,True,RM_CALL,CONTROLLED_SYNTHETIC
SME003150,Synthetic SME 003150,RM036,Marmara,Wholesale Trade,SMALL,LIMITED,2022-08-01,48,20275762.220000,19,False,False,64.190000,True,RM_CALL,CONTROLLED_SYNTHETIC
SME003151,Synthetic SME 003151,RM008,Marmara,Manufacturing,MICRO,LIMITED,2015-12-27,127,8393370.020000,3,False,False,88.380000,True,RM_CALL,CONTROLLED_SYNTHETIC
SME003152,Synthetic SME 003152,RM020,Mediterranean,Manufacturing,SMALL,SOLE_PROPRIETOR,2021-03-31,64,46099217.350000,25,False,False,78.030000,False,BRANCH,CONTROLLED_SYNTHETIC
SME003153,Synthetic SME 003153,RM042,Mediterranean,Technology,MICRO,LIMITED,2015-10-22,129,5219749.970000,9,False,True,36.040000,True,VIDEO_MEETING,CONTROLLED_SYNTHETIC
SME003154,Synthetic SME 003154,RM002,Marmara,Construction,MEDIUM,JOINT_STOCK,2019-09-02,83,98556217.590000,122,False,True,43.460000,True,RM_CALL,CONTROLLED_SYNTHETIC
SME003155,Synthetic SME 003155,RM021,Marmara,Technology,MICRO,LIMITED,2017-01-06,115,12058366.940000,5,False,False,42.420000,True,SECURE_MESSAGE,CONTROLLED_SYNTHETIC
SME003156,Synthetic SME 003156,RM015,Marmara,Professional Services,MICRO,JOINT_STOCK,2025-09-17,11,8526654.710000,6,False,False,44.030000,True,BRANCH,CONTROLLED_SYNTHETIC
SME003157,Synthetic SME 003157,RM036,Marmara,Transportation,MICRO,LIMITED,2021-06-29,61,5123966.230000,9,False,False,74.910000,True,RM_CALL,CONTROLLED_SYNTHETIC
SME003158,Synthetic SME 003158,RM003,Black Sea,Manufacturing,SMALL,SOLE_PROPRIETOR,2024-01-05,31,17354241.170000,20,False,False,50.000000,False,RM_CALL,CONTROLLED_SYNTHETIC
SME003159,Synthetic SME 003159,RM008,Marmara,Healthcare,MICRO,LIMITED,2019-09-11,83,24144378.050000,4,True,False,47.080000,True,RM_CALL,CONTROLLED_SYNTHETIC
SME003160,Synthetic SME 003160,RM027,Eastern,Wholesale Trade,SMALL,LIMITED,2015-04-03,136,39239235.870000,49,False,False,75.920000,True,RM_CALL,CONTROLLED_SYNTHETIC
SME003161,Synthetic SME 003161,RM003,Black Sea,Technology,MICRO,JOINT_STOCK,2018-03-10,101,20839760.840000,3,False,False,70.440000,True,VIDEO_MEETING,CONTROLLED_SYNTHETIC
SME003162,Synthetic SME 003162,RM007,Central Anatolia,Agriculture,MEDIUM,SOLE_PROPRIETOR,2015-12-12,128,162878774.660000,62,False,True,64.490000,True,BRANCH,CONTROLLED_SYNTHETIC
SME003163,Synthetic SME 003163,RM041,Marmara,Agriculture,MICRO,LIMITED,2018-06-28,97,5057771.360000,7,True,False,38.510000,True,RM_CALL,CONTROLLED_SYNTHETIC
SME003164,Synthetic SME 003164,RM007,Central Anatolia,Construction,MEDIUM,LIMITED,2020-04-27,75,121201627.270000,213,True,False,30.860000,True,SECURE_MESSAGE,CONTROLLED_SYNTHETIC
SME003165,Synthetic SME 003165,RM031,Black Sea,Professional Services,MICRO,LIMITED,2026-02-28,5,7227379.760000,2,False,False,74.310000,True,RM_CALL,CONTROLLED_SYNTHETIC
SME003166,Synthetic SME 003166,RM014,Eastern,Wholesale Trade,MICRO,SOLE_PROPRIETOR,2021-03-11,65,10523071.680000,4,False,False,68.210000,True,SECURE_MESSAGE,CONTROLLED_SYNTHETIC
SME003167,Synthetic SME 003167,RM008,Marmara,Professional Services,MICRO,LIMITED,2015-10-22,129,3263461.730000,7,False,False,53.680000,True,RM_CALL,CONTROLLED_SYNTHETIC
SME003168,Synthetic SME 003168,RM025,Black Sea,Healthcare,SMALL,JOINT_STOCK,2016-01-25,126,26317749.980000,15,False,False,58.020000,True,BRANCH,CONTROLLED_SYNTHETIC
SME003169,Synthetic SME 003169,RM006,Aegean,Construction,MICRO,LIMITED,2015-10-01,130,4591960.320000,9,False,False,81.400000,True,SECURE_MESSAGE,CONTROLLED_SYNTHETIC
SME003170,Synthetic SME 003170,RM018,Mediterranean,Professional Services,SMALL,JOINT_STOCK,2015-07-31,132,18874220.660000,37,True,False,67.430000,True,RM_CALL,CONTROLLED_SYNTHETIC
SME003171,Synthetic SME 003171,RM032,Aegean,Hospitality,MICRO,SOLE_PROPRIETOR,2023-08-16,36,3720352.110000,5,False,False,86.400000,True,BRANCH,CONTROLLED_SYNTHETIC
SME003172,Synthetic SME 003172,RM025,Black Sea,Manufacturing,MICRO,LIMITED,2023-03-14,41,18791422.450000,8,False,False,25.410000,True,VIDEO_MEETING,CONTROLLED_SYNTHETIC
SME003173,Synthetic SME 003173,RM029,Marmara,Agriculture,MICRO,JOINT_STOCK,2020-02-26,77,4431566.500000,8,False,False,53.720000,True,RM_CALL,CONTROLLED_SYNTHETIC
SME003174,Synthetic SME 003174,RM035,Central Anatolia,Hospitality,SMALL,LIMITED,2018-08-12,96,14969710.570000,29,False,False,71.730000,True,RM_CALL,CONTROLLED_SYNTHETIC
SME003175,Synthetic SME 003175,RM005,Eastern,Healthcare,MICRO,LIMITED,2016-04-24,123,26368193.380000,7,True,True,41.050000,True,SECURE_MESSAGE,CONTROLLED_SYNTHETIC
SME003176,Synthetic SME 003176,RM013,Black Sea,Technology,MICRO,LIMITED,2019-02-12,90,10635020.360000,5,False,False,34.650000,True,SECURE_MESSAGE,CONTROLLED_SYNTHETIC
SME003177,Synthetic SME 003177,RM043,Mediterranean,Transportation,SMALL,LIMITED,2019-05-01,87,26593376.970000,18,False,False,93.250000,True,BRANCH,CONTROLLED_SYNTHETIC
SME003178,Synthetic SME 003178,RM002,Marmara,Retail Trade,SMALL,JOINT_STOCK,2022-12-31,43,41355190.470000,40,True,False,54.260000,True,SECURE_MESSAGE,CONTROLLED_SYNTHETIC
SME003179,Synthetic SME 003179,RM029,Marmara,Transportation,MICRO,LIMITED,2026-02-07,6,14264941.400000,3,False,False,46.260000,True,BRANCH,CONTROLLED_SYNTHETIC
SME003180,Synthetic SME 003180,RM033,Mediterranean,Agriculture,MEDIUM,SOLE_PROPRIETOR,2023-03-19,41,146688350.190000,85,True,False,17.450000,True,RM_CALL,CONTROLLED_SYNTHETIC
SME003181,Synthetic SME 003181,RM016,Mediterranean,Wholesale Trade,MICRO,LIMITED,2018-07-13,97,10217173.010000,2,False,False,83.870000,True,BRANCH,CONTROLLED_SYNTHETIC
SME003182,Synthetic SME 003182,RM020,Mediterranean,Retail Trade,MEDIUM,SOLE_PROPRIETOR,2015-12-17,128,380371260.500000,242,False,True,87.390000,True,BRANCH,CONTROLLED_SYNTHETIC
SME003183,Synthetic SME 003183,RM046,Mediterranean,Transportation,MEDIUM,SOLE_PROPRIETOR,2023-07-16,37,268862634.700000,140,False,True,56.180000,False,BRANCH,CONTROLLED_SYNTHETIC
SME003184,Synthetic SME 003184,RM002,Marmara,Technology,MICRO,LIMITED,2022-08-27,47,9749133.840000,5,True,False,89.980000,True,BRANCH,CONTROLLED_SYNTHETIC
SME003185,Synthetic SME 003185,RM007,Central Anatolia,Retail Trade,SMALL,LIMITED,2019-08-27,83,54986436.040000,49,False,False,30.490000,True,RM_CALL,CONTROLLED_SYNTHETIC
SME003186,Synthetic SME 003186,RM005,Eastern,Technology,SMALL,LIMITED,2016-09-02,119,20215408.630000,24,False,False,52.480000,True,BRANCH,CONTROLLED_SYNTHETIC
SME003187,Synthetic SME 003187,RM018,Mediterranean,Technology,SMALL,LIMITED,2021-10-16,58,17476309.460000,24,False,False,55.060000,True,VIDEO_MEETING,CONTROLLED_SYNTHETIC
SME003188,Synthetic SME 003188,RM006,Aegean,Manufacturing,MICRO,LIMITED,2020-01-21,78,3383588.230000,6,False,False,60.140000,True,RM_CALL,CONTROLLED_SYNTHETIC
SME003189,Synthetic SME 003189,RM033,Mediterranean,Professional Services,SMALL,LIMITED,2016-10-30,117,21978209.620000,31,False,False,43.450000,True,BRANCH,CONTROLLED_SYNTHETIC
SME003190,Synthetic SME 003190,RM038,Aegean,Construction,MICRO,LIMITED,2017-01-16,115,12475878.530000,5,False,False,66.700000,True,RM_CALL,CONTROLLED_SYNTHETIC
SME003191,Synthetic SME 003191,RM009,Marmara,Construction,SMALL,JOINT_STOCK,2025-04-30,15,41924016.840000,45,True,False,62.210000,True,RM_CALL,CONTROLLED_SYNTHETIC
SME003192,Synthetic SME 003192,RM015,Marmara,Professional Services,SMALL,SOLE_PROPRIETOR,2023-03-07,41,26228330.960000,36,False,False,45.740000,True,SECURE_MESSAGE,CONTROLLED_SYNTHETIC
SME003193,Synthetic SME 003193,RM047,Central Anatolia,Hospitality,MICRO,JOINT_STOCK,2021-10-11,58,13692545.550000,3,False,False,71.730000,True,VIDEO_MEETING,CONTROLLED_SYNTHETIC
SME003194,Synthetic SME 003194,RM037,Aegean,Wholesale Trade,SMALL,JOINT_STOCK,2017-05-24,110,27205460.320000,30,False,False,68.150000,True,VIDEO_MEETING,CONTROLLED_SYNTHETIC
SME003195,Synthetic SME 003195,RM015,Marmara,Professional Services,MICRO,LIMITED,2015-03-28,136,5375106.690000,9,False,True,78.890000,True,BRANCH,CONTROLLED_SYNTHETIC
SME003196,Synthetic SME 003196,RM017,Aegean,Wholesale Trade,MICRO,LIMITED,2018-04-09,100,12199873.370000,8,False,False,63.370000,True,VIDEO_MEETING,CONTROLLED_SYNTHETIC
SME003197,Synthetic SME 003197,RM034,Aegean,Manufacturing,SMALL,LIMITED,2023-04-26,39,24940243.660000,38,False,False,72.530000,True,SECURE_MESSAGE,CONTROLLED_SYNTHETIC
SME003198,Synthetic SME 003198,RM041,Marmara,Wholesale Trade,MEDIUM,JOINT_STOCK,2023-04-24,39,130507132.310000,54,False,True,55.230000,False,SECURE_MESSAGE,CONTROLLED_SYNTHETIC
SME003199,Synthetic SME 003199,RM037,Aegean,Retail Trade,MICRO,LIMITED,2018-12-01,92,5198162.380000,3,False,True,38.520000,True,VIDEO_MEETING,CONTROLLED_SYNTHETIC
SME003200,Synthetic SME 003200,RM041,Marmara,Professional Services,SMALL,LIMITED,2016-07-30,120,18582634.400000,41,False,False,78.900000,True,RM_CALL,CONTROLLED_SYNTHETIC
