interaction_id,customer_id,rm_id,interaction_date,channel,outcome,data_class
I0000001,SME000001,RM006,2026-05-01,CALL,CONNECTED,CONTROLLED_SYNTHETIC
I0000002,SME000002,RM021,2026-04-24,BRANCH,FOLLOW_UP,CONTROLLED_SYNTHETIC
I0000003,SME000002,RM021,2025-11-17,BRANCH,FOLLOW_UP,CONTROLLED_SYNTHETIC
I0000004,SME000003,RM036,2026-01-06,CALL,FOLLOW_UP,CONTROLLED_SYNTHETIC
I0000005,SME000003,RM036,2025-11-28,BRANCH,FOLLOW_UP,CONTROLLED_SYNTHETIC
I0000006,SME000003,RM036,2026-02-02,BRANCH,CONNECTED,CONTROLLED_SYNTHETIC
I0000007,SME000003,RM036,2026-08-12,BRANCH,FOLLOW_UP,CONTROLLED_SYNTHETIC
I0000008,SME000003,RM036,2026-04-29,CALL,FOLLOW_UP,CONTROLLED_SYNTHETIC
I0000009,SME000004,RM038,2026-05-19,MEETING,CONNECTED,CONTROLLED_SYNTHETIC
I0000010,SME000004,RM038,2026-07-19,MEETING,CONNECTED,CONTROLLED_SYNTHETIC
I0000011,SME000004,RM038,2026-06-11,MEETING,NEEDS_REVIEW,CONTROLLED_SYNTHETIC
I0000012,SME000004,RM038,2026-05-09,BRANCH,NEEDS_REVIEW,CONTROLLED_SYNTHETIC
I0000013,SME000004,RM038,2025-10-31,CALL,CONNECTED,CONTROLLED_SYNTHETIC
I0000014,SME000004,RM038,2026-06-06,BRANCH,CONNECTED,CONTROLLED_SYNTHETIC
I0000015,SME000005,RM035,2026-02-13,MEETING,CONNECTED,CONTROLLED_SYNTHETIC
I0000016,SME000005,RM035,2025-10-03,CALL,NO_RESPONSE,CONTROLLED_SYNTHETIC
I0000017,SME000005,RM035,2026-05-30,SECURE_MESSAGE,CONNECTED,CONTROLLED_SYNTHETIC
I0000018,SME000006,RM037,2025-12-15,MEETING,NEEDS_REVIEW,CONTROLLED_SYNTHETIC
I0000019,SME000006,RM037,2026-03-19,BRANCH,CONNECTED,CONTROLLED_SYNTHETIC
I0000020,SME000006,RM037,2026-07-31,SECURE_MESSAGE,FOLLOW_UP,CONTROLLED_SYNTHETIC
I0000021,SME000007,RM009,2025-11-07,MEETING,CONNECTED,CONTROLLED_SYNTHETIC
I0000022,SME000007,RM009,2025-08-26,CALL,CONNECTED,CONTROLLED_SYNTHETIC
I0000023,SME000007,RM009,2025-12-14,CALL,CONNECTED,CONTROLLED_SYNTHETIC
I0000024,SME000007,RM009,2026-02-18,BRANCH,NO_RESPONSE,CONTROLLED_SYNTHETIC
I0000025,SME000008,RM007,2025-10-18,SECURE_MESSAGE,NO_RESPONSE,CONTROLLED_SYNTHETIC
I0000026,SME000008,RM007,2025-12-01,BRANCH,CONNECTED,CONTROLLED_SYNTHETIC
I0000027,SME000008,RM007,2026-08-11,CALL,FOLLOW_UP,CONTROLLED_SYNTHETIC
I0000028,SME000008,RM007,2025-09-10,SECURE_MESSAGE,CONNECTED,CONTROLLED_SYNTHETIC
I0000029,SME000008,RM007,2026-01-10,MEETING,NO_RESPONSE,CONTROLLED_SYNTHETIC
I0000030,SME000009,RM041,2026-04-14,MEETING,CONNECTED,CONTROLLED_SYNTHETIC
I0000031,SME000009,RM041,2025-11-26,SECURE_MESSAGE,NO_RESPONSE,CONTROLLED_SYNTHETIC
I0000032,SME000009,RM041,2026-03-22,CALL,CONNECTED,CONTROLLED_SYNTHETIC
I0000033,SME000009,RM041,2026-03-31,CALL,CONNECTED,CONTROLLED_SYNTHETIC
I0000034,SME000009,RM041,2026-08-08,CALL,FOLLOW_UP,CONTROLLED_SYNTHETIC
I0000035,SME000010,RM031,2026-01-02,SECURE_MESSAGE,NEEDS_REVIEW,CONTROLLED_SYNTHETIC
I0000036,SME000011,RM040,2026-06-06,MEETING,FOLLOW_UP,CONTROLLED_SYNTHETIC
I0000037,SME000011,RM040,2026-06-10,SECURE_MESSAGE,CONNECTED,CONTROLLED_SYNTHETIC
I0000038,SME000012,RM036,2026-06-05,SECURE_MESSAGE,NO_RESPONSE,CONTROLLED_SYNTHETIC
I0000039,SME000012,RM036,2026-03-20,BRANCH,NO_RESPONSE,CONTROLLED_SYNTHETIC
I0000040,SME000012,RM036,2025-12-01,CALL,NO_RESPONSE,CONTROLLED_SYNTHETIC
I0000041,SME000012,RM036,2025-08-26,CALL,NO_RESPONSE,CONTROLLED_SYNTHETIC
I0000042,SME000012,RM036,2026-01-12,SECURE_MESSAGE,CONNECTED,CONTROLLED_SYNTHETIC
I0000043,SME000013,RM008,2026-06-03,MEETING,FOLLOW_UP,CONTROLLED_SYNTHETIC
I0000044,SME000013,RM008,2026-07-23,MEETING,FOLLOW_UP,CONTROLLED_SYNTHETIC
I0000045,SME000013,RM008,2026-03-03,BRANCH,CONNECTED,CONTROLLED_SYNTHETIC
I0000046,SME000013,RM008,2026-01-03,SECURE_MESSAGE,FOLLOW_UP,CONTROLLED_SYNTHETIC
I0000047,SME000014,RM019,2026-06-06,CALL,CONNECTED,CONTROLLED_SYNTHETIC
I0000048,SME000014,RM019,2026-07-17,CALL,NO_RESPONSE,CONTROLLED_SYNTHETIC
I0000049,SME000014,RM019,2026-07-05,SECURE_MESSAGE,NEEDS_REVIEW,CONTROLLED_SYNTHETIC
I0000050,SME000014,RM019,2026-02-25,SECURE_MESSAGE,NO_RESPONSE,CONTROLLED_SYNTHETIC
I0000051,SME000014,RM019,2026-03-14,SECURE_MESSAGE,NO_RESPONSE,CONTROLLED_SYNTHETIC
I0000052,SME000014,RM019,2026-07-26,MEETING,CONNECTED,CONTROLLED_SYNTHETIC
I0000053,SME000015,RM025,2025-12-23,CALL,FOLLOW_UP,CONTROLLED_SYNTHETIC
I0000054,SME000015,RM025,2026-03-08,BRANCH,NO_RESPONSE,CONTROLLED_SYNTHETIC
I0000055,SME000016,RM002,2025-10-04,CALL,CONNECTED,CONTROLLED_SYNTHETIC
I0000056,SME000016,RM002,2025-08-24,BRANCH,NO_RESPONSE,CONTROLLED_SYNTHETIC
I0000057,SME000016,RM002,2026-01-21,CALL,CONNECTED,CONTROLLED_SYNTHETIC
I0000058,SME000016,RM002,2026-08-14,MEETING,NO_RESPONSE,CONTROLLED_SYNTHETIC
I0000059,SME000017,RM016,2026-04-14,CALL,CONNECTED,CONTROLLED_SYNTHETIC
I0000060,SME000017,RM016,2025-10-17,SECURE_MESSAGE,NEEDS_REVIEW,CONTROLLED_SYNTHETIC
I0000061,SME000017,RM016,2026-04-05,MEETING,CONNECTED,CONTROLLED_SYNTHETIC
I0000062,SME000017,RM016,2026-04-03,BRANCH,CONNECTED,CONTROLLED_SYNTHETIC
I0000063,SME000017,RM016,2026-06-03,CALL,CONNECTED,CONTROLLED_SYNTHETIC
I0000064,SME000017,RM016,2025-09-24,BRANCH,FOLLOW_UP,CONTROLLED_SYNTHETIC
I0000065,SME000018,RM036,2026-05-22,SECURE_MESSAGE,FOLLOW_UP,CONTROLLED_SYNTHETIC
I0000066,SME000019,RM034,2026-07-31,MEETING,CONNECTED,CONTROLLED_SYNTHETIC
I0000067,SME000019,RM034,2026-07-20,CALL,CONNECTED,CONTROLLED_SYNTHETIC
I0000068,SME000019,RM034,2025-09-13,MEETING,FOLLOW_UP,CONTROLLED_SYNTHETIC
I0000069,SME000019,RM034,2025-08-21,BRANCH,NO_RESPONSE,CONTROLLED_SYNTHETIC
I0000070,SME000019,RM034,2026-03-19,MEETING,CONNECTED,CONTROLLED_SYNTHETIC
I0000071,SME000020,RM008,2025-09-02,CALL,CONNECTED,CONTROLLED_SYNTHETIC
I0000072,SME000020,RM008,2026-07-31,MEETING,NO_RESPONSE,CONTROLLED_SYNTHETIC
I0000073,SME000021,RM021,2025-10-30,BRANCH,NEEDS_REVIEW,CONTROLLED_SYNTHETIC
I0000074,SME000021,RM021,2026-04-08,BRANCH,CONNECTED,CONTROLLED_SYNTHETIC
I0000075,SME000022,RM029,2025-12-14,SECURE_MESSAGE,CONNECTED,CONTROLLED_SYNTHETIC
I0000076,SME000022,RM029,2026-07-18,BRANCH,CONNECTED,CONTROLLED_SYNTHETIC
I0000077,SME000022,RM029,2025-12-10,SECURE_MESSAGE,CONNECTED,CONTROLLED_SYNTHETIC
I0000078,SME000022,RM029,2025-11-26,CALL,CONNECTED,CONTROLLED_SYNTHETIC
I0000079,SME000023,RM009,2026-01-27,CALL,CONNECTED,CONTROLLED_SYNTHETIC
I0000080,SME000024,RM002,2025-12-02,BRANCH,CONNECTED,CONTROLLED_SYNTHETIC
I0000081,SME000024,RM002,2025-08-25,MEETING,CONNECTED,CONTROLLED_SYNTHETIC
I0000082,SME000024,RM002,2026-05-14,MEETING,CONNECTED,CONTROLLED_SYNTHETIC
I0000083,SME000025,RM036,2025-10-21,CALL,FOLLOW_UP,CONTROLLED_SYNTHETIC
I0000084,SME000025,RM036,2026-04-24,MEETING,FOLLOW_UP,CONTROLLED_SYNTHETIC
I0000085,SME000025,RM036,2025-09-19,CALL,FOLLOW_UP,CONTROLLED_SYNTHETIC
I0000086,SME000025,RM036,2025-10-21,MEETING,CONNECTED,CONTROLLED_SYNTHETIC
I0000087,SME000025,RM036,2026-08-12,SECURE_MESSAGE,CONNECTED,CONTROLLED_SYNTHETIC
I0000088,SME000025,RM036,2025-10-17,BRANCH,FOLLOW_UP,CONTROLLED_SYNTHETIC
I0000089,SME000026,RM025,2026-01-20,CALL,NO_RESPONSE,CONTROLLED_SYNTHETIC
I0000090,SME000026,RM025,2025-09-17,BRANCH,FOLLOW_UP,CONTROLLED_SYNTHETIC
I0000091,SME000026,RM025,2025-10-12,BRANCH,FOLLOW_UP,CONTROLLED_SYNTHETIC
I0000092,SME000026,RM025,2025-09-10,CALL,FOLLOW_UP,CONTROLLED_SYNTHETIC
I0000093,SME000026,RM025,2026-07-01,BRANCH,CONNECTED,CONTROLLED_SYNTHETIC
I0000094,SME000027,RM012,2026-03-15,BRANCH,NEEDS_REVIEW,CONTROLLED_SYNTHETIC
I0000095,SME000027,RM012,2026-01-12,SECURE_MESSAGE,FOLLOW_UP,CONTROLLED_SYNTHETIC
I0000096,SME000027,RM012,2026-05-17,CALL,CONNECTED,CONTROLLED_SYNTHETIC
I0000097,SME000028,RM040,2026-06-13,BRANCH,CONNECTED,CONTROLLED_SYNTHETIC
I0000098,SME000029,RM039,2026-08-16,BRANCH,CONNECTED,CONTROLLED_SYNTHETIC
I0000099,SME000029,RM039,2026-07-21,CALL,FOLLOW_UP,CONTROLLED_SYNTHETIC
I0000100,SME000029,RM039,2025-09-21,CALL,NEEDS_REVIEW,CONTROLLED_SYNTHETIC
I0000101,SME000029,RM039,2026-08-17,MEETING,CONNECTED,CONTROLLED_SYNTHETIC
I0000102,SME000029,RM039,2026-01-25,CALL,CONNECTED,CONTROLLED_SYNTHETIC
I0000103,SME000029,RM039,2026-07-14,SECURE_MESSAGE,CONNECTED,CONTROLLED_SYNTHETIC
I0000104,SME000030,RM048,2026-01-09,SECURE_MESSAGE,CONNECTED,CONTROLLED_SYNTHETIC
I0000105,SME000030,RM048,2025-10-15,MEETING,FOLLOW_UP,CONTROLLED_SYNTHETIC
I0000106,SME000030,RM048,2026-08-05,CALL,CONNECTED,CONTROLLED_SYNTHETIC
I0000107,SME000031,RM034,2025-09-05,CALL,CONNECTED,CONTROLLED_SYNTHETIC
I0000108,SME000031,RM034,2026-05-13,SECURE_MESSAGE,CONNECTED,CONTROLLED_SYNTHETIC
I0000109,SME000032,RM018,2026-05-06,MEETING,CONNECTED,CONTROLLED_SYNTHETIC
I0000110,SME000033,RM033,2026-05-10,CALL,NEEDS_REVIEW,CONTROLLED_SYNTHETIC
I0000111,SME000033,RM033,2026-05-26,CALL,FOLLOW_UP,CONTROLLED_SYNTHETIC
I0000112,SME000033,RM033,2026-02-18,BRANCH,FOLLOW_UP,CONTROLLED_SYNTHETIC
I0000113,SME000033,RM033,2025-12-12,BRANCH,CONNECTED,CONTROLLED_SYNTHETIC
I0000114,SME000034,RM009,2025-09-27,MEETING,NEEDS_REVIEW,CONTROLLED_SYNTHETIC
I0000115,SME000035,RM015,2025-12-16,MEETING,NO_RESPONSE,CONTROLLED_SYNTHETIC
I0000116,SME000036,RM022,2026-02-18,MEETING,CONNECTED,CONTROLLED_SYNTHETIC
I0000117,SME000036,RM022,2026-04-19,CALL,FOLLOW_UP,CONTROLLED_SYNTHETIC
I0000118,SME000036,RM022,2025-09-05,MEETING,FOLLOW_UP,CONTROLLED_SYNTHETIC
I0000119,SME000037,RM017,2026-06-15,MEETING,CONNECTED,CONTROLLED_SYNTHETIC
I0000120,SME000037,RM017,2025-11-25,MEETING,NO_RESPONSE,CONTROLLED_SYNTHETIC
I0000121,SME000037,RM017,2026-05-09,MEETING,NO_RESPONSE,CONTROLLED_SYNTHETIC
I0000122,SME000038,RM006,2026-02-15,MEETING,FOLLOW_UP,CONTROLLED_SYNTHETIC
I0000123,SME000038,RM006,2026-07-03,CALL,CONNECTED,CONTROLLED_SYNTHETIC
I0000124,SME000038,RM006,2025-11-08,BRANCH,NO_RESPONSE,CONTROLLED_SYNTHETIC
I0000125,SME000038,RM006,2025-12-06,SECURE_MESSAGE,CONNECTED,CONTROLLED_SYNTHETIC
I0000126,SME000038,RM006,2026-04-14,CALL,FOLLOW_UP,CONTROLLED_SYNTHETIC
I0000127,SME000039,RM015,2026-08-17,MEETING,CONNECTED,CONTROLLED_SYNTHETIC
I0000128,SME000039,RM015,2026-06-12,CALL,NO_RESPONSE,CONTROLLED_SYNTHETIC
I0000129,SME000039,RM015,2026-02-10,MEETING,CONNECTED,CONTROLLED_SYNTHETIC
I0000130,SME000039,RM015,2026-08-05,MEETING,NO_RESPONSE,CONTROLLED_SYNTHETIC
I0000131,SME000039,RM015,2026-07-13,BRANCH,CONNECTED,CONTROLLED_SYNTHETIC
I0000132,SME000039,RM015,2026-07-29,SECURE_MESSAGE,NO_RESPONSE,CONTROLLED_SYNTHETIC
I0000133,SME000040,RM015,2026-08-04,SECURE_MESSAGE,FOLLOW_UP,CONTROLLED_SYNTHETIC
I0000134,SME000041,RM036,2026-07-24,SECURE_MESSAGE,FOLLOW_UP,CONTROLLED_SYNTHETIC
I0000135,SME000041,RM036,2025-09-26,MEETING,FOLLOW_UP,CONTROLLED_SYNTHETIC
I0000136,SME000041,RM036,2025-11-12,CALL,FOLLOW_UP,CONTROLLED_SYNTHETIC
I0000137,SME000041,RM036,2026-02-12,CALL,FOLLOW_UP,CONTROLLED_SYNTHETIC
I0000138,SME000042,RM026,2025-10-18,BRANCH,CONNECTED,CONTROLLED_SYNTHETIC
I0000139,SME000042,RM026,2026-06-21,MEETING,NO_RESPONSE,CONTROLLED_SYNTHETIC
I0000140,SME000042,RM026,2026-06-28,SECURE_MESSAGE,CONNECTED,CONTROLLED_SYNTHETIC
I0000141,SME000042,RM026,2025-11-14,CALL,CONNECTED,CONTROLLED_SYNTHETIC
I0000142,SME000042,RM026,2025-11-25,SECURE_MESSAGE,CONNECTED,CONTROLLED_SYNTHETIC
I0000143,SME000042,RM026,2025-09-10,BRANCH,NEEDS_REVIEW,CONTROLLED_SYNTHETIC
I0000144,SME000043,RM001,2025-12-14,SECURE_MESSAGE,NO_RESPONSE,CONTROLLED_SYNTHETIC
I0000145,SME000043,RM001,2025-10-11,BRANCH,CONNECTED,CONTROLLED_SYNTHETIC
I0000146,SME000044,RM022,2025-10-09,SECURE_MESSAGE,CONNECTED,CONTROLLED_SYNTHETIC
I0000147,SME000045,RM011,2025-10-31,CALL,CONNECTED,CONTROLLED_SYNTHETIC
I0000148,SME000045,RM011,2026-04-28,CALL,CONNECTED,CONTROLLED_SYNTHETIC
I0000149,SME000045,RM011,2026-07-21,CALL,CONNECTED,CONTROLLED_SYNTHETIC
I0000150,SME000045,RM011,2025-12-21,CALL,FOLLOW_UP,CONTROLLED_SYNTHETIC
I0000151,SME000046,RM029,2026-03-31,BRANCH,CONNECTED,CONTROLLED_SYNTHETIC
I0000152,SME000047,RM026,2025-11-22,BRANCH,CONNECTED,CONTROLLED_SYNTHETIC
I0000153,SME000047,RM026,2025-09-13,BRANCH,CONNECTED,CONTROLLED_SYNTHETIC
I0000154,SME000047,RM026,2025-11-12,MEETING,FOLLOW_UP,CONTROLLED_SYNTHETIC
I0000155,SME000047,RM026,2026-01-04,SECURE_MESSAGE,CONNECTED,CONTROLLED_SYNTHETIC
I0000156,SME000047,RM026,2026-07-11,CALL,NEEDS_REVIEW,CONTROLLED_SYNTHETIC
I0000157,SME000047,RM026,2026-04-25,BRANCH,CONNECTED,CONTROLLED_SYNTHETIC
I0000158,SME000048,RM024,2025-11-10,CALL,FOLLOW_UP,CONTROLLED_SYNTHETIC
I0000159,SME000049,RM045,2025-11-13,SECURE_MESSAGE,NO_RESPONSE,CONTROLLED_SYNTHETIC
I0000160,SME000049,RM045,2026-04-19,MEETING,CONNECTED,CONTROLLED_SYNTHETIC
I0000161,SME000049,RM045,2026-05-14,CALL,CONNECTED,CONTROLLED_SYNTHETIC
I0000162,SME000049,RM045,2026-06-20,CALL,CONNECTED,CONTROLLED_SYNTHETIC
I0000163,SME000050,RM029,2026-02-09,BRANCH,NO_RESPONSE,CONTROLLED_SYNTHETIC
I0000164,SME000050,RM029,2025-12-28,MEETING,NO_RESPONSE,CONTROLLED_SYNTHETIC
I0000165,SME000051,RM009,2025-10-26,SECURE_MESSAGE,NO_RESPONSE,CONTROLLED_SYNTHETIC
I0000166,SME000051,RM009,2026-03-07,SECURE_MESSAGE,CONNECTED,CONTROLLED_SYNTHETIC
I0000167,SME000051,RM009,2026-05-27,BRANCH,CONNECTED,CONTROLLED_SYNTHETIC
I0000168,SME000051,RM009,2026-01-14,MEETING,CONNECTED,CONTROLLED_SYNTHETIC
I0000169,SME000051,RM009,2025-11-26,BRANCH,CONNECTED,CONTROLLED_SYNTHETIC
I0000170,SME000052,RM017,2026-05-15,CALL,CONNECTED,CONTROLLED_SYNTHETIC
I0000171,SME000052,RM017,2025-11-11,SECURE_MESSAGE,NO_RESPONSE,CONTROLLED_SYNTHETIC
I0000172,SME000053,RM021,2026-03-30,CALL,FOLLOW_UP,CONTROLLED_SYNTHETIC
I0000173,SME000053,RM021,2026-05-30,CALL,CONNECTED,CONTROLLED_SYNTHETIC
I0000174,SME000053,RM021,2025-10-28,CALL,FOLLOW_UP,CONTROLLED_SYNTHETIC
I0000175,SME000053,RM021,2025-12-16,BRANCH,FOLLOW_UP,CONTROLLED_SYNTHETIC
I0000176,SME000053,RM021,2026-03-21,BRANCH,FOLLOW_UP,CONTROLLED_SYNTHETIC
I0000177,SME000053,RM021,2025-10-31,BRANCH,NEEDS_REVIEW,CONTROLLED_SYNTHETIC
I0000178,SME000054,RM026,2026-03-03,CALL,NO_RESPONSE,CONTROLLED_SYNTHETIC
I0000179,SME000054,RM026,2025-12-24,SECURE_MESSAGE,FOLLOW_UP,CONTROLLED_SYNTHETIC
I0000180,SME000054,RM026,2026-05-31,CALL,NO_RESPONSE,CONTROLLED_SYNTHETIC
I0000181,SME000054,RM026,2026-05-22,SECURE_MESSAGE,CONNECTED,CONTROLLED_SYNTHETIC
I0000182,SME000055,RM002,2025-10-30,SECURE_MESSAGE,CONNECTED,CONTROLLED_SYNTHETIC
I0000183,SME000055,RM002,2025-11-26,SECURE_MESSAGE,FOLLOW_UP,CONTROLLED_SYNTHETIC
I0000184,SME000055,RM002,2026-07-25,BRANCH,NO_RESPONSE,CONTROLLED_SYNTHETIC
I0000185,SME000056,RM002,2026-07-30,SECURE_MESSAGE,FOLLOW_UP,CONTROLLED_SYNTHETIC
I0000186,SME000056,RM002,2026-01-01,SECURE_MESSAGE,NO_RESPONSE,CONTROLLED_SYNTHETIC
I0000187,SME000056,RM002,2026-02-20,BRANCH,CONNECTED,CONTROLLED_SYNTHETIC
I0000188,SME000057,RM011,2025-12-17,SECURE_MESSAGE,FOLLOW_UP,CONTROLLED_SYNTHETIC
I0000189,SME000057,RM011,2025-12-13,BRANCH,FOLLOW_UP,CONTROLLED_SYNTHETIC
I0000190,SME000057,RM011,2026-07-18,MEETING,FOLLOW_UP,CONTROLLED_SYNTHETIC
I0000191,SME000057,RM011,2026-03-06,SECURE_MESSAGE,FOLLOW_UP,CONTROLLED_SYNTHETIC
I0000192,SME000058,RM016,2025-09-07,SECURE_MESSAGE,FOLLOW_UP,CONTROLLED_SYNTHETIC
I0000193,SME000058,RM016,2026-05-25,BRANCH,NO_RESPONSE,CONTROLLED_SYNTHETIC
I0000194,SME000058,RM016,2026-02-19,SECURE_MESSAGE,NO_RESPONSE,CONTROLLED_SYNTHETIC
I0000195,SME000059,RM015,2026-03-07,BRANCH,CONNECTED,CONTROLLED_SYNTHETIC
I0000196,SME000059,RM015,2025-09-05,SECURE_MESSAGE,NO_RESPONSE,CONTROLLED_SYNTHETIC
I0000197,SME000059,RM015,2025-10-29,CALL,FOLLOW_UP,CONTROLLED_SYNTHETIC
I0000198,SME000060,RM036,2026-08-01,CALL,CONNECTED,CONTROLLED_SYNTHETIC
I0000199,SME000060,RM036,2026-08-15,BRANCH,FOLLOW_UP,CONTROLLED_SYNTHETIC
I0000200,SME000060,RM036,2026-08-12,SECURE_MESSAGE,CONNECTED,CONTROLLED_SYNTHETIC
I0000201,SME000060,RM036,2026-06-01,CALL,CONNECTED,CONTROLLED_SYNTHETIC
I0000202,SME000060,RM036,2026-07-24,SECURE_MESSAGE,CONNECTED,CONTROLLED_SYNTHETIC
I0000203,SME000060,RM036,2026-03-04,MEETING,CONNECTED,CONTROLLED_SYNTHETIC
I0000204,SME000061,RM036,2026-01-29,MEETING,CONNECTED,CONTROLLED_SYNTHETIC
I0000205,SME000062,RM017,2026-05-18,MEETING,CONNECTED,CONTROLLED_SYNTHETIC
I0000206,SME000062,RM017,2025-10-21,BRANCH,CONNECTED,CONTROLLED_SYNTHETIC
I0000207,SME000062,RM017,2026-05-07,SECURE_MESSAGE,NEEDS_REVIEW,CONTROLLED_SYNTHETIC
I0000208,SME000063,RM004,2026-06-09,CALL,CONNECTED,CONTROLLED_SYNTHETIC
I0000209,SME000064,RM048,2026-07-22,BRANCH,FOLLOW_UP,CONTROLLED_SYNTHETIC
I0000210,SME000065,RM001,2026-05-17,MEETING,CONNECTED,CONTROLLED_SYNTHETIC
I0000211,SME000065,RM001,2026-07-21,BRANCH,CONNECTED,CONTROLLED_SYNTHETIC
I0000212,SME000065,RM001,2026-01-31,CALL,FOLLOW_UP,CONTROLLED_SYNTHETIC
I0000213,SME000065,RM001,2026-02-20,CALL,NO_RESPONSE,CONTROLLED_SYNTHETIC
I0000214,SME000066,RM008,2026-02-04,MEETING,CONNECTED,CONTROLLED_SYNTHETIC
I0000215,SME000067,RM045,2025-10-18,SECURE_MESSAGE,CONNECTED,CONTROLLED_SYNTHETIC
I0000216,SME000067,RM045,2025-12-03,BRANCH,FOLLOW_UP,CONTROLLED_SYNTHETIC
I0000217,SME000067,RM045,2026-03-14,BRANCH,FOLLOW_UP,CONTROLLED_SYNTHETIC
I0000218,SME000067,RM045,2025-11-29,BRANCH,CONNECTED,CONTROLLED_SYNTHETIC
I0000219,SME000067,RM045,2025-11-21,BRANCH,FOLLOW_UP,CONTROLLED_SYNTHETIC
I0000220,SME000068,RM046,2026-04-27,MEETING,CONNECTED,CONTROLLED_SYNTHETIC
I0000221,SME000068,RM046,2026-05-29,BRANCH,CONNECTED,CONTROLLED_SYNTHETIC
I0000222,SME000069,RM008,2025-11-07,BRANCH,CONNECTED,CONTROLLED_SYNTHETIC
I0000223,SME000069,RM008,2025-11-21,CALL,CONNECTED,CONTROLLED_SYNTHETIC
I0000224,SME000069,RM008,2025-09-22,MEETING,CONNECTED,CONTROLLED_SYNTHETIC
I0000225,SME000069,RM008,2026-07-29,MEETING,NEEDS_REVIEW,CONTROLLED_SYNTHETIC
I0000226,SME000070,RM041,2025-11-04,MEETING,CONNECTED,CONTROLLED_SYNTHETIC
I0000227,SME000071,RM017,2025-11-12,CALL,CONNECTED,CONTROLLED_SYNTHETIC
I0000228,SME000071,RM017,2026-03-24,MEETING,CONNECTED,CONTROLLED_SYNTHETIC
I0000229,SME000071,RM017,2026-06-29,BRANCH,NO_RESPONSE,CONTROLLED_SYNTHETIC
I0000230,SME000071,RM017,2026-06-04,MEETING,NO_RESPONSE,CONTROLLED_SYNTHETIC
I0000231,SME000071,RM017,2026-02-21,CALL,CONNECTED,CONTROLLED_SYNTHETIC
I0000232,SME000072,RM036,2025-11-28,SECURE_MESSAGE,FOLLOW_UP,CONTROLLED_SYNTHETIC
I0000233,SME000072,RM036,2026-07-21,CALL,CONNECTED,CONTROLLED_SYNTHETIC
I0000234,SME000072,RM036,2025-11-20,CALL,NO_RESPONSE,CONTROLLED_SYNTHETIC
I0000235,SME000072,RM036,2025-12-13,CALL,NO_RESPONSE,CONTROLLED_SYNTHETIC
I0000236,SME000072,RM036,2025-11-09,MEETING,FOLLOW_UP,CONTROLLED_SYNTHETIC
I0000237,SME000072,RM036,2026-06-08,SECURE_MESSAGE,FOLLOW_UP,CONTROLLED_SYNTHETIC
I0000238,SME000073,RM008,2025-10-23,SECURE_MESSAGE,CONNECTED,CONTROLLED_SYNTHETIC
I0000239,SME000074,RM019,2026-07-22,CALL,NO_RESPONSE,CONTROLLED_SYNTHETIC
I0000240,SME000074,RM019,2026-05-21,MEETING,FOLLOW_UP,CONTROLLED_SYNTHETIC
I0000241,SME000074,RM019,2025-11-13,CALL,NO_RESPONSE,CONTROLLED_SYNTHETIC
I0000242,SME000074,RM019,2025-12-15,CALL,CONNECTED,CONTROLLED_SYNTHETIC
I0000243,SME000074,RM019,2025-12-15,BRANCH,CONNECTED,CONTROLLED_SYNTHETIC
I0000244,SME000075,RM002,2025-09-17,MEETING,NEEDS_REVIEW,CONTROLLED_SYNTHETIC
I0000245,SME000075,RM002,2025-12-22,MEETING,CONNECTED,CONTROLLED_SYNTHETIC
I0000246,SME000075,RM002,2026-06-07,CALL,CONNECTED,CONTROLLED_SYNTHETIC
I0000247,SME000075,RM002,2026-02-22,SECURE_MESSAGE,CONNECTED,CONTROLLED_SYNTHETIC
I0000248,SME000075,RM002,2025-10-09,MEETING,CONNECTED,CONTROLLED_SYNTHETIC
I0000249,SME000076,RM047,2025-12-07,BRANCH,NO_RESPONSE,CONTROLLED_SYNTHETIC
I0000250,SME000077,RM012,2025-09-14,MEETING,NEEDS_REVIEW,CONTROLLED_SYNTHETIC
I0000251,SME000077,RM012,2025-12-28,SECURE_MESSAGE,NO_RESPONSE,CONTROLLED_SYNTHETIC
I0000252,SME000078,RM022,2026-01-05,CALL,CONNECTED,CONTROLLED_SYNTHETIC
I0000253,SME000078,RM022,2026-08-18,CALL,CONNECTED,CONTROLLED_SYNTHETIC
I0000254,SME000078,RM022,2026-03-27,CALL,CONNECTED,CONTROLLED_SYNTHETIC
I0000255,SME000078,RM022,2025-10-15,MEETING,CONNECTED,CONTROLLED_SYNTHETIC
I0000256,SME000078,RM022,2026-05-15,SECURE_MESSAGE,CONNECTED,CONTROLLED_SYNTHETIC
I0000257,SME000078,RM022,2025-08-31,SECURE_MESSAGE,CONNECTED,CONTROLLED_SYNTHETIC
I0000258,SME000079,RM015,2026-05-30,BRANCH,NO_RESPONSE,CONTROLLED_SYNTHETIC
I0000259,SME000080,RM041,2026-01-26,MEETING,CONNECTED,CONTROLLED_SYNTHETIC
I0000260,SME000080,RM041,2025-09-09,BRANCH,CONNECTED,CONTROLLED_SYNTHETIC
I0000261,SME000080,RM041,2026-03-16,CALL,CONNECTED,CONTROLLED_SYNTHETIC
I0000262,SME000080,RM041,2025-11-15,CALL,CONNECTED,CONTROLLED_SYNTHETIC
I0000263,SME000081,RM023,2025-09-12,MEETING,NO_RESPONSE,CONTROLLED_SYNTHETIC
I0000264,SME000081,RM023,2026-04-30,MEETING,NEEDS_REVIEW,CONTROLLED_SYNTHETIC
I0000265,SME000081,RM023,2026-03-31,CALL,CONNECTED,CONTROLLED_SYNTHETIC
I0000266,SME000081,RM023,2026-07-27,BRANCH,NO_RESPONSE,CONTROLLED_SYNTHETIC
I0000267,SME000081,RM023,2025-09-09,BRANCH,NEEDS_REVIEW,CONTROLLED_SYNTHETIC
I0000268,SME000082,RM033,2026-04-19,SECURE_MESSAGE,CONNECTED,CONTROLLED_SYNTHETIC
I0000269,SME000083,RM040,2025-10-29,MEETING,FOLLOW_UP,CONTROLLED_SYNTHETIC
I0000270,SME000083,RM040,2026-05-15,SECURE_MESSAGE,CONNECTED,CONTROLLED_SYNTHETIC
I0000271,SME000084,RM033,2025-09-06,MEETING,NEEDS_REVIEW,CONTROLLED_SYNTHETIC
I0000272,SME000084,RM033,2025-10-22,MEETING,FOLLOW_UP,CONTROLLED_SYNTHETIC
I0000273,SME000084,RM033,2026-06-05,SECURE_MESSAGE,FOLLOW_UP,CONTROLLED_SYNTHETIC
I0000274,SME000084,RM033,2026-04-18,CALL,NO_RESPONSE,CONTROLLED_SYNTHETIC
I0000275,SME000084,RM033,2025-11-22,SECURE_MESSAGE,FOLLOW_UP,CONTROLLED_SYNTHETIC
I0000276,SME000084,RM033,2026-04-25,BRANCH,FOLLOW_UP,CONTROLLED_SYNTHETIC
I0000277,SME000085,RM041,2025-11-25,MEETING,CONNECTED,CONTROLLED_SYNTHETIC
I0000278,SME000085,RM041,2026-04-09,CALL,CONNECTED,CONTROLLED_SYNTHETIC
I0000279,SME000085,RM041,2026-03-31,BRANCH,CONNECTED,CONTROLLED_SYNTHETIC
I0000280,SME000086,RM008,2026-03-28,BRANCH,NO_RESPONSE,CONTROLLED_SYNTHETIC
I0000281,SME000086,RM008,2026-08-13,CALL,CONNECTED,CONTROLLED_SYNTHETIC
I0000282,SME000086,RM008,2026-07-07,SECURE_MESSAGE,FOLLOW_UP,CONTROLLED_SYNTHETIC
I0000283,SME000087,RM017,2025-12-18,SECURE_MESSAGE,CONNECTED,CONTROLLED_SYNTHETIC
I0000284,SME000087,RM017,2026-06-08,MEETING,NO_RESPONSE,CONTROLLED_SYNTHETIC
I0000285,SME000087,RM017,2025-12-26,BRANCH,CONNECTED,CONTROLLED_SYNTHETIC
I0000286,SME000088,RM009,2025-09-23,BRANCH,FOLLOW_UP,CONTROLLED_SYNTHETIC
I0000287,SME000088,RM009,2026-02-17,BRANCH,CONNECTED,CONTROLLED_SYNTHETIC
I0000288,SME000088,RM009,2025-10-02,CALL,CONNECTED,CONTROLLED_SYNTHETIC
I0000289,SME000088,RM009,2026-04-24,MEETING,CONNECTED,CONTROLLED_SYNTHETIC
I0000290,SME000088,RM009,2025-08-25,CALL,FOLLOW_UP,CONTROLLED_SYNTHETIC
I0000291,SME000089,RM031,2026-08-13,CALL,NEEDS_REVIEW,CONTROLLED_SYNTHETIC
I0000292,SME000089,RM031,2026-06-04,BRANCH,CONNECTED,CONTROLLED_SYNTHETIC
I0000293,SME000089,RM031,2026-01-09,BRANCH,CONNECTED,CONTROLLED_SYNTHETIC
I0000294,SME000090,RM008,2026-03-01,SECURE_MESSAGE,NO_RESPONSE,CONTROLLED_SYNTHETIC
I0000295,SME000090,RM008,2026-01-29,BRANCH,CONNECTED,CONTROLLED_SYNTHETIC
I0000296,SME000091,RM029,2025-10-19,BRANCH,CONNECTED,CONTROLLED_SYNTHETIC
I0000297,SME000091,RM029,2025-12-20,SECURE_MESSAGE,NEEDS_REVIEW,CONTROLLED_SYNTHETIC
I0000298,SME000091,RM029,2025-12-08,BRANCH,CONNECTED,CONTROLLED_SYNTHETIC
I0000299,SME000091,RM029,2025-09-25,BRANCH,CONNECTED,CONTROLLED_SYNTHETIC
I0000300,SME000091,RM029,2025-09-15,SECURE_MESSAGE,FOLLOW_UP,CONTROLLED_SYNTHETIC
I0000301,SME000091,RM029,2025-09-04,BRANCH,CONNECTED,CONTROLLED_SYNTHETIC
I0000302,SME000092,RM041,2026-04-19,BRANCH,NO_RESPONSE,CONTROLLED_SYNTHETIC
I0000303,SME000092,RM041,2026-07-21,BRANCH,FOLLOW_UP,CONTROLLED_SYNTHETIC
I0000304,SME000093,RM035,2026-05-21,CALL,NO_RESPONSE,CONTROLLED_SYNTHETIC
I0000305,SME000093,RM035,2025-10-24,SECURE_MESSAGE,NO_RESPONSE,CONTROLLED_SYNTHETIC
I0000306,SME000093,RM035,2025-08-30,BRANCH,FOLLOW_UP,CONTROLLED_SYNTHETIC
I0000307,SME000093,RM035,2026-05-12,SECURE_MESSAGE,FOLLOW_UP,CONTROLLED_SYNTHETIC
I0000308,SME000094,RM010,2025-09-30,CALL,FOLLOW_UP,CONTROLLED_SYNTHETIC
I0000309,SME000094,RM010,2025-09-08,CALL,CONNECTED,CONTROLLED_SYNTHETIC
I0000310,SME000095,RM043,2026-01-20,SECURE_MESSAGE,FOLLOW_UP,CONTROLLED_SYNTHETIC
I0000311,SME000095,RM043,2026-07-03,MEETING,NO_RESPONSE,CONTROLLED_SYNTHETIC
I0000312,SME000095,RM043,2026-06-25,BRANCH,CONNECTED,CONTROLLED_SYNTHETIC
I0000313,SME000096,RM035,2026-01-10,CALL,FOLLOW_UP,CONTROLLED_SYNTHETIC
I0000314,SME000096,RM035,2026-01-23,MEETING,FOLLOW_UP,CONTROLLED_SYNTHETIC
I0000315,SME000096,RM035,2026-03-21,SECURE_MESSAGE,NEEDS_REVIEW,CONTROLLED_SYNTHETIC
I0000316,SME000096,RM035,2025-12-25,SECURE_MESSAGE,CONNECTED,CONTROLLED_SYNTHETIC
I0000317,SME000097,RM031,2026-04-20,SECURE_MESSAGE,CONNECTED,CONTROLLED_SYNTHETIC
I0000318,SME000097,RM031,2026-04-15,SECURE_MESSAGE,CONNECTED,CONTROLLED_SYNTHETIC
I0000319,SME000097,RM031,2025-12-24,SECURE_MESSAGE,FOLLOW_UP,CONTROLLED_SYNTHETIC
I0000320,SME000098,RM021,2025-11-09,CALL,FOLLOW_UP,CONTROLLED_SYNTHETIC
I0000321,SME000098,RM021,2026-01-05,CALL,CONNECTED,CONTROLLED_SYNTHETIC
I0000322,SME000099,RM013,2026-07-05,BRANCH,NO_RESPONSE,CONTROLLED_SYNTHETIC
I0000323,SME000099,RM013,2026-03-13,CALL,FOLLOW_UP,CONTROLLED_SYNTHETIC
I0000324,SME000099,RM013,2026-07-31,CALL,CONNECTED,CONTROLLED_SYNTHETIC
I0000325,SME000100,RM030,2025-10-24,BRANCH,CONNECTED,CONTROLLED_SYNTHETIC
I0000326,SME000101,RM002,2026-01-21,SECURE_MESSAGE,CONNECTED,CONTROLLED_SYNTHETIC
I0000327,SME000101,RM002,2026-02-28,CALL,FOLLOW_UP,CONTROLLED_SYNTHETIC
I0000328,SME000101,RM002,2025-11-12,CALL,CONNECTED,CONTROLLED_SYNTHETIC
I0000329,SME000101,RM002,2025-09-29,MEETING,NO_RESPONSE,CONTROLLED_SYNTHETIC
I0000330,SME000101,RM002,2025-09-30,MEETING,CONNECTED,CONTROLLED_SYNTHETIC
I0000331,SME000101,RM002,2026-06-06,BRANCH,CONNECTED,CONTROLLED_SYNTHETIC
I0000332,SME000102,RM038,2025-10-21,SECURE_MESSAGE,CONNECTED,CONTROLLED_SYNTHETIC
I0000333,SME000102,RM038,2026-01-05,SECURE_MESSAGE,NO_RESPONSE,CONTROLLED_SYNTHETIC
I0000334,SME000102,RM038,2026-01-01,CALL,CONNECTED,CONTROLLED_SYNTHETIC
I0000335,SME000103,RM046,2025-10-24,SECURE_MESSAGE,NO_RESPONSE,CONTROLLED_SYNTHETIC
I0000336,SME000103,RM046,2026-01-07,CALL,FOLLOW_UP,CONTROLLED_SYNTHETIC
I0000337,SME000104,RM009,2025-12-10,BRANCH,FOLLOW_UP,CONTROLLED_SYNTHETIC
I0000338,SME000104,RM009,2026-04-26,CALL,NO_RESPONSE,CONTROLLED_SYNTHETIC
I0000339,SME000104,RM009,2026-08-16,CALL,NEEDS_REVIEW,CONTROLLED_SYNTHETIC
I0000340,SME000104,RM009,2025-11-24,SECURE_MESSAGE,NO_RESPONSE,CONTROLLED_SYNTHETIC
I0000341,SME000104,RM009,2026-07-16,CALL,NEEDS_REVIEW,CONTROLLED_SYNTHETIC
I0000342,SME000104,RM009,2026-01-01,MEETING,CONNECTED,CONTROLLED_SYNTHETIC
I0000343,SME000105,RM009,2026-06-26,BRANCH,NEEDS_REVIEW,CONTROLLED_SYNTHETIC
I0000344,SME000106,RM002,2026-03-27,MEETING,CONNECTED,CONTROLLED_SYNTHETIC
I0000345,SME000106,RM002,2026-05-28,MEETING,NO_RESPONSE,CONTROLLED_SYNTHETIC
I0000346,SME000106,RM002,2025-12-04,SECURE_MESSAGE,FOLLOW_UP,CONTROLLED_SYNTHETIC
I0000347,SME000107,RM016,2026-04-08,MEETING,CONNECTED,CONTROLLED_SYNTHETIC
I0000348,SME000107,RM016,2026-04-03,SECURE_MESSAGE,NEEDS_REVIEW,CONTROLLED_SYNTHETIC
I0000349,SME000107,RM016,2026-01-11,BRANCH,CONNECTED,CONTROLLED_SYNTHETIC
I0000350,SME000107,RM016,2026-03-05,CALL,NEEDS_REVIEW,CONTROLLED_SYNTHETIC
I0000351,SME000108,RM043,2025-10-17,MEETING,NEEDS_REVIEW,CONTROLLED_SYNTHETIC
I0000352,SME000108,RM043,2026-07-14,SECURE_MESSAGE,CONNECTED,CONTROLLED_SYNTHETIC
I0000353,SME000108,RM043,2025-09-08,MEETING,NO_RESPONSE,CONTROLLED_SYNTHETIC
I0000354,SME000108,RM043,2026-02-11,MEETING,FOLLOW_UP,CONTROLLED_SYNTHETIC
I0000355,SME000108,RM043,2026-03-26,MEETING,FOLLOW_UP,CONTROLLED_SYNTHETIC
I0000356,SME000108,RM043,2026-01-23,MEETING,CONNECTED,CONTROLLED_SYNTHETIC
I0000357,SME000109,RM039,2025-12-23,CALL,NO_RESPONSE,CONTROLLED_SYNTHETIC
I0000358,SME000110,RM047,2026-05-30,BRANCH,CONNECTED,CONTROLLED_SYNTHETIC
I0000359,SME000110,RM047,2025-09-25,MEETING,CONNECTED,CONTROLLED_SYNTHETIC
I0000360,SME000110,RM047,2026-08-02,BRANCH,CONNECTED,CONTROLLED_SYNTHETIC
I0000361,SME000110,RM047,2025-09-12,MEETING,NEEDS_REVIEW,CONTROLLED_SYNTHETIC
I0000362,SME000111,RM025,2026-01-17,SECURE_MESSAGE,FOLLOW_UP,CONTROLLED_SYNTHETIC
I0000363,SME000111,RM025,2025-11-13,MEETING,NO_RESPONSE,CONTROLLED_SYNTHETIC
I0000364,SME000111,RM025,2025-11-25,SECURE_MESSAGE,NO_RESPONSE,CONTROLLED_SYNTHETIC
I0000365,SME000111,RM025,2025-10-29,MEETING,NEEDS_REVIEW,CONTROLLED_SYNTHETIC
I0000366,SME000111,RM025,2025-11-27,CALL,FOLLOW_UP,CONTROLLED_SYNTHETIC
I0000367,SME000111,RM025,2026-06-28,SECURE_MESSAGE,NEEDS_REVIEW,CONTROLLED_SYNTHETIC
I0000368,SME000112,RM047,2026-07-25,BRANCH,FOLLOW_UP,CONTROLLED_SYNTHETIC
I0000369,SME000112,RM047,2025-09-25,SECURE_MESSAGE,FOLLOW_UP,CONTROLLED_SYNTHETIC
I0000370,SME000112,RM047,2026-06-14,CALL,CONNECTED,CONTROLLED_SYNTHETIC
I0000371,SME000112,RM047,2026-03-11,CALL,FOLLOW_UP,CONTROLLED_SYNTHETIC
I0000372,SME000112,RM047,2026-04-15,BRANCH,FOLLOW_UP,CONTROLLED_SYNTHETIC
I0000373,SME000113,RM029,2025-10-01,BRANCH,FOLLOW_UP,CONTROLLED_SYNTHETIC
I0000374,SME000113,RM029,2026-04-12,BRANCH,FOLLOW_UP,CONTROLLED_SYNTHETIC
I0000375,SME000114,RM019,2025-11-25,MEETING,NO_RESPONSE,CONTROLLED_SYNTHETIC
I0000376,SME000114,RM019,2026-05-30,SECURE_MESSAGE,CONNECTED,CONTROLLED_SYNTHETIC
I0000377,SME000114,RM019,2026-03-08,BRANCH,CONNECTED,CONTROLLED_SYNTHETIC
I0000378,SME000114,RM019,2026-02-18,MEETING,CONNECTED,CONTROLLED_SYNTHETIC
I0000379,SME000115,RM030,2026-04-03,MEETING,FOLLOW_UP,CONTROLLED_SYNTHETIC
I0000380,SME000115,RM030,2025-11-27,MEETING,CONNECTED,CONTROLLED_SYNTHETIC
I0000381,SME000115,RM030,2025-09-29,MEETING,FOLLOW_UP,CONTROLLED_SYNTHETIC
I0000382,SME000116,RM041,2026-07-18,BRANCH,CONNECTED,CONTROLLED_SYNTHETIC
I0000383,SME000116,RM041,2026-01-03,MEETING,CONNECTED,CONTROLLED_SYNTHETIC
I0000384,SME000117,RM021,2026-02-06,CALL,FOLLOW_UP,CONTROLLED_SYNTHETIC
I0000385,SME000117,RM021,2026-01-03,SECURE_MESSAGE,FOLLOW_UP,CONTROLLED_SYNTHETIC
I0000386,SME000117,RM021,2025-08-24,CALL,FOLLOW_UP,CONTROLLED_SYNTHETIC
I0000387,SME000118,RM021,2025-12-08,CALL,CONNECTED,CONTROLLED_SYNTHETIC
I0000388,SME000118,RM021,2025-12-23,BRANCH,FOLLOW_UP,CONTROLLED_SYNTHETIC
I0000389,SME000118,RM021,2026-06-02,SECURE_MESSAGE,NO_RESPONSE,CONTROLLED_SYNTHETIC
I0000390,SME000118,RM021,2025-12-14,BRANCH,CONNECTED,CONTROLLED_SYNTHETIC
I0000391,SME000118,RM021,2026-06-19,MEETING,CONNECTED,CONTROLLED_SYNTHETIC
I0000392,SME000118,RM021,2026-05-29,MEETING,FOLLOW_UP,CONTROLLED_SYNTHETIC
I0000393,SME000119,RM021,2025-10-02,MEETING,NO_RESPONSE,CONTROLLED_SYNTHETIC
I0000394,SME000119,RM021,2026-02-11,MEETING,CONNECTED,CONTROLLED_SYNTHETIC
I0000395,SME000120,RM029,2026-05-12,MEETING,CONNECTED,CONTROLLED_SYNTHETIC
I0000396,SME000120,RM029,2026-04-12,MEETING,FOLLOW_UP,CONTROLLED_SYNTHETIC
I0000397,SME000120,RM029,2026-05-28,SECURE_MESSAGE,CONNECTED,CONTROLLED_SYNTHETIC
I0000398,SME000120,RM029,2025-08-27,CALL,NEEDS_REVIEW,CONTROLLED_SYNTHETIC
I0000399,SME000120,RM029,2026-04-03,CALL,FOLLOW_UP,CONTROLLED_SYNTHETIC
I0000400,SME000121,RM022,2025-10-23,CALL,NO_RESPONSE,CONTROLLED_SYNTHETIC
I0000401,SME000121,RM022,2026-03-15,SECURE_MESSAGE,FOLLOW_UP,CONTROLLED_SYNTHETIC
I0000402,SME000122,RM012,2025-12-23,BRANCH,FOLLOW_UP,CONTROLLED_SYNTHETIC
I0000403,SME000122,RM012,2025-12-24,SECURE_MESSAGE,NEEDS_REVIEW,CONTROLLED_SYNTHETIC
I0000404,SME000122,RM012,2025-11-15,CALL,FOLLOW_UP,CONTROLLED_SYNTHETIC
I0000405,SME000122,RM012,2026-04-18,CALL,FOLLOW_UP,CONTROLLED_SYNTHETIC
I0000406,SME000122,RM012,2026-05-14,SECURE_MESSAGE,CONNECTED,CONTROLLED_SYNTHETIC
I0000407,SME000123,RM029,2025-12-28,CALL,FOLLOW_UP,CONTROLLED_SYNTHETIC
I0000408,SME000123,RM029,2026-05-06,CALL,CONNECTED,CONTROLLED_SYNTHETIC
I0000409,SME000123,RM029,2026-02-04,CALL,CONNECTED,CONTROLLED_SYNTHETIC
I0000410,SME000123,RM029,2026-02-01,MEETING,NEEDS_REVIEW,CONTROLLED_SYNTHETIC
I0000411,SME000123,RM029,2025-12-20,MEETING,NO_RESPONSE,CONTROLLED_SYNTHETIC
I0000412,SME000123,RM029,2026-01-01,CALL,CONNECTED,CONTROLLED_SYNTHETIC
I0000413,SME000124,RM032,2025-11-26,MEETING,FOLLOW_UP,CONTROLLED_SYNTHETIC
I0000414,SME000124,RM032,2026-06-26,SECURE_MESSAGE,FOLLOW_UP,CONTROLLED_SYNTHETIC
I0000415,SME000124,RM032,2026-01-16,BRANCH,NEEDS_REVIEW,CONTROLLED_SYNTHETIC
I0000416,SME000124,RM032,2025-10-23,SECURE_MESSAGE,CONNECTED,CONTROLLED_SYNTHETIC
I0000417,SME000124,RM032,2026-07-06,CALL,NO_RESPONSE,CONTROLLED_SYNTHETIC
I0000418,SME000124,RM032,2026-02-05,SECURE_MESSAGE,NO_RESPONSE,CONTROLLED_SYNTHETIC
I0000419,SME000125,RM035,2026-04-28,MEETING,NEEDS_REVIEW,CONTROLLED_SYNTHETIC
I0000420,SME000125,RM035,2026-03-27,MEETING,FOLLOW_UP,CONTROLLED_SYNTHETIC
I0000421,SME000125,RM035,2025-09-03,CALL,FOLLOW_UP,CONTROLLED_SYNTHETIC
I0000422,SME000125,RM035,2025-12-30,MEETING,NO_RESPONSE,CONTROLLED_SYNTHETIC
I0000423,SME000126,RM012,2025-10-16,SECURE_MESSAGE,NO_RESPONSE,CONTROLLED_SYNTHETIC
I0000424,SME000126,RM012,2025-09-29,SECURE_MESSAGE,NO_RESPONSE,CONTROLLED_SYNTHETIC
I0000425,SME000126,RM012,2026-07-08,SECURE_MESSAGE,NO_RESPONSE,CONTROLLED_SYNTHETIC
I0000426,SME000126,RM012,2026-04-10,MEETING,NO_RESPONSE,CONTROLLED_SYNTHETIC
I0000427,SME000126,RM012,2026-08-19,MEETING,FOLLOW_UP,CONTROLLED_SYNTHETIC
I0000428,SME000127,RM001,2026-05-22,BRANCH,CONNECTED,CONTROLLED_SYNTHETIC
I0000429,SME000127,RM001,2025-08-30,CALL,CONNECTED,CONTROLLED_SYNTHETIC
I0000430,SME000127,RM001,2026-06-17,SECURE_MESSAGE,CONNECTED,CONTROLLED_SYNTHETIC
I0000431,SME000127,RM001,2026-02-28,CALL,FOLLOW_UP,CONTROLLED_SYNTHETIC
I0000432,SME000127,RM001,2026-02-14,BRANCH,CONNECTED,CONTROLLED_SYNTHETIC
I0000433,SME000128,RM034,2026-08-11,BRANCH,NO_RESPONSE,CONTROLLED_SYNTHETIC
I0000434,SME000128,RM034,2026-04-27,MEETING,CONNECTED,CONTROLLED_SYNTHETIC
I0000435,SME000128,RM034,2025-11-09,MEETING,NO_RESPONSE,CONTROLLED_SYNTHETIC
I0000436,SME000128,RM034,2026-03-27,CALL,CONNECTED,CONTROLLED_SYNTHETIC
I0000437,SME000128,RM034,2026-06-15,MEETING,CONNECTED,CONTROLLED_SYNTHETIC
I0000438,SME000128,RM034,2025-09-09,CALL,CONNECTED,CONTROLLED_SYNTHETIC
I0000439,SME000129,RM002,2025-09-14,BRANCH,CONNECTED,CONTROLLED_SYNTHETIC
I0000440,SME000129,RM002,2026-07-03,MEETING,CONNECTED,CONTROLLED_SYNTHETIC
I0000441,SME000129,RM002,2026-05-07,MEETING,CONNECTED,CONTROLLED_SYNTHETIC
I0000442,SME000129,RM002,2026-06-09,CALL,CONNECTED,CONTROLLED_SYNTHETIC
I0000443,SME000129,RM002,2026-04-24,SECURE_MESSAGE,FOLLOW_UP,CONTROLLED_SYNTHETIC
I0000444,SME000129,RM002,2026-08-02,CALL,FOLLOW_UP,CONTROLLED_SYNTHETIC
I0000445,SME000130,RM031,2026-01-16,BRANCH,NO_RESPONSE,CONTROLLED_SYNTHETIC
I0000446,SME000131,RM036,2025-08-30,MEETING,NEEDS_REVIEW,CONTROLLED_SYNTHETIC
I0000447,SME000131,RM036,2026-04-18,BRANCH,CONNECTED,CONTROLLED_SYNTHETIC
I0000448,SME000131,RM036,2026-02-10,SECURE_MESSAGE,NEEDS_REVIEW,CONTROLLED_SYNTHETIC
I0000449,SME000132,RM027,2026-03-28,MEETING,NO_RESPONSE,CONTROLLED_SYNTHETIC
I0000450,SME000132,RM027,2026-08-08,SECURE_MESSAGE,CONNECTED,CONTROLLED_SYNTHETIC
I0000451,SME000133,RM002,2026-03-12,BRANCH,NEEDS_REVIEW,CONTROLLED_SYNTHETIC
I0000452,SME000133,RM002,2026-03-01,CALL,CONNECTED,CONTROLLED_SYNTHETIC
I0000453,SME000133,RM002,2025-11-21,BRANCH,FOLLOW_UP,CONTROLLED_SYNTHETIC
I0000454,SME000133,RM002,2025-09-05,CALL,FOLLOW_UP,CONTROLLED_SYNTHETIC
I0000455,SME000134,RM010,2026-03-23,SECURE_MESSAGE,NEEDS_REVIEW,CONTROLLED_SYNTHETIC
I0000456,SME000134,RM010,2025-09-07,BRANCH,NEEDS_REVIEW,CONTROLLED_SYNTHETIC
I0000457,SME000134,RM010,2025-10-13,BRANCH,NEEDS_REVIEW,CONTROLLED_SYNTHETIC
I0000458,SME000134,RM010,2026-05-25,BRANCH,CONNECTED,CONTROLLED_SYNTHETIC
I0000459,SME000134,RM010,2025-09-03,SECURE_MESSAGE,NEEDS_REVIEW,CONTROLLED_SYNTHETIC
I0000460,SME000135,RM002,2025-11-06,MEETING,CONNECTED,CONTROLLED_SYNTHETIC
I0000461,SME000135,RM002,2026-07-01,BRANCH,CONNECTED,CONTROLLED_SYNTHETIC
I0000462,SME000135,RM002,2025-11-14,BRANCH,NEEDS_REVIEW,CONTROLLED_SYNTHETIC
I0000463,SME000136,RM025,2026-04-12,CALL,CONNECTED,CONTROLLED_SYNTHETIC
I0000464,SME000137,RM041,2026-07-30,CALL,CONNECTED,CONTROLLED_SYNTHETIC
I0000465,SME000137,RM041,2026-05-08,MEETING,NO_RESPONSE,CONTROLLED_SYNTHETIC
I0000466,SME000137,RM041,2025-10-31,CALL,NO_RESPONSE,CONTROLLED_SYNTHETIC
I0000467,SME000138,RM036,2026-07-29,SECURE_MESSAGE,FOLLOW_UP,CONTROLLED_SYNTHETIC
I0000468,SME000138,RM036,2025-10-03,SECURE_MESSAGE,CONNECTED,CONTROLLED_SYNTHETIC
I0000469,SME000138,RM036,2026-01-13,SECURE_MESSAGE,CONNECTED,CONTROLLED_SYNTHETIC
I0000470,SME000138,RM036,2026-03-10,MEETING,CONNECTED,CONTROLLED_SYNTHETIC
I0000471,SME000139,RM021,2026-03-02,CALL,FOLLOW_UP,CONTROLLED_SYNTHETIC
I0000472,SME000139,RM021,2026-02-26,SECURE_MESSAGE,NO_RESPONSE,CONTROLLED_SYNTHETIC
I0000473,SME000139,RM021,2026-05-13,CALL,FOLLOW_UP,CONTROLLED_SYNTHETIC
I0000474,SME000140,RM031,2025-09-18,BRANCH,CONNECTED,CONTROLLED_SYNTHETIC
I0000475,SME000140,RM031,2026-03-05,SECURE_MESSAGE,CONNECTED,CONTROLLED_SYNTHETIC
I0000476,SME000140,RM031,2025-10-01,BRANCH,FOLLOW_UP,CONTROLLED_SYNTHETIC
I0000477,SME000141,RM010,2026-06-07,CALL,CONNECTED,CONTROLLED_SYNTHETIC
I0000478,SME000141,RM010,2025-11-07,CALL,CONNECTED,CONTROLLED_SYNTHETIC
I0000479,SME000142,RM014,2026-06-25,CALL,CONNECTED,CONTROLLED_SYNTHETIC
I0000480,SME000143,RM041,2026-01-29,CALL,CONNECTED,CONTROLLED_SYNTHETIC
I0000481,SME000143,RM041,2025-10-23,BRANCH,CONNECTED,CONTROLLED_SYNTHETIC
I0000482,SME000143,RM041,2026-08-04,BRANCH,FOLLOW_UP,CONTROLLED_SYNTHETIC
I0000483,SME000143,RM041,2025-09-17,SECURE_MESSAGE,CONNECTED,CONTROLLED_SYNTHETIC
I0000484,SME000143,RM041,2025-10-04,BRANCH,CONNECTED,CONTROLLED_SYNTHETIC
I0000485,SME000143,RM041,2026-07-30,CALL,CONNECTED,CONTROLLED_SYNTHETIC
I0000486,SME000144,RM021,2026-05-13,MEETING,NO_RESPONSE,CONTROLLED_SYNTHETIC
I0000487,SME000144,RM021,2025-08-23,BRANCH,FOLLOW_UP,CONTROLLED_SYNTHETIC
I0000488,SME000144,RM021,2026-04-13,CALL,FOLLOW_UP,CONTROLLED_SYNTHETIC
I0000489,SME000144,RM021,2026-01-01,BRANCH,FOLLOW_UP,CONTROLLED_SYNTHETIC
I0000490,SME000144,RM021,2026-07-03,CALL,CONNECTED,CONTROLLED_SYNTHETIC
I0000491,SME000144,RM021,2025-09-05,SECURE_MESSAGE,NO_RESPONSE,CONTROLLED_SYNTHETIC
I0000492,SME000145,RM007,2025-10-15,MEETING,NO_RESPONSE,CONTROLLED_SYNTHETIC
I0000493,SME000146,RM004,2025-12-30,SECURE_MESSAGE,NO_RESPONSE,CONTROLLED_SYNTHETIC
I0000494,SME000146,RM004,2025-08-26,CALL,CONNECTED,CONTROLLED_SYNTHETIC
I0000495,SME000147,RM020,2026-02-28,SECURE_MESSAGE,FOLLOW_UP,CONTROLLED_SYNTHETIC
I0000496,SME000147,RM020,2026-07-29,BRANCH,NEEDS_REVIEW,CONTROLLED_SYNTHETIC
I0000497,SME000148,RM039,2025-09-25,BRANCH,NO_RESPONSE,CONTROLLED_SYNTHETIC
I0000498,SME000148,RM039,2026-08-07,CALL,CONNECTED,CONTROLLED_SYNTHETIC
I0000499,SME000148,RM039,2025-11-27,SECURE_MESSAGE,FOLLOW_UP,CONTROLLED_SYNTHETIC
I0000500,SME000148,RM039,2026-04-08,BRANCH,CONNECTED,CONTROLLED_SYNTHETIC
I0000501,SME000148,RM039,2026-05-11,CALL,NO_RESPONSE,CONTROLLED_SYNTHETIC
I0000502,SME000149,RM034,2025-08-27,SECURE_MESSAGE,CONNECTED,CONTROLLED_SYNTHETIC
I0000503,SME000149,RM034,2025-09-15,SECURE_MESSAGE,CONNECTED,CONTROLLED_SYNTHETIC
I0000504,SME000150,RM046,2025-10-28,MEETING,CONNECTED,CONTROLLED_SYNTHETIC
I0000505,SME000151,RM044,2025-11-01,MEETING,CONNECTED,CONTROLLED_SYNTHETIC
I0000506,SME000151,RM044,2026-01-10,BRANCH,NEEDS_REVIEW,CONTROLLED_SYNTHETIC
I0000507,SME000151,RM044,2026-06-12,SECURE_MESSAGE,CONNECTED,CONTROLLED_SYNTHETIC
I0000508,SME000151,RM044,2026-03-05,BRANCH,NEEDS_REVIEW,CONTROLLED_SYNTHETIC
I0000509,SME000152,RM038,2026-07-14,SECURE_MESSAGE,CONNECTED,CONTROLLED_SYNTHETIC
I0000510,SME000153,RM021,2026-01-26,SECURE_MESSAGE,NEEDS_REVIEW,CONTROLLED_SYNTHETIC
I0000511,SME000153,RM021,2025-09-09,SECURE_MESSAGE,CONNECTED,CONTROLLED_SYNTHETIC
I0000512,SME000153,RM021,2025-09-26,SECURE_MESSAGE,NO_RESPONSE,CONTROLLED_SYNTHETIC
I0000513,SME000154,RM048,2026-07-18,MEETING,NEEDS_REVIEW,CONTROLLED_SYNTHETIC
I0000514,SME000154,RM048,2025-08-22,CALL,NO_RESPONSE,CONTROLLED_SYNTHETIC
I0000515,SME000154,RM048,2026-07-26,CALL,CONNECTED,CONTROLLED_SYNTHETIC
I0000516,SME000154,RM048,2026-05-23,MEETING,CONNECTED,CONTROLLED_SYNTHETIC
I0000517,SME000154,RM048,2026-04-22,SECURE_MESSAGE,NO_RESPONSE,CONTROLLED_SYNTHETIC
I0000518,SME000155,RM037,2025-11-12,MEETING,CONNECTED,CONTROLLED_SYNTHETIC
I0000519,SME000155,RM037,2026-04-07,CALL,CONNECTED,CONTROLLED_SYNTHETIC
I0000520,SME000155,RM037,2025-11-01,SECURE_MESSAGE,FOLLOW_UP,CONTROLLED_SYNTHETIC
I0000521,SME000156,RM030,2026-05-14,CALL,CONNECTED,CONTROLLED_SYNTHETIC
I0000522,SME000156,RM030,2025-11-28,SECURE_MESSAGE,FOLLOW_UP,CONTROLLED_SYNTHETIC
I0000523,SME000157,RM008,2026-05-27,MEETING,FOLLOW_UP,CONTROLLED_SYNTHETIC
I0000524,SME000157,RM008,2025-12-29,BRANCH,CONNECTED,CONTROLLED_SYNTHETIC
I0000525,SME000157,RM008,2025-11-13,SECURE_MESSAGE,NEEDS_REVIEW,CONTROLLED_SYNTHETIC
I0000526,SME000158,RM008,2025-12-04,BRANCH,CONNECTED,CONTROLLED_SYNTHETIC
I0000527,SME000158,RM008,2025-11-30,MEETING,CONNECTED,CONTROLLED_SYNTHETIC
I0000528,SME000158,RM008,2025-11-02,MEETING,CONNECTED,CONTROLLED_SYNTHETIC
I0000529,SME000158,RM008,2026-04-08,BRANCH,FOLLOW_UP,CONTROLLED_SYNTHETIC
I0000530,SME000158,RM008,2025-11-25,CALL,CONNECTED,CONTROLLED_SYNTHETIC
I0000531,SME000159,RM030,2026-04-28,MEETING,FOLLOW_UP,CONTROLLED_SYNTHETIC
I0000532,SME000159,RM030,2025-12-22,CALL,FOLLOW_UP,CONTROLLED_SYNTHETIC
I0000533,SME000159,RM030,2025-12-16,MEETING,NEEDS_REVIEW,CONTROLLED_SYNTHETIC
I0000534,SME000160,RM012,2026-06-14,BRANCH,FOLLOW_UP,CONTROLLED_SYNTHETIC
I0000535,SME000160,RM012,2025-11-13,BRANCH,NEEDS_REVIEW,CONTROLLED_SYNTHETIC
I0000536,SME000160,RM012,2026-06-12,CALL,CONNECTED,CONTROLLED_SYNTHETIC
I0000537,SME000160,RM012,2025-08-30,CALL,FOLLOW_UP,CONTROLLED_SYNTHETIC
I0000538,SME000160,RM012,2026-04-07,CALL,NO_RESPONSE,CONTROLLED_SYNTHETIC
I0000539,SME000161,RM009,2025-12-25,BRANCH,FOLLOW_UP,CONTROLLED_SYNTHETIC
I0000540,SME000161,RM009,2026-02-21,CALL,NO_RESPONSE,CONTROLLED_SYNTHETIC
I0000541,SME000161,RM009,2025-11-06,MEETING,CONNECTED,CONTROLLED_SYNTHETIC
I0000542,SME000161,RM009,2025-09-18,MEETING,CONNECTED,CONTROLLED_SYNTHETIC
I0000543,SME000162,RM028,2026-05-27,CALL,CONNECTED,CONTROLLED_SYNTHETIC
I0000544,SME000162,RM028,2026-02-15,MEETING,CONNECTED,CONTROLLED_SYNTHETIC
I0000545,SME000162,RM028,2025-09-10,MEETING,CONNECTED,CONTROLLED_SYNTHETIC
I0000546,SME000162,RM028,2026-06-29,MEETING,NO_RESPONSE,CONTROLLED_SYNTHETIC
I0000547,SME000162,RM028,2026-03-30,SECURE_MESSAGE,CONNECTED,CONTROLLED_SYNTHETIC
I0000548,SME000162,RM028,2026-05-17,BRANCH,CONNECTED,CONTROLLED_SYNTHETIC
I0000549,SME000163,RM012,2025-09-11,BRANCH,FOLLOW_UP,CONTROLLED_SYNTHETIC
I0000550,SME000163,RM012,2026-05-07,SECURE_MESSAGE,NO_RESPONSE,CONTROLLED_SYNTHETIC
I0000551,SME000163,RM012,2026-06-20,CALL,CONNECTED,CONTROLLED_SYNTHETIC
I0000552,SME000163,RM012,2026-02-09,MEETING,NO_RESPONSE,CONTROLLED_SYNTHETIC
I0000553,SME000163,RM012,2026-07-10,CALL,CONNECTED,CONTROLLED_SYNTHETIC
I0000554,SME000163,RM012,2026-08-18,MEETING,NO_RESPONSE,CONTROLLED_SYNTHETIC
I0000555,SME000164,RM018,2025-08-21,MEETING,FOLLOW_UP,CONTROLLED_SYNTHETIC
I0000556,SME000165,RM019,2025-12-28,CALL,FOLLOW_UP,CONTROLLED_SYNTHETIC
I0000557,SME000165,RM019,2025-11-02,BRANCH,FOLLOW_UP,CONTROLLED_SYNTHETIC
I0000558,SME000165,RM019,2025-11-04,BRANCH,CONNECTED,CONTROLLED_SYNTHETIC
I0000559,SME000165,RM019,2026-08-09,CALL,CONNECTED,CONTROLLED_SYNTHETIC
I0000560,SME000165,RM019,2025-10-29,MEETING,FOLLOW_UP,CONTROLLED_SYNTHETIC
I0000561,SME000165,RM019,2026-08-06,CALL,FOLLOW_UP,CONTROLLED_SYNTHETIC
I0000562,SME000166,RM007,2025-09-13,SECURE_MESSAGE,NEEDS_REVIEW,CONTROLLED_SYNTHETIC
I0000563,SME000166,RM007,2025-11-18,SECURE_MESSAGE,CONNECTED,CONTROLLED_SYNTHETIC
I0000564,SME000167,RM035,2025-12-12,CALL,CONNECTED,CONTROLLED_SYNTHETIC
I0000565,SME000167,RM035,2026-04-02,CALL,CONNECTED,CONTROLLED_SYNTHETIC
I0000566,SME000167,RM035,2026-05-15,MEETING,NEEDS_REVIEW,CONTROLLED_SYNTHETIC
I0000567,SME000168,RM042,2025-12-07,SECURE_MESSAGE,FOLLOW_UP,CONTROLLED_SYNTHETIC
I0000568,SME000168,RM042,2025-09-18,SECURE_MESSAGE,CONNECTED,CONTROLLED_SYNTHETIC
I0000569,SME000168,RM042,2025-10-01,CALL,CONNECTED,CONTROLLED_SYNTHETIC
I0000570,SME000168,RM042,2026-03-16,CALL,CONNECTED,CONTROLLED_SYNTHETIC
I0000571,SME000168,RM042,2025-09-17,SECURE_MESSAGE,CONNECTED,CONTROLLED_SYNTHETIC
I0000572,SME000169,RM047,2026-04-01,MEETING,NEEDS_REVIEW,CONTROLLED_SYNTHETIC
I0000573,SME000169,RM047,2026-04-30,SECURE_MESSAGE,FOLLOW_UP,CONTROLLED_SYNTHETIC
I0000574,SME000169,RM047,2025-11-29,MEETING,FOLLOW_UP,CONTROLLED_SYNTHETIC
I0000575,SME000169,RM047,2026-07-23,CALL,CONNECTED,CONTROLLED_SYNTHETIC
I0000576,SME000169,RM047,2025-10-10,BRANCH,FOLLOW_UP,CONTROLLED_SYNTHETIC
I0000577,SME000170,RM017,2026-08-16,CALL,CONNECTED,CONTROLLED_SYNTHETIC
I0000578,SME000170,RM017,2026-01-13,SECURE_MESSAGE,FOLLOW_UP,CONTROLLED_SYNTHETIC
I0000579,SME000170,RM017,2026-03-28,MEETING,CONNECTED,CONTROLLED_SYNTHETIC
I0000580,SME000170,RM017,2026-03-23,SECURE_MESSAGE,CONNECTED,CONTROLLED_SYNTHETIC
I0000581,SME000171,RM015,2026-02-02,MEETING,CONNECTED,CONTROLLED_SYNTHETIC
I0000582,SME000171,RM015,2026-07-14,MEETING,NO_RESPONSE,CONTROLLED_SYNTHETIC
I0000583,SME000171,RM015,2025-11-05,MEETING,CONNECTED,CONTROLLED_SYNTHETIC
I0000584,SME000171,RM015,2025-08-25,MEETING,CONNECTED,CONTROLLED_SYNTHETIC
I0000585,SME000172,RM019,2025-10-19,BRANCH,FOLLOW_UP,CONTROLLED_SYNTHETIC
I0000586,SME000172,RM019,2026-05-18,SECURE_MESSAGE,CONNECTED,CONTROLLED_SYNTHETIC
I0000587,SME000173,RM009,2026-04-28,CALL,NO_RESPONSE,CONTROLLED_SYNTHETIC
I0000588,SME000173,RM009,2026-05-31,BRANCH,FOLLOW_UP,CONTROLLED_SYNTHETIC
I0000589,SME000174,RM048,2026-07-04,MEETING,FOLLOW_UP,CONTROLLED_SYNTHETIC
I0000590,SME000174,RM048,2025-11-18,SECURE_MESSAGE,FOLLOW_UP,CONTROLLED_SYNTHETIC
I0000591,SME000174,RM048,2026-06-19,CALL,CONNECTED,CONTROLLED_SYNTHETIC
I0000592,SME000174,RM048,2025-11-29,BRANCH,CONNECTED,CONTROLLED_SYNTHETIC
I0000593,SME000174,RM048,2026-06-08,BRANCH,NO_RESPONSE,CONTROLLED_SYNTHETIC
I0000594,SME000174,RM048,2025-09-02,CALL,CONNECTED,CONTROLLED_SYNTHETIC
I0000595,SME000175,RM030,2025-12-19,SECURE_MESSAGE,NO_RESPONSE,CONTROLLED_SYNTHETIC
I0000596,SME000175,RM030,2025-09-27,MEETING,NO_RESPONSE,CONTROLLED_SYNTHETIC
I0000597,SME000176,RM029,2026-02-15,CALL,CONNECTED,CONTROLLED_SYNTHETIC
I0000598,SME000176,RM029,2026-07-05,SECURE_MESSAGE,FOLLOW_UP,CONTROLLED_SYNTHETIC
I0000599,SME000176,RM029,2026-03-01,CALL,CONNECTED,CONTROLLED_SYNTHETIC
I0000600,SME000177,RM009,2025-09-12,CALL,FOLLOW_UP,CONTROLLED_SYNTHETIC
I0000601,SME000178,RM022,2025-11-14,BRANCH,NEEDS_REVIEW,CONTROLLED_SYNTHETIC
I0000602,SME000179,RM004,2025-09-03,MEETING,FOLLOW_UP,CONTROLLED_SYNTHETIC
I0000603,SME000179,RM004,2025-10-08,BRANCH,NEEDS_REVIEW,CONTROLLED_SYNTHETIC
I0000604,SME000179,RM004,2026-01-18,CALL,FOLLOW_UP,CONTROLLED_SYNTHETIC
I0000605,SME000179,RM004,2025-10-01,CALL,NEEDS_REVIEW,CONTROLLED_SYNTHETIC
I0000606,SME000179,RM004,2026-04-12,SECURE_MESSAGE,CONNECTED,CONTROLLED_SYNTHETIC
I0000607,SME000180,RM048,2026-05-14,SECURE_MESSAGE,FOLLOW_UP,CONTROLLED_SYNTHETIC
I0000608,SME000180,RM048,2025-10-28,SECURE_MESSAGE,CONNECTED,CONTROLLED_SYNTHETIC
I0000609,SME000180,RM048,2025-10-03,BRANCH,CONNECTED,CONTROLLED_SYNTHETIC
I0000610,SME000180,RM048,2026-07-20,MEETING,CONNECTED,CONTROLLED_SYNTHETIC
I0000611,SME000181,RM008,2026-01-18,MEETING,CONNECTED,CONTROLLED_SYNTHETIC
I0000612,SME000181,RM008,2026-07-11,CALL,FOLLOW_UP,CONTROLLED_SYNTHETIC
I0000613,SME000181,RM008,2025-12-29,BRANCH,CONNECTED,CONTROLLED_SYNTHETIC
I0000614,SME000182,RM020,2026-02-01,MEETING,FOLLOW_UP,CONTROLLED_SYNTHETIC
I0000615,SME000183,RM004,2026-06-01,CALL,NEEDS_REVIEW,CONTROLLED_SYNTHETIC
I0000616,SME000183,RM004,2026-04-25,SECURE_MESSAGE,CONNECTED,CONTROLLED_SYNTHETIC
I0000617,SME000183,RM004,2026-05-31,MEETING,CONNECTED,CONTROLLED_SYNTHETIC
I0000618,SME000184,RM038,2025-09-16,BRANCH,CONNECTED,CONTROLLED_SYNTHETIC
I0000619,SME000185,RM044,2025-11-21,CALL,CONNECTED,CONTROLLED_SYNTHETIC
I0000620,SME000186,RM035,2026-06-26,MEETING,NO_RESPONSE,CONTROLLED_SYNTHETIC
I0000621,SME000186,RM035,2026-01-06,BRANCH,FOLLOW_UP,CONTROLLED_SYNTHETIC
I0000622,SME000186,RM035,2026-07-29,MEETING,CONNECTED,CONTROLLED_SYNTHETIC
I0000623,SME000186,RM035,2025-12-17,MEETING,NEEDS_REVIEW,CONTROLLED_SYNTHETIC
I0000624,SME000187,RM012,2026-08-10,SECURE_MESSAGE,NEEDS_REVIEW,CONTROLLED_SYNTHETIC
I0000625,SME000187,RM012,2026-01-26,CALL,NEEDS_REVIEW,CONTROLLED_SYNTHETIC
I0000626,SME000188,RM035,2026-02-22,CALL,NEEDS_REVIEW,CONTROLLED_SYNTHETIC
I0000627,SME000188,RM035,2026-05-19,SECURE_MESSAGE,CONNECTED,CONTROLLED_SYNTHETIC
I0000628,SME000188,RM035,2025-11-22,BRANCH,NO_RESPONSE,CONTROLLED_SYNTHETIC
I0000629,SME000188,RM035,2025-09-13,CALL,FOLLOW_UP,CONTROLLED_SYNTHETIC
I0000630,SME000188,RM035,2026-05-03,CALL,FOLLOW_UP,CONTROLLED_SYNTHETIC
I0000631,SME000189,RM008,2026-05-19,MEETING,CONNECTED,CONTROLLED_SYNTHETIC
I0000632,SME000189,RM008,2026-04-11,SECURE_MESSAGE,CONNECTED,CONTROLLED_SYNTHETIC
I0000633,SME000190,RM045,2025-10-23,SECURE_MESSAGE,NO_RESPONSE,CONTROLLED_SYNTHETIC
I0000634,SME000191,RM045,2026-07-14,SECURE_MESSAGE,NEEDS_REVIEW,CONTROLLED_SYNTHETIC
I0000635,SME000191,RM045,2026-06-25,BRANCH,NO_RESPONSE,CONTROLLED_SYNTHETIC
I0000636,SME000191,RM045,2025-10-28,SECURE_MESSAGE,CONNECTED,CONTROLLED_SYNTHETIC
I0000637,SME000192,RM027,2025-11-16,SECURE_MESSAGE,CONNECTED,CONTROLLED_SYNTHETIC
I0000638,SME000192,RM027,2026-08-12,BRANCH,CONNECTED,CONTROLLED_SYNTHETIC
I0000639,SME000192,RM027,2026-05-24,CALL,CONNECTED,CONTROLLED_SYNTHETIC
I0000640,SME000193,RM009,2026-05-14,MEETING,CONNECTED,CONTROLLED_SYNTHETIC
I0000641,SME000193,RM009,2026-01-25,SECURE_MESSAGE,NO_RESPONSE,CONTROLLED_SYNTHETIC
I0000642,SME000193,RM009,2026-06-06,BRANCH,CONNECTED,CONTROLLED_SYNTHETIC
I0000643,SME000194,RM041,2026-02-07,CALL,CONNECTED,CONTROLLED_SYNTHETIC
I0000644,SME000194,RM041,2025-11-16,MEETING,CONNECTED,CONTROLLED_SYNTHETIC
I0000645,SME000194,RM041,2026-01-09,BRANCH,CONNECTED,CONTROLLED_SYNTHETIC
I0000646,SME000195,RM002,2026-08-17,SECURE_MESSAGE,FOLLOW_UP,CONTROLLED_SYNTHETIC
I0000647,SME000195,RM002,2025-09-24,MEETING,FOLLOW_UP,CONTROLLED_SYNTHETIC
I0000648,SME000195,RM002,2026-06-28,MEETING,NO_RESPONSE,CONTROLLED_SYNTHETIC
I0000649,SME000195,RM002,2026-01-30,SECURE_MESSAGE,FOLLOW_UP,CONTROLLED_SYNTHETIC
I0000650,SME000195,RM002,2026-07-05,MEETING,NO_RESPONSE,CONTROLLED_SYNTHETIC
I0000651,SME000196,RM020,2026-07-11,BRANCH,NEEDS_REVIEW,CONTROLLED_SYNTHETIC
I0000652,SME000196,RM020,2025-11-09,BRANCH,FOLLOW_UP,CONTROLLED_SYNTHETIC
I0000653,SME000196,RM020,2026-07-31,BRANCH,FOLLOW_UP,CONTROLLED_SYNTHETIC
I0000654,SME000197,RM047,2025-10-07,SECURE_MESSAGE,FOLLOW_UP,CONTROLLED_SYNTHETIC
I0000655,SME000197,RM047,2026-04-29,MEETING,CONNECTED,CONTROLLED_SYNTHETIC
I0000656,SME000197,RM047,2025-10-25,MEETING,FOLLOW_UP,CONTROLLED_SYNTHETIC
I0000657,SME000198,RM041,2025-10-29,CALL,FOLLOW_UP,CONTROLLED_SYNTHETIC
I0000658,SME000198,RM041,2026-08-04,CALL,CONNECTED,CONTROLLED_SYNTHETIC
I0000659,SME000198,RM041,2026-07-11,CALL,CONNECTED,CONTROLLED_SYNTHETIC
I0000660,SME000198,RM041,2026-08-08,SECURE_MESSAGE,NEEDS_REVIEW,CONTROLLED_SYNTHETIC
I0000661,SME000199,RM039,2025-11-23,BRANCH,NO_RESPONSE,CONTROLLED_SYNTHETIC
I0000662,SME000200,RM015,2026-02-11,BRANCH,CONNECTED,CONTROLLED_SYNTHETIC
I0000663,SME000200,RM015,2026-01-09,BRANCH,NO_RESPONSE,CONTROLLED_SYNTHETIC
I0000664,SME000200,RM015,2026-01-22,BRANCH,CONNECTED,CONTROLLED_SYNTHETIC
I0000665,SME000200,RM015,2026-07-23,MEETING,NO_RESPONSE,CONTROLLED_SYNTHETIC
I0000666,SME000200,RM015,2025-10-18,SECURE_MESSAGE,NO_RESPONSE,CONTROLLED_SYNTHETIC
I0000667,SME000201,RM019,2026-01-04,BRANCH,NEEDS_REVIEW,CONTROLLED_SYNTHETIC
I0000668,SME000201,RM019,2026-01-29,CALL,CONNECTED,CONTROLLED_SYNTHETIC
I0000669,SME000201,RM019,2026-04-13,MEETING,FOLLOW_UP,CONTROLLED_SYNTHETIC
I0000670,SME000201,RM019,2026-06-15,BRANCH,CONNECTED,CONTROLLED_SYNTHETIC
I0000671,SME000202,RM009,2026-03-09,CALL,NO_RESPONSE,CONTROLLED_SYNTHETIC
I0000672,SME000202,RM009,2026-07-11,MEETING,FOLLOW_UP,CONTROLLED_SYNTHETIC
I0000673,SME000202,RM009,2026-07-25,CALL,FOLLOW_UP,CONTROLLED_SYNTHETIC
I0000674,SME000203,RM001,2026-03-30,CALL,NEEDS_REVIEW,CONTROLLED_SYNTHETIC
I0000675,SME000203,RM001,2025-08-24,SECURE_MESSAGE,NO_RESPONSE,CONTROLLED_SYNTHETIC
I0000676,SME000203,RM001,2025-12-02,CALL,FOLLOW_UP,CONTROLLED_SYNTHETIC
I0000677,SME000203,RM001,2026-05-29,MEETING,CONNECTED,CONTROLLED_SYNTHETIC
I0000678,SME000204,RM032,2026-07-04,SECURE_MESSAGE,CONNECTED,CONTROLLED_SYNTHETIC
I0000679,SME000204,RM032,2026-05-26,SECURE_MESSAGE,NO_RESPONSE,CONTROLLED_SYNTHETIC
I0000680,SME000204,RM032,2026-02-21,MEETING,NO_RESPONSE,CONTROLLED_SYNTHETIC
I0000681,SME000204,RM032,2026-02-12,SECURE_MESSAGE,FOLLOW_UP,CONTROLLED_SYNTHETIC
I0000682,SME000205,RM021,2025-10-22,MEETING,FOLLOW_UP,CONTROLLED_SYNTHETIC
I0000683,SME000205,RM021,2025-12-01,SECURE_MESSAGE,FOLLOW_UP,CONTROLLED_SYNTHETIC
I0000684,SME000206,RM009,2025-12-10,CALL,FOLLOW_UP,CONTROLLED_SYNTHETIC
I0000685,SME000206,RM009,2026-07-20,BRANCH,FOLLOW_UP,CONTROLLED_SYNTHETIC
I0000686,SME000207,RM021,2025-10-01,SECURE_MESSAGE,CONNECTED,CONTROLLED_SYNTHETIC
I0000687,SME000207,RM021,2026-01-25,BRANCH,CONNECTED,CONTROLLED_SYNTHETIC
I0000688,SME000207,RM021,2026-08-14,CALL,CONNECTED,CONTROLLED_SYNTHETIC
I0000689,SME000207,RM021,2026-03-15,MEETING,CONNECTED,CONTROLLED_SYNTHETIC
I0000690,SME000207,RM021,2025-09-15,SECURE_MESSAGE,NO_RESPONSE,CONTROLLED_SYNTHETIC
I0000691,SME000207,RM021,2026-04-03,BRANCH,CONNECTED,CONTROLLED_SYNTHETIC
I0000692,SME000208,RM010,2025-11-13,BRANCH,NEEDS_REVIEW,CONTROLLED_SYNTHETIC
I0000693,SME000208,RM010,2026-02-26,MEETING,FOLLOW_UP,CONTROLLED_SYNTHETIC
I0000694,SME000209,RM036,2025-09-28,CALL,CONNECTED,CONTROLLED_SYNTHETIC
I0000695,SME000209,RM036,2026-03-06,MEETING,CONNECTED,CONTROLLED_SYNTHETIC
I0000696,SME000210,RM039,2026-05-13,MEETING,CONNECTED,CONTROLLED_SYNTHETIC
I0000697,SME000211,RM015,2025-11-28,MEETING,CONNECTED,CONTROLLED_SYNTHETIC
I0000698,SME000211,RM015,2026-02-22,CALL,FOLLOW_UP,CONTROLLED_SYNTHETIC
I0000699,SME000211,RM015,2026-02-13,BRANCH,CONNECTED,CONTROLLED_SYNTHETIC
I0000700,SME000212,RM041,2025-11-20,MEETING,FOLLOW_UP,CONTROLLED_SYNTHETIC
I0000701,SME000212,RM041,2026-03-28,BRANCH,CONNECTED,CONTROLLED_SYNTHETIC
I0000702,SME000212,RM041,2026-01-23,BRANCH,FOLLOW_UP,CONTROLLED_SYNTHETIC
I0000703,SME000213,RM015,2026-03-12,SECURE_MESSAGE,CONNECTED,CONTROLLED_SYNTHETIC
I0000704,SME000213,RM015,2026-06-26,BRANCH,NEEDS_REVIEW,CONTROLLED_SYNTHETIC
I0000705,SME000213,RM015,2026-02-12,CALL,FOLLOW_UP,CONTROLLED_SYNTHETIC
I0000706,SME000214,RM032,2025-09-27,BRANCH,NO_RESPONSE,CONTROLLED_SYNTHETIC
I0000707,SME000215,RM020,2026-08-09,SECURE_MESSAGE,FOLLOW_UP,CONTROLLED_SYNTHETIC
I0000708,SME000215,RM020,2026-04-15,CALL,NO_RESPONSE,CONTROLLED_SYNTHETIC
I0000709,SME000216,RM029,2025-12-11,CALL,CONNECTED,CONTROLLED_SYNTHETIC
I0000710,SME000216,RM029,2026-05-14,MEETING,NO_RESPONSE,CONTROLLED_SYNTHETIC
I0000711,SME000216,RM029,2026-04-20,SECURE_MESSAGE,FOLLOW_UP,CONTROLLED_SYNTHETIC
I0000712,SME000216,RM029,2026-08-01,CALL,NEEDS_REVIEW,CONTROLLED_SYNTHETIC
I0000713,SME000217,RM012,2026-04-06,MEETING,CONNECTED,CONTROLLED_SYNTHETIC
I0000714,SME000218,RM034,2025-11-04,MEETING,NO_RESPONSE,CONTROLLED_SYNTHETIC
I0000715,SME000218,RM034,2026-01-22,CALL,NO_RESPONSE,CONTROLLED_SYNTHETIC
I0000716,SME000218,RM034,2025-12-28,BRANCH,FOLLOW_UP,CONTROLLED_SYNTHETIC
I0000717,SME000219,RM041,2026-04-10,CALL,FOLLOW_UP,CONTROLLED_SYNTHETIC
I0000718,SME000219,RM041,2025-11-08,CALL,CONNECTED,CONTROLLED_SYNTHETIC
I0000719,SME000219,RM041,2025-12-09,CALL,CONNECTED,CONTROLLED_SYNTHETIC
I0000720,SME000219,RM041,2026-08-12,MEETING,CONNECTED,CONTROLLED_SYNTHETIC
I0000721,SME000219,RM041,2025-12-13,CALL,NEEDS_REVIEW,CONTROLLED_SYNTHETIC
I0000722,SME000220,RM042,2025-12-01,CALL,CONNECTED,CONTROLLED_SYNTHETIC
I0000723,SME000220,RM042,2026-08-07,BRANCH,FOLLOW_UP,CONTROLLED_SYNTHETIC
I0000724,SME000220,RM042,2026-02-23,CALL,CONNECTED,CONTROLLED_SYNTHETIC
I0000725,SME000220,RM042,2026-07-08,SECURE_MESSAGE,NO_RESPONSE,CONTROLLED_SYNTHETIC
I0000726,SME000221,RM015,2025-12-19,MEETING,CONNECTED,CONTROLLED_SYNTHETIC
I0000727,SME000222,RM019,2025-12-14,SECURE_MESSAGE,CONNECTED,CONTROLLED_SYNTHETIC
I0000728,SME000222,RM019,2026-06-15,MEETING,FOLLOW_UP,CONTROLLED_SYNTHETIC
I0000729,SME000222,RM019,2025-12-30,BRANCH,CONNECTED,CONTROLLED_SYNTHETIC
I0000730,SME000222,RM019,2026-02-02,CALL,CONNECTED,CONTROLLED_SYNTHETIC
I0000731,SME000223,RM004,2026-07-17,BRANCH,NO_RESPONSE,CONTROLLED_SYNTHETIC
I0000732,SME000223,RM004,2025-11-24,MEETING,CONNECTED,CONTROLLED_SYNTHETIC
I0000733,SME000224,RM045,2026-02-20,BRANCH,NO_RESPONSE,CONTROLLED_SYNTHETIC
I0000734,SME000224,RM045,2026-07-24,CALL,CONNECTED,CONTROLLED_SYNTHETIC
I0000735,SME000224,RM045,2026-04-12,CALL,NO_RESPONSE,CONTROLLED_SYNTHETIC
I0000736,SME000225,RM008,2026-01-14,SECURE_MESSAGE,NO_RESPONSE,CONTROLLED_SYNTHETIC
I0000737,SME000225,RM008,2026-06-19,MEETING,FOLLOW_UP,CONTROLLED_SYNTHETIC
I0000738,SME000225,RM008,2025-10-20,MEETING,CONNECTED,CONTROLLED_SYNTHETIC
I0000739,SME000226,RM043,2026-02-13,CALL,NEEDS_REVIEW,CONTROLLED_SYNTHETIC
I0000740,SME000226,RM043,2025-10-15,BRANCH,FOLLOW_UP,CONTROLLED_SYNTHETIC
I0000741,SME000226,RM043,2025-10-12,BRANCH,FOLLOW_UP,CONTROLLED_SYNTHETIC
I0000742,SME000227,RM004,2026-07-23,SECURE_MESSAGE,FOLLOW_UP,CONTROLLED_SYNTHETIC
I0000743,SME000227,RM004,2025-11-30,BRANCH,FOLLOW_UP,CONTROLLED_SYNTHETIC
I0000744,SME000227,RM004,2025-11-11,MEETING,NEEDS_REVIEW,CONTROLLED_SYNTHETIC
I0000745,SME000227,RM004,2026-02-25,CALL,CONNECTED,CONTROLLED_SYNTHETIC
I0000746,SME000227,RM004,2026-02-12,SECURE_MESSAGE,CONNECTED,CONTROLLED_SYNTHETIC
I0000747,SME000227,RM004,2026-05-05,BRANCH,FOLLOW_UP,CONTROLLED_SYNTHETIC
I0000748,SME000228,RM041,2025-12-03,MEETING,CONNECTED,CONTROLLED_SYNTHETIC
I0000749,SME000228,RM041,2025-12-08,CALL,CONNECTED,CONTROLLED_SYNTHETIC
I0000750,SME000228,RM041,2026-06-01,CALL,CONNECTED,CONTROLLED_SYNTHETIC
I0000751,SME000228,RM041,2026-06-16,MEETING,CONNECTED,CONTROLLED_SYNTHETIC
I0000752,SME000228,RM041,2026-06-17,CALL,CONNECTED,CONTROLLED_SYNTHETIC
I0000753,SME000228,RM041,2026-01-30,SECURE_MESSAGE,FOLLOW_UP,CONTROLLED_SYNTHETIC
I0000754,SME000229,RM048,2026-07-03,SECURE_MESSAGE,CONNECTED,CONTROLLED_SYNTHETIC
I0000755,SME000229,RM048,2026-05-31,SECURE_MESSAGE,CONNECTED,CONTROLLED_SYNTHETIC
I0000756,SME000229,RM048,2026-08-04,SECURE_MESSAGE,CONNECTED,CONTROLLED_SYNTHETIC
I0000757,SME000229,RM048,2025-11-06,SECURE_MESSAGE,CONNECTED,CONTROLLED_SYNTHETIC
I0000758,SME000229,RM048,2026-08-06,SECURE_MESSAGE,NO_RESPONSE,CONTROLLED_SYNTHETIC
I0000759,SME000229,RM048,2026-07-26,MEETING,CONNECTED,CONTROLLED_SYNTHETIC
I0000760,SME000230,RM011,2026-03-21,MEETING,FOLLOW_UP,CONTROLLED_SYNTHETIC
I0000761,SME000230,RM011,2026-06-24,CALL,NEEDS_REVIEW,CONTROLLED_SYNTHETIC
I0000762,SME000230,RM011,2026-05-26,BRANCH,CONNECTED,CONTROLLED_SYNTHETIC
I0000763,SME000231,RM032,2026-02-12,CALL,FOLLOW_UP,CONTROLLED_SYNTHETIC
I0000764,SME000231,RM032,2025-10-15,BRANCH,FOLLOW_UP,CONTROLLED_SYNTHETIC
I0000765,SME000231,RM032,2026-01-07,CALL,CONNECTED,CONTROLLED_SYNTHETIC
I0000766,SME000231,RM032,2026-05-05,CALL,FOLLOW_UP,CONTROLLED_SYNTHETIC
I0000767,SME000231,RM032,2025-11-22,SECURE_MESSAGE,CONNECTED,CONTROLLED_SYNTHETIC
I0000768,SME000231,RM032,2025-10-23,CALL,CONNECTED,CONTROLLED_SYNTHETIC
I0000769,SME000232,RM032,2026-05-13,SECURE_MESSAGE,NEEDS_REVIEW,CONTROLLED_SYNTHETIC
I0000770,SME000232,RM032,2025-09-22,MEETING,CONNECTED,CONTROLLED_SYNTHETIC
I0000771,SME000232,RM032,2026-08-18,SECURE_MESSAGE,CONNECTED,CONTROLLED_SYNTHETIC
I0000772,SME000232,RM032,2026-02-28,BRANCH,CONNECTED,CONTROLLED_SYNTHETIC
I0000773,SME000232,RM032,2026-07-24,BRANCH,FOLLOW_UP,CONTROLLED_SYNTHETIC
I0000774,SME000232,RM032,2026-07-25,CALL,CONNECTED,CONTROLLED_SYNTHETIC
I0000775,SME000233,RM041,2026-07-01,MEETING,CONNECTED,CONTROLLED_SYNTHETIC
I0000776,SME000233,RM041,2026-01-13,MEETING,CONNECTED,CONTROLLED_SYNTHETIC
I0000777,SME000233,RM041,2026-01-16,SECURE_MESSAGE,NEEDS_REVIEW,CONTROLLED_SYNTHETIC
I0000778,SME000233,RM041,2026-08-03,BRANCH,CONNECTED,CONTROLLED_SYNTHETIC
I0000779,SME000234,RM002,2025-10-07,CALL,NO_RESPONSE,CONTROLLED_SYNTHETIC
I0000780,SME000234,RM002,2025-11-08,SECURE_MESSAGE,CONNECTED,CONTROLLED_SYNTHETIC
I0000781,SME000234,RM002,2025-10-01,BRANCH,NO_RESPONSE,CONTROLLED_SYNTHETIC
I0000782,SME000234,RM002,2026-08-17,SECURE_MESSAGE,CONNECTED,CONTROLLED_SYNTHETIC
I0000783,SME000234,RM002,2026-04-15,BRANCH,FOLLOW_UP,CONTROLLED_SYNTHETIC
I0000784,SME000235,RM026,2025-08-30,CALL,FOLLOW_UP,CONTROLLED_SYNTHETIC
I0000785,SME000235,RM026,2025-11-20,BRANCH,CONNECTED,CONTROLLED_SYNTHETIC
I0000786,SME000236,RM046,2026-01-30,MEETING,NEEDS_REVIEW,CONTROLLED_SYNTHETIC
I0000787,SME000236,RM046,2026-05-16,SECURE_MESSAGE,CONNECTED,CONTROLLED_SYNTHETIC
I0000788,SME000236,RM046,2025-10-27,CALL,CONNECTED,CONTROLLED_SYNTHETIC
I0000789,SME000236,RM046,2026-06-17,BRANCH,FOLLOW_UP,CONTROLLED_SYNTHETIC
I0000790,SME000237,RM039,2026-05-14,MEETING,NO_RESPONSE,CONTROLLED_SYNTHETIC
I0000791,SME000237,RM039,2026-02-14,CALL,FOLLOW_UP,CONTROLLED_SYNTHETIC
I0000792,SME000237,RM039,2026-08-07,SECURE_MESSAGE,NEEDS_REVIEW,CONTROLLED_SYNTHETIC
I0000793,SME000237,RM039,2026-02-16,BRANCH,CONNECTED,CONTROLLED_SYNTHETIC
I0000794,SME000238,RM009,2026-04-02,SECURE_MESSAGE,FOLLOW_UP,CONTROLLED_SYNTHETIC
I0000795,SME000239,RM010,2026-01-18,BRANCH,FOLLOW_UP,CONTROLLED_SYNTHETIC
I0000796,SME000239,RM010,2026-06-02,CALL,NEEDS_REVIEW,CONTROLLED_SYNTHETIC
I0000797,SME000239,RM010,2026-08-10,SECURE_MESSAGE,NEEDS_REVIEW,CONTROLLED_SYNTHETIC
I0000798,SME000239,RM010,2026-05-03,BRANCH,CONNECTED,CONTROLLED_SYNTHETIC
I0000799,SME000240,RM036,2026-05-16,MEETING,NO_RESPONSE,CONTROLLED_SYNTHETIC
I0000800,SME000240,RM036,2025-08-31,SECURE_MESSAGE,CONNECTED,CONTROLLED_SYNTHETIC
I0000801,SME000240,RM036,2025-09-01,BRANCH,CONNECTED,CONTROLLED_SYNTHETIC
I0000802,SME000241,RM002,2026-08-15,BRANCH,FOLLOW_UP,CONTROLLED_SYNTHETIC
I0000803,SME000241,RM002,2026-08-09,BRANCH,NEEDS_REVIEW,CONTROLLED_SYNTHETIC
I0000804,SME000242,RM021,2026-04-02,BRANCH,CONNECTED,CONTROLLED_SYNTHETIC
I0000805,SME000242,RM021,2026-05-02,SECURE_MESSAGE,FOLLOW_UP,CONTROLLED_SYNTHETIC
I0000806,SME000243,RM002,2025-12-27,MEETING,FOLLOW_UP,CONTROLLED_SYNTHETIC
I0000807,SME000243,RM002,2025-10-16,CALL,NO_RESPONSE,CONTROLLED_SYNTHETIC
I0000808,SME000243,RM002,2026-06-01,MEETING,CONNECTED,CONTROLLED_SYNTHETIC
I0000809,SME000243,RM002,2025-08-31,MEETING,CONNECTED,CONTROLLED_SYNTHETIC
I0000810,SME000243,RM002,2026-07-03,CALL,CONNECTED,CONTROLLED_SYNTHETIC
I0000811,SME000243,RM002,2025-12-28,SECURE_MESSAGE,FOLLOW_UP,CONTROLLED_SYNTHETIC
I0000812,SME000244,RM018,2026-07-21,CALL,CONNECTED,CONTROLLED_SYNTHETIC
I0000813,SME000244,RM018,2026-07-16,SECURE_MESSAGE,FOLLOW_UP,CONTROLLED_SYNTHETIC
I0000814,SME000244,RM018,2025-11-12,SECURE_MESSAGE,NEEDS_REVIEW,CONTROLLED_SYNTHETIC
I0000815,SME000245,RM021,2025-12-24,BRANCH,FOLLOW_UP,CONTROLLED_SYNTHETIC
I0000816,SME000245,RM021,2026-01-13,CALL,FOLLOW_UP,CONTROLLED_SYNTHETIC
I0000817,SME000246,RM009,2026-03-08,SECURE_MESSAGE,FOLLOW_UP,CONTROLLED_SYNTHETIC
I0000818,SME000246,RM009,2026-04-16,SECURE_MESSAGE,CONNECTED,CONTROLLED_SYNTHETIC
I0000819,SME000246,RM009,2026-03-31,BRANCH,CONNECTED,CONTROLLED_SYNTHETIC
I0000820,SME000246,RM009,2025-10-27,BRANCH,FOLLOW_UP,CONTROLLED_SYNTHETIC
I0000821,SME000246,RM009,2026-01-27,MEETING,NO_RESPONSE,CONTROLLED_SYNTHETIC
I0000822,SME000247,RM041,2026-04-23,MEETING,NO_RESPONSE,CONTROLLED_SYNTHETIC
I0000823,SME000247,RM041,2025-12-28,MEETING,CONNECTED,CONTROLLED_SYNTHETIC
I0000824,SME000247,RM041,2025-11-26,CALL,CONNECTED,CONTROLLED_SYNTHETIC
I0000825,SME000247,RM041,2025-12-17,MEETING,CONNECTED,CONTROLLED_SYNTHETIC
I0000826,SME000247,RM041,2026-03-11,SECURE_MESSAGE,CONNECTED,CONTROLLED_SYNTHETIC
I0000827,SME000247,RM041,2026-03-19,SECURE_MESSAGE,CONNECTED,CONTROLLED_SYNTHETIC
I0000828,SME000248,RM034,2026-01-03,SECURE_MESSAGE,FOLLOW_UP,CONTROLLED_SYNTHETIC
I0000829,SME000248,RM034,2026-07-27,CALL,CONNECTED,CONTROLLED_SYNTHETIC
I0000830,SME000248,RM034,2026-02-09,SECURE_MESSAGE,NEEDS_REVIEW,CONTROLLED_SYNTHETIC
I0000831,SME000248,RM034,2026-05-13,CALL,CONNECTED,CONTROLLED_SYNTHETIC
I0000832,SME000248,RM034,2026-02-25,CALL,NO_RESPONSE,CONTROLLED_SYNTHETIC
I0000833,SME000249,RM023,2026-02-24,BRANCH,NO_RESPONSE,CONTROLLED_SYNTHETIC
I0000834,SME000249,RM023,2026-04-30,SECURE_MESSAGE,FOLLOW_UP,CONTROLLED_SYNTHETIC
I0000835,SME000249,RM023,2025-12-09,BRANCH,NO_RESPONSE,CONTROLLED_SYNTHETIC
I0000836,SME000249,RM023,2026-03-28,SECURE_MESSAGE,NO_RESPONSE,CONTROLLED_SYNTHETIC
I0000837,SME000249,RM023,2026-01-25,BRANCH,CONNECTED,CONTROLLED_SYNTHETIC
I0000838,SME000250,RM032,2026-02-12,CALL,CONNECTED,CONTROLLED_SYNTHETIC
I0000839,SME000250,RM032,2025-11-03,BRANCH,FOLLOW_UP,CONTROLLED_SYNTHETIC
I0000840,SME000250,RM032,2026-01-27,CALL,FOLLOW_UP,CONTROLLED_SYNTHETIC
I0000841,SME000251,RM011,2025-12-21,BRANCH,CONNECTED,CONTROLLED_SYNTHETIC
I0000842,SME000251,RM011,2025-12-27,BRANCH,NO_RESPONSE,CONTROLLED_SYNTHETIC
I0000843,SME000251,RM011,2026-07-30,SECURE_MESSAGE,NO_RESPONSE,CONTROLLED_SYNTHETIC
I0000844,SME000251,RM011,2026-02-19,CALL,CONNECTED,CONTROLLED_SYNTHETIC
I0000845,SME000251,RM011,2026-05-17,MEETING,CONNECTED,CONTROLLED_SYNTHETIC
I0000846,SME000251,RM011,2026-03-28,CALL,CONNECTED,CONTROLLED_SYNTHETIC
I0000847,SME000252,RM028,2026-07-29,MEETING,NO_RESPONSE,CONTROLLED_SYNTHETIC
I0000848,SME000253,RM012,2025-10-04,MEETING,CONNECTED,CONTROLLED_SYNTHETIC
I0000849,SME000253,RM012,2026-04-15,SECURE_MESSAGE,NEEDS_REVIEW,CONTROLLED_SYNTHETIC
I0000850,SME000253,RM012,2026-05-07,SECURE_MESSAGE,NO_RESPONSE,CONTROLLED_SYNTHETIC
I0000851,SME000253,RM012,2026-07-06,CALL,CONNECTED,CONTROLLED_SYNTHETIC
I0000852,SME000253,RM012,2025-10-20,BRANCH,NO_RESPONSE,CONTROLLED_SYNTHETIC
I0000853,SME000253,RM012,2025-11-02,MEETING,CONNECTED,CONTROLLED_SYNTHETIC
I0000854,SME000254,RM006,2025-10-30,CALL,NO_RESPONSE,CONTROLLED_SYNTHETIC
I0000855,SME000254,RM006,2026-08-03,MEETING,FOLLOW_UP,CONTROLLED_SYNTHETIC
I0000856,SME000254,RM006,2026-05-22,SECURE_MESSAGE,CONNECTED,CONTROLLED_SYNTHETIC
I0000857,SME000255,RM021,2026-03-06,SECURE_MESSAGE,NO_RESPONSE,CONTROLLED_SYNTHETIC
I0000858,SME000255,RM021,2026-07-05,SECURE_MESSAGE,CONNECTED,CONTROLLED_SYNTHETIC
I0000859,SME000256,RM026,2026-05-25,SECURE_MESSAGE,CONNECTED,CONTROLLED_SYNTHETIC
I0000860,SME000257,RM035,2026-04-02,MEETING,FOLLOW_UP,CONTROLLED_SYNTHETIC
I0000861,SME000257,RM035,2025-09-30,SECURE_MESSAGE,CONNECTED,CONTROLLED_SYNTHETIC
I0000862,SME000257,RM035,2026-06-15,MEETING,NO_RESPONSE,CONTROLLED_SYNTHETIC
I0000863,SME000257,RM035,2026-03-10,SECURE_MESSAGE,FOLLOW_UP,CONTROLLED_SYNTHETIC
I0000864,SME000257,RM035,2026-04-14,SECURE_MESSAGE,CONNECTED,CONTROLLED_SYNTHETIC
I0000865,SME000258,RM018,2026-04-05,CALL,CONNECTED,CONTROLLED_SYNTHETIC
I0000866,SME000258,RM018,2026-03-11,BRANCH,CONNECTED,CONTROLLED_SYNTHETIC
I0000867,SME000258,RM018,2025-12-23,SECURE_MESSAGE,CONNECTED,CONTROLLED_SYNTHETIC
I0000868,SME000258,RM018,2026-08-04,CALL,NO_RESPONSE,CONTROLLED_SYNTHETIC
I0000869,SME000258,RM018,2025-10-11,SECURE_MESSAGE,CONNECTED,CONTROLLED_SYNTHETIC
I0000870,SME000258,RM018,2026-04-20,SECURE_MESSAGE,CONNECTED,CONTROLLED_SYNTHETIC
I0000871,SME000259,RM015,2026-04-02,CALL,CONNECTED,CONTROLLED_SYNTHETIC
I0000872,SME000259,RM015,2026-06-07,MEETING,CONNECTED,CONTROLLED_SYNTHETIC
I0000873,SME000259,RM015,2026-06-27,CALL,CONNECTED,CONTROLLED_SYNTHETIC
I0000874,SME000259,RM015,2026-03-11,SECURE_MESSAGE,CONNECTED,CONTROLLED_SYNTHETIC
I0000875,SME000260,RM025,2026-07-19,CALL,CONNECTED,CONTROLLED_SYNTHETIC
I0000876,SME000260,RM025,2026-01-09,SECURE_MESSAGE,NEEDS_REVIEW,CONTROLLED_SYNTHETIC
I0000877,SME000260,RM025,2025-09-27,CALL,NO_RESPONSE,CONTROLLED_SYNTHETIC
I0000878,SME000260,RM025,2025-11-16,MEETING,FOLLOW_UP,CONTROLLED_SYNTHETIC
I0000879,SME000260,RM025,2026-05-30,CALL,CONNECTED,CONTROLLED_SYNTHETIC
I0000880,SME000260,RM025,2025-11-15,BRANCH,NEEDS_REVIEW,CONTROLLED_SYNTHETIC
I0000881,SME000261,RM037,2025-12-21,CALL,FOLLOW_UP,CONTROLLED_SYNTHETIC
I0000882,SME000262,RM038,2026-06-22,CALL,CONNECTED,CONTROLLED_SYNTHETIC
I0000883,SME000262,RM038,2026-08-02,BRANCH,CONNECTED,CONTROLLED_SYNTHETIC
I0000884,SME000262,RM038,2025-09-24,BRANCH,NO_RESPONSE,CONTROLLED_SYNTHETIC
I0000885,SME000262,RM038,2026-07-09,MEETING,NEEDS_REVIEW,CONTROLLED_SYNTHETIC
I0000886,SME000262,RM038,2025-11-28,SECURE_MESSAGE,NO_RESPONSE,CONTROLLED_SYNTHETIC
I0000887,SME000262,RM038,2026-06-19,CALL,CONNECTED,CONTROLLED_SYNTHETIC
I0000888,SME000263,RM018,2025-09-07,MEETING,CONNECTED,CONTROLLED_SYNTHETIC
I0000889,SME000264,RM038,2026-08-14,SECURE_MESSAGE,FOLLOW_UP,CONTROLLED_SYNTHETIC
I0000890,SME000264,RM038,2026-05-22,MEETING,NO_RESPONSE,CONTROLLED_SYNTHETIC
I0000891,SME000264,RM038,2026-03-11,MEETING,NO_RESPONSE,CONTROLLED_SYNTHETIC
I0000892,SME000264,RM038,2026-05-12,CALL,NO_RESPONSE,CONTROLLED_SYNTHETIC
I0000893,SME000265,RM045,2025-12-19,CALL,CONNECTED,CONTROLLED_SYNTHETIC
I0000894,SME000265,RM045,2026-02-22,SECURE_MESSAGE,FOLLOW_UP,CONTROLLED_SYNTHETIC
I0000895,SME000265,RM045,2026-01-23,CALL,CONNECTED,CONTROLLED_SYNTHETIC
I0000896,SME000265,RM045,2025-09-29,MEETING,FOLLOW_UP,CONTROLLED_SYNTHETIC
I0000897,SME000266,RM009,2026-08-08,BRANCH,NEEDS_REVIEW,CONTROLLED_SYNTHETIC
I0000898,SME000267,RM019,2025-10-17,CALL,NO_RESPONSE,CONTROLLED_SYNTHETIC
I0000899,SME000268,RM039,2026-06-10,CALL,CONNECTED,CONTROLLED_SYNTHETIC
I0000900,SME000268,RM039,2026-04-01,MEETING,CONNECTED,CONTROLLED_SYNTHETIC
I0000901,SME000268,RM039,2026-06-10,SECURE_MESSAGE,NO_RESPONSE,CONTROLLED_SYNTHETIC
I0000902,SME000269,RM025,2026-03-18,BRANCH,NEEDS_REVIEW,CONTROLLED_SYNTHETIC
I0000903,SME000269,RM025,2025-09-03,SECURE_MESSAGE,NO_RESPONSE,CONTROLLED_SYNTHETIC
I0000904,SME000269,RM025,2025-10-31,BRANCH,NEEDS_REVIEW,CONTROLLED_SYNTHETIC
I0000905,SME000269,RM025,2025-08-29,MEETING,CONNECTED,CONTROLLED_SYNTHETIC
I0000906,SME000270,RM036,2026-03-27,CALL,NEEDS_REVIEW,CONTROLLED_SYNTHETIC
I0000907,SME000270,RM036,2026-07-21,SECURE_MESSAGE,CONNECTED,CONTROLLED_SYNTHETIC
I0000908,SME000270,RM036,2026-04-08,MEETING,NO_RESPONSE,CONTROLLED_SYNTHETIC
I0000909,SME000270,RM036,2026-02-04,SECURE_MESSAGE,CONNECTED,CONTROLLED_SYNTHETIC
I0000910,SME000270,RM036,2025-08-21,BRANCH,NEEDS_REVIEW,CONTROLLED_SYNTHETIC
I0000911,SME000271,RM036,2026-03-05,BRANCH,NO_RESPONSE,CONTROLLED_SYNTHETIC
I0000912,SME000271,RM036,2026-03-20,CALL,CONNECTED,CONTROLLED_SYNTHETIC
I0000913,SME000271,RM036,2025-10-28,SECURE_MESSAGE,FOLLOW_UP,CONTROLLED_SYNTHETIC
I0000914,SME000271,RM036,2025-12-20,CALL,NEEDS_REVIEW,CONTROLLED_SYNTHETIC
I0000915,SME000271,RM036,2025-11-03,MEETING,CONNECTED,CONTROLLED_SYNTHETIC
I0000916,SME000272,RM029,2026-07-20,CALL,CONNECTED,CONTROLLED_SYNTHETIC
I0000917,SME000272,RM029,2026-05-02,MEETING,CONNECTED,CONTROLLED_SYNTHETIC
I0000918,SME000272,RM029,2026-02-01,SECURE_MESSAGE,FOLLOW_UP,CONTROLLED_SYNTHETIC
I0000919,SME000273,RM026,2025-11-21,CALL,CONNECTED,CONTROLLED_SYNTHETIC
I0000920,SME000273,RM026,2025-09-03,MEETING,FOLLOW_UP,CONTROLLED_SYNTHETIC
I0000921,SME000273,RM026,2026-03-06,SECURE_MESSAGE,NEEDS_REVIEW,CONTROLLED_SYNTHETIC
I0000922,SME000273,RM026,2025-08-29,CALL,CONNECTED,CONTROLLED_SYNTHETIC
I0000923,SME000273,RM026,2025-09-10,SECURE_MESSAGE,NO_RESPONSE,CONTROLLED_SYNTHETIC
I0000924,SME000274,RM047,2026-03-20,MEETING,CONNECTED,CONTROLLED_SYNTHETIC
I0000925,SME000274,RM047,2026-01-04,CALL,NO_RESPONSE,CONTROLLED_SYNTHETIC
I0000926,SME000275,RM009,2026-03-25,CALL,NEEDS_REVIEW,CONTROLLED_SYNTHETIC
I0000927,SME000275,RM009,2025-12-09,MEETING,CONNECTED,CONTROLLED_SYNTHETIC
I0000928,SME000275,RM009,2025-12-24,SECURE_MESSAGE,NEEDS_REVIEW,CONTROLLED_SYNTHETIC
I0000929,SME000275,RM009,2026-08-07,BRANCH,CONNECTED,CONTROLLED_SYNTHETIC
I0000930,SME000275,RM009,2026-08-03,MEETING,FOLLOW_UP,CONTROLLED_SYNTHETIC
I0000931,SME000276,RM038,2026-06-30,CALL,NO_RESPONSE,CONTROLLED_SYNTHETIC
I0000932,SME000276,RM038,2026-06-07,CALL,NO_RESPONSE,CONTROLLED_SYNTHETIC
I0000933,SME000276,RM038,2026-03-12,MEETING,CONNECTED,CONTROLLED_SYNTHETIC
I0000934,SME000276,RM038,2026-07-21,MEETING,FOLLOW_UP,CONTROLLED_SYNTHETIC
I0000935,SME000276,RM038,2026-07-14,BRANCH,CONNECTED,CONTROLLED_SYNTHETIC
I0000936,SME000276,RM038,2026-08-18,MEETING,NO_RESPONSE,CONTROLLED_SYNTHETIC
I0000937,SME000277,RM026,2025-11-15,BRANCH,NEEDS_REVIEW,CONTROLLED_SYNTHETIC
I0000938,SME000277,RM026,2025-12-08,SECURE_MESSAGE,FOLLOW_UP,CONTROLLED_SYNTHETIC
I0000939,SME000277,RM026,2025-12-11,CALL,NO_RESPONSE,CONTROLLED_SYNTHETIC
I0000940,SME000278,RM009,2026-04-25,MEETING,CONNECTED,CONTROLLED_SYNTHETIC
I0000941,SME000278,RM009,2026-02-20,CALL,NO_RESPONSE,CONTROLLED_SYNTHETIC
I0000942,SME000279,RM007,2025-10-01,SECURE_MESSAGE,FOLLOW_UP,CONTROLLED_SYNTHETIC
I0000943,SME000279,RM007,2026-05-05,SECURE_MESSAGE,NEEDS_REVIEW,CONTROLLED_SYNTHETIC
I0000944,SME000279,RM007,2026-04-29,BRANCH,FOLLOW_UP,CONTROLLED_SYNTHETIC
I0000945,SME000279,RM007,2025-09-16,SECURE_MESSAGE,FOLLOW_UP,CONTROLLED_SYNTHETIC
I0000946,SME000280,RM043,2026-05-15,SECURE_MESSAGE,CONNECTED,CONTROLLED_SYNTHETIC
I0000947,SME000280,RM043,2026-06-08,CALL,CONNECTED,CONTROLLED_SYNTHETIC
I0000948,SME000280,RM043,2025-12-07,MEETING,CONNECTED,CONTROLLED_SYNTHETIC
I0000949,SME000280,RM043,2025-11-01,MEETING,CONNECTED,CONTROLLED_SYNTHETIC
I0000950,SME000280,RM043,2026-08-04,CALL,CONNECTED,CONTROLLED_SYNTHETIC
I0000951,SME000280,RM043,2025-10-24,MEETING,CONNECTED,CONTROLLED_SYNTHETIC
I0000952,SME000281,RM036,2025-10-21,CALL,NO_RESPONSE,CONTROLLED_SYNTHETIC
I0000953,SME000281,RM036,2026-03-03,BRANCH,FOLLOW_UP,CONTROLLED_SYNTHETIC
I0000954,SME000281,RM036,2026-02-10,BRANCH,NO_RESPONSE,CONTROLLED_SYNTHETIC
I0000955,SME000281,RM036,2026-04-23,BRANCH,NEEDS_REVIEW,CONTROLLED_SYNTHETIC
I0000956,SME000282,RM022,2025-11-23,MEETING,NO_RESPONSE,CONTROLLED_SYNTHETIC
I0000957,SME000282,RM022,2025-09-22,BRANCH,NO_RESPONSE,CONTROLLED_SYNTHETIC
I0000958,SME000282,RM022,2026-06-14,SECURE_MESSAGE,FOLLOW_UP,CONTROLLED_SYNTHETIC
I0000959,SME000282,RM022,2026-01-31,BRANCH,NO_RESPONSE,CONTROLLED_SYNTHETIC
I0000960,SME000282,RM022,2026-01-28,MEETING,FOLLOW_UP,CONTROLLED_SYNTHETIC
I0000961,SME000283,RM007,2026-01-09,BRANCH,NEEDS_REVIEW,CONTROLLED_SYNTHETIC
I0000962,SME000283,RM007,2026-05-08,MEETING,CONNECTED,CONTROLLED_SYNTHETIC
I0000963,SME000283,RM007,2026-01-25,CALL,FOLLOW_UP,CONTROLLED_SYNTHETIC
I0000964,SME000283,RM007,2026-08-03,BRANCH,CONNECTED,CONTROLLED_SYNTHETIC
I0000965,SME000284,RM030,2026-03-21,MEETING,CONNECTED,CONTROLLED_SYNTHETIC
I0000966,SME000284,RM030,2026-07-08,BRANCH,CONNECTED,CONTROLLED_SYNTHETIC
I0000967,SME000284,RM030,2026-01-08,MEETING,FOLLOW_UP,CONTROLLED_SYNTHETIC
I0000968,SME000284,RM030,2026-07-16,SECURE_MESSAGE,CONNECTED,CONTROLLED_SYNTHETIC
I0000969,SME000284,RM030,2026-04-29,SECURE_MESSAGE,FOLLOW_UP,CONTROLLED_SYNTHETIC
I0000970,SME000285,RM041,2026-05-19,CALL,NEEDS_REVIEW,CONTROLLED_SYNTHETIC
I0000971,SME000286,RM010,2026-04-16,BRANCH,CONNECTED,CONTROLLED_SYNTHETIC
I0000972,SME000286,RM010,2025-10-12,BRANCH,CONNECTED,CONTROLLED_SYNTHETIC
I0000973,SME000286,RM010,2026-06-26,CALL,CONNECTED,CONTROLLED_SYNTHETIC
I0000974,SME000286,RM010,2026-03-13,BRANCH,CONNECTED,CONTROLLED_SYNTHETIC
I0000975,SME000286,RM010,2025-08-23,SECURE_MESSAGE,FOLLOW_UP,CONTROLLED_SYNTHETIC
I0000976,SME000286,RM010,2026-05-18,BRANCH,NO_RESPONSE,CONTROLLED_SYNTHETIC
I0000977,SME000287,RM019,2026-05-07,CALL,CONNECTED,CONTROLLED_SYNTHETIC
I0000978,SME000287,RM019,2026-05-17,MEETING,CONNECTED,CONTROLLED_SYNTHETIC
I0000979,SME000287,RM019,2026-08-05,CALL,CONNECTED,CONTROLLED_SYNTHETIC
I0000980,SME000287,RM019,2026-06-06,SECURE_MESSAGE,CONNECTED,CONTROLLED_SYNTHETIC
I0000981,SME000287,RM019,2025-12-14,CALL,FOLLOW_UP,CONTROLLED_SYNTHETIC
I0000982,SME000288,RM002,2025-08-22,SECURE_MESSAGE,CONNECTED,CONTROLLED_SYNTHETIC
I0000983,SME000289,RM030,2026-04-01,MEETING,FOLLOW_UP,CONTROLLED_SYNTHETIC
I0000984,SME000289,RM030,2025-11-17,MEETING,FOLLOW_UP,CONTROLLED_SYNTHETIC
I0000985,SME000290,RM009,2025-10-31,CALL,CONNECTED,CONTROLLED_SYNTHETIC
I0000986,SME000291,RM016,2026-04-28,CALL,FOLLOW_UP,CONTROLLED_SYNTHETIC
I0000987,SME000291,RM016,2026-06-08,CALL,FOLLOW_UP,CONTROLLED_SYNTHETIC
I0000988,SME000291,RM016,2025-10-01,BRANCH,CONNECTED,CONTROLLED_SYNTHETIC
I0000989,SME000292,RM029,2026-01-21,MEETING,CONNECTED,CONTROLLED_SYNTHETIC
I0000990,SME000293,RM015,2026-02-04,MEETING,NO_RESPONSE,CONTROLLED_SYNTHETIC
I0000991,SME000293,RM015,2026-02-23,CALL,CONNECTED,CONTROLLED_SYNTHETIC
I0000992,SME000293,RM015,2025-12-19,MEETING,CONNECTED,CONTROLLED_SYNTHETIC
I0000993,SME000294,RM004,2025-11-04,CALL,CONNECTED,CONTROLLED_SYNTHETIC
I0000994,SME000294,RM004,2026-02-05,SECURE_MESSAGE,NO_RESPONSE,CONTROLLED_SYNTHETIC
I0000995,SME000295,RM007,2026-05-11,SECURE_MESSAGE,FOLLOW_UP,CONTROLLED_SYNTHETIC
I0000996,SME000295,RM007,2026-03-21,SECURE_MESSAGE,CONNECTED,CONTROLLED_SYNTHETIC
I0000997,SME000295,RM007,2026-02-05,MEETING,FOLLOW_UP,CONTROLLED_SYNTHETIC
I0000998,SME000295,RM007,2025-08-29,CALL,FOLLOW_UP,CONTROLLED_SYNTHETIC
I0000999,SME000295,RM007,2026-07-25,BRANCH,NO_RESPONSE,CONTROLLED_SYNTHETIC
I0001000,SME000295,RM007,2025-11-29,BRANCH,CONNECTED,CONTROLLED_SYNTHETIC
I0001001,SME000296,RM001,2026-08-05,BRANCH,NEEDS_REVIEW,CONTROLLED_SYNTHETIC
I0001002,SME000296,RM001,2025-11-30,BRANCH,CONNECTED,CONTROLLED_SYNTHETIC
I0001003,SME000296,RM001,2026-05-22,SECURE_MESSAGE,CONNECTED,CONTROLLED_SYNTHETIC
I0001004,SME000296,RM001,2025-10-28,BRANCH,NO_RESPONSE,CONTROLLED_SYNTHETIC
I0001005,SME000296,RM001,2026-04-25,BRANCH,CONNECTED,CONTROLLED_SYNTHETIC
I0001006,SME000297,RM029,2026-03-30,BRANCH,CONNECTED,CONTROLLED_SYNTHETIC
I0001007,SME000297,RM029,2026-02-14,BRANCH,CONNECTED,CONTROLLED_SYNTHETIC
I0001008,SME000297,RM029,2026-04-25,CALL,CONNECTED,CONTROLLED_SYNTHETIC
I0001009,SME000298,RM044,2026-05-20,SECURE_MESSAGE,FOLLOW_UP,CONTROLLED_SYNTHETIC
I0001010,SME000298,RM044,2026-07-31,MEETING,CONNECTED,CONTROLLED_SYNTHETIC
I0001011,SME000298,RM044,2026-02-01,CALL,FOLLOW_UP,CONTROLLED_SYNTHETIC
I0001012,SME000298,RM044,2026-04-06,MEETING,FOLLOW_UP,CONTROLLED_SYNTHETIC
I0001013,SME000299,RM013,2026-05-13,BRANCH,NO_RESPONSE,CONTROLLED_SYNTHETIC
I0001014,SME000299,RM013,2026-01-04,SECURE_MESSAGE,CONNECTED,CONTROLLED_SYNTHETIC
I0001015,SME000299,RM013,2026-08-04,BRANCH,CONNECTED,CONTROLLED_SYNTHETIC
I0001016,SME000299,RM013,2025-12-31,CALL,CONNECTED,CONTROLLED_SYNTHETIC
I0001017,SME000300,RM015,2026-06-19,SECURE_MESSAGE,FOLLOW_UP,CONTROLLED_SYNTHETIC
I0001018,SME000301,RM001,2026-03-17,SECURE_MESSAGE,NO_RESPONSE,CONTROLLED_SYNTHETIC
I0001019,SME000301,RM001,2026-08-01,BRANCH,CONNECTED,CONTROLLED_SYNTHETIC
I0001020,SME000301,RM001,2026-03-22,BRANCH,FOLLOW_UP,CONTROLLED_SYNTHETIC
I0001021,SME000301,RM001,2026-05-26,BRANCH,FOLLOW_UP,CONTROLLED_SYNTHETIC
I0001022,SME000301,RM001,2026-01-10,SECURE_MESSAGE,NEEDS_REVIEW,CONTROLLED_SYNTHETIC
I0001023,SME000302,RM018,2025-12-06,MEETING,NO_RESPONSE,CONTROLLED_SYNTHETIC
I0001024,SME000303,RM002,2025-09-21,MEETING,CONNECTED,CONTROLLED_SYNTHETIC
I0001025,SME000303,RM002,2026-02-25,CALL,FOLLOW_UP,CONTROLLED_SYNTHETIC
I0001026,SME000303,RM002,2026-01-30,MEETING,NO_RESPONSE,CONTROLLED_SYNTHETIC
I0001027,SME000303,RM002,2026-01-07,SECURE_MESSAGE,CONNECTED,CONTROLLED_SYNTHETIC
I0001028,SME000303,RM002,2025-08-28,BRANCH,FOLLOW_UP,CONTROLLED_SYNTHETIC
I0001029,SME000303,RM002,2026-05-18,MEETING,NO_RESPONSE,CONTROLLED_SYNTHETIC
I0001030,SME000304,RM029,2026-03-21,SECURE_MESSAGE,NO_RESPONSE,CONTROLLED_SYNTHETIC
I0001031,SME000304,RM029,2026-07-06,MEETING,CONNECTED,CONTROLLED_SYNTHETIC
I0001032,SME000304,RM029,2025-09-22,SECURE_MESSAGE,NO_RESPONSE,CONTROLLED_SYNTHETIC
I0001033,SME000304,RM029,2026-08-12,BRANCH,CONNECTED,CONTROLLED_SYNTHETIC
I0001034,SME000304,RM029,2026-06-27,SECURE_MESSAGE,NO_RESPONSE,CONTROLLED_SYNTHETIC
I0001035,SME000304,RM029,2025-12-22,MEETING,FOLLOW_UP,CONTROLLED_SYNTHETIC
I0001036,SME000305,RM012,2025-11-11,MEETING,NO_RESPONSE,CONTROLLED_SYNTHETIC
I0001037,SME000305,RM012,2026-06-19,CALL,CONNECTED,CONTROLLED_SYNTHETIC
I0001038,SME000305,RM012,2026-06-25,SECURE_MESSAGE,FOLLOW_UP,CONTROLLED_SYNTHETIC
I0001039,SME000305,RM012,2025-12-13,SECURE_MESSAGE,CONNECTED,CONTROLLED_SYNTHETIC
I0001040,SME000305,RM012,2026-05-16,CALL,CONNECTED,CONTROLLED_SYNTHETIC
I0001041,SME000305,RM012,2026-08-08,MEETING,CONNECTED,CONTROLLED_SYNTHETIC
I0001042,SME000306,RM011,2026-05-21,SECURE_MESSAGE,CONNECTED,CONTROLLED_SYNTHETIC
I0001043,SME000307,RM047,2026-02-08,SECURE_MESSAGE,CONNECTED,CONTROLLED_SYNTHETIC
I0001044,SME000307,RM047,2026-03-09,MEETING,FOLLOW_UP,CONTROLLED_SYNTHETIC
I0001045,SME000307,RM047,2026-03-22,CALL,CONNECTED,CONTROLLED_SYNTHETIC
I0001046,SME000307,RM047,2025-12-01,SECURE_MESSAGE,NO_RESPONSE,CONTROLLED_SYNTHETIC
I0001047,SME000307,RM047,2026-05-30,MEETING,FOLLOW_UP,CONTROLLED_SYNTHETIC
I0001048,SME000308,RM019,2026-01-01,MEETING,NO_RESPONSE,CONTROLLED_SYNTHETIC
I0001049,SME000308,RM019,2026-05-13,CALL,FOLLOW_UP,CONTROLLED_SYNTHETIC
I0001050,SME000308,RM019,2025-12-29,CALL,NO_RESPONSE,CONTROLLED_SYNTHETIC
I0001051,SME000308,RM019,2026-05-15,MEETING,NO_RESPONSE,CONTROLLED_SYNTHETIC
I0001052,SME000309,RM001,2026-05-23,SECURE_MESSAGE,CONNECTED,CONTROLLED_SYNTHETIC
I0001053,SME000309,RM001,2025-11-02,MEETING,CONNECTED,CONTROLLED_SYNTHETIC
I0001054,SME000310,RM041,2026-07-22,CALL,CONNECTED,CONTROLLED_SYNTHETIC
I0001055,SME000310,RM041,2025-10-12,CALL,CONNECTED,CONTROLLED_SYNTHETIC
I0001056,SME000310,RM041,2026-05-28,CALL,NO_RESPONSE,CONTROLLED_SYNTHETIC
I0001057,SME000310,RM041,2025-12-10,BRANCH,FOLLOW_UP,CONTROLLED_SYNTHETIC
I0001058,SME000311,RM046,2026-01-16,MEETING,CONNECTED,CONTROLLED_SYNTHETIC
I0001059,SME000311,RM046,2026-02-12,MEETING,FOLLOW_UP,CONTROLLED_SYNTHETIC
I0001060,SME000311,RM046,2025-09-18,SECURE_MESSAGE,NO_RESPONSE,CONTROLLED_SYNTHETIC
I0001061,SME000311,RM046,2025-09-03,SECURE_MESSAGE,CONNECTED,CONTROLLED_SYNTHETIC
I0001062,SME000311,RM046,2026-02-11,BRANCH,CONNECTED,CONTROLLED_SYNTHETIC
I0001063,SME000312,RM037,2025-11-07,SECURE_MESSAGE,FOLLOW_UP,CONTROLLED_SYNTHETIC
I0001064,SME000312,RM037,2026-04-09,MEETING,FOLLOW_UP,CONTROLLED_SYNTHETIC
I0001065,SME000312,RM037,2026-07-08,BRANCH,NO_RESPONSE,CONTROLLED_SYNTHETIC
I0001066,SME000312,RM037,2025-10-08,SECURE_MESSAGE,CONNECTED,CONTROLLED_SYNTHETIC
I0001067,SME000312,RM037,2026-07-08,CALL,NEEDS_REVIEW,CONTROLLED_SYNTHETIC
I0001068,SME000312,RM037,2026-05-05,MEETING,FOLLOW_UP,CONTROLLED_SYNTHETIC
I0001069,SME000313,RM045,2026-07-31,MEETING,CONNECTED,CONTROLLED_SYNTHETIC
I0001070,SME000314,RM010,2025-12-07,CALL,CONNECTED,CONTROLLED_SYNTHETIC
I0001071,SME000314,RM010,2026-05-29,BRANCH,NO_RESPONSE,CONTROLLED_SYNTHETIC
I0001072,SME000314,RM010,2025-10-14,SECURE_MESSAGE,NO_RESPONSE,CONTROLLED_SYNTHETIC
I0001073,SME000315,RM030,2026-01-26,CALL,CONNECTED,CONTROLLED_SYNTHETIC
I0001074,SME000316,RM047,2026-06-14,MEETING,NEEDS_REVIEW,CONTROLLED_SYNTHETIC
I0001075,SME000316,RM047,2026-03-04,SECURE_MESSAGE,CONNECTED,CONTROLLED_SYNTHETIC
I0001076,SME000317,RM007,2025-08-23,MEETING,NO_RESPONSE,CONTROLLED_SYNTHETIC
I0001077,SME000317,RM007,2026-06-06,SECURE_MESSAGE,NEEDS_REVIEW,CONTROLLED_SYNTHETIC
I0001078,SME000318,RM045,2026-02-25,BRANCH,CONNECTED,CONTROLLED_SYNTHETIC
I0001079,SME000319,RM009,2026-03-07,BRANCH,FOLLOW_UP,CONTROLLED_SYNTHETIC
I0001080,SME000319,RM009,2026-08-04,MEETING,FOLLOW_UP,CONTROLLED_SYNTHETIC
I0001081,SME000320,RM015,2026-08-18,CALL,CONNECTED,CONTROLLED_SYNTHETIC
I0001082,SME000320,RM015,2025-11-27,MEETING,NO_RESPONSE,CONTROLLED_SYNTHETIC
I0001083,SME000321,RM041,2025-10-15,SECURE_MESSAGE,NEEDS_REVIEW,CONTROLLED_SYNTHETIC
I0001084,SME000321,RM041,2026-03-03,SECURE_MESSAGE,NO_RESPONSE,CONTROLLED_SYNTHETIC
I0001085,SME000322,RM002,2026-07-07,SECURE_MESSAGE,NO_RESPONSE,CONTROLLED_SYNTHETIC
I0001086,SME000322,RM002,2025-12-08,CALL,FOLLOW_UP,CONTROLLED_SYNTHETIC
I0001087,SME000322,RM002,2026-05-21,CALL,CONNECTED,CONTROLLED_SYNTHETIC
I0001088,SME000323,RM034,2025-09-14,MEETING,CONNECTED,CONTROLLED_SYNTHETIC
I0001089,SME000323,RM034,2025-10-21,SECURE_MESSAGE,FOLLOW_UP,CONTROLLED_SYNTHETIC
I0001090,SME000323,RM034,2025-09-04,MEETING,NO_RESPONSE,CONTROLLED_SYNTHETIC
I0001091,SME000323,RM034,2026-08-18,BRANCH,CONNECTED,CONTROLLED_SYNTHETIC
I0001092,SME000323,RM034,2025-12-07,CALL,NO_RESPONSE,CONTROLLED_SYNTHETIC
I0001093,SME000324,RM010,2026-03-25,CALL,FOLLOW_UP,CONTROLLED_SYNTHETIC
I0001094,SME000324,RM010,2026-02-27,MEETING,CONNECTED,CONTROLLED_SYNTHETIC
I0001095,SME000325,RM033,2026-04-12,BRANCH,NO_RESPONSE,CONTROLLED_SYNTHETIC
I0001096,SME000325,RM033,2025-11-01,BRANCH,CONNECTED,CONTROLLED_SYNTHETIC
I0001097,SME000326,RM009,2025-11-14,BRANCH,FOLLOW_UP,CONTROLLED_SYNTHETIC
I0001098,SME000326,RM009,2026-05-08,MEETING,CONNECTED,CONTROLLED_SYNTHETIC
I0001099,SME000326,RM009,2026-06-18,CALL,FOLLOW_UP,CONTROLLED_SYNTHETIC
I0001100,SME000326,RM009,2026-07-03,SECURE_MESSAGE,CONNECTED,CONTROLLED_SYNTHETIC
I0001101,SME000326,RM009,2025-09-23,CALL,CONNECTED,CONTROLLED_SYNTHETIC
I0001102,SME000327,RM009,2026-02-27,CALL,CONNECTED,CONTROLLED_SYNTHETIC
I0001103,SME000327,RM009,2026-03-31,BRANCH,NO_RESPONSE,CONTROLLED_SYNTHETIC
I0001104,SME000327,RM009,2026-08-19,MEETING,CONNECTED,CONTROLLED_SYNTHETIC
I0001105,SME000328,RM018,2025-10-09,MEETING,NEEDS_REVIEW,CONTROLLED_SYNTHETIC
I0001106,SME000328,RM018,2025-09-03,MEETING,FOLLOW_UP,CONTROLLED_SYNTHETIC
I0001107,SME000329,RM035,2025-08-23,CALL,NO_RESPONSE,CONTROLLED_SYNTHETIC
I0001108,SME000329,RM035,2026-06-09,CALL,CONNECTED,CONTROLLED_SYNTHETIC
I0001109,SME000329,RM035,2025-10-04,CALL,NO_RESPONSE,CONTROLLED_SYNTHETIC
I0001110,SME000330,RM019,2026-04-17,CALL,FOLLOW_UP,CONTROLLED_SYNTHETIC
I0001111,SME000331,RM041,2026-06-11,SECURE_MESSAGE,FOLLOW_UP,CONTROLLED_SYNTHETIC
I0001112,SME000331,RM041,2026-08-04,MEETING,CONNECTED,CONTROLLED_SYNTHETIC
I0001113,SME000331,RM041,2026-01-04,BRANCH,CONNECTED,CONTROLLED_SYNTHETIC
I0001114,SME000331,RM041,2025-12-23,MEETING,CONNECTED,CONTROLLED_SYNTHETIC
I0001115,SME000331,RM041,2026-05-22,CALL,CONNECTED,CONTROLLED_SYNTHETIC
I0001116,SME000331,RM041,2026-04-10,BRANCH,NO_RESPONSE,CONTROLLED_SYNTHETIC
I0001117,SME000332,RM025,2025-09-25,MEETING,CONNECTED,CONTROLLED_SYNTHETIC
I0001118,SME000332,RM025,2025-10-15,MEETING,CONNECTED,CONTROLLED_SYNTHETIC
I0001119,SME000332,RM025,2026-04-13,SECURE_MESSAGE,CONNECTED,CONTROLLED_SYNTHETIC
I0001120,SME000333,RM020,2025-12-05,MEETING,CONNECTED,CONTROLLED_SYNTHETIC
I0001121,SME000333,RM020,2026-03-08,MEETING,NEEDS_REVIEW,CONTROLLED_SYNTHETIC
I0001122,SME000334,RM002,2026-04-11,BRANCH,CONNECTED,CONTROLLED_SYNTHETIC
I0001123,SME000334,RM002,2026-03-11,BRANCH,FOLLOW_UP,CONTROLLED_SYNTHETIC
I0001124,SME000334,RM002,2026-06-14,BRANCH,FOLLOW_UP,CONTROLLED_SYNTHETIC
I0001125,SME000334,RM002,2026-03-30,MEETING,CONNECTED,CONTROLLED_SYNTHETIC
I0001126,SME000335,RM016,2025-11-27,BRANCH,FOLLOW_UP,CONTROLLED_SYNTHETIC
I0001127,SME000335,RM016,2026-06-09,MEETING,CONNECTED,CONTROLLED_SYNTHETIC
I0001128,SME000335,RM016,2025-10-19,BRANCH,FOLLOW_UP,CONTROLLED_SYNTHETIC
I0001129,SME000335,RM016,2026-02-27,BRANCH,FOLLOW_UP,CONTROLLED_SYNTHETIC
I0001130,SME000336,RM021,2026-01-13,SECURE_MESSAGE,FOLLOW_UP,CONTROLLED_SYNTHETIC
I0001131,SME000336,RM021,2025-09-29,CALL,NEEDS_REVIEW,CONTROLLED_SYNTHETIC
I0001132,SME000337,RM032,2026-03-03,CALL,NO_RESPONSE,CONTROLLED_SYNTHETIC
I0001133,SME000337,RM032,2026-04-22,CALL,FOLLOW_UP,CONTROLLED_SYNTHETIC
I0001134,SME000337,RM032,2026-01-27,CALL,CONNECTED,CONTROLLED_SYNTHETIC
I0001135,SME000337,RM032,2026-01-21,CALL,NEEDS_REVIEW,CONTROLLED_SYNTHETIC
I0001136,SME000337,RM032,2025-11-05,MEETING,CONNECTED,CONTROLLED_SYNTHETIC
I0001137,SME000338,RM007,2026-05-18,SECURE_MESSAGE,FOLLOW_UP,CONTROLLED_SYNTHETIC
I0001138,SME000338,RM007,2026-04-24,CALL,CONNECTED,CONTROLLED_SYNTHETIC
I0001139,SME000338,RM007,2026-05-02,SECURE_MESSAGE,CONNECTED,CONTROLLED_SYNTHETIC
I0001140,SME000338,RM007,2025-09-02,BRANCH,NEEDS_REVIEW,CONTROLLED_SYNTHETIC
I0001141,SME000339,RM022,2026-04-23,CALL,FOLLOW_UP,CONTROLLED_SYNTHETIC
I0001142,SME000339,RM022,2026-03-18,SECURE_MESSAGE,CONNECTED,CONTROLLED_SYNTHETIC
I0001143,SME000340,RM013,2025-12-16,MEETING,NO_RESPONSE,CONTROLLED_SYNTHETIC
I0001144,SME000340,RM013,2025-10-10,BRANCH,CONNECTED,CONTROLLED_SYNTHETIC
I0001145,SME000340,RM013,2025-08-31,CALL,FOLLOW_UP,CONTROLLED_SYNTHETIC
I0001146,SME000341,RM015,2026-08-19,SECURE_MESSAGE,NO_RESPONSE,CONTROLLED_SYNTHETIC
I0001147,SME000342,RM016,2026-07-03,BRANCH,FOLLOW_UP,CONTROLLED_SYNTHETIC
I0001148,SME000342,RM016,2026-07-06,BRANCH,NO_RESPONSE,CONTROLLED_SYNTHETIC
I0001149,SME000342,RM016,2026-07-06,SECURE_MESSAGE,NO_RESPONSE,CONTROLLED_SYNTHETIC
I0001150,SME000342,RM016,2025-09-16,MEETING,CONNECTED,CONTROLLED_SYNTHETIC
I0001151,SME000342,RM016,2026-05-28,BRANCH,FOLLOW_UP,CONTROLLED_SYNTHETIC
I0001152,SME000342,RM016,2026-03-27,CALL,FOLLOW_UP,CONTROLLED_SYNTHETIC
I0001153,SME000343,RM026,2025-12-14,MEETING,CONNECTED,CONTROLLED_SYNTHETIC
I0001154,SME000343,RM026,2026-01-22,BRANCH,FOLLOW_UP,CONTROLLED_SYNTHETIC
I0001155,SME000343,RM026,2025-12-20,BRANCH,CONNECTED,CONTROLLED_SYNTHETIC
I0001156,SME000343,RM026,2026-02-04,BRANCH,FOLLOW_UP,CONTROLLED_SYNTHETIC
I0001157,SME000344,RM038,2025-11-28,SECURE_MESSAGE,NO_RESPONSE,CONTROLLED_SYNTHETIC
I0001158,SME000344,RM038,2026-03-17,MEETING,CONNECTED,CONTROLLED_SYNTHETIC
I0001159,SME000344,RM038,2025-08-22,CALL,CONNECTED,CONTROLLED_SYNTHETIC
I0001160,SME000344,RM038,2026-02-21,CALL,CONNECTED,CONTROLLED_SYNTHETIC
I0001161,SME000345,RM048,2025-12-21,SECURE_MESSAGE,CONNECTED,CONTROLLED_SYNTHETIC
I0001162,SME000346,RM015,2026-02-11,BRANCH,FOLLOW_UP,CONTROLLED_SYNTHETIC
I0001163,SME000346,RM015,2026-02-10,MEETING,CONNECTED,CONTROLLED_SYNTHETIC
I0001164,SME000346,RM015,2026-03-28,BRANCH,NO_RESPONSE,CONTROLLED_SYNTHETIC
I0001165,SME000347,RM047,2026-03-31,BRANCH,CONNECTED,CONTROLLED_SYNTHETIC
I0001166,SME000347,RM047,2026-05-24,MEETING,CONNECTED,CONTROLLED_SYNTHETIC
I0001167,SME000347,RM047,2025-09-28,BRANCH,FOLLOW_UP,CONTROLLED_SYNTHETIC
I0001168,SME000347,RM047,2026-05-22,CALL,FOLLOW_UP,CONTROLLED_SYNTHETIC
I0001169,SME000347,RM047,2026-03-24,BRANCH,NEEDS_REVIEW,CONTROLLED_SYNTHETIC
I0001170,SME000348,RM033,2026-04-30,MEETING,NO_RESPONSE,CONTROLLED_SYNTHETIC
I0001171,SME000348,RM033,2025-12-16,CALL,FOLLOW_UP,CONTROLLED_SYNTHETIC
I0001172,SME000349,RM045,2025-09-07,CALL,FOLLOW_UP,CONTROLLED_SYNTHETIC
I0001173,SME000349,RM045,2026-08-08,SECURE_MESSAGE,NO_RESPONSE,CONTROLLED_SYNTHETIC
I0001174,SME000349,RM045,2025-08-22,MEETING,NO_RESPONSE,CONTROLLED_SYNTHETIC
I0001175,SME000349,RM045,2025-08-25,MEETING,CONNECTED,CONTROLLED_SYNTHETIC
I0001176,SME000350,RM036,2026-07-14,CALL,CONNECTED,CONTROLLED_SYNTHETIC
I0001177,SME000350,RM036,2025-10-19,SECURE_MESSAGE,CONNECTED,CONTROLLED_SYNTHETIC
I0001178,SME000350,RM036,2026-01-24,MEETING,CONNECTED,CONTROLLED_SYNTHETIC
I0001179,SME000350,RM036,2025-12-26,BRANCH,CONNECTED,CONTROLLED_SYNTHETIC
I0001180,SME000351,RM039,2026-01-28,CALL,CONNECTED,CONTROLLED_SYNTHETIC
I0001181,SME000351,RM039,2025-12-15,CALL,CONNECTED,CONTROLLED_SYNTHETIC
I0001182,SME000351,RM039,2026-01-03,SECURE_MESSAGE,CONNECTED,CONTROLLED_SYNTHETIC
I0001183,SME000351,RM039,2026-03-07,SECURE_MESSAGE,CONNECTED,CONTROLLED_SYNTHETIC
I0001184,SME000352,RM029,2026-05-29,CALL,NO_RESPONSE,CONTROLLED_SYNTHETIC
I0001185,SME000352,RM029,2025-08-29,CALL,CONNECTED,CONTROLLED_SYNTHETIC
I0001186,SME000352,RM029,2026-06-23,MEETING,NEEDS_REVIEW,CONTROLLED_SYNTHETIC
I0001187,SME000353,RM033,2026-05-18,SECURE_MESSAGE,CONNECTED,CONTROLLED_SYNTHETIC
I0001188,SME000353,RM033,2025-09-10,CALL,NO_RESPONSE,CONTROLLED_SYNTHETIC
I0001189,SME000353,RM033,2026-01-16,BRANCH,NO_RESPONSE,CONTROLLED_SYNTHETIC
I0001190,SME000353,RM033,2025-09-01,CALL,CONNECTED,CONTROLLED_SYNTHETIC
I0001191,SME000353,RM033,2026-08-10,MEETING,NO_RESPONSE,CONTROLLED_SYNTHETIC
I0001192,SME000354,RM002,2025-11-16,SECURE_MESSAGE,CONNECTED,CONTROLLED_SYNTHETIC
I0001193,SME000354,RM002,2026-05-26,SECURE_MESSAGE,FOLLOW_UP,CONTROLLED_SYNTHETIC
I0001194,SME000355,RM045,2026-07-14,CALL,CONNECTED,CONTROLLED_SYNTHETIC
I0001195,SME000356,RM045,2026-04-30,SECURE_MESSAGE,NEEDS_REVIEW,CONTROLLED_SYNTHETIC
I0001196,SME000356,RM045,2026-05-28,SECURE_MESSAGE,CONNECTED,CONTROLLED_SYNTHETIC
I0001197,SME000357,RM008,2025-12-03,MEETING,NO_RESPONSE,CONTROLLED_SYNTHETIC
I0001198,SME000357,RM008,2025-12-17,MEETING,FOLLOW_UP,CONTROLLED_SYNTHETIC
I0001199,SME000358,RM032,2026-02-03,MEETING,NEEDS_REVIEW,CONTROLLED_SYNTHETIC
I0001200,SME000358,RM032,2026-04-22,BRANCH,FOLLOW_UP,CONTROLLED_SYNTHETIC
I0001201,SME000358,RM032,2025-12-28,BRANCH,CONNECTED,CONTROLLED_SYNTHETIC
I0001202,SME000359,RM012,2025-10-10,SECURE_MESSAGE,CONNECTED,CONTROLLED_SYNTHETIC
I0001203,SME000359,RM012,2026-08-01,SECURE_MESSAGE,FOLLOW_UP,CONTROLLED_SYNTHETIC
I0001204,SME000360,RM018,2025-12-20,SECURE_MESSAGE,FOLLOW_UP,CONTROLLED_SYNTHETIC
I0001205,SME000360,RM018,2026-02-05,MEETING,NO_RESPONSE,CONTROLLED_SYNTHETIC
I0001206,SME000360,RM018,2025-11-09,SECURE_MESSAGE,FOLLOW_UP,CONTROLLED_SYNTHETIC
I0001207,SME000360,RM018,2025-08-26,MEETING,FOLLOW_UP,CONTROLLED_SYNTHETIC
I0001208,SME000360,RM018,2026-05-18,MEETING,FOLLOW_UP,CONTROLLED_SYNTHETIC
I0001209,SME000361,RM010,2026-04-18,CALL,NO_RESPONSE,CONTROLLED_SYNTHETIC
I0001210,SME000361,RM010,2026-01-10,MEETING,FOLLOW_UP,CONTROLLED_SYNTHETIC
I0001211,SME000361,RM010,2025-11-28,MEETING,FOLLOW_UP,CONTROLLED_SYNTHETIC
I0001212,SME000361,RM010,2025-12-03,BRANCH,CONNECTED,CONTROLLED_SYNTHETIC
I0001213,SME000362,RM035,2026-03-14,MEETING,NEEDS_REVIEW,CONTROLLED_SYNTHETIC
I0001214,SME000362,RM035,2026-07-14,SECURE_MESSAGE,NO_RESPONSE,CONTROLLED_SYNTHETIC
I0001215,SME000362,RM035,2026-02-22,SECURE_MESSAGE,FOLLOW_UP,CONTROLLED_SYNTHETIC
I0001216,SME000362,RM035,2025-11-09,CALL,CONNECTED,CONTROLLED_SYNTHETIC
I0001217,SME000363,RM038,2026-08-04,BRANCH,CONNECTED,CONTROLLED_SYNTHETIC
I0001218,SME000363,RM038,2026-07-14,BRANCH,NEEDS_REVIEW,CONTROLLED_SYNTHETIC
I0001219,SME000363,RM038,2026-05-24,MEETING,NEEDS_REVIEW,CONTROLLED_SYNTHETIC
I0001220,SME000363,RM038,2025-10-04,MEETING,CONNECTED,CONTROLLED_SYNTHETIC
I0001221,SME000364,RM006,2025-09-16,MEETING,CONNECTED,CONTROLLED_SYNTHETIC
I0001222,SME000364,RM006,2025-12-01,SECURE_MESSAGE,FOLLOW_UP,CONTROLLED_SYNTHETIC
I0001223,SME000365,RM036,2025-09-21,MEETING,FOLLOW_UP,CONTROLLED_SYNTHETIC
I0001224,SME000365,RM036,2026-05-14,CALL,NO_RESPONSE,CONTROLLED_SYNTHETIC
I0001225,SME000366,RM006,2026-05-05,BRANCH,FOLLOW_UP,CONTROLLED_SYNTHETIC
I0001226,SME000366,RM006,2026-06-08,MEETING,CONNECTED,CONTROLLED_SYNTHETIC
I0001227,SME000366,RM006,2025-12-07,BRANCH,NO_RESPONSE,CONTROLLED_SYNTHETIC
I0001228,SME000367,RM011,2026-07-01,MEETING,FOLLOW_UP,CONTROLLED_SYNTHETIC
I0001229,SME000367,RM011,2026-04-22,MEETING,NO_RESPONSE,CONTROLLED_SYNTHETIC
I0001230,SME000367,RM011,2026-03-24,SECURE_MESSAGE,NO_RESPONSE,CONTROLLED_SYNTHETIC
I0001231,SME000367,RM011,2026-07-02,SECURE_MESSAGE,CONNECTED,CONTROLLED_SYNTHETIC
I0001232,SME000367,RM011,2025-10-13,CALL,FOLLOW_UP,CONTROLLED_SYNTHETIC
I0001233,SME000368,RM018,2025-10-15,CALL,NO_RESPONSE,CONTROLLED_SYNTHETIC
I0001234,SME000368,RM018,2026-02-14,MEETING,CONNECTED,CONTROLLED_SYNTHETIC
I0001235,SME000368,RM018,2026-06-20,SECURE_MESSAGE,NEEDS_REVIEW,CONTROLLED_SYNTHETIC
I0001236,SME000369,RM016,2026-06-21,SECURE_MESSAGE,CONNECTED,CONTROLLED_SYNTHETIC
I0001237,SME000370,RM010,2025-09-10,CALL,NO_RESPONSE,CONTROLLED_SYNTHETIC
I0001238,SME000370,RM010,2025-12-22,CALL,CONNECTED,CONTROLLED_SYNTHETIC
I0001239,SME000370,RM010,2026-06-02,SECURE_MESSAGE,CONNECTED,CONTROLLED_SYNTHETIC
I0001240,SME000370,RM010,2025-08-27,SECURE_MESSAGE,CONNECTED,CONTROLLED_SYNTHETIC
I0001241,SME000371,RM032,2025-09-09,BRANCH,NO_RESPONSE,CONTROLLED_SYNTHETIC
I0001242,SME000371,RM032,2025-10-03,MEETING,CONNECTED,CONTROLLED_SYNTHETIC
I0001243,SME000371,RM032,2025-10-14,SECURE_MESSAGE,FOLLOW_UP,CONTROLLED_SYNTHETIC
I0001244,SME000371,RM032,2026-07-12,SECURE_MESSAGE,NO_RESPONSE,CONTROLLED_SYNTHETIC
I0001245,SME000372,RM008,2026-01-02,BRANCH,FOLLOW_UP,CONTROLLED_SYNTHETIC
I0001246,SME000372,RM008,2026-05-21,CALL,CONNECTED,CONTROLLED_SYNTHETIC
I0001247,SME000372,RM008,2025-12-01,SECURE_MESSAGE,CONNECTED,CONTROLLED_SYNTHETIC
I0001248,SME000373,RM021,2026-07-02,SECURE_MESSAGE,CONNECTED,CONTROLLED_SYNTHETIC
I0001249,SME000373,RM021,2025-09-14,SECURE_MESSAGE,FOLLOW_UP,CONTROLLED_SYNTHETIC
I0001250,SME000373,RM021,2025-09-28,BRANCH,CONNECTED,CONTROLLED_SYNTHETIC
I0001251,SME000373,RM021,2026-01-04,MEETING,NO_RESPONSE,CONTROLLED_SYNTHETIC
I0001252,SME000373,RM021,2026-02-19,CALL,CONNECTED,CONTROLLED_SYNTHETIC
I0001253,SME000374,RM027,2026-07-06,SECURE_MESSAGE,FOLLOW_UP,CONTROLLED_SYNTHETIC
I0001254,SME000374,RM027,2026-01-01,MEETING,NEEDS_REVIEW,CONTROLLED_SYNTHETIC
I0001255,SME000374,RM027,2026-07-16,SECURE_MESSAGE,NO_RESPONSE,CONTROLLED_SYNTHETIC
I0001256,SME000374,RM027,2025-09-03,SECURE_MESSAGE,FOLLOW_UP,CONTROLLED_SYNTHETIC
I0001257,SME000374,RM027,2025-08-24,SECURE_MESSAGE,CONNECTED,CONTROLLED_SYNTHETIC
I0001258,SME000374,RM027,2025-09-08,BRANCH,NO_RESPONSE,CONTROLLED_SYNTHETIC
I0001259,SME000375,RM008,2026-07-12,MEETING,CONNECTED,CONTROLLED_SYNTHETIC
I0001260,SME000375,RM008,2026-02-17,CALL,NO_RESPONSE,CONTROLLED_SYNTHETIC
I0001261,SME000375,RM008,2026-06-10,MEETING,NO_RESPONSE,CONTROLLED_SYNTHETIC
I0001262,SME000376,RM036,2026-06-02,SECURE_MESSAGE,CONNECTED,CONTROLLED_SYNTHETIC
I0001263,SME000376,RM036,2025-12-22,MEETING,CONNECTED,CONTROLLED_SYNTHETIC
I0001264,SME000376,RM036,2025-10-09,SECURE_MESSAGE,NO_RESPONSE,CONTROLLED_SYNTHETIC
I0001265,SME000377,RM030,2026-05-20,MEETING,NEEDS_REVIEW,CONTROLLED_SYNTHETIC
I0001266,SME000377,RM030,2026-06-02,BRANCH,CONNECTED,CONTROLLED_SYNTHETIC
I0001267,SME000377,RM030,2026-05-17,SECURE_MESSAGE,CONNECTED,CONTROLLED_SYNTHETIC
I0001268,SME000378,RM016,2026-01-27,SECURE_MESSAGE,CONNECTED,CONTROLLED_SYNTHETIC
I0001269,SME000379,RM035,2026-03-09,SECURE_MESSAGE,CONNECTED,CONTROLLED_SYNTHETIC
I0001270,SME000379,RM035,2025-12-07,SECURE_MESSAGE,NO_RESPONSE,CONTROLLED_SYNTHETIC
I0001271,SME000379,RM035,2026-07-10,CALL,FOLLOW_UP,CONTROLLED_SYNTHETIC
I0001272,SME000380,RM045,2026-06-29,CALL,NO_RESPONSE,CONTROLLED_SYNTHETIC
I0001273,SME000380,RM045,2026-01-26,BRANCH,FOLLOW_UP,CONTROLLED_SYNTHETIC
I0001274,SME000380,RM045,2025-10-05,MEETING,NO_RESPONSE,CONTROLLED_SYNTHETIC
I0001275,SME000380,RM045,2026-02-03,BRANCH,CONNECTED,CONTROLLED_SYNTHETIC
I0001276,SME000380,RM045,2026-05-05,BRANCH,NO_RESPONSE,CONTROLLED_SYNTHETIC
I0001277,SME000381,RM029,2026-02-01,SECURE_MESSAGE,NO_RESPONSE,CONTROLLED_SYNTHETIC
I0001278,SME000382,RM006,2025-11-26,CALL,CONNECTED,CONTROLLED_SYNTHETIC
I0001279,SME000382,RM006,2026-03-13,BRANCH,NEEDS_REVIEW,CONTROLLED_SYNTHETIC
I0001280,SME000382,RM006,2026-03-27,MEETING,CONNECTED,CONTROLLED_SYNTHETIC
I0001281,SME000382,RM006,2026-08-13,BRANCH,FOLLOW_UP,CONTROLLED_SYNTHETIC
I0001282,SME000382,RM006,2026-06-07,SECURE_MESSAGE,FOLLOW_UP,CONTROLLED_SYNTHETIC
I0001283,SME000382,RM006,2026-04-18,SECURE_MESSAGE,FOLLOW_UP,CONTROLLED_SYNTHETIC
I0001284,SME000383,RM019,2026-05-16,SECURE_MESSAGE,FOLLOW_UP,CONTROLLED_SYNTHETIC
I0001285,SME000383,RM019,2025-09-08,MEETING,NO_RESPONSE,CONTROLLED_SYNTHETIC
I0001286,SME000383,RM019,2026-01-18,CALL,CONNECTED,CONTROLLED_SYNTHETIC
I0001287,SME000383,RM019,2026-03-19,BRANCH,CONNECTED,CONTROLLED_SYNTHETIC
I0001288,SME000383,RM019,2026-07-22,BRANCH,CONNECTED,CONTROLLED_SYNTHETIC
I0001289,SME000383,RM019,2026-06-26,SECURE_MESSAGE,CONNECTED,CONTROLLED_SYNTHETIC
I0001290,SME000384,RM001,2025-09-15,BRANCH,CONNECTED,CONTROLLED_SYNTHETIC
I0001291,SME000384,RM001,2026-02-19,CALL,CONNECTED,CONTROLLED_SYNTHETIC
I0001292,SME000385,RM009,2026-07-26,BRANCH,CONNECTED,CONTROLLED_SYNTHETIC
I0001293,SME000385,RM009,2025-11-06,BRANCH,FOLLOW_UP,CONTROLLED_SYNTHETIC
I0001294,SME000385,RM009,2025-09-23,BRANCH,CONNECTED,CONTROLLED_SYNTHETIC
I0001295,SME000385,RM009,2025-11-06,CALL,NO_RESPONSE,CONTROLLED_SYNTHETIC
I0001296,SME000385,RM009,2026-01-02,CALL,NO_RESPONSE,CONTROLLED_SYNTHETIC
I0001297,SME000385,RM009,2025-10-02,CALL,CONNECTED,CONTROLLED_SYNTHETIC
I0001298,SME000386,RM022,2026-03-30,SECURE_MESSAGE,FOLLOW_UP,CONTROLLED_SYNTHETIC
I0001299,SME000386,RM022,2026-07-26,MEETING,CONNECTED,CONTROLLED_SYNTHETIC
I0001300,SME000386,RM022,2025-08-25,SECURE_MESSAGE,FOLLOW_UP,CONTROLLED_SYNTHETIC
I0001301,SME000386,RM022,2026-02-12,CALL,CONNECTED,CONTROLLED_SYNTHETIC
I0001302,SME000386,RM022,2026-01-03,BRANCH,CONNECTED,CONTROLLED_SYNTHETIC
I0001303,SME000387,RM037,2025-11-06,MEETING,FOLLOW_UP,CONTROLLED_SYNTHETIC
I0001304,SME000387,RM037,2026-01-05,SECURE_MESSAGE,NO_RESPONSE,CONTROLLED_SYNTHETIC
I0001305,SME000388,RM016,2026-03-08,CALL,FOLLOW_UP,CONTROLLED_SYNTHETIC
I0001306,SME000388,RM016,2025-12-28,BRANCH,CONNECTED,CONTROLLED_SYNTHETIC
I0001307,SME000389,RM036,2026-03-08,CALL,NO_RESPONSE,CONTROLLED_SYNTHETIC
I0001308,SME000389,RM036,2025-08-31,CALL,NO_RESPONSE,CONTROLLED_SYNTHETIC
I0001309,SME000389,RM036,2025-11-14,CALL,NO_RESPONSE,CONTROLLED_SYNTHETIC
I0001310,SME000390,RM043,2025-12-19,MEETING,NO_RESPONSE,CONTROLLED_SYNTHETIC
I0001311,SME000391,RM045,2025-11-21,SECURE_MESSAGE,NEEDS_REVIEW,CONTROLLED_SYNTHETIC
I0001312,SME000391,RM045,2026-01-19,CALL,NO_RESPONSE,CONTROLLED_SYNTHETIC
I0001313,SME000391,RM045,2026-06-09,CALL,FOLLOW_UP,CONTROLLED_SYNTHETIC
I0001314,SME000391,RM045,2025-10-16,BRANCH,NEEDS_REVIEW,CONTROLLED_SYNTHETIC
I0001315,SME000392,RM029,2026-05-17,SECURE_MESSAGE,CONNECTED,CONTROLLED_SYNTHETIC
I0001316,SME000392,RM029,2025-12-24,MEETING,CONNECTED,CONTROLLED_SYNTHETIC
I0001317,SME000393,RM007,2026-08-16,CALL,CONNECTED,CONTROLLED_SYNTHETIC
I0001318,SME000393,RM007,2025-12-22,BRANCH,CONNECTED,CONTROLLED_SYNTHETIC
I0001319,SME000393,RM007,2025-12-02,BRANCH,FOLLOW_UP,CONTROLLED_SYNTHETIC
I0001320,SME000394,RM004,2026-06-24,SECURE_MESSAGE,FOLLOW_UP,CONTROLLED_SYNTHETIC
I0001321,SME000394,RM004,2025-10-02,BRANCH,CONNECTED,CONTROLLED_SYNTHETIC
I0001322,SME000394,RM004,2026-04-07,BRANCH,NO_RESPONSE,CONTROLLED_SYNTHETIC
I0001323,SME000394,RM004,2026-02-04,BRANCH,CONNECTED,CONTROLLED_SYNTHETIC
I0001324,SME000394,RM004,2025-11-22,CALL,CONNECTED,CONTROLLED_SYNTHETIC
I0001325,SME000394,RM004,2025-10-23,MEETING,CONNECTED,CONTROLLED_SYNTHETIC
I0001326,SME000395,RM036,2025-11-25,CALL,NEEDS_REVIEW,CONTROLLED_SYNTHETIC
I0001327,SME000395,RM036,2026-08-16,BRANCH,CONNECTED,CONTROLLED_SYNTHETIC
I0001328,SME000395,RM036,2026-03-31,CALL,FOLLOW_UP,CONTROLLED_SYNTHETIC
I0001329,SME000396,RM021,2025-08-28,CALL,FOLLOW_UP,CONTROLLED_SYNTHETIC
I0001330,SME000396,RM021,2026-04-08,SECURE_MESSAGE,NEEDS_REVIEW,CONTROLLED_SYNTHETIC
I0001331,SME000396,RM021,2025-10-30,MEETING,FOLLOW_UP,CONTROLLED_SYNTHETIC
I0001332,SME000396,RM021,2026-01-14,BRANCH,NO_RESPONSE,CONTROLLED_SYNTHETIC
I0001333,SME000396,RM021,2026-06-23,CALL,CONNECTED,CONTROLLED_SYNTHETIC
I0001334,SME000397,RM030,2025-10-29,SECURE_MESSAGE,NEEDS_REVIEW,CONTROLLED_SYNTHETIC
I0001335,SME000398,RM017,2026-05-14,CALL,CONNECTED,CONTROLLED_SYNTHETIC
I0001336,SME000398,RM017,2026-04-23,CALL,CONNECTED,CONTROLLED_SYNTHETIC
I0001337,SME000398,RM017,2025-09-18,SECURE_MESSAGE,CONNECTED,CONTROLLED_SYNTHETIC
I0001338,SME000398,RM017,2025-10-04,MEETING,NO_RESPONSE,CONTROLLED_SYNTHETIC
I0001339,SME000399,RM047,2026-02-12,BRANCH,CONNECTED,CONTROLLED_SYNTHETIC
I0001340,SME000399,RM047,2026-06-07,BRANCH,CONNECTED,CONTROLLED_SYNTHETIC
I0001341,SME000399,RM047,2026-05-22,BRANCH,CONNECTED,CONTROLLED_SYNTHETIC
I0001342,SME000399,RM047,2025-12-07,MEETING,FOLLOW_UP,CONTROLLED_SYNTHETIC
I0001343,SME000399,RM047,2026-02-11,BRANCH,CONNECTED,CONTROLLED_SYNTHETIC
I0001344,SME000400,RM035,2025-11-05,BRANCH,FOLLOW_UP,CONTROLLED_SYNTHETIC
I0001345,SME000400,RM035,2026-07-13,SECURE_MESSAGE,NO_RESPONSE,CONTROLLED_SYNTHETIC
I0001346,SME000400,RM035,2026-05-14,SECURE_MESSAGE,NO_RESPONSE,CONTROLLED_SYNTHETIC
I0001347,SME000400,RM035,2026-01-07,CALL,FOLLOW_UP,CONTROLLED_SYNTHETIC
I0001348,SME000400,RM035,2025-09-09,CALL,NEEDS_REVIEW,CONTROLLED_SYNTHETIC
I0001349,SME000400,RM035,2026-08-12,CALL,CONNECTED,CONTROLLED_SYNTHETIC
I0001350,SME000401,RM047,2026-05-16,CALL,NO_RESPONSE,CONTROLLED_SYNTHETIC
I0001351,SME000401,RM047,2026-01-23,MEETING,CONNECTED,CONTROLLED_SYNTHETIC
I0001352,SME000401,RM047,2026-02-23,BRANCH,CONNECTED,CONTROLLED_SYNTHETIC
I0001353,SME000401,RM047,2025-09-02,MEETING,CONNECTED,CONTROLLED_SYNTHETIC
I0001354,SME000401,RM047,2026-07-22,CALL,CONNECTED,CONTROLLED_SYNTHETIC
I0001355,SME000402,RM025,2026-06-09,BRANCH,CONNECTED,CONTROLLED_SYNTHETIC
I0001356,SME000403,RM008,2026-03-24,MEETING,NO_RESPONSE,CONTROLLED_SYNTHETIC
I0001357,SME000403,RM008,2026-01-15,SECURE_MESSAGE,FOLLOW_UP,CONTROLLED_SYNTHETIC
I0001358,SME000403,RM008,2026-04-26,CALL,CONNECTED,CONTROLLED_SYNTHETIC
I0001359,SME000403,RM008,2025-11-06,BRANCH,FOLLOW_UP,CONTROLLED_SYNTHETIC
I0001360,SME000403,RM008,2025-11-26,SECURE_MESSAGE,CONNECTED,CONTROLLED_SYNTHETIC
I0001361,SME000404,RM007,2026-01-14,BRANCH,NO_RESPONSE,CONTROLLED_SYNTHETIC
I0001362,SME000404,RM007,2026-01-27,SECURE_MESSAGE,CONNECTED,CONTROLLED_SYNTHETIC
I0001363,SME000404,RM007,2026-02-06,BRANCH,FOLLOW_UP,CONTROLLED_SYNTHETIC
I0001364,SME000404,RM007,2026-03-23,SECURE_MESSAGE,NO_RESPONSE,CONTROLLED_SYNTHETIC
I0001365,SME000405,RM030,2025-11-30,SECURE_MESSAGE,FOLLOW_UP,CONTROLLED_SYNTHETIC
I0001366,SME000405,RM030,2025-09-27,BRANCH,FOLLOW_UP,CONTROLLED_SYNTHETIC
I0001367,SME000406,RM031,2026-05-26,CALL,FOLLOW_UP,CONTROLLED_SYNTHETIC
I0001368,SME000406,RM031,2026-03-30,BRANCH,FOLLOW_UP,CONTROLLED_SYNTHETIC
I0001369,SME000407,RM029,2026-05-28,BRANCH,CONNECTED,CONTROLLED_SYNTHETIC
I0001370,SME000408,RM047,2026-02-02,MEETING,CONNECTED,CONTROLLED_SYNTHETIC
I0001371,SME000408,RM047,2025-11-29,BRANCH,FOLLOW_UP,CONTROLLED_SYNTHETIC
I0001372,SME000408,RM047,2026-04-16,BRANCH,NEEDS_REVIEW,CONTROLLED_SYNTHETIC
I0001373,SME000408,RM047,2026-02-17,SECURE_MESSAGE,FOLLOW_UP,CONTROLLED_SYNTHETIC
I0001374,SME000408,RM047,2026-08-02,SECURE_MESSAGE,FOLLOW_UP,CONTROLLED_SYNTHETIC
I0001375,SME000409,RM008,2026-02-08,CALL,CONNECTED,CONTROLLED_SYNTHETIC
I0001376,SME000409,RM008,2026-04-18,MEETING,NEEDS_REVIEW,CONTROLLED_SYNTHETIC
I0001377,SME000409,RM008,2026-07-14,CALL,NO_RESPONSE,CONTROLLED_SYNTHETIC
I0001378,SME000410,RM009,2026-08-09,CALL,NEEDS_REVIEW,CONTROLLED_SYNTHETIC
I0001379,SME000410,RM009,2025-11-17,SECURE_MESSAGE,CONNECTED,CONTROLLED_SYNTHETIC
I0001380,SME000410,RM009,2026-06-11,MEETING,FOLLOW_UP,CONTROLLED_SYNTHETIC
I0001381,SME000411,RM043,2025-10-11,MEETING,CONNECTED,CONTROLLED_SYNTHETIC
I0001382,SME000411,RM043,2026-04-03,SECURE_MESSAGE,NO_RESPONSE,CONTROLLED_SYNTHETIC
I0001383,SME000411,RM043,2026-05-04,CALL,CONNECTED,CONTROLLED_SYNTHETIC
I0001384,SME000411,RM043,2026-03-30,CALL,CONNECTED,CONTROLLED_SYNTHETIC
I0001385,SME000411,RM043,2025-09-19,MEETING,NEEDS_REVIEW,CONTROLLED_SYNTHETIC
I0001386,SME000411,RM043,2026-03-02,BRANCH,NO_RESPONSE,CONTROLLED_SYNTHETIC
I0001387,SME000412,RM047,2025-09-19,SECURE_MESSAGE,NO_RESPONSE,CONTROLLED_SYNTHETIC
I0001388,SME000412,RM047,2025-11-18,CALL,FOLLOW_UP,CONTROLLED_SYNTHETIC
I0001389,SME000412,RM047,2026-07-28,BRANCH,NO_RESPONSE,CONTROLLED_SYNTHETIC
I0001390,SME000412,RM047,2026-07-20,MEETING,CONNECTED,CONTROLLED_SYNTHETIC
I0001391,SME000413,RM004,2026-05-03,CALL,CONNECTED,CONTROLLED_SYNTHETIC
I0001392,SME000413,RM004,2026-03-25,MEETING,FOLLOW_UP,CONTROLLED_SYNTHETIC
I0001393,SME000413,RM004,2025-11-09,MEETING,CONNECTED,CONTROLLED_SYNTHETIC
I0001394,SME000413,RM004,2026-05-16,BRANCH,NO_RESPONSE,CONTROLLED_SYNTHETIC
I0001395,SME000414,RM006,2025-09-30,SECURE_MESSAGE,CONNECTED,CONTROLLED_SYNTHETIC
I0001396,SME000414,RM006,2026-06-08,BRANCH,CONNECTED,CONTROLLED_SYNTHETIC
I0001397,SME000415,RM032,2026-03-15,CALL,CONNECTED,CONTROLLED_SYNTHETIC
I0001398,SME000415,RM032,2025-11-30,CALL,FOLLOW_UP,CONTROLLED_SYNTHETIC
I0001399,SME000415,RM032,2026-04-19,SECURE_MESSAGE,CONNECTED,CONTROLLED_SYNTHETIC
I0001400,SME000415,RM032,2026-08-08,MEETING,CONNECTED,CONTROLLED_SYNTHETIC
I0001401,SME000415,RM032,2026-01-20,CALL,NO_RESPONSE,CONTROLLED_SYNTHETIC
I0001402,SME000416,RM030,2026-02-10,MEETING,NO_RESPONSE,CONTROLLED_SYNTHETIC
I0001403,SME000416,RM030,2026-07-22,SECURE_MESSAGE,NEEDS_REVIEW,CONTROLLED_SYNTHETIC
I0001404,SME000416,RM030,2025-09-15,SECURE_MESSAGE,NEEDS_REVIEW,CONTROLLED_SYNTHETIC
I0001405,SME000417,RM040,2025-11-17,MEETING,CONNECTED,CONTROLLED_SYNTHETIC
I0001406,SME000417,RM040,2025-11-12,BRANCH,CONNECTED,CONTROLLED_SYNTHETIC
I0001407,SME000418,RM037,2026-07-21,MEETING,FOLLOW_UP,CONTROLLED_SYNTHETIC
I0001408,SME000418,RM037,2026-02-03,BRANCH,CONNECTED,CONTROLLED_SYNTHETIC
I0001409,SME000418,RM037,2026-08-16,SECURE_MESSAGE,FOLLOW_UP,CONTROLLED_SYNTHETIC
I0001410,SME000418,RM037,2026-04-22,MEETING,FOLLOW_UP,CONTROLLED_SYNTHETIC
I0001411,SME000419,RM033,2026-07-30,SECURE_MESSAGE,NO_RESPONSE,CONTROLLED_SYNTHETIC
I0001412,SME000419,RM033,2025-12-06,BRANCH,NO_RESPONSE,CONTROLLED_SYNTHETIC
I0001413,SME000419,RM033,2025-11-06,SECURE_MESSAGE,CONNECTED,CONTROLLED_SYNTHETIC
I0001414,SME000419,RM033,2026-01-01,CALL,CONNECTED,CONTROLLED_SYNTHETIC
I0001415,SME000420,RM021,2026-03-05,CALL,NO_RESPONSE,CONTROLLED_SYNTHETIC
I0001416,SME000420,RM021,2026-07-14,BRANCH,CONNECTED,CONTROLLED_SYNTHETIC
I0001417,SME000420,RM021,2026-01-08,MEETING,FOLLOW_UP,CONTROLLED_SYNTHETIC
I0001418,SME000420,RM021,2026-04-23,BRANCH,CONNECTED,CONTROLLED_SYNTHETIC
I0001419,SME000420,RM021,2025-11-14,BRANCH,CONNECTED,CONTROLLED_SYNTHETIC
I0001420,SME000421,RM024,2025-12-29,BRANCH,NO_RESPONSE,CONTROLLED_SYNTHETIC
I0001421,SME000421,RM024,2026-07-21,BRANCH,FOLLOW_UP,CONTROLLED_SYNTHETIC
I0001422,SME000421,RM024,2025-12-21,BRANCH,CONNECTED,CONTROLLED_SYNTHETIC
I0001423,SME000421,RM024,2025-12-30,SECURE_MESSAGE,NO_RESPONSE,CONTROLLED_SYNTHETIC
I0001424,SME000421,RM024,2026-02-14,BRANCH,NO_RESPONSE,CONTROLLED_SYNTHETIC
I0001425,SME000421,RM024,2026-06-20,MEETING,FOLLOW_UP,CONTROLLED_SYNTHETIC
I0001426,SME000422,RM022,2026-06-04,CALL,CONNECTED,CONTROLLED_SYNTHETIC
I0001427,SME000422,RM022,2026-06-03,MEETING,NEEDS_REVIEW,CONTROLLED_SYNTHETIC
I0001428,SME000422,RM022,2026-04-02,BRANCH,CONNECTED,CONTROLLED_SYNTHETIC
I0001429,SME000422,RM022,2025-10-18,CALL,NO_RESPONSE,CONTROLLED_SYNTHETIC
I0001430,SME000422,RM022,2026-02-24,SECURE_MESSAGE,CONNECTED,CONTROLLED_SYNTHETIC
I0001431,SME000422,RM022,2025-09-21,BRANCH,NO_RESPONSE,CONTROLLED_SYNTHETIC
I0001432,SME000423,RM005,2025-11-20,MEETING,NEEDS_REVIEW,CONTROLLED_SYNTHETIC
I0001433,SME000423,RM005,2026-01-07,MEETING,NO_RESPONSE,CONTROLLED_SYNTHETIC
I0001434,SME000423,RM005,2026-06-20,BRANCH,NO_RESPONSE,CONTROLLED_SYNTHETIC
I0001435,SME000423,RM005,2026-05-12,BRANCH,NO_RESPONSE,CONTROLLED_SYNTHETIC
I0001436,SME000424,RM032,2025-08-27,SECURE_MESSAGE,NEEDS_REVIEW,CONTROLLED_SYNTHETIC
I0001437,SME000424,RM032,2026-07-20,CALL,FOLLOW_UP,CONTROLLED_SYNTHETIC
I0001438,SME000424,RM032,2026-06-16,SECURE_MESSAGE,CONNECTED,CONTROLLED_SYNTHETIC
I0001439,SME000424,RM032,2025-11-26,BRANCH,NO_RESPONSE,CONTROLLED_SYNTHETIC
I0001440,SME000425,RM003,2025-12-04,MEETING,CONNECTED,CONTROLLED_SYNTHETIC
I0001441,SME000425,RM003,2026-06-07,MEETING,CONNECTED,CONTROLLED_SYNTHETIC
I0001442,SME000426,RM029,2026-04-22,CALL,FOLLOW_UP,CONTROLLED_SYNTHETIC
I0001443,SME000427,RM029,2025-09-30,MEETING,CONNECTED,CONTROLLED_SYNTHETIC
I0001444,SME000427,RM029,2026-04-02,CALL,CONNECTED,CONTROLLED_SYNTHETIC
I0001445,SME000428,RM002,2026-05-23,CALL,NEEDS_REVIEW,CONTROLLED_SYNTHETIC
I0001446,SME000428,RM002,2026-02-26,CALL,NO_RESPONSE,CONTROLLED_SYNTHETIC
I0001447,SME000428,RM002,2026-05-13,CALL,CONNECTED,CONTROLLED_SYNTHETIC
I0001448,SME000428,RM002,2026-06-16,SECURE_MESSAGE,CONNECTED,CONTROLLED_SYNTHETIC
I0001449,SME000429,RM008,2026-05-27,MEETING,CONNECTED,CONTROLLED_SYNTHETIC
I0001450,SME000429,RM008,2026-04-04,BRANCH,FOLLOW_UP,CONTROLLED_SYNTHETIC
I0001451,SME000429,RM008,2026-06-13,SECURE_MESSAGE,CONNECTED,CONTROLLED_SYNTHETIC
I0001452,SME000429,RM008,2025-09-15,CALL,CONNECTED,CONTROLLED_SYNTHETIC
I0001453,SME000430,RM026,2026-07-31,SECURE_MESSAGE,FOLLOW_UP,CONTROLLED_SYNTHETIC
I0001454,SME000430,RM026,2025-10-20,CALL,NO_RESPONSE,CONTROLLED_SYNTHETIC
I0001455,SME000431,RM029,2025-11-28,CALL,NO_RESPONSE,CONTROLLED_SYNTHETIC
I0001456,SME000432,RM026,2026-05-26,MEETING,NO_RESPONSE,CONTROLLED_SYNTHETIC
I0001457,SME000432,RM026,2025-11-06,CALL,FOLLOW_UP,CONTROLLED_SYNTHETIC
I0001458,SME000432,RM026,2026-03-30,BRANCH,NO_RESPONSE,CONTROLLED_SYNTHETIC
I0001459,SME000432,RM026,2025-11-17,CALL,CONNECTED,CONTROLLED_SYNTHETIC
I0001460,SME000432,RM026,2025-12-08,SECURE_MESSAGE,NO_RESPONSE,CONTROLLED_SYNTHETIC
I0001461,SME000432,RM026,2026-03-10,CALL,FOLLOW_UP,CONTROLLED_SYNTHETIC
I0001462,SME000433,RM020,2026-03-09,MEETING,CONNECTED,CONTROLLED_SYNTHETIC
I0001463,SME000433,RM020,2026-02-02,CALL,CONNECTED,CONTROLLED_SYNTHETIC
I0001464,SME000433,RM020,2026-01-21,CALL,FOLLOW_UP,CONTROLLED_SYNTHETIC
I0001465,SME000433,RM020,2026-04-19,BRANCH,FOLLOW_UP,CONTROLLED_SYNTHETIC
I0001466,SME000433,RM020,2026-02-13,CALL,CONNECTED,CONTROLLED_SYNTHETIC
I0001467,SME000434,RM014,2026-02-04,CALL,NO_RESPONSE,CONTROLLED_SYNTHETIC
I0001468,SME000434,RM014,2026-03-12,MEETING,FOLLOW_UP,CONTROLLED_SYNTHETIC
I0001469,SME000434,RM014,2025-09-17,MEETING,FOLLOW_UP,CONTROLLED_SYNTHETIC
I0001470,SME000434,RM014,2026-03-23,BRANCH,CONNECTED,CONTROLLED_SYNTHETIC
I0001471,SME000434,RM014,2026-06-01,BRANCH,CONNECTED,CONTROLLED_SYNTHETIC
I0001472,SME000435,RM035,2026-03-05,MEETING,CONNECTED,CONTROLLED_SYNTHETIC
I0001473,SME000435,RM035,2026-06-21,BRANCH,NO_RESPONSE,CONTROLLED_SYNTHETIC
I0001474,SME000435,RM035,2026-01-08,MEETING,FOLLOW_UP,CONTROLLED_SYNTHETIC
I0001475,SME000435,RM035,2026-04-28,SECURE_MESSAGE,CONNECTED,CONTROLLED_SYNTHETIC
I0001476,SME000435,RM035,2025-11-18,CALL,NO_RESPONSE,CONTROLLED_SYNTHETIC
I0001477,SME000435,RM035,2026-08-14,BRANCH,NO_RESPONSE,CONTROLLED_SYNTHETIC
I0001478,SME000436,RM010,2025-09-05,BRANCH,NO_RESPONSE,CONTROLLED_SYNTHETIC
I0001479,SME000437,RM010,2026-07-30,CALL,NO_RESPONSE,CONTROLLED_SYNTHETIC
I0001480,SME000437,RM010,2025-12-22,SECURE_MESSAGE,FOLLOW_UP,CONTROLLED_SYNTHETIC
I0001481,SME000437,RM010,2026-07-03,MEETING,NEEDS_REVIEW,CONTROLLED_SYNTHETIC
I0001482,SME000438,RM008,2025-11-17,SECURE_MESSAGE,CONNECTED,CONTROLLED_SYNTHETIC
I0001483,SME000438,RM008,2025-10-09,CALL,CONNECTED,CONTROLLED_SYNTHETIC
I0001484,SME000438,RM008,2026-05-13,MEETING,FOLLOW_UP,CONTROLLED_SYNTHETIC
I0001485,SME000438,RM008,2026-03-06,BRANCH,FOLLOW_UP,CONTROLLED_SYNTHETIC
I0001486,SME000438,RM008,2025-09-30,SECURE_MESSAGE,CONNECTED,CONTROLLED_SYNTHETIC
I0001487,SME000439,RM024,2026-04-02,MEETING,CONNECTED,CONTROLLED_SYNTHETIC
I0001488,SME000439,RM024,2026-07-21,CALL,NO_RESPONSE,CONTROLLED_SYNTHETIC
I0001489,SME000439,RM024,2026-06-22,MEETING,FOLLOW_UP,CONTROLLED_SYNTHETIC
I0001490,SME000439,RM024,2025-09-26,BRANCH,FOLLOW_UP,CONTROLLED_SYNTHETIC
I0001491,SME000439,RM024,2026-06-26,CALL,NO_RESPONSE,CONTROLLED_SYNTHETIC
I0001492,SME000439,RM024,2026-05-20,CALL,FOLLOW_UP,CONTROLLED_SYNTHETIC
I0001493,SME000440,RM013,2026-02-27,MEETING,FOLLOW_UP,CONTROLLED_SYNTHETIC
I0001494,SME000440,RM013,2026-03-27,BRANCH,CONNECTED,CONTROLLED_SYNTHETIC
I0001495,SME000440,RM013,2025-10-14,CALL,FOLLOW_UP,CONTROLLED_SYNTHETIC
I0001496,SME000440,RM013,2026-06-07,BRANCH,CONNECTED,CONTROLLED_SYNTHETIC
I0001497,SME000440,RM013,2025-12-12,CALL,CONNECTED,CONTROLLED_SYNTHETIC
I0001498,SME000440,RM013,2026-06-12,SECURE_MESSAGE,CONNECTED,CONTROLLED_SYNTHETIC
I0001499,SME000441,RM006,2026-03-03,MEETING,NO_RESPONSE,CONTROLLED_SYNTHETIC
I0001500,SME000441,RM006,2025-11-22,CALL,CONNECTED,CONTROLLED_SYNTHETIC
I0001501,SME000442,RM040,2026-06-13,CALL,NEEDS_REVIEW,CONTROLLED_SYNTHETIC
I0001502,SME000442,RM040,2026-07-11,SECURE_MESSAGE,FOLLOW_UP,CONTROLLED_SYNTHETIC
I0001503,SME000442,RM040,2025-11-08,MEETING,FOLLOW_UP,CONTROLLED_SYNTHETIC
I0001504,SME000443,RM020,2025-10-16,MEETING,CONNECTED,CONTROLLED_SYNTHETIC
I0001505,SME000443,RM020,2025-11-18,BRANCH,CONNECTED,CONTROLLED_SYNTHETIC
I0001506,SME000443,RM020,2026-08-14,CALL,CONNECTED,CONTROLLED_SYNTHETIC
I0001507,SME000443,RM020,2026-04-29,BRANCH,NO_RESPONSE,CONTROLLED_SYNTHETIC
I0001508,SME000443,RM020,2026-08-07,CALL,FOLLOW_UP,CONTROLLED_SYNTHETIC
I0001509,SME000443,RM020,2025-12-20,CALL,NO_RESPONSE,CONTROLLED_SYNTHETIC
I0001510,SME000444,RM011,2026-08-14,SECURE_MESSAGE,FOLLOW_UP,CONTROLLED_SYNTHETIC
I0001511,SME000444,RM011,2026-07-13,SECURE_MESSAGE,FOLLOW_UP,CONTROLLED_SYNTHETIC
I0001512,SME000444,RM011,2026-04-02,BRANCH,CONNECTED,CONTROLLED_SYNTHETIC
I0001513,SME000444,RM011,2026-05-30,BRANCH,CONNECTED,CONTROLLED_SYNTHETIC
I0001514,SME000444,RM011,2026-05-01,CALL,FOLLOW_UP,CONTROLLED_SYNTHETIC
I0001515,SME000444,RM011,2026-04-05,CALL,CONNECTED,CONTROLLED_SYNTHETIC
I0001516,SME000445,RM036,2026-06-28,CALL,CONNECTED,CONTROLLED_SYNTHETIC
I0001517,SME000446,RM006,2026-04-11,MEETING,FOLLOW_UP,CONTROLLED_SYNTHETIC
I0001518,SME000446,RM006,2026-02-23,CALL,FOLLOW_UP,CONTROLLED_SYNTHETIC
I0001519,SME000446,RM006,2026-04-07,SECURE_MESSAGE,CONNECTED,CONTROLLED_SYNTHETIC
I0001520,SME000446,RM006,2026-01-17,CALL,CONNECTED,CONTROLLED_SYNTHETIC
I0001521,SME000447,RM012,2026-06-01,SECURE_MESSAGE,CONNECTED,CONTROLLED_SYNTHETIC
I0001522,SME000447,RM012,2026-08-05,SECURE_MESSAGE,NEEDS_REVIEW,CONTROLLED_SYNTHETIC
I0001523,SME000447,RM012,2026-01-22,MEETING,CONNECTED,CONTROLLED_SYNTHETIC
I0001524,SME000448,RM007,2026-06-19,CALL,FOLLOW_UP,CONTROLLED_SYNTHETIC
I0001525,SME000448,RM007,2026-07-01,BRANCH,NEEDS_REVIEW,CONTROLLED_SYNTHETIC
I0001526,SME000448,RM007,2025-11-12,MEETING,NO_RESPONSE,CONTROLLED_SYNTHETIC
I0001527,SME000449,RM023,2026-01-14,BRANCH,FOLLOW_UP,CONTROLLED_SYNTHETIC
I0001528,SME000449,RM023,2025-09-16,MEETING,FOLLOW_UP,CONTROLLED_SYNTHETIC
I0001529,SME000449,RM023,2026-02-16,BRANCH,NEEDS_REVIEW,CONTROLLED_SYNTHETIC
I0001530,SME000449,RM023,2026-06-19,MEETING,CONNECTED,CONTROLLED_SYNTHETIC
I0001531,SME000450,RM047,2025-11-14,BRANCH,NO_RESPONSE,CONTROLLED_SYNTHETIC
I0001532,SME000450,RM047,2026-03-10,SECURE_MESSAGE,CONNECTED,CONTROLLED_SYNTHETIC
I0001533,SME000450,RM047,2026-06-12,MEETING,CONNECTED,CONTROLLED_SYNTHETIC
I0001534,SME000450,RM047,2026-04-04,BRANCH,FOLLOW_UP,CONTROLLED_SYNTHETIC
I0001535,SME000450,RM047,2026-07-16,MEETING,FOLLOW_UP,CONTROLLED_SYNTHETIC
I0001536,SME000450,RM047,2025-11-02,MEETING,CONNECTED,CONTROLLED_SYNTHETIC
I0001537,SME000451,RM036,2025-12-15,MEETING,FOLLOW_UP,CONTROLLED_SYNTHETIC
I0001538,SME000451,RM036,2025-09-27,BRANCH,NEEDS_REVIEW,CONTROLLED_SYNTHETIC
I0001539,SME000451,RM036,2026-03-29,SECURE_MESSAGE,FOLLOW_UP,CONTROLLED_SYNTHETIC
I0001540,SME000451,RM036,2026-07-07,SECURE_MESSAGE,FOLLOW_UP,CONTROLLED_SYNTHETIC
I0001541,SME000451,RM036,2025-09-21,BRANCH,CONNECTED,CONTROLLED_SYNTHETIC
I0001542,SME000451,RM036,2025-12-22,SECURE_MESSAGE,CONNECTED,CONTROLLED_SYNTHETIC
I0001543,SME000452,RM018,2025-09-15,CALL,NEEDS_REVIEW,CONTROLLED_SYNTHETIC
I0001544,SME000452,RM018,2025-12-05,CALL,CONNECTED,CONTROLLED_SYNTHETIC
I0001545,SME000452,RM018,2026-07-14,BRANCH,CONNECTED,CONTROLLED_SYNTHETIC
I0001546,SME000452,RM018,2026-08-08,SECURE_MESSAGE,FOLLOW_UP,CONTROLLED_SYNTHETIC
I0001547,SME000453,RM032,2026-07-07,CALL,NO_RESPONSE,CONTROLLED_SYNTHETIC
I0001548,SME000453,RM032,2026-07-30,SECURE_MESSAGE,CONNECTED,CONTROLLED_SYNTHETIC
I0001549,SME000453,RM032,2025-11-18,BRANCH,NO_RESPONSE,CONTROLLED_SYNTHETIC
I0001550,SME000453,RM032,2025-09-06,CALL,NEEDS_REVIEW,CONTROLLED_SYNTHETIC
I0001551,SME000453,RM032,2026-04-23,MEETING,NO_RESPONSE,CONTROLLED_SYNTHETIC
I0001552,SME000454,RM004,2026-06-05,CALL,CONNECTED,CONTROLLED_SYNTHETIC
I0001553,SME000454,RM004,2026-01-25,SECURE_MESSAGE,CONNECTED,CONTROLLED_SYNTHETIC
I0001554,SME000454,RM004,2025-12-15,SECURE_MESSAGE,NEEDS_REVIEW,CONTROLLED_SYNTHETIC
I0001555,SME000454,RM004,2026-06-20,SECURE_MESSAGE,FOLLOW_UP,CONTROLLED_SYNTHETIC
I0001556,SME000455,RM013,2025-10-14,SECURE_MESSAGE,FOLLOW_UP,CONTROLLED_SYNTHETIC
I0001557,SME000456,RM040,2025-09-29,MEETING,NO_RESPONSE,CONTROLLED_SYNTHETIC
I0001558,SME000456,RM040,2026-02-09,CALL,CONNECTED,CONTROLLED_SYNTHETIC
I0001559,SME000456,RM040,2026-05-30,MEETING,NEEDS_REVIEW,CONTROLLED_SYNTHETIC
I0001560,SME000456,RM040,2026-04-09,BRANCH,FOLLOW_UP,CONTROLLED_SYNTHETIC
I0001561,SME000456,RM040,2026-08-10,MEETING,FOLLOW_UP,CONTROLLED_SYNTHETIC
I0001562,SME000457,RM028,2026-05-14,SECURE_MESSAGE,CONNECTED,CONTROLLED_SYNTHETIC
I0001563,SME000457,RM028,2025-12-17,MEETING,FOLLOW_UP,CONTROLLED_SYNTHETIC
I0001564,SME000457,RM028,2025-10-14,MEETING,CONNECTED,CONTROLLED_SYNTHETIC
I0001565,SME000457,RM028,2025-11-02,BRANCH,CONNECTED,CONTROLLED_SYNTHETIC
I0001566,SME000457,RM028,2026-08-10,CALL,FOLLOW_UP,CONTROLLED_SYNTHETIC
I0001567,SME000457,RM028,2025-10-21,BRANCH,CONNECTED,CONTROLLED_SYNTHETIC
I0001568,SME000458,RM030,2026-05-26,MEETING,NO_RESPONSE,CONTROLLED_SYNTHETIC
I0001569,SME000458,RM030,2025-11-22,CALL,NEEDS_REVIEW,CONTROLLED_SYNTHETIC
I0001570,SME000458,RM030,2026-02-02,CALL,CONNECTED,CONTROLLED_SYNTHETIC
I0001571,SME000458,RM030,2026-07-10,SECURE_MESSAGE,CONNECTED,CONTROLLED_SYNTHETIC
I0001572,SME000459,RM023,2026-06-21,CALL,NO_RESPONSE,CONTROLLED_SYNTHETIC
I0001573,SME000459,RM023,2026-02-26,MEETING,CONNECTED,CONTROLLED_SYNTHETIC
I0001574,SME000459,RM023,2026-02-25,CALL,FOLLOW_UP,CONTROLLED_SYNTHETIC
I0001575,SME000459,RM023,2026-04-21,CALL,NO_RESPONSE,CONTROLLED_SYNTHETIC
I0001576,SME000459,RM023,2026-06-27,CALL,CONNECTED,CONTROLLED_SYNTHETIC
I0001577,SME000460,RM002,2025-11-03,MEETING,CONNECTED,CONTROLLED_SYNTHETIC
I0001578,SME000461,RM010,2025-09-02,MEETING,NO_RESPONSE,CONTROLLED_SYNTHETIC
I0001579,SME000461,RM010,2025-11-08,MEETING,CONNECTED,CONTROLLED_SYNTHETIC
I0001580,SME000461,RM010,2025-10-04,BRANCH,CONNECTED,CONTROLLED_SYNTHETIC
I0001581,SME000461,RM010,2025-09-21,MEETING,FOLLOW_UP,CONTROLLED_SYNTHETIC
I0001582,SME000461,RM010,2026-07-25,SECURE_MESSAGE,NEEDS_REVIEW,CONTROLLED_SYNTHETIC
I0001583,SME000462,RM033,2025-11-24,MEETING,NO_RESPONSE,CONTROLLED_SYNTHETIC
I0001584,SME000462,RM033,2026-01-31,MEETING,CONNECTED,CONTROLLED_SYNTHETIC
I0001585,SME000462,RM033,2025-10-04,SECURE_MESSAGE,CONNECTED,CONTROLLED_SYNTHETIC
I0001586,SME000463,RM025,2026-02-14,CALL,FOLLOW_UP,CONTROLLED_SYNTHETIC
I0001587,SME000463,RM025,2026-01-30,BRANCH,FOLLOW_UP,CONTROLLED_SYNTHETIC
I0001588,SME000463,RM025,2025-08-23,BRANCH,CONNECTED,CONTROLLED_SYNTHETIC
I0001589,SME000463,RM025,2026-01-27,CALL,CONNECTED,CONTROLLED_SYNTHETIC
I0001590,SME000463,RM025,2025-11-15,BRANCH,NO_RESPONSE,CONTROLLED_SYNTHETIC
I0001591,SME000463,RM025,2025-10-09,SECURE_MESSAGE,CONNECTED,CONTROLLED_SYNTHETIC
I0001592,SME000464,RM029,2025-10-29,SECURE_MESSAGE,NEEDS_REVIEW,CONTROLLED_SYNTHETIC
I0001593,SME000465,RM033,2026-04-21,BRANCH,NO_RESPONSE,CONTROLLED_SYNTHETIC
I0001594,SME000465,RM033,2026-07-17,SECURE_MESSAGE,NO_RESPONSE,CONTROLLED_SYNTHETIC
I0001595,SME000465,RM033,2025-10-28,BRANCH,CONNECTED,CONTROLLED_SYNTHETIC
I0001596,SME000465,RM033,2026-02-11,CALL,FOLLOW_UP,CONTROLLED_SYNTHETIC
I0001597,SME000465,RM033,2025-11-06,CALL,FOLLOW_UP,CONTROLLED_SYNTHETIC
I0001598,SME000466,RM007,2025-12-09,SECURE_MESSAGE,CONNECTED,CONTROLLED_SYNTHETIC
I0001599,SME000466,RM007,2026-08-05,MEETING,CONNECTED,CONTROLLED_SYNTHETIC
I0001600,SME000466,RM007,2026-02-02,SECURE_MESSAGE,CONNECTED,CONTROLLED_SYNTHETIC
I0001601,SME000466,RM007,2026-02-03,SECURE_MESSAGE,FOLLOW_UP,CONTROLLED_SYNTHETIC
I0001602,SME000466,RM007,2026-04-19,BRANCH,CONNECTED,CONTROLLED_SYNTHETIC
I0001603,SME000467,RM019,2025-12-11,MEETING,FOLLOW_UP,CONTROLLED_SYNTHETIC
I0001604,SME000467,RM019,2025-11-20,MEETING,FOLLOW_UP,CONTROLLED_SYNTHETIC
I0001605,SME000467,RM019,2025-09-24,CALL,NO_RESPONSE,CONTROLLED_SYNTHETIC
I0001606,SME000467,RM019,2025-12-01,BRANCH,CONNECTED,CONTROLLED_SYNTHETIC
I0001607,SME000468,RM016,2025-12-15,SECURE_MESSAGE,FOLLOW_UP,CONTROLLED_SYNTHETIC
I0001608,SME000468,RM016,2026-02-10,BRANCH,FOLLOW_UP,CONTROLLED_SYNTHETIC
I0001609,SME000469,RM041,2026-03-14,MEETING,CONNECTED,CONTROLLED_SYNTHETIC
I0001610,SME000469,RM041,2026-08-01,SECURE_MESSAGE,CONNECTED,CONTROLLED_SYNTHETIC
I0001611,SME000469,RM041,2026-06-03,MEETING,CONNECTED,CONTROLLED_SYNTHETIC
I0001612,SME000469,RM041,2026-01-17,CALL,CONNECTED,CONTROLLED_SYNTHETIC
I0001613,SME000469,RM041,2026-03-09,BRANCH,NO_RESPONSE,CONTROLLED_SYNTHETIC
I0001614,SME000469,RM041,2026-03-09,MEETING,NO_RESPONSE,CONTROLLED_SYNTHETIC
I0001615,SME000470,RM002,2026-03-25,SECURE_MESSAGE,FOLLOW_UP,CONTROLLED_SYNTHETIC
I0001616,SME000470,RM002,2026-05-24,SECURE_MESSAGE,CONNECTED,CONTROLLED_SYNTHETIC
I0001617,SME000470,RM002,2026-03-22,CALL,NO_RESPONSE,CONTROLLED_SYNTHETIC
I0001618,SME000471,RM008,2026-02-02,MEETING,NO_RESPONSE,CONTROLLED_SYNTHETIC
I0001619,SME000471,RM008,2025-12-27,BRANCH,NO_RESPONSE,CONTROLLED_SYNTHETIC
I0001620,SME000471,RM008,2026-04-28,BRANCH,CONNECTED,CONTROLLED_SYNTHETIC
I0001621,SME000471,RM008,2026-01-31,MEETING,CONNECTED,CONTROLLED_SYNTHETIC
I0001622,SME000471,RM008,2025-12-18,MEETING,FOLLOW_UP,CONTROLLED_SYNTHETIC
I0001623,SME000472,RM015,2026-06-29,SECURE_MESSAGE,CONNECTED,CONTROLLED_SYNTHETIC
I0001624,SME000472,RM015,2026-01-07,BRANCH,CONNECTED,CONTROLLED_SYNTHETIC
I0001625,SME000472,RM015,2026-05-09,CALL,CONNECTED,CONTROLLED_SYNTHETIC
I0001626,SME000472,RM015,2026-01-25,SECURE_MESSAGE,CONNECTED,CONTROLLED_SYNTHETIC
I0001627,SME000472,RM015,2026-07-08,CALL,CONNECTED,CONTROLLED_SYNTHETIC
I0001628,SME000473,RM048,2026-05-05,SECURE_MESSAGE,FOLLOW_UP,CONTROLLED_SYNTHETIC
I0001629,SME000473,RM048,2025-10-25,SECURE_MESSAGE,NEEDS_REVIEW,CONTROLLED_SYNTHETIC
I0001630,SME000473,RM048,2026-05-20,SECURE_MESSAGE,NO_RESPONSE,CONTROLLED_SYNTHETIC
I0001631,SME000473,RM048,2025-12-01,SECURE_MESSAGE,FOLLOW_UP,CONTROLLED_SYNTHETIC
I0001632,SME000474,RM015,2026-07-16,MEETING,NO_RESPONSE,CONTROLLED_SYNTHETIC
I0001633,SME000474,RM015,2026-02-05,MEETING,NO_RESPONSE,CONTROLLED_SYNTHETIC
I0001634,SME000474,RM015,2025-10-07,BRANCH,NEEDS_REVIEW,CONTROLLED_SYNTHETIC
I0001635,SME000474,RM015,2025-11-25,SECURE_MESSAGE,CONNECTED,CONTROLLED_SYNTHETIC
I0001636,SME000474,RM015,2025-10-15,MEETING,NO_RESPONSE,CONTROLLED_SYNTHETIC
I0001637,SME000475,RM028,2026-04-03,CALL,CONNECTED,CONTROLLED_SYNTHETIC
I0001638,SME000475,RM028,2026-07-20,BRANCH,NO_RESPONSE,CONTROLLED_SYNTHETIC
I0001639,SME000476,RM009,2025-10-05,MEETING,CONNECTED,CONTROLLED_SYNTHETIC
I0001640,SME000476,RM009,2025-11-30,MEETING,CONNECTED,CONTROLLED_SYNTHETIC
I0001641,SME000476,RM009,2026-02-18,CALL,FOLLOW_UP,CONTROLLED_SYNTHETIC
I0001642,SME000476,RM009,2026-03-25,CALL,CONNECTED,CONTROLLED_SYNTHETIC
I0001643,SME000476,RM009,2026-07-27,CALL,CONNECTED,CONTROLLED_SYNTHETIC
I0001644,SME000476,RM009,2025-11-21,BRANCH,FOLLOW_UP,CONTROLLED_SYNTHETIC
I0001645,SME000477,RM006,2026-05-21,CALL,CONNECTED,CONTROLLED_SYNTHETIC
I0001646,SME000477,RM006,2025-10-12,SECURE_MESSAGE,CONNECTED,CONTROLLED_SYNTHETIC
I0001647,SME000477,RM006,2025-09-06,BRANCH,NO_RESPONSE,CONTROLLED_SYNTHETIC
I0001648,SME000478,RM016,2026-02-03,SECURE_MESSAGE,NEEDS_REVIEW,CONTROLLED_SYNTHETIC
I0001649,SME000478,RM016,2026-05-31,SECURE_MESSAGE,CONNECTED,CONTROLLED_SYNTHETIC
I0001650,SME000478,RM016,2025-12-26,SECURE_MESSAGE,CONNECTED,CONTROLLED_SYNTHETIC
I0001651,SME000478,RM016,2026-01-12,BRANCH,CONNECTED,CONTROLLED_SYNTHETIC
I0001652,SME000478,RM016,2025-09-08,CALL,FOLLOW_UP,CONTROLLED_SYNTHETIC
I0001653,SME000478,RM016,2026-05-31,MEETING,NO_RESPONSE,CONTROLLED_SYNTHETIC
I0001654,SME000479,RM007,2026-03-06,BRANCH,NEEDS_REVIEW,CONTROLLED_SYNTHETIC
I0001655,SME000479,RM007,2026-07-17,BRANCH,NO_RESPONSE,CONTROLLED_SYNTHETIC
I0001656,SME000479,RM007,2026-02-09,SECURE_MESSAGE,CONNECTED,CONTROLLED_SYNTHETIC
I0001657,SME000480,RM035,2026-04-28,BRANCH,NO_RESPONSE,CONTROLLED_SYNTHETIC
I0001658,SME000480,RM035,2026-05-23,SECURE_MESSAGE,FOLLOW_UP,CONTROLLED_SYNTHETIC
I0001659,SME000480,RM035,2026-05-08,MEETING,NO_RESPONSE,CONTROLLED_SYNTHETIC
I0001660,SME000480,RM035,2026-01-11,SECURE_MESSAGE,CONNECTED,CONTROLLED_SYNTHETIC
I0001661,SME000481,RM009,2026-07-21,MEETING,FOLLOW_UP,CONTROLLED_SYNTHETIC
I0001662,SME000481,RM009,2025-12-20,MEETING,FOLLOW_UP,CONTROLLED_SYNTHETIC
I0001663,SME000481,RM009,2026-03-09,CALL,FOLLOW_UP,CONTROLLED_SYNTHETIC
I0001664,SME000481,RM009,2026-06-16,MEETING,CONNECTED,CONTROLLED_SYNTHETIC
I0001665,SME000482,RM035,2026-03-22,CALL,CONNECTED,CONTROLLED_SYNTHETIC
I0001666,SME000482,RM035,2026-03-17,MEETING,NEEDS_REVIEW,CONTROLLED_SYNTHETIC
I0001667,SME000482,RM035,2025-09-06,CALL,CONNECTED,CONTROLLED_SYNTHETIC
I0001668,SME000482,RM035,2026-02-09,CALL,NEEDS_REVIEW,CONTROLLED_SYNTHETIC
I0001669,SME000482,RM035,2025-11-22,MEETING,CONNECTED,CONTROLLED_SYNTHETIC
I0001670,SME000482,RM035,2025-12-02,BRANCH,CONNECTED,CONTROLLED_SYNTHETIC
I0001671,SME000483,RM022,2025-12-26,BRANCH,NO_RESPONSE,CONTROLLED_SYNTHETIC
I0001672,SME000483,RM022,2026-07-05,SECURE_MESSAGE,CONNECTED,CONTROLLED_SYNTHETIC
I0001673,SME000484,RM004,2025-11-04,SECURE_MESSAGE,FOLLOW_UP,CONTROLLED_SYNTHETIC
I0001674,SME000484,RM004,2026-03-02,SECURE_MESSAGE,CONNECTED,CONTROLLED_SYNTHETIC
I0001675,SME000484,RM004,2025-10-13,CALL,NO_RESPONSE,CONTROLLED_SYNTHETIC
I0001676,SME000485,RM034,2025-10-17,CALL,NEEDS_REVIEW,CONTROLLED_SYNTHETIC
I0001677,SME000486,RM042,2025-11-15,MEETING,NEEDS_REVIEW,CONTROLLED_SYNTHETIC
I0001678,SME000486,RM042,2026-06-24,SECURE_MESSAGE,CONNECTED,CONTROLLED_SYNTHETIC
I0001679,SME000487,RM016,2026-02-13,CALL,CONNECTED,CONTROLLED_SYNTHETIC
I0001680,SME000487,RM016,2026-03-10,CALL,CONNECTED,CONTROLLED_SYNTHETIC
I0001681,SME000487,RM016,2026-02-16,CALL,CONNECTED,CONTROLLED_SYNTHETIC
I0001682,SME000487,RM016,2026-01-04,CALL,NO_RESPONSE,CONTROLLED_SYNTHETIC
I0001683,SME000487,RM016,2026-07-23,SECURE_MESSAGE,CONNECTED,CONTROLLED_SYNTHETIC
I0001684,SME000488,RM011,2026-07-11,CALL,CONNECTED,CONTROLLED_SYNTHETIC
I0001685,SME000489,RM009,2025-12-07,BRANCH,FOLLOW_UP,CONTROLLED_SYNTHETIC
I0001686,SME000489,RM009,2025-09-08,CALL,CONNECTED,CONTROLLED_SYNTHETIC
I0001687,SME000489,RM009,2026-07-23,CALL,CONNECTED,CONTROLLED_SYNTHETIC
I0001688,SME000489,RM009,2026-08-12,SECURE_MESSAGE,NO_RESPONSE,CONTROLLED_SYNTHETIC
I0001689,SME000489,RM009,2026-05-24,CALL,CONNECTED,CONTROLLED_SYNTHETIC
I0001690,SME000489,RM009,2025-10-18,CALL,CONNECTED,CONTROLLED_SYNTHETIC
I0001691,SME000490,RM035,2025-10-15,CALL,CONNECTED,CONTROLLED_SYNTHETIC
I0001692,SME000490,RM035,2026-04-11,BRANCH,CONNECTED,CONTROLLED_SYNTHETIC
I0001693,SME000490,RM035,2026-02-19,SECURE_MESSAGE,NO_RESPONSE,CONTROLLED_SYNTHETIC
I0001694,SME000491,RM010,2026-04-14,SECURE_MESSAGE,CONNECTED,CONTROLLED_SYNTHETIC
I0001695,SME000491,RM010,2026-05-15,SECURE_MESSAGE,CONNECTED,CONTROLLED_SYNTHETIC
I0001696,SME000491,RM010,2026-05-24,SECURE_MESSAGE,FOLLOW_UP,CONTROLLED_SYNTHETIC
I0001697,SME000492,RM006,2025-11-23,CALL,FOLLOW_UP,CONTROLLED_SYNTHETIC
I0001698,SME000492,RM006,2025-12-30,MEETING,FOLLOW_UP,CONTROLLED_SYNTHETIC
I0001699,SME000493,RM037,2026-07-28,SECURE_MESSAGE,NO_RESPONSE,CONTROLLED_SYNTHETIC
I0001700,SME000493,RM037,2026-04-14,CALL,CONNECTED,CONTROLLED_SYNTHETIC
I0001701,SME000493,RM037,2025-10-26,CALL,NO_RESPONSE,CONTROLLED_SYNTHETIC
I0001702,SME000493,RM037,2026-06-30,BRANCH,NO_RESPONSE,CONTROLLED_SYNTHETIC
I0001703,SME000494,RM028,2025-09-20,BRANCH,FOLLOW_UP,CONTROLLED_SYNTHETIC
I0001704,SME000494,RM028,2025-08-28,CALL,CONNECTED,CONTROLLED_SYNTHETIC
I0001705,SME000494,RM028,2026-01-11,MEETING,CONNECTED,CONTROLLED_SYNTHETIC
I0001706,SME000494,RM028,2025-09-23,MEETING,NEEDS_REVIEW,CONTROLLED_SYNTHETIC
I0001707,SME000495,RM036,2025-10-07,SECURE_MESSAGE,CONNECTED,CONTROLLED_SYNTHETIC
I0001708,SME000495,RM036,2025-12-23,MEETING,NO_RESPONSE,CONTROLLED_SYNTHETIC
I0001709,SME000496,RM036,2026-05-10,CALL,NO_RESPONSE,CONTROLLED_SYNTHETIC
I0001710,SME000496,RM036,2026-02-23,CALL,NEEDS_REVIEW,CONTROLLED_SYNTHETIC
I0001711,SME000496,RM036,2026-07-26,MEETING,FOLLOW_UP,CONTROLLED_SYNTHETIC
I0001712,SME000497,RM025,2025-11-11,BRANCH,FOLLOW_UP,CONTROLLED_SYNTHETIC
I0001713,SME000497,RM025,2026-05-08,SECURE_MESSAGE,NEEDS_REVIEW,CONTROLLED_SYNTHETIC
I0001714,SME000497,RM025,2025-11-13,MEETING,CONNECTED,CONTROLLED_SYNTHETIC
I0001715,SME000498,RM012,2025-12-22,MEETING,CONNECTED,CONTROLLED_SYNTHETIC
I0001716,SME000499,RM003,2026-01-03,CALL,CONNECTED,CONTROLLED_SYNTHETIC
I0001717,SME000499,RM003,2025-09-25,MEETING,NO_RESPONSE,CONTROLLED_SYNTHETIC
I0001718,SME000499,RM003,2026-04-05,MEETING,NO_RESPONSE,CONTROLLED_SYNTHETIC
I0001719,SME000500,RM015,2025-12-30,SECURE_MESSAGE,FOLLOW_UP,CONTROLLED_SYNTHETIC
I0001720,SME000500,RM015,2026-02-14,CALL,CONNECTED,CONTROLLED_SYNTHETIC
I0001721,SME000500,RM015,2026-02-13,CALL,CONNECTED,CONTROLLED_SYNTHETIC
I0001722,SME000500,RM015,2026-04-24,SECURE_MESSAGE,NO_RESPONSE,CONTROLLED_SYNTHETIC
I0001723,SME000500,RM015,2026-08-11,SECURE_MESSAGE,CONNECTED,CONTROLLED_SYNTHETIC
I0001724,SME000500,RM015,2026-06-28,BRANCH,NO_RESPONSE,CONTROLLED_SYNTHETIC
I0001725,SME000501,RM021,2026-05-27,SECURE_MESSAGE,NO_RESPONSE,CONTROLLED_SYNTHETIC
I0001726,SME000501,RM021,2025-10-30,CALL,FOLLOW_UP,CONTROLLED_SYNTHETIC
I0001727,SME000501,RM021,2026-02-13,CALL,NEEDS_REVIEW,CONTROLLED_SYNTHETIC
I0001728,SME000501,RM021,2026-06-26,MEETING,CONNECTED,CONTROLLED_SYNTHETIC
I0001729,SME000501,RM021,2026-07-13,CALL,NO_RESPONSE,CONTROLLED_SYNTHETIC
I0001730,SME000501,RM021,2025-11-24,BRANCH,CONNECTED,CONTROLLED_SYNTHETIC
I0001731,SME000502,RM041,2025-09-30,BRANCH,NO_RESPONSE,CONTROLLED_SYNTHETIC
I0001732,SME000502,RM041,2026-05-29,MEETING,NO_RESPONSE,CONTROLLED_SYNTHETIC
I0001733,SME000502,RM041,2026-04-03,MEETING,CONNECTED,CONTROLLED_SYNTHETIC
I0001734,SME000502,RM041,2025-11-28,SECURE_MESSAGE,CONNECTED,CONTROLLED_SYNTHETIC
I0001735,SME000502,RM041,2025-11-08,SECURE_MESSAGE,FOLLOW_UP,CONTROLLED_SYNTHETIC
I0001736,SME000503,RM019,2026-06-12,CALL,CONNECTED,CONTROLLED_SYNTHETIC
I0001737,SME000503,RM019,2026-02-09,MEETING,FOLLOW_UP,CONTROLLED_SYNTHETIC
I0001738,SME000503,RM019,2025-09-17,SECURE_MESSAGE,NO_RESPONSE,CONTROLLED_SYNTHETIC
I0001739,SME000504,RM007,2025-08-31,SECURE_MESSAGE,CONNECTED,CONTROLLED_SYNTHETIC
I0001740,SME000505,RM002,2026-06-02,CALL,CONNECTED,CONTROLLED_SYNTHETIC
I0001741,SME000505,RM002,2026-03-05,SECURE_MESSAGE,FOLLOW_UP,CONTROLLED_SYNTHETIC
I0001742,SME000505,RM002,2026-04-19,MEETING,NO_RESPONSE,CONTROLLED_SYNTHETIC
I0001743,SME000505,RM002,2025-11-16,BRANCH,FOLLOW_UP,CONTROLLED_SYNTHETIC
I0001744,SME000505,RM002,2025-09-08,SECURE_MESSAGE,CONNECTED,CONTROLLED_SYNTHETIC
I0001745,SME000505,RM002,2026-05-20,MEETING,FOLLOW_UP,CONTROLLED_SYNTHETIC
I0001746,SME000506,RM024,2025-11-08,MEETING,NO_RESPONSE,CONTROLLED_SYNTHETIC
I0001747,SME000506,RM024,2026-05-08,SECURE_MESSAGE,CONNECTED,CONTROLLED_SYNTHETIC
I0001748,SME000507,RM043,2025-09-28,MEETING,CONNECTED,CONTROLLED_SYNTHETIC
I0001749,SME000507,RM043,2025-10-07,CALL,CONNECTED,CONTROLLED_SYNTHETIC
I0001750,SME000507,RM043,2026-07-31,CALL,FOLLOW_UP,CONTROLLED_SYNTHETIC
I0001751,SME000508,RM014,2026-06-14,MEETING,NO_RESPONSE,CONTROLLED_SYNTHETIC
I0001752,SME000508,RM014,2026-06-10,MEETING,NO_RESPONSE,CONTROLLED_SYNTHETIC
I0001753,SME000508,RM014,2025-10-25,CALL,NO_RESPONSE,CONTROLLED_SYNTHETIC
I0001754,SME000508,RM014,2025-12-27,CALL,FOLLOW_UP,CONTROLLED_SYNTHETIC
I0001755,SME000508,RM014,2025-11-26,CALL,CONNECTED,CONTROLLED_SYNTHETIC
I0001756,SME000508,RM014,2025-09-11,SECURE_MESSAGE,CONNECTED,CONTROLLED_SYNTHETIC
I0001757,SME000509,RM015,2026-01-20,MEETING,NO_RESPONSE,CONTROLLED_SYNTHETIC
I0001758,SME000509,RM015,2026-06-15,CALL,NEEDS_REVIEW,CONTROLLED_SYNTHETIC
I0001759,SME000509,RM015,2026-05-02,SECURE_MESSAGE,NO_RESPONSE,CONTROLLED_SYNTHETIC
I0001760,SME000509,RM015,2026-07-10,SECURE_MESSAGE,CONNECTED,CONTROLLED_SYNTHETIC
I0001761,SME000510,RM031,2026-01-22,MEETING,NO_RESPONSE,CONTROLLED_SYNTHETIC
I0001762,SME000511,RM010,2026-06-02,BRANCH,FOLLOW_UP,CONTROLLED_SYNTHETIC
I0001763,SME000511,RM010,2025-10-20,MEETING,CONNECTED,CONTROLLED_SYNTHETIC
I0001764,SME000512,RM024,2025-12-29,CALL,CONNECTED,CONTROLLED_SYNTHETIC
I0001765,SME000513,RM002,2025-09-17,SECURE_MESSAGE,NO_RESPONSE,CONTROLLED_SYNTHETIC
I0001766,SME000513,RM002,2025-08-28,SECURE_MESSAGE,NEEDS_REVIEW,CONTROLLED_SYNTHETIC
I0001767,SME000513,RM002,2026-06-17,MEETING,FOLLOW_UP,CONTROLLED_SYNTHETIC
I0001768,SME000514,RM009,2026-02-06,BRANCH,FOLLOW_UP,CONTROLLED_SYNTHETIC
I0001769,SME000514,RM009,2026-03-24,BRANCH,CONNECTED,CONTROLLED_SYNTHETIC
I0001770,SME000514,RM009,2026-02-01,MEETING,FOLLOW_UP,CONTROLLED_SYNTHETIC
I0001771,SME000514,RM009,2026-03-10,CALL,CONNECTED,CONTROLLED_SYNTHETIC
I0001772,SME000515,RM016,2026-06-13,MEETING,FOLLOW_UP,CONTROLLED_SYNTHETIC
I0001773,SME000515,RM016,2026-03-11,CALL,CONNECTED,CONTROLLED_SYNTHETIC
I0001774,SME000515,RM016,2025-11-11,BRANCH,FOLLOW_UP,CONTROLLED_SYNTHETIC
I0001775,SME000515,RM016,2026-07-02,CALL,CONNECTED,CONTROLLED_SYNTHETIC
I0001776,SME000515,RM016,2026-01-11,MEETING,FOLLOW_UP,CONTROLLED_SYNTHETIC
I0001777,SME000516,RM040,2026-07-14,CALL,CONNECTED,CONTROLLED_SYNTHETIC
I0001778,SME000517,RM009,2025-10-19,MEETING,CONNECTED,CONTROLLED_SYNTHETIC
I0001779,SME000518,RM027,2025-10-12,CALL,FOLLOW_UP,CONTROLLED_SYNTHETIC
I0001780,SME000519,RM045,2026-03-28,MEETING,CONNECTED,CONTROLLED_SYNTHETIC
I0001781,SME000519,RM045,2026-08-19,BRANCH,FOLLOW_UP,CONTROLLED_SYNTHETIC
I0001782,SME000520,RM029,2025-10-26,BRANCH,FOLLOW_UP,CONTROLLED_SYNTHETIC
I0001783,SME000520,RM029,2026-04-13,CALL,CONNECTED,CONTROLLED_SYNTHETIC
I0001784,SME000521,RM011,2025-08-24,CALL,CONNECTED,CONTROLLED_SYNTHETIC
I0001785,SME000521,RM011,2026-05-10,MEETING,FOLLOW_UP,CONTROLLED_SYNTHETIC
I0001786,SME000521,RM011,2026-01-29,BRANCH,FOLLOW_UP,CONTROLLED_SYNTHETIC
I0001787,SME000521,RM011,2026-07-27,BRANCH,FOLLOW_UP,CONTROLLED_SYNTHETIC
I0001788,SME000522,RM003,2026-02-28,MEETING,CONNECTED,CONTROLLED_SYNTHETIC
I0001789,SME000523,RM003,2025-08-22,MEETING,CONNECTED,CONTROLLED_SYNTHETIC
I0001790,SME000523,RM003,2026-04-05,MEETING,CONNECTED,CONTROLLED_SYNTHETIC
I0001791,SME000523,RM003,2026-08-17,SECURE_MESSAGE,FOLLOW_UP,CONTROLLED_SYNTHETIC
I0001792,SME000523,RM003,2025-10-31,BRANCH,CONNECTED,CONTROLLED_SYNTHETIC
I0001793,SME000524,RM030,2025-11-26,SECURE_MESSAGE,CONNECTED,CONTROLLED_SYNTHETIC
I0001794,SME000524,RM030,2026-07-01,SECURE_MESSAGE,NO_RESPONSE,CONTROLLED_SYNTHETIC
I0001795,SME000524,RM030,2025-10-29,CALL,FOLLOW_UP,CONTROLLED_SYNTHETIC
I0001796,SME000525,RM002,2026-02-23,CALL,CONNECTED,CONTROLLED_SYNTHETIC
I0001797,SME000525,RM002,2026-05-04,BRANCH,NEEDS_REVIEW,CONTROLLED_SYNTHETIC
I0001798,SME000525,RM002,2026-02-21,SECURE_MESSAGE,CONNECTED,CONTROLLED_SYNTHETIC
I0001799,SME000525,RM002,2026-08-09,SECURE_MESSAGE,FOLLOW_UP,CONTROLLED_SYNTHETIC
I0001800,SME000525,RM002,2026-07-06,CALL,CONNECTED,CONTROLLED_SYNTHETIC
I0001801,SME000526,RM002,2026-01-28,BRANCH,CONNECTED,CONTROLLED_SYNTHETIC
I0001802,SME000527,RM010,2026-05-04,SECURE_MESSAGE,CONNECTED,CONTROLLED_SYNTHETIC
I0001803,SME000528,RM017,2026-06-08,SECURE_MESSAGE,NO_RESPONSE,CONTROLLED_SYNTHETIC
I0001804,SME000528,RM017,2026-07-02,SECURE_MESSAGE,FOLLOW_UP,CONTROLLED_SYNTHETIC
I0001805,SME000529,RM001,2025-12-04,BRANCH,NO_RESPONSE,CONTROLLED_SYNTHETIC
I0001806,SME000529,RM001,2025-10-22,BRANCH,CONNECTED,CONTROLLED_SYNTHETIC
I0001807,SME000529,RM001,2026-02-15,CALL,CONNECTED,CONTROLLED_SYNTHETIC
I0001808,SME000529,RM001,2026-07-03,MEETING,NO_RESPONSE,CONTROLLED_SYNTHETIC
I0001809,SME000529,RM001,2026-07-27,BRANCH,CONNECTED,CONTROLLED_SYNTHETIC
I0001810,SME000530,RM003,2026-03-12,MEETING,NO_RESPONSE,CONTROLLED_SYNTHETIC
I0001811,SME000531,RM013,2026-04-21,MEETING,CONNECTED,CONTROLLED_SYNTHETIC
I0001812,SME000532,RM036,2026-05-08,SECURE_MESSAGE,FOLLOW_UP,CONTROLLED_SYNTHETIC
I0001813,SME000532,RM036,2026-08-14,SECURE_MESSAGE,FOLLOW_UP,CONTROLLED_SYNTHETIC
I0001814,SME000532,RM036,2025-10-28,SECURE_MESSAGE,FOLLOW_UP,CONTROLLED_SYNTHETIC
I0001815,SME000532,RM036,2026-07-12,MEETING,FOLLOW_UP,CONTROLLED_SYNTHETIC
I0001816,SME000533,RM038,2026-02-17,BRANCH,FOLLOW_UP,CONTROLLED_SYNTHETIC
I0001817,SME000533,RM038,2025-08-21,BRANCH,FOLLOW_UP,CONTROLLED_SYNTHETIC
I0001818,SME000533,RM038,2026-08-08,MEETING,NO_RESPONSE,CONTROLLED_SYNTHETIC
I0001819,SME000533,RM038,2025-12-20,MEETING,FOLLOW_UP,CONTROLLED_SYNTHETIC
I0001820,SME000533,RM038,2026-06-22,BRANCH,FOLLOW_UP,CONTROLLED_SYNTHETIC
I0001821,SME000533,RM038,2025-08-29,CALL,NO_RESPONSE,CONTROLLED_SYNTHETIC
I0001822,SME000534,RM002,2025-09-23,SECURE_MESSAGE,NO_RESPONSE,CONTROLLED_SYNTHETIC
I0001823,SME000534,RM002,2026-04-17,BRANCH,CONNECTED,CONTROLLED_SYNTHETIC
I0001824,SME000534,RM002,2025-08-28,BRANCH,NO_RESPONSE,CONTROLLED_SYNTHETIC
I0001825,SME000535,RM009,2025-10-07,CALL,NO_RESPONSE,CONTROLLED_SYNTHETIC
I0001826,SME000535,RM009,2026-02-15,SECURE_MESSAGE,FOLLOW_UP,CONTROLLED_SYNTHETIC
I0001827,SME000536,RM004,2025-12-25,SECURE_MESSAGE,CONNECTED,CONTROLLED_SYNTHETIC
I0001828,SME000536,RM004,2026-05-23,BRANCH,NO_RESPONSE,CONTROLLED_SYNTHETIC
I0001829,SME000536,RM004,2025-11-11,CALL,CONNECTED,CONTROLLED_SYNTHETIC
I0001830,SME000537,RM001,2026-07-31,SECURE_MESSAGE,CONNECTED,CONTROLLED_SYNTHETIC
I0001831,SME000538,RM024,2026-05-19,MEETING,CONNECTED,CONTROLLED_SYNTHETIC
I0001832,SME000538,RM024,2025-12-22,MEETING,CONNECTED,CONTROLLED_SYNTHETIC
I0001833,SME000539,RM012,2025-11-15,SECURE_MESSAGE,CONNECTED,CONTROLLED_SYNTHETIC
I0001834,SME000540,RM015,2025-11-08,MEETING,CONNECTED,CONTROLLED_SYNTHETIC
I0001835,SME000540,RM015,2025-10-02,CALL,NO_RESPONSE,CONTROLLED_SYNTHETIC
I0001836,SME000540,RM015,2026-02-07,MEETING,NO_RESPONSE,CONTROLLED_SYNTHETIC
I0001837,SME000540,RM015,2026-02-08,SECURE_MESSAGE,NO_RESPONSE,CONTROLLED_SYNTHETIC
I0001838,SME000541,RM015,2025-11-10,CALL,NEEDS_REVIEW,CONTROLLED_SYNTHETIC
I0001839,SME000541,RM015,2026-01-17,SECURE_MESSAGE,CONNECTED,CONTROLLED_SYNTHETIC
I0001840,SME000541,RM015,2026-08-07,MEETING,NO_RESPONSE,CONTROLLED_SYNTHETIC
I0001841,SME000541,RM015,2025-09-08,CALL,NEEDS_REVIEW,CONTROLLED_SYNTHETIC
I0001842,SME000541,RM015,2026-06-12,MEETING,FOLLOW_UP,CONTROLLED_SYNTHETIC
I0001843,SME000542,RM010,2025-10-12,MEETING,CONNECTED,CONTROLLED_SYNTHETIC
I0001844,SME000542,RM010,2026-03-18,MEETING,CONNECTED,CONTROLLED_SYNTHETIC
I0001845,SME000543,RM009,2025-09-15,SECURE_MESSAGE,CONNECTED,CONTROLLED_SYNTHETIC
I0001846,SME000543,RM009,2026-04-09,BRANCH,FOLLOW_UP,CONTROLLED_SYNTHETIC
I0001847,SME000543,RM009,2026-05-18,CALL,FOLLOW_UP,CONTROLLED_SYNTHETIC
I0001848,SME000543,RM009,2026-07-11,MEETING,FOLLOW_UP,CONTROLLED_SYNTHETIC
I0001849,SME000544,RM035,2026-03-31,MEETING,NO_RESPONSE,CONTROLLED_SYNTHETIC
I0001850,SME000544,RM035,2026-01-19,SECURE_MESSAGE,FOLLOW_UP,CONTROLLED_SYNTHETIC
I0001851,SME000545,RM031,2025-10-02,SECURE_MESSAGE,NEEDS_REVIEW,CONTROLLED_SYNTHETIC
I0001852,SME000545,RM031,2025-10-28,CALL,NEEDS_REVIEW,CONTROLLED_SYNTHETIC
I0001853,SME000545,RM031,2026-05-18,SECURE_MESSAGE,FOLLOW_UP,CONTROLLED_SYNTHETIC
I0001854,SME000546,RM041,2025-10-17,CALL,FOLLOW_UP,CONTROLLED_SYNTHETIC
I0001855,SME000547,RM035,2026-04-20,MEETING,CONNECTED,CONTROLLED_SYNTHETIC
I0001856,SME000547,RM035,2025-08-21,MEETING,CONNECTED,CONTROLLED_SYNTHETIC
I0001857,SME000547,RM035,2026-06-24,BRANCH,CONNECTED,CONTROLLED_SYNTHETIC
I0001858,SME000547,RM035,2026-05-07,CALL,NO_RESPONSE,CONTROLLED_SYNTHETIC
I0001859,SME000547,RM035,2025-12-26,MEETING,NO_RESPONSE,CONTROLLED_SYNTHETIC
I0001860,SME000547,RM035,2026-07-13,CALL,NEEDS_REVIEW,CONTROLLED_SYNTHETIC
I0001861,SME000548,RM028,2026-01-02,BRANCH,NO_RESPONSE,CONTROLLED_SYNTHETIC
I0001862,SME000548,RM028,2025-11-25,CALL,CONNECTED,CONTROLLED_SYNTHETIC
I0001863,SME000548,RM028,2026-01-15,MEETING,FOLLOW_UP,CONTROLLED_SYNTHETIC
I0001864,SME000549,RM021,2025-11-06,CALL,CONNECTED,CONTROLLED_SYNTHETIC
I0001865,SME000549,RM021,2025-10-01,CALL,NEEDS_REVIEW,CONTROLLED_SYNTHETIC
I0001866,SME000550,RM042,2025-11-05,BRANCH,NEEDS_REVIEW,CONTROLLED_SYNTHETIC
I0001867,SME000550,RM042,2025-11-06,SECURE_MESSAGE,FOLLOW_UP,CONTROLLED_SYNTHETIC
I0001868,SME000550,RM042,2026-01-15,MEETING,NO_RESPONSE,CONTROLLED_SYNTHETIC
I0001869,SME000551,RM008,2026-01-29,BRANCH,CONNECTED,CONTROLLED_SYNTHETIC
I0001870,SME000551,RM008,2026-04-23,SECURE_MESSAGE,NEEDS_REVIEW,CONTROLLED_SYNTHETIC
I0001871,SME000551,RM008,2025-10-02,CALL,NO_RESPONSE,CONTROLLED_SYNTHETIC
I0001872,SME000551,RM008,2026-07-30,BRANCH,NEEDS_REVIEW,CONTROLLED_SYNTHETIC
I0001873,SME000551,RM008,2026-08-08,CALL,CONNECTED,CONTROLLED_SYNTHETIC
I0001874,SME000551,RM008,2026-04-09,MEETING,FOLLOW_UP,CONTROLLED_SYNTHETIC
I0001875,SME000552,RM021,2025-10-09,MEETING,FOLLOW_UP,CONTROLLED_SYNTHETIC
I0001876,SME000553,RM025,2025-08-23,BRANCH,NO_RESPONSE,CONTROLLED_SYNTHETIC
I0001877,SME000554,RM010,2025-11-27,SECURE_MESSAGE,FOLLOW_UP,CONTROLLED_SYNTHETIC
I0001878,SME000555,RM031,2025-12-03,SECURE_MESSAGE,NO_RESPONSE,CONTROLLED_SYNTHETIC
I0001879,SME000555,RM031,2026-06-03,SECURE_MESSAGE,NEEDS_REVIEW,CONTROLLED_SYNTHETIC
I0001880,SME000555,RM031,2025-12-08,MEETING,NEEDS_REVIEW,CONTROLLED_SYNTHETIC
I0001881,SME000555,RM031,2026-07-16,SECURE_MESSAGE,CONNECTED,CONTROLLED_SYNTHETIC
I0001882,SME000556,RM009,2026-07-11,CALL,FOLLOW_UP,CONTROLLED_SYNTHETIC
I0001883,SME000556,RM009,2026-03-09,CALL,FOLLOW_UP,CONTROLLED_SYNTHETIC
I0001884,SME000556,RM009,2026-06-04,CALL,CONNECTED,CONTROLLED_SYNTHETIC
I0001885,SME000557,RM013,2026-05-13,SECURE_MESSAGE,NO_RESPONSE,CONTROLLED_SYNTHETIC
I0001886,SME000557,RM013,2025-11-24,CALL,NEEDS_REVIEW,CONTROLLED_SYNTHETIC
I0001887,SME000557,RM013,2026-02-05,MEETING,CONNECTED,CONTROLLED_SYNTHETIC
I0001888,SME000557,RM013,2026-08-07,MEETING,NEEDS_REVIEW,CONTROLLED_SYNTHETIC
I0001889,SME000557,RM013,2025-12-09,SECURE_MESSAGE,CONNECTED,CONTROLLED_SYNTHETIC
I0001890,SME000557,RM013,2025-11-28,SECURE_MESSAGE,CONNECTED,CONTROLLED_SYNTHETIC
I0001891,SME000558,RM012,2025-11-19,BRANCH,CONNECTED,CONTROLLED_SYNTHETIC
I0001892,SME000558,RM012,2026-07-29,CALL,CONNECTED,CONTROLLED_SYNTHETIC
I0001893,SME000558,RM012,2026-05-14,SECURE_MESSAGE,NEEDS_REVIEW,CONTROLLED_SYNTHETIC
I0001894,SME000558,RM012,2025-11-15,BRANCH,CONNECTED,CONTROLLED_SYNTHETIC
I0001895,SME000558,RM012,2025-09-29,CALL,CONNECTED,CONTROLLED_SYNTHETIC
I0001896,SME000559,RM014,2026-08-13,SECURE_MESSAGE,CONNECTED,CONTROLLED_SYNTHETIC
I0001897,SME000560,RM010,2026-07-05,SECURE_MESSAGE,NO_RESPONSE,CONTROLLED_SYNTHETIC
I0001898,SME000560,RM010,2026-06-09,MEETING,NO_RESPONSE,CONTROLLED_SYNTHETIC
I0001899,SME000560,RM010,2025-09-04,SECURE_MESSAGE,NO_RESPONSE,CONTROLLED_SYNTHETIC
I0001900,SME000561,RM024,2026-07-06,CALL,CONNECTED,CONTROLLED_SYNTHETIC
I0001901,SME000561,RM024,2025-10-31,SECURE_MESSAGE,FOLLOW_UP,CONTROLLED_SYNTHETIC
I0001902,SME000561,RM024,2025-09-17,CALL,FOLLOW_UP,CONTROLLED_SYNTHETIC
I0001903,SME000561,RM024,2026-07-31,BRANCH,FOLLOW_UP,CONTROLLED_SYNTHETIC
I0001904,SME000562,RM014,2026-04-20,CALL,NO_RESPONSE,CONTROLLED_SYNTHETIC
I0001905,SME000563,RM036,2026-03-23,SECURE_MESSAGE,FOLLOW_UP,CONTROLLED_SYNTHETIC
I0001906,SME000563,RM036,2026-01-20,SECURE_MESSAGE,FOLLOW_UP,CONTROLLED_SYNTHETIC
I0001907,SME000563,RM036,2025-09-02,SECURE_MESSAGE,CONNECTED,CONTROLLED_SYNTHETIC
I0001908,SME000563,RM036,2026-07-16,CALL,CONNECTED,CONTROLLED_SYNTHETIC
I0001909,SME000563,RM036,2025-09-11,MEETING,NO_RESPONSE,CONTROLLED_SYNTHETIC
I0001910,SME000563,RM036,2026-03-29,SECURE_MESSAGE,NO_RESPONSE,CONTROLLED_SYNTHETIC
I0001911,SME000564,RM040,2026-08-11,CALL,CONNECTED,CONTROLLED_SYNTHETIC
I0001912,SME000564,RM040,2026-04-01,CALL,CONNECTED,CONTROLLED_SYNTHETIC
I0001913,SME000564,RM040,2025-12-09,BRANCH,NO_RESPONSE,CONTROLLED_SYNTHETIC
I0001914,SME000564,RM040,2026-05-22,SECURE_MESSAGE,CONNECTED,CONTROLLED_SYNTHETIC
I0001915,SME000564,RM040,2025-12-11,MEETING,CONNECTED,CONTROLLED_SYNTHETIC
I0001916,SME000565,RM041,2026-03-20,MEETING,CONNECTED,CONTROLLED_SYNTHETIC
I0001917,SME000565,RM041,2025-08-30,MEETING,NO_RESPONSE,CONTROLLED_SYNTHETIC
I0001918,SME000565,RM041,2025-10-06,CALL,FOLLOW_UP,CONTROLLED_SYNTHETIC
I0001919,SME000565,RM041,2026-06-16,BRANCH,FOLLOW_UP,CONTROLLED_SYNTHETIC
I0001920,SME000565,RM041,2025-09-16,SECURE_MESSAGE,NO_RESPONSE,CONTROLLED_SYNTHETIC
I0001921,SME000565,RM041,2026-03-23,BRANCH,FOLLOW_UP,CONTROLLED_SYNTHETIC
I0001922,SME000566,RM029,2026-08-19,SECURE_MESSAGE,FOLLOW_UP,CONTROLLED_SYNTHETIC
I0001923,SME000566,RM029,2026-03-15,CALL,NO_RESPONSE,CONTROLLED_SYNTHETIC
I0001924,SME000567,RM043,2026-05-04,CALL,CONNECTED,CONTROLLED_SYNTHETIC
I0001925,SME000567,RM043,2026-05-14,CALL,NEEDS_REVIEW,CONTROLLED_SYNTHETIC
I0001926,SME000567,RM043,2025-11-07,CALL,NO_RESPONSE,CONTROLLED_SYNTHETIC
I0001927,SME000567,RM043,2025-11-26,BRANCH,NEEDS_REVIEW,CONTROLLED_SYNTHETIC
I0001928,SME000567,RM043,2025-09-16,MEETING,CONNECTED,CONTROLLED_SYNTHETIC
I0001929,SME000568,RM006,2026-07-10,CALL,FOLLOW_UP,CONTROLLED_SYNTHETIC
I0001930,SME000568,RM006,2025-12-15,CALL,FOLLOW_UP,CONTROLLED_SYNTHETIC
I0001931,SME000568,RM006,2025-09-22,CALL,FOLLOW_UP,CONTROLLED_SYNTHETIC
I0001932,SME000568,RM006,2026-07-01,BRANCH,FOLLOW_UP,CONTROLLED_SYNTHETIC
I0001933,SME000568,RM006,2026-05-10,CALL,CONNECTED,CONTROLLED_SYNTHETIC
I0001934,SME000569,RM002,2026-04-07,CALL,NO_RESPONSE,CONTROLLED_SYNTHETIC
I0001935,SME000569,RM002,2025-12-19,BRANCH,FOLLOW_UP,CONTROLLED_SYNTHETIC
I0001936,SME000570,RM004,2026-03-21,MEETING,CONNECTED,CONTROLLED_SYNTHETIC
I0001937,SME000570,RM004,2025-11-26,BRANCH,NEEDS_REVIEW,CONTROLLED_SYNTHETIC
I0001938,SME000570,RM004,2025-09-02,BRANCH,CONNECTED,CONTROLLED_SYNTHETIC
I0001939,SME000570,RM004,2025-11-20,SECURE_MESSAGE,NO_RESPONSE,CONTROLLED_SYNTHETIC
I0001940,SME000570,RM004,2025-10-27,CALL,FOLLOW_UP,CONTROLLED_SYNTHETIC
I0001941,SME000570,RM004,2026-01-08,BRANCH,CONNECTED,CONTROLLED_SYNTHETIC
I0001942,SME000571,RM006,2025-10-22,CALL,CONNECTED,CONTROLLED_SYNTHETIC
I0001943,SME000571,RM006,2025-09-08,MEETING,FOLLOW_UP,CONTROLLED_SYNTHETIC
I0001944,SME000571,RM006,2026-04-26,MEETING,CONNECTED,CONTROLLED_SYNTHETIC
I0001945,SME000572,RM031,2026-07-31,SECURE_MESSAGE,CONNECTED,CONTROLLED_SYNTHETIC
I0001946,SME000572,RM031,2025-11-30,BRANCH,NO_RESPONSE,CONTROLLED_SYNTHETIC
I0001947,SME000573,RM021,2025-11-25,BRANCH,CONNECTED,CONTROLLED_SYNTHETIC
I0001948,SME000574,RM001,2025-12-22,CALL,FOLLOW_UP,CONTROLLED_SYNTHETIC
I0001949,SME000574,RM001,2025-10-17,BRANCH,FOLLOW_UP,CONTROLLED_SYNTHETIC
I0001950,SME000574,RM001,2025-10-05,MEETING,NO_RESPONSE,CONTROLLED_SYNTHETIC
I0001951,SME000574,RM001,2026-05-20,CALL,NEEDS_REVIEW,CONTROLLED_SYNTHETIC
I0001952,SME000574,RM001,2026-04-17,BRANCH,FOLLOW_UP,CONTROLLED_SYNTHETIC
I0001953,SME000574,RM001,2026-07-02,SECURE_MESSAGE,FOLLOW_UP,CONTROLLED_SYNTHETIC
I0001954,SME000575,RM010,2026-01-07,CALL,CONNECTED,CONTROLLED_SYNTHETIC
I0001955,SME000575,RM010,2026-03-23,MEETING,CONNECTED,CONTROLLED_SYNTHETIC
I0001956,SME000575,RM010,2025-09-27,SECURE_MESSAGE,CONNECTED,CONTROLLED_SYNTHETIC
I0001957,SME000576,RM016,2025-11-20,CALL,CONNECTED,CONTROLLED_SYNTHETIC
I0001958,SME000576,RM016,2026-07-29,BRANCH,NEEDS_REVIEW,CONTROLLED_SYNTHETIC
I0001959,SME000576,RM016,2025-11-16,CALL,FOLLOW_UP,CONTROLLED_SYNTHETIC
I0001960,SME000576,RM016,2025-12-03,SECURE_MESSAGE,NO_RESPONSE,CONTROLLED_SYNTHETIC
I0001961,SME000576,RM016,2026-08-18,CALL,FOLLOW_UP,CONTROLLED_SYNTHETIC
I0001962,SME000577,RM035,2026-06-14,BRANCH,NEEDS_REVIEW,CONTROLLED_SYNTHETIC
I0001963,SME000577,RM035,2025-09-08,BRANCH,FOLLOW_UP,CONTROLLED_SYNTHETIC
I0001964,SME000577,RM035,2025-11-21,SECURE_MESSAGE,CONNECTED,CONTROLLED_SYNTHETIC
I0001965,SME000578,RM009,2026-03-27,SECURE_MESSAGE,NO_RESPONSE,CONTROLLED_SYNTHETIC
I0001966,SME000578,RM009,2025-10-26,BRANCH,NO_RESPONSE,CONTROLLED_SYNTHETIC
I0001967,SME000578,RM009,2025-09-01,MEETING,CONNECTED,CONTROLLED_SYNTHETIC
I0001968,SME000578,RM009,2026-06-13,BRANCH,NO_RESPONSE,CONTROLLED_SYNTHETIC
I0001969,SME000579,RM008,2026-01-10,SECURE_MESSAGE,NEEDS_REVIEW,CONTROLLED_SYNTHETIC
I0001970,SME000579,RM008,2026-08-17,SECURE_MESSAGE,NEEDS_REVIEW,CONTROLLED_SYNTHETIC
I0001971,SME000580,RM038,2025-10-08,MEETING,CONNECTED,CONTROLLED_SYNTHETIC
I0001972,SME000580,RM038,2026-01-22,MEETING,CONNECTED,CONTROLLED_SYNTHETIC
I0001973,SME000580,RM038,2025-11-09,SECURE_MESSAGE,NO_RESPONSE,CONTROLLED_SYNTHETIC
I0001974,SME000580,RM038,2025-10-30,SECURE_MESSAGE,NO_RESPONSE,CONTROLLED_SYNTHETIC
I0001975,SME000581,RM041,2026-03-28,BRANCH,CONNECTED,CONTROLLED_SYNTHETIC
I0001976,SME000581,RM041,2026-06-20,BRANCH,CONNECTED,CONTROLLED_SYNTHETIC
I0001977,SME000582,RM018,2026-03-22,MEETING,NEEDS_REVIEW,CONTROLLED_SYNTHETIC
I0001978,SME000582,RM018,2026-08-14,SECURE_MESSAGE,FOLLOW_UP,CONTROLLED_SYNTHETIC
I0001979,SME000582,RM018,2026-06-25,CALL,CONNECTED,CONTROLLED_SYNTHETIC
I0001980,SME000582,RM018,2025-10-28,BRANCH,NEEDS_REVIEW,CONTROLLED_SYNTHETIC
I0001981,SME000583,RM041,2026-07-26,BRANCH,FOLLOW_UP,CONTROLLED_SYNTHETIC
I0001982,SME000583,RM041,2026-05-07,MEETING,NO_RESPONSE,CONTROLLED_SYNTHETIC
I0001983,SME000583,RM041,2026-04-22,BRANCH,FOLLOW_UP,CONTROLLED_SYNTHETIC
I0001984,SME000584,RM022,2026-07-22,SECURE_MESSAGE,NO_RESPONSE,CONTROLLED_SYNTHETIC
I0001985,SME000584,RM022,2025-11-12,BRANCH,NEEDS_REVIEW,CONTROLLED_SYNTHETIC
I0001986,SME000584,RM022,2026-06-06,SECURE_MESSAGE,FOLLOW_UP,CONTROLLED_SYNTHETIC
I0001987,SME000584,RM022,2026-07-29,SECURE_MESSAGE,NEEDS_REVIEW,CONTROLLED_SYNTHETIC
I0001988,SME000584,RM022,2026-03-18,CALL,FOLLOW_UP,CONTROLLED_SYNTHETIC
I0001989,SME000584,RM022,2026-04-02,MEETING,CONNECTED,CONTROLLED_SYNTHETIC
I0001990,SME000585,RM009,2026-03-21,SECURE_MESSAGE,FOLLOW_UP,CONTROLLED_SYNTHETIC
I0001991,SME000586,RM024,2025-09-15,BRANCH,FOLLOW_UP,CONTROLLED_SYNTHETIC
I0001992,SME000586,RM024,2025-10-24,BRANCH,FOLLOW_UP,CONTROLLED_SYNTHETIC
I0001993,SME000586,RM024,2025-10-05,CALL,FOLLOW_UP,CONTROLLED_SYNTHETIC
I0001994,SME000586,RM024,2025-12-13,MEETING,CONNECTED,CONTROLLED_SYNTHETIC
I0001995,SME000586,RM024,2025-08-28,MEETING,NO_RESPONSE,CONTROLLED_SYNTHETIC
I0001996,SME000587,RM030,2025-10-28,BRANCH,NEEDS_REVIEW,CONTROLLED_SYNTHETIC
I0001997,SME000587,RM030,2026-07-14,BRANCH,NEEDS_REVIEW,CONTROLLED_SYNTHETIC
I0001998,SME000587,RM030,2026-04-30,MEETING,CONNECTED,CONTROLLED_SYNTHETIC
I0001999,SME000587,RM030,2026-02-01,SECURE_MESSAGE,NO_RESPONSE,CONTROLLED_SYNTHETIC
I0002000,SME000587,RM030,2026-04-27,MEETING,CONNECTED,CONTROLLED_SYNTHETIC
I0002001,SME000587,RM030,2026-06-01,SECURE_MESSAGE,CONNECTED,CONTROLLED_SYNTHETIC
I0002002,SME000588,RM019,2026-08-04,MEETING,NO_RESPONSE,CONTROLLED_SYNTHETIC
I0002003,SME000588,RM019,2026-06-01,CALL,NEEDS_REVIEW,CONTROLLED_SYNTHETIC
I0002004,SME000588,RM019,2026-06-03,BRANCH,NEEDS_REVIEW,CONTROLLED_SYNTHETIC
I0002005,SME000589,RM020,2026-08-02,SECURE_MESSAGE,NO_RESPONSE,CONTROLLED_SYNTHETIC
I0002006,SME000589,RM020,2026-02-25,MEETING,FOLLOW_UP,CONTROLLED_SYNTHETIC
I0002007,SME000590,RM003,2025-09-01,CALL,FOLLOW_UP,CONTROLLED_SYNTHETIC
I0002008,SME000590,RM003,2025-09-18,CALL,CONNECTED,CONTROLLED_SYNTHETIC
I0002009,SME000591,RM046,2025-09-15,BRANCH,CONNECTED,CONTROLLED_SYNTHETIC
I0002010,SME000591,RM046,2026-05-13,BRANCH,CONNECTED,CONTROLLED_SYNTHETIC
I0002011,SME000591,RM046,2026-05-03,BRANCH,CONNECTED,CONTROLLED_SYNTHETIC
I0002012,SME000592,RM042,2025-09-05,BRANCH,CONNECTED,CONTROLLED_SYNTHETIC
I0002013,SME000592,RM042,2025-11-01,CALL,CONNECTED,CONTROLLED_SYNTHETIC
I0002014,SME000592,RM042,2026-02-17,CALL,CONNECTED,CONTROLLED_SYNTHETIC
I0002015,SME000593,RM047,2026-07-20,CALL,FOLLOW_UP,CONTROLLED_SYNTHETIC
I0002016,SME000593,RM047,2026-06-14,SECURE_MESSAGE,CONNECTED,CONTROLLED_SYNTHETIC
I0002017,SME000593,RM047,2026-07-16,SECURE_MESSAGE,NEEDS_REVIEW,CONTROLLED_SYNTHETIC
I0002018,SME000593,RM047,2026-07-21,MEETING,NEEDS_REVIEW,CONTROLLED_SYNTHETIC
I0002019,SME000593,RM047,2026-01-31,SECURE_MESSAGE,CONNECTED,CONTROLLED_SYNTHETIC
I0002020,SME000594,RM032,2026-03-02,CALL,CONNECTED,CONTROLLED_SYNTHETIC
I0002021,SME000594,RM032,2026-01-22,BRANCH,NO_RESPONSE,CONTROLLED_SYNTHETIC
I0002022,SME000595,RM047,2026-01-23,SECURE_MESSAGE,FOLLOW_UP,CONTROLLED_SYNTHETIC
I0002023,SME000595,RM047,2026-07-10,BRANCH,CONNECTED,CONTROLLED_SYNTHETIC
I0002024,SME000595,RM047,2026-02-05,MEETING,FOLLOW_UP,CONTROLLED_SYNTHETIC
I0002025,SME000596,RM002,2026-01-21,BRANCH,CONNECTED,CONTROLLED_SYNTHETIC
I0002026,SME000597,RM022,2025-11-13,SECURE_MESSAGE,CONNECTED,CONTROLLED_SYNTHETIC
I0002027,SME000597,RM022,2025-12-21,MEETING,FOLLOW_UP,CONTROLLED_SYNTHETIC
I0002028,SME000597,RM022,2025-12-17,BRANCH,CONNECTED,CONTROLLED_SYNTHETIC
I0002029,SME000597,RM022,2026-05-24,CALL,CONNECTED,CONTROLLED_SYNTHETIC
I0002030,SME000597,RM022,2025-09-09,BRANCH,CONNECTED,CONTROLLED_SYNTHETIC
I0002031,SME000598,RM003,2026-07-22,SECURE_MESSAGE,NO_RESPONSE,CONTROLLED_SYNTHETIC
I0002032,SME000598,RM003,2026-03-10,SECURE_MESSAGE,FOLLOW_UP,CONTROLLED_SYNTHETIC
I0002033,SME000598,RM003,2026-06-13,CALL,CONNECTED,CONTROLLED_SYNTHETIC
I0002034,SME000598,RM003,2025-12-01,MEETING,CONNECTED,CONTROLLED_SYNTHETIC
I0002035,SME000599,RM010,2026-02-21,MEETING,NEEDS_REVIEW,CONTROLLED_SYNTHETIC
I0002036,SME000599,RM010,2025-09-21,SECURE_MESSAGE,FOLLOW_UP,CONTROLLED_SYNTHETIC
I0002037,SME000599,RM010,2025-11-25,MEETING,CONNECTED,CONTROLLED_SYNTHETIC
I0002038,SME000600,RM015,2026-07-04,CALL,FOLLOW_UP,CONTROLLED_SYNTHETIC
I0002039,SME000600,RM015,2025-09-23,MEETING,CONNECTED,CONTROLLED_SYNTHETIC
I0002040,SME000600,RM015,2026-01-16,MEETING,CONNECTED,CONTROLLED_SYNTHETIC
I0002041,SME000600,RM015,2026-02-15,MEETING,FOLLOW_UP,CONTROLLED_SYNTHETIC
I0002042,SME000601,RM021,2026-06-05,MEETING,NO_RESPONSE,CONTROLLED_SYNTHETIC
I0002043,SME000602,RM008,2026-04-08,MEETING,CONNECTED,CONTROLLED_SYNTHETIC
I0002044,SME000602,RM008,2026-05-12,MEETING,CONNECTED,CONTROLLED_SYNTHETIC
I0002045,SME000603,RM036,2025-08-22,CALL,CONNECTED,CONTROLLED_SYNTHETIC
I0002046,SME000603,RM036,2026-05-06,CALL,NO_RESPONSE,CONTROLLED_SYNTHETIC
I0002047,SME000603,RM036,2025-09-09,CALL,FOLLOW_UP,CONTROLLED_SYNTHETIC
I0002048,SME000603,RM036,2026-07-20,MEETING,CONNECTED,CONTROLLED_SYNTHETIC
I0002049,SME000603,RM036,2026-08-15,BRANCH,CONNECTED,CONTROLLED_SYNTHETIC
I0002050,SME000603,RM036,2026-06-14,MEETING,NO_RESPONSE,CONTROLLED_SYNTHETIC
I0002051,SME000604,RM038,2025-10-27,CALL,CONNECTED,CONTROLLED_SYNTHETIC
I0002052,SME000604,RM038,2025-10-23,SECURE_MESSAGE,CONNECTED,CONTROLLED_SYNTHETIC
I0002053,SME000605,RM030,2026-01-13,BRANCH,NO_RESPONSE,CONTROLLED_SYNTHETIC
I0002054,SME000605,RM030,2026-08-12,SECURE_MESSAGE,NO_RESPONSE,CONTROLLED_SYNTHETIC
I0002055,SME000606,RM037,2026-02-26,MEETING,CONNECTED,CONTROLLED_SYNTHETIC
I0002056,SME000606,RM037,2025-10-26,CALL,CONNECTED,CONTROLLED_SYNTHETIC
I0002057,SME000607,RM041,2025-08-27,CALL,CONNECTED,CONTROLLED_SYNTHETIC
I0002058,SME000607,RM041,2026-03-18,MEETING,CONNECTED,CONTROLLED_SYNTHETIC
I0002059,SME000608,RM036,2026-06-08,MEETING,CONNECTED,CONTROLLED_SYNTHETIC
I0002060,SME000608,RM036,2026-06-16,CALL,CONNECTED,CONTROLLED_SYNTHETIC
I0002061,SME000608,RM036,2026-01-12,BRANCH,FOLLOW_UP,CONTROLLED_SYNTHETIC
I0002062,SME000608,RM036,2026-02-12,SECURE_MESSAGE,CONNECTED,CONTROLLED_SYNTHETIC
I0002063,SME000608,RM036,2026-04-25,MEETING,NEEDS_REVIEW,CONTROLLED_SYNTHETIC
I0002064,SME000609,RM007,2026-07-09,SECURE_MESSAGE,NO_RESPONSE,CONTROLLED_SYNTHETIC
I0002065,SME000609,RM007,2026-05-03,MEETING,NEEDS_REVIEW,CONTROLLED_SYNTHETIC
I0002066,SME000609,RM007,2026-03-25,MEETING,CONNECTED,CONTROLLED_SYNTHETIC
I0002067,SME000609,RM007,2026-05-19,BRANCH,FOLLOW_UP,CONTROLLED_SYNTHETIC
I0002068,SME000610,RM010,2025-09-17,SECURE_MESSAGE,CONNECTED,CONTROLLED_SYNTHETIC
I0002069,SME000610,RM010,2026-02-23,CALL,NEEDS_REVIEW,CONTROLLED_SYNTHETIC
I0002070,SME000610,RM010,2025-08-22,MEETING,CONNECTED,CONTROLLED_SYNTHETIC
I0002071,SME000611,RM027,2026-02-10,BRANCH,NO_RESPONSE,CONTROLLED_SYNTHETIC
I0002072,SME000611,RM027,2025-11-05,BRANCH,FOLLOW_UP,CONTROLLED_SYNTHETIC
I0002073,SME000611,RM027,2025-08-29,CALL,CONNECTED,CONTROLLED_SYNTHETIC
I0002074,SME000611,RM027,2025-08-24,BRANCH,NEEDS_REVIEW,CONTROLLED_SYNTHETIC
I0002075,SME000612,RM020,2025-10-21,SECURE_MESSAGE,CONNECTED,CONTROLLED_SYNTHETIC
I0002076,SME000612,RM020,2026-07-15,SECURE_MESSAGE,NEEDS_REVIEW,CONTROLLED_SYNTHETIC
I0002077,SME000613,RM046,2025-11-07,SECURE_MESSAGE,FOLLOW_UP,CONTROLLED_SYNTHETIC
I0002078,SME000613,RM046,2026-06-24,BRANCH,NO_RESPONSE,CONTROLLED_SYNTHETIC
I0002079,SME000614,RM030,2025-10-13,MEETING,NO_RESPONSE,CONTROLLED_SYNTHETIC
I0002080,SME000614,RM030,2026-03-21,MEETING,NEEDS_REVIEW,CONTROLLED_SYNTHETIC
I0002081,SME000615,RM037,2026-07-18,MEETING,NEEDS_REVIEW,CONTROLLED_SYNTHETIC
I0002082,SME000615,RM037,2025-09-29,MEETING,CONNECTED,CONTROLLED_SYNTHETIC
I0002083,SME000616,RM034,2025-12-27,MEETING,NO_RESPONSE,CONTROLLED_SYNTHETIC
I0002084,SME000616,RM034,2026-05-23,MEETING,NO_RESPONSE,CONTROLLED_SYNTHETIC
I0002085,SME000616,RM034,2026-04-18,CALL,NO_RESPONSE,CONTROLLED_SYNTHETIC
I0002086,SME000616,RM034,2025-11-03,SECURE_MESSAGE,NO_RESPONSE,CONTROLLED_SYNTHETIC
I0002087,SME000617,RM022,2025-12-25,MEETING,NO_RESPONSE,CONTROLLED_SYNTHETIC
I0002088,SME000617,RM022,2026-05-03,SECURE_MESSAGE,NO_RESPONSE,CONTROLLED_SYNTHETIC
I0002089,SME000617,RM022,2025-08-26,SECURE_MESSAGE,CONNECTED,CONTROLLED_SYNTHETIC
I0002090,SME000617,RM022,2026-05-18,BRANCH,CONNECTED,CONTROLLED_SYNTHETIC
I0002091,SME000617,RM022,2025-10-26,CALL,NO_RESPONSE,CONTROLLED_SYNTHETIC
I0002092,SME000618,RM009,2026-03-06,BRANCH,CONNECTED,CONTROLLED_SYNTHETIC
I0002093,SME000618,RM009,2025-09-02,MEETING,NEEDS_REVIEW,CONTROLLED_SYNTHETIC
I0002094,SME000618,RM009,2026-02-13,BRANCH,CONNECTED,CONTROLLED_SYNTHETIC
I0002095,SME000619,RM004,2026-06-08,BRANCH,FOLLOW_UP,CONTROLLED_SYNTHETIC
I0002096,SME000619,RM004,2026-01-07,SECURE_MESSAGE,NEEDS_REVIEW,CONTROLLED_SYNTHETIC
I0002097,SME000619,RM004,2026-02-10,CALL,CONNECTED,CONTROLLED_SYNTHETIC
I0002098,SME000619,RM004,2026-03-17,CALL,NO_RESPONSE,CONTROLLED_SYNTHETIC
I0002099,SME000619,RM004,2026-02-12,MEETING,CONNECTED,CONTROLLED_SYNTHETIC
I0002100,SME000619,RM004,2026-06-16,MEETING,FOLLOW_UP,CONTROLLED_SYNTHETIC
I0002101,SME000620,RM020,2026-06-10,MEETING,CONNECTED,CONTROLLED_SYNTHETIC
I0002102,SME000621,RM022,2026-01-06,MEETING,NO_RESPONSE,CONTROLLED_SYNTHETIC
I0002103,SME000621,RM022,2026-01-13,BRANCH,NO_RESPONSE,CONTROLLED_SYNTHETIC
I0002104,SME000621,RM022,2026-07-04,CALL,FOLLOW_UP,CONTROLLED_SYNTHETIC
I0002105,SME000621,RM022,2025-12-21,SECURE_MESSAGE,CONNECTED,CONTROLLED_SYNTHETIC
I0002106,SME000621,RM022,2026-07-21,SECURE_MESSAGE,CONNECTED,CONTROLLED_SYNTHETIC
I0002107,SME000621,RM022,2025-10-04,BRANCH,FOLLOW_UP,CONTROLLED_SYNTHETIC
I0002108,SME000622,RM047,2026-02-08,MEETING,NO_RESPONSE,CONTROLLED_SYNTHETIC
I0002109,SME000622,RM047,2026-07-23,SECURE_MESSAGE,FOLLOW_UP,CONTROLLED_SYNTHETIC
I0002110,SME000623,RM040,2026-05-31,MEETING,FOLLOW_UP,CONTROLLED_SYNTHETIC
I0002111,SME000624,RM035,2025-09-21,MEETING,NEEDS_REVIEW,CONTROLLED_SYNTHETIC
I0002112,SME000624,RM035,2025-08-28,SECURE_MESSAGE,CONNECTED,CONTROLLED_SYNTHETIC
I0002113,SME000624,RM035,2026-03-10,MEETING,FOLLOW_UP,CONTROLLED_SYNTHETIC
I0002114,SME000625,RM042,2026-07-26,CALL,CONNECTED,CONTROLLED_SYNTHETIC
I0002115,SME000625,RM042,2025-10-13,BRANCH,CONNECTED,CONTROLLED_SYNTHETIC
I0002116,SME000625,RM042,2026-05-29,MEETING,CONNECTED,CONTROLLED_SYNTHETIC
I0002117,SME000626,RM009,2025-11-19,CALL,NO_RESPONSE,CONTROLLED_SYNTHETIC
I0002118,SME000626,RM009,2025-09-30,CALL,CONNECTED,CONTROLLED_SYNTHETIC
I0002119,SME000627,RM036,2025-08-28,CALL,FOLLOW_UP,CONTROLLED_SYNTHETIC
I0002120,SME000627,RM036,2026-02-07,BRANCH,NO_RESPONSE,CONTROLLED_SYNTHETIC
I0002121,SME000627,RM036,2026-05-16,CALL,NEEDS_REVIEW,CONTROLLED_SYNTHETIC
I0002122,SME000627,RM036,2025-12-11,BRANCH,CONNECTED,CONTROLLED_SYNTHETIC
I0002123,SME000627,RM036,2026-05-13,CALL,FOLLOW_UP,CONTROLLED_SYNTHETIC
I0002124,SME000628,RM041,2026-04-23,SECURE_MESSAGE,NO_RESPONSE,CONTROLLED_SYNTHETIC
I0002125,SME000629,RM041,2026-04-28,MEETING,CONNECTED,CONTROLLED_SYNTHETIC
I0002126,SME000629,RM041,2026-01-13,SECURE_MESSAGE,CONNECTED,CONTROLLED_SYNTHETIC
I0002127,SME000629,RM041,2026-05-22,BRANCH,FOLLOW_UP,CONTROLLED_SYNTHETIC
I0002128,SME000629,RM041,2026-02-23,SECURE_MESSAGE,CONNECTED,CONTROLLED_SYNTHETIC
I0002129,SME000629,RM041,2025-09-19,BRANCH,FOLLOW_UP,CONTROLLED_SYNTHETIC
I0002130,SME000630,RM035,2025-09-04,SECURE_MESSAGE,CONNECTED,CONTROLLED_SYNTHETIC
I0002131,SME000630,RM035,2026-04-25,CALL,CONNECTED,CONTROLLED_SYNTHETIC
I0002132,SME000630,RM035,2026-04-26,BRANCH,CONNECTED,CONTROLLED_SYNTHETIC
I0002133,SME000630,RM035,2026-08-18,CALL,FOLLOW_UP,CONTROLLED_SYNTHETIC
I0002134,SME000630,RM035,2025-12-17,SECURE_MESSAGE,CONNECTED,CONTROLLED_SYNTHETIC
I0002135,SME000631,RM039,2026-01-30,CALL,CONNECTED,CONTROLLED_SYNTHETIC
I0002136,SME000631,RM039,2026-06-09,BRANCH,CONNECTED,CONTROLLED_SYNTHETIC
I0002137,SME000631,RM039,2026-06-02,BRANCH,NEEDS_REVIEW,CONTROLLED_SYNTHETIC
I0002138,SME000632,RM015,2025-10-28,MEETING,CONNECTED,CONTROLLED_SYNTHETIC
I0002139,SME000632,RM015,2025-10-25,BRANCH,CONNECTED,CONTROLLED_SYNTHETIC
I0002140,SME000632,RM015,2026-08-18,SECURE_MESSAGE,NO_RESPONSE,CONTROLLED_SYNTHETIC
I0002141,SME000632,RM015,2025-11-11,CALL,CONNECTED,CONTROLLED_SYNTHETIC
I0002142,SME000632,RM015,2025-08-30,BRANCH,CONNECTED,CONTROLLED_SYNTHETIC
I0002143,SME000633,RM008,2025-10-26,SECURE_MESSAGE,CONNECTED,CONTROLLED_SYNTHETIC
I0002144,SME000633,RM008,2025-10-14,BRANCH,NEEDS_REVIEW,CONTROLLED_SYNTHETIC
I0002145,SME000634,RM001,2025-12-30,SECURE_MESSAGE,CONNECTED,CONTROLLED_SYNTHETIC
I0002146,SME000634,RM001,2026-05-27,CALL,CONNECTED,CONTROLLED_SYNTHETIC
I0002147,SME000634,RM001,2025-09-30,CALL,NO_RESPONSE,CONTROLLED_SYNTHETIC
I0002148,SME000635,RM005,2025-09-02,SECURE_MESSAGE,CONNECTED,CONTROLLED_SYNTHETIC
I0002149,SME000635,RM005,2025-12-04,MEETING,NEEDS_REVIEW,CONTROLLED_SYNTHETIC
I0002150,SME000636,RM045,2026-07-30,MEETING,NO_RESPONSE,CONTROLLED_SYNTHETIC
I0002151,SME000636,RM045,2025-09-02,CALL,FOLLOW_UP,CONTROLLED_SYNTHETIC
I0002152,SME000636,RM045,2025-12-28,MEETING,FOLLOW_UP,CONTROLLED_SYNTHETIC
I0002153,SME000637,RM010,2026-05-23,BRANCH,CONNECTED,CONTROLLED_SYNTHETIC
I0002154,SME000638,RM019,2026-04-15,MEETING,CONNECTED,CONTROLLED_SYNTHETIC
I0002155,SME000638,RM019,2026-03-22,BRANCH,NEEDS_REVIEW,CONTROLLED_SYNTHETIC
I0002156,SME000638,RM019,2026-04-24,MEETING,CONNECTED,CONTROLLED_SYNTHETIC
I0002157,SME000638,RM019,2026-07-29,CALL,FOLLOW_UP,CONTROLLED_SYNTHETIC
I0002158,SME000639,RM011,2025-10-22,MEETING,NO_RESPONSE,CONTROLLED_SYNTHETIC
I0002159,SME000639,RM011,2025-10-20,BRANCH,FOLLOW_UP,CONTROLLED_SYNTHETIC
I0002160,SME000639,RM011,2025-10-04,MEETING,NO_RESPONSE,CONTROLLED_SYNTHETIC
I0002161,SME000639,RM011,2026-07-19,CALL,FOLLOW_UP,CONTROLLED_SYNTHETIC
I0002162,SME000640,RM043,2026-08-07,MEETING,FOLLOW_UP,CONTROLLED_SYNTHETIC
I0002163,SME000640,RM043,2025-09-15,MEETING,NO_RESPONSE,CONTROLLED_SYNTHETIC
I0002164,SME000640,RM043,2026-05-21,SECURE_MESSAGE,CONNECTED,CONTROLLED_SYNTHETIC
I0002165,SME000641,RM021,2025-10-03,SECURE_MESSAGE,CONNECTED,CONTROLLED_SYNTHETIC
I0002166,SME000641,RM021,2025-12-04,MEETING,NEEDS_REVIEW,CONTROLLED_SYNTHETIC
I0002167,SME000641,RM021,2025-10-18,MEETING,CONNECTED,CONTROLLED_SYNTHETIC
I0002168,SME000642,RM036,2025-09-15,MEETING,CONNECTED,CONTROLLED_SYNTHETIC
I0002169,SME000642,RM036,2025-11-24,SECURE_MESSAGE,FOLLOW_UP,CONTROLLED_SYNTHETIC
I0002170,SME000643,RM012,2026-03-02,SECURE_MESSAGE,FOLLOW_UP,CONTROLLED_SYNTHETIC
I0002171,SME000643,RM012,2026-03-10,SECURE_MESSAGE,NEEDS_REVIEW,CONTROLLED_SYNTHETIC
I0002172,SME000643,RM012,2025-11-15,CALL,NO_RESPONSE,CONTROLLED_SYNTHETIC
I0002173,SME000643,RM012,2026-06-26,CALL,CONNECTED,CONTROLLED_SYNTHETIC
I0002174,SME000644,RM017,2026-03-13,MEETING,FOLLOW_UP,CONTROLLED_SYNTHETIC
I0002175,SME000644,RM017,2025-11-18,SECURE_MESSAGE,FOLLOW_UP,CONTROLLED_SYNTHETIC
I0002176,SME000644,RM017,2026-03-28,MEETING,CONNECTED,CONTROLLED_SYNTHETIC
I0002177,SME000644,RM017,2026-01-06,MEETING,NEEDS_REVIEW,CONTROLLED_SYNTHETIC
I0002178,SME000644,RM017,2026-05-26,BRANCH,FOLLOW_UP,CONTROLLED_SYNTHETIC
I0002179,SME000644,RM017,2025-08-30,MEETING,FOLLOW_UP,CONTROLLED_SYNTHETIC
I0002180,SME000645,RM021,2025-08-26,MEETING,CONNECTED,CONTROLLED_SYNTHETIC
I0002181,SME000645,RM021,2026-04-27,SECURE_MESSAGE,NEEDS_REVIEW,CONTROLLED_SYNTHETIC
I0002182,SME000645,RM021,2026-05-18,CALL,FOLLOW_UP,CONTROLLED_SYNTHETIC
I0002183,SME000646,RM016,2026-02-15,CALL,NO_RESPONSE,CONTROLLED_SYNTHETIC
I0002184,SME000646,RM016,2026-04-02,BRANCH,CONNECTED,CONTROLLED_SYNTHETIC
I0002185,SME000646,RM016,2025-12-12,BRANCH,CONNECTED,CONTROLLED_SYNTHETIC
I0002186,SME000646,RM016,2026-07-19,CALL,NO_RESPONSE,CONTROLLED_SYNTHETIC
I0002187,SME000646,RM016,2026-07-27,BRANCH,CONNECTED,CONTROLLED_SYNTHETIC
I0002188,SME000647,RM015,2025-08-21,BRANCH,CONNECTED,CONTROLLED_SYNTHETIC
I0002189,SME000647,RM015,2026-04-10,MEETING,CONNECTED,CONTROLLED_SYNTHETIC
I0002190,SME000647,RM015,2025-11-08,MEETING,NO_RESPONSE,CONTROLLED_SYNTHETIC
I0002191,SME000648,RM025,2025-12-08,SECURE_MESSAGE,NO_RESPONSE,CONTROLLED_SYNTHETIC
I0002192,SME000648,RM025,2026-02-17,SECURE_MESSAGE,FOLLOW_UP,CONTROLLED_SYNTHETIC
I0002193,SME000648,RM025,2026-03-22,BRANCH,NO_RESPONSE,CONTROLLED_SYNTHETIC
I0002194,SME000648,RM025,2025-12-12,SECURE_MESSAGE,CONNECTED,CONTROLLED_SYNTHETIC
I0002195,SME000648,RM025,2025-11-01,MEETING,NEEDS_REVIEW,CONTROLLED_SYNTHETIC
I0002196,SME000648,RM025,2026-06-20,BRANCH,FOLLOW_UP,CONTROLLED_SYNTHETIC
I0002197,SME000649,RM041,2026-03-22,MEETING,CONNECTED,CONTROLLED_SYNTHETIC
I0002198,SME000649,RM041,2026-05-31,CALL,CONNECTED,CONTROLLED_SYNTHETIC
I0002199,SME000649,RM041,2025-12-24,CALL,FOLLOW_UP,CONTROLLED_SYNTHETIC
I0002200,SME000649,RM041,2026-05-15,CALL,NEEDS_REVIEW,CONTROLLED_SYNTHETIC
I0002201,SME000650,RM014,2026-02-04,BRANCH,NO_RESPONSE,CONTROLLED_SYNTHETIC
I0002202,SME000650,RM014,2026-04-05,MEETING,FOLLOW_UP,CONTROLLED_SYNTHETIC
I0002203,SME000650,RM014,2025-12-05,CALL,FOLLOW_UP,CONTROLLED_SYNTHETIC
I0002204,SME000650,RM014,2026-02-13,SECURE_MESSAGE,NO_RESPONSE,CONTROLLED_SYNTHETIC
I0002205,SME000650,RM014,2026-05-20,CALL,CONNECTED,CONTROLLED_SYNTHETIC
I0002206,SME000650,RM014,2026-01-28,MEETING,NO_RESPONSE,CONTROLLED_SYNTHETIC
I0002207,SME000651,RM040,2025-12-11,SECURE_MESSAGE,CONNECTED,CONTROLLED_SYNTHETIC
I0002208,SME000651,RM040,2026-08-17,SECURE_MESSAGE,FOLLOW_UP,CONTROLLED_SYNTHETIC
I0002209,SME000652,RM021,2026-01-12,MEETING,FOLLOW_UP,CONTROLLED_SYNTHETIC
I0002210,SME000652,RM021,2025-10-31,SECURE_MESSAGE,CONNECTED,CONTROLLED_SYNTHETIC
I0002211,SME000652,RM021,2026-02-12,BRANCH,FOLLOW_UP,CONTROLLED_SYNTHETIC
I0002212,SME000652,RM021,2026-05-21,BRANCH,FOLLOW_UP,CONTROLLED_SYNTHETIC
I0002213,SME000653,RM018,2026-06-11,MEETING,CONNECTED,CONTROLLED_SYNTHETIC
I0002214,SME000653,RM018,2025-12-25,CALL,FOLLOW_UP,CONTROLLED_SYNTHETIC
I0002215,SME000653,RM018,2026-04-28,BRANCH,FOLLOW_UP,CONTROLLED_SYNTHETIC
I0002216,SME000654,RM041,2025-11-08,MEETING,FOLLOW_UP,CONTROLLED_SYNTHETIC
I0002217,SME000654,RM041,2026-02-10,CALL,CONNECTED,CONTROLLED_SYNTHETIC
I0002218,SME000654,RM041,2026-02-09,BRANCH,NEEDS_REVIEW,CONTROLLED_SYNTHETIC
I0002219,SME000655,RM001,2025-11-16,CALL,CONNECTED,CONTROLLED_SYNTHETIC
I0002220,SME000655,RM001,2025-11-16,CALL,CONNECTED,CONTROLLED_SYNTHETIC
I0002221,SME000655,RM001,2026-08-04,CALL,NO_RESPONSE,CONTROLLED_SYNTHETIC
I0002222,SME000655,RM001,2026-07-08,CALL,NEEDS_REVIEW,CONTROLLED_SYNTHETIC
I0002223,SME000655,RM001,2026-06-23,MEETING,NO_RESPONSE,CONTROLLED_SYNTHETIC
I0002224,SME000656,RM041,2025-12-21,BRANCH,CONNECTED,CONTROLLED_SYNTHETIC
I0002225,SME000657,RM009,2025-12-15,BRANCH,FOLLOW_UP,CONTROLLED_SYNTHETIC
I0002226,SME000657,RM009,2026-01-18,MEETING,CONNECTED,CONTROLLED_SYNTHETIC
I0002227,SME000657,RM009,2025-10-08,SECURE_MESSAGE,NO_RESPONSE,CONTROLLED_SYNTHETIC
I0002228,SME000657,RM009,2026-07-13,BRANCH,NEEDS_REVIEW,CONTROLLED_SYNTHETIC
I0002229,SME000657,RM009,2026-01-08,MEETING,CONNECTED,CONTROLLED_SYNTHETIC
I0002230,SME000658,RM016,2026-06-18,SECURE_MESSAGE,CONNECTED,CONTROLLED_SYNTHETIC
I0002231,SME000658,RM016,2026-04-14,MEETING,NO_RESPONSE,CONTROLLED_SYNTHETIC
I0002232,SME000658,RM016,2025-09-04,MEETING,CONNECTED,CONTROLLED_SYNTHETIC
I0002233,SME000659,RM036,2026-03-20,CALL,CONNECTED,CONTROLLED_SYNTHETIC
I0002234,SME000659,RM036,2026-05-28,CALL,CONNECTED,CONTROLLED_SYNTHETIC
I0002235,SME000659,RM036,2025-11-14,CALL,FOLLOW_UP,CONTROLLED_SYNTHETIC
I0002236,SME000659,RM036,2025-09-02,SECURE_MESSAGE,CONNECTED,CONTROLLED_SYNTHETIC
I0002237,SME000660,RM017,2025-11-11,CALL,FOLLOW_UP,CONTROLLED_SYNTHETIC
I0002238,SME000661,RM009,2026-06-20,MEETING,NEEDS_REVIEW,CONTROLLED_SYNTHETIC
I0002239,SME000661,RM009,2025-09-11,MEETING,CONNECTED,CONTROLLED_SYNTHETIC
I0002240,SME000662,RM010,2026-04-12,SECURE_MESSAGE,CONNECTED,CONTROLLED_SYNTHETIC
I0002241,SME000662,RM010,2025-09-10,CALL,CONNECTED,CONTROLLED_SYNTHETIC
I0002242,SME000662,RM010,2026-02-21,MEETING,NO_RESPONSE,CONTROLLED_SYNTHETIC
I0002243,SME000662,RM010,2026-01-22,SECURE_MESSAGE,NO_RESPONSE,CONTROLLED_SYNTHETIC
I0002244,SME000662,RM010,2025-11-21,SECURE_MESSAGE,FOLLOW_UP,CONTROLLED_SYNTHETIC
I0002245,SME000663,RM030,2025-10-07,BRANCH,FOLLOW_UP,CONTROLLED_SYNTHETIC
I0002246,SME000663,RM030,2025-11-22,MEETING,CONNECTED,CONTROLLED_SYNTHETIC
I0002247,SME000663,RM030,2025-12-14,BRANCH,NO_RESPONSE,CONTROLLED_SYNTHETIC
I0002248,SME000663,RM030,2026-06-14,SECURE_MESSAGE,CONNECTED,CONTROLLED_SYNTHETIC
I0002249,SME000663,RM030,2026-04-13,MEETING,FOLLOW_UP,CONTROLLED_SYNTHETIC
I0002250,SME000664,RM030,2026-02-16,CALL,CONNECTED,CONTROLLED_SYNTHETIC
I0002251,SME000664,RM030,2025-12-16,SECURE_MESSAGE,NO_RESPONSE,CONTROLLED_SYNTHETIC
I0002252,SME000664,RM030,2026-02-23,MEETING,NO_RESPONSE,CONTROLLED_SYNTHETIC
I0002253,SME000664,RM030,2026-06-05,SECURE_MESSAGE,FOLLOW_UP,CONTROLLED_SYNTHETIC
I0002254,SME000665,RM002,2025-10-08,BRANCH,FOLLOW_UP,CONTROLLED_SYNTHETIC
I0002255,SME000665,RM002,2026-01-18,SECURE_MESSAGE,CONNECTED,CONTROLLED_SYNTHETIC
I0002256,SME000665,RM002,2026-02-15,CALL,CONNECTED,CONTROLLED_SYNTHETIC
I0002257,SME000665,RM002,2026-02-28,SECURE_MESSAGE,FOLLOW_UP,CONTROLLED_SYNTHETIC
I0002258,SME000665,RM002,2026-07-05,BRANCH,FOLLOW_UP,CONTROLLED_SYNTHETIC
I0002259,SME000665,RM002,2026-01-05,BRANCH,FOLLOW_UP,CONTROLLED_SYNTHETIC
I0002260,SME000666,RM033,2025-08-27,SECURE_MESSAGE,NEEDS_REVIEW,CONTROLLED_SYNTHETIC
I0002261,SME000667,RM032,2025-10-12,BRANCH,NEEDS_REVIEW,CONTROLLED_SYNTHETIC
I0002262,SME000668,RM030,2026-06-12,CALL,FOLLOW_UP,CONTROLLED_SYNTHETIC
I0002263,SME000668,RM030,2025-12-11,CALL,NO_RESPONSE,CONTROLLED_SYNTHETIC
I0002264,SME000668,RM030,2025-12-27,CALL,NO_RESPONSE,CONTROLLED_SYNTHETIC
I0002265,SME000668,RM030,2025-11-09,MEETING,FOLLOW_UP,CONTROLLED_SYNTHETIC
I0002266,SME000668,RM030,2026-05-13,MEETING,FOLLOW_UP,CONTROLLED_SYNTHETIC
I0002267,SME000668,RM030,2026-07-05,CALL,NO_RESPONSE,CONTROLLED_SYNTHETIC
I0002268,SME000669,RM030,2026-04-06,MEETING,NO_RESPONSE,CONTROLLED_SYNTHETIC
I0002269,SME000670,RM029,2026-03-15,CALL,CONNECTED,CONTROLLED_SYNTHETIC
I0002270,SME000670,RM029,2025-10-06,SECURE_MESSAGE,FOLLOW_UP,CONTROLLED_SYNTHETIC
I0002271,SME000671,RM013,2026-02-25,CALL,NO_RESPONSE,CONTROLLED_SYNTHETIC
I0002272,SME000671,RM013,2026-05-01,BRANCH,NEEDS_REVIEW,CONTROLLED_SYNTHETIC
I0002273,SME000671,RM013,2026-05-09,BRANCH,CONNECTED,CONTROLLED_SYNTHETIC
I0002274,SME000672,RM009,2025-08-21,BRANCH,FOLLOW_UP,CONTROLLED_SYNTHETIC
I0002275,SME000673,RM005,2026-02-20,BRANCH,NEEDS_REVIEW,CONTROLLED_SYNTHETIC
I0002276,SME000673,RM005,2026-08-12,MEETING,CONNECTED,CONTROLLED_SYNTHETIC
I0002277,SME000674,RM009,2025-11-17,MEETING,CONNECTED,CONTROLLED_SYNTHETIC
I0002278,SME000674,RM009,2025-09-13,MEETING,CONNECTED,CONTROLLED_SYNTHETIC
I0002279,SME000674,RM009,2026-03-16,SECURE_MESSAGE,NO_RESPONSE,CONTROLLED_SYNTHETIC
I0002280,SME000674,RM009,2025-08-21,MEETING,FOLLOW_UP,CONTROLLED_SYNTHETIC
I0002281,SME000675,RM022,2025-12-09,MEETING,FOLLOW_UP,CONTROLLED_SYNTHETIC
I0002282,SME000675,RM022,2026-01-24,SECURE_MESSAGE,CONNECTED,CONTROLLED_SYNTHETIC
I0002283,SME000675,RM022,2026-06-28,BRANCH,FOLLOW_UP,CONTROLLED_SYNTHETIC
I0002284,SME000675,RM022,2026-01-06,MEETING,NEEDS_REVIEW,CONTROLLED_SYNTHETIC
I0002285,SME000676,RM048,2025-12-02,SECURE_MESSAGE,NO_RESPONSE,CONTROLLED_SYNTHETIC
I0002286,SME000676,RM048,2025-11-15,MEETING,NO_RESPONSE,CONTROLLED_SYNTHETIC
I0002287,SME000676,RM048,2025-12-01,MEETING,FOLLOW_UP,CONTROLLED_SYNTHETIC
I0002288,SME000676,RM048,2026-08-07,BRANCH,FOLLOW_UP,CONTROLLED_SYNTHETIC
I0002289,SME000677,RM029,2026-06-28,CALL,NO_RESPONSE,CONTROLLED_SYNTHETIC
I0002290,SME000677,RM029,2026-06-02,BRANCH,FOLLOW_UP,CONTROLLED_SYNTHETIC
I0002291,SME000677,RM029,2025-11-19,SECURE_MESSAGE,FOLLOW_UP,CONTROLLED_SYNTHETIC
I0002292,SME000677,RM029,2026-07-07,CALL,NO_RESPONSE,CONTROLLED_SYNTHETIC
I0002293,SME000678,RM022,2026-03-31,SECURE_MESSAGE,CONNECTED,CONTROLLED_SYNTHETIC
I0002294,SME000678,RM022,2025-11-18,SECURE_MESSAGE,NEEDS_REVIEW,CONTROLLED_SYNTHETIC
I0002295,SME000678,RM022,2025-10-25,CALL,CONNECTED,CONTROLLED_SYNTHETIC
I0002296,SME000679,RM015,2025-12-31,CALL,CONNECTED,CONTROLLED_SYNTHETIC
I0002297,SME000679,RM015,2025-12-16,BRANCH,FOLLOW_UP,CONTROLLED_SYNTHETIC
I0002298,SME000679,RM015,2026-03-09,CALL,NO_RESPONSE,CONTROLLED_SYNTHETIC
I0002299,SME000679,RM015,2026-03-04,CALL,CONNECTED,CONTROLLED_SYNTHETIC
I0002300,SME000679,RM015,2026-04-14,BRANCH,CONNECTED,CONTROLLED_SYNTHETIC
I0002301,SME000679,RM015,2025-12-30,MEETING,NO_RESPONSE,CONTROLLED_SYNTHETIC
I0002302,SME000680,RM029,2025-10-17,CALL,FOLLOW_UP,CONTROLLED_SYNTHETIC
I0002303,SME000680,RM029,2025-08-24,BRANCH,FOLLOW_UP,CONTROLLED_SYNTHETIC
I0002304,SME000680,RM029,2026-07-02,CALL,CONNECTED,CONTROLLED_SYNTHETIC
I0002305,SME000680,RM029,2025-08-21,BRANCH,CONNECTED,CONTROLLED_SYNTHETIC
I0002306,SME000681,RM002,2025-12-21,CALL,NO_RESPONSE,CONTROLLED_SYNTHETIC
I0002307,SME000681,RM002,2026-01-18,SECURE_MESSAGE,NEEDS_REVIEW,CONTROLLED_SYNTHETIC
I0002308,SME000681,RM002,2026-03-17,BRANCH,NO_RESPONSE,CONTROLLED_SYNTHETIC
I0002309,SME000682,RM017,2026-04-10,CALL,CONNECTED,CONTROLLED_SYNTHETIC
I0002310,SME000682,RM017,2026-05-18,SECURE_MESSAGE,CONNECTED,CONTROLLED_SYNTHETIC
I0002311,SME000683,RM030,2025-11-28,SECURE_MESSAGE,NEEDS_REVIEW,CONTROLLED_SYNTHETIC
I0002312,SME000683,RM030,2026-04-07,SECURE_MESSAGE,FOLLOW_UP,CONTROLLED_SYNTHETIC
I0002313,SME000683,RM030,2026-03-27,MEETING,FOLLOW_UP,CONTROLLED_SYNTHETIC
I0002314,SME000684,RM027,2025-09-19,MEETING,CONNECTED,CONTROLLED_SYNTHETIC
I0002315,SME000684,RM027,2025-11-01,BRANCH,CONNECTED,CONTROLLED_SYNTHETIC
I0002316,SME000684,RM027,2026-05-31,BRANCH,NO_RESPONSE,CONTROLLED_SYNTHETIC
I0002317,SME000685,RM029,2025-08-23,MEETING,CONNECTED,CONTROLLED_SYNTHETIC
I0002318,SME000685,RM029,2025-10-22,CALL,FOLLOW_UP,CONTROLLED_SYNTHETIC
I0002319,SME000686,RM022,2026-08-08,MEETING,NEEDS_REVIEW,CONTROLLED_SYNTHETIC
I0002320,SME000686,RM022,2026-04-29,CALL,CONNECTED,CONTROLLED_SYNTHETIC
I0002321,SME000686,RM022,2025-12-24,MEETING,CONNECTED,CONTROLLED_SYNTHETIC
I0002322,SME000686,RM022,2026-03-28,CALL,FOLLOW_UP,CONTROLLED_SYNTHETIC
I0002323,SME000686,RM022,2026-07-23,BRANCH,NO_RESPONSE,CONTROLLED_SYNTHETIC
I0002324,SME000687,RM017,2025-09-08,CALL,NO_RESPONSE,CONTROLLED_SYNTHETIC
I0002325,SME000687,RM017,2026-04-29,SECURE_MESSAGE,CONNECTED,CONTROLLED_SYNTHETIC
I0002326,SME000688,RM011,2025-12-15,CALL,FOLLOW_UP,CONTROLLED_SYNTHETIC
I0002327,SME000688,RM011,2025-12-26,BRANCH,FOLLOW_UP,CONTROLLED_SYNTHETIC
I0002328,SME000688,RM011,2025-09-13,BRANCH,FOLLOW_UP,CONTROLLED_SYNTHETIC
I0002329,SME000689,RM016,2026-02-24,MEETING,CONNECTED,CONTROLLED_SYNTHETIC
I0002330,SME000690,RM018,2026-05-14,MEETING,CONNECTED,CONTROLLED_SYNTHETIC
I0002331,SME000690,RM018,2026-04-16,MEETING,CONNECTED,CONTROLLED_SYNTHETIC
I0002332,SME000690,RM018,2025-12-30,CALL,CONNECTED,CONTROLLED_SYNTHETIC
I0002333,SME000691,RM029,2026-03-16,BRANCH,FOLLOW_UP,CONTROLLED_SYNTHETIC
I0002334,SME000691,RM029,2026-01-27,SECURE_MESSAGE,NO_RESPONSE,CONTROLLED_SYNTHETIC
I0002335,SME000691,RM029,2026-01-12,BRANCH,FOLLOW_UP,CONTROLLED_SYNTHETIC
I0002336,SME000691,RM029,2025-12-06,BRANCH,NO_RESPONSE,CONTROLLED_SYNTHETIC
I0002337,SME000691,RM029,2025-08-22,SECURE_MESSAGE,CONNECTED,CONTROLLED_SYNTHETIC
I0002338,SME000692,RM021,2026-06-08,MEETING,CONNECTED,CONTROLLED_SYNTHETIC
I0002339,SME000692,RM021,2026-05-26,MEETING,CONNECTED,CONTROLLED_SYNTHETIC
I0002340,SME000692,RM021,2026-03-25,SECURE_MESSAGE,CONNECTED,CONTROLLED_SYNTHETIC
I0002341,SME000693,RM012,2025-10-15,CALL,FOLLOW_UP,CONTROLLED_SYNTHETIC
I0002342,SME000693,RM012,2026-01-26,CALL,NO_RESPONSE,CONTROLLED_SYNTHETIC
I0002343,SME000694,RM002,2026-02-16,MEETING,NO_RESPONSE,CONTROLLED_SYNTHETIC
I0002344,SME000694,RM002,2026-05-24,MEETING,CONNECTED,CONTROLLED_SYNTHETIC
I0002345,SME000694,RM002,2026-06-04,MEETING,FOLLOW_UP,CONTROLLED_SYNTHETIC
I0002346,SME000694,RM002,2025-09-15,MEETING,NO_RESPONSE,CONTROLLED_SYNTHETIC
I0002347,SME000694,RM002,2025-10-09,SECURE_MESSAGE,CONNECTED,CONTROLLED_SYNTHETIC
I0002348,SME000694,RM002,2025-11-29,BRANCH,NO_RESPONSE,CONTROLLED_SYNTHETIC
I0002349,SME000695,RM010,2026-07-13,MEETING,NO_RESPONSE,CONTROLLED_SYNTHETIC
I0002350,SME000696,RM012,2026-04-08,BRANCH,FOLLOW_UP,CONTROLLED_SYNTHETIC
I0002351,SME000696,RM012,2025-09-06,BRANCH,CONNECTED,CONTROLLED_SYNTHETIC
I0002352,SME000697,RM021,2025-09-28,BRANCH,NO_RESPONSE,CONTROLLED_SYNTHETIC
I0002353,SME000697,RM021,2025-11-18,CALL,FOLLOW_UP,CONTROLLED_SYNTHETIC
I0002354,SME000697,RM021,2026-06-05,MEETING,FOLLOW_UP,CONTROLLED_SYNTHETIC
I0002355,SME000697,RM021,2025-12-07,SECURE_MESSAGE,NO_RESPONSE,CONTROLLED_SYNTHETIC
I0002356,SME000697,RM021,2026-01-15,BRANCH,CONNECTED,CONTROLLED_SYNTHETIC
I0002357,SME000698,RM022,2026-07-16,SECURE_MESSAGE,CONNECTED,CONTROLLED_SYNTHETIC
I0002358,SME000698,RM022,2026-05-09,CALL,NO_RESPONSE,CONTROLLED_SYNTHETIC
I0002359,SME000698,RM022,2025-09-01,SECURE_MESSAGE,FOLLOW_UP,CONTROLLED_SYNTHETIC
I0002360,SME000698,RM022,2026-01-23,MEETING,CONNECTED,CONTROLLED_SYNTHETIC
I0002361,SME000698,RM022,2026-07-18,BRANCH,CONNECTED,CONTROLLED_SYNTHETIC
I0002362,SME000699,RM035,2026-04-10,MEETING,NEEDS_REVIEW,CONTROLLED_SYNTHETIC
I0002363,SME000699,RM035,2026-08-07,CALL,FOLLOW_UP,CONTROLLED_SYNTHETIC
I0002364,SME000699,RM035,2026-01-08,CALL,FOLLOW_UP,CONTROLLED_SYNTHETIC
I0002365,SME000700,RM014,2025-09-26,MEETING,CONNECTED,CONTROLLED_SYNTHETIC
I0002366,SME000700,RM014,2025-10-01,CALL,FOLLOW_UP,CONTROLLED_SYNTHETIC
I0002367,SME000700,RM014,2026-07-03,BRANCH,CONNECTED,CONTROLLED_SYNTHETIC
I0002368,SME000700,RM014,2026-04-13,BRANCH,NEEDS_REVIEW,CONTROLLED_SYNTHETIC
I0002369,SME000701,RM035,2025-11-06,CALL,NEEDS_REVIEW,CONTROLLED_SYNTHETIC
I0002370,SME000701,RM035,2026-06-06,SECURE_MESSAGE,CONNECTED,CONTROLLED_SYNTHETIC
I0002371,SME000701,RM035,2025-12-20,MEETING,NEEDS_REVIEW,CONTROLLED_SYNTHETIC
I0002372,SME000702,RM007,2025-09-18,BRANCH,CONNECTED,CONTROLLED_SYNTHETIC
I0002373,SME000702,RM007,2026-04-01,BRANCH,NO_RESPONSE,CONTROLLED_SYNTHETIC
I0002374,SME000702,RM007,2026-05-06,BRANCH,FOLLOW_UP,CONTROLLED_SYNTHETIC
I0002375,SME000703,RM035,2026-07-24,SECURE_MESSAGE,CONNECTED,CONTROLLED_SYNTHETIC
I0002376,SME000703,RM035,2025-09-14,MEETING,CONNECTED,CONTROLLED_SYNTHETIC
I0002377,SME000703,RM035,2025-11-03,BRANCH,CONNECTED,CONTROLLED_SYNTHETIC
I0002378,SME000704,RM030,2026-02-23,BRANCH,NO_RESPONSE,CONTROLLED_SYNTHETIC
I0002379,SME000705,RM013,2026-08-08,BRANCH,FOLLOW_UP,CONTROLLED_SYNTHETIC
I0002380,SME000705,RM013,2026-03-07,MEETING,NO_RESPONSE,CONTROLLED_SYNTHETIC
I0002381,SME000705,RM013,2026-03-09,SECURE_MESSAGE,FOLLOW_UP,CONTROLLED_SYNTHETIC
I0002382,SME000706,RM008,2025-09-23,MEETING,NO_RESPONSE,CONTROLLED_SYNTHETIC
I0002383,SME000706,RM008,2026-01-22,BRANCH,NO_RESPONSE,CONTROLLED_SYNTHETIC
I0002384,SME000706,RM008,2026-06-12,BRANCH,CONNECTED,CONTROLLED_SYNTHETIC
I0002385,SME000706,RM008,2026-04-17,BRANCH,CONNECTED,CONTROLLED_SYNTHETIC
I0002386,SME000707,RM002,2026-02-23,MEETING,NEEDS_REVIEW,CONTROLLED_SYNTHETIC
I0002387,SME000707,RM002,2025-11-30,MEETING,NEEDS_REVIEW,CONTROLLED_SYNTHETIC
I0002388,SME000708,RM029,2026-02-23,SECURE_MESSAGE,NO_RESPONSE,CONTROLLED_SYNTHETIC
I0002389,SME000708,RM029,2025-12-15,SECURE_MESSAGE,NEEDS_REVIEW,CONTROLLED_SYNTHETIC
I0002390,SME000708,RM029,2026-03-04,MEETING,NEEDS_REVIEW,CONTROLLED_SYNTHETIC
I0002391,SME000708,RM029,2026-02-15,CALL,CONNECTED,CONTROLLED_SYNTHETIC
I0002392,SME000708,RM029,2026-01-17,CALL,FOLLOW_UP,CONTROLLED_SYNTHETIC
I0002393,SME000708,RM029,2026-06-09,CALL,FOLLOW_UP,CONTROLLED_SYNTHETIC
I0002394,SME000709,RM022,2025-11-19,BRANCH,NO_RESPONSE,CONTROLLED_SYNTHETIC
I0002395,SME000709,RM022,2026-08-13,CALL,NO_RESPONSE,CONTROLLED_SYNTHETIC
I0002396,SME000709,RM022,2025-12-03,SECURE_MESSAGE,NO_RESPONSE,CONTROLLED_SYNTHETIC
I0002397,SME000710,RM031,2026-07-19,CALL,CONNECTED,CONTROLLED_SYNTHETIC
I0002398,SME000710,RM031,2025-11-25,BRANCH,FOLLOW_UP,CONTROLLED_SYNTHETIC
I0002399,SME000711,RM030,2025-09-23,CALL,CONNECTED,CONTROLLED_SYNTHETIC
I0002400,SME000712,RM046,2025-09-26,CALL,CONNECTED,CONTROLLED_SYNTHETIC
I0002401,SME000712,RM046,2026-03-02,MEETING,NEEDS_REVIEW,CONTROLLED_SYNTHETIC
I0002402,SME000712,RM046,2026-03-17,BRANCH,FOLLOW_UP,CONTROLLED_SYNTHETIC
I0002403,SME000712,RM046,2026-02-11,MEETING,FOLLOW_UP,CONTROLLED_SYNTHETIC
I0002404,SME000712,RM046,2025-08-25,BRANCH,NEEDS_REVIEW,CONTROLLED_SYNTHETIC
I0002405,SME000713,RM040,2025-10-13,BRANCH,CONNECTED,CONTROLLED_SYNTHETIC
I0002406,SME000713,RM040,2026-06-18,BRANCH,CONNECTED,CONTROLLED_SYNTHETIC
I0002407,SME000713,RM040,2025-09-11,MEETING,NO_RESPONSE,CONTROLLED_SYNTHETIC
I0002408,SME000713,RM040,2026-01-27,BRANCH,CONNECTED,CONTROLLED_SYNTHETIC
I0002409,SME000713,RM040,2026-05-25,CALL,NO_RESPONSE,CONTROLLED_SYNTHETIC
I0002410,SME000714,RM036,2026-05-25,CALL,FOLLOW_UP,CONTROLLED_SYNTHETIC
I0002411,SME000715,RM045,2025-09-01,CALL,CONNECTED,CONTROLLED_SYNTHETIC
I0002412,SME000715,RM045,2026-07-18,CALL,CONNECTED,CONTROLLED_SYNTHETIC
I0002413,SME000715,RM045,2025-12-31,BRANCH,NO_RESPONSE,CONTROLLED_SYNTHETIC
I0002414,SME000715,RM045,2026-05-03,SECURE_MESSAGE,FOLLOW_UP,CONTROLLED_SYNTHETIC
I0002415,SME000715,RM045,2026-01-21,CALL,FOLLOW_UP,CONTROLLED_SYNTHETIC
I0002416,SME000716,RM001,2025-09-16,BRANCH,FOLLOW_UP,CONTROLLED_SYNTHETIC
I0002417,SME000716,RM001,2026-06-30,BRANCH,CONNECTED,CONTROLLED_SYNTHETIC
I0002418,SME000716,RM001,2025-11-30,CALL,CONNECTED,CONTROLLED_SYNTHETIC
I0002419,SME000717,RM008,2026-01-05,SECURE_MESSAGE,CONNECTED,CONTROLLED_SYNTHETIC
I0002420,SME000717,RM008,2026-08-11,CALL,FOLLOW_UP,CONTROLLED_SYNTHETIC
I0002421,SME000718,RM045,2026-07-08,BRANCH,NO_RESPONSE,CONTROLLED_SYNTHETIC
I0002422,SME000719,RM030,2026-04-07,CALL,CONNECTED,CONTROLLED_SYNTHETIC
I0002423,SME000719,RM030,2025-12-02,MEETING,CONNECTED,CONTROLLED_SYNTHETIC
I0002424,SME000720,RM002,2025-12-20,BRANCH,NO_RESPONSE,CONTROLLED_SYNTHETIC
I0002425,SME000721,RM008,2025-10-13,SECURE_MESSAGE,CONNECTED,CONTROLLED_SYNTHETIC
I0002426,SME000721,RM008,2026-02-17,SECURE_MESSAGE,NO_RESPONSE,CONTROLLED_SYNTHETIC
I0002427,SME000721,RM008,2026-06-16,CALL,NO_RESPONSE,CONTROLLED_SYNTHETIC
I0002428,SME000721,RM008,2025-11-27,MEETING,FOLLOW_UP,CONTROLLED_SYNTHETIC
I0002429,SME000721,RM008,2026-06-03,MEETING,CONNECTED,CONTROLLED_SYNTHETIC
I0002430,SME000721,RM008,2026-01-06,BRANCH,CONNECTED,CONTROLLED_SYNTHETIC
I0002431,SME000722,RM040,2025-09-14,SECURE_MESSAGE,CONNECTED,CONTROLLED_SYNTHETIC
I0002432,SME000722,RM040,2026-04-26,MEETING,FOLLOW_UP,CONTROLLED_SYNTHETIC
I0002433,SME000722,RM040,2026-07-17,CALL,NO_RESPONSE,CONTROLLED_SYNTHETIC
I0002434,SME000723,RM018,2025-08-24,CALL,CONNECTED,CONTROLLED_SYNTHETIC
I0002435,SME000724,RM008,2025-08-21,MEETING,CONNECTED,CONTROLLED_SYNTHETIC
I0002436,SME000724,RM008,2025-08-27,SECURE_MESSAGE,NO_RESPONSE,CONTROLLED_SYNTHETIC
I0002437,SME000725,RM041,2026-02-03,MEETING,NO_RESPONSE,CONTROLLED_SYNTHETIC
I0002438,SME000725,RM041,2026-07-13,CALL,CONNECTED,CONTROLLED_SYNTHETIC
I0002439,SME000725,RM041,2026-06-30,BRANCH,NEEDS_REVIEW,CONTROLLED_SYNTHETIC
I0002440,SME000725,RM041,2026-06-02,BRANCH,FOLLOW_UP,CONTROLLED_SYNTHETIC
I0002441,SME000725,RM041,2026-01-18,MEETING,NO_RESPONSE,CONTROLLED_SYNTHETIC
I0002442,SME000726,RM041,2026-03-04,SECURE_MESSAGE,FOLLOW_UP,CONTROLLED_SYNTHETIC
I0002443,SME000726,RM041,2026-03-02,CALL,CONNECTED,CONTROLLED_SYNTHETIC
I0002444,SME000726,RM041,2026-05-21,BRANCH,CONNECTED,CONTROLLED_SYNTHETIC
I0002445,SME000727,RM038,2026-05-11,BRANCH,NO_RESPONSE,CONTROLLED_SYNTHETIC
I0002446,SME000728,RM036,2026-08-18,MEETING,CONNECTED,CONTROLLED_SYNTHETIC
I0002447,SME000729,RM002,2025-12-25,SECURE_MESSAGE,CONNECTED,CONTROLLED_SYNTHETIC
I0002448,SME000729,RM002,2026-05-27,MEETING,FOLLOW_UP,CONTROLLED_SYNTHETIC
I0002449,SME000730,RM004,2026-05-25,BRANCH,FOLLOW_UP,CONTROLLED_SYNTHETIC
I0002450,SME000730,RM004,2025-09-12,BRANCH,CONNECTED,CONTROLLED_SYNTHETIC
I0002451,SME000731,RM029,2026-08-04,MEETING,FOLLOW_UP,CONTROLLED_SYNTHETIC
I0002452,SME000731,RM029,2026-03-26,MEETING,CONNECTED,CONTROLLED_SYNTHETIC
I0002453,SME000731,RM029,2025-11-11,BRANCH,CONNECTED,CONTROLLED_SYNTHETIC
I0002454,SME000731,RM029,2025-10-04,SECURE_MESSAGE,FOLLOW_UP,CONTROLLED_SYNTHETIC
I0002455,SME000732,RM046,2026-02-02,BRANCH,CONNECTED,CONTROLLED_SYNTHETIC
I0002456,SME000733,RM043,2026-01-17,CALL,NEEDS_REVIEW,CONTROLLED_SYNTHETIC
I0002457,SME000733,RM043,2026-05-31,CALL,FOLLOW_UP,CONTROLLED_SYNTHETIC
I0002458,SME000733,RM043,2026-01-01,SECURE_MESSAGE,FOLLOW_UP,CONTROLLED_SYNTHETIC
I0002459,SME000733,RM043,2026-07-18,SECURE_MESSAGE,FOLLOW_UP,CONTROLLED_SYNTHETIC
I0002460,SME000733,RM043,2026-08-06,BRANCH,NO_RESPONSE,CONTROLLED_SYNTHETIC
I0002461,SME000733,RM043,2026-05-07,BRANCH,NO_RESPONSE,CONTROLLED_SYNTHETIC
I0002462,SME000734,RM034,2026-07-22,BRANCH,CONNECTED,CONTROLLED_SYNTHETIC
I0002463,SME000734,RM034,2026-07-06,BRANCH,NO_RESPONSE,CONTROLLED_SYNTHETIC
I0002464,SME000734,RM034,2025-09-06,SECURE_MESSAGE,NEEDS_REVIEW,CONTROLLED_SYNTHETIC
I0002465,SME000734,RM034,2025-08-28,BRANCH,CONNECTED,CONTROLLED_SYNTHETIC
I0002466,SME000734,RM034,2026-06-04,CALL,NEEDS_REVIEW,CONTROLLED_SYNTHETIC
I0002467,SME000735,RM001,2026-03-10,MEETING,NEEDS_REVIEW,CONTROLLED_SYNTHETIC
I0002468,SME000735,RM001,2026-04-01,MEETING,FOLLOW_UP,CONTROLLED_SYNTHETIC
I0002469,SME000735,RM001,2025-11-04,SECURE_MESSAGE,NEEDS_REVIEW,CONTROLLED_SYNTHETIC
I0002470,SME000735,RM001,2026-07-31,BRANCH,CONNECTED,CONTROLLED_SYNTHETIC
I0002471,SME000735,RM001,2025-09-07,CALL,CONNECTED,CONTROLLED_SYNTHETIC
I0002472,SME000735,RM001,2025-12-30,SECURE_MESSAGE,NO_RESPONSE,CONTROLLED_SYNTHETIC
I0002473,SME000736,RM008,2025-12-03,BRANCH,CONNECTED,CONTROLLED_SYNTHETIC
I0002474,SME000736,RM008,2026-03-06,MEETING,NO_RESPONSE,CONTROLLED_SYNTHETIC
I0002475,SME000736,RM008,2025-12-05,CALL,FOLLOW_UP,CONTROLLED_SYNTHETIC
I0002476,SME000736,RM008,2026-08-11,BRANCH,NO_RESPONSE,CONTROLLED_SYNTHETIC
I0002477,SME000736,RM008,2025-09-11,SECURE_MESSAGE,CONNECTED,CONTROLLED_SYNTHETIC
I0002478,SME000737,RM035,2026-04-17,BRANCH,CONNECTED,CONTROLLED_SYNTHETIC
I0002479,SME000737,RM035,2025-08-30,CALL,NEEDS_REVIEW,CONTROLLED_SYNTHETIC
I0002480,SME000737,RM035,2026-01-09,SECURE_MESSAGE,CONNECTED,CONTROLLED_SYNTHETIC
I0002481,SME000737,RM035,2026-01-10,SECURE_MESSAGE,CONNECTED,CONTROLLED_SYNTHETIC
I0002482,SME000737,RM035,2025-09-17,MEETING,NEEDS_REVIEW,CONTROLLED_SYNTHETIC
I0002483,SME000737,RM035,2025-12-11,MEETING,CONNECTED,CONTROLLED_SYNTHETIC
I0002484,SME000738,RM029,2026-04-14,SECURE_MESSAGE,FOLLOW_UP,CONTROLLED_SYNTHETIC
I0002485,SME000738,RM029,2026-04-21,BRANCH,CONNECTED,CONTROLLED_SYNTHETIC
I0002486,SME000738,RM029,2025-10-31,CALL,CONNECTED,CONTROLLED_SYNTHETIC
I0002487,SME000739,RM008,2026-01-29,BRANCH,CONNECTED,CONTROLLED_SYNTHETIC
I0002488,SME000739,RM008,2025-11-11,SECURE_MESSAGE,NEEDS_REVIEW,CONTROLLED_SYNTHETIC
I0002489,SME000739,RM008,2026-06-29,CALL,CONNECTED,CONTROLLED_SYNTHETIC
I0002490,SME000739,RM008,2026-03-29,CALL,NO_RESPONSE,CONTROLLED_SYNTHETIC
I0002491,SME000740,RM003,2026-04-12,BRANCH,CONNECTED,CONTROLLED_SYNTHETIC
I0002492,SME000740,RM003,2026-02-12,SECURE_MESSAGE,FOLLOW_UP,CONTROLLED_SYNTHETIC
I0002493,SME000740,RM003,2025-11-03,CALL,CONNECTED,CONTROLLED_SYNTHETIC
I0002494,SME000740,RM003,2026-03-08,SECURE_MESSAGE,FOLLOW_UP,CONTROLLED_SYNTHETIC
I0002495,SME000741,RM005,2026-07-24,MEETING,CONNECTED,CONTROLLED_SYNTHETIC
I0002496,SME000742,RM008,2025-10-11,MEETING,NO_RESPONSE,CONTROLLED_SYNTHETIC
I0002497,SME000742,RM008,2026-04-29,BRANCH,FOLLOW_UP,CONTROLLED_SYNTHETIC
I0002498,SME000742,RM008,2026-03-12,CALL,CONNECTED,CONTROLLED_SYNTHETIC
I0002499,SME000742,RM008,2025-11-04,CALL,FOLLOW_UP,CONTROLLED_SYNTHETIC
I0002500,SME000742,RM008,2025-09-20,BRANCH,FOLLOW_UP,CONTROLLED_SYNTHETIC
I0002501,SME000742,RM008,2025-12-17,CALL,NO_RESPONSE,CONTROLLED_SYNTHETIC
I0002502,SME000743,RM041,2026-04-12,CALL,NO_RESPONSE,CONTROLLED_SYNTHETIC
I0002503,SME000743,RM041,2026-04-23,CALL,FOLLOW_UP,CONTROLLED_SYNTHETIC
I0002504,SME000744,RM019,2025-11-30,BRANCH,CONNECTED,CONTROLLED_SYNTHETIC
I0002505,SME000744,RM019,2026-02-14,BRANCH,NO_RESPONSE,CONTROLLED_SYNTHETIC
I0002506,SME000744,RM019,2025-11-05,SECURE_MESSAGE,NO_RESPONSE,CONTROLLED_SYNTHETIC
I0002507,SME000744,RM019,2026-05-18,MEETING,FOLLOW_UP,CONTROLLED_SYNTHETIC
I0002508,SME000745,RM013,2025-10-15,SECURE_MESSAGE,NO_RESPONSE,CONTROLLED_SYNTHETIC
I0002509,SME000745,RM013,2026-04-04,MEETING,CONNECTED,CONTROLLED_SYNTHETIC
I0002510,SME000745,RM013,2026-04-30,MEETING,CONNECTED,CONTROLLED_SYNTHETIC
I0002511,SME000745,RM013,2026-07-17,CALL,CONNECTED,CONTROLLED_SYNTHETIC
I0002512,SME000745,RM013,2025-12-21,MEETING,CONNECTED,CONTROLLED_SYNTHETIC
I0002513,SME000745,RM013,2026-06-18,MEETING,FOLLOW_UP,CONTROLLED_SYNTHETIC
I0002514,SME000746,RM043,2025-08-24,SECURE_MESSAGE,NO_RESPONSE,CONTROLLED_SYNTHETIC
I0002515,SME000746,RM043,2025-11-22,SECURE_MESSAGE,NO_RESPONSE,CONTROLLED_SYNTHETIC
I0002516,SME000746,RM043,2026-06-01,CALL,FOLLOW_UP,CONTROLLED_SYNTHETIC
I0002517,SME000747,RM035,2025-11-13,CALL,CONNECTED,CONTROLLED_SYNTHETIC
I0002518,SME000747,RM035,2026-04-19,MEETING,NEEDS_REVIEW,CONTROLLED_SYNTHETIC
I0002519,SME000747,RM035,2026-07-17,BRANCH,CONNECTED,CONTROLLED_SYNTHETIC
I0002520,SME000747,RM035,2026-07-02,CALL,NEEDS_REVIEW,CONTROLLED_SYNTHETIC
I0002521,SME000748,RM018,2025-09-29,MEETING,NO_RESPONSE,CONTROLLED_SYNTHETIC
I0002522,SME000748,RM018,2025-10-23,BRANCH,CONNECTED,CONTROLLED_SYNTHETIC
I0002523,SME000749,RM047,2026-03-22,SECURE_MESSAGE,FOLLOW_UP,CONTROLLED_SYNTHETIC
I0002524,SME000749,RM047,2025-10-12,MEETING,CONNECTED,CONTROLLED_SYNTHETIC
I0002525,SME000750,RM037,2026-06-12,SECURE_MESSAGE,FOLLOW_UP,CONTROLLED_SYNTHETIC
I0002526,SME000750,RM037,2025-08-30,SECURE_MESSAGE,FOLLOW_UP,CONTROLLED_SYNTHETIC
I0002527,SME000751,RM037,2026-03-07,CALL,NEEDS_REVIEW,CONTROLLED_SYNTHETIC
I0002528,SME000751,RM037,2026-03-21,SECURE_MESSAGE,CONNECTED,CONTROLLED_SYNTHETIC
I0002529,SME000751,RM037,2025-12-04,BRANCH,CONNECTED,CONTROLLED_SYNTHETIC
I0002530,SME000751,RM037,2026-07-02,SECURE_MESSAGE,FOLLOW_UP,CONTROLLED_SYNTHETIC
I0002531,SME000751,RM037,2026-04-01,MEETING,FOLLOW_UP,CONTROLLED_SYNTHETIC
I0002532,SME000752,RM043,2026-05-13,MEETING,CONNECTED,CONTROLLED_SYNTHETIC
I0002533,SME000752,RM043,2025-12-31,BRANCH,FOLLOW_UP,CONTROLLED_SYNTHETIC
I0002534,SME000753,RM003,2026-06-27,CALL,NO_RESPONSE,CONTROLLED_SYNTHETIC
I0002535,SME000753,RM003,2026-06-25,BRANCH,CONNECTED,CONTROLLED_SYNTHETIC
I0002536,SME000753,RM003,2026-06-16,CALL,NO_RESPONSE,CONTROLLED_SYNTHETIC
I0002537,SME000753,RM003,2026-07-19,BRANCH,CONNECTED,CONTROLLED_SYNTHETIC
I0002538,SME000754,RM021,2026-06-08,MEETING,CONNECTED,CONTROLLED_SYNTHETIC
I0002539,SME000754,RM021,2025-11-07,BRANCH,NO_RESPONSE,CONTROLLED_SYNTHETIC
I0002540,SME000754,RM021,2026-02-10,SECURE_MESSAGE,NEEDS_REVIEW,CONTROLLED_SYNTHETIC
I0002541,SME000755,RM021,2026-04-14,BRANCH,CONNECTED,CONTROLLED_SYNTHETIC
I0002542,SME000755,RM021,2026-01-07,MEETING,FOLLOW_UP,CONTROLLED_SYNTHETIC
I0002543,SME000755,RM021,2025-09-07,BRANCH,CONNECTED,CONTROLLED_SYNTHETIC
I0002544,SME000756,RM037,2026-02-08,MEETING,CONNECTED,CONTROLLED_SYNTHETIC
I0002545,SME000756,RM037,2025-10-10,BRANCH,FOLLOW_UP,CONTROLLED_SYNTHETIC
I0002546,SME000756,RM037,2026-01-19,SECURE_MESSAGE,CONNECTED,CONTROLLED_SYNTHETIC
I0002547,SME000756,RM037,2026-08-12,SECURE_MESSAGE,FOLLOW_UP,CONTROLLED_SYNTHETIC
I0002548,SME000756,RM037,2026-05-23,SECURE_MESSAGE,CONNECTED,CONTROLLED_SYNTHETIC
I0002549,SME000756,RM037,2026-02-05,MEETING,NEEDS_REVIEW,CONTROLLED_SYNTHETIC
I0002550,SME000757,RM012,2025-09-20,CALL,CONNECTED,CONTROLLED_SYNTHETIC
I0002551,SME000757,RM012,2026-04-13,BRANCH,NEEDS_REVIEW,CONTROLLED_SYNTHETIC
I0002552,SME000757,RM012,2026-05-05,CALL,FOLLOW_UP,CONTROLLED_SYNTHETIC
I0002553,SME000757,RM012,2025-12-07,SECURE_MESSAGE,NO_RESPONSE,CONTROLLED_SYNTHETIC
I0002554,SME000757,RM012,2025-12-14,BRANCH,FOLLOW_UP,CONTROLLED_SYNTHETIC
I0002555,SME000757,RM012,2025-09-26,BRANCH,NO_RESPONSE,CONTROLLED_SYNTHETIC
I0002556,SME000758,RM009,2025-09-09,CALL,NO_RESPONSE,CONTROLLED_SYNTHETIC
I0002557,SME000758,RM009,2026-07-24,MEETING,CONNECTED,CONTROLLED_SYNTHETIC
I0002558,SME000758,RM009,2026-07-07,SECURE_MESSAGE,FOLLOW_UP,CONTROLLED_SYNTHETIC
I0002559,SME000759,RM029,2025-10-15,MEETING,FOLLOW_UP,CONTROLLED_SYNTHETIC
I0002560,SME000759,RM029,2026-06-23,SECURE_MESSAGE,FOLLOW_UP,CONTROLLED_SYNTHETIC
I0002561,SME000759,RM029,2025-12-02,MEETING,CONNECTED,CONTROLLED_SYNTHETIC
I0002562,SME000759,RM029,2026-01-28,CALL,CONNECTED,CONTROLLED_SYNTHETIC
I0002563,SME000759,RM029,2026-08-08,BRANCH,NO_RESPONSE,CONTROLLED_SYNTHETIC
I0002564,SME000760,RM017,2026-06-25,BRANCH,NO_RESPONSE,CONTROLLED_SYNTHETIC
I0002565,SME000760,RM017,2026-05-22,BRANCH,NO_RESPONSE,CONTROLLED_SYNTHETIC
I0002566,SME000760,RM017,2026-02-18,CALL,NEEDS_REVIEW,CONTROLLED_SYNTHETIC
I0002567,SME000760,RM017,2025-12-12,BRANCH,CONNECTED,CONTROLLED_SYNTHETIC
I0002568,SME000760,RM017,2026-01-09,MEETING,FOLLOW_UP,CONTROLLED_SYNTHETIC
I0002569,SME000760,RM017,2026-06-09,BRANCH,CONNECTED,CONTROLLED_SYNTHETIC
I0002570,SME000761,RM047,2026-06-21,BRANCH,NO_RESPONSE,CONTROLLED_SYNTHETIC
I0002571,SME000761,RM047,2025-11-26,CALL,FOLLOW_UP,CONTROLLED_SYNTHETIC
I0002572,SME000761,RM047,2025-12-05,SECURE_MESSAGE,CONNECTED,CONTROLLED_SYNTHETIC
I0002573,SME000761,RM047,2026-01-27,BRANCH,NO_RESPONSE,CONTROLLED_SYNTHETIC
I0002574,SME000761,RM047,2025-11-17,MEETING,CONNECTED,CONTROLLED_SYNTHETIC
I0002575,SME000762,RM021,2026-08-09,SECURE_MESSAGE,CONNECTED,CONTROLLED_SYNTHETIC
I0002576,SME000762,RM021,2025-10-09,BRANCH,FOLLOW_UP,CONTROLLED_SYNTHETIC
I0002577,SME000763,RM015,2026-04-11,CALL,CONNECTED,CONTROLLED_SYNTHETIC
I0002578,SME000763,RM015,2025-09-07,BRANCH,NO_RESPONSE,CONTROLLED_SYNTHETIC
I0002579,SME000763,RM015,2025-12-17,BRANCH,NEEDS_REVIEW,CONTROLLED_SYNTHETIC
I0002580,SME000764,RM043,2025-11-25,SECURE_MESSAGE,CONNECTED,CONTROLLED_SYNTHETIC
I0002581,SME000764,RM043,2026-06-07,MEETING,CONNECTED,CONTROLLED_SYNTHETIC
I0002582,SME000764,RM043,2026-01-05,MEETING,NO_RESPONSE,CONTROLLED_SYNTHETIC
I0002583,SME000765,RM046,2026-03-16,CALL,FOLLOW_UP,CONTROLLED_SYNTHETIC
I0002584,SME000765,RM046,2025-10-08,SECURE_MESSAGE,CONNECTED,CONTROLLED_SYNTHETIC
I0002585,SME000765,RM046,2026-07-06,MEETING,CONNECTED,CONTROLLED_SYNTHETIC
I0002586,SME000765,RM046,2025-12-29,CALL,CONNECTED,CONTROLLED_SYNTHETIC
I0002587,SME000765,RM046,2025-11-26,CALL,NEEDS_REVIEW,CONTROLLED_SYNTHETIC
I0002588,SME000766,RM033,2026-01-17,SECURE_MESSAGE,CONNECTED,CONTROLLED_SYNTHETIC
I0002589,SME000766,RM033,2025-12-10,BRANCH,CONNECTED,CONTROLLED_SYNTHETIC
I0002590,SME000766,RM033,2026-03-02,CALL,NEEDS_REVIEW,CONTROLLED_SYNTHETIC
I0002591,SME000766,RM033,2025-11-09,MEETING,NO_RESPONSE,CONTROLLED_SYNTHETIC
I0002592,SME000767,RM026,2026-05-08,BRANCH,FOLLOW_UP,CONTROLLED_SYNTHETIC
I0002593,SME000767,RM026,2026-07-18,SECURE_MESSAGE,FOLLOW_UP,CONTROLLED_SYNTHETIC
I0002594,SME000767,RM026,2026-01-29,MEETING,FOLLOW_UP,CONTROLLED_SYNTHETIC
I0002595,SME000768,RM017,2026-07-08,CALL,CONNECTED,CONTROLLED_SYNTHETIC
I0002596,SME000768,RM017,2026-04-22,SECURE_MESSAGE,CONNECTED,CONTROLLED_SYNTHETIC
I0002597,SME000768,RM017,2026-03-10,SECURE_MESSAGE,CONNECTED,CONTROLLED_SYNTHETIC
I0002598,SME000768,RM017,2026-02-21,SECURE_MESSAGE,FOLLOW_UP,CONTROLLED_SYNTHETIC
I0002599,SME000769,RM045,2025-12-11,BRANCH,NEEDS_REVIEW,CONTROLLED_SYNTHETIC
I0002600,SME000769,RM045,2025-12-29,MEETING,CONNECTED,CONTROLLED_SYNTHETIC
I0002601,SME000769,RM045,2026-06-26,SECURE_MESSAGE,NO_RESPONSE,CONTROLLED_SYNTHETIC
I0002602,SME000769,RM045,2025-12-28,CALL,CONNECTED,CONTROLLED_SYNTHETIC
I0002603,SME000769,RM045,2026-05-11,MEETING,CONNECTED,CONTROLLED_SYNTHETIC
I0002604,SME000770,RM042,2025-09-15,SECURE_MESSAGE,CONNECTED,CONTROLLED_SYNTHETIC
I0002605,SME000770,RM042,2025-11-22,BRANCH,NO_RESPONSE,CONTROLLED_SYNTHETIC
I0002606,SME000770,RM042,2026-02-02,BRANCH,NO_RESPONSE,CONTROLLED_SYNTHETIC
I0002607,SME000770,RM042,2025-11-01,BRANCH,CONNECTED,CONTROLLED_SYNTHETIC
I0002608,SME000770,RM042,2026-04-18,BRANCH,CONNECTED,CONTROLLED_SYNTHETIC
I0002609,SME000771,RM016,2026-05-31,SECURE_MESSAGE,CONNECTED,CONTROLLED_SYNTHETIC
I0002610,SME000771,RM016,2025-11-16,BRANCH,NEEDS_REVIEW,CONTROLLED_SYNTHETIC
I0002611,SME000771,RM016,2026-05-08,SECURE_MESSAGE,CONNECTED,CONTROLLED_SYNTHETIC
I0002612,SME000771,RM016,2026-08-07,BRANCH,NO_RESPONSE,CONTROLLED_SYNTHETIC
I0002613,SME000771,RM016,2025-09-10,SECURE_MESSAGE,FOLLOW_UP,CONTROLLED_SYNTHETIC
I0002614,SME000772,RM009,2026-06-21,CALL,FOLLOW_UP,CONTROLLED_SYNTHETIC
I0002615,SME000772,RM009,2025-08-31,BRANCH,NO_RESPONSE,CONTROLLED_SYNTHETIC
I0002616,SME000772,RM009,2025-11-11,SECURE_MESSAGE,FOLLOW_UP,CONTROLLED_SYNTHETIC
I0002617,SME000773,RM002,2026-03-29,BRANCH,NEEDS_REVIEW,CONTROLLED_SYNTHETIC
I0002618,SME000773,RM002,2026-06-01,SECURE_MESSAGE,CONNECTED,CONTROLLED_SYNTHETIC
I0002619,SME000773,RM002,2026-07-03,SECURE_MESSAGE,CONNECTED,CONTROLLED_SYNTHETIC
I0002620,SME000773,RM002,2026-06-10,MEETING,NEEDS_REVIEW,CONTROLLED_SYNTHETIC
I0002621,SME000773,RM002,2026-07-22,BRANCH,CONNECTED,CONTROLLED_SYNTHETIC
I0002622,SME000773,RM002,2026-07-28,CALL,CONNECTED,CONTROLLED_SYNTHETIC
I0002623,SME000774,RM032,2026-06-11,MEETING,FOLLOW_UP,CONTROLLED_SYNTHETIC
I0002624,SME000774,RM032,2025-12-10,BRANCH,CONNECTED,CONTROLLED_SYNTHETIC
I0002625,SME000774,RM032,2025-10-20,BRANCH,CONNECTED,CONTROLLED_SYNTHETIC
I0002626,SME000775,RM013,2025-10-29,MEETING,NO_RESPONSE,CONTROLLED_SYNTHETIC
I0002627,SME000775,RM013,2025-12-17,MEETING,CONNECTED,CONTROLLED_SYNTHETIC
I0002628,SME000775,RM013,2025-09-18,MEETING,NEEDS_REVIEW,CONTROLLED_SYNTHETIC
I0002629,SME000775,RM013,2025-08-23,BRANCH,NO_RESPONSE,CONTROLLED_SYNTHETIC
I0002630,SME000775,RM013,2026-02-18,SECURE_MESSAGE,NO_RESPONSE,CONTROLLED_SYNTHETIC
I0002631,SME000775,RM013,2026-01-27,CALL,CONNECTED,CONTROLLED_SYNTHETIC
I0002632,SME000776,RM029,2026-04-05,SECURE_MESSAGE,FOLLOW_UP,CONTROLLED_SYNTHETIC
I0002633,SME000776,RM029,2026-01-13,MEETING,NO_RESPONSE,CONTROLLED_SYNTHETIC
I0002634,SME000776,RM029,2026-05-13,MEETING,CONNECTED,CONTROLLED_SYNTHETIC
I0002635,SME000777,RM031,2026-03-27,MEETING,CONNECTED,CONTROLLED_SYNTHETIC
I0002636,SME000777,RM031,2025-11-21,BRANCH,CONNECTED,CONTROLLED_SYNTHETIC
I0002637,SME000778,RM036,2026-08-10,BRANCH,CONNECTED,CONTROLLED_SYNTHETIC
I0002638,SME000778,RM036,2025-09-07,CALL,NO_RESPONSE,CONTROLLED_SYNTHETIC
I0002639,SME000778,RM036,2026-08-14,MEETING,NO_RESPONSE,CONTROLLED_SYNTHETIC
I0002640,SME000778,RM036,2025-09-03,CALL,NEEDS_REVIEW,CONTROLLED_SYNTHETIC
I0002641,SME000779,RM028,2025-10-16,CALL,NO_RESPONSE,CONTROLLED_SYNTHETIC
I0002642,SME000779,RM028,2026-04-19,SECURE_MESSAGE,CONNECTED,CONTROLLED_SYNTHETIC
I0002643,SME000779,RM028,2026-07-06,BRANCH,NEEDS_REVIEW,CONTROLLED_SYNTHETIC
I0002644,SME000780,RM026,2026-05-10,MEETING,FOLLOW_UP,CONTROLLED_SYNTHETIC
I0002645,SME000780,RM026,2025-09-29,SECURE_MESSAGE,NO_RESPONSE,CONTROLLED_SYNTHETIC
I0002646,SME000780,RM026,2025-09-24,MEETING,CONNECTED,CONTROLLED_SYNTHETIC
I0002647,SME000780,RM026,2025-11-23,BRANCH,FOLLOW_UP,CONTROLLED_SYNTHETIC
I0002648,SME000780,RM026,2026-07-21,MEETING,NO_RESPONSE,CONTROLLED_SYNTHETIC
I0002649,SME000780,RM026,2026-05-07,MEETING,FOLLOW_UP,CONTROLLED_SYNTHETIC
I0002650,SME000781,RM016,2025-11-29,SECURE_MESSAGE,CONNECTED,CONTROLLED_SYNTHETIC
I0002651,SME000781,RM016,2025-11-17,SECURE_MESSAGE,CONNECTED,CONTROLLED_SYNTHETIC
I0002652,SME000781,RM016,2026-04-14,BRANCH,CONNECTED,CONTROLLED_SYNTHETIC
I0002653,SME000782,RM008,2025-09-19,CALL,NO_RESPONSE,CONTROLLED_SYNTHETIC
I0002654,SME000783,RM008,2025-11-01,MEETING,CONNECTED,CONTROLLED_SYNTHETIC
I0002655,SME000783,RM008,2026-06-21,CALL,CONNECTED,CONTROLLED_SYNTHETIC
I0002656,SME000784,RM046,2026-04-03,SECURE_MESSAGE,NO_RESPONSE,CONTROLLED_SYNTHETIC
I0002657,SME000784,RM046,2026-02-15,CALL,NEEDS_REVIEW,CONTROLLED_SYNTHETIC
I0002658,SME000784,RM046,2026-01-07,BRANCH,NO_RESPONSE,CONTROLLED_SYNTHETIC
I0002659,SME000784,RM046,2026-05-16,SECURE_MESSAGE,FOLLOW_UP,CONTROLLED_SYNTHETIC
I0002660,SME000784,RM046,2026-02-11,SECURE_MESSAGE,NO_RESPONSE,CONTROLLED_SYNTHETIC
I0002661,SME000785,RM005,2026-06-13,CALL,CONNECTED,CONTROLLED_SYNTHETIC
I0002662,SME000785,RM005,2026-02-02,CALL,NO_RESPONSE,CONTROLLED_SYNTHETIC
I0002663,SME000786,RM032,2026-05-08,BRANCH,CONNECTED,CONTROLLED_SYNTHETIC
I0002664,SME000786,RM032,2025-11-18,SECURE_MESSAGE,NO_RESPONSE,CONTROLLED_SYNTHETIC
I0002665,SME000786,RM032,2026-02-15,CALL,NO_RESPONSE,CONTROLLED_SYNTHETIC
I0002666,SME000786,RM032,2025-12-12,CALL,CONNECTED,CONTROLLED_SYNTHETIC
I0002667,SME000786,RM032,2025-10-12,SECURE_MESSAGE,CONNECTED,CONTROLLED_SYNTHETIC
I0002668,SME000786,RM032,2025-09-29,CALL,CONNECTED,CONTROLLED_SYNTHETIC
I0002669,SME000787,RM023,2025-10-09,SECURE_MESSAGE,NEEDS_REVIEW,CONTROLLED_SYNTHETIC
I0002670,SME000788,RM046,2025-09-15,MEETING,NEEDS_REVIEW,CONTROLLED_SYNTHETIC
I0002671,SME000788,RM046,2025-09-08,MEETING,CONNECTED,CONTROLLED_SYNTHETIC
I0002672,SME000789,RM037,2025-09-25,SECURE_MESSAGE,NO_RESPONSE,CONTROLLED_SYNTHETIC
I0002673,SME000789,RM037,2025-09-12,BRANCH,NO_RESPONSE,CONTROLLED_SYNTHETIC
I0002674,SME000789,RM037,2026-07-05,CALL,FOLLOW_UP,CONTROLLED_SYNTHETIC
I0002675,SME000789,RM037,2026-08-07,SECURE_MESSAGE,FOLLOW_UP,CONTROLLED_SYNTHETIC
I0002676,SME000789,RM037,2025-10-24,CALL,CONNECTED,CONTROLLED_SYNTHETIC
I0002677,SME000790,RM038,2025-11-21,BRANCH,NO_RESPONSE,CONTROLLED_SYNTHETIC
I0002678,SME000790,RM038,2025-10-11,MEETING,FOLLOW_UP,CONTROLLED_SYNTHETIC
I0002679,SME000790,RM038,2025-10-03,CALL,FOLLOW_UP,CONTROLLED_SYNTHETIC
I0002680,SME000790,RM038,2026-06-08,BRANCH,FOLLOW_UP,CONTROLLED_SYNTHETIC
I0002681,SME000790,RM038,2026-04-22,MEETING,NO_RESPONSE,CONTROLLED_SYNTHETIC
I0002682,SME000791,RM020,2026-03-28,MEETING,NO_RESPONSE,CONTROLLED_SYNTHETIC
I0002683,SME000791,RM020,2026-03-18,CALL,CONNECTED,CONTROLLED_SYNTHETIC
I0002684,SME000791,RM020,2026-07-18,CALL,FOLLOW_UP,CONTROLLED_SYNTHETIC
I0002685,SME000792,RM030,2026-01-04,MEETING,FOLLOW_UP,CONTROLLED_SYNTHETIC
I0002686,SME000793,RM017,2026-02-14,CALL,FOLLOW_UP,CONTROLLED_SYNTHETIC
I0002687,SME000793,RM017,2025-09-03,CALL,FOLLOW_UP,CONTROLLED_SYNTHETIC
I0002688,SME000793,RM017,2025-12-21,CALL,CONNECTED,CONTROLLED_SYNTHETIC
I0002689,SME000793,RM017,2025-09-23,CALL,FOLLOW_UP,CONTROLLED_SYNTHETIC
I0002690,SME000793,RM017,2026-02-05,CALL,CONNECTED,CONTROLLED_SYNTHETIC
I0002691,SME000794,RM022,2026-08-13,CALL,FOLLOW_UP,CONTROLLED_SYNTHETIC
I0002692,SME000794,RM022,2025-10-25,SECURE_MESSAGE,FOLLOW_UP,CONTROLLED_SYNTHETIC
I0002693,SME000794,RM022,2026-05-03,MEETING,NO_RESPONSE,CONTROLLED_SYNTHETIC
I0002694,SME000794,RM022,2026-08-14,MEETING,FOLLOW_UP,CONTROLLED_SYNTHETIC
I0002695,SME000794,RM022,2026-05-06,MEETING,FOLLOW_UP,CONTROLLED_SYNTHETIC
I0002696,SME000795,RM030,2026-02-25,BRANCH,NO_RESPONSE,CONTROLLED_SYNTHETIC
I0002697,SME000795,RM030,2025-09-27,CALL,CONNECTED,CONTROLLED_SYNTHETIC
I0002698,SME000795,RM030,2026-06-22,BRANCH,NO_RESPONSE,CONTROLLED_SYNTHETIC
I0002699,SME000795,RM030,2026-01-07,BRANCH,FOLLOW_UP,CONTROLLED_SYNTHETIC
I0002700,SME000796,RM038,2025-12-22,CALL,CONNECTED,CONTROLLED_SYNTHETIC
I0002701,SME000796,RM038,2026-06-05,CALL,CONNECTED,CONTROLLED_SYNTHETIC
I0002702,SME000796,RM038,2025-11-23,MEETING,CONNECTED,CONTROLLED_SYNTHETIC
I0002703,SME000796,RM038,2025-10-07,SECURE_MESSAGE,CONNECTED,CONTROLLED_SYNTHETIC
I0002704,SME000797,RM029,2025-10-27,SECURE_MESSAGE,CONNECTED,CONTROLLED_SYNTHETIC
I0002705,SME000797,RM029,2026-03-23,CALL,CONNECTED,CONTROLLED_SYNTHETIC
I0002706,SME000798,RM028,2026-01-23,BRANCH,FOLLOW_UP,CONTROLLED_SYNTHETIC
I0002707,SME000798,RM028,2025-09-11,CALL,CONNECTED,CONTROLLED_SYNTHETIC
I0002708,SME000798,RM028,2026-08-17,MEETING,NEEDS_REVIEW,CONTROLLED_SYNTHETIC
I0002709,SME000798,RM028,2026-07-22,CALL,FOLLOW_UP,CONTROLLED_SYNTHETIC
I0002710,SME000799,RM036,2025-12-27,SECURE_MESSAGE,FOLLOW_UP,CONTROLLED_SYNTHETIC
I0002711,SME000799,RM036,2026-01-09,CALL,CONNECTED,CONTROLLED_SYNTHETIC
I0002712,SME000799,RM036,2026-04-29,BRANCH,FOLLOW_UP,CONTROLLED_SYNTHETIC
I0002713,SME000799,RM036,2026-04-22,SECURE_MESSAGE,FOLLOW_UP,CONTROLLED_SYNTHETIC
I0002714,SME000800,RM029,2026-06-27,MEETING,CONNECTED,CONTROLLED_SYNTHETIC
I0002715,SME000800,RM029,2025-09-29,SECURE_MESSAGE,CONNECTED,CONTROLLED_SYNTHETIC
I0002716,SME000800,RM029,2025-09-17,BRANCH,FOLLOW_UP,CONTROLLED_SYNTHETIC
I0002717,SME000801,RM008,2026-04-10,SECURE_MESSAGE,NO_RESPONSE,CONTROLLED_SYNTHETIC
I0002718,SME000801,RM008,2025-12-22,BRANCH,CONNECTED,CONTROLLED_SYNTHETIC
I0002719,SME000801,RM008,2026-07-25,SECURE_MESSAGE,CONNECTED,CONTROLLED_SYNTHETIC
I0002720,SME000802,RM028,2026-03-28,BRANCH,NEEDS_REVIEW,CONTROLLED_SYNTHETIC
I0002721,SME000802,RM028,2026-06-10,SECURE_MESSAGE,CONNECTED,CONTROLLED_SYNTHETIC
I0002722,SME000802,RM028,2025-09-16,CALL,CONNECTED,CONTROLLED_SYNTHETIC
I0002723,SME000803,RM011,2026-08-10,MEETING,FOLLOW_UP,CONTROLLED_SYNTHETIC
I0002724,SME000803,RM011,2026-02-06,CALL,NEEDS_REVIEW,CONTROLLED_SYNTHETIC
I0002725,SME000803,RM011,2026-03-05,BRANCH,NO_RESPONSE,CONTROLLED_SYNTHETIC
I0002726,SME000803,RM011,2025-11-04,BRANCH,CONNECTED,CONTROLLED_SYNTHETIC
I0002727,SME000803,RM011,2026-01-11,MEETING,CONNECTED,CONTROLLED_SYNTHETIC
I0002728,SME000803,RM011,2026-02-24,SECURE_MESSAGE,CONNECTED,CONTROLLED_SYNTHETIC
I0002729,SME000804,RM041,2026-01-16,MEETING,FOLLOW_UP,CONTROLLED_SYNTHETIC
I0002730,SME000804,RM041,2026-07-21,MEETING,FOLLOW_UP,CONTROLLED_SYNTHETIC
I0002731,SME000804,RM041,2026-07-15,BRANCH,CONNECTED,CONTROLLED_SYNTHETIC
I0002732,SME000804,RM041,2026-07-28,CALL,CONNECTED,CONTROLLED_SYNTHETIC
I0002733,SME000804,RM041,2025-11-30,SECURE_MESSAGE,CONNECTED,CONTROLLED_SYNTHETIC
I0002734,SME000805,RM007,2026-02-26,SECURE_MESSAGE,CONNECTED,CONTROLLED_SYNTHETIC
I0002735,SME000806,RM023,2026-07-19,SECURE_MESSAGE,CONNECTED,CONTROLLED_SYNTHETIC
I0002736,SME000807,RM032,2026-03-30,SECURE_MESSAGE,FOLLOW_UP,CONTROLLED_SYNTHETIC
I0002737,SME000807,RM032,2026-06-23,MEETING,CONNECTED,CONTROLLED_SYNTHETIC
I0002738,SME000807,RM032,2026-06-24,BRANCH,CONNECTED,CONTROLLED_SYNTHETIC
I0002739,SME000808,RM041,2025-10-02,CALL,FOLLOW_UP,CONTROLLED_SYNTHETIC
I0002740,SME000808,RM041,2025-09-01,CALL,FOLLOW_UP,CONTROLLED_SYNTHETIC
I0002741,SME000808,RM041,2026-06-09,MEETING,FOLLOW_UP,CONTROLLED_SYNTHETIC
I0002742,SME000808,RM041,2026-04-02,SECURE_MESSAGE,CONNECTED,CONTROLLED_SYNTHETIC
I0002743,SME000809,RM025,2025-10-10,SECURE_MESSAGE,FOLLOW_UP,CONTROLLED_SYNTHETIC
I0002744,SME000809,RM025,2026-03-14,MEETING,FOLLOW_UP,CONTROLLED_SYNTHETIC
I0002745,SME000809,RM025,2026-02-14,BRANCH,NEEDS_REVIEW,CONTROLLED_SYNTHETIC
I0002746,SME000809,RM025,2026-04-02,CALL,NO_RESPONSE,CONTROLLED_SYNTHETIC
I0002747,SME000809,RM025,2025-11-25,BRANCH,NO_RESPONSE,CONTROLLED_SYNTHETIC
I0002748,SME000810,RM012,2025-09-03,MEETING,CONNECTED,CONTROLLED_SYNTHETIC
I0002749,SME000811,RM024,2025-11-07,MEETING,NO_RESPONSE,CONTROLLED_SYNTHETIC
I0002750,SME000812,RM046,2026-02-20,MEETING,FOLLOW_UP,CONTROLLED_SYNTHETIC
I0002751,SME000812,RM046,2026-01-29,BRANCH,CONNECTED,CONTROLLED_SYNTHETIC
I0002752,SME000812,RM046,2026-06-20,MEETING,CONNECTED,CONTROLLED_SYNTHETIC
I0002753,SME000812,RM046,2026-03-26,SECURE_MESSAGE,NEEDS_REVIEW,CONTROLLED_SYNTHETIC
I0002754,SME000812,RM046,2025-09-05,MEETING,NEEDS_REVIEW,CONTROLLED_SYNTHETIC
I0002755,SME000813,RM035,2025-11-04,SECURE_MESSAGE,FOLLOW_UP,CONTROLLED_SYNTHETIC
I0002756,SME000813,RM035,2025-10-07,SECURE_MESSAGE,FOLLOW_UP,CONTROLLED_SYNTHETIC
I0002757,SME000813,RM035,2026-03-15,BRANCH,NEEDS_REVIEW,CONTROLLED_SYNTHETIC
I0002758,SME000813,RM035,2026-08-16,MEETING,CONNECTED,CONTROLLED_SYNTHETIC
I0002759,SME000813,RM035,2026-05-12,CALL,FOLLOW_UP,CONTROLLED_SYNTHETIC
I0002760,SME000813,RM035,2025-09-27,MEETING,CONNECTED,CONTROLLED_SYNTHETIC
I0002761,SME000814,RM029,2025-11-09,CALL,CONNECTED,CONTROLLED_SYNTHETIC
I0002762,SME000814,RM029,2026-08-15,SECURE_MESSAGE,NEEDS_REVIEW,CONTROLLED_SYNTHETIC
I0002763,SME000814,RM029,2025-10-05,CALL,FOLLOW_UP,CONTROLLED_SYNTHETIC
I0002764,SME000814,RM029,2026-03-07,BRANCH,NO_RESPONSE,CONTROLLED_SYNTHETIC
I0002765,SME000814,RM029,2025-10-12,BRANCH,CONNECTED,CONTROLLED_SYNTHETIC
I0002766,SME000815,RM018,2026-04-23,SECURE_MESSAGE,FOLLOW_UP,CONTROLLED_SYNTHETIC
I0002767,SME000815,RM018,2026-07-14,SECURE_MESSAGE,NO_RESPONSE,CONTROLLED_SYNTHETIC
I0002768,SME000816,RM005,2025-10-15,CALL,CONNECTED,CONTROLLED_SYNTHETIC
I0002769,SME000816,RM005,2025-12-17,CALL,CONNECTED,CONTROLLED_SYNTHETIC
I0002770,SME000816,RM005,2026-03-29,MEETING,CONNECTED,CONTROLLED_SYNTHETIC
I0002771,SME000816,RM005,2026-04-28,SECURE_MESSAGE,NEEDS_REVIEW,CONTROLLED_SYNTHETIC
I0002772,SME000817,RM021,2026-01-10,CALL,CONNECTED,CONTROLLED_SYNTHETIC
I0002773,SME000817,RM021,2025-11-09,SECURE_MESSAGE,FOLLOW_UP,CONTROLLED_SYNTHETIC
I0002774,SME000817,RM021,2025-10-08,MEETING,NEEDS_REVIEW,CONTROLLED_SYNTHETIC
I0002775,SME000817,RM021,2026-03-24,SECURE_MESSAGE,CONNECTED,CONTROLLED_SYNTHETIC
I0002776,SME000817,RM021,2026-03-24,MEETING,FOLLOW_UP,CONTROLLED_SYNTHETIC
I0002777,SME000817,RM021,2025-11-14,MEETING,CONNECTED,CONTROLLED_SYNTHETIC
I0002778,SME000818,RM009,2026-02-05,SECURE_MESSAGE,FOLLOW_UP,CONTROLLED_SYNTHETIC
I0002779,SME000818,RM009,2025-11-16,BRANCH,NO_RESPONSE,CONTROLLED_SYNTHETIC
I0002780,SME000818,RM009,2025-11-15,CALL,FOLLOW_UP,CONTROLLED_SYNTHETIC
I0002781,SME000818,RM009,2026-05-18,CALL,NO_RESPONSE,CONTROLLED_SYNTHETIC
I0002782,SME000818,RM009,2025-11-12,SECURE_MESSAGE,NEEDS_REVIEW,CONTROLLED_SYNTHETIC
I0002783,SME000819,RM041,2025-10-15,MEETING,FOLLOW_UP,CONTROLLED_SYNTHETIC
I0002784,SME000820,RM009,2026-02-06,MEETING,FOLLOW_UP,CONTROLLED_SYNTHETIC
I0002785,SME000820,RM009,2026-01-12,SECURE_MESSAGE,NEEDS_REVIEW,CONTROLLED_SYNTHETIC
I0002786,SME000820,RM009,2026-03-13,CALL,FOLLOW_UP,CONTROLLED_SYNTHETIC
I0002787,SME000820,RM009,2026-02-14,CALL,NO_RESPONSE,CONTROLLED_SYNTHETIC
I0002788,SME000820,RM009,2025-10-19,SECURE_MESSAGE,NO_RESPONSE,CONTROLLED_SYNTHETIC
I0002789,SME000820,RM009,2026-05-16,CALL,NO_RESPONSE,CONTROLLED_SYNTHETIC
I0002790,SME000821,RM045,2026-07-27,SECURE_MESSAGE,CONNECTED,CONTROLLED_SYNTHETIC
I0002791,SME000821,RM045,2025-11-16,SECURE_MESSAGE,FOLLOW_UP,CONTROLLED_SYNTHETIC
I0002792,SME000822,RM018,2026-04-12,SECURE_MESSAGE,FOLLOW_UP,CONTROLLED_SYNTHETIC
I0002793,SME000823,RM036,2026-01-22,SECURE_MESSAGE,FOLLOW_UP,CONTROLLED_SYNTHETIC
I0002794,SME000823,RM036,2026-05-17,BRANCH,NO_RESPONSE,CONTROLLED_SYNTHETIC
I0002795,SME000824,RM036,2026-02-20,SECURE_MESSAGE,FOLLOW_UP,CONTROLLED_SYNTHETIC
I0002796,SME000824,RM036,2026-04-08,CALL,CONNECTED,CONTROLLED_SYNTHETIC
I0002797,SME000824,RM036,2026-02-10,BRANCH,FOLLOW_UP,CONTROLLED_SYNTHETIC
I0002798,SME000824,RM036,2026-05-30,CALL,CONNECTED,CONTROLLED_SYNTHETIC
I0002799,SME000824,RM036,2026-03-18,MEETING,CONNECTED,CONTROLLED_SYNTHETIC
I0002800,SME000824,RM036,2025-12-08,BRANCH,FOLLOW_UP,CONTROLLED_SYNTHETIC
I0002801,SME000825,RM042,2026-04-07,BRANCH,CONNECTED,CONTROLLED_SYNTHETIC
I0002802,SME000825,RM042,2026-06-22,CALL,NO_RESPONSE,CONTROLLED_SYNTHETIC
I0002803,SME000825,RM042,2026-06-28,CALL,NO_RESPONSE,CONTROLLED_SYNTHETIC
I0002804,SME000826,RM009,2025-11-21,CALL,CONNECTED,CONTROLLED_SYNTHETIC
I0002805,SME000826,RM009,2026-01-18,BRANCH,CONNECTED,CONTROLLED_SYNTHETIC
I0002806,SME000826,RM009,2026-03-16,MEETING,FOLLOW_UP,CONTROLLED_SYNTHETIC
I0002807,SME000826,RM009,2026-06-25,MEETING,CONNECTED,CONTROLLED_SYNTHETIC
I0002808,SME000827,RM007,2026-01-08,BRANCH,FOLLOW_UP,CONTROLLED_SYNTHETIC
I0002809,SME000827,RM007,2026-03-29,CALL,CONNECTED,CONTROLLED_SYNTHETIC
I0002810,SME000827,RM007,2026-02-23,MEETING,CONNECTED,CONTROLLED_SYNTHETIC
I0002811,SME000827,RM007,2025-11-16,SECURE_MESSAGE,NO_RESPONSE,CONTROLLED_SYNTHETIC
I0002812,SME000827,RM007,2026-05-18,CALL,FOLLOW_UP,CONTROLLED_SYNTHETIC
I0002813,SME000827,RM007,2026-03-25,MEETING,CONNECTED,CONTROLLED_SYNTHETIC
I0002814,SME000828,RM045,2025-10-11,BRANCH,CONNECTED,CONTROLLED_SYNTHETIC
I0002815,SME000828,RM045,2026-07-18,MEETING,NO_RESPONSE,CONTROLLED_SYNTHETIC
I0002816,SME000828,RM045,2025-11-17,BRANCH,CONNECTED,CONTROLLED_SYNTHETIC
I0002817,SME000828,RM045,2026-03-21,MEETING,FOLLOW_UP,CONTROLLED_SYNTHETIC
I0002818,SME000828,RM045,2025-12-31,MEETING,CONNECTED,CONTROLLED_SYNTHETIC
I0002819,SME000828,RM045,2025-12-13,SECURE_MESSAGE,CONNECTED,CONTROLLED_SYNTHETIC
I0002820,SME000829,RM012,2025-09-23,SECURE_MESSAGE,CONNECTED,CONTROLLED_SYNTHETIC
I0002821,SME000829,RM012,2026-03-21,CALL,CONNECTED,CONTROLLED_SYNTHETIC
I0002822,SME000830,RM015,2025-11-19,CALL,NO_RESPONSE,CONTROLLED_SYNTHETIC
I0002823,SME000830,RM015,2026-03-05,SECURE_MESSAGE,FOLLOW_UP,CONTROLLED_SYNTHETIC
I0002824,SME000831,RM041,2026-06-08,MEETING,CONNECTED,CONTROLLED_SYNTHETIC
I0002825,SME000831,RM041,2025-09-17,SECURE_MESSAGE,NO_RESPONSE,CONTROLLED_SYNTHETIC
I0002826,SME000831,RM041,2025-08-23,CALL,CONNECTED,CONTROLLED_SYNTHETIC
I0002827,SME000832,RM042,2026-01-24,MEETING,FOLLOW_UP,CONTROLLED_SYNTHETIC
I0002828,SME000833,RM045,2025-10-08,BRANCH,FOLLOW_UP,CONTROLLED_SYNTHETIC
I0002829,SME000833,RM045,2025-11-08,BRANCH,FOLLOW_UP,CONTROLLED_SYNTHETIC
I0002830,SME000834,RM035,2026-01-14,BRANCH,CONNECTED,CONTROLLED_SYNTHETIC
I0002831,SME000834,RM035,2026-06-27,MEETING,FOLLOW_UP,CONTROLLED_SYNTHETIC
I0002832,SME000835,RM026,2026-03-16,MEETING,NO_RESPONSE,CONTROLLED_SYNTHETIC
I0002833,SME000835,RM026,2026-05-18,SECURE_MESSAGE,NO_RESPONSE,CONTROLLED_SYNTHETIC
I0002834,SME000835,RM026,2026-07-02,CALL,FOLLOW_UP,CONTROLLED_SYNTHETIC
I0002835,SME000835,RM026,2025-10-12,BRANCH,NEEDS_REVIEW,CONTROLLED_SYNTHETIC
I0002836,SME000835,RM026,2026-05-23,BRANCH,CONNECTED,CONTROLLED_SYNTHETIC
I0002837,SME000835,RM026,2026-02-09,CALL,FOLLOW_UP,CONTROLLED_SYNTHETIC
I0002838,SME000836,RM015,2025-10-18,MEETING,CONNECTED,CONTROLLED_SYNTHETIC
I0002839,SME000836,RM015,2025-12-15,MEETING,NEEDS_REVIEW,CONTROLLED_SYNTHETIC
I0002840,SME000836,RM015,2026-04-16,BRANCH,NO_RESPONSE,CONTROLLED_SYNTHETIC
I0002841,SME000836,RM015,2026-06-23,MEETING,FOLLOW_UP,CONTROLLED_SYNTHETIC
I0002842,SME000836,RM015,2026-01-18,CALL,CONNECTED,CONTROLLED_SYNTHETIC
I0002843,SME000837,RM007,2025-08-25,BRANCH,NEEDS_REVIEW,CONTROLLED_SYNTHETIC
I0002844,SME000837,RM007,2025-09-18,SECURE_MESSAGE,CONNECTED,CONTROLLED_SYNTHETIC
I0002845,SME000838,RM036,2025-11-29,BRANCH,FOLLOW_UP,CONTROLLED_SYNTHETIC
I0002846,SME000838,RM036,2025-11-16,CALL,NEEDS_REVIEW,CONTROLLED_SYNTHETIC
I0002847,SME000838,RM036,2026-05-20,SECURE_MESSAGE,FOLLOW_UP,CONTROLLED_SYNTHETIC
I0002848,SME000839,RM015,2026-01-30,SECURE_MESSAGE,CONNECTED,CONTROLLED_SYNTHETIC
I0002849,SME000839,RM015,2026-02-15,SECURE_MESSAGE,CONNECTED,CONTROLLED_SYNTHETIC
I0002850,SME000839,RM015,2026-07-29,MEETING,NO_RESPONSE,CONTROLLED_SYNTHETIC
I0002851,SME000840,RM029,2026-07-20,CALL,CONNECTED,CONTROLLED_SYNTHETIC
I0002852,SME000840,RM029,2026-01-26,SECURE_MESSAGE,NO_RESPONSE,CONTROLLED_SYNTHETIC
I0002853,SME000840,RM029,2026-05-07,SECURE_MESSAGE,NO_RESPONSE,CONTROLLED_SYNTHETIC
I0002854,SME000840,RM029,2026-06-30,BRANCH,CONNECTED,CONTROLLED_SYNTHETIC
I0002855,SME000840,RM029,2025-10-01,CALL,CONNECTED,CONTROLLED_SYNTHETIC
I0002856,SME000841,RM047,2026-05-23,BRANCH,FOLLOW_UP,CONTROLLED_SYNTHETIC
I0002857,SME000841,RM047,2026-07-23,SECURE_MESSAGE,FOLLOW_UP,CONTROLLED_SYNTHETIC
I0002858,SME000841,RM047,2025-10-13,CALL,FOLLOW_UP,CONTROLLED_SYNTHETIC
I0002859,SME000841,RM047,2025-11-05,BRANCH,CONNECTED,CONTROLLED_SYNTHETIC
I0002860,SME000841,RM047,2026-05-30,BRANCH,CONNECTED,CONTROLLED_SYNTHETIC
I0002861,SME000841,RM047,2025-11-05,CALL,CONNECTED,CONTROLLED_SYNTHETIC
I0002862,SME000842,RM036,2025-12-20,BRANCH,NEEDS_REVIEW,CONTROLLED_SYNTHETIC
I0002863,SME000842,RM036,2025-10-23,BRANCH,NO_RESPONSE,CONTROLLED_SYNTHETIC
I0002864,SME000842,RM036,2026-01-05,BRANCH,CONNECTED,CONTROLLED_SYNTHETIC
I0002865,SME000842,RM036,2025-12-23,SECURE_MESSAGE,NO_RESPONSE,CONTROLLED_SYNTHETIC
I0002866,SME000842,RM036,2026-06-01,SECURE_MESSAGE,FOLLOW_UP,CONTROLLED_SYNTHETIC
I0002867,SME000842,RM036,2026-06-11,BRANCH,FOLLOW_UP,CONTROLLED_SYNTHETIC
I0002868,SME000843,RM019,2025-11-08,MEETING,NEEDS_REVIEW,CONTROLLED_SYNTHETIC
I0002869,SME000843,RM019,2025-08-23,SECURE_MESSAGE,NO_RESPONSE,CONTROLLED_SYNTHETIC
I0002870,SME000844,RM010,2026-01-12,CALL,CONNECTED,CONTROLLED_SYNTHETIC
I0002871,SME000844,RM010,2025-12-29,CALL,FOLLOW_UP,CONTROLLED_SYNTHETIC
I0002872,SME000844,RM010,2026-04-01,MEETING,FOLLOW_UP,CONTROLLED_SYNTHETIC
I0002873,SME000844,RM010,2025-12-16,BRANCH,CONNECTED,CONTROLLED_SYNTHETIC
I0002874,SME000844,RM010,2026-03-27,CALL,CONNECTED,CONTROLLED_SYNTHETIC
I0002875,SME000845,RM042,2025-11-30,MEETING,NO_RESPONSE,CONTROLLED_SYNTHETIC
I0002876,SME000845,RM042,2026-07-21,MEETING,CONNECTED,CONTROLLED_SYNTHETIC
I0002877,SME000845,RM042,2026-07-30,CALL,FOLLOW_UP,CONTROLLED_SYNTHETIC
I0002878,SME000845,RM042,2026-04-02,SECURE_MESSAGE,NO_RESPONSE,CONTROLLED_SYNTHETIC
I0002879,SME000845,RM042,2026-05-02,MEETING,CONNECTED,CONTROLLED_SYNTHETIC
I0002880,SME000846,RM014,2026-02-05,BRANCH,FOLLOW_UP,CONTROLLED_SYNTHETIC
I0002881,SME000846,RM014,2026-05-11,BRANCH,CONNECTED,CONTROLLED_SYNTHETIC
I0002882,SME000846,RM014,2026-05-25,CALL,CONNECTED,CONTROLLED_SYNTHETIC
I0002883,SME000846,RM014,2026-08-01,MEETING,NO_RESPONSE,CONTROLLED_SYNTHETIC
I0002884,SME000846,RM014,2026-08-06,SECURE_MESSAGE,FOLLOW_UP,CONTROLLED_SYNTHETIC
I0002885,SME000847,RM004,2025-09-14,BRANCH,CONNECTED,CONTROLLED_SYNTHETIC
I0002886,SME000847,RM004,2025-12-05,SECURE_MESSAGE,CONNECTED,CONTROLLED_SYNTHETIC
I0002887,SME000847,RM004,2026-04-05,CALL,NO_RESPONSE,CONTROLLED_SYNTHETIC
I0002888,SME000847,RM004,2026-03-26,BRANCH,CONNECTED,CONTROLLED_SYNTHETIC
I0002889,SME000847,RM004,2026-02-14,CALL,FOLLOW_UP,CONTROLLED_SYNTHETIC
I0002890,SME000848,RM001,2026-03-05,MEETING,CONNECTED,CONTROLLED_SYNTHETIC
I0002891,SME000848,RM001,2026-01-27,MEETING,FOLLOW_UP,CONTROLLED_SYNTHETIC
I0002892,SME000849,RM017,2026-01-12,BRANCH,NO_RESPONSE,CONTROLLED_SYNTHETIC
I0002893,SME000849,RM017,2025-10-23,SECURE_MESSAGE,CONNECTED,CONTROLLED_SYNTHETIC
I0002894,SME000849,RM017,2025-10-22,BRANCH,CONNECTED,CONTROLLED_SYNTHETIC
I0002895,SME000849,RM017,2025-11-14,MEETING,CONNECTED,CONTROLLED_SYNTHETIC
I0002896,SME000850,RM016,2025-09-14,SECURE_MESSAGE,FOLLOW_UP,CONTROLLED_SYNTHETIC
I0002897,SME000850,RM016,2026-08-16,BRANCH,NO_RESPONSE,CONTROLLED_SYNTHETIC
I0002898,SME000851,RM015,2026-01-12,CALL,NEEDS_REVIEW,CONTROLLED_SYNTHETIC
I0002899,SME000851,RM015,2026-05-13,BRANCH,NEEDS_REVIEW,CONTROLLED_SYNTHETIC
I0002900,SME000851,RM015,2026-08-12,MEETING,FOLLOW_UP,CONTROLLED_SYNTHETIC
I0002901,SME000851,RM015,2026-04-07,SECURE_MESSAGE,NEEDS_REVIEW,CONTROLLED_SYNTHETIC
I0002902,SME000852,RM015,2025-11-16,CALL,CONNECTED,CONTROLLED_SYNTHETIC
I0002903,SME000853,RM047,2026-01-01,SECURE_MESSAGE,CONNECTED,CONTROLLED_SYNTHETIC
I0002904,SME000853,RM047,2026-02-07,CALL,CONNECTED,CONTROLLED_SYNTHETIC
I0002905,SME000853,RM047,2025-12-30,SECURE_MESSAGE,CONNECTED,CONTROLLED_SYNTHETIC
I0002906,SME000853,RM047,2026-04-20,SECURE_MESSAGE,CONNECTED,CONTROLLED_SYNTHETIC
I0002907,SME000853,RM047,2026-06-22,BRANCH,NO_RESPONSE,CONTROLLED_SYNTHETIC
I0002908,SME000853,RM047,2026-05-02,SECURE_MESSAGE,NEEDS_REVIEW,CONTROLLED_SYNTHETIC
I0002909,SME000854,RM022,2026-03-02,BRANCH,FOLLOW_UP,CONTROLLED_SYNTHETIC
I0002910,SME000854,RM022,2025-09-09,CALL,FOLLOW_UP,CONTROLLED_SYNTHETIC
I0002911,SME000854,RM022,2026-04-07,SECURE_MESSAGE,NEEDS_REVIEW,CONTROLLED_SYNTHETIC
I0002912,SME000854,RM022,2025-11-01,SECURE_MESSAGE,CONNECTED,CONTROLLED_SYNTHETIC
I0002913,SME000854,RM022,2025-10-07,CALL,CONNECTED,CONTROLLED_SYNTHETIC
I0002914,SME000855,RM008,2025-09-18,MEETING,CONNECTED,CONTROLLED_SYNTHETIC
I0002915,SME000855,RM008,2025-12-04,MEETING,CONNECTED,CONTROLLED_SYNTHETIC
I0002916,SME000856,RM012,2026-06-09,CALL,FOLLOW_UP,CONTROLLED_SYNTHETIC
I0002917,SME000857,RM036,2026-06-21,CALL,CONNECTED,CONTROLLED_SYNTHETIC
I0002918,SME000857,RM036,2026-06-18,MEETING,FOLLOW_UP,CONTROLLED_SYNTHETIC
I0002919,SME000857,RM036,2025-10-18,CALL,FOLLOW_UP,CONTROLLED_SYNTHETIC
I0002920,SME000857,RM036,2025-10-05,MEETING,NEEDS_REVIEW,CONTROLLED_SYNTHETIC
I0002921,SME000857,RM036,2026-05-21,BRANCH,NO_RESPONSE,CONTROLLED_SYNTHETIC
I0002922,SME000858,RM042,2025-10-01,CALL,CONNECTED,CONTROLLED_SYNTHETIC
I0002923,SME000858,RM042,2026-03-11,CALL,FOLLOW_UP,CONTROLLED_SYNTHETIC
I0002924,SME000858,RM042,2026-03-16,SECURE_MESSAGE,FOLLOW_UP,CONTROLLED_SYNTHETIC
I0002925,SME000858,RM042,2026-07-31,CALL,FOLLOW_UP,CONTROLLED_SYNTHETIC
I0002926,SME000858,RM042,2025-11-26,SECURE_MESSAGE,CONNECTED,CONTROLLED_SYNTHETIC
I0002927,SME000858,RM042,2026-01-01,SECURE_MESSAGE,CONNECTED,CONTROLLED_SYNTHETIC
I0002928,SME000859,RM002,2025-09-10,CALL,NEEDS_REVIEW,CONTROLLED_SYNTHETIC
I0002929,SME000860,RM006,2026-05-03,CALL,CONNECTED,CONTROLLED_SYNTHETIC
I0002930,SME000860,RM006,2026-03-22,BRANCH,CONNECTED,CONTROLLED_SYNTHETIC
I0002931,SME000861,RM035,2026-02-03,MEETING,FOLLOW_UP,CONTROLLED_SYNTHETIC
I0002932,SME000861,RM035,2026-03-27,MEETING,NEEDS_REVIEW,CONTROLLED_SYNTHETIC
I0002933,SME000862,RM016,2026-08-16,SECURE_MESSAGE,CONNECTED,CONTROLLED_SYNTHETIC
I0002934,SME000863,RM009,2025-12-27,BRANCH,CONNECTED,CONTROLLED_SYNTHETIC
I0002935,SME000863,RM009,2025-09-28,MEETING,CONNECTED,CONTROLLED_SYNTHETIC
I0002936,SME000864,RM011,2025-11-20,MEETING,NO_RESPONSE,CONTROLLED_SYNTHETIC
I0002937,SME000864,RM011,2026-04-28,BRANCH,NEEDS_REVIEW,CONTROLLED_SYNTHETIC
I0002938,SME000865,RM036,2025-09-02,MEETING,CONNECTED,CONTROLLED_SYNTHETIC
I0002939,SME000865,RM036,2026-08-14,BRANCH,CONNECTED,CONTROLLED_SYNTHETIC
I0002940,SME000865,RM036,2026-07-13,CALL,FOLLOW_UP,CONTROLLED_SYNTHETIC
I0002941,SME000865,RM036,2026-05-28,BRANCH,NO_RESPONSE,CONTROLLED_SYNTHETIC
I0002942,SME000865,RM036,2026-06-02,CALL,NO_RESPONSE,CONTROLLED_SYNTHETIC
I0002943,SME000865,RM036,2025-12-26,SECURE_MESSAGE,CONNECTED,CONTROLLED_SYNTHETIC
I0002944,SME000866,RM040,2026-07-10,CALL,FOLLOW_UP,CONTROLLED_SYNTHETIC
I0002945,SME000866,RM040,2025-08-24,CALL,NO_RESPONSE,CONTROLLED_SYNTHETIC
I0002946,SME000866,RM040,2026-05-16,MEETING,NEEDS_REVIEW,CONTROLLED_SYNTHETIC
I0002947,SME000866,RM040,2026-07-20,MEETING,NEEDS_REVIEW,CONTROLLED_SYNTHETIC
I0002948,SME000866,RM040,2026-08-05,BRANCH,CONNECTED,CONTROLLED_SYNTHETIC
I0002949,SME000867,RM005,2025-09-13,SECURE_MESSAGE,NO_RESPONSE,CONTROLLED_SYNTHETIC
I0002950,SME000867,RM005,2026-03-25,MEETING,CONNECTED,CONTROLLED_SYNTHETIC
I0002951,SME000867,RM005,2025-11-12,MEETING,CONNECTED,CONTROLLED_SYNTHETIC
I0002952,SME000868,RM009,2025-10-17,MEETING,FOLLOW_UP,CONTROLLED_SYNTHETIC
I0002953,SME000868,RM009,2026-05-07,CALL,CONNECTED,CONTROLLED_SYNTHETIC
I0002954,SME000868,RM009,2026-07-17,CALL,NEEDS_REVIEW,CONTROLLED_SYNTHETIC
I0002955,SME000869,RM017,2026-07-28,BRANCH,NO_RESPONSE,CONTROLLED_SYNTHETIC
I0002956,SME000869,RM017,2026-06-04,SECURE_MESSAGE,NO_RESPONSE,CONTROLLED_SYNTHETIC
I0002957,SME000869,RM017,2026-05-09,MEETING,FOLLOW_UP,CONTROLLED_SYNTHETIC
I0002958,SME000869,RM017,2026-04-25,BRANCH,CONNECTED,CONTROLLED_SYNTHETIC
I0002959,SME000870,RM020,2026-05-07,SECURE_MESSAGE,FOLLOW_UP,CONTROLLED_SYNTHETIC
I0002960,SME000870,RM020,2026-08-05,SECURE_MESSAGE,FOLLOW_UP,CONTROLLED_SYNTHETIC
I0002961,SME000870,RM020,2026-03-23,SECURE_MESSAGE,NEEDS_REVIEW,CONTROLLED_SYNTHETIC
I0002962,SME000870,RM020,2025-12-24,CALL,CONNECTED,CONTROLLED_SYNTHETIC
I0002963,SME000870,RM020,2026-04-27,SECURE_MESSAGE,FOLLOW_UP,CONTROLLED_SYNTHETIC
I0002964,SME000871,RM019,2025-09-16,BRANCH,NO_RESPONSE,CONTROLLED_SYNTHETIC
I0002965,SME000871,RM019,2026-03-06,SECURE_MESSAGE,NO_RESPONSE,CONTROLLED_SYNTHETIC
I0002966,SME000872,RM008,2026-07-01,MEETING,FOLLOW_UP,CONTROLLED_SYNTHETIC
I0002967,SME000872,RM008,2025-12-11,MEETING,FOLLOW_UP,CONTROLLED_SYNTHETIC
I0002968,SME000872,RM008,2026-07-20,BRANCH,CONNECTED,CONTROLLED_SYNTHETIC
I0002969,SME000872,RM008,2026-05-29,CALL,CONNECTED,CONTROLLED_SYNTHETIC
I0002970,SME000872,RM008,2025-10-18,MEETING,NEEDS_REVIEW,CONTROLLED_SYNTHETIC
I0002971,SME000872,RM008,2026-07-01,BRANCH,NEEDS_REVIEW,CONTROLLED_SYNTHETIC
I0002972,SME000873,RM020,2026-07-29,BRANCH,NEEDS_REVIEW,CONTROLLED_SYNTHETIC
I0002973,SME000873,RM020,2026-08-01,BRANCH,CONNECTED,CONTROLLED_SYNTHETIC
I0002974,SME000874,RM037,2026-04-03,BRANCH,CONNECTED,CONTROLLED_SYNTHETIC
I0002975,SME000874,RM037,2026-05-29,CALL,FOLLOW_UP,CONTROLLED_SYNTHETIC
I0002976,SME000874,RM037,2025-12-25,BRANCH,CONNECTED,CONTROLLED_SYNTHETIC
I0002977,SME000875,RM023,2025-12-16,MEETING,NO_RESPONSE,CONTROLLED_SYNTHETIC
I0002978,SME000875,RM023,2026-04-24,CALL,CONNECTED,CONTROLLED_SYNTHETIC
I0002979,SME000875,RM023,2025-12-15,CALL,CONNECTED,CONTROLLED_SYNTHETIC
I0002980,SME000875,RM023,2026-06-17,MEETING,NEEDS_REVIEW,CONTROLLED_SYNTHETIC
I0002981,SME000875,RM023,2026-04-09,MEETING,CONNECTED,CONTROLLED_SYNTHETIC
I0002982,SME000875,RM023,2026-03-04,SECURE_MESSAGE,FOLLOW_UP,CONTROLLED_SYNTHETIC
I0002983,SME000876,RM009,2025-09-26,BRANCH,CONNECTED,CONTROLLED_SYNTHETIC
I0002984,SME000876,RM009,2025-10-25,BRANCH,CONNECTED,CONTROLLED_SYNTHETIC
I0002985,SME000876,RM009,2026-01-03,CALL,CONNECTED,CONTROLLED_SYNTHETIC
I0002986,SME000876,RM009,2026-02-15,BRANCH,CONNECTED,CONTROLLED_SYNTHETIC
I0002987,SME000876,RM009,2025-10-13,MEETING,NO_RESPONSE,CONTROLLED_SYNTHETIC
I0002988,SME000877,RM008,2026-05-29,SECURE_MESSAGE,CONNECTED,CONTROLLED_SYNTHETIC
I0002989,SME000877,RM008,2025-11-28,CALL,FOLLOW_UP,CONTROLLED_SYNTHETIC
I0002990,SME000877,RM008,2026-05-12,MEETING,NEEDS_REVIEW,CONTROLLED_SYNTHETIC
I0002991,SME000877,RM008,2026-06-15,CALL,CONNECTED,CONTROLLED_SYNTHETIC
I0002992,SME000877,RM008,2025-09-20,SECURE_MESSAGE,FOLLOW_UP,CONTROLLED_SYNTHETIC
I0002993,SME000878,RM046,2025-12-26,MEETING,NO_RESPONSE,CONTROLLED_SYNTHETIC
I0002994,SME000879,RM044,2026-03-31,SECURE_MESSAGE,NO_RESPONSE,CONTROLLED_SYNTHETIC
I0002995,SME000879,RM044,2026-01-30,CALL,CONNECTED,CONTROLLED_SYNTHETIC
I0002996,SME000880,RM047,2026-07-17,SECURE_MESSAGE,NO_RESPONSE,CONTROLLED_SYNTHETIC
I0002997,SME000880,RM047,2025-09-25,BRANCH,CONNECTED,CONTROLLED_SYNTHETIC
I0002998,SME000881,RM035,2026-05-20,SECURE_MESSAGE,FOLLOW_UP,CONTROLLED_SYNTHETIC
I0002999,SME000881,RM035,2026-07-12,BRANCH,CONNECTED,CONTROLLED_SYNTHETIC
I0003000,SME000881,RM035,2025-11-26,BRANCH,NO_RESPONSE,CONTROLLED_SYNTHETIC
I0003001,SME000881,RM035,2025-10-21,CALL,CONNECTED,CONTROLLED_SYNTHETIC
I0003002,SME000881,RM035,2026-03-14,CALL,NO_RESPONSE,CONTROLLED_SYNTHETIC
I0003003,SME000882,RM048,2026-07-07,SECURE_MESSAGE,FOLLOW_UP,CONTROLLED_SYNTHETIC
I0003004,SME000882,RM048,2026-04-06,SECURE_MESSAGE,CONNECTED,CONTROLLED_SYNTHETIC
I0003005,SME000882,RM048,2025-08-21,CALL,FOLLOW_UP,CONTROLLED_SYNTHETIC
I0003006,SME000882,RM048,2026-04-15,MEETING,NO_RESPONSE,CONTROLLED_SYNTHETIC
I0003007,SME000882,RM048,2026-06-07,CALL,CONNECTED,CONTROLLED_SYNTHETIC
I0003008,SME000883,RM037,2026-02-17,CALL,CONNECTED,CONTROLLED_SYNTHETIC
I0003009,SME000883,RM037,2026-05-14,CALL,CONNECTED,CONTROLLED_SYNTHETIC
I0003010,SME000884,RM006,2025-11-17,BRANCH,NO_RESPONSE,CONTROLLED_SYNTHETIC
I0003011,SME000885,RM047,2026-01-31,CALL,FOLLOW_UP,CONTROLLED_SYNTHETIC
I0003012,SME000885,RM047,2026-08-07,SECURE_MESSAGE,CONNECTED,CONTROLLED_SYNTHETIC
I0003013,SME000886,RM008,2025-12-14,MEETING,FOLLOW_UP,CONTROLLED_SYNTHETIC
I0003014,SME000887,RM030,2025-11-01,SECURE_MESSAGE,CONNECTED,CONTROLLED_SYNTHETIC
I0003015,SME000887,RM030,2026-03-03,CALL,FOLLOW_UP,CONTROLLED_SYNTHETIC
I0003016,SME000887,RM030,2026-04-21,SECURE_MESSAGE,FOLLOW_UP,CONTROLLED_SYNTHETIC
I0003017,SME000888,RM015,2026-07-28,BRANCH,NEEDS_REVIEW,CONTROLLED_SYNTHETIC
I0003018,SME000888,RM015,2026-03-08,BRANCH,FOLLOW_UP,CONTROLLED_SYNTHETIC
I0003019,SME000888,RM015,2026-01-30,SECURE_MESSAGE,NEEDS_REVIEW,CONTROLLED_SYNTHETIC
I0003020,SME000888,RM015,2026-02-18,BRANCH,NO_RESPONSE,CONTROLLED_SYNTHETIC
I0003021,SME000888,RM015,2026-06-07,SECURE_MESSAGE,FOLLOW_UP,CONTROLLED_SYNTHETIC
I0003022,SME000888,RM015,2025-10-11,BRANCH,NEEDS_REVIEW,CONTROLLED_SYNTHETIC
I0003023,SME000889,RM002,2026-06-12,BRANCH,FOLLOW_UP,CONTROLLED_SYNTHETIC
I0003024,SME000889,RM002,2025-12-30,BRANCH,NO_RESPONSE,CONTROLLED_SYNTHETIC
I0003025,SME000890,RM045,2026-07-24,MEETING,FOLLOW_UP,CONTROLLED_SYNTHETIC
I0003026,SME000890,RM045,2025-10-26,CALL,CONNECTED,CONTROLLED_SYNTHETIC
I0003027,SME000890,RM045,2026-04-24,CALL,CONNECTED,CONTROLLED_SYNTHETIC
I0003028,SME000890,RM045,2025-09-27,SECURE_MESSAGE,FOLLOW_UP,CONTROLLED_SYNTHETIC
I0003029,SME000890,RM045,2025-12-16,SECURE_MESSAGE,CONNECTED,CONTROLLED_SYNTHETIC
I0003030,SME000890,RM045,2026-02-18,CALL,CONNECTED,CONTROLLED_SYNTHETIC
I0003031,SME000891,RM041,2026-02-28,BRANCH,NEEDS_REVIEW,CONTROLLED_SYNTHETIC
I0003032,SME000891,RM041,2026-04-28,SECURE_MESSAGE,NO_RESPONSE,CONTROLLED_SYNTHETIC
I0003033,SME000891,RM041,2026-01-26,SECURE_MESSAGE,CONNECTED,CONTROLLED_SYNTHETIC
I0003034,SME000892,RM024,2026-03-07,CALL,NEEDS_REVIEW,CONTROLLED_SYNTHETIC
I0003035,SME000892,RM024,2026-02-22,MEETING,CONNECTED,CONTROLLED_SYNTHETIC
I0003036,SME000892,RM024,2026-08-17,SECURE_MESSAGE,CONNECTED,CONTROLLED_SYNTHETIC
I0003037,SME000892,RM024,2025-10-01,MEETING,NEEDS_REVIEW,CONTROLLED_SYNTHETIC
I0003038,SME000892,RM024,2026-04-17,CALL,FOLLOW_UP,CONTROLLED_SYNTHETIC
I0003039,SME000892,RM024,2026-07-05,MEETING,FOLLOW_UP,CONTROLLED_SYNTHETIC
I0003040,SME000893,RM018,2025-09-15,BRANCH,CONNECTED,CONTROLLED_SYNTHETIC
I0003041,SME000893,RM018,2026-05-12,MEETING,CONNECTED,CONTROLLED_SYNTHETIC
I0003042,SME000893,RM018,2025-11-18,BRANCH,NO_RESPONSE,CONTROLLED_SYNTHETIC
I0003043,SME000893,RM018,2025-11-26,CALL,NEEDS_REVIEW,CONTROLLED_SYNTHETIC
I0003044,SME000893,RM018,2026-04-16,SECURE_MESSAGE,CONNECTED,CONTROLLED_SYNTHETIC
I0003045,SME000894,RM046,2025-10-29,MEETING,NO_RESPONSE,CONTROLLED_SYNTHETIC
I0003046,SME000894,RM046,2025-11-18,BRANCH,NO_RESPONSE,CONTROLLED_SYNTHETIC
I0003047,SME000894,RM046,2026-06-09,SECURE_MESSAGE,CONNECTED,CONTROLLED_SYNTHETIC
I0003048,SME000894,RM046,2026-04-23,SECURE_MESSAGE,FOLLOW_UP,CONTROLLED_SYNTHETIC
I0003049,SME000894,RM046,2025-12-16,CALL,NO_RESPONSE,CONTROLLED_SYNTHETIC
I0003050,SME000895,RM006,2026-07-28,SECURE_MESSAGE,NO_RESPONSE,CONTROLLED_SYNTHETIC
I0003051,SME000895,RM006,2025-08-25,BRANCH,FOLLOW_UP,CONTROLLED_SYNTHETIC
I0003052,SME000895,RM006,2026-05-01,BRANCH,FOLLOW_UP,CONTROLLED_SYNTHETIC
I0003053,SME000895,RM006,2026-06-16,MEETING,NEEDS_REVIEW,CONTROLLED_SYNTHETIC
I0003054,SME000896,RM018,2025-10-29,BRANCH,CONNECTED,CONTROLLED_SYNTHETIC
I0003055,SME000896,RM018,2025-12-18,MEETING,CONNECTED,CONTROLLED_SYNTHETIC
I0003056,SME000897,RM002,2026-06-08,BRANCH,CONNECTED,CONTROLLED_SYNTHETIC
I0003057,SME000897,RM002,2026-02-27,SECURE_MESSAGE,CONNECTED,CONTROLLED_SYNTHETIC
I0003058,SME000897,RM002,2026-08-01,CALL,FOLLOW_UP,CONTROLLED_SYNTHETIC
I0003059,SME000897,RM002,2026-04-21,MEETING,FOLLOW_UP,CONTROLLED_SYNTHETIC
I0003060,SME000897,RM002,2025-11-17,BRANCH,CONNECTED,CONTROLLED_SYNTHETIC
I0003061,SME000897,RM002,2026-06-26,CALL,FOLLOW_UP,CONTROLLED_SYNTHETIC
I0003062,SME000898,RM010,2025-12-14,SECURE_MESSAGE,FOLLOW_UP,CONTROLLED_SYNTHETIC
I0003063,SME000899,RM041,2026-08-18,CALL,NO_RESPONSE,CONTROLLED_SYNTHETIC
I0003064,SME000899,RM041,2026-06-22,SECURE_MESSAGE,CONNECTED,CONTROLLED_SYNTHETIC
I0003065,SME000899,RM041,2025-09-09,BRANCH,CONNECTED,CONTROLLED_SYNTHETIC
I0003066,SME000899,RM041,2025-08-24,MEETING,CONNECTED,CONTROLLED_SYNTHETIC
I0003067,SME000900,RM045,2026-03-12,MEETING,CONNECTED,CONTROLLED_SYNTHETIC
I0003068,SME000900,RM045,2026-06-14,MEETING,CONNECTED,CONTROLLED_SYNTHETIC
I0003069,SME000900,RM045,2025-10-04,CALL,NO_RESPONSE,CONTROLLED_SYNTHETIC
I0003070,SME000900,RM045,2026-08-06,CALL,NO_RESPONSE,CONTROLLED_SYNTHETIC
I0003071,SME000901,RM030,2026-04-10,BRANCH,FOLLOW_UP,CONTROLLED_SYNTHETIC
I0003072,SME000901,RM030,2025-12-02,SECURE_MESSAGE,NEEDS_REVIEW,CONTROLLED_SYNTHETIC
I0003073,SME000901,RM030,2025-10-03,MEETING,FOLLOW_UP,CONTROLLED_SYNTHETIC
I0003074,SME000901,RM030,2026-04-22,MEETING,FOLLOW_UP,CONTROLLED_SYNTHETIC
I0003075,SME000901,RM030,2026-01-22,MEETING,NO_RESPONSE,CONTROLLED_SYNTHETIC
I0003076,SME000901,RM030,2026-01-03,MEETING,CONNECTED,CONTROLLED_SYNTHETIC
I0003077,SME000902,RM017,2026-01-03,MEETING,FOLLOW_UP,CONTROLLED_SYNTHETIC
I0003078,SME000903,RM040,2026-05-19,CALL,FOLLOW_UP,CONTROLLED_SYNTHETIC
I0003079,SME000903,RM040,2025-10-21,MEETING,CONNECTED,CONTROLLED_SYNTHETIC
I0003080,SME000904,RM004,2026-06-28,BRANCH,FOLLOW_UP,CONTROLLED_SYNTHETIC
I0003081,SME000904,RM004,2025-09-10,MEETING,FOLLOW_UP,CONTROLLED_SYNTHETIC
I0003082,SME000904,RM004,2026-02-11,CALL,CONNECTED,CONTROLLED_SYNTHETIC
I0003083,SME000904,RM004,2026-05-21,SECURE_MESSAGE,NEEDS_REVIEW,CONTROLLED_SYNTHETIC
I0003084,SME000904,RM004,2026-05-12,BRANCH,FOLLOW_UP,CONTROLLED_SYNTHETIC
I0003085,SME000905,RM015,2025-11-02,MEETING,NEEDS_REVIEW,CONTROLLED_SYNTHETIC
I0003086,SME000905,RM015,2026-07-30,SECURE_MESSAGE,FOLLOW_UP,CONTROLLED_SYNTHETIC
I0003087,SME000906,RM021,2026-05-02,CALL,NEEDS_REVIEW,CONTROLLED_SYNTHETIC
I0003088,SME000907,RM002,2026-03-10,SECURE_MESSAGE,FOLLOW_UP,CONTROLLED_SYNTHETIC
I0003089,SME000908,RM041,2025-10-08,CALL,FOLLOW_UP,CONTROLLED_SYNTHETIC
I0003090,SME000908,RM041,2026-06-12,CALL,FOLLOW_UP,CONTROLLED_SYNTHETIC
I0003091,SME000908,RM041,2026-01-29,CALL,FOLLOW_UP,CONTROLLED_SYNTHETIC
I0003092,SME000908,RM041,2026-01-09,SECURE_MESSAGE,CONNECTED,CONTROLLED_SYNTHETIC
I0003093,SME000909,RM041,2026-06-27,CALL,FOLLOW_UP,CONTROLLED_SYNTHETIC
I0003094,SME000909,RM041,2025-10-29,CALL,NEEDS_REVIEW,CONTROLLED_SYNTHETIC
I0003095,SME000910,RM046,2026-06-12,CALL,FOLLOW_UP,CONTROLLED_SYNTHETIC
I0003096,SME000911,RM016,2026-07-25,MEETING,CONNECTED,CONTROLLED_SYNTHETIC
I0003097,SME000911,RM016,2026-07-28,BRANCH,CONNECTED,CONTROLLED_SYNTHETIC
I0003098,SME000911,RM016,2025-12-12,SECURE_MESSAGE,NO_RESPONSE,CONTROLLED_SYNTHETIC
I0003099,SME000911,RM016,2026-01-27,BRANCH,NEEDS_REVIEW,CONTROLLED_SYNTHETIC
I0003100,SME000912,RM015,2025-11-08,BRANCH,CONNECTED,CONTROLLED_SYNTHETIC
I0003101,SME000912,RM015,2026-06-15,CALL,FOLLOW_UP,CONTROLLED_SYNTHETIC
I0003102,SME000912,RM015,2025-12-25,BRANCH,CONNECTED,CONTROLLED_SYNTHETIC
I0003103,SME000912,RM015,2026-03-30,SECURE_MESSAGE,FOLLOW_UP,CONTROLLED_SYNTHETIC
I0003104,SME000913,RM015,2026-08-08,BRANCH,CONNECTED,CONTROLLED_SYNTHETIC
I0003105,SME000913,RM015,2025-12-20,SECURE_MESSAGE,CONNECTED,CONTROLLED_SYNTHETIC
I0003106,SME000913,RM015,2026-03-22,CALL,CONNECTED,CONTROLLED_SYNTHETIC
I0003107,SME000913,RM015,2026-02-28,SECURE_MESSAGE,CONNECTED,CONTROLLED_SYNTHETIC
I0003108,SME000914,RM021,2026-04-09,BRANCH,NO_RESPONSE,CONTROLLED_SYNTHETIC
I0003109,SME000915,RM036,2026-01-20,SECURE_MESSAGE,FOLLOW_UP,CONTROLLED_SYNTHETIC
I0003110,SME000915,RM036,2026-07-24,BRANCH,FOLLOW_UP,CONTROLLED_SYNTHETIC
I0003111,SME000916,RM002,2026-08-12,SECURE_MESSAGE,NEEDS_REVIEW,CONTROLLED_SYNTHETIC
I0003112,SME000916,RM002,2026-03-12,MEETING,NEEDS_REVIEW,CONTROLLED_SYNTHETIC
I0003113,SME000916,RM002,2026-05-21,CALL,NO_RESPONSE,CONTROLLED_SYNTHETIC
I0003114,SME000917,RM017,2025-11-12,MEETING,NO_RESPONSE,CONTROLLED_SYNTHETIC
I0003115,SME000917,RM017,2026-04-13,BRANCH,FOLLOW_UP,CONTROLLED_SYNTHETIC
I0003116,SME000917,RM017,2025-09-05,SECURE_MESSAGE,CONNECTED,CONTROLLED_SYNTHETIC
I0003117,SME000918,RM041,2026-08-03,SECURE_MESSAGE,NO_RESPONSE,CONTROLLED_SYNTHETIC
I0003118,SME000918,RM041,2026-08-04,SECURE_MESSAGE,CONNECTED,CONTROLLED_SYNTHETIC
I0003119,SME000918,RM041,2026-07-04,MEETING,CONNECTED,CONTROLLED_SYNTHETIC
I0003120,SME000918,RM041,2026-01-07,BRANCH,FOLLOW_UP,CONTROLLED_SYNTHETIC
I0003121,SME000919,RM019,2025-11-29,SECURE_MESSAGE,CONNECTED,CONTROLLED_SYNTHETIC
I0003122,SME000919,RM019,2026-08-17,CALL,FOLLOW_UP,CONTROLLED_SYNTHETIC
I0003123,SME000919,RM019,2026-08-01,CALL,CONNECTED,CONTROLLED_SYNTHETIC
I0003124,SME000920,RM003,2026-05-07,CALL,FOLLOW_UP,CONTROLLED_SYNTHETIC
I0003125,SME000920,RM003,2026-04-09,MEETING,NO_RESPONSE,CONTROLLED_SYNTHETIC
I0003126,SME000920,RM003,2026-04-13,BRANCH,FOLLOW_UP,CONTROLLED_SYNTHETIC
I0003127,SME000920,RM003,2025-09-11,BRANCH,CONNECTED,CONTROLLED_SYNTHETIC
I0003128,SME000920,RM003,2026-08-06,CALL,CONNECTED,CONTROLLED_SYNTHETIC
I0003129,SME000921,RM015,2026-08-10,MEETING,CONNECTED,CONTROLLED_SYNTHETIC
I0003130,SME000921,RM015,2026-01-29,BRANCH,NO_RESPONSE,CONTROLLED_SYNTHETIC
I0003131,SME000921,RM015,2026-04-17,MEETING,CONNECTED,CONTROLLED_SYNTHETIC
I0003132,SME000922,RM034,2026-03-14,SECURE_MESSAGE,FOLLOW_UP,CONTROLLED_SYNTHETIC
I0003133,SME000922,RM034,2026-06-02,SECURE_MESSAGE,FOLLOW_UP,CONTROLLED_SYNTHETIC
I0003134,SME000922,RM034,2025-10-30,BRANCH,FOLLOW_UP,CONTROLLED_SYNTHETIC
I0003135,SME000923,RM023,2026-07-23,SECURE_MESSAGE,CONNECTED,CONTROLLED_SYNTHETIC
I0003136,SME000923,RM023,2026-01-05,MEETING,NO_RESPONSE,CONTROLLED_SYNTHETIC
I0003137,SME000923,RM023,2025-11-27,MEETING,CONNECTED,CONTROLLED_SYNTHETIC
I0003138,SME000923,RM023,2026-05-21,CALL,CONNECTED,CONTROLLED_SYNTHETIC
I0003139,SME000924,RM030,2026-05-03,SECURE_MESSAGE,FOLLOW_UP,CONTROLLED_SYNTHETIC
I0003140,SME000924,RM030,2026-05-29,BRANCH,CONNECTED,CONTROLLED_SYNTHETIC
I0003141,SME000924,RM030,2026-02-11,BRANCH,NO_RESPONSE,CONTROLLED_SYNTHETIC
I0003142,SME000924,RM030,2026-04-29,SECURE_MESSAGE,FOLLOW_UP,CONTROLLED_SYNTHETIC
I0003143,SME000925,RM012,2025-10-24,BRANCH,CONNECTED,CONTROLLED_SYNTHETIC
I0003144,SME000925,RM012,2025-10-14,CALL,FOLLOW_UP,CONTROLLED_SYNTHETIC
I0003145,SME000925,RM012,2026-04-11,CALL,NO_RESPONSE,CONTROLLED_SYNTHETIC
I0003146,SME000925,RM012,2025-11-22,SECURE_MESSAGE,CONNECTED,CONTROLLED_SYNTHETIC
I0003147,SME000926,RM037,2026-01-19,MEETING,CONNECTED,CONTROLLED_SYNTHETIC
I0003148,SME000926,RM037,2025-11-26,MEETING,FOLLOW_UP,CONTROLLED_SYNTHETIC
I0003149,SME000927,RM009,2026-05-28,MEETING,CONNECTED,CONTROLLED_SYNTHETIC
I0003150,SME000927,RM009,2026-06-19,SECURE_MESSAGE,CONNECTED,CONTROLLED_SYNTHETIC
I0003151,SME000927,RM009,2026-02-28,BRANCH,FOLLOW_UP,CONTROLLED_SYNTHETIC
I0003152,SME000927,RM009,2026-07-07,MEETING,CONNECTED,CONTROLLED_SYNTHETIC
I0003153,SME000927,RM009,2026-06-21,MEETING,FOLLOW_UP,CONTROLLED_SYNTHETIC
I0003154,SME000927,RM009,2026-07-19,CALL,NEEDS_REVIEW,CONTROLLED_SYNTHETIC
I0003155,SME000928,RM017,2025-11-28,BRANCH,FOLLOW_UP,CONTROLLED_SYNTHETIC
I0003156,SME000928,RM017,2026-02-07,BRANCH,CONNECTED,CONTROLLED_SYNTHETIC
I0003157,SME000928,RM017,2026-01-05,CALL,FOLLOW_UP,CONTROLLED_SYNTHETIC
I0003158,SME000929,RM034,2026-03-06,BRANCH,NO_RESPONSE,CONTROLLED_SYNTHETIC
I0003159,SME000929,RM034,2026-07-27,BRANCH,NO_RESPONSE,CONTROLLED_SYNTHETIC
I0003160,SME000929,RM034,2025-12-26,CALL,CONNECTED,CONTROLLED_SYNTHETIC
I0003161,SME000930,RM038,2026-04-13,BRANCH,CONNECTED,CONTROLLED_SYNTHETIC
I0003162,SME000930,RM038,2026-02-09,BRANCH,FOLLOW_UP,CONTROLLED_SYNTHETIC
I0003163,SME000930,RM038,2025-11-09,BRANCH,CONNECTED,CONTROLLED_SYNTHETIC
I0003164,SME000930,RM038,2026-06-18,MEETING,NEEDS_REVIEW,CONTROLLED_SYNTHETIC
I0003165,SME000930,RM038,2025-09-28,SECURE_MESSAGE,NEEDS_REVIEW,CONTROLLED_SYNTHETIC
I0003166,SME000931,RM030,2026-02-17,BRANCH,NO_RESPONSE,CONTROLLED_SYNTHETIC
I0003167,SME000932,RM042,2025-09-01,SECURE_MESSAGE,CONNECTED,CONTROLLED_SYNTHETIC
I0003168,SME000932,RM042,2026-03-20,SECURE_MESSAGE,CONNECTED,CONTROLLED_SYNTHETIC
I0003169,SME000932,RM042,2025-10-29,SECURE_MESSAGE,CONNECTED,CONTROLLED_SYNTHETIC
I0003170,SME000932,RM042,2026-03-18,SECURE_MESSAGE,CONNECTED,CONTROLLED_SYNTHETIC
I0003171,SME000932,RM042,2026-05-14,BRANCH,CONNECTED,CONTROLLED_SYNTHETIC
I0003172,SME000933,RM029,2026-03-18,SECURE_MESSAGE,FOLLOW_UP,CONTROLLED_SYNTHETIC
I0003173,SME000934,RM041,2025-09-21,CALL,FOLLOW_UP,CONTROLLED_SYNTHETIC
I0003174,SME000935,RM007,2026-04-06,MEETING,FOLLOW_UP,CONTROLLED_SYNTHETIC
I0003175,SME000935,RM007,2025-09-27,SECURE_MESSAGE,NEEDS_REVIEW,CONTROLLED_SYNTHETIC
I0003176,SME000936,RM008,2026-05-20,SECURE_MESSAGE,CONNECTED,CONTROLLED_SYNTHETIC
I0003177,SME000936,RM008,2026-03-26,MEETING,NO_RESPONSE,CONTROLLED_SYNTHETIC
I0003178,SME000936,RM008,2025-09-09,BRANCH,NO_RESPONSE,CONTROLLED_SYNTHETIC
I0003179,SME000936,RM008,2026-01-27,MEETING,CONNECTED,CONTROLLED_SYNTHETIC
I0003180,SME000936,RM008,2026-07-03,MEETING,CONNECTED,CONTROLLED_SYNTHETIC
I0003181,SME000937,RM046,2026-02-16,SECURE_MESSAGE,FOLLOW_UP,CONTROLLED_SYNTHETIC
I0003182,SME000937,RM046,2026-05-27,CALL,FOLLOW_UP,CONTROLLED_SYNTHETIC
I0003183,SME000937,RM046,2026-03-24,MEETING,NO_RESPONSE,CONTROLLED_SYNTHETIC
I0003184,SME000937,RM046,2025-11-05,SECURE_MESSAGE,NO_RESPONSE,CONTROLLED_SYNTHETIC
I0003185,SME000937,RM046,2026-01-09,MEETING,FOLLOW_UP,CONTROLLED_SYNTHETIC
I0003186,SME000937,RM046,2025-11-21,BRANCH,NO_RESPONSE,CONTROLLED_SYNTHETIC
I0003187,SME000938,RM007,2026-08-16,BRANCH,FOLLOW_UP,CONTROLLED_SYNTHETIC
I0003188,SME000938,RM007,2026-03-02,SECURE_MESSAGE,CONNECTED,CONTROLLED_SYNTHETIC
I0003189,SME000938,RM007,2026-05-20,MEETING,CONNECTED,CONTROLLED_SYNTHETIC
I0003190,SME000938,RM007,2026-05-28,MEETING,CONNECTED,CONTROLLED_SYNTHETIC
I0003191,SME000938,RM007,2025-10-16,CALL,NEEDS_REVIEW,CONTROLLED_SYNTHETIC
I0003192,SME000939,RM039,2026-02-09,BRANCH,CONNECTED,CONTROLLED_SYNTHETIC
I0003193,SME000940,RM008,2025-11-22,CALL,NO_RESPONSE,CONTROLLED_SYNTHETIC
I0003194,SME000940,RM008,2026-07-23,CALL,CONNECTED,CONTROLLED_SYNTHETIC
I0003195,SME000940,RM008,2026-04-18,CALL,CONNECTED,CONTROLLED_SYNTHETIC
I0003196,SME000940,RM008,2025-09-14,MEETING,FOLLOW_UP,CONTROLLED_SYNTHETIC
I0003197,SME000940,RM008,2026-02-14,BRANCH,CONNECTED,CONTROLLED_SYNTHETIC
I0003198,SME000941,RM030,2025-09-23,SECURE_MESSAGE,FOLLOW_UP,CONTROLLED_SYNTHETIC
I0003199,SME000942,RM033,2025-10-19,CALL,CONNECTED,CONTROLLED_SYNTHETIC
I0003200,SME000942,RM033,2026-06-24,BRANCH,FOLLOW_UP,CONTROLLED_SYNTHETIC
I0003201,SME000942,RM033,2025-08-28,BRANCH,NO_RESPONSE,CONTROLLED_SYNTHETIC
I0003202,SME000942,RM033,2026-04-27,SECURE_MESSAGE,CONNECTED,CONTROLLED_SYNTHETIC
I0003203,SME000942,RM033,2026-05-15,BRANCH,NEEDS_REVIEW,CONTROLLED_SYNTHETIC
I0003204,SME000943,RM036,2026-03-18,CALL,CONNECTED,CONTROLLED_SYNTHETIC
I0003205,SME000943,RM036,2025-11-01,BRANCH,FOLLOW_UP,CONTROLLED_SYNTHETIC
I0003206,SME000943,RM036,2025-10-29,SECURE_MESSAGE,NO_RESPONSE,CONTROLLED_SYNTHETIC
I0003207,SME000943,RM036,2025-10-10,SECURE_MESSAGE,CONNECTED,CONTROLLED_SYNTHETIC
I0003208,SME000944,RM021,2025-09-06,SECURE_MESSAGE,FOLLOW_UP,CONTROLLED_SYNTHETIC
I0003209,SME000945,RM008,2025-09-07,BRANCH,FOLLOW_UP,CONTROLLED_SYNTHETIC
I0003210,SME000945,RM008,2026-03-31,BRANCH,NO_RESPONSE,CONTROLLED_SYNTHETIC
I0003211,SME000945,RM008,2025-11-14,BRANCH,CONNECTED,CONTROLLED_SYNTHETIC
I0003212,SME000945,RM008,2026-01-26,BRANCH,CONNECTED,CONTROLLED_SYNTHETIC
I0003213,SME000945,RM008,2026-06-15,SECURE_MESSAGE,NEEDS_REVIEW,CONTROLLED_SYNTHETIC
I0003214,SME000946,RM037,2026-07-06,CALL,NO_RESPONSE,CONTROLLED_SYNTHETIC
I0003215,SME000946,RM037,2025-09-05,MEETING,FOLLOW_UP,CONTROLLED_SYNTHETIC
I0003216,SME000946,RM037,2026-07-08,SECURE_MESSAGE,FOLLOW_UP,CONTROLLED_SYNTHETIC
I0003217,SME000946,RM037,2025-10-06,SECURE_MESSAGE,CONNECTED,CONTROLLED_SYNTHETIC
I0003218,SME000946,RM037,2025-11-12,CALL,FOLLOW_UP,CONTROLLED_SYNTHETIC
I0003219,SME000946,RM037,2025-12-29,BRANCH,NEEDS_REVIEW,CONTROLLED_SYNTHETIC
I0003220,SME000947,RM009,2026-02-05,MEETING,FOLLOW_UP,CONTROLLED_SYNTHETIC
I0003221,SME000947,RM009,2025-09-23,CALL,NO_RESPONSE,CONTROLLED_SYNTHETIC
I0003222,SME000947,RM009,2025-11-02,CALL,CONNECTED,CONTROLLED_SYNTHETIC
I0003223,SME000947,RM009,2026-01-03,MEETING,CONNECTED,CONTROLLED_SYNTHETIC
I0003224,SME000948,RM021,2026-06-14,SECURE_MESSAGE,FOLLOW_UP,CONTROLLED_SYNTHETIC
I0003225,SME000949,RM032,2026-03-12,SECURE_MESSAGE,NEEDS_REVIEW,CONTROLLED_SYNTHETIC
I0003226,SME000949,RM032,2025-10-10,SECURE_MESSAGE,NO_RESPONSE,CONTROLLED_SYNTHETIC
I0003227,SME000950,RM039,2025-11-24,CALL,CONNECTED,CONTROLLED_SYNTHETIC
I0003228,SME000950,RM039,2026-07-27,SECURE_MESSAGE,CONNECTED,CONTROLLED_SYNTHETIC
I0003229,SME000951,RM029,2025-12-02,SECURE_MESSAGE,CONNECTED,CONTROLLED_SYNTHETIC
I0003230,SME000951,RM029,2025-12-21,MEETING,NO_RESPONSE,CONTROLLED_SYNTHETIC
I0003231,SME000951,RM029,2026-07-10,BRANCH,FOLLOW_UP,CONTROLLED_SYNTHETIC
I0003232,SME000952,RM009,2026-01-03,CALL,FOLLOW_UP,CONTROLLED_SYNTHETIC
I0003233,SME000952,RM009,2026-03-06,SECURE_MESSAGE,NEEDS_REVIEW,CONTROLLED_SYNTHETIC
I0003234,SME000952,RM009,2026-07-04,BRANCH,CONNECTED,CONTROLLED_SYNTHETIC
I0003235,SME000953,RM021,2025-09-16,BRANCH,CONNECTED,CONTROLLED_SYNTHETIC
I0003236,SME000953,RM021,2025-12-29,SECURE_MESSAGE,NO_RESPONSE,CONTROLLED_SYNTHETIC
I0003237,SME000953,RM021,2025-12-24,SECURE_MESSAGE,FOLLOW_UP,CONTROLLED_SYNTHETIC
I0003238,SME000953,RM021,2026-06-29,SECURE_MESSAGE,NO_RESPONSE,CONTROLLED_SYNTHETIC
I0003239,SME000953,RM021,2026-02-03,CALL,CONNECTED,CONTROLLED_SYNTHETIC
I0003240,SME000953,RM021,2025-12-31,MEETING,NO_RESPONSE,CONTROLLED_SYNTHETIC
I0003241,SME000954,RM022,2026-05-11,SECURE_MESSAGE,NO_RESPONSE,CONTROLLED_SYNTHETIC
I0003242,SME000954,RM022,2025-12-19,CALL,FOLLOW_UP,CONTROLLED_SYNTHETIC
I0003243,SME000954,RM022,2025-09-05,CALL,CONNECTED,CONTROLLED_SYNTHETIC
I0003244,SME000954,RM022,2025-12-29,MEETING,CONNECTED,CONTROLLED_SYNTHETIC
I0003245,SME000954,RM022,2026-04-12,MEETING,CONNECTED,CONTROLLED_SYNTHETIC
I0003246,SME000954,RM022,2025-11-09,CALL,FOLLOW_UP,CONTROLLED_SYNTHETIC
I0003247,SME000955,RM009,2026-08-05,CALL,NO_RESPONSE,CONTROLLED_SYNTHETIC
I0003248,SME000955,RM009,2026-03-10,BRANCH,CONNECTED,CONTROLLED_SYNTHETIC
I0003249,SME000955,RM009,2025-12-17,BRANCH,CONNECTED,CONTROLLED_SYNTHETIC
I0003250,SME000955,RM009,2025-12-03,BRANCH,FOLLOW_UP,CONTROLLED_SYNTHETIC
I0003251,SME000955,RM009,2026-05-06,BRANCH,NEEDS_REVIEW,CONTROLLED_SYNTHETIC
I0003252,SME000955,RM009,2026-07-18,SECURE_MESSAGE,NEEDS_REVIEW,CONTROLLED_SYNTHETIC
I0003253,SME000956,RM035,2025-12-16,MEETING,CONNECTED,CONTROLLED_SYNTHETIC
I0003254,SME000956,RM035,2026-01-05,CALL,CONNECTED,CONTROLLED_SYNTHETIC
I0003255,SME000956,RM035,2026-02-17,BRANCH,FOLLOW_UP,CONTROLLED_SYNTHETIC
I0003256,SME000956,RM035,2026-04-16,SECURE_MESSAGE,NO_RESPONSE,CONTROLLED_SYNTHETIC
I0003257,SME000957,RM043,2025-12-05,CALL,CONNECTED,CONTROLLED_SYNTHETIC
I0003258,SME000957,RM043,2026-01-10,CALL,CONNECTED,CONTROLLED_SYNTHETIC
I0003259,SME000958,RM041,2026-05-17,MEETING,CONNECTED,CONTROLLED_SYNTHETIC
I0003260,SME000958,RM041,2025-12-26,MEETING,CONNECTED,CONTROLLED_SYNTHETIC
I0003261,SME000958,RM041,2026-05-19,BRANCH,CONNECTED,CONTROLLED_SYNTHETIC
I0003262,SME000958,RM041,2025-10-26,MEETING,FOLLOW_UP,CONTROLLED_SYNTHETIC
I0003263,SME000959,RM004,2026-07-12,CALL,FOLLOW_UP,CONTROLLED_SYNTHETIC
I0003264,SME000959,RM004,2026-04-26,SECURE_MESSAGE,CONNECTED,CONTROLLED_SYNTHETIC
I0003265,SME000959,RM004,2026-05-30,MEETING,FOLLOW_UP,CONTROLLED_SYNTHETIC
I0003266,SME000959,RM004,2026-07-19,MEETING,NO_RESPONSE,CONTROLLED_SYNTHETIC
I0003267,SME000959,RM004,2026-03-26,BRANCH,NO_RESPONSE,CONTROLLED_SYNTHETIC
I0003268,SME000960,RM047,2026-04-20,MEETING,CONNECTED,CONTROLLED_SYNTHETIC
I0003269,SME000960,RM047,2026-04-06,CALL,CONNECTED,CONTROLLED_SYNTHETIC
I0003270,SME000960,RM047,2025-09-12,SECURE_MESSAGE,CONNECTED,CONTROLLED_SYNTHETIC
I0003271,SME000960,RM047,2026-07-13,SECURE_MESSAGE,CONNECTED,CONTROLLED_SYNTHETIC
I0003272,SME000960,RM047,2025-11-03,MEETING,CONNECTED,CONTROLLED_SYNTHETIC
I0003273,SME000961,RM025,2025-12-16,SECURE_MESSAGE,CONNECTED,CONTROLLED_SYNTHETIC
I0003274,SME000961,RM025,2026-01-09,BRANCH,CONNECTED,CONTROLLED_SYNTHETIC
I0003275,SME000961,RM025,2026-06-11,CALL,CONNECTED,CONTROLLED_SYNTHETIC
I0003276,SME000962,RM045,2025-11-05,SECURE_MESSAGE,FOLLOW_UP,CONTROLLED_SYNTHETIC
I0003277,SME000962,RM045,2025-12-14,BRANCH,FOLLOW_UP,CONTROLLED_SYNTHETIC
I0003278,SME000962,RM045,2026-05-30,SECURE_MESSAGE,CONNECTED,CONTROLLED_SYNTHETIC
I0003279,SME000962,RM045,2025-10-19,MEETING,FOLLOW_UP,CONTROLLED_SYNTHETIC
I0003280,SME000962,RM045,2026-06-14,CALL,CONNECTED,CONTROLLED_SYNTHETIC
I0003281,SME000963,RM036,2026-07-18,CALL,NEEDS_REVIEW,CONTROLLED_SYNTHETIC
I0003282,SME000964,RM042,2026-07-19,SECURE_MESSAGE,CONNECTED,CONTROLLED_SYNTHETIC
I0003283,SME000964,RM042,2026-06-26,BRANCH,CONNECTED,CONTROLLED_SYNTHETIC
I0003284,SME000965,RM043,2026-03-15,CALL,NEEDS_REVIEW,CONTROLLED_SYNTHETIC
I0003285,SME000966,RM020,2026-05-29,MEETING,CONNECTED,CONTROLLED_SYNTHETIC
I0003286,SME000967,RM041,2026-04-21,MEETING,NO_RESPONSE,CONTROLLED_SYNTHETIC
I0003287,SME000967,RM041,2026-04-13,MEETING,NO_RESPONSE,CONTROLLED_SYNTHETIC
I0003288,SME000967,RM041,2026-01-01,MEETING,FOLLOW_UP,CONTROLLED_SYNTHETIC
I0003289,SME000967,RM041,2025-08-21,BRANCH,FOLLOW_UP,CONTROLLED_SYNTHETIC
I0003290,SME000967,RM041,2026-05-20,BRANCH,NO_RESPONSE,CONTROLLED_SYNTHETIC
I0003291,SME000968,RM045,2025-08-26,SECURE_MESSAGE,CONNECTED,CONTROLLED_SYNTHETIC
I0003292,SME000968,RM045,2026-03-21,BRANCH,NO_RESPONSE,CONTROLLED_SYNTHETIC
I0003293,SME000968,RM045,2025-10-21,CALL,NO_RESPONSE,CONTROLLED_SYNTHETIC
I0003294,SME000968,RM045,2025-12-01,BRANCH,CONNECTED,CONTROLLED_SYNTHETIC
I0003295,SME000968,RM045,2026-06-13,BRANCH,FOLLOW_UP,CONTROLLED_SYNTHETIC
I0003296,SME000969,RM016,2026-03-29,BRANCH,NO_RESPONSE,CONTROLLED_SYNTHETIC
I0003297,SME000969,RM016,2026-03-06,SECURE_MESSAGE,CONNECTED,CONTROLLED_SYNTHETIC
I0003298,SME000969,RM016,2025-09-15,CALL,CONNECTED,CONTROLLED_SYNTHETIC
I0003299,SME000969,RM016,2025-10-14,SECURE_MESSAGE,NO_RESPONSE,CONTROLLED_SYNTHETIC
I0003300,SME000969,RM016,2026-07-25,CALL,NO_RESPONSE,CONTROLLED_SYNTHETIC
I0003301,SME000969,RM016,2025-12-10,MEETING,CONNECTED,CONTROLLED_SYNTHETIC
I0003302,SME000970,RM017,2026-07-10,BRANCH,FOLLOW_UP,CONTROLLED_SYNTHETIC
I0003303,SME000970,RM017,2025-10-08,CALL,CONNECTED,CONTROLLED_SYNTHETIC
I0003304,SME000971,RM029,2026-01-17,BRANCH,NEEDS_REVIEW,CONTROLLED_SYNTHETIC
I0003305,SME000971,RM029,2026-03-18,MEETING,CONNECTED,CONTROLLED_SYNTHETIC
I0003306,SME000971,RM029,2026-02-02,CALL,CONNECTED,CONTROLLED_SYNTHETIC
I0003307,SME000972,RM030,2026-01-10,CALL,FOLLOW_UP,CONTROLLED_SYNTHETIC
I0003308,SME000972,RM030,2025-10-11,SECURE_MESSAGE,FOLLOW_UP,CONTROLLED_SYNTHETIC
I0003309,SME000972,RM030,2026-07-22,MEETING,NO_RESPONSE,CONTROLLED_SYNTHETIC
I0003310,SME000972,RM030,2026-07-01,SECURE_MESSAGE,CONNECTED,CONTROLLED_SYNTHETIC
I0003311,SME000972,RM030,2026-08-18,SECURE_MESSAGE,NEEDS_REVIEW,CONTROLLED_SYNTHETIC
I0003312,SME000972,RM030,2025-10-22,CALL,CONNECTED,CONTROLLED_SYNTHETIC
I0003313,SME000973,RM012,2026-07-17,CALL,NEEDS_REVIEW,CONTROLLED_SYNTHETIC
I0003314,SME000974,RM033,2025-08-27,SECURE_MESSAGE,FOLLOW_UP,CONTROLLED_SYNTHETIC
I0003315,SME000974,RM033,2025-09-01,MEETING,CONNECTED,CONTROLLED_SYNTHETIC
I0003316,SME000974,RM033,2025-09-12,MEETING,FOLLOW_UP,CONTROLLED_SYNTHETIC
I0003317,SME000975,RM012,2026-07-06,BRANCH,CONNECTED,CONTROLLED_SYNTHETIC
I0003318,SME000975,RM012,2025-09-28,CALL,FOLLOW_UP,CONTROLLED_SYNTHETIC
I0003319,SME000975,RM012,2025-10-08,BRANCH,CONNECTED,CONTROLLED_SYNTHETIC
I0003320,SME000975,RM012,2025-08-24,CALL,NEEDS_REVIEW,CONTROLLED_SYNTHETIC
I0003321,SME000976,RM008,2026-05-23,SECURE_MESSAGE,FOLLOW_UP,CONTROLLED_SYNTHETIC
I0003322,SME000976,RM008,2026-04-20,SECURE_MESSAGE,FOLLOW_UP,CONTROLLED_SYNTHETIC
I0003323,SME000977,RM015,2025-12-20,MEETING,FOLLOW_UP,CONTROLLED_SYNTHETIC
I0003324,SME000977,RM015,2025-12-02,CALL,FOLLOW_UP,CONTROLLED_SYNTHETIC
I0003325,SME000977,RM015,2026-05-16,BRANCH,CONNECTED,CONTROLLED_SYNTHETIC
I0003326,SME000977,RM015,2026-02-28,MEETING,NEEDS_REVIEW,CONTROLLED_SYNTHETIC
I0003327,SME000977,RM015,2026-07-25,MEETING,FOLLOW_UP,CONTROLLED_SYNTHETIC
I0003328,SME000977,RM015,2026-06-05,CALL,CONNECTED,CONTROLLED_SYNTHETIC
I0003329,SME000978,RM046,2026-04-03,MEETING,CONNECTED,CONTROLLED_SYNTHETIC
I0003330,SME000978,RM046,2026-05-30,BRANCH,CONNECTED,CONTROLLED_SYNTHETIC
I0003331,SME000978,RM046,2026-06-27,CALL,CONNECTED,CONTROLLED_SYNTHETIC
I0003332,SME000979,RM017,2026-01-27,CALL,FOLLOW_UP,CONTROLLED_SYNTHETIC
I0003333,SME000979,RM017,2026-05-02,MEETING,FOLLOW_UP,CONTROLLED_SYNTHETIC
I0003334,SME000979,RM017,2026-03-28,BRANCH,FOLLOW_UP,CONTROLLED_SYNTHETIC
I0003335,SME000979,RM017,2025-10-03,CALL,CONNECTED,CONTROLLED_SYNTHETIC
I0003336,SME000980,RM013,2025-09-04,BRANCH,CONNECTED,CONTROLLED_SYNTHETIC
I0003337,SME000981,RM038,2026-02-18,SECURE_MESSAGE,FOLLOW_UP,CONTROLLED_SYNTHETIC
I0003338,SME000981,RM038,2026-02-18,BRANCH,NO_RESPONSE,CONTROLLED_SYNTHETIC
I0003339,SME000982,RM001,2026-03-07,BRANCH,NEEDS_REVIEW,CONTROLLED_SYNTHETIC
I0003340,SME000982,RM001,2026-02-08,SECURE_MESSAGE,NEEDS_REVIEW,CONTROLLED_SYNTHETIC
I0003341,SME000982,RM001,2026-07-02,SECURE_MESSAGE,CONNECTED,CONTROLLED_SYNTHETIC
I0003342,SME000982,RM001,2026-02-06,MEETING,FOLLOW_UP,CONTROLLED_SYNTHETIC
I0003343,SME000983,RM043,2025-12-04,CALL,CONNECTED,CONTROLLED_SYNTHETIC
I0003344,SME000983,RM043,2026-07-26,MEETING,CONNECTED,CONTROLLED_SYNTHETIC
I0003345,SME000983,RM043,2025-11-03,BRANCH,NO_RESPONSE,CONTROLLED_SYNTHETIC
I0003346,SME000983,RM043,2025-09-13,MEETING,CONNECTED,CONTROLLED_SYNTHETIC
I0003347,SME000983,RM043,2026-02-12,CALL,FOLLOW_UP,CONTROLLED_SYNTHETIC
I0003348,SME000983,RM043,2026-04-23,BRANCH,FOLLOW_UP,CONTROLLED_SYNTHETIC
I0003349,SME000984,RM009,2025-10-14,BRANCH,CONNECTED,CONTROLLED_SYNTHETIC
I0003350,SME000984,RM009,2025-11-20,CALL,CONNECTED,CONTROLLED_SYNTHETIC
I0003351,SME000984,RM009,2026-05-02,CALL,CONNECTED,CONTROLLED_SYNTHETIC
I0003352,SME000985,RM026,2025-09-26,CALL,NO_RESPONSE,CONTROLLED_SYNTHETIC
I0003353,SME000985,RM026,2026-03-12,CALL,FOLLOW_UP,CONTROLLED_SYNTHETIC
I0003354,SME000985,RM026,2026-03-22,MEETING,FOLLOW_UP,CONTROLLED_SYNTHETIC
I0003355,SME000985,RM026,2026-07-05,BRANCH,NO_RESPONSE,CONTROLLED_SYNTHETIC
I0003356,SME000985,RM026,2026-04-08,MEETING,CONNECTED,CONTROLLED_SYNTHETIC
I0003357,SME000985,RM026,2026-06-22,SECURE_MESSAGE,NEEDS_REVIEW,CONTROLLED_SYNTHETIC
I0003358,SME000986,RM016,2026-01-08,SECURE_MESSAGE,FOLLOW_UP,CONTROLLED_SYNTHETIC
I0003359,SME000986,RM016,2025-09-21,SECURE_MESSAGE,CONNECTED,CONTROLLED_SYNTHETIC
I0003360,SME000986,RM016,2026-05-18,BRANCH,CONNECTED,CONTROLLED_SYNTHETIC
I0003361,SME000986,RM016,2025-11-07,MEETING,FOLLOW_UP,CONTROLLED_SYNTHETIC
I0003362,SME000987,RM028,2025-12-27,SECURE_MESSAGE,FOLLOW_UP,CONTROLLED_SYNTHETIC
I0003363,SME000987,RM028,2026-05-10,MEETING,NO_RESPONSE,CONTROLLED_SYNTHETIC
I0003364,SME000987,RM028,2025-08-29,CALL,NO_RESPONSE,CONTROLLED_SYNTHETIC
I0003365,SME000987,RM028,2026-02-08,SECURE_MESSAGE,FOLLOW_UP,CONTROLLED_SYNTHETIC
I0003366,SME000987,RM028,2025-09-27,MEETING,CONNECTED,CONTROLLED_SYNTHETIC
I0003367,SME000988,RM019,2025-12-06,MEETING,NO_RESPONSE,CONTROLLED_SYNTHETIC
I0003368,SME000988,RM019,2026-06-24,CALL,FOLLOW_UP,CONTROLLED_SYNTHETIC
I0003369,SME000989,RM028,2025-10-03,CALL,CONNECTED,CONTROLLED_SYNTHETIC
I0003370,SME000989,RM028,2026-05-04,BRANCH,NEEDS_REVIEW,CONTROLLED_SYNTHETIC
I0003371,SME000989,RM028,2025-10-29,BRANCH,CONNECTED,CONTROLLED_SYNTHETIC
I0003372,SME000989,RM028,2026-07-09,SECURE_MESSAGE,CONNECTED,CONTROLLED_SYNTHETIC
I0003373,SME000989,RM028,2026-08-11,MEETING,CONNECTED,CONTROLLED_SYNTHETIC
I0003374,SME000990,RM029,2025-10-23,BRANCH,CONNECTED,CONTROLLED_SYNTHETIC
I0003375,SME000990,RM029,2026-06-16,MEETING,FOLLOW_UP,CONTROLLED_SYNTHETIC
I0003376,SME000990,RM029,2026-05-30,BRANCH,CONNECTED,CONTROLLED_SYNTHETIC
I0003377,SME000990,RM029,2025-11-14,CALL,CONNECTED,CONTROLLED_SYNTHETIC
I0003378,SME000990,RM029,2025-10-19,SECURE_MESSAGE,FOLLOW_UP,CONTROLLED_SYNTHETIC
I0003379,SME000991,RM013,2026-07-13,BRANCH,CONNECTED,CONTROLLED_SYNTHETIC
I0003380,SME000991,RM013,2026-01-22,MEETING,CONNECTED,CONTROLLED_SYNTHETIC
I0003381,SME000991,RM013,2025-11-07,MEETING,FOLLOW_UP,CONTROLLED_SYNTHETIC
I0003382,SME000991,RM013,2025-11-13,MEETING,CONNECTED,CONTROLLED_SYNTHETIC
I0003383,SME000991,RM013,2026-07-21,BRANCH,NO_RESPONSE,CONTROLLED_SYNTHETIC
I0003384,SME000991,RM013,2025-09-02,BRANCH,CONNECTED,CONTROLLED_SYNTHETIC
I0003385,SME000992,RM020,2025-12-26,MEETING,NO_RESPONSE,CONTROLLED_SYNTHETIC
I0003386,SME000992,RM020,2026-05-19,MEETING,FOLLOW_UP,CONTROLLED_SYNTHETIC
I0003387,SME000992,RM020,2026-01-16,BRANCH,CONNECTED,CONTROLLED_SYNTHETIC
I0003388,SME000992,RM020,2026-08-06,SECURE_MESSAGE,FOLLOW_UP,CONTROLLED_SYNTHETIC
I0003389,SME000993,RM038,2026-04-20,CALL,CONNECTED,CONTROLLED_SYNTHETIC
I0003390,SME000993,RM038,2026-04-25,BRANCH,NO_RESPONSE,CONTROLLED_SYNTHETIC
I0003391,SME000993,RM038,2026-03-06,SECURE_MESSAGE,NEEDS_REVIEW,CONTROLLED_SYNTHETIC
I0003392,SME000993,RM038,2025-11-24,BRANCH,NEEDS_REVIEW,CONTROLLED_SYNTHETIC
I0003393,SME000993,RM038,2025-09-26,SECURE_MESSAGE,NEEDS_REVIEW,CONTROLLED_SYNTHETIC
I0003394,SME000994,RM029,2026-01-22,MEETING,CONNECTED,CONTROLLED_SYNTHETIC
I0003395,SME000994,RM029,2025-11-08,BRANCH,CONNECTED,CONTROLLED_SYNTHETIC
I0003396,SME000994,RM029,2026-07-29,BRANCH,CONNECTED,CONTROLLED_SYNTHETIC
I0003397,SME000994,RM029,2026-08-18,SECURE_MESSAGE,FOLLOW_UP,CONTROLLED_SYNTHETIC
I0003398,SME000994,RM029,2026-02-08,CALL,CONNECTED,CONTROLLED_SYNTHETIC
I0003399,SME000994,RM029,2026-03-13,CALL,NO_RESPONSE,CONTROLLED_SYNTHETIC
I0003400,SME000995,RM045,2025-11-27,BRANCH,NEEDS_REVIEW,CONTROLLED_SYNTHETIC
I0003401,SME000995,RM045,2025-10-18,MEETING,FOLLOW_UP,CONTROLLED_SYNTHETIC
I0003402,SME000995,RM045,2026-07-16,BRANCH,CONNECTED,CONTROLLED_SYNTHETIC
I0003403,SME000995,RM045,2025-12-10,CALL,NO_RESPONSE,CONTROLLED_SYNTHETIC
I0003404,SME000995,RM045,2025-10-13,BRANCH,FOLLOW_UP,CONTROLLED_SYNTHETIC
I0003405,SME000996,RM030,2026-02-14,SECURE_MESSAGE,FOLLOW_UP,CONTROLLED_SYNTHETIC
I0003406,SME000996,RM030,2026-03-31,CALL,CONNECTED,CONTROLLED_SYNTHETIC
I0003407,SME000996,RM030,2026-08-09,BRANCH,NEEDS_REVIEW,CONTROLLED_SYNTHETIC
I0003408,SME000996,RM030,2025-09-10,SECURE_MESSAGE,CONNECTED,CONTROLLED_SYNTHETIC
I0003409,SME000996,RM030,2026-01-07,BRANCH,FOLLOW_UP,CONTROLLED_SYNTHETIC
I0003410,SME000997,RM027,2026-06-09,BRANCH,NO_RESPONSE,CONTROLLED_SYNTHETIC
I0003411,SME000997,RM027,2026-05-13,MEETING,NO_RESPONSE,CONTROLLED_SYNTHETIC
I0003412,SME000997,RM027,2026-07-05,SECURE_MESSAGE,NO_RESPONSE,CONTROLLED_SYNTHETIC
I0003413,SME000997,RM027,2026-01-24,SECURE_MESSAGE,NO_RESPONSE,CONTROLLED_SYNTHETIC
I0003414,SME000997,RM027,2026-01-12,MEETING,CONNECTED,CONTROLLED_SYNTHETIC
I0003415,SME000997,RM027,2026-04-17,CALL,FOLLOW_UP,CONTROLLED_SYNTHETIC
I0003416,SME000998,RM036,2025-09-19,MEETING,NO_RESPONSE,CONTROLLED_SYNTHETIC
I0003417,SME000998,RM036,2025-08-24,SECURE_MESSAGE,FOLLOW_UP,CONTROLLED_SYNTHETIC
I0003418,SME000998,RM036,2025-12-03,SECURE_MESSAGE,CONNECTED,CONTROLLED_SYNTHETIC
I0003419,SME000998,RM036,2026-04-07,CALL,NO_RESPONSE,CONTROLLED_SYNTHETIC
I0003420,SME000998,RM036,2025-11-02,SECURE_MESSAGE,CONNECTED,CONTROLLED_SYNTHETIC
I0003421,SME000998,RM036,2026-08-07,BRANCH,CONNECTED,CONTROLLED_SYNTHETIC
I0003422,SME000999,RM012,2026-07-15,SECURE_MESSAGE,NEEDS_REVIEW,CONTROLLED_SYNTHETIC
I0003423,SME000999,RM012,2026-05-05,MEETING,CONNECTED,CONTROLLED_SYNTHETIC
I0003424,SME000999,RM012,2026-04-09,CALL,NO_RESPONSE,CONTROLLED_SYNTHETIC
I0003425,SME000999,RM012,2025-10-26,BRANCH,CONNECTED,CONTROLLED_SYNTHETIC
I0003426,SME000999,RM012,2026-03-10,CALL,NEEDS_REVIEW,CONTROLLED_SYNTHETIC
I0003427,SME000999,RM012,2025-09-08,MEETING,FOLLOW_UP,CONTROLLED_SYNTHETIC
I0003428,SME001000,RM046,2025-10-29,CALL,CONNECTED,CONTROLLED_SYNTHETIC
I0003429,SME001001,RM015,2025-12-09,MEETING,CONNECTED,CONTROLLED_SYNTHETIC
I0003430,SME001001,RM015,2025-10-23,MEETING,NO_RESPONSE,CONTROLLED_SYNTHETIC
I0003431,SME001001,RM015,2026-07-16,CALL,FOLLOW_UP,CONTROLLED_SYNTHETIC
I0003432,SME001001,RM015,2026-02-17,BRANCH,NEEDS_REVIEW,CONTROLLED_SYNTHETIC
I0003433,SME001001,RM015,2026-01-02,CALL,CONNECTED,CONTROLLED_SYNTHETIC
I0003434,SME001001,RM015,2025-12-10,BRANCH,FOLLOW_UP,CONTROLLED_SYNTHETIC
I0003435,SME001002,RM024,2025-09-22,MEETING,FOLLOW_UP,CONTROLLED_SYNTHETIC
I0003436,SME001003,RM029,2026-06-02,SECURE_MESSAGE,FOLLOW_UP,CONTROLLED_SYNTHETIC
I0003437,SME001003,RM029,2026-02-18,MEETING,CONNECTED,CONTROLLED_SYNTHETIC
I0003438,SME001003,RM029,2026-03-09,SECURE_MESSAGE,CONNECTED,CONTROLLED_SYNTHETIC
I0003439,SME001003,RM029,2026-05-10,MEETING,CONNECTED,CONTROLLED_SYNTHETIC
I0003440,SME001003,RM029,2026-07-22,MEETING,CONNECTED,CONTROLLED_SYNTHETIC
I0003441,SME001003,RM029,2025-08-26,BRANCH,NO_RESPONSE,CONTROLLED_SYNTHETIC
I0003442,SME001004,RM041,2025-12-31,CALL,NEEDS_REVIEW,CONTROLLED_SYNTHETIC
I0003443,SME001004,RM041,2026-05-27,SECURE_MESSAGE,NO_RESPONSE,CONTROLLED_SYNTHETIC
I0003444,SME001004,RM041,2026-01-25,BRANCH,CONNECTED,CONTROLLED_SYNTHETIC
I0003445,SME001004,RM041,2026-05-20,MEETING,FOLLOW_UP,CONTROLLED_SYNTHETIC
I0003446,SME001004,RM041,2025-09-28,SECURE_MESSAGE,NEEDS_REVIEW,CONTROLLED_SYNTHETIC
I0003447,SME001004,RM041,2026-01-27,MEETING,FOLLOW_UP,CONTROLLED_SYNTHETIC
I0003448,SME001005,RM038,2026-05-24,CALL,CONNECTED,CONTROLLED_SYNTHETIC
I0003449,SME001005,RM038,2026-04-01,CALL,CONNECTED,CONTROLLED_SYNTHETIC
I0003450,SME001005,RM038,2026-06-19,MEETING,CONNECTED,CONTROLLED_SYNTHETIC
I0003451,SME001006,RM041,2026-08-09,SECURE_MESSAGE,CONNECTED,CONTROLLED_SYNTHETIC
I0003452,SME001006,RM041,2025-09-01,MEETING,FOLLOW_UP,CONTROLLED_SYNTHETIC
I0003453,SME001006,RM041,2025-12-10,BRANCH,NEEDS_REVIEW,CONTROLLED_SYNTHETIC
I0003454,SME001006,RM041,2026-07-24,MEETING,CONNECTED,CONTROLLED_SYNTHETIC
I0003455,SME001007,RM002,2025-09-25,MEETING,NEEDS_REVIEW,CONTROLLED_SYNTHETIC
I0003456,SME001007,RM002,2026-06-26,MEETING,FOLLOW_UP,CONTROLLED_SYNTHETIC
I0003457,SME001008,RM007,2026-06-03,MEETING,CONNECTED,CONTROLLED_SYNTHETIC
I0003458,SME001008,RM007,2026-03-06,CALL,CONNECTED,CONTROLLED_SYNTHETIC
I0003459,SME001008,RM007,2025-09-13,MEETING,CONNECTED,CONTROLLED_SYNTHETIC
I0003460,SME001008,RM007,2026-04-16,MEETING,NO_RESPONSE,CONTROLLED_SYNTHETIC
I0003461,SME001008,RM007,2026-07-23,SECURE_MESSAGE,NEEDS_REVIEW,CONTROLLED_SYNTHETIC
I0003462,SME001008,RM007,2026-08-18,SECURE_MESSAGE,NEEDS_REVIEW,CONTROLLED_SYNTHETIC
I0003463,SME001009,RM029,2025-08-27,MEETING,CONNECTED,CONTROLLED_SYNTHETIC
I0003464,SME001009,RM029,2026-03-19,SECURE_MESSAGE,NO_RESPONSE,CONTROLLED_SYNTHETIC
I0003465,SME001009,RM029,2026-06-16,SECURE_MESSAGE,FOLLOW_UP,CONTROLLED_SYNTHETIC
I0003466,SME001010,RM045,2026-01-06,SECURE_MESSAGE,CONNECTED,CONTROLLED_SYNTHETIC
I0003467,SME001011,RM026,2026-01-18,CALL,CONNECTED,CONTROLLED_SYNTHETIC
I0003468,SME001011,RM026,2025-09-23,CALL,CONNECTED,CONTROLLED_SYNTHETIC
I0003469,SME001012,RM002,2026-07-22,CALL,FOLLOW_UP,CONTROLLED_SYNTHETIC
I0003470,SME001012,RM002,2026-03-14,MEETING,FOLLOW_UP,CONTROLLED_SYNTHETIC
I0003471,SME001012,RM002,2026-05-01,CALL,FOLLOW_UP,CONTROLLED_SYNTHETIC
I0003472,SME001012,RM002,2026-01-18,MEETING,FOLLOW_UP,CONTROLLED_SYNTHETIC
I0003473,SME001012,RM002,2025-12-26,MEETING,CONNECTED,CONTROLLED_SYNTHETIC
I0003474,SME001012,RM002,2026-08-03,CALL,CONNECTED,CONTROLLED_SYNTHETIC
I0003475,SME001013,RM015,2026-04-10,SECURE_MESSAGE,CONNECTED,CONTROLLED_SYNTHETIC
I0003476,SME001014,RM030,2025-11-23,BRANCH,CONNECTED,CONTROLLED_SYNTHETIC
I0003477,SME001015,RM010,2026-01-11,SECURE_MESSAGE,NO_RESPONSE,CONTROLLED_SYNTHETIC
I0003478,SME001015,RM010,2026-01-08,CALL,CONNECTED,CONTROLLED_SYNTHETIC
I0003479,SME001015,RM010,2026-03-15,BRANCH,FOLLOW_UP,CONTROLLED_SYNTHETIC
I0003480,SME001016,RM038,2026-04-12,CALL,NO_RESPONSE,CONTROLLED_SYNTHETIC
I0003481,SME001016,RM038,2026-07-17,SECURE_MESSAGE,CONNECTED,CONTROLLED_SYNTHETIC
I0003482,SME001016,RM038,2025-10-09,BRANCH,CONNECTED,CONTROLLED_SYNTHETIC
I0003483,SME001016,RM038,2026-07-12,CALL,CONNECTED,CONTROLLED_SYNTHETIC
I0003484,SME001016,RM038,2025-12-10,MEETING,FOLLOW_UP,CONTROLLED_SYNTHETIC
I0003485,SME001017,RM009,2026-04-12,BRANCH,CONNECTED,CONTROLLED_SYNTHETIC
I0003486,SME001017,RM009,2026-03-30,CALL,CONNECTED,CONTROLLED_SYNTHETIC
I0003487,SME001017,RM009,2026-01-24,MEETING,CONNECTED,CONTROLLED_SYNTHETIC
I0003488,SME001018,RM027,2026-07-28,SECURE_MESSAGE,NO_RESPONSE,CONTROLLED_SYNTHETIC
I0003489,SME001018,RM027,2026-07-13,CALL,CONNECTED,CONTROLLED_SYNTHETIC
I0003490,SME001018,RM027,2026-02-25,MEETING,FOLLOW_UP,CONTROLLED_SYNTHETIC
I0003491,SME001018,RM027,2026-02-28,BRANCH,FOLLOW_UP,CONTROLLED_SYNTHETIC
I0003492,SME001018,RM027,2026-06-25,BRANCH,CONNECTED,CONTROLLED_SYNTHETIC
I0003493,SME001019,RM018,2025-12-19,CALL,CONNECTED,CONTROLLED_SYNTHETIC
I0003494,SME001019,RM018,2025-11-23,CALL,FOLLOW_UP,CONTROLLED_SYNTHETIC
I0003495,SME001019,RM018,2025-12-03,BRANCH,FOLLOW_UP,CONTROLLED_SYNTHETIC
I0003496,SME001020,RM016,2025-09-27,CALL,CONNECTED,CONTROLLED_SYNTHETIC
I0003497,SME001020,RM016,2026-06-09,SECURE_MESSAGE,FOLLOW_UP,CONTROLLED_SYNTHETIC
I0003498,SME001020,RM016,2025-11-06,BRANCH,NEEDS_REVIEW,CONTROLLED_SYNTHETIC
I0003499,SME001020,RM016,2026-05-11,SECURE_MESSAGE,CONNECTED,CONTROLLED_SYNTHETIC
I0003500,SME001020,RM016,2025-10-15,MEETING,FOLLOW_UP,CONTROLLED_SYNTHETIC
I0003501,SME001021,RM035,2025-09-03,MEETING,CONNECTED,CONTROLLED_SYNTHETIC
I0003502,SME001021,RM035,2026-07-02,BRANCH,FOLLOW_UP,CONTROLLED_SYNTHETIC
I0003503,SME001021,RM035,2026-03-20,BRANCH,FOLLOW_UP,CONTROLLED_SYNTHETIC
I0003504,SME001021,RM035,2025-11-29,BRANCH,CONNECTED,CONTROLLED_SYNTHETIC
I0003505,SME001022,RM045,2026-01-20,MEETING,FOLLOW_UP,CONTROLLED_SYNTHETIC
I0003506,SME001022,RM045,2026-07-09,CALL,CONNECTED,CONTROLLED_SYNTHETIC
I0003507,SME001022,RM045,2026-03-14,CALL,CONNECTED,CONTROLLED_SYNTHETIC
I0003508,SME001022,RM045,2026-07-22,BRANCH,NEEDS_REVIEW,CONTROLLED_SYNTHETIC
I0003509,SME001022,RM045,2026-01-15,CALL,NO_RESPONSE,CONTROLLED_SYNTHETIC
I0003510,SME001022,RM045,2026-05-24,CALL,CONNECTED,CONTROLLED_SYNTHETIC
I0003511,SME001023,RM026,2025-12-10,CALL,FOLLOW_UP,CONTROLLED_SYNTHETIC
I0003512,SME001023,RM026,2025-12-26,BRANCH,CONNECTED,CONTROLLED_SYNTHETIC
I0003513,SME001023,RM026,2025-08-27,CALL,CONNECTED,CONTROLLED_SYNTHETIC
I0003514,SME001023,RM026,2025-10-09,BRANCH,CONNECTED,CONTROLLED_SYNTHETIC
I0003515,SME001023,RM026,2025-12-15,BRANCH,CONNECTED,CONTROLLED_SYNTHETIC
I0003516,SME001023,RM026,2026-06-21,MEETING,CONNECTED,CONTROLLED_SYNTHETIC
I0003517,SME001024,RM033,2026-05-24,BRANCH,FOLLOW_UP,CONTROLLED_SYNTHETIC
I0003518,SME001024,RM033,2026-06-12,CALL,FOLLOW_UP,CONTROLLED_SYNTHETIC
I0003519,SME001025,RM022,2026-01-24,SECURE_MESSAGE,CONNECTED,CONTROLLED_SYNTHETIC
I0003520,SME001025,RM022,2026-07-13,CALL,NO_RESPONSE,CONTROLLED_SYNTHETIC
I0003521,SME001025,RM022,2025-08-25,MEETING,FOLLOW_UP,CONTROLLED_SYNTHETIC
I0003522,SME001026,RM026,2026-01-17,BRANCH,CONNECTED,CONTROLLED_SYNTHETIC
I0003523,SME001026,RM026,2026-06-15,SECURE_MESSAGE,NEEDS_REVIEW,CONTROLLED_SYNTHETIC
I0003524,SME001026,RM026,2026-06-16,SECURE_MESSAGE,CONNECTED,CONTROLLED_SYNTHETIC
I0003525,SME001027,RM008,2026-01-03,SECURE_MESSAGE,CONNECTED,CONTROLLED_SYNTHETIC
I0003526,SME001027,RM008,2026-08-07,BRANCH,CONNECTED,CONTROLLED_SYNTHETIC
I0003527,SME001027,RM008,2025-12-04,BRANCH,NEEDS_REVIEW,CONTROLLED_SYNTHETIC
I0003528,SME001027,RM008,2025-12-09,CALL,CONNECTED,CONTROLLED_SYNTHETIC
I0003529,SME001027,RM008,2025-08-25,MEETING,CONNECTED,CONTROLLED_SYNTHETIC
I0003530,SME001027,RM008,2026-02-24,SECURE_MESSAGE,CONNECTED,CONTROLLED_SYNTHETIC
I0003531,SME001028,RM018,2026-07-05,SECURE_MESSAGE,CONNECTED,CONTROLLED_SYNTHETIC
I0003532,SME001028,RM018,2026-08-17,MEETING,CONNECTED,CONTROLLED_SYNTHETIC
I0003533,SME001028,RM018,2026-06-27,MEETING,CONNECTED,CONTROLLED_SYNTHETIC
I0003534,SME001028,RM018,2026-02-10,CALL,CONNECTED,CONTROLLED_SYNTHETIC
I0003535,SME001029,RM041,2026-03-25,SECURE_MESSAGE,FOLLOW_UP,CONTROLLED_SYNTHETIC
I0003536,SME001030,RM006,2026-07-26,BRANCH,CONNECTED,CONTROLLED_SYNTHETIC
I0003537,SME001030,RM006,2025-08-24,BRANCH,CONNECTED,CONTROLLED_SYNTHETIC
I0003538,SME001030,RM006,2025-12-07,BRANCH,CONNECTED,CONTROLLED_SYNTHETIC
I0003539,SME001031,RM029,2025-10-16,SECURE_MESSAGE,CONNECTED,CONTROLLED_SYNTHETIC
I0003540,SME001031,RM029,2026-02-10,BRANCH,NO_RESPONSE,CONTROLLED_SYNTHETIC
I0003541,SME001031,RM029,2025-10-30,BRANCH,FOLLOW_UP,CONTROLLED_SYNTHETIC
I0003542,SME001031,RM029,2026-02-06,CALL,CONNECTED,CONTROLLED_SYNTHETIC
I0003543,SME001031,RM029,2026-06-16,BRANCH,FOLLOW_UP,CONTROLLED_SYNTHETIC
I0003544,SME001031,RM029,2025-09-07,SECURE_MESSAGE,CONNECTED,CONTROLLED_SYNTHETIC
I0003545,SME001032,RM021,2026-04-10,BRANCH,FOLLOW_UP,CONTROLLED_SYNTHETIC
I0003546,SME001032,RM021,2026-05-10,BRANCH,CONNECTED,CONTROLLED_SYNTHETIC
I0003547,SME001032,RM021,2026-06-20,CALL,CONNECTED,CONTROLLED_SYNTHETIC
I0003548,SME001033,RM035,2026-05-13,SECURE_MESSAGE,CONNECTED,CONTROLLED_SYNTHETIC
I0003549,SME001033,RM035,2025-10-26,SECURE_MESSAGE,NO_RESPONSE,CONTROLLED_SYNTHETIC
I0003550,SME001033,RM035,2026-04-16,SECURE_MESSAGE,CONNECTED,CONTROLLED_SYNTHETIC
I0003551,SME001033,RM035,2026-05-01,SECURE_MESSAGE,CONNECTED,CONTROLLED_SYNTHETIC
I0003552,SME001034,RM015,2026-02-07,MEETING,NO_RESPONSE,CONTROLLED_SYNTHETIC
I0003553,SME001034,RM015,2026-01-22,SECURE_MESSAGE,NO_RESPONSE,CONTROLLED_SYNTHETIC
I0003554,SME001035,RM019,2025-09-13,SECURE_MESSAGE,NO_RESPONSE,CONTROLLED_SYNTHETIC
I0003555,SME001035,RM019,2025-09-05,BRANCH,FOLLOW_UP,CONTROLLED_SYNTHETIC
I0003556,SME001036,RM045,2026-03-12,CALL,FOLLOW_UP,CONTROLLED_SYNTHETIC
I0003557,SME001036,RM045,2025-09-20,BRANCH,CONNECTED,CONTROLLED_SYNTHETIC
I0003558,SME001036,RM045,2026-04-23,CALL,NO_RESPONSE,CONTROLLED_SYNTHETIC
I0003559,SME001036,RM045,2026-06-03,SECURE_MESSAGE,CONNECTED,CONTROLLED_SYNTHETIC
I0003560,SME001036,RM045,2026-05-05,SECURE_MESSAGE,NO_RESPONSE,CONTROLLED_SYNTHETIC
I0003561,SME001036,RM045,2026-06-24,CALL,FOLLOW_UP,CONTROLLED_SYNTHETIC
I0003562,SME001037,RM008,2025-11-23,MEETING,FOLLOW_UP,CONTROLLED_SYNTHETIC
I0003563,SME001037,RM008,2026-08-11,MEETING,CONNECTED,CONTROLLED_SYNTHETIC
I0003564,SME001037,RM008,2026-03-29,BRANCH,NEEDS_REVIEW,CONTROLLED_SYNTHETIC
I0003565,SME001037,RM008,2026-03-13,BRANCH,NO_RESPONSE,CONTROLLED_SYNTHETIC
I0003566,SME001038,RM023,2026-06-04,MEETING,CONNECTED,CONTROLLED_SYNTHETIC
I0003567,SME001038,RM023,2025-09-07,MEETING,NO_RESPONSE,CONTROLLED_SYNTHETIC
I0003568,SME001039,RM036,2026-04-18,MEETING,NO_RESPONSE,CONTROLLED_SYNTHETIC
I0003569,SME001039,RM036,2025-11-16,MEETING,NO_RESPONSE,CONTROLLED_SYNTHETIC
I0003570,SME001039,RM036,2026-06-10,BRANCH,CONNECTED,CONTROLLED_SYNTHETIC
I0003571,SME001039,RM036,2025-11-26,MEETING,CONNECTED,CONTROLLED_SYNTHETIC
I0003572,SME001040,RM013,2026-04-13,CALL,CONNECTED,CONTROLLED_SYNTHETIC
I0003573,SME001040,RM013,2025-11-30,MEETING,FOLLOW_UP,CONTROLLED_SYNTHETIC
I0003574,SME001040,RM013,2026-01-03,CALL,NO_RESPONSE,CONTROLLED_SYNTHETIC
I0003575,SME001040,RM013,2026-05-12,CALL,CONNECTED,CONTROLLED_SYNTHETIC
I0003576,SME001040,RM013,2025-11-02,BRANCH,NO_RESPONSE,CONTROLLED_SYNTHETIC
I0003577,SME001041,RM047,2026-03-27,BRANCH,NO_RESPONSE,CONTROLLED_SYNTHETIC
I0003578,SME001041,RM047,2025-10-19,BRANCH,FOLLOW_UP,CONTROLLED_SYNTHETIC
I0003579,SME001041,RM047,2025-12-12,BRANCH,CONNECTED,CONTROLLED_SYNTHETIC
I0003580,SME001041,RM047,2026-08-17,CALL,CONNECTED,CONTROLLED_SYNTHETIC
I0003581,SME001041,RM047,2025-12-11,MEETING,NO_RESPONSE,CONTROLLED_SYNTHETIC
I0003582,SME001042,RM015,2026-01-06,CALL,CONNECTED,CONTROLLED_SYNTHETIC
I0003583,SME001042,RM015,2026-08-19,SECURE_MESSAGE,CONNECTED,CONTROLLED_SYNTHETIC
I0003584,SME001042,RM015,2026-02-18,SECURE_MESSAGE,FOLLOW_UP,CONTROLLED_SYNTHETIC
I0003585,SME001042,RM015,2026-01-14,CALL,NEEDS_REVIEW,CONTROLLED_SYNTHETIC
I0003586,SME001042,RM015,2025-10-21,MEETING,NO_RESPONSE,CONTROLLED_SYNTHETIC
I0003587,SME001042,RM015,2026-07-10,MEETING,NEEDS_REVIEW,CONTROLLED_SYNTHETIC
I0003588,SME001043,RM015,2025-09-14,BRANCH,FOLLOW_UP,CONTROLLED_SYNTHETIC
I0003589,SME001044,RM009,2025-11-17,BRANCH,NO_RESPONSE,CONTROLLED_SYNTHETIC
I0003590,SME001044,RM009,2025-09-10,BRANCH,NEEDS_REVIEW,CONTROLLED_SYNTHETIC
I0003591,SME001044,RM009,2026-07-24,CALL,CONNECTED,CONTROLLED_SYNTHETIC
I0003592,SME001044,RM009,2026-02-01,BRANCH,FOLLOW_UP,CONTROLLED_SYNTHETIC
I0003593,SME001044,RM009,2026-07-30,CALL,FOLLOW_UP,CONTROLLED_SYNTHETIC
I0003594,SME001044,RM009,2026-03-23,CALL,NO_RESPONSE,CONTROLLED_SYNTHETIC
I0003595,SME001045,RM042,2025-11-29,SECURE_MESSAGE,CONNECTED,CONTROLLED_SYNTHETIC
I0003596,SME001045,RM042,2026-06-27,SECURE_MESSAGE,NO_RESPONSE,CONTROLLED_SYNTHETIC
I0003597,SME001045,RM042,2026-04-08,BRANCH,FOLLOW_UP,CONTROLLED_SYNTHETIC
I0003598,SME001045,RM042,2026-05-30,MEETING,NO_RESPONSE,CONTROLLED_SYNTHETIC
I0003599,SME001045,RM042,2026-08-15,BRANCH,FOLLOW_UP,CONTROLLED_SYNTHETIC
I0003600,SME001045,RM042,2026-05-07,CALL,FOLLOW_UP,CONTROLLED_SYNTHETIC
I0003601,SME001046,RM039,2026-04-21,CALL,CONNECTED,CONTROLLED_SYNTHETIC
I0003602,SME001046,RM039,2026-02-02,MEETING,CONNECTED,CONTROLLED_SYNTHETIC
I0003603,SME001047,RM021,2025-10-06,CALL,CONNECTED,CONTROLLED_SYNTHETIC
I0003604,SME001048,RM007,2026-07-10,BRANCH,CONNECTED,CONTROLLED_SYNTHETIC
I0003605,SME001048,RM007,2025-09-02,CALL,NEEDS_REVIEW,CONTROLLED_SYNTHETIC
I0003606,SME001048,RM007,2026-04-14,SECURE_MESSAGE,NO_RESPONSE,CONTROLLED_SYNTHETIC
I0003607,SME001048,RM007,2025-11-22,BRANCH,FOLLOW_UP,CONTROLLED_SYNTHETIC
I0003608,SME001049,RM044,2026-02-19,CALL,NO_RESPONSE,CONTROLLED_SYNTHETIC
I0003609,SME001049,RM044,2025-10-24,BRANCH,NO_RESPONSE,CONTROLLED_SYNTHETIC
I0003610,SME001050,RM010,2025-08-22,BRANCH,FOLLOW_UP,CONTROLLED_SYNTHETIC
I0003611,SME001050,RM010,2026-04-06,BRANCH,NO_RESPONSE,CONTROLLED_SYNTHETIC
I0003612,SME001051,RM029,2026-05-17,SECURE_MESSAGE,FOLLOW_UP,CONTROLLED_SYNTHETIC
I0003613,SME001051,RM029,2025-09-29,MEETING,NEEDS_REVIEW,CONTROLLED_SYNTHETIC
I0003614,SME001051,RM029,2025-10-23,CALL,FOLLOW_UP,CONTROLLED_SYNTHETIC
I0003615,SME001051,RM029,2025-12-05,MEETING,CONNECTED,CONTROLLED_SYNTHETIC
I0003616,SME001051,RM029,2025-12-28,BRANCH,NEEDS_REVIEW,CONTROLLED_SYNTHETIC
I0003617,SME001051,RM029,2026-08-03,SECURE_MESSAGE,CONNECTED,CONTROLLED_SYNTHETIC
I0003618,SME001052,RM002,2026-03-16,BRANCH,CONNECTED,CONTROLLED_SYNTHETIC
I0003619,SME001052,RM002,2025-11-22,SECURE_MESSAGE,NEEDS_REVIEW,CONTROLLED_SYNTHETIC
I0003620,SME001053,RM029,2026-05-06,BRANCH,CONNECTED,CONTROLLED_SYNTHETIC
I0003621,SME001053,RM029,2026-05-13,CALL,CONNECTED,CONTROLLED_SYNTHETIC
I0003622,SME001053,RM029,2025-11-14,SECURE_MESSAGE,NEEDS_REVIEW,CONTROLLED_SYNTHETIC
I0003623,SME001053,RM029,2026-03-31,CALL,CONNECTED,CONTROLLED_SYNTHETIC
I0003624,SME001053,RM029,2026-03-20,SECURE_MESSAGE,FOLLOW_UP,CONTROLLED_SYNTHETIC
I0003625,SME001053,RM029,2026-08-06,CALL,CONNECTED,CONTROLLED_SYNTHETIC
I0003626,SME001054,RM008,2026-07-27,BRANCH,CONNECTED,CONTROLLED_SYNTHETIC
I0003627,SME001054,RM008,2026-08-01,MEETING,FOLLOW_UP,CONTROLLED_SYNTHETIC
I0003628,SME001054,RM008,2026-05-17,BRANCH,CONNECTED,CONTROLLED_SYNTHETIC
I0003629,SME001055,RM037,2026-05-11,BRANCH,FOLLOW_UP,CONTROLLED_SYNTHETIC
I0003630,SME001055,RM037,2026-06-01,BRANCH,CONNECTED,CONTROLLED_SYNTHETIC
I0003631,SME001055,RM037,2025-12-14,BRANCH,FOLLOW_UP,CONTROLLED_SYNTHETIC
I0003632,SME001055,RM037,2026-07-10,MEETING,FOLLOW_UP,CONTROLLED_SYNTHETIC
I0003633,SME001055,RM037,2026-01-23,CALL,CONNECTED,CONTROLLED_SYNTHETIC
I0003634,SME001055,RM037,2026-05-02,CALL,CONNECTED,CONTROLLED_SYNTHETIC
I0003635,SME001056,RM004,2026-05-21,BRANCH,FOLLOW_UP,CONTROLLED_SYNTHETIC
I0003636,SME001056,RM004,2026-07-21,BRANCH,CONNECTED,CONTROLLED_SYNTHETIC
I0003637,SME001056,RM004,2025-10-27,MEETING,FOLLOW_UP,CONTROLLED_SYNTHETIC
I0003638,SME001056,RM004,2025-11-13,MEETING,CONNECTED,CONTROLLED_SYNTHETIC
I0003639,SME001056,RM004,2026-01-18,CALL,FOLLOW_UP,CONTROLLED_SYNTHETIC
I0003640,SME001056,RM004,2026-03-25,CALL,CONNECTED,CONTROLLED_SYNTHETIC
I0003641,SME001057,RM012,2025-10-08,SECURE_MESSAGE,FOLLOW_UP,CONTROLLED_SYNTHETIC
I0003642,SME001057,RM012,2025-12-06,MEETING,NO_RESPONSE,CONTROLLED_SYNTHETIC
I0003643,SME001057,RM012,2025-12-18,BRANCH,CONNECTED,CONTROLLED_SYNTHETIC
I0003644,SME001058,RM012,2025-10-12,CALL,FOLLOW_UP,CONTROLLED_SYNTHETIC
I0003645,SME001058,RM012,2026-03-13,SECURE_MESSAGE,FOLLOW_UP,CONTROLLED_SYNTHETIC
I0003646,SME001058,RM012,2025-12-14,SECURE_MESSAGE,FOLLOW_UP,CONTROLLED_SYNTHETIC
I0003647,SME001059,RM001,2026-03-25,BRANCH,FOLLOW_UP,CONTROLLED_SYNTHETIC
I0003648,SME001060,RM024,2026-03-07,MEETING,CONNECTED,CONTROLLED_SYNTHETIC
I0003649,SME001060,RM024,2026-03-30,MEETING,CONNECTED,CONTROLLED_SYNTHETIC
I0003650,SME001061,RM041,2026-08-16,CALL,CONNECTED,CONTROLLED_SYNTHETIC
I0003651,SME001062,RM013,2026-05-24,MEETING,CONNECTED,CONTROLLED_SYNTHETIC
I0003652,SME001062,RM013,2025-09-01,CALL,CONNECTED,CONTROLLED_SYNTHETIC
I0003653,SME001062,RM013,2025-11-17,MEETING,CONNECTED,CONTROLLED_SYNTHETIC
I0003654,SME001063,RM009,2025-12-05,MEETING,CONNECTED,CONTROLLED_SYNTHETIC
I0003655,SME001063,RM009,2025-11-20,MEETING,FOLLOW_UP,CONTROLLED_SYNTHETIC
I0003656,SME001063,RM009,2026-07-10,SECURE_MESSAGE,CONNECTED,CONTROLLED_SYNTHETIC
I0003657,SME001063,RM009,2026-06-14,CALL,NO_RESPONSE,CONTROLLED_SYNTHETIC
I0003658,SME001063,RM009,2025-10-14,CALL,FOLLOW_UP,CONTROLLED_SYNTHETIC
I0003659,SME001064,RM016,2026-03-25,BRANCH,FOLLOW_UP,CONTROLLED_SYNTHETIC
I0003660,SME001064,RM016,2026-03-21,BRANCH,FOLLOW_UP,CONTROLLED_SYNTHETIC
I0003661,SME001064,RM016,2026-06-05,BRANCH,CONNECTED,CONTROLLED_SYNTHETIC
I0003662,SME001064,RM016,2026-05-20,BRANCH,CONNECTED,CONTROLLED_SYNTHETIC
I0003663,SME001064,RM016,2025-10-30,MEETING,NEEDS_REVIEW,CONTROLLED_SYNTHETIC
I0003664,SME001065,RM020,2025-11-26,SECURE_MESSAGE,CONNECTED,CONTROLLED_SYNTHETIC
I0003665,SME001065,RM020,2026-02-09,SECURE_MESSAGE,CONNECTED,CONTROLLED_SYNTHETIC
I0003666,SME001065,RM020,2026-01-14,SECURE_MESSAGE,NO_RESPONSE,CONTROLLED_SYNTHETIC
I0003667,SME001065,RM020,2026-03-14,CALL,FOLLOW_UP,CONTROLLED_SYNTHETIC
I0003668,SME001065,RM020,2025-09-23,MEETING,NO_RESPONSE,CONTROLLED_SYNTHETIC
I0003669,SME001066,RM012,2025-09-10,BRANCH,CONNECTED,CONTROLLED_SYNTHETIC
I0003670,SME001066,RM012,2025-11-07,MEETING,NO_RESPONSE,CONTROLLED_SYNTHETIC
I0003671,SME001067,RM012,2026-01-29,CALL,FOLLOW_UP,CONTROLLED_SYNTHETIC
I0003672,SME001067,RM012,2026-03-25,CALL,FOLLOW_UP,CONTROLLED_SYNTHETIC
I0003673,SME001067,RM012,2026-06-08,MEETING,FOLLOW_UP,CONTROLLED_SYNTHETIC
I0003674,SME001067,RM012,2026-03-14,MEETING,NO_RESPONSE,CONTROLLED_SYNTHETIC
I0003675,SME001067,RM012,2026-08-11,CALL,CONNECTED,CONTROLLED_SYNTHETIC
I0003676,SME001067,RM012,2026-05-15,SECURE_MESSAGE,CONNECTED,CONTROLLED_SYNTHETIC
I0003677,SME001068,RM027,2025-12-16,MEETING,CONNECTED,CONTROLLED_SYNTHETIC
I0003678,SME001069,RM034,2025-10-19,BRANCH,CONNECTED,CONTROLLED_SYNTHETIC
I0003679,SME001069,RM034,2025-09-20,MEETING,CONNECTED,CONTROLLED_SYNTHETIC
I0003680,SME001069,RM034,2026-03-28,CALL,NEEDS_REVIEW,CONTROLLED_SYNTHETIC
I0003681,SME001069,RM034,2026-07-05,CALL,CONNECTED,CONTROLLED_SYNTHETIC
I0003682,SME001069,RM034,2025-09-20,BRANCH,FOLLOW_UP,CONTROLLED_SYNTHETIC
I0003683,SME001070,RM036,2026-02-04,BRANCH,FOLLOW_UP,CONTROLLED_SYNTHETIC
I0003684,SME001070,RM036,2026-05-02,MEETING,CONNECTED,CONTROLLED_SYNTHETIC
I0003685,SME001071,RM029,2026-03-17,CALL,FOLLOW_UP,CONTROLLED_SYNTHETIC
I0003686,SME001071,RM029,2026-05-01,MEETING,FOLLOW_UP,CONTROLLED_SYNTHETIC
I0003687,SME001071,RM029,2025-12-26,MEETING,NEEDS_REVIEW,CONTROLLED_SYNTHETIC
I0003688,SME001071,RM029,2026-08-18,MEETING,NEEDS_REVIEW,CONTROLLED_SYNTHETIC
I0003689,SME001071,RM029,2026-02-17,BRANCH,CONNECTED,CONTROLLED_SYNTHETIC
I0003690,SME001071,RM029,2026-05-15,CALL,FOLLOW_UP,CONTROLLED_SYNTHETIC
I0003691,SME001072,RM022,2025-11-06,CALL,NO_RESPONSE,CONTROLLED_SYNTHETIC
I0003692,SME001073,RM002,2026-02-15,SECURE_MESSAGE,NEEDS_REVIEW,CONTROLLED_SYNTHETIC
I0003693,SME001073,RM002,2026-06-19,BRANCH,NO_RESPONSE,CONTROLLED_SYNTHETIC
I0003694,SME001073,RM002,2025-10-04,MEETING,NEEDS_REVIEW,CONTROLLED_SYNTHETIC
I0003695,SME001073,RM002,2025-09-06,BRANCH,CONNECTED,CONTROLLED_SYNTHETIC
I0003696,SME001074,RM017,2025-10-16,MEETING,CONNECTED,CONTROLLED_SYNTHETIC
I0003697,SME001074,RM017,2025-08-30,CALL,FOLLOW_UP,CONTROLLED_SYNTHETIC
I0003698,SME001075,RM044,2026-02-20,SECURE_MESSAGE,FOLLOW_UP,CONTROLLED_SYNTHETIC
I0003699,SME001075,RM044,2026-02-03,CALL,CONNECTED,CONTROLLED_SYNTHETIC
I0003700,SME001075,RM044,2025-10-31,CALL,FOLLOW_UP,CONTROLLED_SYNTHETIC
I0003701,SME001075,RM044,2025-12-30,SECURE_MESSAGE,CONNECTED,CONTROLLED_SYNTHETIC
I0003702,SME001076,RM041,2026-08-13,CALL,NEEDS_REVIEW,CONTROLLED_SYNTHETIC
I0003703,SME001076,RM041,2026-05-09,BRANCH,FOLLOW_UP,CONTROLLED_SYNTHETIC
I0003704,SME001077,RM015,2025-12-03,SECURE_MESSAGE,NO_RESPONSE,CONTROLLED_SYNTHETIC
I0003705,SME001077,RM015,2025-12-07,CALL,CONNECTED,CONTROLLED_SYNTHETIC
I0003706,SME001077,RM015,2026-02-27,MEETING,NEEDS_REVIEW,CONTROLLED_SYNTHETIC
I0003707,SME001077,RM015,2026-02-21,BRANCH,CONNECTED,CONTROLLED_SYNTHETIC
I0003708,SME001077,RM015,2025-10-22,SECURE_MESSAGE,FOLLOW_UP,CONTROLLED_SYNTHETIC
I0003709,SME001077,RM015,2026-03-29,MEETING,FOLLOW_UP,CONTROLLED_SYNTHETIC
I0003710,SME001078,RM021,2026-08-11,CALL,NO_RESPONSE,CONTROLLED_SYNTHETIC
I0003711,SME001078,RM021,2026-03-20,MEETING,CONNECTED,CONTROLLED_SYNTHETIC
I0003712,SME001078,RM021,2026-04-11,SECURE_MESSAGE,CONNECTED,CONTROLLED_SYNTHETIC
I0003713,SME001079,RM002,2026-07-22,MEETING,CONNECTED,CONTROLLED_SYNTHETIC
I0003714,SME001079,RM002,2025-09-12,BRANCH,FOLLOW_UP,CONTROLLED_SYNTHETIC
I0003715,SME001079,RM002,2026-07-30,BRANCH,CONNECTED,CONTROLLED_SYNTHETIC
I0003716,SME001079,RM002,2025-10-05,MEETING,CONNECTED,CONTROLLED_SYNTHETIC
I0003717,SME001079,RM002,2026-06-24,MEETING,NO_RESPONSE,CONTROLLED_SYNTHETIC
I0003718,SME001080,RM035,2026-01-10,SECURE_MESSAGE,NO_RESPONSE,CONTROLLED_SYNTHETIC
I0003719,SME001080,RM035,2025-12-12,SECURE_MESSAGE,CONNECTED,CONTROLLED_SYNTHETIC
I0003720,SME001081,RM001,2026-08-10,SECURE_MESSAGE,CONNECTED,CONTROLLED_SYNTHETIC
I0003721,SME001081,RM001,2025-08-27,BRANCH,NEEDS_REVIEW,CONTROLLED_SYNTHETIC
I0003722,SME001082,RM002,2026-02-10,CALL,NO_RESPONSE,CONTROLLED_SYNTHETIC
I0003723,SME001082,RM002,2026-07-01,SECURE_MESSAGE,NO_RESPONSE,CONTROLLED_SYNTHETIC
I0003724,SME001082,RM002,2025-12-03,BRANCH,CONNECTED,CONTROLLED_SYNTHETIC
I0003725,SME001082,RM002,2026-01-05,MEETING,CONNECTED,CONTROLLED_SYNTHETIC
I0003726,SME001083,RM026,2026-06-01,BRANCH,NEEDS_REVIEW,CONTROLLED_SYNTHETIC
I0003727,SME001083,RM026,2025-10-17,SECURE_MESSAGE,CONNECTED,CONTROLLED_SYNTHETIC
I0003728,SME001083,RM026,2026-02-03,BRANCH,CONNECTED,CONTROLLED_SYNTHETIC
I0003729,SME001083,RM026,2025-10-06,BRANCH,NO_RESPONSE,CONTROLLED_SYNTHETIC
I0003730,SME001084,RM013,2025-08-31,CALL,FOLLOW_UP,CONTROLLED_SYNTHETIC
I0003731,SME001084,RM013,2026-06-10,MEETING,NO_RESPONSE,CONTROLLED_SYNTHETIC
I0003732,SME001085,RM034,2026-02-09,CALL,FOLLOW_UP,CONTROLLED_SYNTHETIC
I0003733,SME001085,RM034,2025-10-11,MEETING,NO_RESPONSE,CONTROLLED_SYNTHETIC
I0003734,SME001085,RM034,2026-07-24,CALL,CONNECTED,CONTROLLED_SYNTHETIC
I0003735,SME001085,RM034,2026-02-11,SECURE_MESSAGE,CONNECTED,CONTROLLED_SYNTHETIC
I0003736,SME001085,RM034,2026-04-05,MEETING,CONNECTED,CONTROLLED_SYNTHETIC
I0003737,SME001086,RM021,2026-01-27,BRANCH,NEEDS_REVIEW,CONTROLLED_SYNTHETIC
I0003738,SME001086,RM021,2026-06-17,BRANCH,CONNECTED,CONTROLLED_SYNTHETIC
I0003739,SME001086,RM021,2026-04-06,CALL,FOLLOW_UP,CONTROLLED_SYNTHETIC
I0003740,SME001087,RM030,2026-07-02,BRANCH,NO_RESPONSE,CONTROLLED_SYNTHETIC
I0003741,SME001087,RM030,2025-12-24,SECURE_MESSAGE,NO_RESPONSE,CONTROLLED_SYNTHETIC
I0003742,SME001087,RM030,2025-11-29,MEETING,NO_RESPONSE,CONTROLLED_SYNTHETIC
I0003743,SME001087,RM030,2026-06-22,SECURE_MESSAGE,CONNECTED,CONTROLLED_SYNTHETIC
I0003744,SME001087,RM030,2025-11-10,BRANCH,CONNECTED,CONTROLLED_SYNTHETIC
I0003745,SME001087,RM030,2026-02-01,MEETING,NO_RESPONSE,CONTROLLED_SYNTHETIC
I0003746,SME001088,RM043,2025-10-26,SECURE_MESSAGE,NO_RESPONSE,CONTROLLED_SYNTHETIC
I0003747,SME001088,RM043,2025-11-26,CALL,NO_RESPONSE,CONTROLLED_SYNTHETIC
I0003748,SME001088,RM043,2026-04-12,CALL,FOLLOW_UP,CONTROLLED_SYNTHETIC
I0003749,SME001089,RM015,2026-01-12,CALL,CONNECTED,CONTROLLED_SYNTHETIC
I0003750,SME001089,RM015,2026-01-31,BRANCH,CONNECTED,CONTROLLED_SYNTHETIC
I0003751,SME001090,RM012,2026-01-13,CALL,CONNECTED,CONTROLLED_SYNTHETIC
I0003752,SME001090,RM012,2026-05-15,BRANCH,CONNECTED,CONTROLLED_SYNTHETIC
I0003753,SME001090,RM012,2026-03-22,SECURE_MESSAGE,CONNECTED,CONTROLLED_SYNTHETIC
I0003754,SME001090,RM012,2026-05-16,MEETING,CONNECTED,CONTROLLED_SYNTHETIC
I0003755,SME001091,RM025,2025-11-25,CALL,FOLLOW_UP,CONTROLLED_SYNTHETIC
I0003756,SME001091,RM025,2026-03-13,BRANCH,CONNECTED,CONTROLLED_SYNTHETIC
I0003757,SME001091,RM025,2026-01-26,BRANCH,CONNECTED,CONTROLLED_SYNTHETIC
I0003758,SME001091,RM025,2026-01-08,CALL,CONNECTED,CONTROLLED_SYNTHETIC
I0003759,SME001092,RM032,2026-07-15,CALL,NO_RESPONSE,CONTROLLED_SYNTHETIC
I0003760,SME001092,RM032,2026-02-22,MEETING,CONNECTED,CONTROLLED_SYNTHETIC
I0003761,SME001092,RM032,2025-12-01,CALL,CONNECTED,CONTROLLED_SYNTHETIC
I0003762,SME001092,RM032,2026-02-26,CALL,NO_RESPONSE,CONTROLLED_SYNTHETIC
I0003763,SME001092,RM032,2026-05-24,MEETING,CONNECTED,CONTROLLED_SYNTHETIC
I0003764,SME001092,RM032,2026-07-16,BRANCH,NO_RESPONSE,CONTROLLED_SYNTHETIC
I0003765,SME001093,RM012,2025-12-03,BRANCH,NO_RESPONSE,CONTROLLED_SYNTHETIC
I0003766,SME001093,RM012,2026-02-03,CALL,NO_RESPONSE,CONTROLLED_SYNTHETIC
I0003767,SME001094,RM030,2026-04-17,CALL,CONNECTED,CONTROLLED_SYNTHETIC
I0003768,SME001094,RM030,2026-06-11,BRANCH,NO_RESPONSE,CONTROLLED_SYNTHETIC
I0003769,SME001094,RM030,2026-06-23,SECURE_MESSAGE,NO_RESPONSE,CONTROLLED_SYNTHETIC
I0003770,SME001095,RM009,2026-01-29,CALL,FOLLOW_UP,CONTROLLED_SYNTHETIC
I0003771,SME001095,RM009,2026-07-16,BRANCH,CONNECTED,CONTROLLED_SYNTHETIC
I0003772,SME001095,RM009,2026-07-29,MEETING,NEEDS_REVIEW,CONTROLLED_SYNTHETIC
I0003773,SME001095,RM009,2026-08-09,MEETING,NO_RESPONSE,CONTROLLED_SYNTHETIC
I0003774,SME001095,RM009,2026-08-03,BRANCH,FOLLOW_UP,CONTROLLED_SYNTHETIC
I0003775,SME001095,RM009,2025-11-11,MEETING,FOLLOW_UP,CONTROLLED_SYNTHETIC
I0003776,SME001096,RM041,2026-08-12,SECURE_MESSAGE,NO_RESPONSE,CONTROLLED_SYNTHETIC
I0003777,SME001097,RM026,2025-09-08,CALL,CONNECTED,CONTROLLED_SYNTHETIC
I0003778,SME001097,RM026,2026-04-17,SECURE_MESSAGE,NEEDS_REVIEW,CONTROLLED_SYNTHETIC
I0003779,SME001097,RM026,2025-10-01,CALL,CONNECTED,CONTROLLED_SYNTHETIC
I0003780,SME001097,RM026,2025-08-28,SECURE_MESSAGE,FOLLOW_UP,CONTROLLED_SYNTHETIC
I0003781,SME001097,RM026,2026-01-15,SECURE_MESSAGE,NEEDS_REVIEW,CONTROLLED_SYNTHETIC
I0003782,SME001098,RM036,2025-09-03,MEETING,CONNECTED,CONTROLLED_SYNTHETIC
I0003783,SME001098,RM036,2026-01-10,CALL,NEEDS_REVIEW,CONTROLLED_SYNTHETIC
I0003784,SME001098,RM036,2025-10-06,SECURE_MESSAGE,CONNECTED,CONTROLLED_SYNTHETIC
I0003785,SME001098,RM036,2026-08-12,CALL,FOLLOW_UP,CONTROLLED_SYNTHETIC
I0003786,SME001098,RM036,2026-03-15,MEETING,NO_RESPONSE,CONTROLLED_SYNTHETIC
I0003787,SME001098,RM036,2026-05-15,SECURE_MESSAGE,NO_RESPONSE,CONTROLLED_SYNTHETIC
I0003788,SME001099,RM006,2026-07-19,BRANCH,FOLLOW_UP,CONTROLLED_SYNTHETIC
I0003789,SME001099,RM006,2025-11-17,MEETING,NO_RESPONSE,CONTROLLED_SYNTHETIC
I0003790,SME001099,RM006,2026-04-03,CALL,FOLLOW_UP,CONTROLLED_SYNTHETIC
I0003791,SME001099,RM006,2026-02-22,MEETING,NO_RESPONSE,CONTROLLED_SYNTHETIC
I0003792,SME001099,RM006,2026-06-01,BRANCH,CONNECTED,CONTROLLED_SYNTHETIC
I0003793,SME001100,RM036,2025-09-04,MEETING,FOLLOW_UP,CONTROLLED_SYNTHETIC
I0003794,SME001100,RM036,2026-02-06,SECURE_MESSAGE,NO_RESPONSE,CONTROLLED_SYNTHETIC
I0003795,SME001100,RM036,2025-09-18,BRANCH,NO_RESPONSE,CONTROLLED_SYNTHETIC
I0003796,SME001101,RM038,2026-07-16,SECURE_MESSAGE,NO_RESPONSE,CONTROLLED_SYNTHETIC
I0003797,SME001101,RM038,2025-09-02,BRANCH,FOLLOW_UP,CONTROLLED_SYNTHETIC
I0003798,SME001102,RM002,2026-02-20,CALL,CONNECTED,CONTROLLED_SYNTHETIC
I0003799,SME001102,RM002,2025-09-12,BRANCH,CONNECTED,CONTROLLED_SYNTHETIC
I0003800,SME001102,RM002,2026-06-08,SECURE_MESSAGE,CONNECTED,CONTROLLED_SYNTHETIC
I0003801,SME001102,RM002,2026-08-12,SECURE_MESSAGE,FOLLOW_UP,CONTROLLED_SYNTHETIC
I0003802,SME001103,RM009,2025-09-02,MEETING,NO_RESPONSE,CONTROLLED_SYNTHETIC
I0003803,SME001103,RM009,2025-12-15,BRANCH,CONNECTED,CONTROLLED_SYNTHETIC
I0003804,SME001103,RM009,2025-09-16,MEETING,FOLLOW_UP,CONTROLLED_SYNTHETIC
I0003805,SME001104,RM029,2026-05-26,SECURE_MESSAGE,CONNECTED,CONTROLLED_SYNTHETIC
I0003806,SME001104,RM029,2026-06-23,SECURE_MESSAGE,NEEDS_REVIEW,CONTROLLED_SYNTHETIC
I0003807,SME001105,RM015,2026-02-13,SECURE_MESSAGE,FOLLOW_UP,CONTROLLED_SYNTHETIC
I0003808,SME001105,RM015,2025-11-27,SECURE_MESSAGE,NO_RESPONSE,CONTROLLED_SYNTHETIC
I0003809,SME001105,RM015,2025-12-24,BRANCH,CONNECTED,CONTROLLED_SYNTHETIC
I0003810,SME001106,RM042,2026-08-17,MEETING,CONNECTED,CONTROLLED_SYNTHETIC
I0003811,SME001107,RM008,2026-06-18,BRANCH,CONNECTED,CONTROLLED_SYNTHETIC
I0003812,SME001107,RM008,2025-12-21,MEETING,NO_RESPONSE,CONTROLLED_SYNTHETIC
I0003813,SME001107,RM008,2026-03-22,MEETING,NEEDS_REVIEW,CONTROLLED_SYNTHETIC
I0003814,SME001107,RM008,2026-03-03,BRANCH,CONNECTED,CONTROLLED_SYNTHETIC
I0003815,SME001107,RM008,2025-09-27,BRANCH,FOLLOW_UP,CONTROLLED_SYNTHETIC
I0003816,SME001107,RM008,2026-01-03,MEETING,CONNECTED,CONTROLLED_SYNTHETIC
I0003817,SME001108,RM004,2026-07-29,BRANCH,NEEDS_REVIEW,CONTROLLED_SYNTHETIC
I0003818,SME001108,RM004,2026-05-15,BRANCH,CONNECTED,CONTROLLED_SYNTHETIC
I0003819,SME001108,RM004,2025-11-12,MEETING,CONNECTED,CONTROLLED_SYNTHETIC
I0003820,SME001108,RM004,2026-05-20,CALL,NO_RESPONSE,CONTROLLED_SYNTHETIC
I0003821,SME001108,RM004,2026-04-10,SECURE_MESSAGE,NEEDS_REVIEW,CONTROLLED_SYNTHETIC
I0003822,SME001109,RM002,2026-05-19,SECURE_MESSAGE,FOLLOW_UP,CONTROLLED_SYNTHETIC
I0003823,SME001109,RM002,2026-06-28,SECURE_MESSAGE,NEEDS_REVIEW,CONTROLLED_SYNTHETIC
I0003824,SME001109,RM002,2026-03-19,SECURE_MESSAGE,NO_RESPONSE,CONTROLLED_SYNTHETIC
I0003825,SME001110,RM009,2026-07-31,CALL,NO_RESPONSE,CONTROLLED_SYNTHETIC
I0003826,SME001110,RM009,2025-11-01,MEETING,FOLLOW_UP,CONTROLLED_SYNTHETIC
I0003827,SME001110,RM009,2025-11-05,MEETING,CONNECTED,CONTROLLED_SYNTHETIC
I0003828,SME001110,RM009,2026-01-10,MEETING,NO_RESPONSE,CONTROLLED_SYNTHETIC
I0003829,SME001110,RM009,2025-11-04,CALL,CONNECTED,CONTROLLED_SYNTHETIC
I0003830,SME001110,RM009,2025-12-31,CALL,NEEDS_REVIEW,CONTROLLED_SYNTHETIC
I0003831,SME001111,RM022,2025-09-26,SECURE_MESSAGE,CONNECTED,CONTROLLED_SYNTHETIC
I0003832,SME001111,RM022,2025-10-09,MEETING,CONNECTED,CONTROLLED_SYNTHETIC
I0003833,SME001111,RM022,2025-12-02,SECURE_MESSAGE,NEEDS_REVIEW,CONTROLLED_SYNTHETIC
I0003834,SME001111,RM022,2026-04-14,CALL,NO_RESPONSE,CONTROLLED_SYNTHETIC
I0003835,SME001112,RM038,2026-06-24,SECURE_MESSAGE,CONNECTED,CONTROLLED_SYNTHETIC
I0003836,SME001112,RM038,2026-06-22,SECURE_MESSAGE,FOLLOW_UP,CONTROLLED_SYNTHETIC
I0003837,SME001112,RM038,2026-08-02,BRANCH,NO_RESPONSE,CONTROLLED_SYNTHETIC
I0003838,SME001113,RM035,2026-07-22,SECURE_MESSAGE,FOLLOW_UP,CONTROLLED_SYNTHETIC
I0003839,SME001113,RM035,2026-03-25,BRANCH,FOLLOW_UP,CONTROLLED_SYNTHETIC
I0003840,SME001114,RM035,2025-11-06,MEETING,NEEDS_REVIEW,CONTROLLED_SYNTHETIC
I0003841,SME001114,RM035,2025-10-05,MEETING,NO_RESPONSE,CONTROLLED_SYNTHETIC
I0003842,SME001115,RM032,2025-09-18,BRANCH,FOLLOW_UP,CONTROLLED_SYNTHETIC
I0003843,SME001115,RM032,2026-02-14,SECURE_MESSAGE,CONNECTED,CONTROLLED_SYNTHETIC
I0003844,SME001116,RM030,2026-01-09,SECURE_MESSAGE,CONNECTED,CONTROLLED_SYNTHETIC
I0003845,SME001116,RM030,2025-12-10,SECURE_MESSAGE,NO_RESPONSE,CONTROLLED_SYNTHETIC
I0003846,SME001117,RM031,2025-10-03,SECURE_MESSAGE,CONNECTED,CONTROLLED_SYNTHETIC
I0003847,SME001117,RM031,2026-06-20,MEETING,CONNECTED,CONTROLLED_SYNTHETIC
I0003848,SME001118,RM035,2025-10-02,BRANCH,FOLLOW_UP,CONTROLLED_SYNTHETIC
I0003849,SME001118,RM035,2025-11-23,MEETING,FOLLOW_UP,CONTROLLED_SYNTHETIC
I0003850,SME001118,RM035,2025-11-24,MEETING,NO_RESPONSE,CONTROLLED_SYNTHETIC
I0003851,SME001119,RM019,2026-03-29,BRANCH,FOLLOW_UP,CONTROLLED_SYNTHETIC
I0003852,SME001119,RM019,2025-10-07,MEETING,NEEDS_REVIEW,CONTROLLED_SYNTHETIC
I0003853,SME001120,RM022,2026-07-16,BRANCH,CONNECTED,CONTROLLED_SYNTHETIC
I0003854,SME001120,RM022,2025-11-02,MEETING,NO_RESPONSE,CONTROLLED_SYNTHETIC
I0003855,SME001121,RM028,2025-10-28,SECURE_MESSAGE,CONNECTED,CONTROLLED_SYNTHETIC
I0003856,SME001121,RM028,2026-05-17,BRANCH,NEEDS_REVIEW,CONTROLLED_SYNTHETIC
I0003857,SME001121,RM028,2025-11-15,SECURE_MESSAGE,NEEDS_REVIEW,CONTROLLED_SYNTHETIC
I0003858,SME001122,RM002,2025-12-10,SECURE_MESSAGE,CONNECTED,CONTROLLED_SYNTHETIC
I0003859,SME001122,RM002,2026-04-25,SECURE_MESSAGE,CONNECTED,CONTROLLED_SYNTHETIC
I0003860,SME001122,RM002,2026-02-02,BRANCH,NO_RESPONSE,CONTROLLED_SYNTHETIC
I0003861,SME001122,RM002,2026-01-04,BRANCH,NO_RESPONSE,CONTROLLED_SYNTHETIC
I0003862,SME001123,RM039,2026-08-03,CALL,CONNECTED,CONTROLLED_SYNTHETIC
I0003863,SME001123,RM039,2026-04-13,CALL,FOLLOW_UP,CONTROLLED_SYNTHETIC
I0003864,SME001124,RM032,2026-02-19,SECURE_MESSAGE,FOLLOW_UP,CONTROLLED_SYNTHETIC
I0003865,SME001125,RM022,2025-11-25,CALL,FOLLOW_UP,CONTROLLED_SYNTHETIC
I0003866,SME001125,RM022,2026-04-19,BRANCH,FOLLOW_UP,CONTROLLED_SYNTHETIC
I0003867,SME001125,RM022,2026-01-18,BRANCH,CONNECTED,CONTROLLED_SYNTHETIC
I0003868,SME001126,RM017,2025-11-28,CALL,NO_RESPONSE,CONTROLLED_SYNTHETIC
I0003869,SME001126,RM017,2025-08-31,CALL,NO_RESPONSE,CONTROLLED_SYNTHETIC
I0003870,SME001126,RM017,2025-08-26,CALL,CONNECTED,CONTROLLED_SYNTHETIC
I0003871,SME001126,RM017,2026-01-10,SECURE_MESSAGE,CONNECTED,CONTROLLED_SYNTHETIC
I0003872,SME001126,RM017,2025-12-06,MEETING,NEEDS_REVIEW,CONTROLLED_SYNTHETIC
I0003873,SME001126,RM017,2026-03-23,BRANCH,NEEDS_REVIEW,CONTROLLED_SYNTHETIC
I0003874,SME001127,RM026,2026-06-13,MEETING,NO_RESPONSE,CONTROLLED_SYNTHETIC
I0003875,SME001127,RM026,2026-04-27,BRANCH,CONNECTED,CONTROLLED_SYNTHETIC
I0003876,SME001127,RM026,2026-05-19,SECURE_MESSAGE,FOLLOW_UP,CONTROLLED_SYNTHETIC
I0003877,SME001127,RM026,2025-09-19,MEETING,CONNECTED,CONTROLLED_SYNTHETIC
I0003878,SME001127,RM026,2026-07-28,SECURE_MESSAGE,NO_RESPONSE,CONTROLLED_SYNTHETIC
I0003879,SME001128,RM004,2025-12-26,BRANCH,CONNECTED,CONTROLLED_SYNTHETIC
I0003880,SME001128,RM004,2026-07-31,MEETING,CONNECTED,CONTROLLED_SYNTHETIC
I0003881,SME001128,RM004,2026-03-02,BRANCH,CONNECTED,CONTROLLED_SYNTHETIC
I0003882,SME001128,RM004,2025-11-23,BRANCH,FOLLOW_UP,CONTROLLED_SYNTHETIC
I0003883,SME001128,RM004,2025-09-23,MEETING,CONNECTED,CONTROLLED_SYNTHETIC
I0003884,SME001128,RM004,2025-10-11,MEETING,NO_RESPONSE,CONTROLLED_SYNTHETIC
I0003885,SME001129,RM011,2026-04-21,BRANCH,NO_RESPONSE,CONTROLLED_SYNTHETIC
I0003886,SME001129,RM011,2025-11-10,BRANCH,CONNECTED,CONTROLLED_SYNTHETIC
I0003887,SME001130,RM041,2026-07-07,SECURE_MESSAGE,FOLLOW_UP,CONTROLLED_SYNTHETIC
I0003888,SME001130,RM041,2025-11-02,MEETING,CONNECTED,CONTROLLED_SYNTHETIC
I0003889,SME001130,RM041,2025-09-28,CALL,FOLLOW_UP,CONTROLLED_SYNTHETIC
I0003890,SME001131,RM015,2026-05-05,CALL,FOLLOW_UP,CONTROLLED_SYNTHETIC
I0003891,SME001131,RM015,2026-01-17,MEETING,CONNECTED,CONTROLLED_SYNTHETIC
I0003892,SME001131,RM015,2026-03-12,CALL,FOLLOW_UP,CONTROLLED_SYNTHETIC
I0003893,SME001131,RM015,2025-10-23,MEETING,FOLLOW_UP,CONTROLLED_SYNTHETIC
I0003894,SME001131,RM015,2026-07-09,SECURE_MESSAGE,FOLLOW_UP,CONTROLLED_SYNTHETIC
I0003895,SME001132,RM021,2025-11-24,BRANCH,CONNECTED,CONTROLLED_SYNTHETIC
I0003896,SME001132,RM021,2025-08-31,MEETING,CONNECTED,CONTROLLED_SYNTHETIC
I0003897,SME001132,RM021,2026-04-14,CALL,FOLLOW_UP,CONTROLLED_SYNTHETIC
I0003898,SME001133,RM015,2026-06-06,CALL,NEEDS_REVIEW,CONTROLLED_SYNTHETIC
I0003899,SME001133,RM015,2025-12-29,CALL,NEEDS_REVIEW,CONTROLLED_SYNTHETIC
I0003900,SME001133,RM015,2026-03-24,MEETING,CONNECTED,CONTROLLED_SYNTHETIC
I0003901,SME001133,RM015,2026-07-05,CALL,CONNECTED,CONTROLLED_SYNTHETIC
I0003902,SME001133,RM015,2026-03-08,BRANCH,FOLLOW_UP,CONTROLLED_SYNTHETIC
I0003903,SME001133,RM015,2025-11-11,CALL,NO_RESPONSE,CONTROLLED_SYNTHETIC
I0003904,SME001134,RM036,2026-07-03,CALL,FOLLOW_UP,CONTROLLED_SYNTHETIC
I0003905,SME001134,RM036,2026-02-27,MEETING,CONNECTED,CONTROLLED_SYNTHETIC
I0003906,SME001135,RM038,2026-02-22,SECURE_MESSAGE,CONNECTED,CONTROLLED_SYNTHETIC
I0003907,SME001135,RM038,2026-04-22,MEETING,CONNECTED,CONTROLLED_SYNTHETIC
I0003908,SME001135,RM038,2025-12-13,CALL,CONNECTED,CONTROLLED_SYNTHETIC
I0003909,SME001135,RM038,2026-02-27,MEETING,FOLLOW_UP,CONTROLLED_SYNTHETIC
I0003910,SME001136,RM005,2026-06-13,SECURE_MESSAGE,NO_RESPONSE,CONTROLLED_SYNTHETIC
I0003911,SME001136,RM005,2025-08-31,BRANCH,NO_RESPONSE,CONTROLLED_SYNTHETIC
I0003912,SME001136,RM005,2025-12-14,MEETING,NO_RESPONSE,CONTROLLED_SYNTHETIC
I0003913,SME001136,RM005,2026-03-16,SECURE_MESSAGE,FOLLOW_UP,CONTROLLED_SYNTHETIC
I0003914,SME001136,RM005,2026-02-12,BRANCH,CONNECTED,CONTROLLED_SYNTHETIC
I0003915,SME001136,RM005,2025-09-29,MEETING,FOLLOW_UP,CONTROLLED_SYNTHETIC
I0003916,SME001137,RM009,2025-11-22,MEETING,FOLLOW_UP,CONTROLLED_SYNTHETIC
I0003917,SME001137,RM009,2026-04-23,BRANCH,FOLLOW_UP,CONTROLLED_SYNTHETIC
I0003918,SME001137,RM009,2025-09-21,BRANCH,NEEDS_REVIEW,CONTROLLED_SYNTHETIC
I0003919,SME001138,RM041,2026-07-22,BRANCH,NEEDS_REVIEW,CONTROLLED_SYNTHETIC
I0003920,SME001138,RM041,2026-04-27,SECURE_MESSAGE,FOLLOW_UP,CONTROLLED_SYNTHETIC
I0003921,SME001138,RM041,2026-06-10,MEETING,CONNECTED,CONTROLLED_SYNTHETIC
I0003922,SME001138,RM041,2026-02-12,CALL,CONNECTED,CONTROLLED_SYNTHETIC
I0003923,SME001138,RM041,2026-06-19,MEETING,CONNECTED,CONTROLLED_SYNTHETIC
I0003924,SME001139,RM029,2026-01-29,CALL,CONNECTED,CONTROLLED_SYNTHETIC
I0003925,SME001139,RM029,2026-04-18,BRANCH,CONNECTED,CONTROLLED_SYNTHETIC
I0003926,SME001139,RM029,2026-02-25,SECURE_MESSAGE,CONNECTED,CONTROLLED_SYNTHETIC
I0003927,SME001139,RM029,2026-03-09,BRANCH,FOLLOW_UP,CONTROLLED_SYNTHETIC
I0003928,SME001140,RM023,2025-12-08,BRANCH,NO_RESPONSE,CONTROLLED_SYNTHETIC
I0003929,SME001141,RM024,2026-06-25,MEETING,FOLLOW_UP,CONTROLLED_SYNTHETIC
I0003930,SME001141,RM024,2026-08-01,CALL,NEEDS_REVIEW,CONTROLLED_SYNTHETIC
I0003931,SME001142,RM019,2026-02-28,BRANCH,NO_RESPONSE,CONTROLLED_SYNTHETIC
I0003932,SME001142,RM019,2026-05-11,SECURE_MESSAGE,FOLLOW_UP,CONTROLLED_SYNTHETIC
I0003933,SME001142,RM019,2026-05-21,CALL,NO_RESPONSE,CONTROLLED_SYNTHETIC
I0003934,SME001142,RM019,2026-06-11,CALL,CONNECTED,CONTROLLED_SYNTHETIC
I0003935,SME001142,RM019,2026-02-07,BRANCH,CONNECTED,CONTROLLED_SYNTHETIC
I0003936,SME001142,RM019,2026-06-17,SECURE_MESSAGE,CONNECTED,CONTROLLED_SYNTHETIC
I0003937,SME001143,RM018,2025-12-20,MEETING,NO_RESPONSE,CONTROLLED_SYNTHETIC
I0003938,SME001143,RM018,2026-07-27,CALL,NO_RESPONSE,CONTROLLED_SYNTHETIC
I0003939,SME001144,RM044,2026-07-24,MEETING,CONNECTED,CONTROLLED_SYNTHETIC
I0003940,SME001144,RM044,2026-04-16,CALL,NEEDS_REVIEW,CONTROLLED_SYNTHETIC
I0003941,SME001145,RM039,2025-10-03,SECURE_MESSAGE,NO_RESPONSE,CONTROLLED_SYNTHETIC
I0003942,SME001145,RM039,2025-10-11,CALL,NO_RESPONSE,CONTROLLED_SYNTHETIC
I0003943,SME001146,RM045,2026-06-22,BRANCH,NO_RESPONSE,CONTROLLED_SYNTHETIC
I0003944,SME001146,RM045,2025-12-22,BRANCH,CONNECTED,CONTROLLED_SYNTHETIC
I0003945,SME001147,RM034,2026-05-10,CALL,CONNECTED,CONTROLLED_SYNTHETIC
I0003946,SME001147,RM034,2025-12-22,MEETING,NO_RESPONSE,CONTROLLED_SYNTHETIC
I0003947,SME001147,RM034,2025-12-02,MEETING,FOLLOW_UP,CONTROLLED_SYNTHETIC
I0003948,SME001148,RM009,2025-11-23,MEETING,FOLLOW_UP,CONTROLLED_SYNTHETIC
I0003949,SME001148,RM009,2026-08-18,MEETING,NO_RESPONSE,CONTROLLED_SYNTHETIC
I0003950,SME001149,RM041,2026-06-07,MEETING,CONNECTED,CONTROLLED_SYNTHETIC
I0003951,SME001150,RM015,2025-10-26,BRANCH,CONNECTED,CONTROLLED_SYNTHETIC
I0003952,SME001150,RM015,2025-09-20,CALL,FOLLOW_UP,CONTROLLED_SYNTHETIC
I0003953,SME001150,RM015,2026-06-17,BRANCH,FOLLOW_UP,CONTROLLED_SYNTHETIC
I0003954,SME001150,RM015,2026-04-01,CALL,CONNECTED,CONTROLLED_SYNTHETIC
I0003955,SME001150,RM015,2025-08-24,CALL,CONNECTED,CONTROLLED_SYNTHETIC
I0003956,SME001150,RM015,2025-12-09,CALL,CONNECTED,CONTROLLED_SYNTHETIC
I0003957,SME001151,RM041,2025-08-21,MEETING,NO_RESPONSE,CONTROLLED_SYNTHETIC
I0003958,SME001151,RM041,2025-12-22,BRANCH,CONNECTED,CONTROLLED_SYNTHETIC
I0003959,SME001151,RM041,2026-04-06,CALL,NO_RESPONSE,CONTROLLED_SYNTHETIC
I0003960,SME001151,RM041,2025-09-25,MEETING,CONNECTED,CONTROLLED_SYNTHETIC
I0003961,SME001151,RM041,2025-09-25,MEETING,CONNECTED,CONTROLLED_SYNTHETIC
I0003962,SME001152,RM021,2026-02-22,SECURE_MESSAGE,CONNECTED,CONTROLLED_SYNTHETIC
I0003963,SME001153,RM008,2025-11-20,BRANCH,NO_RESPONSE,CONTROLLED_SYNTHETIC
I0003964,SME001153,RM008,2025-09-20,BRANCH,NO_RESPONSE,CONTROLLED_SYNTHETIC
I0003965,SME001153,RM008,2026-07-20,CALL,FOLLOW_UP,CONTROLLED_SYNTHETIC
I0003966,SME001154,RM038,2025-09-26,CALL,CONNECTED,CONTROLLED_SYNTHETIC
I0003967,SME001154,RM038,2026-01-16,SECURE_MESSAGE,NO_RESPONSE,CONTROLLED_SYNTHETIC
I0003968,SME001154,RM038,2025-10-25,SECURE_MESSAGE,CONNECTED,CONTROLLED_SYNTHETIC
I0003969,SME001155,RM041,2025-11-17,SECURE_MESSAGE,CONNECTED,CONTROLLED_SYNTHETIC
I0003970,SME001155,RM041,2026-02-12,BRANCH,CONNECTED,CONTROLLED_SYNTHETIC
I0003971,SME001155,RM041,2026-03-04,BRANCH,NEEDS_REVIEW,CONTROLLED_SYNTHETIC
I0003972,SME001155,RM041,2025-11-21,SECURE_MESSAGE,NO_RESPONSE,CONTROLLED_SYNTHETIC
I0003973,SME001156,RM034,2025-09-27,BRANCH,NO_RESPONSE,CONTROLLED_SYNTHETIC
I0003974,SME001156,RM034,2026-03-26,SECURE_MESSAGE,CONNECTED,CONTROLLED_SYNTHETIC
I0003975,SME001156,RM034,2026-07-15,SECURE_MESSAGE,NEEDS_REVIEW,CONTROLLED_SYNTHETIC
I0003976,SME001156,RM034,2025-12-29,SECURE_MESSAGE,CONNECTED,CONTROLLED_SYNTHETIC
I0003977,SME001156,RM034,2026-07-02,BRANCH,NEEDS_REVIEW,CONTROLLED_SYNTHETIC
I0003978,SME001156,RM034,2025-09-11,BRANCH,FOLLOW_UP,CONTROLLED_SYNTHETIC
I0003979,SME001157,RM022,2026-02-24,MEETING,NEEDS_REVIEW,CONTROLLED_SYNTHETIC
I0003980,SME001157,RM022,2026-05-21,MEETING,NEEDS_REVIEW,CONTROLLED_SYNTHETIC
I0003981,SME001157,RM022,2026-05-20,CALL,CONNECTED,CONTROLLED_SYNTHETIC
I0003982,SME001158,RM022,2025-12-23,SECURE_MESSAGE,NEEDS_REVIEW,CONTROLLED_SYNTHETIC
I0003983,SME001159,RM008,2025-09-01,BRANCH,CONNECTED,CONTROLLED_SYNTHETIC
I0003984,SME001159,RM008,2026-01-03,CALL,CONNECTED,CONTROLLED_SYNTHETIC
I0003985,SME001159,RM008,2026-03-16,BRANCH,CONNECTED,CONTROLLED_SYNTHETIC
I0003986,SME001159,RM008,2025-11-20,SECURE_MESSAGE,CONNECTED,CONTROLLED_SYNTHETIC
I0003987,SME001160,RM008,2026-06-19,SECURE_MESSAGE,FOLLOW_UP,CONTROLLED_SYNTHETIC
I0003988,SME001160,RM008,2025-10-24,CALL,FOLLOW_UP,CONTROLLED_SYNTHETIC
I0003989,SME001161,RM036,2026-03-09,CALL,FOLLOW_UP,CONTROLLED_SYNTHETIC
I0003990,SME001161,RM036,2026-07-20,BRANCH,FOLLOW_UP,CONTROLLED_SYNTHETIC
I0003991,SME001161,RM036,2025-10-06,CALL,FOLLOW_UP,CONTROLLED_SYNTHETIC
I0003992,SME001161,RM036,2026-05-04,BRANCH,CONNECTED,CONTROLLED_SYNTHETIC
I0003993,SME001161,RM036,2025-11-21,MEETING,CONNECTED,CONTROLLED_SYNTHETIC
I0003994,SME001162,RM019,2026-02-08,BRANCH,FOLLOW_UP,CONTROLLED_SYNTHETIC
I0003995,SME001162,RM019,2026-04-14,MEETING,FOLLOW_UP,CONTROLLED_SYNTHETIC
I0003996,SME001163,RM009,2026-02-11,MEETING,CONNECTED,CONTROLLED_SYNTHETIC
I0003997,SME001163,RM009,2025-08-22,MEETING,NO_RESPONSE,CONTROLLED_SYNTHETIC
I0003998,SME001163,RM009,2026-05-27,MEETING,NO_RESPONSE,CONTROLLED_SYNTHETIC
I0003999,SME001163,RM009,2026-08-01,BRANCH,NEEDS_REVIEW,CONTROLLED_SYNTHETIC
I0004000,SME001164,RM010,2026-04-07,CALL,CONNECTED,CONTROLLED_SYNTHETIC
I0004001,SME001165,RM041,2025-11-10,CALL,FOLLOW_UP,CONTROLLED_SYNTHETIC
I0004002,SME001165,RM041,2025-11-18,SECURE_MESSAGE,FOLLOW_UP,CONTROLLED_SYNTHETIC
I0004003,SME001166,RM012,2025-12-10,SECURE_MESSAGE,NEEDS_REVIEW,CONTROLLED_SYNTHETIC
I0004004,SME001166,RM012,2025-11-15,MEETING,FOLLOW_UP,CONTROLLED_SYNTHETIC
I0004005,SME001166,RM012,2026-04-27,MEETING,CONNECTED,CONTROLLED_SYNTHETIC
I0004006,SME001166,RM012,2025-10-29,SECURE_MESSAGE,FOLLOW_UP,CONTROLLED_SYNTHETIC
I0004007,SME001166,RM012,2025-10-05,SECURE_MESSAGE,CONNECTED,CONTROLLED_SYNTHETIC
I0004008,SME001166,RM012,2025-12-13,BRANCH,CONNECTED,CONTROLLED_SYNTHETIC
I0004009,SME001167,RM041,2026-08-19,MEETING,CONNECTED,CONTROLLED_SYNTHETIC
I0004010,SME001168,RM021,2025-09-07,SECURE_MESSAGE,NO_RESPONSE,CONTROLLED_SYNTHETIC
I0004011,SME001168,RM021,2026-01-02,BRANCH,CONNECTED,CONTROLLED_SYNTHETIC
I0004012,SME001169,RM041,2026-05-20,BRANCH,NO_RESPONSE,CONTROLLED_SYNTHETIC
I0004013,SME001169,RM041,2026-07-31,CALL,CONNECTED,CONTROLLED_SYNTHETIC
I0004014,SME001169,RM041,2025-12-24,SECURE_MESSAGE,CONNECTED,CONTROLLED_SYNTHETIC
I0004015,SME001169,RM041,2026-06-22,CALL,FOLLOW_UP,CONTROLLED_SYNTHETIC
I0004016,SME001169,RM041,2026-07-17,CALL,CONNECTED,CONTROLLED_SYNTHETIC
I0004017,SME001169,RM041,2026-05-27,BRANCH,NO_RESPONSE,CONTROLLED_SYNTHETIC
I0004018,SME001170,RM005,2025-12-31,CALL,CONNECTED,CONTROLLED_SYNTHETIC
I0004019,SME001170,RM005,2026-08-01,CALL,CONNECTED,CONTROLLED_SYNTHETIC
I0004020,SME001170,RM005,2026-01-20,BRANCH,CONNECTED,CONTROLLED_SYNTHETIC
I0004021,SME001170,RM005,2025-11-26,SECURE_MESSAGE,NEEDS_REVIEW,CONTROLLED_SYNTHETIC
I0004022,SME001170,RM005,2026-07-18,BRANCH,FOLLOW_UP,CONTROLLED_SYNTHETIC
I0004023,SME001170,RM005,2025-09-10,BRANCH,NO_RESPONSE,CONTROLLED_SYNTHETIC
I0004024,SME001171,RM025,2025-10-03,MEETING,FOLLOW_UP,CONTROLLED_SYNTHETIC
I0004025,SME001171,RM025,2025-10-15,MEETING,CONNECTED,CONTROLLED_SYNTHETIC
I0004026,SME001171,RM025,2025-12-12,BRANCH,FOLLOW_UP,CONTROLLED_SYNTHETIC
I0004027,SME001172,RM004,2026-02-09,SECURE_MESSAGE,CONNECTED,CONTROLLED_SYNTHETIC
I0004028,SME001172,RM004,2026-02-06,BRANCH,NO_RESPONSE,CONTROLLED_SYNTHETIC
I0004029,SME001172,RM004,2025-11-03,SECURE_MESSAGE,NO_RESPONSE,CONTROLLED_SYNTHETIC
I0004030,SME001172,RM004,2026-06-02,BRANCH,CONNECTED,CONTROLLED_SYNTHETIC
I0004031,SME001173,RM019,2025-11-21,SECURE_MESSAGE,CONNECTED,CONTROLLED_SYNTHETIC
I0004032,SME001173,RM019,2026-03-05,BRANCH,CONNECTED,CONTROLLED_SYNTHETIC
I0004033,SME001173,RM019,2026-03-30,BRANCH,CONNECTED,CONTROLLED_SYNTHETIC
I0004034,SME001173,RM019,2025-12-26,CALL,CONNECTED,CONTROLLED_SYNTHETIC
I0004035,SME001173,RM019,2025-12-30,MEETING,NEEDS_REVIEW,CONTROLLED_SYNTHETIC
I0004036,SME001173,RM019,2026-05-21,SECURE_MESSAGE,CONNECTED,CONTROLLED_SYNTHETIC
I0004037,SME001174,RM006,2026-01-08,BRANCH,NEEDS_REVIEW,CONTROLLED_SYNTHETIC
I0004038,SME001174,RM006,2026-06-17,BRANCH,NEEDS_REVIEW,CONTROLLED_SYNTHETIC
I0004039,SME001174,RM006,2025-11-16,BRANCH,CONNECTED,CONTROLLED_SYNTHETIC
I0004040,SME001174,RM006,2026-02-14,BRANCH,CONNECTED,CONTROLLED_SYNTHETIC
I0004041,SME001175,RM020,2025-09-27,SECURE_MESSAGE,FOLLOW_UP,CONTROLLED_SYNTHETIC
I0004042,SME001175,RM020,2025-09-09,SECURE_MESSAGE,FOLLOW_UP,CONTROLLED_SYNTHETIC
I0004043,SME001176,RM012,2025-09-16,SECURE_MESSAGE,CONNECTED,CONTROLLED_SYNTHETIC
I0004044,SME001176,RM012,2026-08-14,CALL,CONNECTED,CONTROLLED_SYNTHETIC
I0004045,SME001176,RM012,2026-05-14,BRANCH,FOLLOW_UP,CONTROLLED_SYNTHETIC
I0004046,SME001176,RM012,2025-09-18,MEETING,CONNECTED,CONTROLLED_SYNTHETIC
I0004047,SME001176,RM012,2025-12-29,SECURE_MESSAGE,CONNECTED,CONTROLLED_SYNTHETIC
I0004048,SME001176,RM012,2026-01-13,MEETING,CONNECTED,CONTROLLED_SYNTHETIC
I0004049,SME001177,RM041,2026-02-23,BRANCH,FOLLOW_UP,CONTROLLED_SYNTHETIC
I0004050,SME001177,RM041,2026-06-09,BRANCH,FOLLOW_UP,CONTROLLED_SYNTHETIC
I0004051,SME001177,RM041,2025-10-21,MEETING,NO_RESPONSE,CONTROLLED_SYNTHETIC
I0004052,SME001177,RM041,2025-12-19,CALL,NEEDS_REVIEW,CONTROLLED_SYNTHETIC
I0004053,SME001178,RM041,2025-09-04,SECURE_MESSAGE,CONNECTED,CONTROLLED_SYNTHETIC
I0004054,SME001178,RM041,2026-06-14,SECURE_MESSAGE,NO_RESPONSE,CONTROLLED_SYNTHETIC
I0004055,SME001178,RM041,2026-07-20,SECURE_MESSAGE,FOLLOW_UP,CONTROLLED_SYNTHETIC
I0004056,SME001178,RM041,2025-11-18,MEETING,FOLLOW_UP,CONTROLLED_SYNTHETIC
I0004057,SME001178,RM041,2026-01-08,MEETING,CONNECTED,CONTROLLED_SYNTHETIC
I0004058,SME001178,RM041,2025-10-08,BRANCH,CONNECTED,CONTROLLED_SYNTHETIC
I0004059,SME001179,RM009,2026-04-14,CALL,NO_RESPONSE,CONTROLLED_SYNTHETIC
I0004060,SME001179,RM009,2026-01-16,CALL,CONNECTED,CONTROLLED_SYNTHETIC
I0004061,SME001180,RM026,2025-12-04,SECURE_MESSAGE,CONNECTED,CONTROLLED_SYNTHETIC
I0004062,SME001180,RM026,2025-12-14,CALL,FOLLOW_UP,CONTROLLED_SYNTHETIC
I0004063,SME001180,RM026,2026-08-11,MEETING,CONNECTED,CONTROLLED_SYNTHETIC
I0004064,SME001180,RM026,2025-10-11,MEETING,CONNECTED,CONTROLLED_SYNTHETIC
I0004065,SME001180,RM026,2026-07-13,BRANCH,FOLLOW_UP,CONTROLLED_SYNTHETIC
I0004066,SME001181,RM005,2026-01-22,BRANCH,FOLLOW_UP,CONTROLLED_SYNTHETIC
I0004067,SME001182,RM010,2026-04-30,SECURE_MESSAGE,FOLLOW_UP,CONTROLLED_SYNTHETIC
I0004068,SME001182,RM010,2026-06-15,CALL,FOLLOW_UP,CONTROLLED_SYNTHETIC
I0004069,SME001182,RM010,2026-07-19,CALL,FOLLOW_UP,CONTROLLED_SYNTHETIC
I0004070,SME001182,RM010,2026-03-13,SECURE_MESSAGE,NO_RESPONSE,CONTROLLED_SYNTHETIC
I0004071,SME001182,RM010,2025-09-02,MEETING,FOLLOW_UP,CONTROLLED_SYNTHETIC
I0004072,SME001182,RM010,2026-06-27,SECURE_MESSAGE,FOLLOW_UP,CONTROLLED_SYNTHETIC
I0004073,SME001183,RM011,2026-06-18,CALL,CONNECTED,CONTROLLED_SYNTHETIC
I0004074,SME001183,RM011,2026-07-06,SECURE_MESSAGE,CONNECTED,CONTROLLED_SYNTHETIC
I0004075,SME001184,RM008,2026-06-07,SECURE_MESSAGE,CONNECTED,CONTROLLED_SYNTHETIC
I0004076,SME001184,RM008,2026-06-20,MEETING,FOLLOW_UP,CONTROLLED_SYNTHETIC
I0004077,SME001184,RM008,2025-10-14,SECURE_MESSAGE,NEEDS_REVIEW,CONTROLLED_SYNTHETIC
I0004078,SME001184,RM008,2025-12-18,CALL,NO_RESPONSE,CONTROLLED_SYNTHETIC
I0004079,SME001184,RM008,2025-10-05,SECURE_MESSAGE,NO_RESPONSE,CONTROLLED_SYNTHETIC
I0004080,SME001184,RM008,2025-08-25,SECURE_MESSAGE,NEEDS_REVIEW,CONTROLLED_SYNTHETIC
I0004081,SME001185,RM016,2026-03-17,BRANCH,CONNECTED,CONTROLLED_SYNTHETIC
I0004082,SME001185,RM016,2026-07-02,BRANCH,FOLLOW_UP,CONTROLLED_SYNTHETIC
I0004083,SME001186,RM008,2026-02-05,BRANCH,NEEDS_REVIEW,CONTROLLED_SYNTHETIC
I0004084,SME001186,RM008,2026-05-16,MEETING,FOLLOW_UP,CONTROLLED_SYNTHETIC
I0004085,SME001187,RM019,2026-03-23,SECURE_MESSAGE,CONNECTED,CONTROLLED_SYNTHETIC
I0004086,SME001187,RM019,2026-06-30,MEETING,NEEDS_REVIEW,CONTROLLED_SYNTHETIC
I0004087,SME001187,RM019,2026-08-03,MEETING,CONNECTED,CONTROLLED_SYNTHETIC
I0004088,SME001188,RM005,2026-01-02,MEETING,NO_RESPONSE,CONTROLLED_SYNTHETIC
I0004089,SME001188,RM005,2026-04-10,BRANCH,FOLLOW_UP,CONTROLLED_SYNTHETIC
I0004090,SME001188,RM005,2025-10-12,SECURE_MESSAGE,CONNECTED,CONTROLLED_SYNTHETIC
I0004091,SME001188,RM005,2025-10-13,CALL,NEEDS_REVIEW,CONTROLLED_SYNTHETIC
I0004092,SME001188,RM005,2025-09-30,SECURE_MESSAGE,FOLLOW_UP,CONTROLLED_SYNTHETIC
I0004093,SME001188,RM005,2026-03-02,CALL,CONNECTED,CONTROLLED_SYNTHETIC
I0004094,SME001189,RM021,2026-05-15,MEETING,CONNECTED,CONTROLLED_SYNTHETIC
I0004095,SME001189,RM021,2026-04-25,SECURE_MESSAGE,CONNECTED,CONTROLLED_SYNTHETIC
I0004096,SME001190,RM035,2025-09-01,BRANCH,CONNECTED,CONTROLLED_SYNTHETIC
I0004097,SME001190,RM035,2025-09-12,SECURE_MESSAGE,CONNECTED,CONTROLLED_SYNTHETIC
I0004098,SME001190,RM035,2025-11-12,BRANCH,NO_RESPONSE,CONTROLLED_SYNTHETIC
I0004099,SME001191,RM043,2026-08-07,SECURE_MESSAGE,CONNECTED,CONTROLLED_SYNTHETIC
I0004100,SME001191,RM043,2025-08-27,SECURE_MESSAGE,CONNECTED,CONTROLLED_SYNTHETIC
I0004101,SME001191,RM043,2026-06-26,CALL,FOLLOW_UP,CONTROLLED_SYNTHETIC
I0004102,SME001192,RM022,2025-12-19,MEETING,FOLLOW_UP,CONTROLLED_SYNTHETIC
I0004103,SME001192,RM022,2026-03-27,CALL,FOLLOW_UP,CONTROLLED_SYNTHETIC
I0004104,SME001192,RM022,2026-02-08,SECURE_MESSAGE,CONNECTED,CONTROLLED_SYNTHETIC
I0004105,SME001192,RM022,2026-06-17,SECURE_MESSAGE,CONNECTED,CONTROLLED_SYNTHETIC
I0004106,SME001192,RM022,2025-10-08,SECURE_MESSAGE,FOLLOW_UP,CONTROLLED_SYNTHETIC
I0004107,SME001193,RM031,2025-11-26,BRANCH,FOLLOW_UP,CONTROLLED_SYNTHETIC
I0004108,SME001193,RM031,2025-08-21,SECURE_MESSAGE,NO_RESPONSE,CONTROLLED_SYNTHETIC
I0004109,SME001194,RM005,2026-07-10,MEETING,CONNECTED,CONTROLLED_SYNTHETIC
I0004110,SME001195,RM043,2026-07-04,BRANCH,FOLLOW_UP,CONTROLLED_SYNTHETIC
I0004111,SME001195,RM043,2026-03-17,SECURE_MESSAGE,FOLLOW_UP,CONTROLLED_SYNTHETIC
I0004112,SME001195,RM043,2026-03-27,BRANCH,NO_RESPONSE,CONTROLLED_SYNTHETIC
I0004113,SME001195,RM043,2026-05-20,BRANCH,FOLLOW_UP,CONTROLLED_SYNTHETIC
I0004114,SME001195,RM043,2025-09-09,CALL,CONNECTED,CONTROLLED_SYNTHETIC
I0004115,SME001196,RM012,2025-10-05,CALL,NO_RESPONSE,CONTROLLED_SYNTHETIC
I0004116,SME001196,RM012,2025-10-24,CALL,NO_RESPONSE,CONTROLLED_SYNTHETIC
I0004117,SME001196,RM012,2025-11-19,CALL,FOLLOW_UP,CONTROLLED_SYNTHETIC
I0004118,SME001196,RM012,2025-12-21,BRANCH,FOLLOW_UP,CONTROLLED_SYNTHETIC
I0004119,SME001197,RM045,2025-11-01,CALL,NO_RESPONSE,CONTROLLED_SYNTHETIC
I0004120,SME001197,RM045,2026-05-07,CALL,CONNECTED,CONTROLLED_SYNTHETIC
I0004121,SME001197,RM045,2026-05-24,BRANCH,CONNECTED,CONTROLLED_SYNTHETIC
I0004122,SME001197,RM045,2026-06-08,BRANCH,FOLLOW_UP,CONTROLLED_SYNTHETIC
I0004123,SME001197,RM045,2025-10-24,SECURE_MESSAGE,FOLLOW_UP,CONTROLLED_SYNTHETIC
I0004124,SME001197,RM045,2026-05-22,BRANCH,CONNECTED,CONTROLLED_SYNTHETIC
I0004125,SME001198,RM036,2025-10-04,SECURE_MESSAGE,FOLLOW_UP,CONTROLLED_SYNTHETIC
I0004126,SME001198,RM036,2026-06-16,SECURE_MESSAGE,CONNECTED,CONTROLLED_SYNTHETIC
I0004127,SME001198,RM036,2025-10-06,BRANCH,NO_RESPONSE,CONTROLLED_SYNTHETIC
I0004128,SME001198,RM036,2026-04-05,MEETING,CONNECTED,CONTROLLED_SYNTHETIC
I0004129,SME001198,RM036,2025-12-01,MEETING,FOLLOW_UP,CONTROLLED_SYNTHETIC
I0004130,SME001199,RM003,2025-10-15,CALL,NO_RESPONSE,CONTROLLED_SYNTHETIC
I0004131,SME001200,RM002,2025-09-25,BRANCH,CONNECTED,CONTROLLED_SYNTHETIC
I0004132,SME001200,RM002,2026-01-17,CALL,CONNECTED,CONTROLLED_SYNTHETIC
I0004133,SME001200,RM002,2026-04-03,MEETING,FOLLOW_UP,CONTROLLED_SYNTHETIC
I0004134,SME001200,RM002,2025-09-05,CALL,CONNECTED,CONTROLLED_SYNTHETIC
I0004135,SME001200,RM002,2026-03-15,CALL,FOLLOW_UP,CONTROLLED_SYNTHETIC
I0004136,SME001201,RM025,2025-09-24,MEETING,NO_RESPONSE,CONTROLLED_SYNTHETIC
I0004137,SME001201,RM025,2026-07-17,MEETING,FOLLOW_UP,CONTROLLED_SYNTHETIC
I0004138,SME001201,RM025,2026-07-01,SECURE_MESSAGE,FOLLOW_UP,CONTROLLED_SYNTHETIC
I0004139,SME001202,RM003,2025-12-02,SECURE_MESSAGE,CONNECTED,CONTROLLED_SYNTHETIC
I0004140,SME001202,RM003,2026-06-05,CALL,FOLLOW_UP,CONTROLLED_SYNTHETIC
I0004141,SME001202,RM003,2026-01-08,CALL,CONNECTED,CONTROLLED_SYNTHETIC
I0004142,SME001202,RM003,2026-06-08,SECURE_MESSAGE,NO_RESPONSE,CONTROLLED_SYNTHETIC
I0004143,SME001202,RM003,2026-07-06,BRANCH,CONNECTED,CONTROLLED_SYNTHETIC
I0004144,SME001203,RM004,2025-10-09,SECURE_MESSAGE,FOLLOW_UP,CONTROLLED_SYNTHETIC
I0004145,SME001203,RM004,2025-10-11,BRANCH,CONNECTED,CONTROLLED_SYNTHETIC
I0004146,SME001204,RM031,2026-07-26,MEETING,NO_RESPONSE,CONTROLLED_SYNTHETIC
I0004147,SME001204,RM031,2025-11-12,MEETING,CONNECTED,CONTROLLED_SYNTHETIC
I0004148,SME001205,RM020,2026-08-06,CALL,CONNECTED,CONTROLLED_SYNTHETIC
I0004149,SME001205,RM020,2026-03-22,MEETING,CONNECTED,CONTROLLED_SYNTHETIC
I0004150,SME001205,RM020,2026-08-17,BRANCH,CONNECTED,CONTROLLED_SYNTHETIC
I0004151,SME001205,RM020,2025-11-07,SECURE_MESSAGE,FOLLOW_UP,CONTROLLED_SYNTHETIC
I0004152,SME001206,RM043,2025-09-13,SECURE_MESSAGE,NEEDS_REVIEW,CONTROLLED_SYNTHETIC
I0004153,SME001206,RM043,2026-05-26,BRANCH,FOLLOW_UP,CONTROLLED_SYNTHETIC
I0004154,SME001206,RM043,2026-06-26,MEETING,CONNECTED,CONTROLLED_SYNTHETIC
I0004155,SME001206,RM043,2026-08-03,MEETING,CONNECTED,CONTROLLED_SYNTHETIC
I0004156,SME001206,RM043,2025-11-08,SECURE_MESSAGE,CONNECTED,CONTROLLED_SYNTHETIC
I0004157,SME001206,RM043,2025-12-17,BRANCH,CONNECTED,CONTROLLED_SYNTHETIC
I0004158,SME001207,RM004,2026-02-19,CALL,CONNECTED,CONTROLLED_SYNTHETIC
I0004159,SME001207,RM004,2026-02-05,MEETING,CONNECTED,CONTROLLED_SYNTHETIC
I0004160,SME001207,RM004,2025-11-12,BRANCH,CONNECTED,CONTROLLED_SYNTHETIC
I0004161,SME001207,RM004,2026-04-09,BRANCH,CONNECTED,CONTROLLED_SYNTHETIC
I0004162,SME001207,RM004,2026-04-16,CALL,CONNECTED,CONTROLLED_SYNTHETIC
I0004163,SME001208,RM002,2026-08-17,SECURE_MESSAGE,FOLLOW_UP,CONTROLLED_SYNTHETIC
I0004164,SME001208,RM002,2025-12-16,MEETING,FOLLOW_UP,CONTROLLED_SYNTHETIC
I0004165,SME001208,RM002,2025-12-19,MEETING,FOLLOW_UP,CONTROLLED_SYNTHETIC
I0004166,SME001208,RM002,2026-04-14,SECURE_MESSAGE,CONNECTED,CONTROLLED_SYNTHETIC
I0004167,SME001208,RM002,2026-05-08,SECURE_MESSAGE,CONNECTED,CONTROLLED_SYNTHETIC
I0004168,SME001208,RM002,2025-12-27,CALL,CONNECTED,CONTROLLED_SYNTHETIC
I0004169,SME001209,RM036,2025-11-26,BRANCH,CONNECTED,CONTROLLED_SYNTHETIC
I0004170,SME001209,RM036,2026-08-12,SECURE_MESSAGE,CONNECTED,CONTROLLED_SYNTHETIC
I0004171,SME001209,RM036,2025-09-30,MEETING,CONNECTED,CONTROLLED_SYNTHETIC
I0004172,SME001209,RM036,2025-10-18,BRANCH,CONNECTED,CONTROLLED_SYNTHETIC
I0004173,SME001210,RM041,2026-03-08,SECURE_MESSAGE,CONNECTED,CONTROLLED_SYNTHETIC
I0004174,SME001210,RM041,2026-05-04,CALL,NEEDS_REVIEW,CONTROLLED_SYNTHETIC
I0004175,SME001210,RM041,2026-06-24,CALL,CONNECTED,CONTROLLED_SYNTHETIC
I0004176,SME001210,RM041,2026-04-18,MEETING,FOLLOW_UP,CONTROLLED_SYNTHETIC
I0004177,SME001211,RM036,2026-04-18,MEETING,CONNECTED,CONTROLLED_SYNTHETIC
I0004178,SME001211,RM036,2026-04-17,CALL,FOLLOW_UP,CONTROLLED_SYNTHETIC
I0004179,SME001211,RM036,2025-09-24,SECURE_MESSAGE,FOLLOW_UP,CONTROLLED_SYNTHETIC
I0004180,SME001211,RM036,2026-03-17,MEETING,NO_RESPONSE,CONTROLLED_SYNTHETIC
I0004181,SME001212,RM041,2026-07-05,MEETING,NO_RESPONSE,CONTROLLED_SYNTHETIC
I0004182,SME001212,RM041,2026-06-23,BRANCH,FOLLOW_UP,CONTROLLED_SYNTHETIC
I0004183,SME001212,RM041,2026-07-02,CALL,FOLLOW_UP,CONTROLLED_SYNTHETIC
I0004184,SME001212,RM041,2025-12-30,MEETING,CONNECTED,CONTROLLED_SYNTHETIC
I0004185,SME001213,RM005,2026-01-27,SECURE_MESSAGE,CONNECTED,CONTROLLED_SYNTHETIC
I0004186,SME001213,RM005,2026-07-19,BRANCH,FOLLOW_UP,CONTROLLED_SYNTHETIC
I0004187,SME001213,RM005,2025-12-05,MEETING,FOLLOW_UP,CONTROLLED_SYNTHETIC
I0004188,SME001213,RM005,2026-07-13,BRANCH,FOLLOW_UP,CONTROLLED_SYNTHETIC
I0004189,SME001213,RM005,2025-11-27,CALL,NEEDS_REVIEW,CONTROLLED_SYNTHETIC
I0004190,SME001213,RM005,2025-08-23,CALL,FOLLOW_UP,CONTROLLED_SYNTHETIC
I0004191,SME001214,RM008,2026-03-08,BRANCH,FOLLOW_UP,CONTROLLED_SYNTHETIC
I0004192,SME001214,RM008,2025-10-28,BRANCH,CONNECTED,CONTROLLED_SYNTHETIC
I0004193,SME001214,RM008,2026-04-24,CALL,CONNECTED,CONTROLLED_SYNTHETIC
I0004194,SME001215,RM005,2025-12-07,MEETING,FOLLOW_UP,CONTROLLED_SYNTHETIC
I0004195,SME001216,RM037,2026-06-26,SECURE_MESSAGE,CONNECTED,CONTROLLED_SYNTHETIC
I0004196,SME001216,RM037,2026-07-11,BRANCH,CONNECTED,CONTROLLED_SYNTHETIC
I0004197,SME001216,RM037,2026-04-21,CALL,CONNECTED,CONTROLLED_SYNTHETIC
I0004198,SME001216,RM037,2026-01-16,SECURE_MESSAGE,CONNECTED,CONTROLLED_SYNTHETIC
I0004199,SME001216,RM037,2026-03-13,BRANCH,FOLLOW_UP,CONTROLLED_SYNTHETIC
I0004200,SME001216,RM037,2026-02-20,CALL,FOLLOW_UP,CONTROLLED_SYNTHETIC
I0004201,SME001217,RM004,2025-10-30,MEETING,NEEDS_REVIEW,CONTROLLED_SYNTHETIC
I0004202,SME001217,RM004,2025-12-13,SECURE_MESSAGE,CONNECTED,CONTROLLED_SYNTHETIC
I0004203,SME001217,RM004,2025-12-13,CALL,CONNECTED,CONTROLLED_SYNTHETIC
I0004204,SME001217,RM004,2026-01-15,BRANCH,FOLLOW_UP,CONTROLLED_SYNTHETIC
I0004205,SME001217,RM004,2025-08-24,MEETING,CONNECTED,CONTROLLED_SYNTHETIC
I0004206,SME001217,RM004,2026-04-29,SECURE_MESSAGE,NO_RESPONSE,CONTROLLED_SYNTHETIC
I0004207,SME001218,RM038,2026-05-10,MEETING,FOLLOW_UP,CONTROLLED_SYNTHETIC
I0004208,SME001218,RM038,2026-04-24,MEETING,FOLLOW_UP,CONTROLLED_SYNTHETIC
I0004209,SME001219,RM041,2025-09-29,MEETING,CONNECTED,CONTROLLED_SYNTHETIC
I0004210,SME001219,RM041,2025-10-10,SECURE_MESSAGE,FOLLOW_UP,CONTROLLED_SYNTHETIC
I0004211,SME001219,RM041,2026-07-05,SECURE_MESSAGE,NEEDS_REVIEW,CONTROLLED_SYNTHETIC
I0004212,SME001219,RM041,2025-12-04,CALL,CONNECTED,CONTROLLED_SYNTHETIC
I0004213,SME001219,RM041,2025-08-22,SECURE_MESSAGE,CONNECTED,CONTROLLED_SYNTHETIC
I0004214,SME001219,RM041,2026-05-29,MEETING,NO_RESPONSE,CONTROLLED_SYNTHETIC
I0004215,SME001220,RM029,2025-10-24,MEETING,NO_RESPONSE,CONTROLLED_SYNTHETIC
I0004216,SME001220,RM029,2026-01-21,CALL,FOLLOW_UP,CONTROLLED_SYNTHETIC
I0004217,SME001220,RM029,2025-10-25,MEETING,NEEDS_REVIEW,CONTROLLED_SYNTHETIC
I0004218,SME001221,RM007,2026-05-30,MEETING,NEEDS_REVIEW,CONTROLLED_SYNTHETIC
I0004219,SME001221,RM007,2025-12-19,BRANCH,NEEDS_REVIEW,CONTROLLED_SYNTHETIC
I0004220,SME001221,RM007,2026-05-07,BRANCH,FOLLOW_UP,CONTROLLED_SYNTHETIC
I0004221,SME001221,RM007,2026-01-02,BRANCH,NEEDS_REVIEW,CONTROLLED_SYNTHETIC
I0004222,SME001221,RM007,2025-10-10,CALL,NO_RESPONSE,CONTROLLED_SYNTHETIC
I0004223,SME001222,RM007,2026-05-09,MEETING,NEEDS_REVIEW,CONTROLLED_SYNTHETIC
I0004224,SME001222,RM007,2026-01-20,BRANCH,CONNECTED,CONTROLLED_SYNTHETIC
I0004225,SME001223,RM009,2026-07-17,SECURE_MESSAGE,CONNECTED,CONTROLLED_SYNTHETIC
I0004226,SME001223,RM009,2025-10-19,SECURE_MESSAGE,FOLLOW_UP,CONTROLLED_SYNTHETIC
I0004227,SME001223,RM009,2026-07-15,MEETING,CONNECTED,CONTROLLED_SYNTHETIC
I0004228,SME001223,RM009,2026-01-14,BRANCH,CONNECTED,CONTROLLED_SYNTHETIC
I0004229,SME001223,RM009,2025-11-03,SECURE_MESSAGE,CONNECTED,CONTROLLED_SYNTHETIC
I0004230,SME001223,RM009,2026-02-16,SECURE_MESSAGE,FOLLOW_UP,CONTROLLED_SYNTHETIC
I0004231,SME001224,RM027,2026-04-05,MEETING,CONNECTED,CONTROLLED_SYNTHETIC
I0004232,SME001224,RM027,2025-11-10,MEETING,CONNECTED,CONTROLLED_SYNTHETIC
I0004233,SME001224,RM027,2025-12-31,BRANCH,FOLLOW_UP,CONTROLLED_SYNTHETIC
I0004234,SME001225,RM045,2025-11-23,MEETING,NEEDS_REVIEW,CONTROLLED_SYNTHETIC
I0004235,SME001225,RM045,2026-03-30,SECURE_MESSAGE,FOLLOW_UP,CONTROLLED_SYNTHETIC
I0004236,SME001225,RM045,2025-09-03,CALL,CONNECTED,CONTROLLED_SYNTHETIC
I0004237,SME001225,RM045,2025-08-24,MEETING,FOLLOW_UP,CONTROLLED_SYNTHETIC
I0004238,SME001226,RM009,2025-12-05,MEETING,FOLLOW_UP,CONTROLLED_SYNTHETIC
I0004239,SME001226,RM009,2025-12-18,SECURE_MESSAGE,CONNECTED,CONTROLLED_SYNTHETIC
I0004240,SME001226,RM009,2026-01-01,SECURE_MESSAGE,FOLLOW_UP,CONTROLLED_SYNTHETIC
I0004241,SME001226,RM009,2026-05-11,CALL,NO_RESPONSE,CONTROLLED_SYNTHETIC
I0004242,SME001226,RM009,2026-07-30,CALL,NO_RESPONSE,CONTROLLED_SYNTHETIC
I0004243,SME001226,RM009,2026-07-28,BRANCH,FOLLOW_UP,CONTROLLED_SYNTHETIC
I0004244,SME001227,RM020,2025-11-18,CALL,NEEDS_REVIEW,CONTROLLED_SYNTHETIC
I0004245,SME001228,RM006,2026-06-11,MEETING,CONNECTED,CONTROLLED_SYNTHETIC
I0004246,SME001228,RM006,2025-12-24,BRANCH,CONNECTED,CONTROLLED_SYNTHETIC
I0004247,SME001228,RM006,2025-11-14,BRANCH,CONNECTED,CONTROLLED_SYNTHETIC
I0004248,SME001228,RM006,2025-12-11,BRANCH,FOLLOW_UP,CONTROLLED_SYNTHETIC
I0004249,SME001228,RM006,2026-04-10,CALL,FOLLOW_UP,CONTROLLED_SYNTHETIC
I0004250,SME001229,RM027,2025-10-24,MEETING,CONNECTED,CONTROLLED_SYNTHETIC
I0004251,SME001229,RM027,2026-06-09,MEETING,CONNECTED,CONTROLLED_SYNTHETIC
I0004252,SME001229,RM027,2026-02-28,SECURE_MESSAGE,NEEDS_REVIEW,CONTROLLED_SYNTHETIC
I0004253,SME001230,RM008,2025-11-09,CALL,CONNECTED,CONTROLLED_SYNTHETIC
I0004254,SME001230,RM008,2026-05-24,MEETING,CONNECTED,CONTROLLED_SYNTHETIC
I0004255,SME001230,RM008,2025-09-01,CALL,CONNECTED,CONTROLLED_SYNTHETIC
I0004256,SME001230,RM008,2025-11-30,MEETING,FOLLOW_UP,CONTROLLED_SYNTHETIC
I0004257,SME001230,RM008,2026-03-30,SECURE_MESSAGE,CONNECTED,CONTROLLED_SYNTHETIC
I0004258,SME001231,RM046,2026-04-30,SECURE_MESSAGE,NO_RESPONSE,CONTROLLED_SYNTHETIC
I0004259,SME001231,RM046,2026-01-12,SECURE_MESSAGE,NO_RESPONSE,CONTROLLED_SYNTHETIC
I0004260,SME001231,RM046,2025-12-29,MEETING,CONNECTED,CONTROLLED_SYNTHETIC
I0004261,SME001231,RM046,2026-03-10,CALL,CONNECTED,CONTROLLED_SYNTHETIC
I0004262,SME001231,RM046,2025-09-28,MEETING,FOLLOW_UP,CONTROLLED_SYNTHETIC
I0004263,SME001232,RM021,2026-08-08,MEETING,NO_RESPONSE,CONTROLLED_SYNTHETIC
I0004264,SME001232,RM021,2025-11-15,SECURE_MESSAGE,CONNECTED,CONTROLLED_SYNTHETIC
I0004265,SME001232,RM021,2026-08-02,BRANCH,CONNECTED,CONTROLLED_SYNTHETIC
I0004266,SME001233,RM004,2025-09-05,CALL,CONNECTED,CONTROLLED_SYNTHETIC
I0004267,SME001233,RM004,2025-12-28,CALL,FOLLOW_UP,CONTROLLED_SYNTHETIC
I0004268,SME001233,RM004,2026-06-22,MEETING,CONNECTED,CONTROLLED_SYNTHETIC
I0004269,SME001233,RM004,2026-08-01,BRANCH,FOLLOW_UP,CONTROLLED_SYNTHETIC
I0004270,SME001233,RM004,2025-12-06,BRANCH,CONNECTED,CONTROLLED_SYNTHETIC
I0004271,SME001234,RM036,2026-05-17,MEETING,CONNECTED,CONTROLLED_SYNTHETIC
I0004272,SME001234,RM036,2026-04-29,BRANCH,NO_RESPONSE,CONTROLLED_SYNTHETIC
I0004273,SME001234,RM036,2025-12-02,BRANCH,CONNECTED,CONTROLLED_SYNTHETIC
I0004274,SME001234,RM036,2026-07-22,SECURE_MESSAGE,NO_RESPONSE,CONTROLLED_SYNTHETIC
I0004275,SME001234,RM036,2025-09-19,SECURE_MESSAGE,CONNECTED,CONTROLLED_SYNTHETIC
I0004276,SME001234,RM036,2026-01-30,BRANCH,FOLLOW_UP,CONTROLLED_SYNTHETIC
I0004277,SME001235,RM020,2026-02-19,SECURE_MESSAGE,CONNECTED,CONTROLLED_SYNTHETIC
I0004278,SME001235,RM020,2025-12-19,CALL,FOLLOW_UP,CONTROLLED_SYNTHETIC
I0004279,SME001235,RM020,2025-09-07,MEETING,CONNECTED,CONTROLLED_SYNTHETIC
I0004280,SME001235,RM020,2026-03-30,BRANCH,CONNECTED,CONTROLLED_SYNTHETIC
I0004281,SME001236,RM022,2026-08-14,SECURE_MESSAGE,CONNECTED,CONTROLLED_SYNTHETIC
I0004282,SME001237,RM012,2026-03-13,CALL,NO_RESPONSE,CONTROLLED_SYNTHETIC
I0004283,SME001237,RM012,2025-10-07,CALL,CONNECTED,CONTROLLED_SYNTHETIC
I0004284,SME001237,RM012,2026-02-06,CALL,CONNECTED,CONTROLLED_SYNTHETIC
I0004285,SME001238,RM029,2026-05-28,BRANCH,CONNECTED,CONTROLLED_SYNTHETIC
I0004286,SME001238,RM029,2026-05-25,MEETING,CONNECTED,CONTROLLED_SYNTHETIC
I0004287,SME001238,RM029,2025-10-15,CALL,NO_RESPONSE,CONTROLLED_SYNTHETIC
I0004288,SME001238,RM029,2026-01-19,CALL,FOLLOW_UP,CONTROLLED_SYNTHETIC
I0004289,SME001239,RM021,2026-07-06,BRANCH,CONNECTED,CONTROLLED_SYNTHETIC
I0004290,SME001239,RM021,2026-03-07,SECURE_MESSAGE,CONNECTED,CONTROLLED_SYNTHETIC
I0004291,SME001240,RM001,2025-10-31,MEETING,FOLLOW_UP,CONTROLLED_SYNTHETIC
I0004292,SME001240,RM001,2026-02-10,MEETING,FOLLOW_UP,CONTROLLED_SYNTHETIC
I0004293,SME001240,RM001,2025-11-20,BRANCH,NO_RESPONSE,CONTROLLED_SYNTHETIC
I0004294,SME001240,RM001,2026-04-27,BRANCH,FOLLOW_UP,CONTROLLED_SYNTHETIC
I0004295,SME001240,RM001,2026-07-15,MEETING,FOLLOW_UP,CONTROLLED_SYNTHETIC
I0004296,SME001241,RM022,2025-08-27,BRANCH,NEEDS_REVIEW,CONTROLLED_SYNTHETIC
I0004297,SME001241,RM022,2026-04-11,SECURE_MESSAGE,NEEDS_REVIEW,CONTROLLED_SYNTHETIC
I0004298,SME001241,RM022,2025-11-12,SECURE_MESSAGE,FOLLOW_UP,CONTROLLED_SYNTHETIC
I0004299,SME001241,RM022,2026-08-05,BRANCH,FOLLOW_UP,CONTROLLED_SYNTHETIC
I0004300,SME001241,RM022,2026-06-06,BRANCH,FOLLOW_UP,CONTROLLED_SYNTHETIC
I0004301,SME001241,RM022,2025-09-04,CALL,NO_RESPONSE,CONTROLLED_SYNTHETIC
I0004302,SME001242,RM021,2025-12-20,MEETING,FOLLOW_UP,CONTROLLED_SYNTHETIC
I0004303,SME001242,RM021,2026-03-21,CALL,CONNECTED,CONTROLLED_SYNTHETIC
I0004304,SME001242,RM021,2026-03-05,CALL,FOLLOW_UP,CONTROLLED_SYNTHETIC
I0004305,SME001242,RM021,2025-12-09,MEETING,CONNECTED,CONTROLLED_SYNTHETIC
I0004306,SME001243,RM029,2025-11-26,BRANCH,CONNECTED,CONTROLLED_SYNTHETIC
I0004307,SME001244,RM016,2025-12-07,CALL,CONNECTED,CONTROLLED_SYNTHETIC
I0004308,SME001245,RM011,2026-07-09,BRANCH,FOLLOW_UP,CONTROLLED_SYNTHETIC
I0004309,SME001245,RM011,2026-03-17,SECURE_MESSAGE,FOLLOW_UP,CONTROLLED_SYNTHETIC
I0004310,SME001245,RM011,2026-07-27,BRANCH,CONNECTED,CONTROLLED_SYNTHETIC
I0004311,SME001245,RM011,2026-04-25,CALL,CONNECTED,CONTROLLED_SYNTHETIC
I0004312,SME001245,RM011,2026-04-11,CALL,CONNECTED,CONTROLLED_SYNTHETIC
I0004313,SME001246,RM003,2026-08-02,BRANCH,NO_RESPONSE,CONTROLLED_SYNTHETIC
I0004314,SME001246,RM003,2026-05-04,BRANCH,NO_RESPONSE,CONTROLLED_SYNTHETIC
I0004315,SME001246,RM003,2026-01-27,MEETING,FOLLOW_UP,CONTROLLED_SYNTHETIC
I0004316,SME001246,RM003,2026-05-02,BRANCH,NO_RESPONSE,CONTROLLED_SYNTHETIC
I0004317,SME001246,RM003,2025-12-30,MEETING,CONNECTED,CONTROLLED_SYNTHETIC
I0004318,SME001247,RM002,2025-12-22,CALL,NO_RESPONSE,CONTROLLED_SYNTHETIC
I0004319,SME001247,RM002,2025-11-10,SECURE_MESSAGE,CONNECTED,CONTROLLED_SYNTHETIC
I0004320,SME001248,RM010,2026-07-19,MEETING,CONNECTED,CONTROLLED_SYNTHETIC
I0004321,SME001248,RM010,2025-10-04,SECURE_MESSAGE,FOLLOW_UP,CONTROLLED_SYNTHETIC
I0004322,SME001248,RM010,2025-10-20,MEETING,CONNECTED,CONTROLLED_SYNTHETIC
I0004323,SME001248,RM010,2025-11-08,SECURE_MESSAGE,FOLLOW_UP,CONTROLLED_SYNTHETIC
I0004324,SME001248,RM010,2026-03-10,BRANCH,CONNECTED,CONTROLLED_SYNTHETIC
I0004325,SME001248,RM010,2026-03-08,CALL,NO_RESPONSE,CONTROLLED_SYNTHETIC
I0004326,SME001249,RM031,2026-07-05,MEETING,FOLLOW_UP,CONTROLLED_SYNTHETIC
I0004327,SME001250,RM016,2026-05-11,CALL,CONNECTED,CONTROLLED_SYNTHETIC
I0004328,SME001250,RM016,2026-02-05,SECURE_MESSAGE,NO_RESPONSE,CONTROLLED_SYNTHETIC
I0004329,SME001250,RM016,2025-12-16,MEETING,NO_RESPONSE,CONTROLLED_SYNTHETIC
I0004330,SME001250,RM016,2026-02-23,SECURE_MESSAGE,CONNECTED,CONTROLLED_SYNTHETIC
I0004331,SME001250,RM016,2025-11-02,CALL,FOLLOW_UP,CONTROLLED_SYNTHETIC
I0004332,SME001251,RM002,2026-05-03,MEETING,FOLLOW_UP,CONTROLLED_SYNTHETIC
I0004333,SME001251,RM002,2026-05-09,CALL,CONNECTED,CONTROLLED_SYNTHETIC
I0004334,SME001251,RM002,2025-12-09,SECURE_MESSAGE,NEEDS_REVIEW,CONTROLLED_SYNTHETIC
I0004335,SME001251,RM002,2026-03-20,CALL,CONNECTED,CONTROLLED_SYNTHETIC
I0004336,SME001251,RM002,2026-01-17,SECURE_MESSAGE,FOLLOW_UP,CONTROLLED_SYNTHETIC
I0004337,SME001251,RM002,2025-10-24,CALL,FOLLOW_UP,CONTROLLED_SYNTHETIC
I0004338,SME001252,RM038,2025-10-15,MEETING,FOLLOW_UP,CONTROLLED_SYNTHETIC
I0004339,SME001252,RM038,2026-08-04,MEETING,FOLLOW_UP,CONTROLLED_SYNTHETIC
I0004340,SME001252,RM038,2025-09-18,MEETING,CONNECTED,CONTROLLED_SYNTHETIC
I0004341,SME001252,RM038,2025-12-18,CALL,NO_RESPONSE,CONTROLLED_SYNTHETIC
I0004342,SME001253,RM020,2026-02-24,CALL,NEEDS_REVIEW,CONTROLLED_SYNTHETIC
I0004343,SME001253,RM020,2026-06-30,MEETING,CONNECTED,CONTROLLED_SYNTHETIC
I0004344,SME001253,RM020,2026-06-05,BRANCH,NEEDS_REVIEW,CONTROLLED_SYNTHETIC
I0004345,SME001253,RM020,2026-03-20,BRANCH,NEEDS_REVIEW,CONTROLLED_SYNTHETIC
I0004346,SME001253,RM020,2025-11-29,MEETING,CONNECTED,CONTROLLED_SYNTHETIC
I0004347,SME001254,RM005,2026-06-09,BRANCH,CONNECTED,CONTROLLED_SYNTHETIC
I0004348,SME001255,RM022,2026-02-14,BRANCH,CONNECTED,CONTROLLED_SYNTHETIC
I0004349,SME001255,RM022,2026-06-17,BRANCH,CONNECTED,CONTROLLED_SYNTHETIC
I0004350,SME001255,RM022,2026-07-01,CALL,FOLLOW_UP,CONTROLLED_SYNTHETIC
I0004351,SME001255,RM022,2026-02-02,CALL,NO_RESPONSE,CONTROLLED_SYNTHETIC
I0004352,SME001256,RM016,2026-08-11,CALL,NEEDS_REVIEW,CONTROLLED_SYNTHETIC
I0004353,SME001257,RM035,2026-05-17,SECURE_MESSAGE,NEEDS_REVIEW,CONTROLLED_SYNTHETIC
I0004354,SME001257,RM035,2026-08-07,BRANCH,CONNECTED,CONTROLLED_SYNTHETIC
I0004355,SME001257,RM035,2026-01-13,BRANCH,CONNECTED,CONTROLLED_SYNTHETIC
I0004356,SME001258,RM039,2026-07-22,BRANCH,CONNECTED,CONTROLLED_SYNTHETIC
I0004357,SME001258,RM039,2025-12-24,CALL,CONNECTED,CONTROLLED_SYNTHETIC
I0004358,SME001258,RM039,2025-11-15,CALL,CONNECTED,CONTROLLED_SYNTHETIC
I0004359,SME001259,RM020,2026-01-31,SECURE_MESSAGE,NO_RESPONSE,CONTROLLED_SYNTHETIC
I0004360,SME001260,RM029,2026-06-16,MEETING,CONNECTED,CONTROLLED_SYNTHETIC
I0004361,SME001261,RM040,2026-06-09,MEETING,NO_RESPONSE,CONTROLLED_SYNTHETIC
I0004362,SME001261,RM040,2025-08-30,BRANCH,NO_RESPONSE,CONTROLLED_SYNTHETIC
I0004363,SME001261,RM040,2026-07-07,MEETING,NO_RESPONSE,CONTROLLED_SYNTHETIC
I0004364,SME001262,RM021,2025-10-04,MEETING,FOLLOW_UP,CONTROLLED_SYNTHETIC
I0004365,SME001263,RM036,2026-05-13,CALL,NEEDS_REVIEW,CONTROLLED_SYNTHETIC
I0004366,SME001263,RM036,2026-07-22,MEETING,NO_RESPONSE,CONTROLLED_SYNTHETIC
I0004367,SME001263,RM036,2025-10-16,BRANCH,CONNECTED,CONTROLLED_SYNTHETIC
I0004368,SME001263,RM036,2026-07-20,BRANCH,NEEDS_REVIEW,CONTROLLED_SYNTHETIC
I0004369,SME001264,RM015,2026-08-07,CALL,NEEDS_REVIEW,CONTROLLED_SYNTHETIC
I0004370,SME001264,RM015,2026-05-26,SECURE_MESSAGE,CONNECTED,CONTROLLED_SYNTHETIC
I0004371,SME001264,RM015,2026-04-28,BRANCH,CONNECTED,CONTROLLED_SYNTHETIC
I0004372,SME001265,RM023,2026-04-07,SECURE_MESSAGE,CONNECTED,CONTROLLED_SYNTHETIC
I0004373,SME001265,RM023,2026-01-11,CALL,CONNECTED,CONTROLLED_SYNTHETIC
I0004374,SME001265,RM023,2025-10-07,SECURE_MESSAGE,FOLLOW_UP,CONTROLLED_SYNTHETIC
I0004375,SME001265,RM023,2026-04-05,SECURE_MESSAGE,NO_RESPONSE,CONTROLLED_SYNTHETIC
I0004376,SME001265,RM023,2026-02-21,CALL,CONNECTED,CONTROLLED_SYNTHETIC
I0004377,SME001265,RM023,2026-05-17,MEETING,CONNECTED,CONTROLLED_SYNTHETIC
I0004378,SME001266,RM019,2026-06-21,CALL,NO_RESPONSE,CONTROLLED_SYNTHETIC
I0004379,SME001266,RM019,2026-06-08,CALL,CONNECTED,CONTROLLED_SYNTHETIC
I0004380,SME001266,RM019,2025-09-19,BRANCH,CONNECTED,CONTROLLED_SYNTHETIC
I0004381,SME001266,RM019,2026-01-30,BRANCH,CONNECTED,CONTROLLED_SYNTHETIC
I0004382,SME001267,RM038,2025-11-27,BRANCH,NO_RESPONSE,CONTROLLED_SYNTHETIC
I0004383,SME001267,RM038,2025-12-09,MEETING,NO_RESPONSE,CONTROLLED_SYNTHETIC
I0004384,SME001268,RM007,2025-11-14,BRANCH,CONNECTED,CONTROLLED_SYNTHETIC
I0004385,SME001268,RM007,2025-12-26,BRANCH,FOLLOW_UP,CONTROLLED_SYNTHETIC
I0004386,SME001268,RM007,2026-04-20,CALL,NO_RESPONSE,CONTROLLED_SYNTHETIC
I0004387,SME001269,RM017,2026-02-27,MEETING,NO_RESPONSE,CONTROLLED_SYNTHETIC
I0004388,SME001269,RM017,2026-08-05,CALL,CONNECTED,CONTROLLED_SYNTHETIC
I0004389,SME001269,RM017,2026-02-20,MEETING,NEEDS_REVIEW,CONTROLLED_SYNTHETIC
I0004390,SME001269,RM017,2025-10-21,MEETING,FOLLOW_UP,CONTROLLED_SYNTHETIC
I0004391,SME001269,RM017,2025-09-15,BRANCH,NO_RESPONSE,CONTROLLED_SYNTHETIC
I0004392,SME001270,RM027,2026-04-24,CALL,NO_RESPONSE,CONTROLLED_SYNTHETIC
I0004393,SME001271,RM009,2026-08-01,MEETING,CONNECTED,CONTROLLED_SYNTHETIC
I0004394,SME001271,RM009,2026-07-30,SECURE_MESSAGE,NEEDS_REVIEW,CONTROLLED_SYNTHETIC
I0004395,SME001272,RM007,2026-06-10,SECURE_MESSAGE,NO_RESPONSE,CONTROLLED_SYNTHETIC
I0004396,SME001272,RM007,2025-10-30,BRANCH,CONNECTED,CONTROLLED_SYNTHETIC
I0004397,SME001272,RM007,2025-12-04,SECURE_MESSAGE,CONNECTED,CONTROLLED_SYNTHETIC
I0004398,SME001272,RM007,2026-04-19,CALL,CONNECTED,CONTROLLED_SYNTHETIC
I0004399,SME001272,RM007,2026-04-17,MEETING,NO_RESPONSE,CONTROLLED_SYNTHETIC
I0004400,SME001273,RM008,2026-07-18,MEETING,FOLLOW_UP,CONTROLLED_SYNTHETIC
I0004401,SME001273,RM008,2026-01-05,SECURE_MESSAGE,CONNECTED,CONTROLLED_SYNTHETIC
I0004402,SME001274,RM014,2026-01-26,BRANCH,NO_RESPONSE,CONTROLLED_SYNTHETIC
I0004403,SME001274,RM014,2026-07-21,MEETING,CONNECTED,CONTROLLED_SYNTHETIC
I0004404,SME001274,RM014,2026-04-21,BRANCH,CONNECTED,CONTROLLED_SYNTHETIC
I0004405,SME001274,RM014,2026-01-06,SECURE_MESSAGE,NO_RESPONSE,CONTROLLED_SYNTHETIC
I0004406,SME001274,RM014,2026-01-19,CALL,NO_RESPONSE,CONTROLLED_SYNTHETIC
I0004407,SME001275,RM042,2026-03-03,SECURE_MESSAGE,CONNECTED,CONTROLLED_SYNTHETIC
I0004408,SME001275,RM042,2026-08-17,MEETING,NO_RESPONSE,CONTROLLED_SYNTHETIC
I0004409,SME001275,RM042,2026-02-15,MEETING,CONNECTED,CONTROLLED_SYNTHETIC
I0004410,SME001276,RM042,2026-07-25,BRANCH,NO_RESPONSE,CONTROLLED_SYNTHETIC
I0004411,SME001276,RM042,2026-06-30,SECURE_MESSAGE,CONNECTED,CONTROLLED_SYNTHETIC
I0004412,SME001276,RM042,2025-11-23,MEETING,NO_RESPONSE,CONTROLLED_SYNTHETIC
I0004413,SME001276,RM042,2026-08-17,BRANCH,CONNECTED,CONTROLLED_SYNTHETIC
I0004414,SME001277,RM021,2025-12-21,MEETING,FOLLOW_UP,CONTROLLED_SYNTHETIC
I0004415,SME001277,RM021,2025-10-11,BRANCH,NO_RESPONSE,CONTROLLED_SYNTHETIC
I0004416,SME001277,RM021,2026-02-25,SECURE_MESSAGE,CONNECTED,CONTROLLED_SYNTHETIC
I0004417,SME001277,RM021,2026-06-13,BRANCH,NEEDS_REVIEW,CONTROLLED_SYNTHETIC
I0004418,SME001278,RM037,2026-04-16,BRANCH,FOLLOW_UP,CONTROLLED_SYNTHETIC
I0004419,SME001278,RM037,2026-08-19,CALL,CONNECTED,CONTROLLED_SYNTHETIC
I0004420,SME001278,RM037,2026-06-06,SECURE_MESSAGE,NO_RESPONSE,CONTROLLED_SYNTHETIC
I0004421,SME001278,RM037,2026-07-28,SECURE_MESSAGE,CONNECTED,CONTROLLED_SYNTHETIC
I0004422,SME001278,RM037,2025-11-20,BRANCH,CONNECTED,CONTROLLED_SYNTHETIC
I0004423,SME001278,RM037,2025-11-11,SECURE_MESSAGE,NEEDS_REVIEW,CONTROLLED_SYNTHETIC
I0004424,SME001279,RM045,2026-06-22,CALL,FOLLOW_UP,CONTROLLED_SYNTHETIC
I0004425,SME001279,RM045,2026-04-13,BRANCH,NO_RESPONSE,CONTROLLED_SYNTHETIC
I0004426,SME001279,RM045,2025-11-13,CALL,CONNECTED,CONTROLLED_SYNTHETIC
I0004427,SME001280,RM036,2026-02-14,MEETING,NO_RESPONSE,CONTROLLED_SYNTHETIC
I0004428,SME001280,RM036,2026-02-19,CALL,FOLLOW_UP,CONTROLLED_SYNTHETIC
I0004429,SME001281,RM002,2026-08-02,MEETING,FOLLOW_UP,CONTROLLED_SYNTHETIC
I0004430,SME001281,RM002,2025-09-19,BRANCH,CONNECTED,CONTROLLED_SYNTHETIC
I0004431,SME001281,RM002,2026-02-09,CALL,FOLLOW_UP,CONTROLLED_SYNTHETIC
I0004432,SME001281,RM002,2025-09-05,CALL,FOLLOW_UP,CONTROLLED_SYNTHETIC
I0004433,SME001281,RM002,2026-06-21,MEETING,FOLLOW_UP,CONTROLLED_SYNTHETIC
I0004434,SME001282,RM035,2026-07-06,CALL,FOLLOW_UP,CONTROLLED_SYNTHETIC
I0004435,SME001283,RM010,2026-03-23,CALL,CONNECTED,CONTROLLED_SYNTHETIC
I0004436,SME001283,RM010,2025-08-28,MEETING,FOLLOW_UP,CONTROLLED_SYNTHETIC
I0004437,SME001283,RM010,2026-02-26,MEETING,FOLLOW_UP,CONTROLLED_SYNTHETIC
I0004438,SME001284,RM006,2025-09-01,CALL,CONNECTED,CONTROLLED_SYNTHETIC
I0004439,SME001284,RM006,2026-08-08,MEETING,FOLLOW_UP,CONTROLLED_SYNTHETIC
I0004440,SME001284,RM006,2025-09-10,BRANCH,CONNECTED,CONTROLLED_SYNTHETIC
I0004441,SME001284,RM006,2025-11-19,CALL,NEEDS_REVIEW,CONTROLLED_SYNTHETIC
I0004442,SME001284,RM006,2025-09-22,BRANCH,FOLLOW_UP,CONTROLLED_SYNTHETIC
I0004443,SME001284,RM006,2026-02-07,SECURE_MESSAGE,CONNECTED,CONTROLLED_SYNTHETIC
I0004444,SME001285,RM038,2026-05-20,MEETING,NO_RESPONSE,CONTROLLED_SYNTHETIC
I0004445,SME001285,RM038,2026-02-15,SECURE_MESSAGE,NO_RESPONSE,CONTROLLED_SYNTHETIC
I0004446,SME001286,RM039,2026-05-08,CALL,NEEDS_REVIEW,CONTROLLED_SYNTHETIC
I0004447,SME001286,RM039,2025-09-12,MEETING,NO_RESPONSE,CONTROLLED_SYNTHETIC
I0004448,SME001286,RM039,2025-10-18,BRANCH,CONNECTED,CONTROLLED_SYNTHETIC
I0004449,SME001287,RM027,2026-06-10,CALL,NO_RESPONSE,CONTROLLED_SYNTHETIC
I0004450,SME001287,RM027,2025-12-11,CALL,CONNECTED,CONTROLLED_SYNTHETIC
I0004451,SME001287,RM027,2026-06-12,MEETING,FOLLOW_UP,CONTROLLED_SYNTHETIC
I0004452,SME001287,RM027,2026-01-06,SECURE_MESSAGE,FOLLOW_UP,CONTROLLED_SYNTHETIC
I0004453,SME001287,RM027,2026-01-06,BRANCH,FOLLOW_UP,CONTROLLED_SYNTHETIC
I0004454,SME001288,RM045,2026-03-10,CALL,CONNECTED,CONTROLLED_SYNTHETIC
I0004455,SME001288,RM045,2026-04-13,SECURE_MESSAGE,NO_RESPONSE,CONTROLLED_SYNTHETIC
I0004456,SME001288,RM045,2025-09-07,BRANCH,NO_RESPONSE,CONTROLLED_SYNTHETIC
I0004457,SME001289,RM036,2026-03-15,CALL,CONNECTED,CONTROLLED_SYNTHETIC
I0004458,SME001289,RM036,2026-03-14,SECURE_MESSAGE,NO_RESPONSE,CONTROLLED_SYNTHETIC
I0004459,SME001289,RM036,2026-08-05,MEETING,CONNECTED,CONTROLLED_SYNTHETIC
I0004460,SME001289,RM036,2025-10-05,BRANCH,FOLLOW_UP,CONTROLLED_SYNTHETIC
I0004461,SME001289,RM036,2025-10-27,BRANCH,NEEDS_REVIEW,CONTROLLED_SYNTHETIC
I0004462,SME001290,RM036,2026-03-18,CALL,FOLLOW_UP,CONTROLLED_SYNTHETIC
I0004463,SME001290,RM036,2026-02-13,SECURE_MESSAGE,NO_RESPONSE,CONTROLLED_SYNTHETIC
I0004464,SME001290,RM036,2026-04-21,MEETING,NO_RESPONSE,CONTROLLED_SYNTHETIC
I0004465,SME001290,RM036,2025-09-05,CALL,FOLLOW_UP,CONTROLLED_SYNTHETIC
I0004466,SME001290,RM036,2026-04-08,CALL,CONNECTED,CONTROLLED_SYNTHETIC
I0004467,SME001290,RM036,2025-11-11,BRANCH,CONNECTED,CONTROLLED_SYNTHETIC
I0004468,SME001291,RM024,2026-08-05,MEETING,FOLLOW_UP,CONTROLLED_SYNTHETIC
I0004469,SME001291,RM024,2026-01-17,BRANCH,NO_RESPONSE,CONTROLLED_SYNTHETIC
I0004470,SME001292,RM029,2025-12-13,MEETING,CONNECTED,CONTROLLED_SYNTHETIC
I0004471,SME001293,RM010,2025-12-03,MEETING,NO_RESPONSE,CONTROLLED_SYNTHETIC
I0004472,SME001293,RM010,2026-01-06,BRANCH,CONNECTED,CONTROLLED_SYNTHETIC
I0004473,SME001293,RM010,2025-10-08,MEETING,NEEDS_REVIEW,CONTROLLED_SYNTHETIC
I0004474,SME001293,RM010,2025-09-09,BRANCH,NO_RESPONSE,CONTROLLED_SYNTHETIC
I0004475,SME001293,RM010,2025-10-25,SECURE_MESSAGE,NO_RESPONSE,CONTROLLED_SYNTHETIC
I0004476,SME001293,RM010,2026-01-24,BRANCH,NO_RESPONSE,CONTROLLED_SYNTHETIC
I0004477,SME001294,RM045,2026-05-26,MEETING,CONNECTED,CONTROLLED_SYNTHETIC
I0004478,SME001294,RM045,2026-03-03,MEETING,CONNECTED,CONTROLLED_SYNTHETIC
I0004479,SME001294,RM045,2026-08-16,MEETING,CONNECTED,CONTROLLED_SYNTHETIC
I0004480,SME001294,RM045,2025-12-11,MEETING,FOLLOW_UP,CONTROLLED_SYNTHETIC
I0004481,SME001294,RM045,2026-05-16,MEETING,NEEDS_REVIEW,CONTROLLED_SYNTHETIC
I0004482,SME001295,RM027,2026-02-19,MEETING,CONNECTED,CONTROLLED_SYNTHETIC
I0004483,SME001295,RM027,2026-02-18,BRANCH,FOLLOW_UP,CONTROLLED_SYNTHETIC
I0004484,SME001295,RM027,2026-01-19,CALL,NO_RESPONSE,CONTROLLED_SYNTHETIC
I0004485,SME001296,RM008,2026-01-17,SECURE_MESSAGE,CONNECTED,CONTROLLED_SYNTHETIC
I0004486,SME001297,RM035,2026-01-29,MEETING,CONNECTED,CONTROLLED_SYNTHETIC
I0004487,SME001298,RM010,2026-05-14,SECURE_MESSAGE,CONNECTED,CONTROLLED_SYNTHETIC
I0004488,SME001299,RM029,2025-12-28,BRANCH,CONNECTED,CONTROLLED_SYNTHETIC
I0004489,SME001299,RM029,2026-07-20,SECURE_MESSAGE,FOLLOW_UP,CONTROLLED_SYNTHETIC
I0004490,SME001299,RM029,2026-05-31,SECURE_MESSAGE,NO_RESPONSE,CONTROLLED_SYNTHETIC
I0004491,SME001299,RM029,2025-11-13,SECURE_MESSAGE,CONNECTED,CONTROLLED_SYNTHETIC
I0004492,SME001299,RM029,2025-10-24,CALL,FOLLOW_UP,CONTROLLED_SYNTHETIC
I0004493,SME001300,RM035,2026-02-01,SECURE_MESSAGE,CONNECTED,CONTROLLED_SYNTHETIC
I0004494,SME001300,RM035,2025-12-15,SECURE_MESSAGE,NEEDS_REVIEW,CONTROLLED_SYNTHETIC
I0004495,SME001301,RM034,2026-08-10,CALL,FOLLOW_UP,CONTROLLED_SYNTHETIC
I0004496,SME001301,RM034,2026-07-08,MEETING,CONNECTED,CONTROLLED_SYNTHETIC
I0004497,SME001301,RM034,2025-10-29,MEETING,CONNECTED,CONTROLLED_SYNTHETIC
I0004498,SME001301,RM034,2026-04-27,SECURE_MESSAGE,CONNECTED,CONTROLLED_SYNTHETIC
I0004499,SME001301,RM034,2025-08-26,SECURE_MESSAGE,CONNECTED,CONTROLLED_SYNTHETIC
I0004500,SME001302,RM043,2026-02-04,CALL,CONNECTED,CONTROLLED_SYNTHETIC
I0004501,SME001302,RM043,2026-08-03,BRANCH,NO_RESPONSE,CONTROLLED_SYNTHETIC
I0004502,SME001302,RM043,2026-04-03,SECURE_MESSAGE,NO_RESPONSE,CONTROLLED_SYNTHETIC
I0004503,SME001302,RM043,2025-09-07,SECURE_MESSAGE,FOLLOW_UP,CONTROLLED_SYNTHETIC
I0004504,SME001302,RM043,2025-10-04,BRANCH,CONNECTED,CONTROLLED_SYNTHETIC
I0004505,SME001303,RM006,2026-04-22,MEETING,FOLLOW_UP,CONTROLLED_SYNTHETIC
I0004506,SME001303,RM006,2025-11-24,CALL,CONNECTED,CONTROLLED_SYNTHETIC
I0004507,SME001303,RM006,2026-05-14,BRANCH,NEEDS_REVIEW,CONTROLLED_SYNTHETIC
I0004508,SME001303,RM006,2026-06-21,CALL,NO_RESPONSE,CONTROLLED_SYNTHETIC
I0004509,SME001304,RM021,2026-03-19,BRANCH,CONNECTED,CONTROLLED_SYNTHETIC
I0004510,SME001304,RM021,2025-10-02,SECURE_MESSAGE,FOLLOW_UP,CONTROLLED_SYNTHETIC
I0004511,SME001304,RM021,2026-03-11,SECURE_MESSAGE,FOLLOW_UP,CONTROLLED_SYNTHETIC
I0004512,SME001304,RM021,2026-07-24,BRANCH,CONNECTED,CONTROLLED_SYNTHETIC
I0004513,SME001304,RM021,2025-10-05,SECURE_MESSAGE,FOLLOW_UP,CONTROLLED_SYNTHETIC
I0004514,SME001304,RM021,2025-11-29,MEETING,CONNECTED,CONTROLLED_SYNTHETIC
I0004515,SME001305,RM032,2026-05-04,CALL,CONNECTED,CONTROLLED_SYNTHETIC
I0004516,SME001306,RM039,2025-12-20,SECURE_MESSAGE,CONNECTED,CONTROLLED_SYNTHETIC
I0004517,SME001306,RM039,2026-07-06,CALL,CONNECTED,CONTROLLED_SYNTHETIC
I0004518,SME001307,RM025,2026-02-06,SECURE_MESSAGE,NO_RESPONSE,CONTROLLED_SYNTHETIC
I0004519,SME001308,RM036,2025-09-05,BRANCH,CONNECTED,CONTROLLED_SYNTHETIC
I0004520,SME001308,RM036,2026-05-02,BRANCH,CONNECTED,CONTROLLED_SYNTHETIC
I0004521,SME001308,RM036,2026-02-26,CALL,CONNECTED,CONTROLLED_SYNTHETIC
I0004522,SME001308,RM036,2025-08-23,MEETING,NO_RESPONSE,CONTROLLED_SYNTHETIC
I0004523,SME001308,RM036,2025-11-20,SECURE_MESSAGE,FOLLOW_UP,CONTROLLED_SYNTHETIC
I0004524,SME001309,RM032,2025-10-12,SECURE_MESSAGE,NO_RESPONSE,CONTROLLED_SYNTHETIC
I0004525,SME001309,RM032,2026-03-03,MEETING,CONNECTED,CONTROLLED_SYNTHETIC
I0004526,SME001309,RM032,2026-06-24,MEETING,FOLLOW_UP,CONTROLLED_SYNTHETIC
I0004527,SME001309,RM032,2025-12-12,SECURE_MESSAGE,FOLLOW_UP,CONTROLLED_SYNTHETIC
I0004528,SME001309,RM032,2026-07-07,SECURE_MESSAGE,CONNECTED,CONTROLLED_SYNTHETIC
I0004529,SME001309,RM032,2026-02-16,MEETING,NO_RESPONSE,CONTROLLED_SYNTHETIC
I0004530,SME001310,RM021,2026-07-19,MEETING,NEEDS_REVIEW,CONTROLLED_SYNTHETIC
I0004531,SME001310,RM021,2026-06-19,SECURE_MESSAGE,NEEDS_REVIEW,CONTROLLED_SYNTHETIC
I0004532,SME001310,RM021,2026-08-19,SECURE_MESSAGE,NO_RESPONSE,CONTROLLED_SYNTHETIC
I0004533,SME001310,RM021,2026-06-16,BRANCH,NO_RESPONSE,CONTROLLED_SYNTHETIC
I0004534,SME001310,RM021,2026-04-22,MEETING,NEEDS_REVIEW,CONTROLLED_SYNTHETIC
I0004535,SME001310,RM021,2025-09-11,BRANCH,FOLLOW_UP,CONTROLLED_SYNTHETIC
I0004536,SME001311,RM031,2026-06-17,CALL,FOLLOW_UP,CONTROLLED_SYNTHETIC
I0004537,SME001311,RM031,2025-12-20,CALL,CONNECTED,CONTROLLED_SYNTHETIC
I0004538,SME001311,RM031,2025-10-05,MEETING,CONNECTED,CONTROLLED_SYNTHETIC
I0004539,SME001311,RM031,2026-04-29,CALL,FOLLOW_UP,CONTROLLED_SYNTHETIC
I0004540,SME001311,RM031,2026-01-28,CALL,CONNECTED,CONTROLLED_SYNTHETIC
I0004541,SME001311,RM031,2026-05-08,SECURE_MESSAGE,CONNECTED,CONTROLLED_SYNTHETIC
I0004542,SME001312,RM042,2026-04-10,MEETING,CONNECTED,CONTROLLED_SYNTHETIC
I0004543,SME001312,RM042,2026-01-24,SECURE_MESSAGE,NO_RESPONSE,CONTROLLED_SYNTHETIC
I0004544,SME001312,RM042,2026-04-14,SECURE_MESSAGE,NO_RESPONSE,CONTROLLED_SYNTHETIC
I0004545,SME001313,RM016,2026-04-28,SECURE_MESSAGE,CONNECTED,CONTROLLED_SYNTHETIC
I0004546,SME001313,RM016,2025-11-28,SECURE_MESSAGE,CONNECTED,CONTROLLED_SYNTHETIC
I0004547,SME001313,RM016,2025-11-25,CALL,CONNECTED,CONTROLLED_SYNTHETIC
I0004548,SME001313,RM016,2025-08-29,MEETING,CONNECTED,CONTROLLED_SYNTHETIC
I0004549,SME001313,RM016,2025-12-20,CALL,NEEDS_REVIEW,CONTROLLED_SYNTHETIC
I0004550,SME001314,RM008,2026-07-23,CALL,NO_RESPONSE,CONTROLLED_SYNTHETIC
I0004551,SME001314,RM008,2026-03-16,MEETING,FOLLOW_UP,CONTROLLED_SYNTHETIC
I0004552,SME001315,RM025,2026-01-02,BRANCH,FOLLOW_UP,CONTROLLED_SYNTHETIC
I0004553,SME001315,RM025,2025-09-17,BRANCH,CONNECTED,CONTROLLED_SYNTHETIC
I0004554,SME001315,RM025,2025-12-08,SECURE_MESSAGE,CONNECTED,CONTROLLED_SYNTHETIC
I0004555,SME001315,RM025,2026-06-14,SECURE_MESSAGE,FOLLOW_UP,CONTROLLED_SYNTHETIC
I0004556,SME001315,RM025,2026-05-24,MEETING,CONNECTED,CONTROLLED_SYNTHETIC
I0004557,SME001316,RM015,2026-05-30,CALL,NO_RESPONSE,CONTROLLED_SYNTHETIC
I0004558,SME001316,RM015,2025-10-10,MEETING,NO_RESPONSE,CONTROLLED_SYNTHETIC
I0004559,SME001316,RM015,2026-03-04,CALL,NO_RESPONSE,CONTROLLED_SYNTHETIC
I0004560,SME001316,RM015,2025-12-04,CALL,CONNECTED,CONTROLLED_SYNTHETIC
I0004561,SME001317,RM029,2025-11-03,MEETING,FOLLOW_UP,CONTROLLED_SYNTHETIC
I0004562,SME001318,RM004,2026-06-23,SECURE_MESSAGE,FOLLOW_UP,CONTROLLED_SYNTHETIC
I0004563,SME001319,RM035,2026-03-24,BRANCH,CONNECTED,CONTROLLED_SYNTHETIC
I0004564,SME001319,RM035,2026-04-11,SECURE_MESSAGE,CONNECTED,CONTROLLED_SYNTHETIC
I0004565,SME001319,RM035,2025-12-02,CALL,FOLLOW_UP,CONTROLLED_SYNTHETIC
I0004566,SME001319,RM035,2026-02-09,BRANCH,FOLLOW_UP,CONTROLLED_SYNTHETIC
I0004567,SME001319,RM035,2026-03-21,MEETING,NO_RESPONSE,CONTROLLED_SYNTHETIC
I0004568,SME001319,RM035,2025-10-10,BRANCH,FOLLOW_UP,CONTROLLED_SYNTHETIC
I0004569,SME001320,RM027,2026-05-12,MEETING,CONNECTED,CONTROLLED_SYNTHETIC
I0004570,SME001320,RM027,2026-06-07,CALL,CONNECTED,CONTROLLED_SYNTHETIC
I0004571,SME001320,RM027,2025-11-13,CALL,CONNECTED,CONTROLLED_SYNTHETIC
I0004572,SME001320,RM027,2026-01-12,CALL,FOLLOW_UP,CONTROLLED_SYNTHETIC
I0004573,SME001320,RM027,2025-10-14,MEETING,FOLLOW_UP,CONTROLLED_SYNTHETIC
I0004574,SME001320,RM027,2026-02-23,CALL,NO_RESPONSE,CONTROLLED_SYNTHETIC
I0004575,SME001321,RM019,2025-09-08,MEETING,CONNECTED,CONTROLLED_SYNTHETIC
I0004576,SME001321,RM019,2026-02-21,CALL,NO_RESPONSE,CONTROLLED_SYNTHETIC
I0004577,SME001321,RM019,2025-12-27,SECURE_MESSAGE,CONNECTED,CONTROLLED_SYNTHETIC
I0004578,SME001322,RM014,2025-12-19,SECURE_MESSAGE,FOLLOW_UP,CONTROLLED_SYNTHETIC
I0004579,SME001322,RM014,2026-06-18,BRANCH,CONNECTED,CONTROLLED_SYNTHETIC
I0004580,SME001322,RM014,2026-04-24,MEETING,CONNECTED,CONTROLLED_SYNTHETIC
I0004581,SME001322,RM014,2026-05-06,CALL,FOLLOW_UP,CONTROLLED_SYNTHETIC
I0004582,SME001322,RM014,2025-11-28,BRANCH,CONNECTED,CONTROLLED_SYNTHETIC
I0004583,SME001323,RM015,2026-05-29,BRANCH,NO_RESPONSE,CONTROLLED_SYNTHETIC
I0004584,SME001323,RM015,2026-07-31,BRANCH,FOLLOW_UP,CONTROLLED_SYNTHETIC
I0004585,SME001323,RM015,2026-04-01,CALL,NEEDS_REVIEW,CONTROLLED_SYNTHETIC
I0004586,SME001324,RM012,2025-09-09,CALL,FOLLOW_UP,CONTROLLED_SYNTHETIC
I0004587,SME001325,RM008,2026-08-19,SECURE_MESSAGE,CONNECTED,CONTROLLED_SYNTHETIC
I0004588,SME001325,RM008,2025-08-29,SECURE_MESSAGE,CONNECTED,CONTROLLED_SYNTHETIC
I0004589,SME001326,RM006,2025-09-24,SECURE_MESSAGE,NO_RESPONSE,CONTROLLED_SYNTHETIC
I0004590,SME001326,RM006,2025-12-28,CALL,CONNECTED,CONTROLLED_SYNTHETIC
I0004591,SME001326,RM006,2026-08-12,SECURE_MESSAGE,NO_RESPONSE,CONTROLLED_SYNTHETIC
I0004592,SME001327,RM042,2026-02-27,BRANCH,CONNECTED,CONTROLLED_SYNTHETIC
I0004593,SME001328,RM014,2026-01-20,SECURE_MESSAGE,CONNECTED,CONTROLLED_SYNTHETIC
I0004594,SME001328,RM014,2026-04-07,CALL,CONNECTED,CONTROLLED_SYNTHETIC
I0004595,SME001328,RM014,2025-10-08,SECURE_MESSAGE,NO_RESPONSE,CONTROLLED_SYNTHETIC
I0004596,SME001328,RM014,2026-04-29,BRANCH,NO_RESPONSE,CONTROLLED_SYNTHETIC
I0004597,SME001328,RM014,2026-05-05,MEETING,CONNECTED,CONTROLLED_SYNTHETIC
I0004598,SME001329,RM032,2026-01-05,CALL,NO_RESPONSE,CONTROLLED_SYNTHETIC
I0004599,SME001329,RM032,2026-08-09,MEETING,FOLLOW_UP,CONTROLLED_SYNTHETIC
I0004600,SME001329,RM032,2026-08-16,SECURE_MESSAGE,CONNECTED,CONTROLLED_SYNTHETIC
I0004601,SME001329,RM032,2026-01-09,BRANCH,FOLLOW_UP,CONTROLLED_SYNTHETIC
I0004602,SME001329,RM032,2026-08-15,MEETING,NO_RESPONSE,CONTROLLED_SYNTHETIC
I0004603,SME001330,RM013,2025-12-24,MEETING,FOLLOW_UP,CONTROLLED_SYNTHETIC
I0004604,SME001330,RM013,2026-05-05,SECURE_MESSAGE,CONNECTED,CONTROLLED_SYNTHETIC
I0004605,SME001330,RM013,2026-01-08,CALL,NO_RESPONSE,CONTROLLED_SYNTHETIC
I0004606,SME001330,RM013,2026-08-13,CALL,FOLLOW_UP,CONTROLLED_SYNTHETIC
I0004607,SME001331,RM042,2026-04-23,BRANCH,NO_RESPONSE,CONTROLLED_SYNTHETIC
I0004608,SME001331,RM042,2026-01-08,MEETING,CONNECTED,CONTROLLED_SYNTHETIC
I0004609,SME001331,RM042,2026-03-13,CALL,CONNECTED,CONTROLLED_SYNTHETIC
I0004610,SME001332,RM041,2026-01-28,CALL,NEEDS_REVIEW,CONTROLLED_SYNTHETIC
I0004611,SME001332,RM041,2026-04-20,MEETING,CONNECTED,CONTROLLED_SYNTHETIC
I0004612,SME001332,RM041,2026-02-19,SECURE_MESSAGE,CONNECTED,CONTROLLED_SYNTHETIC
I0004613,SME001333,RM041,2025-12-15,SECURE_MESSAGE,FOLLOW_UP,CONTROLLED_SYNTHETIC
I0004614,SME001333,RM041,2026-01-21,CALL,CONNECTED,CONTROLLED_SYNTHETIC
I0004615,SME001333,RM041,2026-03-29,SECURE_MESSAGE,CONNECTED,CONTROLLED_SYNTHETIC
I0004616,SME001333,RM041,2025-12-23,CALL,CONNECTED,CONTROLLED_SYNTHETIC
I0004617,SME001333,RM041,2026-03-25,SECURE_MESSAGE,FOLLOW_UP,CONTROLLED_SYNTHETIC
I0004618,SME001333,RM041,2026-03-03,MEETING,CONNECTED,CONTROLLED_SYNTHETIC
I0004619,SME001334,RM009,2026-01-03,BRANCH,FOLLOW_UP,CONTROLLED_SYNTHETIC
I0004620,SME001334,RM009,2025-09-23,BRANCH,CONNECTED,CONTROLLED_SYNTHETIC
I0004621,SME001334,RM009,2026-01-18,MEETING,FOLLOW_UP,CONTROLLED_SYNTHETIC
I0004622,SME001334,RM009,2025-11-11,BRANCH,NO_RESPONSE,CONTROLLED_SYNTHETIC
I0004623,SME001334,RM009,2026-03-15,CALL,FOLLOW_UP,CONTROLLED_SYNTHETIC
I0004624,SME001334,RM009,2026-06-15,CALL,FOLLOW_UP,CONTROLLED_SYNTHETIC
I0004625,SME001335,RM038,2025-09-29,SECURE_MESSAGE,CONNECTED,CONTROLLED_SYNTHETIC
I0004626,SME001335,RM038,2026-04-22,BRANCH,CONNECTED,CONTROLLED_SYNTHETIC
I0004627,SME001335,RM038,2025-09-30,BRANCH,NO_RESPONSE,CONTROLLED_SYNTHETIC
I0004628,SME001335,RM038,2025-12-25,SECURE_MESSAGE,CONNECTED,CONTROLLED_SYNTHETIC
I0004629,SME001335,RM038,2026-01-04,SECURE_MESSAGE,CONNECTED,CONTROLLED_SYNTHETIC
I0004630,SME001336,RM008,2026-08-19,CALL,CONNECTED,CONTROLLED_SYNTHETIC
I0004631,SME001336,RM008,2026-07-23,SECURE_MESSAGE,CONNECTED,CONTROLLED_SYNTHETIC
I0004632,SME001336,RM008,2026-01-27,MEETING,CONNECTED,CONTROLLED_SYNTHETIC
I0004633,SME001336,RM008,2025-09-19,MEETING,FOLLOW_UP,CONTROLLED_SYNTHETIC
I0004634,SME001336,RM008,2026-03-11,SECURE_MESSAGE,CONNECTED,CONTROLLED_SYNTHETIC
I0004635,SME001336,RM008,2026-05-18,MEETING,CONNECTED,CONTROLLED_SYNTHETIC
I0004636,SME001337,RM029,2025-11-08,SECURE_MESSAGE,FOLLOW_UP,CONTROLLED_SYNTHETIC
I0004637,SME001337,RM029,2026-01-16,MEETING,CONNECTED,CONTROLLED_SYNTHETIC
I0004638,SME001337,RM029,2025-09-06,MEETING,NEEDS_REVIEW,CONTROLLED_SYNTHETIC
I0004639,SME001337,RM029,2025-09-10,BRANCH,CONNECTED,CONTROLLED_SYNTHETIC
I0004640,SME001337,RM029,2026-02-13,CALL,NEEDS_REVIEW,CONTROLLED_SYNTHETIC
I0004641,SME001338,RM021,2026-08-17,MEETING,CONNECTED,CONTROLLED_SYNTHETIC
I0004642,SME001339,RM001,2026-02-09,BRANCH,CONNECTED,CONTROLLED_SYNTHETIC
I0004643,SME001339,RM001,2025-12-08,SECURE_MESSAGE,NEEDS_REVIEW,CONTROLLED_SYNTHETIC
I0004644,SME001339,RM001,2026-06-07,MEETING,FOLLOW_UP,CONTROLLED_SYNTHETIC
I0004645,SME001340,RM014,2026-05-16,MEETING,NEEDS_REVIEW,CONTROLLED_SYNTHETIC
I0004646,SME001340,RM014,2026-01-24,MEETING,NEEDS_REVIEW,CONTROLLED_SYNTHETIC
I0004647,SME001340,RM014,2026-04-13,BRANCH,CONNECTED,CONTROLLED_SYNTHETIC
I0004648,SME001340,RM014,2026-07-27,BRANCH,CONNECTED,CONTROLLED_SYNTHETIC
I0004649,SME001340,RM014,2026-01-22,MEETING,CONNECTED,CONTROLLED_SYNTHETIC
I0004650,SME001341,RM044,2026-02-07,BRANCH,CONNECTED,CONTROLLED_SYNTHETIC
I0004651,SME001342,RM020,2026-05-26,SECURE_MESSAGE,FOLLOW_UP,CONTROLLED_SYNTHETIC
I0004652,SME001343,RM008,2026-02-27,SECURE_MESSAGE,CONNECTED,CONTROLLED_SYNTHETIC
I0004653,SME001343,RM008,2025-11-06,MEETING,NO_RESPONSE,CONTROLLED_SYNTHETIC
I0004654,SME001343,RM008,2026-06-09,MEETING,NO_RESPONSE,CONTROLLED_SYNTHETIC
I0004655,SME001343,RM008,2026-05-29,BRANCH,FOLLOW_UP,CONTROLLED_SYNTHETIC
I0004656,SME001344,RM003,2025-11-04,CALL,FOLLOW_UP,CONTROLLED_SYNTHETIC
I0004657,SME001344,RM003,2026-08-10,MEETING,NEEDS_REVIEW,CONTROLLED_SYNTHETIC
I0004658,SME001345,RM038,2026-05-01,BRANCH,CONNECTED,CONTROLLED_SYNTHETIC
I0004659,SME001345,RM038,2026-02-23,MEETING,CONNECTED,CONTROLLED_SYNTHETIC
I0004660,SME001345,RM038,2026-03-04,BRANCH,NEEDS_REVIEW,CONTROLLED_SYNTHETIC
I0004661,SME001345,RM038,2025-10-15,SECURE_MESSAGE,CONNECTED,CONTROLLED_SYNTHETIC
I0004662,SME001346,RM033,2026-06-03,SECURE_MESSAGE,NO_RESPONSE,CONTROLLED_SYNTHETIC
I0004663,SME001347,RM007,2026-06-21,BRANCH,NO_RESPONSE,CONTROLLED_SYNTHETIC
I0004664,SME001347,RM007,2026-02-23,MEETING,CONNECTED,CONTROLLED_SYNTHETIC
I0004665,SME001347,RM007,2025-12-29,MEETING,NO_RESPONSE,CONTROLLED_SYNTHETIC
I0004666,SME001348,RM031,2025-10-14,SECURE_MESSAGE,NEEDS_REVIEW,CONTROLLED_SYNTHETIC
I0004667,SME001348,RM031,2026-01-18,CALL,NO_RESPONSE,CONTROLLED_SYNTHETIC
I0004668,SME001349,RM022,2026-01-29,BRANCH,NO_RESPONSE,CONTROLLED_SYNTHETIC
I0004669,SME001349,RM022,2026-03-18,CALL,CONNECTED,CONTROLLED_SYNTHETIC
I0004670,SME001349,RM022,2026-07-24,BRANCH,FOLLOW_UP,CONTROLLED_SYNTHETIC
I0004671,SME001350,RM021,2026-03-24,CALL,CONNECTED,CONTROLLED_SYNTHETIC
I0004672,SME001350,RM021,2025-11-03,SECURE_MESSAGE,NO_RESPONSE,CONTROLLED_SYNTHETIC
I0004673,SME001350,RM021,2026-03-13,SECURE_MESSAGE,CONNECTED,CONTROLLED_SYNTHETIC
I0004674,SME001350,RM021,2026-05-09,BRANCH,NO_RESPONSE,CONTROLLED_SYNTHETIC
I0004675,SME001351,RM036,2025-09-01,CALL,CONNECTED,CONTROLLED_SYNTHETIC
I0004676,SME001352,RM034,2026-07-02,CALL,CONNECTED,CONTROLLED_SYNTHETIC
I0004677,SME001352,RM034,2025-10-23,SECURE_MESSAGE,FOLLOW_UP,CONTROLLED_SYNTHETIC
I0004678,SME001352,RM034,2026-05-10,CALL,NO_RESPONSE,CONTROLLED_SYNTHETIC
I0004679,SME001352,RM034,2025-11-08,CALL,CONNECTED,CONTROLLED_SYNTHETIC
I0004680,SME001353,RM009,2025-12-01,SECURE_MESSAGE,NO_RESPONSE,CONTROLLED_SYNTHETIC
I0004681,SME001354,RM007,2026-04-13,SECURE_MESSAGE,NO_RESPONSE,CONTROLLED_SYNTHETIC
I0004682,SME001355,RM036,2026-06-15,BRANCH,FOLLOW_UP,CONTROLLED_SYNTHETIC
I0004683,SME001355,RM036,2026-04-29,MEETING,CONNECTED,CONTROLLED_SYNTHETIC
I0004684,SME001355,RM036,2026-02-22,SECURE_MESSAGE,CONNECTED,CONTROLLED_SYNTHETIC
I0004685,SME001355,RM036,2026-03-30,CALL,NEEDS_REVIEW,CONTROLLED_SYNTHETIC
I0004686,SME001355,RM036,2025-10-26,MEETING,FOLLOW_UP,CONTROLLED_SYNTHETIC
I0004687,SME001356,RM010,2025-09-22,MEETING,CONNECTED,CONTROLLED_SYNTHETIC
I0004688,SME001356,RM010,2026-01-12,MEETING,NEEDS_REVIEW,CONTROLLED_SYNTHETIC
I0004689,SME001356,RM010,2026-07-28,SECURE_MESSAGE,NO_RESPONSE,CONTROLLED_SYNTHETIC
I0004690,SME001356,RM010,2025-10-01,CALL,FOLLOW_UP,CONTROLLED_SYNTHETIC
I0004691,SME001356,RM010,2025-11-21,BRANCH,FOLLOW_UP,CONTROLLED_SYNTHETIC
I0004692,SME001356,RM010,2026-07-10,MEETING,NO_RESPONSE,CONTROLLED_SYNTHETIC
I0004693,SME001357,RM041,2025-10-24,SECURE_MESSAGE,CONNECTED,CONTROLLED_SYNTHETIC
I0004694,SME001357,RM041,2025-10-23,BRANCH,NEEDS_REVIEW,CONTROLLED_SYNTHETIC
I0004695,SME001357,RM041,2026-01-30,SECURE_MESSAGE,FOLLOW_UP,CONTROLLED_SYNTHETIC
I0004696,SME001357,RM041,2026-02-27,BRANCH,CONNECTED,CONTROLLED_SYNTHETIC
I0004697,SME001357,RM041,2025-10-18,MEETING,NO_RESPONSE,CONTROLLED_SYNTHETIC
I0004698,SME001358,RM031,2025-11-19,CALL,FOLLOW_UP,CONTROLLED_SYNTHETIC
I0004699,SME001358,RM031,2025-12-24,MEETING,CONNECTED,CONTROLLED_SYNTHETIC
I0004700,SME001358,RM031,2026-03-03,SECURE_MESSAGE,CONNECTED,CONTROLLED_SYNTHETIC
I0004701,SME001358,RM031,2025-10-12,SECURE_MESSAGE,FOLLOW_UP,CONTROLLED_SYNTHETIC
I0004702,SME001358,RM031,2026-03-17,SECURE_MESSAGE,NO_RESPONSE,CONTROLLED_SYNTHETIC
I0004703,SME001359,RM008,2025-12-11,CALL,CONNECTED,CONTROLLED_SYNTHETIC
I0004704,SME001359,RM008,2026-04-29,SECURE_MESSAGE,CONNECTED,CONTROLLED_SYNTHETIC
I0004705,SME001359,RM008,2026-07-07,MEETING,CONNECTED,CONTROLLED_SYNTHETIC
I0004706,SME001359,RM008,2026-05-13,BRANCH,NO_RESPONSE,CONTROLLED_SYNTHETIC
I0004707,SME001359,RM008,2025-11-07,MEETING,FOLLOW_UP,CONTROLLED_SYNTHETIC
I0004708,SME001360,RM036,2026-07-20,CALL,CONNECTED,CONTROLLED_SYNTHETIC
I0004709,SME001360,RM036,2026-08-11,CALL,CONNECTED,CONTROLLED_SYNTHETIC
I0004710,SME001360,RM036,2026-03-29,BRANCH,CONNECTED,CONTROLLED_SYNTHETIC
I0004711,SME001360,RM036,2025-08-24,CALL,NEEDS_REVIEW,CONTROLLED_SYNTHETIC
I0004712,SME001361,RM008,2025-12-23,BRANCH,CONNECTED,CONTROLLED_SYNTHETIC
I0004713,SME001362,RM041,2026-01-26,SECURE_MESSAGE,FOLLOW_UP,CONTROLLED_SYNTHETIC
I0004714,SME001363,RM038,2026-02-16,CALL,CONNECTED,CONTROLLED_SYNTHETIC
I0004715,SME001363,RM038,2025-09-02,BRANCH,NEEDS_REVIEW,CONTROLLED_SYNTHETIC
I0004716,SME001363,RM038,2026-04-11,SECURE_MESSAGE,FOLLOW_UP,CONTROLLED_SYNTHETIC
I0004717,SME001363,RM038,2025-08-23,CALL,CONNECTED,CONTROLLED_SYNTHETIC
I0004718,SME001363,RM038,2025-12-24,BRANCH,CONNECTED,CONTROLLED_SYNTHETIC
I0004719,SME001364,RM040,2025-12-30,BRANCH,FOLLOW_UP,CONTROLLED_SYNTHETIC
I0004720,SME001365,RM017,2025-09-12,BRANCH,NO_RESPONSE,CONTROLLED_SYNTHETIC
I0004721,SME001366,RM036,2026-07-09,BRANCH,CONNECTED,CONTROLLED_SYNTHETIC
I0004722,SME001367,RM009,2026-02-20,MEETING,FOLLOW_UP,CONTROLLED_SYNTHETIC
I0004723,SME001367,RM009,2025-12-16,SECURE_MESSAGE,NO_RESPONSE,CONTROLLED_SYNTHETIC
I0004724,SME001367,RM009,2025-10-11,SECURE_MESSAGE,CONNECTED,CONTROLLED_SYNTHETIC
I0004725,SME001368,RM010,2026-08-14,MEETING,NO_RESPONSE,CONTROLLED_SYNTHETIC
I0004726,SME001368,RM010,2026-07-06,SECURE_MESSAGE,NO_RESPONSE,CONTROLLED_SYNTHETIC
I0004727,SME001368,RM010,2025-08-22,CALL,FOLLOW_UP,CONTROLLED_SYNTHETIC
I0004728,SME001368,RM010,2025-12-17,MEETING,NO_RESPONSE,CONTROLLED_SYNTHETIC
I0004729,SME001368,RM010,2025-12-30,CALL,NEEDS_REVIEW,CONTROLLED_SYNTHETIC
I0004730,SME001368,RM010,2026-08-18,BRANCH,CONNECTED,CONTROLLED_SYNTHETIC
I0004731,SME001369,RM023,2025-10-02,BRANCH,CONNECTED,CONTROLLED_SYNTHETIC
I0004732,SME001369,RM023,2025-12-20,SECURE_MESSAGE,CONNECTED,CONTROLLED_SYNTHETIC
I0004733,SME001369,RM023,2026-02-03,BRANCH,FOLLOW_UP,CONTROLLED_SYNTHETIC
I0004734,SME001369,RM023,2025-09-12,MEETING,CONNECTED,CONTROLLED_SYNTHETIC
I0004735,SME001369,RM023,2026-01-17,SECURE_MESSAGE,NO_RESPONSE,CONTROLLED_SYNTHETIC
I0004736,SME001370,RM048,2026-01-16,CALL,CONNECTED,CONTROLLED_SYNTHETIC
I0004737,SME001370,RM048,2026-03-11,SECURE_MESSAGE,FOLLOW_UP,CONTROLLED_SYNTHETIC
I0004738,SME001370,RM048,2025-12-12,MEETING,FOLLOW_UP,CONTROLLED_SYNTHETIC
I0004739,SME001370,RM048,2026-01-06,BRANCH,NO_RESPONSE,CONTROLLED_SYNTHETIC
I0004740,SME001370,RM048,2025-11-15,SECURE_MESSAGE,CONNECTED,CONTROLLED_SYNTHETIC
I0004741,SME001370,RM048,2025-11-28,CALL,CONNECTED,CONTROLLED_SYNTHETIC
I0004742,SME001371,RM006,2025-10-10,BRANCH,CONNECTED,CONTROLLED_SYNTHETIC
I0004743,SME001372,RM044,2026-06-04,CALL,CONNECTED,CONTROLLED_SYNTHETIC
I0004744,SME001372,RM044,2026-07-18,CALL,CONNECTED,CONTROLLED_SYNTHETIC
I0004745,SME001372,RM044,2026-07-17,CALL,FOLLOW_UP,CONTROLLED_SYNTHETIC
I0004746,SME001372,RM044,2026-06-02,SECURE_MESSAGE,CONNECTED,CONTROLLED_SYNTHETIC
I0004747,SME001372,RM044,2026-02-24,SECURE_MESSAGE,NO_RESPONSE,CONTROLLED_SYNTHETIC
I0004748,SME001373,RM008,2026-04-25,BRANCH,CONNECTED,CONTROLLED_SYNTHETIC
I0004749,SME001373,RM008,2025-12-08,SECURE_MESSAGE,FOLLOW_UP,CONTROLLED_SYNTHETIC
I0004750,SME001373,RM008,2025-12-15,CALL,CONNECTED,CONTROLLED_SYNTHETIC
I0004751,SME001373,RM008,2025-09-06,BRANCH,FOLLOW_UP,CONTROLLED_SYNTHETIC
I0004752,SME001373,RM008,2026-05-23,SECURE_MESSAGE,NO_RESPONSE,CONTROLLED_SYNTHETIC
I0004753,SME001373,RM008,2026-02-16,CALL,NEEDS_REVIEW,CONTROLLED_SYNTHETIC
I0004754,SME001374,RM035,2025-09-30,CALL,FOLLOW_UP,CONTROLLED_SYNTHETIC
I0004755,SME001375,RM015,2025-08-26,SECURE_MESSAGE,CONNECTED,CONTROLLED_SYNTHETIC
I0004756,SME001376,RM029,2026-07-26,CALL,CONNECTED,CONTROLLED_SYNTHETIC
I0004757,SME001376,RM029,2026-01-10,MEETING,FOLLOW_UP,CONTROLLED_SYNTHETIC
I0004758,SME001376,RM029,2025-12-07,SECURE_MESSAGE,FOLLOW_UP,CONTROLLED_SYNTHETIC
I0004759,SME001377,RM041,2025-10-01,SECURE_MESSAGE,FOLLOW_UP,CONTROLLED_SYNTHETIC
I0004760,SME001377,RM041,2026-01-08,SECURE_MESSAGE,CONNECTED,CONTROLLED_SYNTHETIC
I0004761,SME001377,RM041,2026-06-04,CALL,CONNECTED,CONTROLLED_SYNTHETIC
I0004762,SME001377,RM041,2026-05-04,SECURE_MESSAGE,FOLLOW_UP,CONTROLLED_SYNTHETIC
I0004763,SME001377,RM041,2026-03-02,CALL,NO_RESPONSE,CONTROLLED_SYNTHETIC
I0004764,SME001377,RM041,2026-07-20,SECURE_MESSAGE,CONNECTED,CONTROLLED_SYNTHETIC
I0004765,SME001378,RM002,2026-07-24,MEETING,CONNECTED,CONTROLLED_SYNTHETIC
I0004766,SME001378,RM002,2026-02-13,CALL,FOLLOW_UP,CONTROLLED_SYNTHETIC
I0004767,SME001378,RM002,2026-07-23,CALL,FOLLOW_UP,CONTROLLED_SYNTHETIC
I0004768,SME001379,RM041,2025-09-20,BRANCH,CONNECTED,CONTROLLED_SYNTHETIC
I0004769,SME001379,RM041,2026-05-06,BRANCH,FOLLOW_UP,CONTROLLED_SYNTHETIC
I0004770,SME001380,RM035,2026-01-19,CALL,NO_RESPONSE,CONTROLLED_SYNTHETIC
I0004771,SME001380,RM035,2026-06-20,MEETING,CONNECTED,CONTROLLED_SYNTHETIC
I0004772,SME001381,RM019,2025-12-24,CALL,CONNECTED,CONTROLLED_SYNTHETIC
I0004773,SME001381,RM019,2025-10-21,SECURE_MESSAGE,CONNECTED,CONTROLLED_SYNTHETIC
I0004774,SME001381,RM019,2026-03-10,MEETING,NO_RESPONSE,CONTROLLED_SYNTHETIC
I0004775,SME001382,RM044,2025-09-07,BRANCH,FOLLOW_UP,CONTROLLED_SYNTHETIC
I0004776,SME001382,RM044,2026-04-29,CALL,FOLLOW_UP,CONTROLLED_SYNTHETIC
I0004777,SME001382,RM044,2026-01-18,CALL,CONNECTED,CONTROLLED_SYNTHETIC
I0004778,SME001382,RM044,2026-07-16,MEETING,CONNECTED,CONTROLLED_SYNTHETIC
I0004779,SME001382,RM044,2025-10-26,BRANCH,FOLLOW_UP,CONTROLLED_SYNTHETIC
I0004780,SME001383,RM038,2026-08-02,SECURE_MESSAGE,CONNECTED,CONTROLLED_SYNTHETIC
I0004781,SME001383,RM038,2025-10-19,SECURE_MESSAGE,CONNECTED,CONTROLLED_SYNTHETIC
I0004782,SME001383,RM038,2026-08-10,CALL,NEEDS_REVIEW,CONTROLLED_SYNTHETIC
I0004783,SME001383,RM038,2026-06-30,CALL,CONNECTED,CONTROLLED_SYNTHETIC
I0004784,SME001383,RM038,2026-01-09,BRANCH,NO_RESPONSE,CONTROLLED_SYNTHETIC
I0004785,SME001384,RM027,2025-08-29,MEETING,CONNECTED,CONTROLLED_SYNTHETIC
I0004786,SME001384,RM027,2025-08-27,SECURE_MESSAGE,CONNECTED,CONTROLLED_SYNTHETIC
I0004787,SME001384,RM027,2026-04-29,BRANCH,NO_RESPONSE,CONTROLLED_SYNTHETIC
I0004788,SME001385,RM006,2025-10-08,MEETING,CONNECTED,CONTROLLED_SYNTHETIC
I0004789,SME001385,RM006,2025-11-16,SECURE_MESSAGE,CONNECTED,CONTROLLED_SYNTHETIC
I0004790,SME001385,RM006,2026-01-30,CALL,CONNECTED,CONTROLLED_SYNTHETIC
I0004791,SME001385,RM006,2026-04-30,MEETING,CONNECTED,CONTROLLED_SYNTHETIC
I0004792,SME001386,RM008,2026-07-26,SECURE_MESSAGE,CONNECTED,CONTROLLED_SYNTHETIC
I0004793,SME001386,RM008,2026-03-03,BRANCH,FOLLOW_UP,CONTROLLED_SYNTHETIC
I0004794,SME001387,RM026,2026-02-03,BRANCH,CONNECTED,CONTROLLED_SYNTHETIC
I0004795,SME001387,RM026,2025-11-10,MEETING,FOLLOW_UP,CONTROLLED_SYNTHETIC
I0004796,SME001387,RM026,2025-09-04,MEETING,FOLLOW_UP,CONTROLLED_SYNTHETIC
I0004797,SME001387,RM026,2025-09-25,CALL,CONNECTED,CONTROLLED_SYNTHETIC
I0004798,SME001387,RM026,2026-07-11,SECURE_MESSAGE,NEEDS_REVIEW,CONTROLLED_SYNTHETIC
I0004799,SME001388,RM030,2026-05-17,MEETING,FOLLOW_UP,CONTROLLED_SYNTHETIC
I0004800,SME001388,RM030,2025-10-23,MEETING,CONNECTED,CONTROLLED_SYNTHETIC
I0004801,SME001389,RM002,2026-01-21,SECURE_MESSAGE,CONNECTED,CONTROLLED_SYNTHETIC
I0004802,SME001389,RM002,2026-01-19,BRANCH,FOLLOW_UP,CONTROLLED_SYNTHETIC
I0004803,SME001389,RM002,2026-06-23,CALL,CONNECTED,CONTROLLED_SYNTHETIC
I0004804,SME001389,RM002,2025-09-27,CALL,CONNECTED,CONTROLLED_SYNTHETIC
I0004805,SME001390,RM042,2026-08-15,CALL,FOLLOW_UP,CONTROLLED_SYNTHETIC
I0004806,SME001390,RM042,2025-10-02,CALL,NO_RESPONSE,CONTROLLED_SYNTHETIC
I0004807,SME001390,RM042,2026-06-23,MEETING,FOLLOW_UP,CONTROLLED_SYNTHETIC
I0004808,SME001390,RM042,2026-04-16,CALL,CONNECTED,CONTROLLED_SYNTHETIC
I0004809,SME001390,RM042,2025-11-18,CALL,NEEDS_REVIEW,CONTROLLED_SYNTHETIC
I0004810,SME001391,RM002,2025-11-30,BRANCH,CONNECTED,CONTROLLED_SYNTHETIC
I0004811,SME001391,RM002,2025-10-17,CALL,NO_RESPONSE,CONTROLLED_SYNTHETIC
I0004812,SME001391,RM002,2025-12-14,CALL,FOLLOW_UP,CONTROLLED_SYNTHETIC
I0004813,SME001391,RM002,2026-02-04,SECURE_MESSAGE,FOLLOW_UP,CONTROLLED_SYNTHETIC
I0004814,SME001391,RM002,2025-08-26,MEETING,CONNECTED,CONTROLLED_SYNTHETIC
I0004815,SME001392,RM028,2026-07-09,CALL,FOLLOW_UP,CONTROLLED_SYNTHETIC
I0004816,SME001392,RM028,2026-04-05,MEETING,CONNECTED,CONTROLLED_SYNTHETIC
I0004817,SME001393,RM009,2026-07-28,SECURE_MESSAGE,CONNECTED,CONTROLLED_SYNTHETIC
I0004818,SME001393,RM009,2026-03-18,CALL,FOLLOW_UP,CONTROLLED_SYNTHETIC
I0004819,SME001394,RM037,2026-06-07,CALL,CONNECTED,CONTROLLED_SYNTHETIC
I0004820,SME001394,RM037,2026-01-13,CALL,CONNECTED,CONTROLLED_SYNTHETIC
I0004821,SME001394,RM037,2025-11-03,SECURE_MESSAGE,FOLLOW_UP,CONTROLLED_SYNTHETIC
I0004822,SME001394,RM037,2025-11-21,BRANCH,FOLLOW_UP,CONTROLLED_SYNTHETIC
I0004823,SME001395,RM034,2025-10-17,SECURE_MESSAGE,NO_RESPONSE,CONTROLLED_SYNTHETIC
I0004824,SME001395,RM034,2026-01-12,SECURE_MESSAGE,NEEDS_REVIEW,CONTROLLED_SYNTHETIC
I0004825,SME001395,RM034,2025-12-17,MEETING,NO_RESPONSE,CONTROLLED_SYNTHETIC
I0004826,SME001395,RM034,2026-02-27,MEETING,CONNECTED,CONTROLLED_SYNTHETIC
I0004827,SME001396,RM002,2026-07-12,MEETING,CONNECTED,CONTROLLED_SYNTHETIC
I0004828,SME001396,RM002,2025-11-17,MEETING,CONNECTED,CONTROLLED_SYNTHETIC
I0004829,SME001396,RM002,2025-10-09,MEETING,NEEDS_REVIEW,CONTROLLED_SYNTHETIC
I0004830,SME001396,RM002,2026-03-23,MEETING,CONNECTED,CONTROLLED_SYNTHETIC
I0004831,SME001396,RM002,2025-10-17,CALL,CONNECTED,CONTROLLED_SYNTHETIC
I0004832,SME001396,RM002,2026-04-17,SECURE_MESSAGE,NO_RESPONSE,CONTROLLED_SYNTHETIC
I0004833,SME001397,RM008,2025-12-25,SECURE_MESSAGE,CONNECTED,CONTROLLED_SYNTHETIC
I0004834,SME001398,RM006,2026-02-23,CALL,NO_RESPONSE,CONTROLLED_SYNTHETIC
I0004835,SME001398,RM006,2025-11-09,CALL,CONNECTED,CONTROLLED_SYNTHETIC
I0004836,SME001399,RM015,2026-02-17,MEETING,NO_RESPONSE,CONTROLLED_SYNTHETIC
I0004837,SME001399,RM015,2026-07-01,SECURE_MESSAGE,CONNECTED,CONTROLLED_SYNTHETIC
I0004838,SME001399,RM015,2026-01-07,MEETING,CONNECTED,CONTROLLED_SYNTHETIC
I0004839,SME001399,RM015,2025-09-29,MEETING,CONNECTED,CONTROLLED_SYNTHETIC
I0004840,SME001399,RM015,2026-08-15,BRANCH,NO_RESPONSE,CONTROLLED_SYNTHETIC
I0004841,SME001400,RM002,2026-01-12,MEETING,NO_RESPONSE,CONTROLLED_SYNTHETIC
I0004842,SME001400,RM002,2026-02-06,CALL,FOLLOW_UP,CONTROLLED_SYNTHETIC
I0004843,SME001400,RM002,2026-05-25,SECURE_MESSAGE,FOLLOW_UP,CONTROLLED_SYNTHETIC
I0004844,SME001400,RM002,2025-11-02,CALL,NO_RESPONSE,CONTROLLED_SYNTHETIC
I0004845,SME001401,RM009,2026-03-04,SECURE_MESSAGE,NO_RESPONSE,CONTROLLED_SYNTHETIC
I0004846,SME001401,RM009,2026-02-02,BRANCH,NEEDS_REVIEW,CONTROLLED_SYNTHETIC
I0004847,SME001401,RM009,2026-07-04,SECURE_MESSAGE,FOLLOW_UP,CONTROLLED_SYNTHETIC
I0004848,SME001401,RM009,2025-10-03,SECURE_MESSAGE,CONNECTED,CONTROLLED_SYNTHETIC
I0004849,SME001401,RM009,2026-03-28,SECURE_MESSAGE,CONNECTED,CONTROLLED_SYNTHETIC
I0004850,SME001401,RM009,2025-11-21,SECURE_MESSAGE,CONNECTED,CONTROLLED_SYNTHETIC
I0004851,SME001402,RM037,2025-11-21,SECURE_MESSAGE,NO_RESPONSE,CONTROLLED_SYNTHETIC
I0004852,SME001402,RM037,2026-08-13,MEETING,NEEDS_REVIEW,CONTROLLED_SYNTHETIC
I0004853,SME001402,RM037,2026-05-27,SECURE_MESSAGE,FOLLOW_UP,CONTROLLED_SYNTHETIC
I0004854,SME001402,RM037,2026-03-30,BRANCH,NEEDS_REVIEW,CONTROLLED_SYNTHETIC
I0004855,SME001402,RM037,2026-06-15,SECURE_MESSAGE,FOLLOW_UP,CONTROLLED_SYNTHETIC
I0004856,SME001402,RM037,2026-04-06,CALL,NO_RESPONSE,CONTROLLED_SYNTHETIC
I0004857,SME001403,RM010,2026-02-21,SECURE_MESSAGE,FOLLOW_UP,CONTROLLED_SYNTHETIC
I0004858,SME001404,RM029,2025-09-11,BRANCH,FOLLOW_UP,CONTROLLED_SYNTHETIC
I0004859,SME001404,RM029,2026-07-06,CALL,NO_RESPONSE,CONTROLLED_SYNTHETIC
I0004860,SME001404,RM029,2026-01-30,CALL,NO_RESPONSE,CONTROLLED_SYNTHETIC
I0004861,SME001405,RM034,2026-04-22,CALL,CONNECTED,CONTROLLED_SYNTHETIC
I0004862,SME001406,RM022,2026-02-13,CALL,CONNECTED,CONTROLLED_SYNTHETIC
I0004863,SME001406,RM022,2025-11-03,BRANCH,FOLLOW_UP,CONTROLLED_SYNTHETIC
I0004864,SME001406,RM022,2026-03-21,CALL,CONNECTED,CONTROLLED_SYNTHETIC
I0004865,SME001406,RM022,2026-04-03,CALL,NEEDS_REVIEW,CONTROLLED_SYNTHETIC
I0004866,SME001407,RM010,2026-08-16,MEETING,NO_RESPONSE,CONTROLLED_SYNTHETIC
I0004867,SME001408,RM017,2025-11-09,SECURE_MESSAGE,NO_RESPONSE,CONTROLLED_SYNTHETIC
I0004868,SME001408,RM017,2026-01-19,CALL,CONNECTED,CONTROLLED_SYNTHETIC
I0004869,SME001409,RM037,2026-04-12,CALL,NO_RESPONSE,CONTROLLED_SYNTHETIC
I0004870,SME001409,RM037,2025-10-04,BRANCH,CONNECTED,CONTROLLED_SYNTHETIC
I0004871,SME001409,RM037,2025-10-05,BRANCH,NEEDS_REVIEW,CONTROLLED_SYNTHETIC
I0004872,SME001410,RM028,2025-09-21,SECURE_MESSAGE,FOLLOW_UP,CONTROLLED_SYNTHETIC
I0004873,SME001410,RM028,2026-07-11,CALL,FOLLOW_UP,CONTROLLED_SYNTHETIC
I0004874,SME001410,RM028,2025-12-08,SECURE_MESSAGE,FOLLOW_UP,CONTROLLED_SYNTHETIC
I0004875,SME001410,RM028,2026-04-07,MEETING,CONNECTED,CONTROLLED_SYNTHETIC
I0004876,SME001410,RM028,2026-06-18,CALL,FOLLOW_UP,CONTROLLED_SYNTHETIC
I0004877,SME001410,RM028,2025-10-29,MEETING,CONNECTED,CONTROLLED_SYNTHETIC
I0004878,SME001411,RM021,2026-05-29,CALL,CONNECTED,CONTROLLED_SYNTHETIC
I0004879,SME001411,RM021,2026-07-14,BRANCH,NO_RESPONSE,CONTROLLED_SYNTHETIC
I0004880,SME001411,RM021,2026-05-07,BRANCH,NO_RESPONSE,CONTROLLED_SYNTHETIC
I0004881,SME001411,RM021,2025-12-20,SECURE_MESSAGE,FOLLOW_UP,CONTROLLED_SYNTHETIC
I0004882,SME001412,RM015,2026-02-06,SECURE_MESSAGE,NO_RESPONSE,CONTROLLED_SYNTHETIC
I0004883,SME001413,RM029,2026-05-06,CALL,CONNECTED,CONTROLLED_SYNTHETIC
I0004884,SME001414,RM033,2026-06-17,SECURE_MESSAGE,NO_RESPONSE,CONTROLLED_SYNTHETIC
I0004885,SME001414,RM033,2025-09-04,SECURE_MESSAGE,CONNECTED,CONTROLLED_SYNTHETIC
I0004886,SME001414,RM033,2026-02-13,MEETING,NO_RESPONSE,CONTROLLED_SYNTHETIC
I0004887,SME001414,RM033,2026-04-02,BRANCH,CONNECTED,CONTROLLED_SYNTHETIC
I0004888,SME001414,RM033,2026-05-27,BRANCH,NO_RESPONSE,CONTROLLED_SYNTHETIC
I0004889,SME001415,RM007,2025-11-28,SECURE_MESSAGE,FOLLOW_UP,CONTROLLED_SYNTHETIC
I0004890,SME001415,RM007,2026-03-21,MEETING,FOLLOW_UP,CONTROLLED_SYNTHETIC
I0004891,SME001416,RM009,2025-11-11,BRANCH,CONNECTED,CONTROLLED_SYNTHETIC
I0004892,SME001416,RM009,2025-12-30,SECURE_MESSAGE,NO_RESPONSE,CONTROLLED_SYNTHETIC
I0004893,SME001416,RM009,2026-03-24,BRANCH,FOLLOW_UP,CONTROLLED_SYNTHETIC
I0004894,SME001416,RM009,2026-06-25,MEETING,NEEDS_REVIEW,CONTROLLED_SYNTHETIC
I0004895,SME001417,RM038,2025-09-27,BRANCH,NO_RESPONSE,CONTROLLED_SYNTHETIC
I0004896,SME001417,RM038,2026-01-22,CALL,NO_RESPONSE,CONTROLLED_SYNTHETIC
I0004897,SME001418,RM004,2026-06-07,CALL,CONNECTED,CONTROLLED_SYNTHETIC
I0004898,SME001418,RM004,2026-02-21,SECURE_MESSAGE,FOLLOW_UP,CONTROLLED_SYNTHETIC
I0004899,SME001419,RM029,2025-11-07,BRANCH,CONNECTED,CONTROLLED_SYNTHETIC
I0004900,SME001419,RM029,2026-06-14,CALL,FOLLOW_UP,CONTROLLED_SYNTHETIC
I0004901,SME001419,RM029,2026-08-10,BRANCH,NO_RESPONSE,CONTROLLED_SYNTHETIC
I0004902,SME001419,RM029,2026-01-12,BRANCH,CONNECTED,CONTROLLED_SYNTHETIC
I0004903,SME001419,RM029,2026-06-29,BRANCH,FOLLOW_UP,CONTROLLED_SYNTHETIC
I0004904,SME001420,RM032,2026-02-10,CALL,CONNECTED,CONTROLLED_SYNTHETIC
I0004905,SME001420,RM032,2025-09-27,BRANCH,CONNECTED,CONTROLLED_SYNTHETIC
I0004906,SME001420,RM032,2026-03-09,CALL,FOLLOW_UP,CONTROLLED_SYNTHETIC
I0004907,SME001420,RM032,2026-05-06,SECURE_MESSAGE,NO_RESPONSE,CONTROLLED_SYNTHETIC
I0004908,SME001420,RM032,2025-12-06,SECURE_MESSAGE,CONNECTED,CONTROLLED_SYNTHETIC
I0004909,SME001420,RM032,2025-11-18,BRANCH,CONNECTED,CONTROLLED_SYNTHETIC
I0004910,SME001421,RM026,2026-07-21,MEETING,NO_RESPONSE,CONTROLLED_SYNTHETIC
I0004911,SME001421,RM026,2025-09-25,MEETING,CONNECTED,CONTROLLED_SYNTHETIC
I0004912,SME001421,RM026,2026-04-06,CALL,NO_RESPONSE,CONTROLLED_SYNTHETIC
I0004913,SME001421,RM026,2026-06-28,MEETING,CONNECTED,CONTROLLED_SYNTHETIC
I0004914,SME001421,RM026,2026-02-13,MEETING,CONNECTED,CONTROLLED_SYNTHETIC
I0004915,SME001422,RM002,2026-04-24,CALL,FOLLOW_UP,CONTROLLED_SYNTHETIC
I0004916,SME001422,RM002,2026-07-29,MEETING,CONNECTED,CONTROLLED_SYNTHETIC
I0004917,SME001423,RM007,2026-04-19,CALL,FOLLOW_UP,CONTROLLED_SYNTHETIC
I0004918,SME001423,RM007,2026-01-18,BRANCH,FOLLOW_UP,CONTROLLED_SYNTHETIC
I0004919,SME001423,RM007,2025-09-20,SECURE_MESSAGE,FOLLOW_UP,CONTROLLED_SYNTHETIC
I0004920,SME001424,RM004,2026-04-12,MEETING,NEEDS_REVIEW,CONTROLLED_SYNTHETIC
I0004921,SME001424,RM004,2026-06-08,MEETING,CONNECTED,CONTROLLED_SYNTHETIC
I0004922,SME001424,RM004,2025-09-01,BRANCH,NO_RESPONSE,CONTROLLED_SYNTHETIC
I0004923,SME001424,RM004,2025-08-27,MEETING,CONNECTED,CONTROLLED_SYNTHETIC
I0004924,SME001424,RM004,2025-09-01,CALL,NEEDS_REVIEW,CONTROLLED_SYNTHETIC
I0004925,SME001424,RM004,2026-06-28,CALL,CONNECTED,CONTROLLED_SYNTHETIC
I0004926,SME001425,RM005,2026-03-14,SECURE_MESSAGE,FOLLOW_UP,CONTROLLED_SYNTHETIC
I0004927,SME001425,RM005,2026-04-04,BRANCH,NEEDS_REVIEW,CONTROLLED_SYNTHETIC
I0004928,SME001425,RM005,2026-03-19,SECURE_MESSAGE,CONNECTED,CONTROLLED_SYNTHETIC
I0004929,SME001425,RM005,2025-09-08,BRANCH,NEEDS_REVIEW,CONTROLLED_SYNTHETIC
I0004930,SME001425,RM005,2026-02-03,MEETING,CONNECTED,CONTROLLED_SYNTHETIC
I0004931,SME001426,RM029,2026-04-08,SECURE_MESSAGE,FOLLOW_UP,CONTROLLED_SYNTHETIC
I0004932,SME001426,RM029,2026-07-15,BRANCH,CONNECTED,CONTROLLED_SYNTHETIC
I0004933,SME001426,RM029,2026-06-17,SECURE_MESSAGE,NEEDS_REVIEW,CONTROLLED_SYNTHETIC
I0004934,SME001426,RM029,2026-04-09,BRANCH,NO_RESPONSE,CONTROLLED_SYNTHETIC
I0004935,SME001426,RM029,2026-06-13,BRANCH,CONNECTED,CONTROLLED_SYNTHETIC
I0004936,SME001426,RM029,2025-11-03,MEETING,NO_RESPONSE,CONTROLLED_SYNTHETIC
I0004937,SME001427,RM018,2026-04-26,MEETING,CONNECTED,CONTROLLED_SYNTHETIC
I0004938,SME001427,RM018,2025-08-24,BRANCH,FOLLOW_UP,CONTROLLED_SYNTHETIC
I0004939,SME001427,RM018,2026-01-28,SECURE_MESSAGE,CONNECTED,CONTROLLED_SYNTHETIC
I0004940,SME001427,RM018,2026-01-06,BRANCH,CONNECTED,CONTROLLED_SYNTHETIC
I0004941,SME001427,RM018,2025-12-01,MEETING,CONNECTED,CONTROLLED_SYNTHETIC
I0004942,SME001427,RM018,2025-11-30,CALL,FOLLOW_UP,CONTROLLED_SYNTHETIC
I0004943,SME001428,RM022,2026-04-02,SECURE_MESSAGE,CONNECTED,CONTROLLED_SYNTHETIC
I0004944,SME001428,RM022,2026-05-08,SECURE_MESSAGE,CONNECTED,CONTROLLED_SYNTHETIC
I0004945,SME001428,RM022,2026-07-14,BRANCH,CONNECTED,CONTROLLED_SYNTHETIC
I0004946,SME001428,RM022,2026-04-10,SECURE_MESSAGE,CONNECTED,CONTROLLED_SYNTHETIC
I0004947,SME001428,RM022,2026-06-21,CALL,CONNECTED,CONTROLLED_SYNTHETIC
I0004948,SME001428,RM022,2026-06-02,CALL,NEEDS_REVIEW,CONTROLLED_SYNTHETIC
I0004949,SME001429,RM009,2025-08-31,BRANCH,NEEDS_REVIEW,CONTROLLED_SYNTHETIC
I0004950,SME001429,RM009,2026-02-22,BRANCH,CONNECTED,CONTROLLED_SYNTHETIC
I0004951,SME001429,RM009,2026-02-22,MEETING,FOLLOW_UP,CONTROLLED_SYNTHETIC
I0004952,SME001429,RM009,2026-07-24,SECURE_MESSAGE,NO_RESPONSE,CONTROLLED_SYNTHETIC
I0004953,SME001430,RM039,2026-08-19,CALL,NEEDS_REVIEW,CONTROLLED_SYNTHETIC
I0004954,SME001430,RM039,2025-12-07,MEETING,NO_RESPONSE,CONTROLLED_SYNTHETIC
I0004955,SME001430,RM039,2026-02-14,CALL,NO_RESPONSE,CONTROLLED_SYNTHETIC
I0004956,SME001430,RM039,2026-03-09,MEETING,FOLLOW_UP,CONTROLLED_SYNTHETIC
I0004957,SME001431,RM008,2026-01-31,MEETING,NO_RESPONSE,CONTROLLED_SYNTHETIC
I0004958,SME001431,RM008,2026-05-08,MEETING,FOLLOW_UP,CONTROLLED_SYNTHETIC
I0004959,SME001431,RM008,2026-03-05,SECURE_MESSAGE,CONNECTED,CONTROLLED_SYNTHETIC
I0004960,SME001432,RM019,2025-11-13,MEETING,NO_RESPONSE,CONTROLLED_SYNTHETIC
I0004961,SME001433,RM015,2026-07-21,MEETING,CONNECTED,CONTROLLED_SYNTHETIC
I0004962,SME001434,RM010,2025-10-04,MEETING,CONNECTED,CONTROLLED_SYNTHETIC
I0004963,SME001435,RM015,2026-08-07,BRANCH,CONNECTED,CONTROLLED_SYNTHETIC
I0004964,SME001435,RM015,2026-08-15,CALL,NEEDS_REVIEW,CONTROLLED_SYNTHETIC
I0004965,SME001436,RM009,2026-07-21,SECURE_MESSAGE,NO_RESPONSE,CONTROLLED_SYNTHETIC
I0004966,SME001436,RM009,2025-10-26,CALL,CONNECTED,CONTROLLED_SYNTHETIC
I0004967,SME001436,RM009,2026-01-20,BRANCH,CONNECTED,CONTROLLED_SYNTHETIC
I0004968,SME001436,RM009,2026-04-02,SECURE_MESSAGE,NO_RESPONSE,CONTROLLED_SYNTHETIC
I0004969,SME001436,RM009,2025-12-22,BRANCH,NEEDS_REVIEW,CONTROLLED_SYNTHETIC
I0004970,SME001436,RM009,2025-09-29,CALL,FOLLOW_UP,CONTROLLED_SYNTHETIC
I0004971,SME001437,RM013,2026-05-31,SECURE_MESSAGE,CONNECTED,CONTROLLED_SYNTHETIC
I0004972,SME001437,RM013,2026-04-07,CALL,NEEDS_REVIEW,CONTROLLED_SYNTHETIC
I0004973,SME001437,RM013,2026-07-13,CALL,CONNECTED,CONTROLLED_SYNTHETIC
I0004974,SME001438,RM009,2026-03-15,BRANCH,CONNECTED,CONTROLLED_SYNTHETIC
I0004975,SME001438,RM009,2026-01-26,SECURE_MESSAGE,CONNECTED,CONTROLLED_SYNTHETIC
I0004976,SME001438,RM009,2026-01-23,CALL,NEEDS_REVIEW,CONTROLLED_SYNTHETIC
I0004977,SME001438,RM009,2026-04-19,MEETING,NO_RESPONSE,CONTROLLED_SYNTHETIC
I0004978,SME001438,RM009,2025-10-20,CALL,NEEDS_REVIEW,CONTROLLED_SYNTHETIC
I0004979,SME001439,RM035,2026-07-31,BRANCH,NEEDS_REVIEW,CONTROLLED_SYNTHETIC
I0004980,SME001439,RM035,2026-01-07,BRANCH,CONNECTED,CONTROLLED_SYNTHETIC
I0004981,SME001439,RM035,2026-04-28,SECURE_MESSAGE,CONNECTED,CONTROLLED_SYNTHETIC
I0004982,SME001439,RM035,2026-05-09,BRANCH,CONNECTED,CONTROLLED_SYNTHETIC
I0004983,SME001439,RM035,2026-08-13,MEETING,NO_RESPONSE,CONTROLLED_SYNTHETIC
I0004984,SME001440,RM029,2025-11-13,CALL,CONNECTED,CONTROLLED_SYNTHETIC
I0004985,SME001440,RM029,2026-04-21,SECURE_MESSAGE,CONNECTED,CONTROLLED_SYNTHETIC
I0004986,SME001440,RM029,2026-04-11,SECURE_MESSAGE,CONNECTED,CONTROLLED_SYNTHETIC
I0004987,SME001440,RM029,2025-10-01,SECURE_MESSAGE,NO_RESPONSE,CONTROLLED_SYNTHETIC
I0004988,SME001440,RM029,2026-01-23,BRANCH,CONNECTED,CONTROLLED_SYNTHETIC
I0004989,SME001440,RM029,2025-12-21,CALL,NO_RESPONSE,CONTROLLED_SYNTHETIC
I0004990,SME001441,RM029,2026-04-25,CALL,CONNECTED,CONTROLLED_SYNTHETIC
I0004991,SME001441,RM029,2026-04-18,SECURE_MESSAGE,NEEDS_REVIEW,CONTROLLED_SYNTHETIC
I0004992,SME001441,RM029,2026-05-02,MEETING,FOLLOW_UP,CONTROLLED_SYNTHETIC
I0004993,SME001442,RM027,2026-03-04,CALL,FOLLOW_UP,CONTROLLED_SYNTHETIC
I0004994,SME001443,RM042,2025-11-10,MEETING,CONNECTED,CONTROLLED_SYNTHETIC
I0004995,SME001443,RM042,2025-11-23,BRANCH,NEEDS_REVIEW,CONTROLLED_SYNTHETIC
I0004996,SME001443,RM042,2025-09-16,SECURE_MESSAGE,CONNECTED,CONTROLLED_SYNTHETIC
I0004997,SME001443,RM042,2026-05-08,SECURE_MESSAGE,CONNECTED,CONTROLLED_SYNTHETIC
I0004998,SME001443,RM042,2025-09-26,MEETING,NO_RESPONSE,CONTROLLED_SYNTHETIC
I0004999,SME001443,RM042,2026-03-18,CALL,NO_RESPONSE,CONTROLLED_SYNTHETIC
I0005000,SME001444,RM015,2025-09-22,CALL,CONNECTED,CONTROLLED_SYNTHETIC
I0005001,SME001444,RM015,2026-08-12,SECURE_MESSAGE,CONNECTED,CONTROLLED_SYNTHETIC
I0005002,SME001444,RM015,2026-02-05,BRANCH,NO_RESPONSE,CONTROLLED_SYNTHETIC
I0005003,SME001444,RM015,2026-02-02,MEETING,NEEDS_REVIEW,CONTROLLED_SYNTHETIC
I0005004,SME001444,RM015,2025-10-14,CALL,CONNECTED,CONTROLLED_SYNTHETIC
I0005005,SME001445,RM029,2025-08-22,MEETING,NO_RESPONSE,CONTROLLED_SYNTHETIC
I0005006,SME001445,RM029,2025-10-26,MEETING,CONNECTED,CONTROLLED_SYNTHETIC
I0005007,SME001445,RM029,2025-08-28,CALL,CONNECTED,CONTROLLED_SYNTHETIC
I0005008,SME001446,RM002,2025-09-10,BRANCH,NO_RESPONSE,CONTROLLED_SYNTHETIC
I0005009,SME001446,RM002,2025-11-29,CALL,CONNECTED,CONTROLLED_SYNTHETIC
I0005010,SME001446,RM002,2026-08-04,MEETING,NO_RESPONSE,CONTROLLED_SYNTHETIC
I0005011,SME001446,RM002,2026-08-01,MEETING,CONNECTED,CONTROLLED_SYNTHETIC
I0005012,SME001447,RM036,2025-09-24,SECURE_MESSAGE,FOLLOW_UP,CONTROLLED_SYNTHETIC
I0005013,SME001447,RM036,2025-12-17,CALL,NO_RESPONSE,CONTROLLED_SYNTHETIC
I0005014,SME001447,RM036,2026-07-05,SECURE_MESSAGE,FOLLOW_UP,CONTROLLED_SYNTHETIC
I0005015,SME001447,RM036,2026-05-29,SECURE_MESSAGE,CONNECTED,CONTROLLED_SYNTHETIC
I0005016,SME001447,RM036,2026-02-06,MEETING,CONNECTED,CONTROLLED_SYNTHETIC
I0005017,SME001448,RM046,2026-02-18,CALL,NEEDS_REVIEW,CONTROLLED_SYNTHETIC
I0005018,SME001448,RM046,2026-05-22,MEETING,NEEDS_REVIEW,CONTROLLED_SYNTHETIC
I0005019,SME001448,RM046,2025-08-26,BRANCH,FOLLOW_UP,CONTROLLED_SYNTHETIC
I0005020,SME001449,RM043,2026-06-02,CALL,FOLLOW_UP,CONTROLLED_SYNTHETIC
I0005021,SME001449,RM043,2025-09-27,CALL,FOLLOW_UP,CONTROLLED_SYNTHETIC
I0005022,SME001449,RM043,2026-07-26,CALL,CONNECTED,CONTROLLED_SYNTHETIC
I0005023,SME001450,RM036,2025-09-23,MEETING,NEEDS_REVIEW,CONTROLLED_SYNTHETIC
I0005024,SME001450,RM036,2026-06-12,BRANCH,FOLLOW_UP,CONTROLLED_SYNTHETIC
I0005025,SME001450,RM036,2026-06-17,BRANCH,CONNECTED,CONTROLLED_SYNTHETIC
I0005026,SME001450,RM036,2026-02-16,CALL,FOLLOW_UP,CONTROLLED_SYNTHETIC
I0005027,SME001451,RM033,2025-11-12,SECURE_MESSAGE,FOLLOW_UP,CONTROLLED_SYNTHETIC
I0005028,SME001451,RM033,2025-10-22,MEETING,CONNECTED,CONTROLLED_SYNTHETIC
I0005029,SME001451,RM033,2026-08-14,BRANCH,FOLLOW_UP,CONTROLLED_SYNTHETIC
I0005030,SME001451,RM033,2025-10-20,BRANCH,CONNECTED,CONTROLLED_SYNTHETIC
I0005031,SME001451,RM033,2025-12-30,BRANCH,NEEDS_REVIEW,CONTROLLED_SYNTHETIC
I0005032,SME001452,RM018,2026-06-13,BRANCH,FOLLOW_UP,CONTROLLED_SYNTHETIC
I0005033,SME001452,RM018,2026-02-07,CALL,FOLLOW_UP,CONTROLLED_SYNTHETIC
I0005034,SME001452,RM018,2026-05-08,SECURE_MESSAGE,FOLLOW_UP,CONTROLLED_SYNTHETIC
I0005035,SME001452,RM018,2025-09-12,CALL,CONNECTED,CONTROLLED_SYNTHETIC
I0005036,SME001452,RM018,2026-04-18,CALL,CONNECTED,CONTROLLED_SYNTHETIC
I0005037,SME001453,RM006,2026-06-24,MEETING,NO_RESPONSE,CONTROLLED_SYNTHETIC
I0005038,SME001453,RM006,2026-02-05,SECURE_MESSAGE,NO_RESPONSE,CONTROLLED_SYNTHETIC
I0005039,SME001453,RM006,2026-03-24,MEETING,FOLLOW_UP,CONTROLLED_SYNTHETIC
I0005040,SME001454,RM042,2026-02-15,BRANCH,CONNECTED,CONTROLLED_SYNTHETIC
I0005041,SME001454,RM042,2025-12-07,MEETING,FOLLOW_UP,CONTROLLED_SYNTHETIC
I0005042,SME001454,RM042,2025-12-29,CALL,CONNECTED,CONTROLLED_SYNTHETIC
I0005043,SME001454,RM042,2025-10-30,BRANCH,CONNECTED,CONTROLLED_SYNTHETIC
I0005044,SME001454,RM042,2026-03-28,BRANCH,FOLLOW_UP,CONTROLLED_SYNTHETIC
I0005045,SME001454,RM042,2025-09-06,BRANCH,CONNECTED,CONTROLLED_SYNTHETIC
I0005046,SME001455,RM036,2026-02-01,BRANCH,FOLLOW_UP,CONTROLLED_SYNTHETIC
I0005047,SME001455,RM036,2026-03-20,CALL,CONNECTED,CONTROLLED_SYNTHETIC
I0005048,SME001456,RM047,2025-10-05,MEETING,CONNECTED,CONTROLLED_SYNTHETIC
I0005049,SME001456,RM047,2026-01-01,MEETING,FOLLOW_UP,CONTROLLED_SYNTHETIC
I0005050,SME001457,RM015,2025-11-02,MEETING,FOLLOW_UP,CONTROLLED_SYNTHETIC
I0005051,SME001457,RM015,2025-10-29,MEETING,NO_RESPONSE,CONTROLLED_SYNTHETIC
I0005052,SME001458,RM033,2026-03-21,SECURE_MESSAGE,CONNECTED,CONTROLLED_SYNTHETIC
I0005053,SME001458,RM033,2026-01-22,SECURE_MESSAGE,CONNECTED,CONTROLLED_SYNTHETIC
I0005054,SME001459,RM030,2026-02-16,CALL,NEEDS_REVIEW,CONTROLLED_SYNTHETIC
I0005055,SME001459,RM030,2026-03-13,MEETING,NO_RESPONSE,CONTROLLED_SYNTHETIC
I0005056,SME001460,RM042,2026-05-15,CALL,FOLLOW_UP,CONTROLLED_SYNTHETIC
I0005057,SME001460,RM042,2026-04-18,BRANCH,FOLLOW_UP,CONTROLLED_SYNTHETIC
I0005058,SME001460,RM042,2026-04-15,BRANCH,CONNECTED,CONTROLLED_SYNTHETIC
I0005059,SME001461,RM036,2026-07-14,MEETING,CONNECTED,CONTROLLED_SYNTHETIC
I0005060,SME001462,RM047,2026-05-06,CALL,NO_RESPONSE,CONTROLLED_SYNTHETIC
I0005061,SME001462,RM047,2025-11-30,SECURE_MESSAGE,FOLLOW_UP,CONTROLLED_SYNTHETIC
I0005062,SME001462,RM047,2026-03-26,MEETING,CONNECTED,CONTROLLED_SYNTHETIC
I0005063,SME001462,RM047,2026-06-23,SECURE_MESSAGE,NEEDS_REVIEW,CONTROLLED_SYNTHETIC
I0005064,SME001462,RM047,2026-01-19,CALL,CONNECTED,CONTROLLED_SYNTHETIC
I0005065,SME001463,RM001,2026-02-11,CALL,CONNECTED,CONTROLLED_SYNTHETIC
I0005066,SME001464,RM021,2026-02-26,SECURE_MESSAGE,FOLLOW_UP,CONTROLLED_SYNTHETIC
I0005067,SME001464,RM021,2026-04-26,BRANCH,CONNECTED,CONTROLLED_SYNTHETIC
I0005068,SME001465,RM028,2025-12-08,CALL,CONNECTED,CONTROLLED_SYNTHETIC
I0005069,SME001465,RM028,2026-06-13,SECURE_MESSAGE,NEEDS_REVIEW,CONTROLLED_SYNTHETIC
I0005070,SME001465,RM028,2025-10-12,CALL,FOLLOW_UP,CONTROLLED_SYNTHETIC
I0005071,SME001465,RM028,2025-11-23,BRANCH,CONNECTED,CONTROLLED_SYNTHETIC
I0005072,SME001466,RM046,2026-07-14,MEETING,CONNECTED,CONTROLLED_SYNTHETIC
I0005073,SME001466,RM046,2026-04-09,MEETING,FOLLOW_UP,CONTROLLED_SYNTHETIC
I0005074,SME001466,RM046,2025-11-19,MEETING,FOLLOW_UP,CONTROLLED_SYNTHETIC
I0005075,SME001466,RM046,2026-02-12,SECURE_MESSAGE,FOLLOW_UP,CONTROLLED_SYNTHETIC
I0005076,SME001466,RM046,2025-10-02,MEETING,NO_RESPONSE,CONTROLLED_SYNTHETIC
I0005077,SME001467,RM024,2026-03-24,BRANCH,CONNECTED,CONTROLLED_SYNTHETIC
I0005078,SME001467,RM024,2025-12-13,CALL,CONNECTED,CONTROLLED_SYNTHETIC
I0005079,SME001468,RM008,2026-08-18,MEETING,FOLLOW_UP,CONTROLLED_SYNTHETIC
I0005080,SME001468,RM008,2025-11-16,BRANCH,FOLLOW_UP,CONTROLLED_SYNTHETIC
I0005081,SME001469,RM008,2026-07-09,CALL,CONNECTED,CONTROLLED_SYNTHETIC
I0005082,SME001469,RM008,2026-04-28,MEETING,FOLLOW_UP,CONTROLLED_SYNTHETIC
I0005083,SME001469,RM008,2026-06-12,SECURE_MESSAGE,FOLLOW_UP,CONTROLLED_SYNTHETIC
I0005084,SME001469,RM008,2026-01-18,SECURE_MESSAGE,CONNECTED,CONTROLLED_SYNTHETIC
I0005085,SME001470,RM025,2025-12-29,BRANCH,CONNECTED,CONTROLLED_SYNTHETIC
I0005086,SME001470,RM025,2026-05-14,CALL,FOLLOW_UP,CONTROLLED_SYNTHETIC
I0005087,SME001470,RM025,2026-04-16,SECURE_MESSAGE,FOLLOW_UP,CONTROLLED_SYNTHETIC
I0005088,SME001470,RM025,2026-01-07,MEETING,NEEDS_REVIEW,CONTROLLED_SYNTHETIC
I0005089,SME001471,RM008,2026-01-05,BRANCH,CONNECTED,CONTROLLED_SYNTHETIC
I0005090,SME001471,RM008,2026-01-12,MEETING,NO_RESPONSE,CONTROLLED_SYNTHETIC
I0005091,SME001471,RM008,2026-02-13,BRANCH,NO_RESPONSE,CONTROLLED_SYNTHETIC
I0005092,SME001471,RM008,2026-05-16,CALL,CONNECTED,CONTROLLED_SYNTHETIC
I0005093,SME001471,RM008,2026-05-31,CALL,NO_RESPONSE,CONTROLLED_SYNTHETIC
I0005094,SME001472,RM030,2025-11-03,MEETING,CONNECTED,CONTROLLED_SYNTHETIC
I0005095,SME001472,RM030,2026-03-30,MEETING,FOLLOW_UP,CONTROLLED_SYNTHETIC
I0005096,SME001472,RM030,2025-11-20,MEETING,CONNECTED,CONTROLLED_SYNTHETIC
I0005097,SME001472,RM030,2026-04-17,SECURE_MESSAGE,CONNECTED,CONTROLLED_SYNTHETIC
I0005098,SME001472,RM030,2026-03-26,CALL,NO_RESPONSE,CONTROLLED_SYNTHETIC
I0005099,SME001473,RM008,2025-10-17,CALL,NO_RESPONSE,CONTROLLED_SYNTHETIC
I0005100,SME001473,RM008,2025-12-12,CALL,NO_RESPONSE,CONTROLLED_SYNTHETIC
I0005101,SME001473,RM008,2025-11-26,BRANCH,NO_RESPONSE,CONTROLLED_SYNTHETIC
I0005102,SME001473,RM008,2026-04-22,BRANCH,NO_RESPONSE,CONTROLLED_SYNTHETIC
I0005103,SME001473,RM008,2026-07-28,CALL,NO_RESPONSE,CONTROLLED_SYNTHETIC
I0005104,SME001473,RM008,2026-01-28,CALL,CONNECTED,CONTROLLED_SYNTHETIC
I0005105,SME001474,RM004,2025-08-28,SECURE_MESSAGE,CONNECTED,CONTROLLED_SYNTHETIC
I0005106,SME001474,RM004,2025-11-11,BRANCH,FOLLOW_UP,CONTROLLED_SYNTHETIC
I0005107,SME001474,RM004,2026-05-12,CALL,CONNECTED,CONTROLLED_SYNTHETIC
I0005108,SME001474,RM004,2025-09-29,CALL,NEEDS_REVIEW,CONTROLLED_SYNTHETIC
I0005109,SME001474,RM004,2026-05-25,CALL,CONNECTED,CONTROLLED_SYNTHETIC
I0005110,SME001474,RM004,2025-09-08,BRANCH,NO_RESPONSE,CONTROLLED_SYNTHETIC
I0005111,SME001475,RM029,2025-10-29,MEETING,CONNECTED,CONTROLLED_SYNTHETIC
I0005112,SME001476,RM017,2025-11-29,MEETING,CONNECTED,CONTROLLED_SYNTHETIC
I0005113,SME001476,RM017,2026-07-21,CALL,CONNECTED,CONTROLLED_SYNTHETIC
I0005114,SME001476,RM017,2025-08-28,CALL,NO_RESPONSE,CONTROLLED_SYNTHETIC
I0005115,SME001476,RM017,2026-02-22,MEETING,CONNECTED,CONTROLLED_SYNTHETIC
I0005116,SME001477,RM009,2026-02-02,MEETING,NO_RESPONSE,CONTROLLED_SYNTHETIC
I0005117,SME001477,RM009,2026-01-19,SECURE_MESSAGE,FOLLOW_UP,CONTROLLED_SYNTHETIC
I0005118,SME001478,RM001,2026-01-06,MEETING,NO_RESPONSE,CONTROLLED_SYNTHETIC
I0005119,SME001479,RM004,2026-02-16,BRANCH,FOLLOW_UP,CONTROLLED_SYNTHETIC
I0005120,SME001479,RM004,2025-12-13,SECURE_MESSAGE,CONNECTED,CONTROLLED_SYNTHETIC
I0005121,SME001479,RM004,2026-02-19,BRANCH,FOLLOW_UP,CONTROLLED_SYNTHETIC
I0005122,SME001479,RM004,2026-05-09,BRANCH,NO_RESPONSE,CONTROLLED_SYNTHETIC
I0005123,SME001479,RM004,2025-12-30,BRANCH,CONNECTED,CONTROLLED_SYNTHETIC
I0005124,SME001479,RM004,2026-01-15,SECURE_MESSAGE,NEEDS_REVIEW,CONTROLLED_SYNTHETIC
I0005125,SME001480,RM025,2025-10-15,MEETING,CONNECTED,CONTROLLED_SYNTHETIC
I0005126,SME001481,RM046,2026-05-26,MEETING,CONNECTED,CONTROLLED_SYNTHETIC
I0005127,SME001481,RM046,2026-03-27,BRANCH,CONNECTED,CONTROLLED_SYNTHETIC
I0005128,SME001482,RM037,2025-10-19,BRANCH,FOLLOW_UP,CONTROLLED_SYNTHETIC
I0005129,SME001482,RM037,2026-08-07,SECURE_MESSAGE,CONNECTED,CONTROLLED_SYNTHETIC
I0005130,SME001482,RM037,2025-08-25,SECURE_MESSAGE,CONNECTED,CONTROLLED_SYNTHETIC
I0005131,SME001482,RM037,2026-05-29,BRANCH,CONNECTED,CONTROLLED_SYNTHETIC
I0005132,SME001482,RM037,2026-06-06,BRANCH,CONNECTED,CONTROLLED_SYNTHETIC
I0005133,SME001483,RM027,2025-11-14,MEETING,CONNECTED,CONTROLLED_SYNTHETIC
I0005134,SME001483,RM027,2025-12-14,CALL,NO_RESPONSE,CONTROLLED_SYNTHETIC
I0005135,SME001483,RM027,2026-05-23,CALL,NO_RESPONSE,CONTROLLED_SYNTHETIC
I0005136,SME001484,RM039,2026-06-26,BRANCH,NO_RESPONSE,CONTROLLED_SYNTHETIC
I0005137,SME001485,RM029,2025-11-30,BRANCH,NO_RESPONSE,CONTROLLED_SYNTHETIC
I0005138,SME001486,RM022,2025-10-15,BRANCH,CONNECTED,CONTROLLED_SYNTHETIC
I0005139,SME001486,RM022,2025-12-09,BRANCH,NO_RESPONSE,CONTROLLED_SYNTHETIC
I0005140,SME001486,RM022,2025-12-29,MEETING,CONNECTED,CONTROLLED_SYNTHETIC
I0005141,SME001487,RM012,2025-12-14,MEETING,CONNECTED,CONTROLLED_SYNTHETIC
I0005142,SME001487,RM012,2026-05-04,CALL,CONNECTED,CONTROLLED_SYNTHETIC
I0005143,SME001487,RM012,2026-03-21,SECURE_MESSAGE,NEEDS_REVIEW,CONTROLLED_SYNTHETIC
I0005144,SME001487,RM012,2026-07-04,SECURE_MESSAGE,FOLLOW_UP,CONTROLLED_SYNTHETIC
I0005145,SME001488,RM016,2026-07-17,SECURE_MESSAGE,CONNECTED,CONTROLLED_SYNTHETIC
I0005146,SME001488,RM016,2026-04-30,SECURE_MESSAGE,FOLLOW_UP,CONTROLLED_SYNTHETIC
I0005147,SME001488,RM016,2025-12-22,SECURE_MESSAGE,CONNECTED,CONTROLLED_SYNTHETIC
I0005148,SME001488,RM016,2026-04-26,MEETING,FOLLOW_UP,CONTROLLED_SYNTHETIC
I0005149,SME001488,RM016,2026-04-20,CALL,FOLLOW_UP,CONTROLLED_SYNTHETIC
I0005150,SME001489,RM012,2025-11-02,MEETING,FOLLOW_UP,CONTROLLED_SYNTHETIC
I0005151,SME001489,RM012,2025-11-27,BRANCH,CONNECTED,CONTROLLED_SYNTHETIC
I0005152,SME001490,RM030,2026-07-23,SECURE_MESSAGE,FOLLOW_UP,CONTROLLED_SYNTHETIC
I0005153,SME001490,RM030,2025-12-18,SECURE_MESSAGE,FOLLOW_UP,CONTROLLED_SYNTHETIC
I0005154,SME001490,RM030,2026-06-30,SECURE_MESSAGE,NO_RESPONSE,CONTROLLED_SYNTHETIC
I0005155,SME001490,RM030,2025-11-07,CALL,CONNECTED,CONTROLLED_SYNTHETIC
I0005156,SME001490,RM030,2025-09-27,MEETING,NEEDS_REVIEW,CONTROLLED_SYNTHETIC
I0005157,SME001491,RM020,2025-12-05,SECURE_MESSAGE,NO_RESPONSE,CONTROLLED_SYNTHETIC
I0005158,SME001491,RM020,2026-04-01,MEETING,CONNECTED,CONTROLLED_SYNTHETIC
I0005159,SME001491,RM020,2026-03-03,BRANCH,NO_RESPONSE,CONTROLLED_SYNTHETIC
I0005160,SME001492,RM029,2026-07-13,SECURE_MESSAGE,NO_RESPONSE,CONTROLLED_SYNTHETIC
I0005161,SME001493,RM046,2025-09-20,BRANCH,NO_RESPONSE,CONTROLLED_SYNTHETIC
I0005162,SME001493,RM046,2026-01-14,SECURE_MESSAGE,CONNECTED,CONTROLLED_SYNTHETIC
I0005163,SME001493,RM046,2026-08-04,BRANCH,NEEDS_REVIEW,CONTROLLED_SYNTHETIC
I0005164,SME001494,RM030,2026-04-24,MEETING,CONNECTED,CONTROLLED_SYNTHETIC
I0005165,SME001494,RM030,2025-11-01,MEETING,CONNECTED,CONTROLLED_SYNTHETIC
I0005166,SME001494,RM030,2025-12-27,BRANCH,FOLLOW_UP,CONTROLLED_SYNTHETIC
I0005167,SME001494,RM030,2025-11-07,SECURE_MESSAGE,NEEDS_REVIEW,CONTROLLED_SYNTHETIC
I0005168,SME001495,RM041,2025-09-04,BRANCH,CONNECTED,CONTROLLED_SYNTHETIC
I0005169,SME001495,RM041,2025-10-18,SECURE_MESSAGE,CONNECTED,CONTROLLED_SYNTHETIC
I0005170,SME001495,RM041,2026-01-28,BRANCH,NO_RESPONSE,CONTROLLED_SYNTHETIC
I0005171,SME001496,RM014,2026-05-27,CALL,CONNECTED,CONTROLLED_SYNTHETIC
I0005172,SME001496,RM014,2025-09-08,CALL,CONNECTED,CONTROLLED_SYNTHETIC
I0005173,SME001496,RM014,2026-03-31,SECURE_MESSAGE,CONNECTED,CONTROLLED_SYNTHETIC
I0005174,SME001496,RM014,2026-03-22,MEETING,CONNECTED,CONTROLLED_SYNTHETIC
I0005175,SME001496,RM014,2026-02-28,BRANCH,CONNECTED,CONTROLLED_SYNTHETIC
I0005176,SME001496,RM014,2025-10-05,BRANCH,NEEDS_REVIEW,CONTROLLED_SYNTHETIC
I0005177,SME001497,RM019,2026-04-10,SECURE_MESSAGE,NO_RESPONSE,CONTROLLED_SYNTHETIC
I0005178,SME001497,RM019,2025-09-19,CALL,CONNECTED,CONTROLLED_SYNTHETIC
I0005179,SME001497,RM019,2025-11-19,MEETING,NO_RESPONSE,CONTROLLED_SYNTHETIC
I0005180,SME001498,RM038,2025-10-03,SECURE_MESSAGE,NEEDS_REVIEW,CONTROLLED_SYNTHETIC
I0005181,SME001498,RM038,2025-12-05,SECURE_MESSAGE,NEEDS_REVIEW,CONTROLLED_SYNTHETIC
I0005182,SME001498,RM038,2025-09-08,BRANCH,CONNECTED,CONTROLLED_SYNTHETIC
I0005183,SME001498,RM038,2025-12-12,CALL,FOLLOW_UP,CONTROLLED_SYNTHETIC
I0005184,SME001498,RM038,2025-12-14,SECURE_MESSAGE,FOLLOW_UP,CONTROLLED_SYNTHETIC
I0005185,SME001498,RM038,2026-01-23,CALL,CONNECTED,CONTROLLED_SYNTHETIC
I0005186,SME001499,RM041,2025-12-07,SECURE_MESSAGE,CONNECTED,CONTROLLED_SYNTHETIC
I0005187,SME001500,RM020,2026-02-02,CALL,FOLLOW_UP,CONTROLLED_SYNTHETIC
I0005188,SME001500,RM020,2026-03-29,BRANCH,NEEDS_REVIEW,CONTROLLED_SYNTHETIC
I0005189,SME001500,RM020,2025-12-18,CALL,CONNECTED,CONTROLLED_SYNTHETIC
I0005190,SME001500,RM020,2026-05-13,MEETING,NO_RESPONSE,CONTROLLED_SYNTHETIC
I0005191,SME001500,RM020,2025-12-19,SECURE_MESSAGE,CONNECTED,CONTROLLED_SYNTHETIC
I0005192,SME001501,RM022,2025-11-22,BRANCH,NO_RESPONSE,CONTROLLED_SYNTHETIC
I0005193,SME001501,RM022,2026-04-28,MEETING,CONNECTED,CONTROLLED_SYNTHETIC
I0005194,SME001501,RM022,2026-06-13,BRANCH,CONNECTED,CONTROLLED_SYNTHETIC
I0005195,SME001501,RM022,2026-04-17,MEETING,CONNECTED,CONTROLLED_SYNTHETIC
I0005196,SME001501,RM022,2026-04-16,BRANCH,NO_RESPONSE,CONTROLLED_SYNTHETIC
I0005197,SME001502,RM048,2026-01-25,CALL,CONNECTED,CONTROLLED_SYNTHETIC
I0005198,SME001502,RM048,2026-05-25,MEETING,CONNECTED,CONTROLLED_SYNTHETIC
I0005199,SME001503,RM015,2026-02-16,CALL,NEEDS_REVIEW,CONTROLLED_SYNTHETIC
I0005200,SME001504,RM010,2026-05-20,MEETING,NEEDS_REVIEW,CONTROLLED_SYNTHETIC
I0005201,SME001504,RM010,2025-12-04,BRANCH,CONNECTED,CONTROLLED_SYNTHETIC
I0005202,SME001504,RM010,2025-12-13,CALL,NEEDS_REVIEW,CONTROLLED_SYNTHETIC
I0005203,SME001504,RM010,2025-09-15,CALL,FOLLOW_UP,CONTROLLED_SYNTHETIC
I0005204,SME001505,RM039,2025-10-23,SECURE_MESSAGE,NO_RESPONSE,CONTROLLED_SYNTHETIC
I0005205,SME001505,RM039,2026-04-14,BRANCH,CONNECTED,CONTROLLED_SYNTHETIC
I0005206,SME001505,RM039,2026-01-06,BRANCH,FOLLOW_UP,CONTROLLED_SYNTHETIC
I0005207,SME001505,RM039,2026-03-20,MEETING,FOLLOW_UP,CONTROLLED_SYNTHETIC
I0005208,SME001506,RM011,2026-01-31,BRANCH,FOLLOW_UP,CONTROLLED_SYNTHETIC
I0005209,SME001506,RM011,2026-05-11,SECURE_MESSAGE,NO_RESPONSE,CONTROLLED_SYNTHETIC
I0005210,SME001506,RM011,2025-10-11,MEETING,FOLLOW_UP,CONTROLLED_SYNTHETIC
I0005211,SME001506,RM011,2026-03-09,BRANCH,NEEDS_REVIEW,CONTROLLED_SYNTHETIC
I0005212,SME001507,RM004,2026-05-23,CALL,NEEDS_REVIEW,CONTROLLED_SYNTHETIC
I0005213,SME001507,RM004,2025-11-24,CALL,NO_RESPONSE,CONTROLLED_SYNTHETIC
I0005214,SME001507,RM004,2026-05-18,BRANCH,CONNECTED,CONTROLLED_SYNTHETIC
I0005215,SME001507,RM004,2025-12-19,BRANCH,NO_RESPONSE,CONTROLLED_SYNTHETIC
I0005216,SME001507,RM004,2025-09-16,SECURE_MESSAGE,NO_RESPONSE,CONTROLLED_SYNTHETIC
I0005217,SME001508,RM024,2026-04-19,SECURE_MESSAGE,FOLLOW_UP,CONTROLLED_SYNTHETIC
I0005218,SME001508,RM024,2026-07-05,MEETING,CONNECTED,CONTROLLED_SYNTHETIC
I0005219,SME001508,RM024,2025-09-07,MEETING,CONNECTED,CONTROLLED_SYNTHETIC
I0005220,SME001509,RM001,2026-06-07,CALL,CONNECTED,CONTROLLED_SYNTHETIC
I0005221,SME001509,RM001,2026-04-15,MEETING,FOLLOW_UP,CONTROLLED_SYNTHETIC
I0005222,SME001509,RM001,2026-03-14,CALL,CONNECTED,CONTROLLED_SYNTHETIC
I0005223,SME001510,RM016,2025-09-29,CALL,CONNECTED,CONTROLLED_SYNTHETIC
I0005224,SME001510,RM016,2026-01-29,CALL,NO_RESPONSE,CONTROLLED_SYNTHETIC
I0005225,SME001510,RM016,2025-10-19,BRANCH,NO_RESPONSE,CONTROLLED_SYNTHETIC
I0005226,SME001510,RM016,2026-04-27,MEETING,CONNECTED,CONTROLLED_SYNTHETIC
I0005227,SME001511,RM044,2026-04-12,CALL,CONNECTED,CONTROLLED_SYNTHETIC
I0005228,SME001511,RM044,2026-08-19,BRANCH,NEEDS_REVIEW,CONTROLLED_SYNTHETIC
I0005229,SME001511,RM044,2025-11-10,CALL,NEEDS_REVIEW,CONTROLLED_SYNTHETIC
I0005230,SME001511,RM044,2026-06-13,BRANCH,NEEDS_REVIEW,CONTROLLED_SYNTHETIC
I0005231,SME001512,RM013,2026-06-06,SECURE_MESSAGE,CONNECTED,CONTROLLED_SYNTHETIC
I0005232,SME001512,RM013,2025-11-09,MEETING,CONNECTED,CONTROLLED_SYNTHETIC
I0005233,SME001512,RM013,2025-10-27,BRANCH,CONNECTED,CONTROLLED_SYNTHETIC
I0005234,SME001512,RM013,2026-03-27,BRANCH,CONNECTED,CONTROLLED_SYNTHETIC
I0005235,SME001512,RM013,2026-02-04,SECURE_MESSAGE,NO_RESPONSE,CONTROLLED_SYNTHETIC
I0005236,SME001512,RM013,2025-10-26,MEETING,NEEDS_REVIEW,CONTROLLED_SYNTHETIC
I0005237,SME001513,RM009,2025-09-14,SECURE_MESSAGE,CONNECTED,CONTROLLED_SYNTHETIC
I0005238,SME001513,RM009,2025-11-04,CALL,FOLLOW_UP,CONTROLLED_SYNTHETIC
I0005239,SME001513,RM009,2025-12-29,CALL,CONNECTED,CONTROLLED_SYNTHETIC
I0005240,SME001513,RM009,2026-06-18,SECURE_MESSAGE,NO_RESPONSE,CONTROLLED_SYNTHETIC
I0005241,SME001514,RM008,2026-06-03,SECURE_MESSAGE,NO_RESPONSE,CONTROLLED_SYNTHETIC
I0005242,SME001514,RM008,2026-08-06,BRANCH,NEEDS_REVIEW,CONTROLLED_SYNTHETIC
I0005243,SME001515,RM014,2025-10-10,CALL,FOLLOW_UP,CONTROLLED_SYNTHETIC
I0005244,SME001515,RM014,2026-05-14,SECURE_MESSAGE,CONNECTED,CONTROLLED_SYNTHETIC
I0005245,SME001515,RM014,2026-07-24,SECURE_MESSAGE,CONNECTED,CONTROLLED_SYNTHETIC
I0005246,SME001515,RM014,2026-01-02,CALL,FOLLOW_UP,CONTROLLED_SYNTHETIC
I0005247,SME001516,RM045,2026-03-23,CALL,NEEDS_REVIEW,CONTROLLED_SYNTHETIC
I0005248,SME001516,RM045,2026-06-02,MEETING,CONNECTED,CONTROLLED_SYNTHETIC
I0005249,SME001517,RM017,2025-10-07,BRANCH,NEEDS_REVIEW,CONTROLLED_SYNTHETIC
I0005250,SME001517,RM017,2026-07-09,BRANCH,NEEDS_REVIEW,CONTROLLED_SYNTHETIC
I0005251,SME001517,RM017,2026-03-16,SECURE_MESSAGE,NEEDS_REVIEW,CONTROLLED_SYNTHETIC
I0005252,SME001517,RM017,2026-02-13,BRANCH,FOLLOW_UP,CONTROLLED_SYNTHETIC
I0005253,SME001518,RM008,2025-12-19,BRANCH,FOLLOW_UP,CONTROLLED_SYNTHETIC
I0005254,SME001518,RM008,2026-07-24,BRANCH,CONNECTED,CONTROLLED_SYNTHETIC
I0005255,SME001518,RM008,2026-04-25,BRANCH,CONNECTED,CONTROLLED_SYNTHETIC
I0005256,SME001518,RM008,2026-07-09,BRANCH,CONNECTED,CONTROLLED_SYNTHETIC
I0005257,SME001519,RM009,2025-10-09,MEETING,NO_RESPONSE,CONTROLLED_SYNTHETIC
I0005258,SME001519,RM009,2025-12-16,SECURE_MESSAGE,FOLLOW_UP,CONTROLLED_SYNTHETIC
I0005259,SME001519,RM009,2026-03-20,MEETING,CONNECTED,CONTROLLED_SYNTHETIC
I0005260,SME001519,RM009,2026-05-23,CALL,NO_RESPONSE,CONTROLLED_SYNTHETIC
I0005261,SME001520,RM018,2025-11-21,SECURE_MESSAGE,NEEDS_REVIEW,CONTROLLED_SYNTHETIC
I0005262,SME001520,RM018,2026-04-08,CALL,NO_RESPONSE,CONTROLLED_SYNTHETIC
I0005263,SME001520,RM018,2025-11-15,BRANCH,CONNECTED,CONTROLLED_SYNTHETIC
I0005264,SME001520,RM018,2025-12-13,SECURE_MESSAGE,FOLLOW_UP,CONTROLLED_SYNTHETIC
I0005265,SME001520,RM018,2026-03-24,BRANCH,CONNECTED,CONTROLLED_SYNTHETIC
I0005266,SME001521,RM038,2025-11-02,CALL,CONNECTED,CONTROLLED_SYNTHETIC
I0005267,SME001521,RM038,2026-06-12,MEETING,NO_RESPONSE,CONTROLLED_SYNTHETIC
I0005268,SME001521,RM038,2025-11-12,BRANCH,FOLLOW_UP,CONTROLLED_SYNTHETIC
I0005269,SME001522,RM021,2026-06-25,CALL,CONNECTED,CONTROLLED_SYNTHETIC
I0005270,SME001522,RM021,2026-06-17,BRANCH,NO_RESPONSE,CONTROLLED_SYNTHETIC
I0005271,SME001522,RM021,2026-06-01,MEETING,CONNECTED,CONTROLLED_SYNTHETIC
I0005272,SME001522,RM021,2025-11-08,SECURE_MESSAGE,CONNECTED,CONTROLLED_SYNTHETIC
I0005273,SME001523,RM010,2026-05-22,BRANCH,CONNECTED,CONTROLLED_SYNTHETIC
I0005274,SME001523,RM010,2026-08-03,CALL,FOLLOW_UP,CONTROLLED_SYNTHETIC
I0005275,SME001523,RM010,2026-07-08,CALL,NO_RESPONSE,CONTROLLED_SYNTHETIC
I0005276,SME001524,RM017,2025-11-18,BRANCH,FOLLOW_UP,CONTROLLED_SYNTHETIC
I0005277,SME001524,RM017,2026-06-26,BRANCH,NO_RESPONSE,CONTROLLED_SYNTHETIC
I0005278,SME001524,RM017,2026-02-26,SECURE_MESSAGE,CONNECTED,CONTROLLED_SYNTHETIC
I0005279,SME001524,RM017,2025-10-14,CALL,FOLLOW_UP,CONTROLLED_SYNTHETIC
I0005280,SME001524,RM017,2026-02-06,CALL,CONNECTED,CONTROLLED_SYNTHETIC
I0005281,SME001525,RM008,2026-01-03,SECURE_MESSAGE,CONNECTED,CONTROLLED_SYNTHETIC
I0005282,SME001525,RM008,2026-05-11,CALL,CONNECTED,CONTROLLED_SYNTHETIC
I0005283,SME001525,RM008,2026-02-07,BRANCH,FOLLOW_UP,CONTROLLED_SYNTHETIC
I0005284,SME001525,RM008,2026-07-04,SECURE_MESSAGE,NEEDS_REVIEW,CONTROLLED_SYNTHETIC
I0005285,SME001525,RM008,2026-05-08,SECURE_MESSAGE,CONNECTED,CONTROLLED_SYNTHETIC
I0005286,SME001526,RM021,2025-11-11,SECURE_MESSAGE,CONNECTED,CONTROLLED_SYNTHETIC
I0005287,SME001526,RM021,2025-09-26,BRANCH,FOLLOW_UP,CONTROLLED_SYNTHETIC
I0005288,SME001526,RM021,2025-10-17,CALL,FOLLOW_UP,CONTROLLED_SYNTHETIC
I0005289,SME001526,RM021,2025-08-27,BRANCH,CONNECTED,CONTROLLED_SYNTHETIC
I0005290,SME001527,RM029,2026-06-10,MEETING,FOLLOW_UP,CONTROLLED_SYNTHETIC
I0005291,SME001528,RM016,2025-12-10,BRANCH,CONNECTED,CONTROLLED_SYNTHETIC
I0005292,SME001529,RM029,2026-02-15,SECURE_MESSAGE,CONNECTED,CONTROLLED_SYNTHETIC
I0005293,SME001529,RM029,2026-04-26,MEETING,CONNECTED,CONTROLLED_SYNTHETIC
I0005294,SME001529,RM029,2025-09-26,MEETING,CONNECTED,CONTROLLED_SYNTHETIC
I0005295,SME001530,RM025,2026-02-22,SECURE_MESSAGE,NO_RESPONSE,CONTROLLED_SYNTHETIC
I0005296,SME001530,RM025,2026-04-20,MEETING,NO_RESPONSE,CONTROLLED_SYNTHETIC
I0005297,SME001530,RM025,2026-08-08,BRANCH,FOLLOW_UP,CONTROLLED_SYNTHETIC
I0005298,SME001530,RM025,2025-12-12,MEETING,CONNECTED,CONTROLLED_SYNTHETIC
I0005299,SME001530,RM025,2025-11-30,SECURE_MESSAGE,CONNECTED,CONTROLLED_SYNTHETIC
I0005300,SME001530,RM025,2025-10-31,SECURE_MESSAGE,NEEDS_REVIEW,CONTROLLED_SYNTHETIC
I0005301,SME001531,RM011,2025-09-22,MEETING,NO_RESPONSE,CONTROLLED_SYNTHETIC
I0005302,SME001531,RM011,2026-06-17,SECURE_MESSAGE,CONNECTED,CONTROLLED_SYNTHETIC
I0005303,SME001531,RM011,2025-12-22,BRANCH,CONNECTED,CONTROLLED_SYNTHETIC
I0005304,SME001531,RM011,2025-10-23,SECURE_MESSAGE,CONNECTED,CONTROLLED_SYNTHETIC
I0005305,SME001531,RM011,2026-01-13,SECURE_MESSAGE,CONNECTED,CONTROLLED_SYNTHETIC
I0005306,SME001532,RM036,2025-12-01,SECURE_MESSAGE,CONNECTED,CONTROLLED_SYNTHETIC
I0005307,SME001532,RM036,2025-08-23,CALL,CONNECTED,CONTROLLED_SYNTHETIC
I0005308,SME001532,RM036,2025-10-22,SECURE_MESSAGE,CONNECTED,CONTROLLED_SYNTHETIC
I0005309,SME001533,RM003,2025-10-11,BRANCH,CONNECTED,CONTROLLED_SYNTHETIC
I0005310,SME001534,RM012,2025-10-27,CALL,CONNECTED,CONTROLLED_SYNTHETIC
I0005311,SME001535,RM021,2026-08-11,CALL,NO_RESPONSE,CONTROLLED_SYNTHETIC
I0005312,SME001535,RM021,2026-04-27,MEETING,FOLLOW_UP,CONTROLLED_SYNTHETIC
I0005313,SME001535,RM021,2026-04-15,BRANCH,NO_RESPONSE,CONTROLLED_SYNTHETIC
I0005314,SME001536,RM022,2026-08-04,SECURE_MESSAGE,NO_RESPONSE,CONTROLLED_SYNTHETIC
I0005315,SME001537,RM012,2025-09-17,SECURE_MESSAGE,NO_RESPONSE,CONTROLLED_SYNTHETIC
I0005316,SME001537,RM012,2026-03-21,MEETING,CONNECTED,CONTROLLED_SYNTHETIC
I0005317,SME001537,RM012,2025-12-10,SECURE_MESSAGE,NEEDS_REVIEW,CONTROLLED_SYNTHETIC
I0005318,SME001537,RM012,2025-10-05,SECURE_MESSAGE,FOLLOW_UP,CONTROLLED_SYNTHETIC
I0005319,SME001538,RM012,2026-03-20,MEETING,FOLLOW_UP,CONTROLLED_SYNTHETIC
I0005320,SME001538,RM012,2025-10-13,SECURE_MESSAGE,FOLLOW_UP,CONTROLLED_SYNTHETIC
I0005321,SME001538,RM012,2025-11-29,BRANCH,FOLLOW_UP,CONTROLLED_SYNTHETIC
I0005322,SME001538,RM012,2025-09-19,BRANCH,NO_RESPONSE,CONTROLLED_SYNTHETIC
I0005323,SME001538,RM012,2026-03-12,BRANCH,NO_RESPONSE,CONTROLLED_SYNTHETIC
I0005324,SME001539,RM030,2025-12-28,SECURE_MESSAGE,FOLLOW_UP,CONTROLLED_SYNTHETIC
I0005325,SME001539,RM030,2026-04-14,MEETING,FOLLOW_UP,CONTROLLED_SYNTHETIC
I0005326,SME001539,RM030,2025-11-01,CALL,CONNECTED,CONTROLLED_SYNTHETIC
I0005327,SME001539,RM030,2025-11-11,CALL,NO_RESPONSE,CONTROLLED_SYNTHETIC
I0005328,SME001539,RM030,2026-03-04,SECURE_MESSAGE,NO_RESPONSE,CONTROLLED_SYNTHETIC
I0005329,SME001540,RM046,2025-10-16,BRANCH,NEEDS_REVIEW,CONTROLLED_SYNTHETIC
I0005330,SME001540,RM046,2025-10-01,BRANCH,FOLLOW_UP,CONTROLLED_SYNTHETIC
I0005331,SME001540,RM046,2025-10-22,BRANCH,NO_RESPONSE,CONTROLLED_SYNTHETIC
I0005332,SME001541,RM007,2025-09-01,BRANCH,FOLLOW_UP,CONTROLLED_SYNTHETIC
I0005333,SME001542,RM015,2025-11-05,BRANCH,NO_RESPONSE,CONTROLLED_SYNTHETIC
I0005334,SME001542,RM015,2025-08-23,MEETING,CONNECTED,CONTROLLED_SYNTHETIC
I0005335,SME001543,RM030,2026-07-24,MEETING,CONNECTED,CONTROLLED_SYNTHETIC
I0005336,SME001543,RM030,2026-06-05,SECURE_MESSAGE,FOLLOW_UP,CONTROLLED_SYNTHETIC
I0005337,SME001543,RM030,2026-03-21,MEETING,NEEDS_REVIEW,CONTROLLED_SYNTHETIC
I0005338,SME001543,RM030,2025-11-16,BRANCH,NO_RESPONSE,CONTROLLED_SYNTHETIC
I0005339,SME001543,RM030,2026-03-27,MEETING,CONNECTED,CONTROLLED_SYNTHETIC
I0005340,SME001544,RM006,2026-05-03,SECURE_MESSAGE,NEEDS_REVIEW,CONTROLLED_SYNTHETIC
I0005341,SME001544,RM006,2026-06-20,MEETING,NO_RESPONSE,CONTROLLED_SYNTHETIC
I0005342,SME001544,RM006,2026-01-01,CALL,NO_RESPONSE,CONTROLLED_SYNTHETIC
I0005343,SME001545,RM038,2026-04-06,CALL,FOLLOW_UP,CONTROLLED_SYNTHETIC
I0005344,SME001545,RM038,2025-11-25,BRANCH,NO_RESPONSE,CONTROLLED_SYNTHETIC
I0005345,SME001545,RM038,2025-11-08,SECURE_MESSAGE,NO_RESPONSE,CONTROLLED_SYNTHETIC
I0005346,SME001545,RM038,2026-03-07,CALL,NO_RESPONSE,CONTROLLED_SYNTHETIC
I0005347,SME001546,RM029,2025-10-23,SECURE_MESSAGE,NO_RESPONSE,CONTROLLED_SYNTHETIC
I0005348,SME001546,RM029,2025-10-10,CALL,CONNECTED,CONTROLLED_SYNTHETIC
I0005349,SME001546,RM029,2026-04-13,SECURE_MESSAGE,CONNECTED,CONTROLLED_SYNTHETIC
I0005350,SME001546,RM029,2026-07-13,CALL,FOLLOW_UP,CONTROLLED_SYNTHETIC
I0005351,SME001547,RM047,2026-04-06,MEETING,CONNECTED,CONTROLLED_SYNTHETIC
I0005352,SME001547,RM047,2026-08-02,CALL,NO_RESPONSE,CONTROLLED_SYNTHETIC
I0005353,SME001547,RM047,2026-04-14,BRANCH,NO_RESPONSE,CONTROLLED_SYNTHETIC
I0005354,SME001547,RM047,2026-07-16,CALL,CONNECTED,CONTROLLED_SYNTHETIC
I0005355,SME001547,RM047,2026-01-30,BRANCH,CONNECTED,CONTROLLED_SYNTHETIC
I0005356,SME001547,RM047,2026-04-25,BRANCH,CONNECTED,CONTROLLED_SYNTHETIC
I0005357,SME001548,RM034,2025-09-13,BRANCH,CONNECTED,CONTROLLED_SYNTHETIC
I0005358,SME001548,RM034,2025-12-05,BRANCH,CONNECTED,CONTROLLED_SYNTHETIC
I0005359,SME001548,RM034,2025-09-09,SECURE_MESSAGE,CONNECTED,CONTROLLED_SYNTHETIC
I0005360,SME001548,RM034,2026-03-31,BRANCH,CONNECTED,CONTROLLED_SYNTHETIC
I0005361,SME001549,RM033,2025-10-11,BRANCH,CONNECTED,CONTROLLED_SYNTHETIC
I0005362,SME001549,RM033,2025-11-19,SECURE_MESSAGE,CONNECTED,CONTROLLED_SYNTHETIC
I0005363,SME001550,RM002,2026-05-04,MEETING,CONNECTED,CONTROLLED_SYNTHETIC
I0005364,SME001550,RM002,2026-04-30,CALL,CONNECTED,CONTROLLED_SYNTHETIC
I0005365,SME001550,RM002,2026-06-08,CALL,FOLLOW_UP,CONTROLLED_SYNTHETIC
I0005366,SME001550,RM002,2025-10-06,SECURE_MESSAGE,NEEDS_REVIEW,CONTROLLED_SYNTHETIC
I0005367,SME001550,RM002,2026-01-20,CALL,NO_RESPONSE,CONTROLLED_SYNTHETIC
I0005368,SME001550,RM002,2026-02-28,BRANCH,NO_RESPONSE,CONTROLLED_SYNTHETIC
I0005369,SME001551,RM036,2025-09-03,CALL,FOLLOW_UP,CONTROLLED_SYNTHETIC
I0005370,SME001551,RM036,2026-03-24,BRANCH,CONNECTED,CONTROLLED_SYNTHETIC
I0005371,SME001551,RM036,2025-11-16,MEETING,FOLLOW_UP,CONTROLLED_SYNTHETIC
I0005372,SME001551,RM036,2026-04-03,MEETING,CONNECTED,CONTROLLED_SYNTHETIC
I0005373,SME001551,RM036,2026-06-30,MEETING,FOLLOW_UP,CONTROLLED_SYNTHETIC
I0005374,SME001552,RM033,2026-05-10,BRANCH,CONNECTED,CONTROLLED_SYNTHETIC
I0005375,SME001552,RM033,2026-06-16,MEETING,FOLLOW_UP,CONTROLLED_SYNTHETIC
I0005376,SME001552,RM033,2025-12-17,MEETING,FOLLOW_UP,CONTROLLED_SYNTHETIC
I0005377,SME001552,RM033,2025-08-23,BRANCH,FOLLOW_UP,CONTROLLED_SYNTHETIC
I0005378,SME001552,RM033,2026-07-16,MEETING,FOLLOW_UP,CONTROLLED_SYNTHETIC
I0005379,SME001552,RM033,2026-01-03,MEETING,CONNECTED,CONTROLLED_SYNTHETIC
I0005380,SME001553,RM004,2026-07-08,BRANCH,CONNECTED,CONTROLLED_SYNTHETIC
I0005381,SME001553,RM004,2026-05-09,CALL,CONNECTED,CONTROLLED_SYNTHETIC
I0005382,SME001553,RM004,2026-02-08,BRANCH,CONNECTED,CONTROLLED_SYNTHETIC
I0005383,SME001554,RM037,2026-07-10,MEETING,FOLLOW_UP,CONTROLLED_SYNTHETIC
I0005384,SME001554,RM037,2026-01-08,MEETING,NO_RESPONSE,CONTROLLED_SYNTHETIC
I0005385,SME001555,RM035,2025-10-18,CALL,FOLLOW_UP,CONTROLLED_SYNTHETIC
I0005386,SME001555,RM035,2026-08-06,MEETING,FOLLOW_UP,CONTROLLED_SYNTHETIC
I0005387,SME001555,RM035,2026-01-19,SECURE_MESSAGE,CONNECTED,CONTROLLED_SYNTHETIC
I0005388,SME001555,RM035,2026-02-15,MEETING,CONNECTED,CONTROLLED_SYNTHETIC
I0005389,SME001556,RM039,2025-09-07,SECURE_MESSAGE,NO_RESPONSE,CONTROLLED_SYNTHETIC
I0005390,SME001556,RM039,2026-07-17,MEETING,CONNECTED,CONTROLLED_SYNTHETIC
I0005391,SME001557,RM025,2026-07-17,CALL,CONNECTED,CONTROLLED_SYNTHETIC
I0005392,SME001557,RM025,2026-05-16,BRANCH,CONNECTED,CONTROLLED_SYNTHETIC
I0005393,SME001557,RM025,2026-01-31,SECURE_MESSAGE,CONNECTED,CONTROLLED_SYNTHETIC
I0005394,SME001558,RM004,2025-11-05,CALL,CONNECTED,CONTROLLED_SYNTHETIC
I0005395,SME001558,RM004,2025-12-30,SECURE_MESSAGE,NEEDS_REVIEW,CONTROLLED_SYNTHETIC
I0005396,SME001558,RM004,2026-01-24,BRANCH,CONNECTED,CONTROLLED_SYNTHETIC
I0005397,SME001558,RM004,2025-12-12,BRANCH,CONNECTED,CONTROLLED_SYNTHETIC
I0005398,SME001558,RM004,2026-02-20,MEETING,FOLLOW_UP,CONTROLLED_SYNTHETIC
I0005399,SME001558,RM004,2026-07-16,BRANCH,CONNECTED,CONTROLLED_SYNTHETIC
I0005400,SME001559,RM036,2026-03-01,MEETING,CONNECTED,CONTROLLED_SYNTHETIC
I0005401,SME001560,RM041,2026-04-01,SECURE_MESSAGE,CONNECTED,CONTROLLED_SYNTHETIC
I0005402,SME001561,RM029,2025-11-25,CALL,FOLLOW_UP,CONTROLLED_SYNTHETIC
I0005403,SME001561,RM029,2026-03-21,SECURE_MESSAGE,CONNECTED,CONTROLLED_SYNTHETIC
I0005404,SME001561,RM029,2026-03-11,BRANCH,NEEDS_REVIEW,CONTROLLED_SYNTHETIC
I0005405,SME001561,RM029,2025-12-01,MEETING,CONNECTED,CONTROLLED_SYNTHETIC
I0005406,SME001561,RM029,2026-04-16,CALL,CONNECTED,CONTROLLED_SYNTHETIC
I0005407,SME001561,RM029,2026-01-03,CALL,CONNECTED,CONTROLLED_SYNTHETIC
I0005408,SME001562,RM015,2026-07-25,BRANCH,NO_RESPONSE,CONTROLLED_SYNTHETIC
I0005409,SME001562,RM015,2026-07-07,MEETING,CONNECTED,CONTROLLED_SYNTHETIC
I0005410,SME001562,RM015,2025-12-19,SECURE_MESSAGE,CONNECTED,CONTROLLED_SYNTHETIC
I0005411,SME001562,RM015,2026-08-04,MEETING,CONNECTED,CONTROLLED_SYNTHETIC
I0005412,SME001562,RM015,2026-06-17,BRANCH,CONNECTED,CONTROLLED_SYNTHETIC
I0005413,SME001562,RM015,2026-08-16,BRANCH,NO_RESPONSE,CONTROLLED_SYNTHETIC
I0005414,SME001563,RM008,2025-11-07,BRANCH,NO_RESPONSE,CONTROLLED_SYNTHETIC
I0005415,SME001563,RM008,2026-06-25,BRANCH,NO_RESPONSE,CONTROLLED_SYNTHETIC
I0005416,SME001563,RM008,2026-05-31,BRANCH,CONNECTED,CONTROLLED_SYNTHETIC
I0005417,SME001563,RM008,2026-01-08,BRANCH,CONNECTED,CONTROLLED_SYNTHETIC
I0005418,SME001564,RM002,2026-03-23,BRANCH,CONNECTED,CONTROLLED_SYNTHETIC
I0005419,SME001564,RM002,2025-10-13,SECURE_MESSAGE,FOLLOW_UP,CONTROLLED_SYNTHETIC
I0005420,SME001564,RM002,2026-04-05,SECURE_MESSAGE,FOLLOW_UP,CONTROLLED_SYNTHETIC
I0005421,SME001565,RM028,2025-12-31,BRANCH,CONNECTED,CONTROLLED_SYNTHETIC
I0005422,SME001566,RM002,2026-02-07,MEETING,NO_RESPONSE,CONTROLLED_SYNTHETIC
I0005423,SME001566,RM002,2026-03-03,MEETING,CONNECTED,CONTROLLED_SYNTHETIC
I0005424,SME001566,RM002,2025-12-16,MEETING,CONNECTED,CONTROLLED_SYNTHETIC
I0005425,SME001566,RM002,2026-06-10,SECURE_MESSAGE,NO_RESPONSE,CONTROLLED_SYNTHETIC
I0005426,SME001567,RM046,2026-04-02,MEETING,CONNECTED,CONTROLLED_SYNTHETIC
I0005427,SME001567,RM046,2026-01-21,CALL,NO_RESPONSE,CONTROLLED_SYNTHETIC
I0005428,SME001567,RM046,2026-07-29,BRANCH,NO_RESPONSE,CONTROLLED_SYNTHETIC
I0005429,SME001567,RM046,2025-12-13,BRANCH,NO_RESPONSE,CONTROLLED_SYNTHETIC
I0005430,SME001567,RM046,2026-07-28,BRANCH,FOLLOW_UP,CONTROLLED_SYNTHETIC
I0005431,SME001568,RM006,2025-09-02,MEETING,NEEDS_REVIEW,CONTROLLED_SYNTHETIC
I0005432,SME001569,RM043,2026-03-06,CALL,FOLLOW_UP,CONTROLLED_SYNTHETIC
I0005433,SME001569,RM043,2026-08-19,SECURE_MESSAGE,CONNECTED,CONTROLLED_SYNTHETIC
I0005434,SME001570,RM041,2026-03-28,BRANCH,FOLLOW_UP,CONTROLLED_SYNTHETIC
I0005435,SME001570,RM041,2026-04-01,SECURE_MESSAGE,NO_RESPONSE,CONTROLLED_SYNTHETIC
I0005436,SME001570,RM041,2025-11-10,CALL,CONNECTED,CONTROLLED_SYNTHETIC
I0005437,SME001570,RM041,2026-06-14,MEETING,FOLLOW_UP,CONTROLLED_SYNTHETIC
I0005438,SME001570,RM041,2026-01-19,SECURE_MESSAGE,CONNECTED,CONTROLLED_SYNTHETIC
I0005439,SME001571,RM043,2025-10-13,CALL,NEEDS_REVIEW,CONTROLLED_SYNTHETIC
I0005440,SME001571,RM043,2025-10-13,CALL,NO_RESPONSE,CONTROLLED_SYNTHETIC
I0005441,SME001571,RM043,2026-04-19,SECURE_MESSAGE,NEEDS_REVIEW,CONTROLLED_SYNTHETIC
I0005442,SME001571,RM043,2026-02-26,MEETING,FOLLOW_UP,CONTROLLED_SYNTHETIC
I0005443,SME001572,RM010,2026-05-03,CALL,FOLLOW_UP,CONTROLLED_SYNTHETIC
I0005444,SME001573,RM030,2026-05-31,SECURE_MESSAGE,CONNECTED,CONTROLLED_SYNTHETIC
I0005445,SME001573,RM030,2026-05-02,SECURE_MESSAGE,CONNECTED,CONTROLLED_SYNTHETIC
I0005446,SME001573,RM030,2025-09-24,SECURE_MESSAGE,CONNECTED,CONTROLLED_SYNTHETIC
I0005447,SME001574,RM035,2025-11-05,MEETING,CONNECTED,CONTROLLED_SYNTHETIC
I0005448,SME001574,RM035,2025-11-29,MEETING,NO_RESPONSE,CONTROLLED_SYNTHETIC
I0005449,SME001574,RM035,2025-12-08,BRANCH,CONNECTED,CONTROLLED_SYNTHETIC
I0005450,SME001575,RM041,2025-11-22,BRANCH,FOLLOW_UP,CONTROLLED_SYNTHETIC
I0005451,SME001576,RM021,2026-05-18,SECURE_MESSAGE,FOLLOW_UP,CONTROLLED_SYNTHETIC
I0005452,SME001576,RM021,2026-06-18,SECURE_MESSAGE,NO_RESPONSE,CONTROLLED_SYNTHETIC
I0005453,SME001576,RM021,2026-06-21,CALL,FOLLOW_UP,CONTROLLED_SYNTHETIC
I0005454,SME001577,RM039,2026-07-03,MEETING,FOLLOW_UP,CONTROLLED_SYNTHETIC
I0005455,SME001578,RM003,2026-07-04,MEETING,CONNECTED,CONTROLLED_SYNTHETIC
I0005456,SME001578,RM003,2026-05-07,CALL,NEEDS_REVIEW,CONTROLLED_SYNTHETIC
I0005457,SME001578,RM003,2026-03-20,CALL,FOLLOW_UP,CONTROLLED_SYNTHETIC
I0005458,SME001578,RM003,2026-08-06,SECURE_MESSAGE,FOLLOW_UP,CONTROLLED_SYNTHETIC
I0005459,SME001578,RM003,2026-05-26,BRANCH,CONNECTED,CONTROLLED_SYNTHETIC
I0005460,SME001579,RM034,2026-01-18,MEETING,NO_RESPONSE,CONTROLLED_SYNTHETIC
I0005461,SME001579,RM034,2025-10-19,BRANCH,CONNECTED,CONTROLLED_SYNTHETIC
I0005462,SME001580,RM031,2026-01-02,SECURE_MESSAGE,CONNECTED,CONTROLLED_SYNTHETIC
I0005463,SME001580,RM031,2025-10-23,BRANCH,NEEDS_REVIEW,CONTROLLED_SYNTHETIC
I0005464,SME001581,RM041,2026-01-05,SECURE_MESSAGE,FOLLOW_UP,CONTROLLED_SYNTHETIC
I0005465,SME001581,RM041,2026-06-17,SECURE_MESSAGE,FOLLOW_UP,CONTROLLED_SYNTHETIC
I0005466,SME001581,RM041,2025-11-22,CALL,CONNECTED,CONTROLLED_SYNTHETIC
I0005467,SME001581,RM041,2026-05-12,BRANCH,NEEDS_REVIEW,CONTROLLED_SYNTHETIC
I0005468,SME001582,RM013,2026-01-17,SECURE_MESSAGE,NO_RESPONSE,CONTROLLED_SYNTHETIC
I0005469,SME001582,RM013,2025-11-19,SECURE_MESSAGE,FOLLOW_UP,CONTROLLED_SYNTHETIC
I0005470,SME001582,RM013,2025-08-30,CALL,FOLLOW_UP,CONTROLLED_SYNTHETIC
I0005471,SME001583,RM009,2026-08-03,CALL,CONNECTED,CONTROLLED_SYNTHETIC
I0005472,SME001583,RM009,2026-01-04,CALL,NO_RESPONSE,CONTROLLED_SYNTHETIC
I0005473,SME001583,RM009,2026-06-14,MEETING,CONNECTED,CONTROLLED_SYNTHETIC
I0005474,SME001583,RM009,2026-04-12,BRANCH,CONNECTED,CONTROLLED_SYNTHETIC
I0005475,SME001583,RM009,2026-03-28,BRANCH,CONNECTED,CONTROLLED_SYNTHETIC
I0005476,SME001584,RM044,2026-01-22,CALL,FOLLOW_UP,CONTROLLED_SYNTHETIC
I0005477,SME001585,RM020,2025-11-02,BRANCH,NEEDS_REVIEW,CONTROLLED_SYNTHETIC
I0005478,SME001585,RM020,2026-05-11,MEETING,CONNECTED,CONTROLLED_SYNTHETIC
I0005479,SME001585,RM020,2026-08-19,BRANCH,NO_RESPONSE,CONTROLLED_SYNTHETIC
I0005480,SME001585,RM020,2025-10-04,SECURE_MESSAGE,FOLLOW_UP,CONTROLLED_SYNTHETIC
I0005481,SME001585,RM020,2026-02-05,CALL,CONNECTED,CONTROLLED_SYNTHETIC
I0005482,SME001585,RM020,2025-09-16,MEETING,CONNECTED,CONTROLLED_SYNTHETIC
I0005483,SME001586,RM008,2026-02-13,CALL,CONNECTED,CONTROLLED_SYNTHETIC
I0005484,SME001586,RM008,2025-08-23,SECURE_MESSAGE,FOLLOW_UP,CONTROLLED_SYNTHETIC
I0005485,SME001586,RM008,2025-11-14,CALL,NO_RESPONSE,CONTROLLED_SYNTHETIC
I0005486,SME001586,RM008,2025-11-06,CALL,CONNECTED,CONTROLLED_SYNTHETIC
I0005487,SME001587,RM044,2025-09-19,CALL,NO_RESPONSE,CONTROLLED_SYNTHETIC
I0005488,SME001587,RM044,2025-12-05,MEETING,CONNECTED,CONTROLLED_SYNTHETIC
I0005489,SME001587,RM044,2026-05-15,MEETING,NO_RESPONSE,CONTROLLED_SYNTHETIC
I0005490,SME001588,RM030,2025-10-03,SECURE_MESSAGE,NO_RESPONSE,CONTROLLED_SYNTHETIC
I0005491,SME001588,RM030,2026-04-11,MEETING,FOLLOW_UP,CONTROLLED_SYNTHETIC
I0005492,SME001588,RM030,2025-11-22,CALL,CONNECTED,CONTROLLED_SYNTHETIC
I0005493,SME001589,RM022,2026-05-04,CALL,CONNECTED,CONTROLLED_SYNTHETIC
I0005494,SME001590,RM007,2025-09-16,MEETING,NO_RESPONSE,CONTROLLED_SYNTHETIC
I0005495,SME001591,RM019,2026-01-25,MEETING,CONNECTED,CONTROLLED_SYNTHETIC
I0005496,SME001591,RM019,2025-10-15,BRANCH,CONNECTED,CONTROLLED_SYNTHETIC
I0005497,SME001591,RM019,2026-07-27,CALL,NO_RESPONSE,CONTROLLED_SYNTHETIC
I0005498,SME001591,RM019,2025-12-09,CALL,FOLLOW_UP,CONTROLLED_SYNTHETIC
I0005499,SME001591,RM019,2026-02-10,CALL,NO_RESPONSE,CONTROLLED_SYNTHETIC
I0005500,SME001591,RM019,2025-09-16,CALL,NO_RESPONSE,CONTROLLED_SYNTHETIC
I0005501,SME001592,RM037,2026-05-23,CALL,FOLLOW_UP,CONTROLLED_SYNTHETIC
I0005502,SME001592,RM037,2026-01-07,BRANCH,FOLLOW_UP,CONTROLLED_SYNTHETIC
I0005503,SME001592,RM037,2026-03-11,MEETING,CONNECTED,CONTROLLED_SYNTHETIC
I0005504,SME001593,RM029,2026-01-26,MEETING,CONNECTED,CONTROLLED_SYNTHETIC
I0005505,SME001593,RM029,2025-09-04,SECURE_MESSAGE,FOLLOW_UP,CONTROLLED_SYNTHETIC
I0005506,SME001593,RM029,2026-08-13,BRANCH,CONNECTED,CONTROLLED_SYNTHETIC
I0005507,SME001594,RM017,2025-10-25,BRANCH,CONNECTED,CONTROLLED_SYNTHETIC
I0005508,SME001594,RM017,2025-10-19,SECURE_MESSAGE,CONNECTED,CONTROLLED_SYNTHETIC
I0005509,SME001594,RM017,2026-02-09,BRANCH,CONNECTED,CONTROLLED_SYNTHETIC
I0005510,SME001595,RM019,2026-03-14,MEETING,CONNECTED,CONTROLLED_SYNTHETIC
I0005511,SME001595,RM019,2026-08-18,CALL,CONNECTED,CONTROLLED_SYNTHETIC
I0005512,SME001595,RM019,2026-03-14,BRANCH,FOLLOW_UP,CONTROLLED_SYNTHETIC
I0005513,SME001595,RM019,2026-06-19,SECURE_MESSAGE,CONNECTED,CONTROLLED_SYNTHETIC
I0005514,SME001596,RM024,2026-02-26,BRANCH,FOLLOW_UP,CONTROLLED_SYNTHETIC
I0005515,SME001596,RM024,2026-06-09,BRANCH,FOLLOW_UP,CONTROLLED_SYNTHETIC
I0005516,SME001596,RM024,2025-08-26,SECURE_MESSAGE,NO_RESPONSE,CONTROLLED_SYNTHETIC
I0005517,SME001596,RM024,2026-07-09,MEETING,CONNECTED,CONTROLLED_SYNTHETIC
I0005518,SME001596,RM024,2025-11-18,BRANCH,FOLLOW_UP,CONTROLLED_SYNTHETIC
I0005519,SME001596,RM024,2026-01-02,BRANCH,CONNECTED,CONTROLLED_SYNTHETIC
I0005520,SME001597,RM022,2025-11-19,CALL,FOLLOW_UP,CONTROLLED_SYNTHETIC
I0005521,SME001597,RM022,2025-10-28,CALL,NEEDS_REVIEW,CONTROLLED_SYNTHETIC
I0005522,SME001597,RM022,2026-07-05,BRANCH,NEEDS_REVIEW,CONTROLLED_SYNTHETIC
I0005523,SME001597,RM022,2025-09-29,SECURE_MESSAGE,NEEDS_REVIEW,CONTROLLED_SYNTHETIC
I0005524,SME001597,RM022,2026-06-16,SECURE_MESSAGE,FOLLOW_UP,CONTROLLED_SYNTHETIC
I0005525,SME001598,RM031,2025-10-25,MEETING,FOLLOW_UP,CONTROLLED_SYNTHETIC
I0005526,SME001598,RM031,2026-08-18,SECURE_MESSAGE,NO_RESPONSE,CONTROLLED_SYNTHETIC
I0005527,SME001598,RM031,2026-05-21,SECURE_MESSAGE,CONNECTED,CONTROLLED_SYNTHETIC
I0005528,SME001598,RM031,2026-01-05,SECURE_MESSAGE,FOLLOW_UP,CONTROLLED_SYNTHETIC
I0005529,SME001598,RM031,2025-11-10,BRANCH,FOLLOW_UP,CONTROLLED_SYNTHETIC
I0005530,SME001599,RM002,2025-09-19,SECURE_MESSAGE,FOLLOW_UP,CONTROLLED_SYNTHETIC
I0005531,SME001599,RM002,2025-11-04,BRANCH,NO_RESPONSE,CONTROLLED_SYNTHETIC
I0005532,SME001599,RM002,2025-09-13,CALL,NO_RESPONSE,CONTROLLED_SYNTHETIC
I0005533,SME001599,RM002,2026-06-19,SECURE_MESSAGE,NO_RESPONSE,CONTROLLED_SYNTHETIC
I0005534,SME001600,RM006,2026-03-21,BRANCH,CONNECTED,CONTROLLED_SYNTHETIC
I0005535,SME001601,RM046,2026-07-07,SECURE_MESSAGE,FOLLOW_UP,CONTROLLED_SYNTHETIC
I0005536,SME001601,RM046,2026-07-30,BRANCH,CONNECTED,CONTROLLED_SYNTHETIC
I0005537,SME001601,RM046,2026-07-04,CALL,FOLLOW_UP,CONTROLLED_SYNTHETIC
I0005538,SME001601,RM046,2026-04-01,BRANCH,NEEDS_REVIEW,CONTROLLED_SYNTHETIC
I0005539,SME001602,RM047,2025-12-03,BRANCH,FOLLOW_UP,CONTROLLED_SYNTHETIC
I0005540,SME001602,RM047,2026-07-26,BRANCH,NO_RESPONSE,CONTROLLED_SYNTHETIC
I0005541,SME001603,RM015,2026-04-20,CALL,CONNECTED,CONTROLLED_SYNTHETIC
I0005542,SME001603,RM015,2025-11-29,SECURE_MESSAGE,NO_RESPONSE,CONTROLLED_SYNTHETIC
I0005543,SME001603,RM015,2026-02-22,CALL,CONNECTED,CONTROLLED_SYNTHETIC
I0005544,SME001603,RM015,2026-05-21,SECURE_MESSAGE,NEEDS_REVIEW,CONTROLLED_SYNTHETIC
I0005545,SME001603,RM015,2026-04-22,SECURE_MESSAGE,CONNECTED,CONTROLLED_SYNTHETIC
I0005546,SME001603,RM015,2026-01-13,MEETING,NO_RESPONSE,CONTROLLED_SYNTHETIC
I0005547,SME001604,RM001,2026-03-15,SECURE_MESSAGE,NEEDS_REVIEW,CONTROLLED_SYNTHETIC
I0005548,SME001604,RM001,2026-07-16,BRANCH,FOLLOW_UP,CONTROLLED_SYNTHETIC
I0005549,SME001604,RM001,2026-05-24,SECURE_MESSAGE,CONNECTED,CONTROLLED_SYNTHETIC
I0005550,SME001604,RM001,2025-11-29,SECURE_MESSAGE,NEEDS_REVIEW,CONTROLLED_SYNTHETIC
I0005551,SME001605,RM022,2026-06-22,SECURE_MESSAGE,CONNECTED,CONTROLLED_SYNTHETIC
I0005552,SME001605,RM022,2025-09-01,MEETING,NEEDS_REVIEW,CONTROLLED_SYNTHETIC
I0005553,SME001605,RM022,2025-12-29,MEETING,CONNECTED,CONTROLLED_SYNTHETIC
I0005554,SME001605,RM022,2025-10-14,BRANCH,NO_RESPONSE,CONTROLLED_SYNTHETIC
I0005555,SME001605,RM022,2026-04-27,SECURE_MESSAGE,CONNECTED,CONTROLLED_SYNTHETIC
I0005556,SME001605,RM022,2025-12-21,SECURE_MESSAGE,CONNECTED,CONTROLLED_SYNTHETIC
I0005557,SME001606,RM011,2025-11-05,BRANCH,FOLLOW_UP,CONTROLLED_SYNTHETIC
I0005558,SME001606,RM011,2026-05-16,BRANCH,CONNECTED,CONTROLLED_SYNTHETIC
I0005559,SME001606,RM011,2025-08-22,BRANCH,FOLLOW_UP,CONTROLLED_SYNTHETIC
I0005560,SME001606,RM011,2025-09-27,BRANCH,CONNECTED,CONTROLLED_SYNTHETIC
I0005561,SME001606,RM011,2025-09-08,CALL,NEEDS_REVIEW,CONTROLLED_SYNTHETIC
I0005562,SME001607,RM023,2025-10-22,SECURE_MESSAGE,CONNECTED,CONTROLLED_SYNTHETIC
I0005563,SME001607,RM023,2025-10-05,SECURE_MESSAGE,CONNECTED,CONTROLLED_SYNTHETIC
I0005564,SME001607,RM023,2025-12-18,MEETING,FOLLOW_UP,CONTROLLED_SYNTHETIC
I0005565,SME001607,RM023,2026-02-04,SECURE_MESSAGE,FOLLOW_UP,CONTROLLED_SYNTHETIC
I0005566,SME001607,RM023,2026-07-21,SECURE_MESSAGE,FOLLOW_UP,CONTROLLED_SYNTHETIC
I0005567,SME001608,RM012,2026-04-28,MEETING,FOLLOW_UP,CONTROLLED_SYNTHETIC
I0005568,SME001608,RM012,2026-06-12,MEETING,NO_RESPONSE,CONTROLLED_SYNTHETIC
I0005569,SME001608,RM012,2025-09-04,SECURE_MESSAGE,NEEDS_REVIEW,CONTROLLED_SYNTHETIC
I0005570,SME001608,RM012,2026-05-12,SECURE_MESSAGE,NO_RESPONSE,CONTROLLED_SYNTHETIC
I0005571,SME001608,RM012,2026-05-10,SECURE_MESSAGE,NO_RESPONSE,CONTROLLED_SYNTHETIC
I0005572,SME001608,RM012,2026-05-25,CALL,FOLLOW_UP,CONTROLLED_SYNTHETIC
I0005573,SME001609,RM013,2026-06-18,CALL,NO_RESPONSE,CONTROLLED_SYNTHETIC
I0005574,SME001609,RM013,2026-01-01,BRANCH,CONNECTED,CONTROLLED_SYNTHETIC
I0005575,SME001610,RM047,2026-07-26,MEETING,FOLLOW_UP,CONTROLLED_SYNTHETIC
I0005576,SME001610,RM047,2025-08-28,BRANCH,FOLLOW_UP,CONTROLLED_SYNTHETIC
I0005577,SME001610,RM047,2026-02-11,CALL,NO_RESPONSE,CONTROLLED_SYNTHETIC
I0005578,SME001610,RM047,2025-08-29,MEETING,FOLLOW_UP,CONTROLLED_SYNTHETIC
I0005579,SME001611,RM007,2026-03-10,MEETING,FOLLOW_UP,CONTROLLED_SYNTHETIC
I0005580,SME001611,RM007,2026-01-27,MEETING,NO_RESPONSE,CONTROLLED_SYNTHETIC
I0005581,SME001612,RM004,2026-03-20,MEETING,CONNECTED,CONTROLLED_SYNTHETIC
I0005582,SME001612,RM004,2025-12-18,MEETING,CONNECTED,CONTROLLED_SYNTHETIC
I0005583,SME001612,RM004,2026-02-10,MEETING,FOLLOW_UP,CONTROLLED_SYNTHETIC
I0005584,SME001612,RM004,2026-05-31,BRANCH,CONNECTED,CONTROLLED_SYNTHETIC
I0005585,SME001613,RM047,2026-08-06,SECURE_MESSAGE,CONNECTED,CONTROLLED_SYNTHETIC
I0005586,SME001613,RM047,2025-11-28,MEETING,NO_RESPONSE,CONTROLLED_SYNTHETIC
I0005587,SME001613,RM047,2025-10-08,BRANCH,CONNECTED,CONTROLLED_SYNTHETIC
I0005588,SME001613,RM047,2025-11-12,CALL,FOLLOW_UP,CONTROLLED_SYNTHETIC
I0005589,SME001613,RM047,2026-03-09,BRANCH,NEEDS_REVIEW,CONTROLLED_SYNTHETIC
I0005590,SME001614,RM041,2026-06-16,MEETING,FOLLOW_UP,CONTROLLED_SYNTHETIC
I0005591,SME001615,RM035,2025-09-14,BRANCH,CONNECTED,CONTROLLED_SYNTHETIC
I0005592,SME001616,RM019,2026-03-25,CALL,CONNECTED,CONTROLLED_SYNTHETIC
I0005593,SME001616,RM019,2026-03-20,MEETING,NEEDS_REVIEW,CONTROLLED_SYNTHETIC
I0005594,SME001616,RM019,2025-08-23,MEETING,NO_RESPONSE,CONTROLLED_SYNTHETIC
I0005595,SME001616,RM019,2025-08-27,BRANCH,FOLLOW_UP,CONTROLLED_SYNTHETIC
I0005596,SME001617,RM038,2025-08-22,SECURE_MESSAGE,FOLLOW_UP,CONTROLLED_SYNTHETIC
I0005597,SME001617,RM038,2025-12-27,CALL,CONNECTED,CONTROLLED_SYNTHETIC
I0005598,SME001617,RM038,2025-11-06,BRANCH,CONNECTED,CONTROLLED_SYNTHETIC
I0005599,SME001617,RM038,2026-01-29,BRANCH,CONNECTED,CONTROLLED_SYNTHETIC
I0005600,SME001617,RM038,2026-02-28,BRANCH,CONNECTED,CONTROLLED_SYNTHETIC
I0005601,SME001617,RM038,2025-11-03,SECURE_MESSAGE,CONNECTED,CONTROLLED_SYNTHETIC
I0005602,SME001618,RM012,2026-03-07,BRANCH,FOLLOW_UP,CONTROLLED_SYNTHETIC
I0005603,SME001618,RM012,2025-10-09,BRANCH,CONNECTED,CONTROLLED_SYNTHETIC
I0005604,SME001618,RM012,2026-01-03,MEETING,CONNECTED,CONTROLLED_SYNTHETIC
I0005605,SME001618,RM012,2026-03-23,CALL,CONNECTED,CONTROLLED_SYNTHETIC
I0005606,SME001619,RM036,2026-06-11,MEETING,CONNECTED,CONTROLLED_SYNTHETIC
I0005607,SME001619,RM036,2026-02-20,SECURE_MESSAGE,CONNECTED,CONTROLLED_SYNTHETIC
I0005608,SME001619,RM036,2026-02-06,CALL,FOLLOW_UP,CONTROLLED_SYNTHETIC
I0005609,SME001619,RM036,2026-07-18,MEETING,CONNECTED,CONTROLLED_SYNTHETIC
I0005610,SME001620,RM021,2025-11-24,CALL,CONNECTED,CONTROLLED_SYNTHETIC
I0005611,SME001620,RM021,2026-07-10,SECURE_MESSAGE,CONNECTED,CONTROLLED_SYNTHETIC
I0005612,SME001620,RM021,2025-12-01,BRANCH,CONNECTED,CONTROLLED_SYNTHETIC
I0005613,SME001621,RM027,2025-09-30,MEETING,FOLLOW_UP,CONTROLLED_SYNTHETIC
I0005614,SME001621,RM027,2026-01-15,SECURE_MESSAGE,CONNECTED,CONTROLLED_SYNTHETIC
I0005615,SME001621,RM027,2026-03-11,SECURE_MESSAGE,CONNECTED,CONTROLLED_SYNTHETIC
I0005616,SME001621,RM027,2025-09-20,MEETING,CONNECTED,CONTROLLED_SYNTHETIC
I0005617,SME001621,RM027,2025-09-20,CALL,FOLLOW_UP,CONTROLLED_SYNTHETIC
I0005618,SME001622,RM035,2026-04-11,MEETING,FOLLOW_UP,CONTROLLED_SYNTHETIC
I0005619,SME001622,RM035,2025-11-01,MEETING,CONNECTED,CONTROLLED_SYNTHETIC
I0005620,SME001622,RM035,2026-01-04,CALL,NO_RESPONSE,CONTROLLED_SYNTHETIC
I0005621,SME001622,RM035,2026-08-06,CALL,FOLLOW_UP,CONTROLLED_SYNTHETIC
I0005622,SME001622,RM035,2026-08-16,SECURE_MESSAGE,FOLLOW_UP,CONTROLLED_SYNTHETIC
I0005623,SME001622,RM035,2026-01-27,BRANCH,NO_RESPONSE,CONTROLLED_SYNTHETIC
I0005624,SME001623,RM011,2026-03-20,SECURE_MESSAGE,CONNECTED,CONTROLLED_SYNTHETIC
I0005625,SME001623,RM011,2026-04-25,MEETING,CONNECTED,CONTROLLED_SYNTHETIC
I0005626,SME001624,RM020,2026-03-11,BRANCH,NO_RESPONSE,CONTROLLED_SYNTHETIC
I0005627,SME001624,RM020,2025-12-29,SECURE_MESSAGE,FOLLOW_UP,CONTROLLED_SYNTHETIC
I0005628,SME001624,RM020,2026-06-05,CALL,CONNECTED,CONTROLLED_SYNTHETIC
I0005629,SME001624,RM020,2026-05-24,MEETING,NEEDS_REVIEW,CONTROLLED_SYNTHETIC
I0005630,SME001624,RM020,2026-06-30,SECURE_MESSAGE,FOLLOW_UP,CONTROLLED_SYNTHETIC
I0005631,SME001624,RM020,2025-12-02,MEETING,CONNECTED,CONTROLLED_SYNTHETIC
I0005632,SME001625,RM029,2026-04-11,SECURE_MESSAGE,NO_RESPONSE,CONTROLLED_SYNTHETIC
I0005633,SME001625,RM029,2025-12-28,MEETING,FOLLOW_UP,CONTROLLED_SYNTHETIC
I0005634,SME001625,RM029,2026-08-08,SECURE_MESSAGE,NEEDS_REVIEW,CONTROLLED_SYNTHETIC
I0005635,SME001625,RM029,2025-11-02,CALL,CONNECTED,CONTROLLED_SYNTHETIC
I0005636,SME001625,RM029,2026-05-11,BRANCH,CONNECTED,CONTROLLED_SYNTHETIC
I0005637,SME001626,RM033,2026-02-22,BRANCH,FOLLOW_UP,CONTROLLED_SYNTHETIC
I0005638,SME001626,RM033,2026-01-17,CALL,FOLLOW_UP,CONTROLLED_SYNTHETIC
I0005639,SME001626,RM033,2025-12-13,CALL,CONNECTED,CONTROLLED_SYNTHETIC
I0005640,SME001627,RM016,2026-02-08,BRANCH,NO_RESPONSE,CONTROLLED_SYNTHETIC
I0005641,SME001628,RM030,2025-12-09,SECURE_MESSAGE,NO_RESPONSE,CONTROLLED_SYNTHETIC
I0005642,SME001628,RM030,2025-12-10,CALL,CONNECTED,CONTROLLED_SYNTHETIC
I0005643,SME001628,RM030,2026-06-21,BRANCH,CONNECTED,CONTROLLED_SYNTHETIC
I0005644,SME001629,RM018,2026-02-01,BRANCH,CONNECTED,CONTROLLED_SYNTHETIC
I0005645,SME001629,RM018,2025-10-21,CALL,NO_RESPONSE,CONTROLLED_SYNTHETIC
I0005646,SME001629,RM018,2025-10-01,BRANCH,CONNECTED,CONTROLLED_SYNTHETIC
I0005647,SME001629,RM018,2025-10-16,CALL,CONNECTED,CONTROLLED_SYNTHETIC
I0005648,SME001629,RM018,2026-02-13,MEETING,NO_RESPONSE,CONTROLLED_SYNTHETIC
I0005649,SME001630,RM015,2026-08-10,SECURE_MESSAGE,NO_RESPONSE,CONTROLLED_SYNTHETIC
I0005650,SME001630,RM015,2025-09-12,MEETING,CONNECTED,CONTROLLED_SYNTHETIC
I0005651,SME001630,RM015,2025-08-28,MEETING,FOLLOW_UP,CONTROLLED_SYNTHETIC
I0005652,SME001630,RM015,2026-07-29,CALL,NO_RESPONSE,CONTROLLED_SYNTHETIC
I0005653,SME001631,RM032,2025-12-08,SECURE_MESSAGE,CONNECTED,CONTROLLED_SYNTHETIC
I0005654,SME001631,RM032,2025-11-06,CALL,CONNECTED,CONTROLLED_SYNTHETIC
I0005655,SME001631,RM032,2025-10-21,BRANCH,NEEDS_REVIEW,CONTROLLED_SYNTHETIC
I0005656,SME001631,RM032,2025-10-03,SECURE_MESSAGE,FOLLOW_UP,CONTROLLED_SYNTHETIC
I0005657,SME001631,RM032,2025-08-30,SECURE_MESSAGE,FOLLOW_UP,CONTROLLED_SYNTHETIC
I0005658,SME001632,RM021,2026-03-26,BRANCH,FOLLOW_UP,CONTROLLED_SYNTHETIC
I0005659,SME001632,RM021,2025-12-14,BRANCH,NEEDS_REVIEW,CONTROLLED_SYNTHETIC
I0005660,SME001632,RM021,2026-02-13,MEETING,CONNECTED,CONTROLLED_SYNTHETIC
I0005661,SME001632,RM021,2025-12-16,MEETING,CONNECTED,CONTROLLED_SYNTHETIC
I0005662,SME001632,RM021,2025-10-15,CALL,CONNECTED,CONTROLLED_SYNTHETIC
I0005663,SME001633,RM047,2026-06-10,MEETING,FOLLOW_UP,CONTROLLED_SYNTHETIC
I0005664,SME001633,RM047,2026-07-23,MEETING,NO_RESPONSE,CONTROLLED_SYNTHETIC
I0005665,SME001634,RM005,2026-03-04,BRANCH,CONNECTED,CONTROLLED_SYNTHETIC
I0005666,SME001635,RM015,2026-03-22,MEETING,NEEDS_REVIEW,CONTROLLED_SYNTHETIC
I0005667,SME001635,RM015,2025-11-06,SECURE_MESSAGE,NO_RESPONSE,CONTROLLED_SYNTHETIC
I0005668,SME001636,RM021,2025-11-28,MEETING,NO_RESPONSE,CONTROLLED_SYNTHETIC
I0005669,SME001636,RM021,2025-09-04,CALL,NO_RESPONSE,CONTROLLED_SYNTHETIC
I0005670,SME001637,RM034,2025-12-24,MEETING,NO_RESPONSE,CONTROLLED_SYNTHETIC
I0005671,SME001637,RM034,2026-02-16,SECURE_MESSAGE,CONNECTED,CONTROLLED_SYNTHETIC
I0005672,SME001637,RM034,2026-01-22,BRANCH,CONNECTED,CONTROLLED_SYNTHETIC
I0005673,SME001637,RM034,2026-01-20,SECURE_MESSAGE,CONNECTED,CONTROLLED_SYNTHETIC
I0005674,SME001637,RM034,2026-05-29,SECURE_MESSAGE,CONNECTED,CONTROLLED_SYNTHETIC
I0005675,SME001638,RM006,2025-10-12,MEETING,CONNECTED,CONTROLLED_SYNTHETIC
I0005676,SME001639,RM034,2025-11-24,MEETING,CONNECTED,CONTROLLED_SYNTHETIC
I0005677,SME001639,RM034,2026-06-05,MEETING,CONNECTED,CONTROLLED_SYNTHETIC
I0005678,SME001640,RM035,2025-09-05,MEETING,FOLLOW_UP,CONTROLLED_SYNTHETIC
I0005679,SME001641,RM022,2026-05-09,MEETING,NO_RESPONSE,CONTROLLED_SYNTHETIC
I0005680,SME001641,RM022,2026-03-17,BRANCH,CONNECTED,CONTROLLED_SYNTHETIC
I0005681,SME001641,RM022,2025-08-23,CALL,CONNECTED,CONTROLLED_SYNTHETIC
I0005682,SME001641,RM022,2026-02-09,MEETING,FOLLOW_UP,CONTROLLED_SYNTHETIC
I0005683,SME001641,RM022,2026-06-06,BRANCH,NO_RESPONSE,CONTROLLED_SYNTHETIC
I0005684,SME001642,RM036,2026-02-05,BRANCH,FOLLOW_UP,CONTROLLED_SYNTHETIC
I0005685,SME001642,RM036,2026-05-06,CALL,CONNECTED,CONTROLLED_SYNTHETIC
I0005686,SME001642,RM036,2026-05-25,BRANCH,FOLLOW_UP,CONTROLLED_SYNTHETIC
I0005687,SME001642,RM036,2026-08-18,MEETING,FOLLOW_UP,CONTROLLED_SYNTHETIC
I0005688,SME001642,RM036,2026-08-12,MEETING,FOLLOW_UP,CONTROLLED_SYNTHETIC
I0005689,SME001643,RM042,2026-03-28,BRANCH,CONNECTED,CONTROLLED_SYNTHETIC
I0005690,SME001643,RM042,2026-04-17,MEETING,CONNECTED,CONTROLLED_SYNTHETIC
I0005691,SME001643,RM042,2026-04-21,BRANCH,FOLLOW_UP,CONTROLLED_SYNTHETIC
I0005692,SME001643,RM042,2026-01-11,SECURE_MESSAGE,FOLLOW_UP,CONTROLLED_SYNTHETIC
I0005693,SME001644,RM010,2025-11-02,MEETING,NO_RESPONSE,CONTROLLED_SYNTHETIC
I0005694,SME001644,RM010,2025-09-09,CALL,FOLLOW_UP,CONTROLLED_SYNTHETIC
I0005695,SME001645,RM008,2026-07-09,MEETING,NO_RESPONSE,CONTROLLED_SYNTHETIC
I0005696,SME001645,RM008,2026-06-07,BRANCH,CONNECTED,CONTROLLED_SYNTHETIC
I0005697,SME001645,RM008,2026-02-23,MEETING,FOLLOW_UP,CONTROLLED_SYNTHETIC
I0005698,SME001646,RM029,2026-05-25,MEETING,CONNECTED,CONTROLLED_SYNTHETIC
I0005699,SME001647,RM041,2026-03-17,MEETING,CONNECTED,CONTROLLED_SYNTHETIC
I0005700,SME001647,RM041,2026-06-08,SECURE_MESSAGE,NO_RESPONSE,CONTROLLED_SYNTHETIC
I0005701,SME001647,RM041,2026-01-02,SECURE_MESSAGE,CONNECTED,CONTROLLED_SYNTHETIC
I0005702,SME001648,RM008,2025-11-29,MEETING,NO_RESPONSE,CONTROLLED_SYNTHETIC
I0005703,SME001648,RM008,2026-06-07,MEETING,CONNECTED,CONTROLLED_SYNTHETIC
I0005704,SME001648,RM008,2026-03-27,SECURE_MESSAGE,FOLLOW_UP,CONTROLLED_SYNTHETIC
I0005705,SME001649,RM008,2026-01-13,CALL,NEEDS_REVIEW,CONTROLLED_SYNTHETIC
I0005706,SME001649,RM008,2026-04-02,CALL,CONNECTED,CONTROLLED_SYNTHETIC
I0005707,SME001649,RM008,2025-10-07,CALL,FOLLOW_UP,CONTROLLED_SYNTHETIC
I0005708,SME001649,RM008,2026-01-01,SECURE_MESSAGE,CONNECTED,CONTROLLED_SYNTHETIC
I0005709,SME001650,RM015,2025-11-26,BRANCH,CONNECTED,CONTROLLED_SYNTHETIC
I0005710,SME001650,RM015,2025-09-22,MEETING,CONNECTED,CONTROLLED_SYNTHETIC
I0005711,SME001651,RM043,2025-11-16,SECURE_MESSAGE,CONNECTED,CONTROLLED_SYNTHETIC
I0005712,SME001651,RM043,2026-04-04,BRANCH,NO_RESPONSE,CONTROLLED_SYNTHETIC
I0005713,SME001652,RM009,2026-04-29,MEETING,CONNECTED,CONTROLLED_SYNTHETIC
I0005714,SME001653,RM015,2025-10-27,CALL,FOLLOW_UP,CONTROLLED_SYNTHETIC
I0005715,SME001653,RM015,2025-09-19,BRANCH,NO_RESPONSE,CONTROLLED_SYNTHETIC
I0005716,SME001653,RM015,2025-12-25,CALL,NO_RESPONSE,CONTROLLED_SYNTHETIC
I0005717,SME001653,RM015,2025-12-07,MEETING,NO_RESPONSE,CONTROLLED_SYNTHETIC
I0005718,SME001653,RM015,2025-11-17,CALL,NO_RESPONSE,CONTROLLED_SYNTHETIC
I0005719,SME001653,RM015,2026-04-21,CALL,NEEDS_REVIEW,CONTROLLED_SYNTHETIC
I0005720,SME001654,RM006,2026-01-06,SECURE_MESSAGE,FOLLOW_UP,CONTROLLED_SYNTHETIC
I0005721,SME001655,RM022,2025-11-15,SECURE_MESSAGE,CONNECTED,CONTROLLED_SYNTHETIC
I0005722,SME001655,RM022,2025-11-14,MEETING,FOLLOW_UP,CONTROLLED_SYNTHETIC
I0005723,SME001655,RM022,2026-07-28,BRANCH,CONNECTED,CONTROLLED_SYNTHETIC
I0005724,SME001655,RM022,2026-01-12,BRANCH,FOLLOW_UP,CONTROLLED_SYNTHETIC
I0005725,SME001656,RM008,2026-02-24,SECURE_MESSAGE,NO_RESPONSE,CONTROLLED_SYNTHETIC
I0005726,SME001656,RM008,2026-06-18,CALL,CONNECTED,CONTROLLED_SYNTHETIC
I0005727,SME001656,RM008,2026-02-22,MEETING,FOLLOW_UP,CONTROLLED_SYNTHETIC
I0005728,SME001656,RM008,2026-02-23,BRANCH,NO_RESPONSE,CONTROLLED_SYNTHETIC
I0005729,SME001657,RM007,2025-10-27,BRANCH,CONNECTED,CONTROLLED_SYNTHETIC
I0005730,SME001657,RM007,2025-09-07,CALL,CONNECTED,CONTROLLED_SYNTHETIC
I0005731,SME001658,RM009,2026-02-02,BRANCH,CONNECTED,CONTROLLED_SYNTHETIC
I0005732,SME001658,RM009,2025-10-25,SECURE_MESSAGE,NEEDS_REVIEW,CONTROLLED_SYNTHETIC
I0005733,SME001659,RM031,2025-08-31,SECURE_MESSAGE,CONNECTED,CONTROLLED_SYNTHETIC
I0005734,SME001660,RM011,2025-11-27,CALL,NO_RESPONSE,CONTROLLED_SYNTHETIC
I0005735,SME001660,RM011,2026-06-13,SECURE_MESSAGE,FOLLOW_UP,CONTROLLED_SYNTHETIC
I0005736,SME001660,RM011,2025-12-07,CALL,NO_RESPONSE,CONTROLLED_SYNTHETIC
I0005737,SME001660,RM011,2025-11-12,SECURE_MESSAGE,CONNECTED,CONTROLLED_SYNTHETIC
I0005738,SME001661,RM010,2026-01-02,MEETING,NO_RESPONSE,CONTROLLED_SYNTHETIC
I0005739,SME001661,RM010,2026-01-12,MEETING,FOLLOW_UP,CONTROLLED_SYNTHETIC
I0005740,SME001661,RM010,2026-05-01,SECURE_MESSAGE,FOLLOW_UP,CONTROLLED_SYNTHETIC
I0005741,SME001661,RM010,2026-06-14,SECURE_MESSAGE,CONNECTED,CONTROLLED_SYNTHETIC
I0005742,SME001661,RM010,2025-08-22,MEETING,NO_RESPONSE,CONTROLLED_SYNTHETIC
I0005743,SME001662,RM036,2025-11-26,MEETING,NEEDS_REVIEW,CONTROLLED_SYNTHETIC
I0005744,SME001663,RM035,2025-08-21,CALL,CONNECTED,CONTROLLED_SYNTHETIC
I0005745,SME001663,RM035,2026-01-05,MEETING,FOLLOW_UP,CONTROLLED_SYNTHETIC
I0005746,SME001663,RM035,2026-08-03,SECURE_MESSAGE,FOLLOW_UP,CONTROLLED_SYNTHETIC
I0005747,SME001663,RM035,2026-05-21,BRANCH,NO_RESPONSE,CONTROLLED_SYNTHETIC
I0005748,SME001663,RM035,2025-10-21,MEETING,FOLLOW_UP,CONTROLLED_SYNTHETIC
I0005749,SME001663,RM035,2025-12-11,SECURE_MESSAGE,NO_RESPONSE,CONTROLLED_SYNTHETIC
I0005750,SME001664,RM012,2026-01-11,SECURE_MESSAGE,CONNECTED,CONTROLLED_SYNTHETIC
I0005751,SME001664,RM012,2025-11-25,BRANCH,FOLLOW_UP,CONTROLLED_SYNTHETIC
I0005752,SME001664,RM012,2026-01-07,CALL,NO_RESPONSE,CONTROLLED_SYNTHETIC
I0005753,SME001664,RM012,2026-01-27,CALL,CONNECTED,CONTROLLED_SYNTHETIC
I0005754,SME001665,RM037,2026-04-03,MEETING,FOLLOW_UP,CONTROLLED_SYNTHETIC
I0005755,SME001665,RM037,2026-01-21,MEETING,CONNECTED,CONTROLLED_SYNTHETIC
I0005756,SME001666,RM047,2026-07-30,BRANCH,CONNECTED,CONTROLLED_SYNTHETIC
I0005757,SME001666,RM047,2025-10-10,SECURE_MESSAGE,FOLLOW_UP,CONTROLLED_SYNTHETIC
I0005758,SME001666,RM047,2025-09-19,CALL,CONNECTED,CONTROLLED_SYNTHETIC
I0005759,SME001666,RM047,2026-07-18,CALL,NO_RESPONSE,CONTROLLED_SYNTHETIC
I0005760,SME001667,RM037,2025-10-19,MEETING,CONNECTED,CONTROLLED_SYNTHETIC
I0005761,SME001668,RM010,2026-06-20,CALL,FOLLOW_UP,CONTROLLED_SYNTHETIC
I0005762,SME001668,RM010,2025-10-13,CALL,FOLLOW_UP,CONTROLLED_SYNTHETIC
I0005763,SME001669,RM007,2025-10-23,SECURE_MESSAGE,NEEDS_REVIEW,CONTROLLED_SYNTHETIC
I0005764,SME001669,RM007,2025-09-10,MEETING,CONNECTED,CONTROLLED_SYNTHETIC
I0005765,SME001670,RM030,2026-02-20,MEETING,NO_RESPONSE,CONTROLLED_SYNTHETIC
I0005766,SME001670,RM030,2025-12-12,CALL,CONNECTED,CONTROLLED_SYNTHETIC
I0005767,SME001670,RM030,2025-12-23,CALL,NO_RESPONSE,CONTROLLED_SYNTHETIC
I0005768,SME001670,RM030,2025-10-17,BRANCH,NO_RESPONSE,CONTROLLED_SYNTHETIC
I0005769,SME001671,RM010,2026-05-13,SECURE_MESSAGE,NO_RESPONSE,CONTROLLED_SYNTHETIC
I0005770,SME001671,RM010,2025-11-26,CALL,FOLLOW_UP,CONTROLLED_SYNTHETIC
I0005771,SME001671,RM010,2025-09-06,MEETING,CONNECTED,CONTROLLED_SYNTHETIC
I0005772,SME001672,RM034,2026-05-13,SECURE_MESSAGE,FOLLOW_UP,CONTROLLED_SYNTHETIC
I0005773,SME001672,RM034,2026-05-25,CALL,CONNECTED,CONTROLLED_SYNTHETIC
I0005774,SME001672,RM034,2026-07-11,SECURE_MESSAGE,FOLLOW_UP,CONTROLLED_SYNTHETIC
I0005775,SME001672,RM034,2026-04-20,CALL,FOLLOW_UP,CONTROLLED_SYNTHETIC
I0005776,SME001672,RM034,2026-07-22,SECURE_MESSAGE,CONNECTED,CONTROLLED_SYNTHETIC
I0005777,SME001672,RM034,2025-10-08,MEETING,FOLLOW_UP,CONTROLLED_SYNTHETIC
I0005778,SME001673,RM002,2026-06-10,CALL,CONNECTED,CONTROLLED_SYNTHETIC
I0005779,SME001673,RM002,2025-10-21,MEETING,NEEDS_REVIEW,CONTROLLED_SYNTHETIC
I0005780,SME001673,RM002,2026-06-29,CALL,CONNECTED,CONTROLLED_SYNTHETIC
I0005781,SME001673,RM002,2026-06-26,BRANCH,CONNECTED,CONTROLLED_SYNTHETIC
I0005782,SME001673,RM002,2025-09-13,BRANCH,CONNECTED,CONTROLLED_SYNTHETIC
I0005783,SME001674,RM029,2026-05-21,MEETING,FOLLOW_UP,CONTROLLED_SYNTHETIC
I0005784,SME001674,RM029,2026-05-02,MEETING,CONNECTED,CONTROLLED_SYNTHETIC
I0005785,SME001674,RM029,2026-02-10,SECURE_MESSAGE,CONNECTED,CONTROLLED_SYNTHETIC
I0005786,SME001674,RM029,2026-01-15,SECURE_MESSAGE,NO_RESPONSE,CONTROLLED_SYNTHETIC
I0005787,SME001674,RM029,2026-05-08,SECURE_MESSAGE,CONNECTED,CONTROLLED_SYNTHETIC
I0005788,SME001675,RM036,2025-10-06,SECURE_MESSAGE,NO_RESPONSE,CONTROLLED_SYNTHETIC
I0005789,SME001675,RM036,2026-04-29,CALL,FOLLOW_UP,CONTROLLED_SYNTHETIC
I0005790,SME001675,RM036,2026-04-15,MEETING,CONNECTED,CONTROLLED_SYNTHETIC
I0005791,SME001675,RM036,2025-08-27,MEETING,NEEDS_REVIEW,CONTROLLED_SYNTHETIC
I0005792,SME001675,RM036,2026-02-07,CALL,NEEDS_REVIEW,CONTROLLED_SYNTHETIC
I0005793,SME001676,RM030,2025-08-31,BRANCH,NO_RESPONSE,CONTROLLED_SYNTHETIC
I0005794,SME001676,RM030,2025-11-23,SECURE_MESSAGE,FOLLOW_UP,CONTROLLED_SYNTHETIC
I0005795,SME001676,RM030,2025-08-26,MEETING,CONNECTED,CONTROLLED_SYNTHETIC
I0005796,SME001676,RM030,2026-08-04,BRANCH,NO_RESPONSE,CONTROLLED_SYNTHETIC
I0005797,SME001677,RM033,2026-03-23,BRANCH,FOLLOW_UP,CONTROLLED_SYNTHETIC
I0005798,SME001678,RM030,2025-10-10,SECURE_MESSAGE,NO_RESPONSE,CONTROLLED_SYNTHETIC
I0005799,SME001678,RM030,2025-11-01,BRANCH,CONNECTED,CONTROLLED_SYNTHETIC
I0005800,SME001678,RM030,2025-09-07,SECURE_MESSAGE,NO_RESPONSE,CONTROLLED_SYNTHETIC
I0005801,SME001679,RM005,2025-11-08,BRANCH,FOLLOW_UP,CONTROLLED_SYNTHETIC
I0005802,SME001679,RM005,2026-08-11,SECURE_MESSAGE,FOLLOW_UP,CONTROLLED_SYNTHETIC
I0005803,SME001679,RM005,2025-12-18,MEETING,NO_RESPONSE,CONTROLLED_SYNTHETIC
I0005804,SME001679,RM005,2026-06-21,MEETING,NO_RESPONSE,CONTROLLED_SYNTHETIC
I0005805,SME001680,RM040,2026-04-14,SECURE_MESSAGE,NO_RESPONSE,CONTROLLED_SYNTHETIC
I0005806,SME001680,RM040,2025-10-14,MEETING,NO_RESPONSE,CONTROLLED_SYNTHETIC
I0005807,SME001680,RM040,2026-02-09,BRANCH,NO_RESPONSE,CONTROLLED_SYNTHETIC
I0005808,SME001680,RM040,2025-10-29,CALL,NO_RESPONSE,CONTROLLED_SYNTHETIC
I0005809,SME001680,RM040,2025-11-13,SECURE_MESSAGE,CONNECTED,CONTROLLED_SYNTHETIC
I0005810,SME001681,RM036,2026-04-24,MEETING,CONNECTED,CONTROLLED_SYNTHETIC
I0005811,SME001682,RM040,2025-09-07,MEETING,NEEDS_REVIEW,CONTROLLED_SYNTHETIC
I0005812,SME001682,RM040,2025-09-11,CALL,CONNECTED,CONTROLLED_SYNTHETIC
I0005813,SME001682,RM040,2025-10-02,BRANCH,NO_RESPONSE,CONTROLLED_SYNTHETIC
I0005814,SME001682,RM040,2026-06-23,BRANCH,NEEDS_REVIEW,CONTROLLED_SYNTHETIC
I0005815,SME001683,RM022,2025-09-18,SECURE_MESSAGE,CONNECTED,CONTROLLED_SYNTHETIC
I0005816,SME001683,RM022,2026-07-29,BRANCH,CONNECTED,CONTROLLED_SYNTHETIC
I0005817,SME001684,RM039,2026-01-14,SECURE_MESSAGE,CONNECTED,CONTROLLED_SYNTHETIC
I0005818,SME001684,RM039,2026-06-05,MEETING,CONNECTED,CONTROLLED_SYNTHETIC
I0005819,SME001684,RM039,2026-04-12,SECURE_MESSAGE,CONNECTED,CONTROLLED_SYNTHETIC
I0005820,SME001684,RM039,2025-09-30,CALL,FOLLOW_UP,CONTROLLED_SYNTHETIC
I0005821,SME001684,RM039,2026-06-07,BRANCH,CONNECTED,CONTROLLED_SYNTHETIC
I0005822,SME001685,RM015,2026-07-16,SECURE_MESSAGE,FOLLOW_UP,CONTROLLED_SYNTHETIC
I0005823,SME001685,RM015,2026-05-28,MEETING,NO_RESPONSE,CONTROLLED_SYNTHETIC
I0005824,SME001685,RM015,2025-11-28,BRANCH,CONNECTED,CONTROLLED_SYNTHETIC
I0005825,SME001685,RM015,2025-11-27,BRANCH,FOLLOW_UP,CONTROLLED_SYNTHETIC
I0005826,SME001685,RM015,2025-12-06,CALL,CONNECTED,CONTROLLED_SYNTHETIC
I0005827,SME001686,RM028,2025-10-11,SECURE_MESSAGE,NO_RESPONSE,CONTROLLED_SYNTHETIC
I0005828,SME001686,RM028,2026-04-20,SECURE_MESSAGE,CONNECTED,CONTROLLED_SYNTHETIC
I0005829,SME001687,RM033,2026-03-25,SECURE_MESSAGE,CONNECTED,CONTROLLED_SYNTHETIC
I0005830,SME001687,RM033,2026-02-26,BRANCH,NEEDS_REVIEW,CONTROLLED_SYNTHETIC
I0005831,SME001687,RM033,2025-09-01,MEETING,FOLLOW_UP,CONTROLLED_SYNTHETIC
I0005832,SME001687,RM033,2026-07-12,MEETING,NEEDS_REVIEW,CONTROLLED_SYNTHETIC
I0005833,SME001687,RM033,2026-05-21,BRANCH,FOLLOW_UP,CONTROLLED_SYNTHETIC
I0005834,SME001687,RM033,2025-10-20,MEETING,CONNECTED,CONTROLLED_SYNTHETIC
I0005835,SME001688,RM015,2025-09-22,SECURE_MESSAGE,FOLLOW_UP,CONTROLLED_SYNTHETIC
I0005836,SME001688,RM015,2026-04-04,BRANCH,CONNECTED,CONTROLLED_SYNTHETIC
I0005837,SME001688,RM015,2026-08-02,CALL,CONNECTED,CONTROLLED_SYNTHETIC
I0005838,SME001689,RM018,2026-04-01,SECURE_MESSAGE,NO_RESPONSE,CONTROLLED_SYNTHETIC
I0005839,SME001689,RM018,2025-12-30,SECURE_MESSAGE,NO_RESPONSE,CONTROLLED_SYNTHETIC
I0005840,SME001689,RM018,2026-02-21,BRANCH,CONNECTED,CONTROLLED_SYNTHETIC
I0005841,SME001690,RM031,2025-12-08,SECURE_MESSAGE,FOLLOW_UP,CONTROLLED_SYNTHETIC
I0005842,SME001690,RM031,2026-07-05,BRANCH,NO_RESPONSE,CONTROLLED_SYNTHETIC
I0005843,SME001691,RM036,2026-04-03,MEETING,FOLLOW_UP,CONTROLLED_SYNTHETIC
I0005844,SME001691,RM036,2025-09-30,BRANCH,CONNECTED,CONTROLLED_SYNTHETIC
I0005845,SME001691,RM036,2025-12-13,MEETING,FOLLOW_UP,CONTROLLED_SYNTHETIC
I0005846,SME001691,RM036,2025-11-23,BRANCH,CONNECTED,CONTROLLED_SYNTHETIC
I0005847,SME001692,RM041,2026-04-15,SECURE_MESSAGE,CONNECTED,CONTROLLED_SYNTHETIC
I0005848,SME001692,RM041,2025-10-26,CALL,CONNECTED,CONTROLLED_SYNTHETIC
I0005849,SME001692,RM041,2025-08-27,MEETING,FOLLOW_UP,CONTROLLED_SYNTHETIC
I0005850,SME001693,RM029,2025-08-24,BRANCH,NO_RESPONSE,CONTROLLED_SYNTHETIC
I0005851,SME001694,RM021,2025-09-19,MEETING,NO_RESPONSE,CONTROLLED_SYNTHETIC
I0005852,SME001694,RM021,2025-10-20,BRANCH,FOLLOW_UP,CONTROLLED_SYNTHETIC
I0005853,SME001694,RM021,2026-01-19,SECURE_MESSAGE,FOLLOW_UP,CONTROLLED_SYNTHETIC
I0005854,SME001694,RM021,2026-03-27,SECURE_MESSAGE,CONNECTED,CONTROLLED_SYNTHETIC
I0005855,SME001694,RM021,2025-09-08,CALL,CONNECTED,CONTROLLED_SYNTHETIC
I0005856,SME001694,RM021,2026-01-24,BRANCH,FOLLOW_UP,CONTROLLED_SYNTHETIC
I0005857,SME001695,RM002,2026-02-25,CALL,FOLLOW_UP,CONTROLLED_SYNTHETIC
I0005858,SME001695,RM002,2025-10-16,BRANCH,FOLLOW_UP,CONTROLLED_SYNTHETIC
I0005859,SME001695,RM002,2026-01-06,BRANCH,FOLLOW_UP,CONTROLLED_SYNTHETIC
I0005860,SME001695,RM002,2025-10-27,MEETING,NO_RESPONSE,CONTROLLED_SYNTHETIC
I0005861,SME001695,RM002,2026-07-07,BRANCH,CONNECTED,CONTROLLED_SYNTHETIC
I0005862,SME001696,RM036,2025-12-07,MEETING,NEEDS_REVIEW,CONTROLLED_SYNTHETIC
I0005863,SME001696,RM036,2026-03-12,SECURE_MESSAGE,CONNECTED,CONTROLLED_SYNTHETIC
I0005864,SME001696,RM036,2026-06-20,SECURE_MESSAGE,NO_RESPONSE,CONTROLLED_SYNTHETIC
I0005865,SME001696,RM036,2025-12-24,MEETING,CONNECTED,CONTROLLED_SYNTHETIC
I0005866,SME001696,RM036,2025-08-23,CALL,FOLLOW_UP,CONTROLLED_SYNTHETIC
I0005867,SME001697,RM024,2025-11-01,BRANCH,FOLLOW_UP,CONTROLLED_SYNTHETIC
I0005868,SME001698,RM030,2025-11-01,BRANCH,CONNECTED,CONTROLLED_SYNTHETIC
I0005869,SME001698,RM030,2025-10-26,MEETING,NO_RESPONSE,CONTROLLED_SYNTHETIC
I0005870,SME001699,RM032,2026-04-19,SECURE_MESSAGE,NO_RESPONSE,CONTROLLED_SYNTHETIC
I0005871,SME001699,RM032,2026-03-20,SECURE_MESSAGE,CONNECTED,CONTROLLED_SYNTHETIC
I0005872,SME001699,RM032,2026-03-28,CALL,CONNECTED,CONTROLLED_SYNTHETIC
I0005873,SME001699,RM032,2026-07-11,MEETING,CONNECTED,CONTROLLED_SYNTHETIC
I0005874,SME001699,RM032,2026-03-14,BRANCH,CONNECTED,CONTROLLED_SYNTHETIC
I0005875,SME001699,RM032,2025-12-09,MEETING,FOLLOW_UP,CONTROLLED_SYNTHETIC
I0005876,SME001700,RM021,2026-05-04,BRANCH,NO_RESPONSE,CONTROLLED_SYNTHETIC
I0005877,SME001700,RM021,2025-10-07,BRANCH,CONNECTED,CONTROLLED_SYNTHETIC
I0005878,SME001700,RM021,2025-11-17,SECURE_MESSAGE,NO_RESPONSE,CONTROLLED_SYNTHETIC
I0005879,SME001700,RM021,2025-11-20,CALL,FOLLOW_UP,CONTROLLED_SYNTHETIC
I0005880,SME001700,RM021,2026-03-24,MEETING,FOLLOW_UP,CONTROLLED_SYNTHETIC
I0005881,SME001701,RM032,2025-08-28,SECURE_MESSAGE,FOLLOW_UP,CONTROLLED_SYNTHETIC
I0005882,SME001702,RM012,2026-02-23,BRANCH,FOLLOW_UP,CONTROLLED_SYNTHETIC
I0005883,SME001702,RM012,2026-02-07,CALL,CONNECTED,CONTROLLED_SYNTHETIC
I0005884,SME001703,RM011,2026-04-16,SECURE_MESSAGE,CONNECTED,CONTROLLED_SYNTHETIC
I0005885,SME001704,RM031,2025-08-23,CALL,CONNECTED,CONTROLLED_SYNTHETIC
I0005886,SME001704,RM031,2026-06-29,MEETING,CONNECTED,CONTROLLED_SYNTHETIC
I0005887,SME001705,RM035,2025-10-02,BRANCH,FOLLOW_UP,CONTROLLED_SYNTHETIC
I0005888,SME001705,RM035,2025-11-25,MEETING,CONNECTED,CONTROLLED_SYNTHETIC
I0005889,SME001705,RM035,2026-01-07,BRANCH,FOLLOW_UP,CONTROLLED_SYNTHETIC
I0005890,SME001705,RM035,2025-08-25,MEETING,CONNECTED,CONTROLLED_SYNTHETIC
I0005891,SME001705,RM035,2025-08-22,CALL,FOLLOW_UP,CONTROLLED_SYNTHETIC
I0005892,SME001706,RM002,2025-09-13,MEETING,NO_RESPONSE,CONTROLLED_SYNTHETIC
I0005893,SME001707,RM002,2026-08-01,SECURE_MESSAGE,CONNECTED,CONTROLLED_SYNTHETIC
I0005894,SME001707,RM002,2026-08-02,MEETING,CONNECTED,CONTROLLED_SYNTHETIC
I0005895,SME001707,RM002,2026-02-21,SECURE_MESSAGE,CONNECTED,CONTROLLED_SYNTHETIC
I0005896,SME001707,RM002,2026-04-23,SECURE_MESSAGE,NEEDS_REVIEW,CONTROLLED_SYNTHETIC
I0005897,SME001707,RM002,2025-10-20,CALL,CONNECTED,CONTROLLED_SYNTHETIC
I0005898,SME001707,RM002,2026-02-28,CALL,CONNECTED,CONTROLLED_SYNTHETIC
I0005899,SME001708,RM021,2026-04-18,BRANCH,CONNECTED,CONTROLLED_SYNTHETIC
I0005900,SME001708,RM021,2026-03-01,CALL,NO_RESPONSE,CONTROLLED_SYNTHETIC
I0005901,SME001708,RM021,2026-06-08,CALL,CONNECTED,CONTROLLED_SYNTHETIC
I0005902,SME001708,RM021,2025-08-25,SECURE_MESSAGE,CONNECTED,CONTROLLED_SYNTHETIC
I0005903,SME001708,RM021,2026-02-17,SECURE_MESSAGE,FOLLOW_UP,CONTROLLED_SYNTHETIC
I0005904,SME001708,RM021,2026-06-19,SECURE_MESSAGE,FOLLOW_UP,CONTROLLED_SYNTHETIC
I0005905,SME001709,RM041,2026-06-22,MEETING,NO_RESPONSE,CONTROLLED_SYNTHETIC
I0005906,SME001709,RM041,2026-07-01,SECURE_MESSAGE,FOLLOW_UP,CONTROLLED_SYNTHETIC
I0005907,SME001710,RM042,2025-10-22,BRANCH,NO_RESPONSE,CONTROLLED_SYNTHETIC
I0005908,SME001710,RM042,2025-10-03,BRANCH,CONNECTED,CONTROLLED_SYNTHETIC
I0005909,SME001710,RM042,2026-06-13,SECURE_MESSAGE,NEEDS_REVIEW,CONTROLLED_SYNTHETIC
I0005910,SME001710,RM042,2026-03-01,SECURE_MESSAGE,CONNECTED,CONTROLLED_SYNTHETIC
I0005911,SME001710,RM042,2026-02-20,CALL,FOLLOW_UP,CONTROLLED_SYNTHETIC
I0005912,SME001711,RM040,2026-06-10,SECURE_MESSAGE,FOLLOW_UP,CONTROLLED_SYNTHETIC
I0005913,SME001712,RM034,2025-10-16,CALL,FOLLOW_UP,CONTROLLED_SYNTHETIC
I0005914,SME001712,RM034,2026-06-26,SECURE_MESSAGE,NO_RESPONSE,CONTROLLED_SYNTHETIC
I0005915,SME001712,RM034,2026-01-19,SECURE_MESSAGE,CONNECTED,CONTROLLED_SYNTHETIC
I0005916,SME001712,RM034,2025-10-16,MEETING,NEEDS_REVIEW,CONTROLLED_SYNTHETIC
I0005917,SME001712,RM034,2026-01-01,BRANCH,FOLLOW_UP,CONTROLLED_SYNTHETIC
I0005918,SME001713,RM048,2026-01-08,SECURE_MESSAGE,NO_RESPONSE,CONTROLLED_SYNTHETIC
I0005919,SME001714,RM044,2026-01-27,SECURE_MESSAGE,NO_RESPONSE,CONTROLLED_SYNTHETIC
I0005920,SME001714,RM044,2026-02-08,BRANCH,NEEDS_REVIEW,CONTROLLED_SYNTHETIC
I0005921,SME001715,RM041,2025-09-02,CALL,CONNECTED,CONTROLLED_SYNTHETIC
I0005922,SME001715,RM041,2026-02-11,MEETING,FOLLOW_UP,CONTROLLED_SYNTHETIC
I0005923,SME001715,RM041,2026-05-18,MEETING,CONNECTED,CONTROLLED_SYNTHETIC
I0005924,SME001715,RM041,2026-06-15,BRANCH,FOLLOW_UP,CONTROLLED_SYNTHETIC
I0005925,SME001715,RM041,2026-08-12,CALL,FOLLOW_UP,CONTROLLED_SYNTHETIC
I0005926,SME001716,RM032,2026-07-27,BRANCH,FOLLOW_UP,CONTROLLED_SYNTHETIC
I0005927,SME001716,RM032,2026-02-27,MEETING,CONNECTED,CONTROLLED_SYNTHETIC
I0005928,SME001716,RM032,2026-02-05,SECURE_MESSAGE,CONNECTED,CONTROLLED_SYNTHETIC
I0005929,SME001717,RM035,2025-12-24,SECURE_MESSAGE,FOLLOW_UP,CONTROLLED_SYNTHETIC
I0005930,SME001717,RM035,2025-11-05,MEETING,FOLLOW_UP,CONTROLLED_SYNTHETIC
I0005931,SME001717,RM035,2026-06-17,CALL,NO_RESPONSE,CONTROLLED_SYNTHETIC
I0005932,SME001718,RM029,2026-01-31,MEETING,CONNECTED,CONTROLLED_SYNTHETIC
I0005933,SME001718,RM029,2026-05-18,BRANCH,CONNECTED,CONTROLLED_SYNTHETIC
I0005934,SME001718,RM029,2025-10-10,BRANCH,NO_RESPONSE,CONTROLLED_SYNTHETIC
I0005935,SME001718,RM029,2026-05-05,MEETING,CONNECTED,CONTROLLED_SYNTHETIC
I0005936,SME001718,RM029,2025-10-10,CALL,NO_RESPONSE,CONTROLLED_SYNTHETIC
I0005937,SME001718,RM029,2026-03-07,CALL,CONNECTED,CONTROLLED_SYNTHETIC
I0005938,SME001719,RM034,2026-03-10,BRANCH,CONNECTED,CONTROLLED_SYNTHETIC
I0005939,SME001719,RM034,2026-04-21,BRANCH,FOLLOW_UP,CONTROLLED_SYNTHETIC
I0005940,SME001720,RM015,2025-10-25,BRANCH,FOLLOW_UP,CONTROLLED_SYNTHETIC
I0005941,SME001720,RM015,2026-05-06,MEETING,CONNECTED,CONTROLLED_SYNTHETIC
I0005942,SME001720,RM015,2026-05-12,SECURE_MESSAGE,FOLLOW_UP,CONTROLLED_SYNTHETIC
I0005943,SME001720,RM015,2026-08-17,SECURE_MESSAGE,CONNECTED,CONTROLLED_SYNTHETIC
I0005944,SME001721,RM009,2026-01-02,SECURE_MESSAGE,NEEDS_REVIEW,CONTROLLED_SYNTHETIC
I0005945,SME001721,RM009,2025-09-29,SECURE_MESSAGE,CONNECTED,CONTROLLED_SYNTHETIC
I0005946,SME001721,RM009,2026-04-17,SECURE_MESSAGE,NO_RESPONSE,CONTROLLED_SYNTHETIC
I0005947,SME001721,RM009,2026-05-05,MEETING,NEEDS_REVIEW,CONTROLLED_SYNTHETIC
I0005948,SME001721,RM009,2026-06-02,SECURE_MESSAGE,FOLLOW_UP,CONTROLLED_SYNTHETIC
I0005949,SME001722,RM008,2026-03-12,BRANCH,NEEDS_REVIEW,CONTROLLED_SYNTHETIC
I0005950,SME001722,RM008,2026-03-02,MEETING,FOLLOW_UP,CONTROLLED_SYNTHETIC
I0005951,SME001722,RM008,2026-06-27,BRANCH,CONNECTED,CONTROLLED_SYNTHETIC
I0005952,SME001723,RM011,2025-09-07,BRANCH,NO_RESPONSE,CONTROLLED_SYNTHETIC
I0005953,SME001723,RM011,2026-03-10,BRANCH,FOLLOW_UP,CONTROLLED_SYNTHETIC
I0005954,SME001723,RM011,2026-05-30,MEETING,CONNECTED,CONTROLLED_SYNTHETIC
I0005955,SME001723,RM011,2026-06-04,SECURE_MESSAGE,FOLLOW_UP,CONTROLLED_SYNTHETIC
I0005956,SME001723,RM011,2025-09-23,SECURE_MESSAGE,CONNECTED,CONTROLLED_SYNTHETIC
I0005957,SME001723,RM011,2026-05-22,BRANCH,CONNECTED,CONTROLLED_SYNTHETIC
I0005958,SME001724,RM015,2026-04-22,MEETING,FOLLOW_UP,CONTROLLED_SYNTHETIC
I0005959,SME001724,RM015,2026-07-14,BRANCH,NO_RESPONSE,CONTROLLED_SYNTHETIC
I0005960,SME001724,RM015,2026-03-27,SECURE_MESSAGE,FOLLOW_UP,CONTROLLED_SYNTHETIC
I0005961,SME001724,RM015,2026-07-11,BRANCH,CONNECTED,CONTROLLED_SYNTHETIC
I0005962,SME001724,RM015,2026-04-21,SECURE_MESSAGE,FOLLOW_UP,CONTROLLED_SYNTHETIC
I0005963,SME001725,RM043,2026-07-11,SECURE_MESSAGE,FOLLOW_UP,CONTROLLED_SYNTHETIC
I0005964,SME001725,RM043,2026-03-08,CALL,CONNECTED,CONTROLLED_SYNTHETIC
I0005965,SME001725,RM043,2026-06-10,MEETING,CONNECTED,CONTROLLED_SYNTHETIC
I0005966,SME001725,RM043,2026-08-15,SECURE_MESSAGE,CONNECTED,CONTROLLED_SYNTHETIC
I0005967,SME001726,RM031,2025-11-13,SECURE_MESSAGE,CONNECTED,CONTROLLED_SYNTHETIC
I0005968,SME001726,RM031,2026-03-07,SECURE_MESSAGE,NO_RESPONSE,CONTROLLED_SYNTHETIC
I0005969,SME001726,RM031,2026-07-29,SECURE_MESSAGE,FOLLOW_UP,CONTROLLED_SYNTHETIC
I0005970,SME001726,RM031,2026-04-01,BRANCH,NEEDS_REVIEW,CONTROLLED_SYNTHETIC
I0005971,SME001726,RM031,2026-07-16,BRANCH,NO_RESPONSE,CONTROLLED_SYNTHETIC
I0005972,SME001727,RM029,2025-09-01,BRANCH,NEEDS_REVIEW,CONTROLLED_SYNTHETIC
I0005973,SME001727,RM029,2025-11-16,BRANCH,CONNECTED,CONTROLLED_SYNTHETIC
I0005974,SME001727,RM029,2026-01-06,MEETING,NO_RESPONSE,CONTROLLED_SYNTHETIC
I0005975,SME001727,RM029,2026-05-28,BRANCH,FOLLOW_UP,CONTROLLED_SYNTHETIC
I0005976,SME001727,RM029,2026-04-29,MEETING,CONNECTED,CONTROLLED_SYNTHETIC
I0005977,SME001727,RM029,2025-11-15,SECURE_MESSAGE,CONNECTED,CONTROLLED_SYNTHETIC
I0005978,SME001728,RM010,2026-05-05,CALL,NEEDS_REVIEW,CONTROLLED_SYNTHETIC
I0005979,SME001729,RM017,2026-07-25,SECURE_MESSAGE,FOLLOW_UP,CONTROLLED_SYNTHETIC
I0005980,SME001729,RM017,2025-08-31,MEETING,CONNECTED,CONTROLLED_SYNTHETIC
I0005981,SME001730,RM044,2025-12-03,SECURE_MESSAGE,NO_RESPONSE,CONTROLLED_SYNTHETIC
I0005982,SME001730,RM044,2026-07-13,SECURE_MESSAGE,CONNECTED,CONTROLLED_SYNTHETIC
I0005983,SME001730,RM044,2026-07-20,CALL,NO_RESPONSE,CONTROLLED_SYNTHETIC
I0005984,SME001730,RM044,2025-10-20,BRANCH,CONNECTED,CONTROLLED_SYNTHETIC
I0005985,SME001730,RM044,2025-11-18,BRANCH,FOLLOW_UP,CONTROLLED_SYNTHETIC
I0005986,SME001730,RM044,2026-03-30,SECURE_MESSAGE,CONNECTED,CONTROLLED_SYNTHETIC
I0005987,SME001731,RM036,2026-01-28,CALL,NEEDS_REVIEW,CONTROLLED_SYNTHETIC
I0005988,SME001731,RM036,2025-10-05,CALL,CONNECTED,CONTROLLED_SYNTHETIC
I0005989,SME001731,RM036,2025-09-17,MEETING,CONNECTED,CONTROLLED_SYNTHETIC
I0005990,SME001731,RM036,2026-03-05,SECURE_MESSAGE,FOLLOW_UP,CONTROLLED_SYNTHETIC
I0005991,SME001732,RM015,2026-05-03,BRANCH,CONNECTED,CONTROLLED_SYNTHETIC
I0005992,SME001733,RM048,2026-07-04,MEETING,FOLLOW_UP,CONTROLLED_SYNTHETIC
I0005993,SME001733,RM048,2026-07-19,MEETING,NO_RESPONSE,CONTROLLED_SYNTHETIC
I0005994,SME001734,RM016,2025-12-10,MEETING,CONNECTED,CONTROLLED_SYNTHETIC
I0005995,SME001734,RM016,2025-11-01,BRANCH,NEEDS_REVIEW,CONTROLLED_SYNTHETIC
I0005996,SME001735,RM002,2025-10-29,CALL,CONNECTED,CONTROLLED_SYNTHETIC
I0005997,SME001735,RM002,2025-09-18,CALL,NO_RESPONSE,CONTROLLED_SYNTHETIC
I0005998,SME001735,RM002,2026-07-15,MEETING,FOLLOW_UP,CONTROLLED_SYNTHETIC
I0005999,SME001735,RM002,2025-12-07,SECURE_MESSAGE,FOLLOW_UP,CONTROLLED_SYNTHETIC
I0006000,SME001735,RM002,2025-12-19,BRANCH,CONNECTED,CONTROLLED_SYNTHETIC
I0006001,SME001735,RM002,2026-07-05,MEETING,NO_RESPONSE,CONTROLLED_SYNTHETIC
I0006002,SME001736,RM002,2026-07-25,MEETING,FOLLOW_UP,CONTROLLED_SYNTHETIC
I0006003,SME001736,RM002,2025-08-26,BRANCH,CONNECTED,CONTROLLED_SYNTHETIC
I0006004,SME001736,RM002,2025-12-21,SECURE_MESSAGE,NEEDS_REVIEW,CONTROLLED_SYNTHETIC
I0006005,SME001736,RM002,2025-11-22,MEETING,CONNECTED,CONTROLLED_SYNTHETIC
I0006006,SME001736,RM002,2025-11-23,SECURE_MESSAGE,CONNECTED,CONTROLLED_SYNTHETIC
I0006007,SME001737,RM026,2025-09-11,BRANCH,CONNECTED,CONTROLLED_SYNTHETIC
I0006008,SME001737,RM026,2025-11-07,MEETING,CONNECTED,CONTROLLED_SYNTHETIC
I0006009,SME001737,RM026,2026-04-11,MEETING,FOLLOW_UP,CONTROLLED_SYNTHETIC
I0006010,SME001737,RM026,2025-09-05,SECURE_MESSAGE,NEEDS_REVIEW,CONTROLLED_SYNTHETIC
I0006011,SME001737,RM026,2026-07-08,MEETING,NEEDS_REVIEW,CONTROLLED_SYNTHETIC
I0006012,SME001737,RM026,2026-06-16,MEETING,FOLLOW_UP,CONTROLLED_SYNTHETIC
I0006013,SME001738,RM018,2025-09-03,BRANCH,FOLLOW_UP,CONTROLLED_SYNTHETIC
I0006014,SME001738,RM018,2025-11-25,BRANCH,CONNECTED,CONTROLLED_SYNTHETIC
I0006015,SME001739,RM028,2025-12-29,CALL,CONNECTED,CONTROLLED_SYNTHETIC
I0006016,SME001739,RM028,2026-06-23,BRANCH,CONNECTED,CONTROLLED_SYNTHETIC
I0006017,SME001739,RM028,2026-06-10,SECURE_MESSAGE,FOLLOW_UP,CONTROLLED_SYNTHETIC
I0006018,SME001739,RM028,2026-07-14,SECURE_MESSAGE,NO_RESPONSE,CONTROLLED_SYNTHETIC
I0006019,SME001740,RM009,2026-06-17,BRANCH,CONNECTED,CONTROLLED_SYNTHETIC
I0006020,SME001740,RM009,2026-02-24,MEETING,NO_RESPONSE,CONTROLLED_SYNTHETIC
I0006021,SME001740,RM009,2026-06-17,CALL,NEEDS_REVIEW,CONTROLLED_SYNTHETIC
I0006022,SME001740,RM009,2025-08-21,SECURE_MESSAGE,FOLLOW_UP,CONTROLLED_SYNTHETIC
I0006023,SME001741,RM042,2026-05-28,BRANCH,NO_RESPONSE,CONTROLLED_SYNTHETIC
I0006024,SME001742,RM041,2026-01-27,CALL,CONNECTED,CONTROLLED_SYNTHETIC
I0006025,SME001742,RM041,2026-07-11,SECURE_MESSAGE,FOLLOW_UP,CONTROLLED_SYNTHETIC
I0006026,SME001742,RM041,2025-12-30,BRANCH,CONNECTED,CONTROLLED_SYNTHETIC
I0006027,SME001742,RM041,2026-01-20,CALL,CONNECTED,CONTROLLED_SYNTHETIC
I0006028,SME001743,RM026,2026-07-21,BRANCH,NO_RESPONSE,CONTROLLED_SYNTHETIC
I0006029,SME001743,RM026,2025-09-17,CALL,CONNECTED,CONTROLLED_SYNTHETIC
I0006030,SME001743,RM026,2025-09-26,BRANCH,FOLLOW_UP,CONTROLLED_SYNTHETIC
I0006031,SME001743,RM026,2026-03-01,BRANCH,NEEDS_REVIEW,CONTROLLED_SYNTHETIC
I0006032,SME001744,RM013,2025-09-04,BRANCH,CONNECTED,CONTROLLED_SYNTHETIC
I0006033,SME001744,RM013,2025-10-22,SECURE_MESSAGE,CONNECTED,CONTROLLED_SYNTHETIC
I0006034,SME001744,RM013,2026-04-19,SECURE_MESSAGE,FOLLOW_UP,CONTROLLED_SYNTHETIC
I0006035,SME001744,RM013,2026-03-23,BRANCH,FOLLOW_UP,CONTROLLED_SYNTHETIC
I0006036,SME001744,RM013,2025-11-10,CALL,CONNECTED,CONTROLLED_SYNTHETIC
I0006037,SME001744,RM013,2026-08-08,CALL,CONNECTED,CONTROLLED_SYNTHETIC
I0006038,SME001745,RM018,2025-11-22,SECURE_MESSAGE,NEEDS_REVIEW,CONTROLLED_SYNTHETIC
I0006039,SME001745,RM018,2025-12-03,BRANCH,NO_RESPONSE,CONTROLLED_SYNTHETIC
I0006040,SME001746,RM005,2026-05-01,BRANCH,CONNECTED,CONTROLLED_SYNTHETIC
I0006041,SME001747,RM048,2026-07-18,SECURE_MESSAGE,NO_RESPONSE,CONTROLLED_SYNTHETIC
I0006042,SME001747,RM048,2026-06-29,BRANCH,CONNECTED,CONTROLLED_SYNTHETIC
I0006043,SME001747,RM048,2025-10-09,BRANCH,FOLLOW_UP,CONTROLLED_SYNTHETIC
I0006044,SME001748,RM009,2026-07-13,MEETING,CONNECTED,CONTROLLED_SYNTHETIC
I0006045,SME001748,RM009,2025-11-12,CALL,CONNECTED,CONTROLLED_SYNTHETIC
I0006046,SME001748,RM009,2026-05-09,SECURE_MESSAGE,CONNECTED,CONTROLLED_SYNTHETIC
I0006047,SME001749,RM029,2026-06-11,SECURE_MESSAGE,NO_RESPONSE,CONTROLLED_SYNTHETIC
I0006048,SME001749,RM029,2025-10-06,CALL,NO_RESPONSE,CONTROLLED_SYNTHETIC
I0006049,SME001749,RM029,2026-02-18,CALL,CONNECTED,CONTROLLED_SYNTHETIC
I0006050,SME001749,RM029,2026-02-02,SECURE_MESSAGE,CONNECTED,CONTROLLED_SYNTHETIC
I0006051,SME001749,RM029,2025-10-20,CALL,FOLLOW_UP,CONTROLLED_SYNTHETIC
I0006052,SME001749,RM029,2026-03-20,BRANCH,NO_RESPONSE,CONTROLLED_SYNTHETIC
I0006053,SME001750,RM014,2026-07-25,MEETING,NEEDS_REVIEW,CONTROLLED_SYNTHETIC
I0006054,SME001751,RM029,2026-03-17,CALL,NEEDS_REVIEW,CONTROLLED_SYNTHETIC
I0006055,SME001751,RM029,2025-10-22,SECURE_MESSAGE,FOLLOW_UP,CONTROLLED_SYNTHETIC
I0006056,SME001751,RM029,2025-09-27,SECURE_MESSAGE,CONNECTED,CONTROLLED_SYNTHETIC
I0006057,SME001751,RM029,2025-09-11,MEETING,FOLLOW_UP,CONTROLLED_SYNTHETIC
I0006058,SME001752,RM031,2025-12-01,SECURE_MESSAGE,NO_RESPONSE,CONTROLLED_SYNTHETIC
I0006059,SME001753,RM027,2026-01-27,CALL,CONNECTED,CONTROLLED_SYNTHETIC
I0006060,SME001753,RM027,2026-03-08,SECURE_MESSAGE,FOLLOW_UP,CONTROLLED_SYNTHETIC
I0006061,SME001753,RM027,2026-07-14,SECURE_MESSAGE,CONNECTED,CONTROLLED_SYNTHETIC
I0006062,SME001754,RM014,2025-11-02,SECURE_MESSAGE,NO_RESPONSE,CONTROLLED_SYNTHETIC
I0006063,SME001755,RM028,2026-03-19,MEETING,FOLLOW_UP,CONTROLLED_SYNTHETIC
I0006064,SME001755,RM028,2025-10-09,MEETING,FOLLOW_UP,CONTROLLED_SYNTHETIC
I0006065,SME001755,RM028,2026-01-02,SECURE_MESSAGE,NO_RESPONSE,CONTROLLED_SYNTHETIC
I0006066,SME001756,RM010,2026-02-13,CALL,CONNECTED,CONTROLLED_SYNTHETIC
I0006067,SME001756,RM010,2026-04-02,SECURE_MESSAGE,FOLLOW_UP,CONTROLLED_SYNTHETIC
I0006068,SME001756,RM010,2025-08-31,SECURE_MESSAGE,NEEDS_REVIEW,CONTROLLED_SYNTHETIC
I0006069,SME001757,RM029,2025-10-20,CALL,NO_RESPONSE,CONTROLLED_SYNTHETIC
I0006070,SME001757,RM029,2026-05-29,CALL,NEEDS_REVIEW,CONTROLLED_SYNTHETIC
I0006071,SME001758,RM041,2025-08-27,SECURE_MESSAGE,CONNECTED,CONTROLLED_SYNTHETIC
I0006072,SME001758,RM041,2026-01-05,CALL,NO_RESPONSE,CONTROLLED_SYNTHETIC
I0006073,SME001758,RM041,2026-06-09,BRANCH,NEEDS_REVIEW,CONTROLLED_SYNTHETIC
I0006074,SME001758,RM041,2025-12-27,CALL,CONNECTED,CONTROLLED_SYNTHETIC
I0006075,SME001758,RM041,2026-02-03,CALL,NO_RESPONSE,CONTROLLED_SYNTHETIC
I0006076,SME001758,RM041,2026-03-29,MEETING,CONNECTED,CONTROLLED_SYNTHETIC
I0006077,SME001759,RM044,2026-06-05,SECURE_MESSAGE,CONNECTED,CONTROLLED_SYNTHETIC
I0006078,SME001759,RM044,2025-09-14,BRANCH,FOLLOW_UP,CONTROLLED_SYNTHETIC
I0006079,SME001759,RM044,2026-04-29,MEETING,NO_RESPONSE,CONTROLLED_SYNTHETIC
I0006080,SME001759,RM044,2026-06-21,SECURE_MESSAGE,FOLLOW_UP,CONTROLLED_SYNTHETIC
I0006081,SME001759,RM044,2025-09-26,MEETING,NO_RESPONSE,CONTROLLED_SYNTHETIC
I0006082,SME001760,RM028,2026-02-23,MEETING,CONNECTED,CONTROLLED_SYNTHETIC
I0006083,SME001760,RM028,2026-08-02,MEETING,CONNECTED,CONTROLLED_SYNTHETIC
I0006084,SME001760,RM028,2025-11-17,SECURE_MESSAGE,NO_RESPONSE,CONTROLLED_SYNTHETIC
I0006085,SME001761,RM001,2026-02-05,MEETING,FOLLOW_UP,CONTROLLED_SYNTHETIC
I0006086,SME001761,RM001,2025-12-07,MEETING,CONNECTED,CONTROLLED_SYNTHETIC
I0006087,SME001761,RM001,2026-06-04,BRANCH,CONNECTED,CONTROLLED_SYNTHETIC
I0006088,SME001761,RM001,2025-08-22,BRANCH,NEEDS_REVIEW,CONTROLLED_SYNTHETIC
I0006089,SME001762,RM016,2026-01-23,SECURE_MESSAGE,NO_RESPONSE,CONTROLLED_SYNTHETIC
I0006090,SME001762,RM016,2026-07-01,CALL,NO_RESPONSE,CONTROLLED_SYNTHETIC
I0006091,SME001762,RM016,2026-01-28,MEETING,CONNECTED,CONTROLLED_SYNTHETIC
I0006092,SME001762,RM016,2026-04-19,CALL,CONNECTED,CONTROLLED_SYNTHETIC
I0006093,SME001762,RM016,2025-11-14,BRANCH,CONNECTED,CONTROLLED_SYNTHETIC
I0006094,SME001763,RM003,2025-12-18,MEETING,NEEDS_REVIEW,CONTROLLED_SYNTHETIC
I0006095,SME001763,RM003,2026-05-04,CALL,NO_RESPONSE,CONTROLLED_SYNTHETIC
I0006096,SME001763,RM003,2026-07-27,BRANCH,FOLLOW_UP,CONTROLLED_SYNTHETIC
I0006097,SME001763,RM003,2025-11-03,MEETING,NO_RESPONSE,CONTROLLED_SYNTHETIC
I0006098,SME001763,RM003,2026-02-09,BRANCH,FOLLOW_UP,CONTROLLED_SYNTHETIC
I0006099,SME001763,RM003,2026-06-09,CALL,FOLLOW_UP,CONTROLLED_SYNTHETIC
I0006100,SME001764,RM026,2026-06-02,CALL,CONNECTED,CONTROLLED_SYNTHETIC
I0006101,SME001764,RM026,2026-06-25,SECURE_MESSAGE,CONNECTED,CONTROLLED_SYNTHETIC
I0006102,SME001764,RM026,2026-06-17,CALL,NO_RESPONSE,CONTROLLED_SYNTHETIC
I0006103,SME001765,RM039,2025-10-30,MEETING,NO_RESPONSE,CONTROLLED_SYNTHETIC
I0006104,SME001765,RM039,2026-05-10,CALL,CONNECTED,CONTROLLED_SYNTHETIC
I0006105,SME001766,RM029,2026-04-17,MEETING,CONNECTED,CONTROLLED_SYNTHETIC
I0006106,SME001766,RM029,2026-07-03,CALL,FOLLOW_UP,CONTROLLED_SYNTHETIC
I0006107,SME001766,RM029,2026-04-28,MEETING,CONNECTED,CONTROLLED_SYNTHETIC
I0006108,SME001766,RM029,2026-07-15,CALL,CONNECTED,CONTROLLED_SYNTHETIC
I0006109,SME001766,RM029,2026-04-02,MEETING,NEEDS_REVIEW,CONTROLLED_SYNTHETIC
I0006110,SME001767,RM022,2026-03-12,CALL,FOLLOW_UP,CONTROLLED_SYNTHETIC
I0006111,SME001767,RM022,2026-03-23,SECURE_MESSAGE,CONNECTED,CONTROLLED_SYNTHETIC
I0006112,SME001768,RM045,2026-02-09,MEETING,CONNECTED,CONTROLLED_SYNTHETIC
I0006113,SME001768,RM045,2025-12-24,MEETING,CONNECTED,CONTROLLED_SYNTHETIC
I0006114,SME001768,RM045,2026-01-24,CALL,CONNECTED,CONTROLLED_SYNTHETIC
I0006115,SME001768,RM045,2026-05-08,MEETING,FOLLOW_UP,CONTROLLED_SYNTHETIC
I0006116,SME001768,RM045,2026-08-17,BRANCH,FOLLOW_UP,CONTROLLED_SYNTHETIC
I0006117,SME001768,RM045,2026-02-14,CALL,CONNECTED,CONTROLLED_SYNTHETIC
I0006118,SME001769,RM008,2026-07-15,SECURE_MESSAGE,CONNECTED,CONTROLLED_SYNTHETIC
I0006119,SME001769,RM008,2026-04-18,SECURE_MESSAGE,CONNECTED,CONTROLLED_SYNTHETIC
I0006120,SME001769,RM008,2026-03-19,SECURE_MESSAGE,NEEDS_REVIEW,CONTROLLED_SYNTHETIC
I0006121,SME001769,RM008,2025-10-29,BRANCH,CONNECTED,CONTROLLED_SYNTHETIC
I0006122,SME001770,RM041,2025-12-17,SECURE_MESSAGE,NEEDS_REVIEW,CONTROLLED_SYNTHETIC
I0006123,SME001770,RM041,2026-06-23,SECURE_MESSAGE,CONNECTED,CONTROLLED_SYNTHETIC
I0006124,SME001770,RM041,2026-05-25,SECURE_MESSAGE,NO_RESPONSE,CONTROLLED_SYNTHETIC
I0006125,SME001770,RM041,2025-12-09,BRANCH,CONNECTED,CONTROLLED_SYNTHETIC
I0006126,SME001770,RM041,2026-04-05,MEETING,CONNECTED,CONTROLLED_SYNTHETIC
I0006127,SME001770,RM041,2025-11-11,SECURE_MESSAGE,NO_RESPONSE,CONTROLLED_SYNTHETIC
I0006128,SME001771,RM028,2026-06-18,BRANCH,CONNECTED,CONTROLLED_SYNTHETIC
I0006129,SME001771,RM028,2025-08-21,SECURE_MESSAGE,CONNECTED,CONTROLLED_SYNTHETIC
I0006130,SME001772,RM041,2025-10-15,CALL,FOLLOW_UP,CONTROLLED_SYNTHETIC
I0006131,SME001773,RM029,2025-11-28,SECURE_MESSAGE,NO_RESPONSE,CONTROLLED_SYNTHETIC
I0006132,SME001773,RM029,2026-03-09,BRANCH,CONNECTED,CONTROLLED_SYNTHETIC
I0006133,SME001774,RM003,2026-04-22,BRANCH,NO_RESPONSE,CONTROLLED_SYNTHETIC
I0006134,SME001774,RM003,2026-08-14,BRANCH,NEEDS_REVIEW,CONTROLLED_SYNTHETIC
I0006135,SME001775,RM024,2026-07-11,BRANCH,FOLLOW_UP,CONTROLLED_SYNTHETIC
I0006136,SME001775,RM024,2026-05-05,CALL,CONNECTED,CONTROLLED_SYNTHETIC
I0006137,SME001775,RM024,2026-01-22,SECURE_MESSAGE,NEEDS_REVIEW,CONTROLLED_SYNTHETIC
I0006138,SME001775,RM024,2025-11-05,BRANCH,CONNECTED,CONTROLLED_SYNTHETIC
I0006139,SME001776,RM009,2026-06-19,MEETING,FOLLOW_UP,CONTROLLED_SYNTHETIC
I0006140,SME001776,RM009,2026-02-06,CALL,NEEDS_REVIEW,CONTROLLED_SYNTHETIC
I0006141,SME001777,RM020,2026-01-19,CALL,NO_RESPONSE,CONTROLLED_SYNTHETIC
I0006142,SME001777,RM020,2026-07-29,MEETING,NEEDS_REVIEW,CONTROLLED_SYNTHETIC
I0006143,SME001777,RM020,2026-02-14,SECURE_MESSAGE,FOLLOW_UP,CONTROLLED_SYNTHETIC
I0006144,SME001777,RM020,2026-07-04,BRANCH,NO_RESPONSE,CONTROLLED_SYNTHETIC
I0006145,SME001777,RM020,2026-06-30,BRANCH,FOLLOW_UP,CONTROLLED_SYNTHETIC
I0006146,SME001777,RM020,2025-09-13,MEETING,CONNECTED,CONTROLLED_SYNTHETIC
I0006147,SME001778,RM007,2025-11-01,SECURE_MESSAGE,FOLLOW_UP,CONTROLLED_SYNTHETIC
I0006148,SME001778,RM007,2025-11-04,MEETING,FOLLOW_UP,CONTROLLED_SYNTHETIC
I0006149,SME001778,RM007,2026-08-02,CALL,NO_RESPONSE,CONTROLLED_SYNTHETIC
I0006150,SME001778,RM007,2025-08-30,MEETING,CONNECTED,CONTROLLED_SYNTHETIC
I0006151,SME001778,RM007,2026-08-19,CALL,CONNECTED,CONTROLLED_SYNTHETIC
I0006152,SME001778,RM007,2025-09-11,BRANCH,NO_RESPONSE,CONTROLLED_SYNTHETIC
I0006153,SME001779,RM015,2026-07-04,SECURE_MESSAGE,FOLLOW_UP,CONTROLLED_SYNTHETIC
I0006154,SME001779,RM015,2026-02-15,BRANCH,FOLLOW_UP,CONTROLLED_SYNTHETIC
I0006155,SME001780,RM017,2025-08-23,MEETING,CONNECTED,CONTROLLED_SYNTHETIC
I0006156,SME001780,RM017,2026-06-06,MEETING,CONNECTED,CONTROLLED_SYNTHETIC
I0006157,SME001780,RM017,2026-08-18,BRANCH,NEEDS_REVIEW,CONTROLLED_SYNTHETIC
I0006158,SME001780,RM017,2026-03-15,SECURE_MESSAGE,CONNECTED,CONTROLLED_SYNTHETIC
I0006159,SME001780,RM017,2025-12-15,BRANCH,NO_RESPONSE,CONTROLLED_SYNTHETIC
I0006160,SME001780,RM017,2025-09-17,BRANCH,NO_RESPONSE,CONTROLLED_SYNTHETIC
I0006161,SME001781,RM003,2026-04-04,SECURE_MESSAGE,FOLLOW_UP,CONTROLLED_SYNTHETIC
I0006162,SME001782,RM046,2026-05-10,SECURE_MESSAGE,CONNECTED,CONTROLLED_SYNTHETIC
I0006163,SME001782,RM046,2026-01-05,MEETING,NEEDS_REVIEW,CONTROLLED_SYNTHETIC
I0006164,SME001782,RM046,2026-04-29,SECURE_MESSAGE,CONNECTED,CONTROLLED_SYNTHETIC
I0006165,SME001782,RM046,2025-12-20,MEETING,CONNECTED,CONTROLLED_SYNTHETIC
I0006166,SME001783,RM009,2026-04-06,MEETING,FOLLOW_UP,CONTROLLED_SYNTHETIC
I0006167,SME001783,RM009,2025-10-27,BRANCH,CONNECTED,CONTROLLED_SYNTHETIC
I0006168,SME001783,RM009,2025-10-17,SECURE_MESSAGE,CONNECTED,CONTROLLED_SYNTHETIC
I0006169,SME001783,RM009,2025-09-22,MEETING,CONNECTED,CONTROLLED_SYNTHETIC
I0006170,SME001783,RM009,2025-12-27,SECURE_MESSAGE,CONNECTED,CONTROLLED_SYNTHETIC
I0006171,SME001784,RM041,2025-09-10,SECURE_MESSAGE,FOLLOW_UP,CONTROLLED_SYNTHETIC
I0006172,SME001784,RM041,2026-03-18,CALL,NO_RESPONSE,CONTROLLED_SYNTHETIC
I0006173,SME001784,RM041,2025-12-25,SECURE_MESSAGE,FOLLOW_UP,CONTROLLED_SYNTHETIC
I0006174,SME001784,RM041,2026-03-25,BRANCH,FOLLOW_UP,CONTROLLED_SYNTHETIC
I0006175,SME001784,RM041,2026-04-30,CALL,FOLLOW_UP,CONTROLLED_SYNTHETIC
I0006176,SME001784,RM041,2026-02-25,SECURE_MESSAGE,CONNECTED,CONTROLLED_SYNTHETIC
I0006177,SME001785,RM011,2026-02-20,SECURE_MESSAGE,CONNECTED,CONTROLLED_SYNTHETIC
I0006178,SME001786,RM008,2026-02-28,CALL,CONNECTED,CONTROLLED_SYNTHETIC
I0006179,SME001786,RM008,2026-04-17,MEETING,FOLLOW_UP,CONTROLLED_SYNTHETIC
I0006180,SME001786,RM008,2026-04-03,SECURE_MESSAGE,CONNECTED,CONTROLLED_SYNTHETIC
I0006181,SME001786,RM008,2025-11-23,BRANCH,NEEDS_REVIEW,CONTROLLED_SYNTHETIC
I0006182,SME001786,RM008,2025-12-08,CALL,CONNECTED,CONTROLLED_SYNTHETIC
I0006183,SME001786,RM008,2025-10-15,SECURE_MESSAGE,CONNECTED,CONTROLLED_SYNTHETIC
I0006184,SME001787,RM022,2026-08-05,BRANCH,FOLLOW_UP,CONTROLLED_SYNTHETIC
I0006185,SME001787,RM022,2025-10-13,SECURE_MESSAGE,CONNECTED,CONTROLLED_SYNTHETIC
I0006186,SME001787,RM022,2025-09-17,BRANCH,CONNECTED,CONTROLLED_SYNTHETIC
I0006187,SME001787,RM022,2026-01-11,CALL,CONNECTED,CONTROLLED_SYNTHETIC
I0006188,SME001787,RM022,2025-12-23,CALL,NO_RESPONSE,CONTROLLED_SYNTHETIC
I0006189,SME001788,RM029,2026-03-17,CALL,FOLLOW_UP,CONTROLLED_SYNTHETIC
I0006190,SME001788,RM029,2026-04-24,CALL,CONNECTED,CONTROLLED_SYNTHETIC
I0006191,SME001788,RM029,2025-12-02,MEETING,NEEDS_REVIEW,CONTROLLED_SYNTHETIC
I0006192,SME001788,RM029,2026-02-23,CALL,NO_RESPONSE,CONTROLLED_SYNTHETIC
I0006193,SME001788,RM029,2026-01-18,CALL,NO_RESPONSE,CONTROLLED_SYNTHETIC
I0006194,SME001789,RM038,2025-09-11,CALL,NEEDS_REVIEW,CONTROLLED_SYNTHETIC
I0006195,SME001789,RM038,2025-12-23,BRANCH,CONNECTED,CONTROLLED_SYNTHETIC
I0006196,SME001789,RM038,2025-09-22,MEETING,CONNECTED,CONTROLLED_SYNTHETIC
I0006197,SME001789,RM038,2025-10-03,SECURE_MESSAGE,CONNECTED,CONTROLLED_SYNTHETIC
I0006198,SME001789,RM038,2026-01-13,SECURE_MESSAGE,CONNECTED,CONTROLLED_SYNTHETIC
I0006199,SME001790,RM012,2025-11-10,MEETING,FOLLOW_UP,CONTROLLED_SYNTHETIC
I0006200,SME001790,RM012,2026-06-19,MEETING,CONNECTED,CONTROLLED_SYNTHETIC
I0006201,SME001790,RM012,2026-08-02,MEETING,CONNECTED,CONTROLLED_SYNTHETIC
I0006202,SME001791,RM026,2025-12-28,MEETING,CONNECTED,CONTROLLED_SYNTHETIC
I0006203,SME001791,RM026,2026-08-14,CALL,FOLLOW_UP,CONTROLLED_SYNTHETIC
I0006204,SME001791,RM026,2026-08-15,BRANCH,NEEDS_REVIEW,CONTROLLED_SYNTHETIC
I0006205,SME001791,RM026,2026-05-28,MEETING,NEEDS_REVIEW,CONTROLLED_SYNTHETIC
I0006206,SME001791,RM026,2026-01-06,MEETING,NEEDS_REVIEW,CONTROLLED_SYNTHETIC
I0006207,SME001791,RM026,2025-11-05,BRANCH,FOLLOW_UP,CONTROLLED_SYNTHETIC
I0006208,SME001792,RM029,2025-11-12,BRANCH,FOLLOW_UP,CONTROLLED_SYNTHETIC
I0006209,SME001792,RM029,2026-01-20,SECURE_MESSAGE,CONNECTED,CONTROLLED_SYNTHETIC
I0006210,SME001793,RM005,2026-03-07,BRANCH,CONNECTED,CONTROLLED_SYNTHETIC
I0006211,SME001793,RM005,2025-09-29,CALL,FOLLOW_UP,CONTROLLED_SYNTHETIC
I0006212,SME001793,RM005,2026-07-18,BRANCH,CONNECTED,CONTROLLED_SYNTHETIC
I0006213,SME001793,RM005,2026-02-12,SECURE_MESSAGE,CONNECTED,CONTROLLED_SYNTHETIC
I0006214,SME001793,RM005,2026-07-10,BRANCH,CONNECTED,CONTROLLED_SYNTHETIC
I0006215,SME001793,RM005,2025-10-30,CALL,FOLLOW_UP,CONTROLLED_SYNTHETIC
I0006216,SME001794,RM009,2026-06-26,CALL,CONNECTED,CONTROLLED_SYNTHETIC
I0006217,SME001794,RM009,2025-12-04,MEETING,CONNECTED,CONTROLLED_SYNTHETIC
I0006218,SME001795,RM007,2025-11-24,SECURE_MESSAGE,CONNECTED,CONTROLLED_SYNTHETIC
I0006219,SME001795,RM007,2026-06-07,CALL,FOLLOW_UP,CONTROLLED_SYNTHETIC
I0006220,SME001795,RM007,2025-11-16,CALL,NEEDS_REVIEW,CONTROLLED_SYNTHETIC
I0006221,SME001795,RM007,2026-03-22,BRANCH,NO_RESPONSE,CONTROLLED_SYNTHETIC
I0006222,SME001795,RM007,2026-01-24,MEETING,CONNECTED,CONTROLLED_SYNTHETIC
I0006223,SME001795,RM007,2026-07-31,MEETING,FOLLOW_UP,CONTROLLED_SYNTHETIC
I0006224,SME001796,RM033,2025-09-01,SECURE_MESSAGE,CONNECTED,CONTROLLED_SYNTHETIC
I0006225,SME001796,RM033,2026-07-06,MEETING,CONNECTED,CONTROLLED_SYNTHETIC
I0006226,SME001797,RM028,2026-04-11,CALL,NO_RESPONSE,CONTROLLED_SYNTHETIC
I0006227,SME001797,RM028,2026-02-06,CALL,NO_RESPONSE,CONTROLLED_SYNTHETIC
I0006228,SME001797,RM028,2026-02-06,MEETING,FOLLOW_UP,CONTROLLED_SYNTHETIC
I0006229,SME001797,RM028,2025-10-06,BRANCH,FOLLOW_UP,CONTROLLED_SYNTHETIC
I0006230,SME001798,RM009,2026-02-09,SECURE_MESSAGE,FOLLOW_UP,CONTROLLED_SYNTHETIC
I0006231,SME001799,RM038,2026-08-16,SECURE_MESSAGE,NEEDS_REVIEW,CONTROLLED_SYNTHETIC
I0006232,SME001799,RM038,2026-03-01,SECURE_MESSAGE,CONNECTED,CONTROLLED_SYNTHETIC
I0006233,SME001800,RM043,2025-12-17,MEETING,CONNECTED,CONTROLLED_SYNTHETIC
I0006234,SME001800,RM043,2026-04-12,MEETING,FOLLOW_UP,CONTROLLED_SYNTHETIC
I0006235,SME001800,RM043,2026-07-31,BRANCH,FOLLOW_UP,CONTROLLED_SYNTHETIC
I0006236,SME001800,RM043,2026-07-28,SECURE_MESSAGE,FOLLOW_UP,CONTROLLED_SYNTHETIC
I0006237,SME001800,RM043,2026-03-05,BRANCH,FOLLOW_UP,CONTROLLED_SYNTHETIC
I0006238,SME001800,RM043,2025-12-04,MEETING,FOLLOW_UP,CONTROLLED_SYNTHETIC
I0006239,SME001801,RM015,2025-10-09,BRANCH,FOLLOW_UP,CONTROLLED_SYNTHETIC
I0006240,SME001802,RM045,2026-03-30,MEETING,NEEDS_REVIEW,CONTROLLED_SYNTHETIC
I0006241,SME001803,RM018,2026-03-09,MEETING,NEEDS_REVIEW,CONTROLLED_SYNTHETIC
I0006242,SME001804,RM046,2025-09-14,MEETING,FOLLOW_UP,CONTROLLED_SYNTHETIC
I0006243,SME001804,RM046,2026-04-05,SECURE_MESSAGE,CONNECTED,CONTROLLED_SYNTHETIC
I0006244,SME001804,RM046,2026-05-29,SECURE_MESSAGE,NO_RESPONSE,CONTROLLED_SYNTHETIC
I0006245,SME001804,RM046,2026-04-08,SECURE_MESSAGE,FOLLOW_UP,CONTROLLED_SYNTHETIC
I0006246,SME001805,RM004,2025-11-09,BRANCH,FOLLOW_UP,CONTROLLED_SYNTHETIC
I0006247,SME001805,RM004,2026-05-09,SECURE_MESSAGE,FOLLOW_UP,CONTROLLED_SYNTHETIC
I0006248,SME001805,RM004,2026-08-09,CALL,CONNECTED,CONTROLLED_SYNTHETIC
I0006249,SME001806,RM021,2026-01-09,BRANCH,FOLLOW_UP,CONTROLLED_SYNTHETIC
I0006250,SME001806,RM021,2026-07-16,CALL,CONNECTED,CONTROLLED_SYNTHETIC
I0006251,SME001806,RM021,2025-10-02,BRANCH,CONNECTED,CONTROLLED_SYNTHETIC
I0006252,SME001806,RM021,2026-08-15,BRANCH,CONNECTED,CONTROLLED_SYNTHETIC
I0006253,SME001806,RM021,2026-08-04,SECURE_MESSAGE,FOLLOW_UP,CONTROLLED_SYNTHETIC
I0006254,SME001806,RM021,2026-07-15,BRANCH,CONNECTED,CONTROLLED_SYNTHETIC
I0006255,SME001807,RM043,2026-02-17,SECURE_MESSAGE,NO_RESPONSE,CONTROLLED_SYNTHETIC
I0006256,SME001807,RM043,2025-10-11,CALL,CONNECTED,CONTROLLED_SYNTHETIC
I0006257,SME001807,RM043,2025-11-24,SECURE_MESSAGE,CONNECTED,CONTROLLED_SYNTHETIC
I0006258,SME001808,RM019,2026-02-02,MEETING,FOLLOW_UP,CONTROLLED_SYNTHETIC
I0006259,SME001808,RM019,2026-05-08,SECURE_MESSAGE,CONNECTED,CONTROLLED_SYNTHETIC
I0006260,SME001808,RM019,2026-04-26,BRANCH,CONNECTED,CONTROLLED_SYNTHETIC
I0006261,SME001808,RM019,2025-12-18,CALL,CONNECTED,CONTROLLED_SYNTHETIC
I0006262,SME001808,RM019,2026-08-06,SECURE_MESSAGE,CONNECTED,CONTROLLED_SYNTHETIC
I0006263,SME001808,RM019,2025-12-30,BRANCH,CONNECTED,CONTROLLED_SYNTHETIC
I0006264,SME001809,RM048,2025-11-01,CALL,FOLLOW_UP,CONTROLLED_SYNTHETIC
I0006265,SME001810,RM034,2026-06-15,CALL,NEEDS_REVIEW,CONTROLLED_SYNTHETIC
I0006266,SME001810,RM034,2025-12-15,BRANCH,CONNECTED,CONTROLLED_SYNTHETIC
I0006267,SME001810,RM034,2025-12-07,CALL,NO_RESPONSE,CONTROLLED_SYNTHETIC
I0006268,SME001810,RM034,2025-08-29,CALL,CONNECTED,CONTROLLED_SYNTHETIC
I0006269,SME001811,RM002,2026-05-05,MEETING,NEEDS_REVIEW,CONTROLLED_SYNTHETIC
I0006270,SME001811,RM002,2026-06-21,BRANCH,FOLLOW_UP,CONTROLLED_SYNTHETIC
I0006271,SME001812,RM024,2026-05-11,CALL,CONNECTED,CONTROLLED_SYNTHETIC
I0006272,SME001812,RM024,2026-07-19,BRANCH,NEEDS_REVIEW,CONTROLLED_SYNTHETIC
I0006273,SME001812,RM024,2025-10-26,BRANCH,FOLLOW_UP,CONTROLLED_SYNTHETIC
I0006274,SME001812,RM024,2025-11-01,CALL,CONNECTED,CONTROLLED_SYNTHETIC
I0006275,SME001812,RM024,2026-07-28,BRANCH,CONNECTED,CONTROLLED_SYNTHETIC
I0006276,SME001813,RM036,2026-02-20,SECURE_MESSAGE,FOLLOW_UP,CONTROLLED_SYNTHETIC
I0006277,SME001813,RM036,2025-11-02,MEETING,CONNECTED,CONTROLLED_SYNTHETIC
I0006278,SME001813,RM036,2026-03-12,BRANCH,CONNECTED,CONTROLLED_SYNTHETIC
I0006279,SME001813,RM036,2025-10-06,SECURE_MESSAGE,CONNECTED,CONTROLLED_SYNTHETIC
I0006280,SME001813,RM036,2026-04-02,BRANCH,CONNECTED,CONTROLLED_SYNTHETIC
I0006281,SME001813,RM036,2026-03-16,SECURE_MESSAGE,NO_RESPONSE,CONTROLLED_SYNTHETIC
I0006282,SME001814,RM017,2026-06-10,SECURE_MESSAGE,CONNECTED,CONTROLLED_SYNTHETIC
I0006283,SME001814,RM017,2025-11-16,MEETING,FOLLOW_UP,CONTROLLED_SYNTHETIC
I0006284,SME001814,RM017,2026-06-17,SECURE_MESSAGE,CONNECTED,CONTROLLED_SYNTHETIC
I0006285,SME001814,RM017,2025-09-22,MEETING,NEEDS_REVIEW,CONTROLLED_SYNTHETIC
I0006286,SME001814,RM017,2026-06-09,MEETING,NO_RESPONSE,CONTROLLED_SYNTHETIC
I0006287,SME001815,RM042,2026-06-06,CALL,FOLLOW_UP,CONTROLLED_SYNTHETIC
I0006288,SME001816,RM040,2026-06-21,MEETING,NO_RESPONSE,CONTROLLED_SYNTHETIC
I0006289,SME001816,RM040,2025-12-04,BRANCH,FOLLOW_UP,CONTROLLED_SYNTHETIC
I0006290,SME001816,RM040,2025-11-06,MEETING,CONNECTED,CONTROLLED_SYNTHETIC
I0006291,SME001816,RM040,2025-12-16,CALL,NEEDS_REVIEW,CONTROLLED_SYNTHETIC
I0006292,SME001817,RM028,2025-12-03,CALL,NO_RESPONSE,CONTROLLED_SYNTHETIC
I0006293,SME001817,RM028,2025-08-26,CALL,CONNECTED,CONTROLLED_SYNTHETIC
I0006294,SME001818,RM010,2026-02-16,BRANCH,CONNECTED,CONTROLLED_SYNTHETIC
I0006295,SME001818,RM010,2026-04-01,CALL,CONNECTED,CONTROLLED_SYNTHETIC
I0006296,SME001818,RM010,2026-04-25,CALL,NO_RESPONSE,CONTROLLED_SYNTHETIC
I0006297,SME001818,RM010,2025-10-09,CALL,CONNECTED,CONTROLLED_SYNTHETIC
I0006298,SME001818,RM010,2026-06-08,CALL,NEEDS_REVIEW,CONTROLLED_SYNTHETIC
I0006299,SME001819,RM046,2026-07-09,CALL,CONNECTED,CONTROLLED_SYNTHETIC
I0006300,SME001819,RM046,2026-01-16,BRANCH,NEEDS_REVIEW,CONTROLLED_SYNTHETIC
I0006301,SME001819,RM046,2026-07-26,SECURE_MESSAGE,CONNECTED,CONTROLLED_SYNTHETIC
I0006302,SME001819,RM046,2025-09-16,BRANCH,CONNECTED,CONTROLLED_SYNTHETIC
I0006303,SME001819,RM046,2026-02-09,MEETING,CONNECTED,CONTROLLED_SYNTHETIC
I0006304,SME001820,RM019,2026-08-06,BRANCH,CONNECTED,CONTROLLED_SYNTHETIC
I0006305,SME001820,RM019,2026-05-02,MEETING,NO_RESPONSE,CONTROLLED_SYNTHETIC
I0006306,SME001820,RM019,2026-04-05,SECURE_MESSAGE,NO_RESPONSE,CONTROLLED_SYNTHETIC
I0006307,SME001820,RM019,2025-12-31,SECURE_MESSAGE,NEEDS_REVIEW,CONTROLLED_SYNTHETIC
I0006308,SME001821,RM032,2025-12-18,SECURE_MESSAGE,NEEDS_REVIEW,CONTROLLED_SYNTHETIC
I0006309,SME001821,RM032,2025-12-13,BRANCH,CONNECTED,CONTROLLED_SYNTHETIC
I0006310,SME001821,RM032,2026-04-02,BRANCH,NEEDS_REVIEW,CONTROLLED_SYNTHETIC
I0006311,SME001822,RM034,2026-04-06,CALL,NO_RESPONSE,CONTROLLED_SYNTHETIC
I0006312,SME001822,RM034,2026-02-14,BRANCH,CONNECTED,CONTROLLED_SYNTHETIC
I0006313,SME001823,RM038,2026-03-16,MEETING,CONNECTED,CONTROLLED_SYNTHETIC
I0006314,SME001823,RM038,2026-03-18,MEETING,NO_RESPONSE,CONTROLLED_SYNTHETIC
I0006315,SME001823,RM038,2025-10-07,CALL,NEEDS_REVIEW,CONTROLLED_SYNTHETIC
I0006316,SME001823,RM038,2025-10-04,MEETING,CONNECTED,CONTROLLED_SYNTHETIC
I0006317,SME001823,RM038,2025-09-09,MEETING,FOLLOW_UP,CONTROLLED_SYNTHETIC
I0006318,SME001824,RM004,2026-06-25,CALL,FOLLOW_UP,CONTROLLED_SYNTHETIC
I0006319,SME001824,RM004,2026-07-25,SECURE_MESSAGE,NO_RESPONSE,CONTROLLED_SYNTHETIC
I0006320,SME001824,RM004,2025-09-04,CALL,FOLLOW_UP,CONTROLLED_SYNTHETIC
I0006321,SME001824,RM004,2025-12-09,MEETING,CONNECTED,CONTROLLED_SYNTHETIC
I0006322,SME001824,RM004,2025-11-11,CALL,CONNECTED,CONTROLLED_SYNTHETIC
I0006323,SME001824,RM004,2025-09-19,SECURE_MESSAGE,FOLLOW_UP,CONTROLLED_SYNTHETIC
I0006324,SME001825,RM035,2025-11-06,SECURE_MESSAGE,CONNECTED,CONTROLLED_SYNTHETIC
I0006325,SME001825,RM035,2025-10-14,BRANCH,FOLLOW_UP,CONTROLLED_SYNTHETIC
I0006326,SME001826,RM031,2026-06-09,SECURE_MESSAGE,CONNECTED,CONTROLLED_SYNTHETIC
I0006327,SME001827,RM029,2026-03-09,MEETING,CONNECTED,CONTROLLED_SYNTHETIC
I0006328,SME001827,RM029,2026-02-03,SECURE_MESSAGE,NEEDS_REVIEW,CONTROLLED_SYNTHETIC
I0006329,SME001827,RM029,2025-11-05,MEETING,NEEDS_REVIEW,CONTROLLED_SYNTHETIC
I0006330,SME001827,RM029,2026-07-05,MEETING,CONNECTED,CONTROLLED_SYNTHETIC
I0006331,SME001827,RM029,2025-12-24,MEETING,NEEDS_REVIEW,CONTROLLED_SYNTHETIC
I0006332,SME001828,RM045,2025-10-30,BRANCH,CONNECTED,CONTROLLED_SYNTHETIC
I0006333,SME001828,RM045,2026-03-23,CALL,FOLLOW_UP,CONTROLLED_SYNTHETIC
I0006334,SME001828,RM045,2025-08-22,CALL,CONNECTED,CONTROLLED_SYNTHETIC
I0006335,SME001828,RM045,2025-11-23,BRANCH,NO_RESPONSE,CONTROLLED_SYNTHETIC
I0006336,SME001828,RM045,2026-06-26,SECURE_MESSAGE,FOLLOW_UP,CONTROLLED_SYNTHETIC
I0006337,SME001829,RM039,2025-09-26,CALL,FOLLOW_UP,CONTROLLED_SYNTHETIC
I0006338,SME001830,RM041,2025-08-24,BRANCH,NO_RESPONSE,CONTROLLED_SYNTHETIC
I0006339,SME001830,RM041,2025-12-07,BRANCH,CONNECTED,CONTROLLED_SYNTHETIC
I0006340,SME001831,RM006,2026-05-11,SECURE_MESSAGE,FOLLOW_UP,CONTROLLED_SYNTHETIC
I0006341,SME001831,RM006,2025-09-02,MEETING,FOLLOW_UP,CONTROLLED_SYNTHETIC
I0006342,SME001831,RM006,2025-11-20,CALL,FOLLOW_UP,CONTROLLED_SYNTHETIC
I0006343,SME001831,RM006,2025-11-25,CALL,CONNECTED,CONTROLLED_SYNTHETIC
I0006344,SME001832,RM017,2025-11-14,BRANCH,FOLLOW_UP,CONTROLLED_SYNTHETIC
I0006345,SME001832,RM017,2026-03-17,MEETING,CONNECTED,CONTROLLED_SYNTHETIC
I0006346,SME001832,RM017,2026-08-03,CALL,CONNECTED,CONTROLLED_SYNTHETIC
I0006347,SME001832,RM017,2026-05-16,MEETING,CONNECTED,CONTROLLED_SYNTHETIC
I0006348,SME001832,RM017,2026-08-02,BRANCH,FOLLOW_UP,CONTROLLED_SYNTHETIC
I0006349,SME001832,RM017,2026-04-19,BRANCH,FOLLOW_UP,CONTROLLED_SYNTHETIC
I0006350,SME001833,RM007,2025-11-17,SECURE_MESSAGE,CONNECTED,CONTROLLED_SYNTHETIC
I0006351,SME001833,RM007,2026-02-28,CALL,NEEDS_REVIEW,CONTROLLED_SYNTHETIC
I0006352,SME001833,RM007,2025-08-22,BRANCH,FOLLOW_UP,CONTROLLED_SYNTHETIC
I0006353,SME001833,RM007,2025-09-16,SECURE_MESSAGE,CONNECTED,CONTROLLED_SYNTHETIC
I0006354,SME001833,RM007,2026-07-18,CALL,FOLLOW_UP,CONTROLLED_SYNTHETIC
I0006355,SME001834,RM012,2025-12-22,BRANCH,CONNECTED,CONTROLLED_SYNTHETIC
I0006356,SME001834,RM012,2026-04-15,SECURE_MESSAGE,CONNECTED,CONTROLLED_SYNTHETIC
I0006357,SME001834,RM012,2026-06-16,CALL,FOLLOW_UP,CONTROLLED_SYNTHETIC
I0006358,SME001834,RM012,2026-03-09,CALL,FOLLOW_UP,CONTROLLED_SYNTHETIC
I0006359,SME001834,RM012,2026-08-01,MEETING,FOLLOW_UP,CONTROLLED_SYNTHETIC
I0006360,SME001834,RM012,2026-05-15,BRANCH,FOLLOW_UP,CONTROLLED_SYNTHETIC
I0006361,SME001835,RM041,2026-07-01,BRANCH,CONNECTED,CONTROLLED_SYNTHETIC
I0006362,SME001835,RM041,2025-10-11,MEETING,CONNECTED,CONTROLLED_SYNTHETIC
I0006363,SME001835,RM041,2026-05-04,BRANCH,NO_RESPONSE,CONTROLLED_SYNTHETIC
I0006364,SME001835,RM041,2025-10-07,BRANCH,CONNECTED,CONTROLLED_SYNTHETIC
I0006365,SME001835,RM041,2026-07-02,BRANCH,CONNECTED,CONTROLLED_SYNTHETIC
I0006366,SME001836,RM029,2025-11-12,SECURE_MESSAGE,NO_RESPONSE,CONTROLLED_SYNTHETIC
I0006367,SME001836,RM029,2026-04-03,CALL,CONNECTED,CONTROLLED_SYNTHETIC
I0006368,SME001837,RM048,2026-01-07,SECURE_MESSAGE,CONNECTED,CONTROLLED_SYNTHETIC
I0006369,SME001837,RM048,2026-06-10,BRANCH,CONNECTED,CONTROLLED_SYNTHETIC
I0006370,SME001837,RM048,2026-02-25,BRANCH,CONNECTED,CONTROLLED_SYNTHETIC
I0006371,SME001837,RM048,2026-05-22,BRANCH,CONNECTED,CONTROLLED_SYNTHETIC
I0006372,SME001838,RM005,2025-12-24,BRANCH,NO_RESPONSE,CONTROLLED_SYNTHETIC
I0006373,SME001838,RM005,2026-04-18,BRANCH,FOLLOW_UP,CONTROLLED_SYNTHETIC
I0006374,SME001838,RM005,2026-02-08,MEETING,NO_RESPONSE,CONTROLLED_SYNTHETIC
I0006375,SME001839,RM026,2026-07-01,CALL,CONNECTED,CONTROLLED_SYNTHETIC
I0006376,SME001840,RM029,2026-04-15,SECURE_MESSAGE,CONNECTED,CONTROLLED_SYNTHETIC
I0006377,SME001840,RM029,2025-09-21,MEETING,CONNECTED,CONTROLLED_SYNTHETIC
I0006378,SME001840,RM029,2025-09-20,MEETING,CONNECTED,CONTROLLED_SYNTHETIC
I0006379,SME001840,RM029,2026-06-14,BRANCH,CONNECTED,CONTROLLED_SYNTHETIC
I0006380,SME001840,RM029,2025-10-24,MEETING,NO_RESPONSE,CONTROLLED_SYNTHETIC
I0006381,SME001840,RM029,2026-04-12,BRANCH,CONNECTED,CONTROLLED_SYNTHETIC
I0006382,SME001841,RM007,2026-05-04,SECURE_MESSAGE,CONNECTED,CONTROLLED_SYNTHETIC
I0006383,SME001841,RM007,2026-05-18,SECURE_MESSAGE,CONNECTED,CONTROLLED_SYNTHETIC
I0006384,SME001842,RM036,2026-07-28,SECURE_MESSAGE,CONNECTED,CONTROLLED_SYNTHETIC
I0006385,SME001842,RM036,2026-04-13,MEETING,CONNECTED,CONTROLLED_SYNTHETIC
I0006386,SME001842,RM036,2026-07-14,BRANCH,FOLLOW_UP,CONTROLLED_SYNTHETIC
I0006387,SME001842,RM036,2026-02-03,SECURE_MESSAGE,CONNECTED,CONTROLLED_SYNTHETIC
I0006388,SME001842,RM036,2026-01-27,SECURE_MESSAGE,FOLLOW_UP,CONTROLLED_SYNTHETIC
I0006389,SME001842,RM036,2026-03-11,MEETING,NO_RESPONSE,CONTROLLED_SYNTHETIC
I0006390,SME001843,RM023,2026-02-25,MEETING,CONNECTED,CONTROLLED_SYNTHETIC
I0006391,SME001843,RM023,2025-11-18,CALL,CONNECTED,CONTROLLED_SYNTHETIC
I0006392,SME001843,RM023,2025-09-23,MEETING,NO_RESPONSE,CONTROLLED_SYNTHETIC
I0006393,SME001843,RM023,2026-05-25,CALL,FOLLOW_UP,CONTROLLED_SYNTHETIC
I0006394,SME001843,RM023,2025-11-18,MEETING,NO_RESPONSE,CONTROLLED_SYNTHETIC
I0006395,SME001844,RM004,2025-09-02,BRANCH,CONNECTED,CONTROLLED_SYNTHETIC
I0006396,SME001844,RM004,2026-05-20,CALL,FOLLOW_UP,CONTROLLED_SYNTHETIC
I0006397,SME001845,RM008,2026-02-22,SECURE_MESSAGE,FOLLOW_UP,CONTROLLED_SYNTHETIC
I0006398,SME001846,RM004,2025-08-26,MEETING,CONNECTED,CONTROLLED_SYNTHETIC
I0006399,SME001846,RM004,2026-01-17,BRANCH,FOLLOW_UP,CONTROLLED_SYNTHETIC
I0006400,SME001846,RM004,2025-11-24,SECURE_MESSAGE,CONNECTED,CONTROLLED_SYNTHETIC
I0006401,SME001846,RM004,2025-10-12,MEETING,FOLLOW_UP,CONTROLLED_SYNTHETIC
I0006402,SME001846,RM004,2026-07-05,MEETING,NEEDS_REVIEW,CONTROLLED_SYNTHETIC
I0006403,SME001847,RM035,2025-09-27,MEETING,FOLLOW_UP,CONTROLLED_SYNTHETIC
I0006404,SME001847,RM035,2026-01-19,MEETING,CONNECTED,CONTROLLED_SYNTHETIC
I0006405,SME001848,RM009,2025-10-10,BRANCH,FOLLOW_UP,CONTROLLED_SYNTHETIC
I0006406,SME001848,RM009,2026-07-19,BRANCH,NO_RESPONSE,CONTROLLED_SYNTHETIC
I0006407,SME001848,RM009,2026-07-29,MEETING,CONNECTED,CONTROLLED_SYNTHETIC
I0006408,SME001848,RM009,2026-03-20,BRANCH,FOLLOW_UP,CONTROLLED_SYNTHETIC
I0006409,SME001848,RM009,2026-07-24,BRANCH,CONNECTED,CONTROLLED_SYNTHETIC
I0006410,SME001848,RM009,2026-06-19,SECURE_MESSAGE,FOLLOW_UP,CONTROLLED_SYNTHETIC
I0006411,SME001849,RM017,2025-08-26,CALL,FOLLOW_UP,CONTROLLED_SYNTHETIC
I0006412,SME001849,RM017,2025-11-25,CALL,FOLLOW_UP,CONTROLLED_SYNTHETIC
I0006413,SME001849,RM017,2026-04-01,SECURE_MESSAGE,CONNECTED,CONTROLLED_SYNTHETIC
I0006414,SME001849,RM017,2025-10-06,MEETING,NEEDS_REVIEW,CONTROLLED_SYNTHETIC
I0006415,SME001849,RM017,2026-02-19,BRANCH,FOLLOW_UP,CONTROLLED_SYNTHETIC
I0006416,SME001850,RM041,2025-09-18,BRANCH,NO_RESPONSE,CONTROLLED_SYNTHETIC
I0006417,SME001850,RM041,2026-07-09,SECURE_MESSAGE,FOLLOW_UP,CONTROLLED_SYNTHETIC
I0006418,SME001850,RM041,2025-11-04,CALL,CONNECTED,CONTROLLED_SYNTHETIC
I0006419,SME001850,RM041,2026-05-27,BRANCH,FOLLOW_UP,CONTROLLED_SYNTHETIC
I0006420,SME001851,RM011,2025-08-28,BRANCH,CONNECTED,CONTROLLED_SYNTHETIC
I0006421,SME001852,RM023,2025-12-12,SECURE_MESSAGE,CONNECTED,CONTROLLED_SYNTHETIC
I0006422,SME001852,RM023,2025-12-04,MEETING,NEEDS_REVIEW,CONTROLLED_SYNTHETIC
I0006423,SME001852,RM023,2026-02-18,MEETING,FOLLOW_UP,CONTROLLED_SYNTHETIC
I0006424,SME001852,RM023,2025-10-17,BRANCH,FOLLOW_UP,CONTROLLED_SYNTHETIC
I0006425,SME001852,RM023,2025-10-22,BRANCH,NO_RESPONSE,CONTROLLED_SYNTHETIC
I0006426,SME001852,RM023,2026-07-06,MEETING,CONNECTED,CONTROLLED_SYNTHETIC
I0006427,SME001853,RM024,2025-09-01,CALL,FOLLOW_UP,CONTROLLED_SYNTHETIC
I0006428,SME001853,RM024,2025-10-08,BRANCH,CONNECTED,CONTROLLED_SYNTHETIC
I0006429,SME001854,RM021,2026-04-03,CALL,FOLLOW_UP,CONTROLLED_SYNTHETIC
I0006430,SME001855,RM038,2026-02-10,SECURE_MESSAGE,NEEDS_REVIEW,CONTROLLED_SYNTHETIC
I0006431,SME001855,RM038,2026-06-24,MEETING,FOLLOW_UP,CONTROLLED_SYNTHETIC
I0006432,SME001855,RM038,2026-07-10,SECURE_MESSAGE,FOLLOW_UP,CONTROLLED_SYNTHETIC
I0006433,SME001855,RM038,2025-12-16,SECURE_MESSAGE,NEEDS_REVIEW,CONTROLLED_SYNTHETIC
I0006434,SME001855,RM038,2026-05-05,BRANCH,NO_RESPONSE,CONTROLLED_SYNTHETIC
I0006435,SME001855,RM038,2026-05-10,CALL,CONNECTED,CONTROLLED_SYNTHETIC
I0006436,SME001856,RM041,2026-02-10,MEETING,NO_RESPONSE,CONTROLLED_SYNTHETIC
I0006437,SME001856,RM041,2026-06-26,MEETING,NO_RESPONSE,CONTROLLED_SYNTHETIC
I0006438,SME001856,RM041,2026-07-17,SECURE_MESSAGE,FOLLOW_UP,CONTROLLED_SYNTHETIC
I0006439,SME001856,RM041,2025-10-02,BRANCH,CONNECTED,CONTROLLED_SYNTHETIC
I0006440,SME001856,RM041,2026-02-16,BRANCH,FOLLOW_UP,CONTROLLED_SYNTHETIC
I0006441,SME001856,RM041,2026-04-17,SECURE_MESSAGE,NO_RESPONSE,CONTROLLED_SYNTHETIC
I0006442,SME001857,RM016,2026-01-25,SECURE_MESSAGE,NO_RESPONSE,CONTROLLED_SYNTHETIC
I0006443,SME001857,RM016,2025-12-04,SECURE_MESSAGE,NEEDS_REVIEW,CONTROLLED_SYNTHETIC
I0006444,SME001857,RM016,2025-09-19,BRANCH,NO_RESPONSE,CONTROLLED_SYNTHETIC
I0006445,SME001857,RM016,2026-03-05,SECURE_MESSAGE,FOLLOW_UP,CONTROLLED_SYNTHETIC
I0006446,SME001857,RM016,2026-03-30,CALL,FOLLOW_UP,CONTROLLED_SYNTHETIC
I0006447,SME001858,RM045,2025-10-08,BRANCH,NO_RESPONSE,CONTROLLED_SYNTHETIC
I0006448,SME001858,RM045,2026-02-01,SECURE_MESSAGE,NEEDS_REVIEW,CONTROLLED_SYNTHETIC
I0006449,SME001858,RM045,2025-09-15,BRANCH,CONNECTED,CONTROLLED_SYNTHETIC
I0006450,SME001858,RM045,2025-08-23,SECURE_MESSAGE,CONNECTED,CONTROLLED_SYNTHETIC
I0006451,SME001858,RM045,2026-02-10,MEETING,CONNECTED,CONTROLLED_SYNTHETIC
I0006452,SME001859,RM041,2025-09-09,MEETING,FOLLOW_UP,CONTROLLED_SYNTHETIC
I0006453,SME001859,RM041,2026-03-26,CALL,CONNECTED,CONTROLLED_SYNTHETIC
I0006454,SME001859,RM041,2026-07-18,SECURE_MESSAGE,CONNECTED,CONTROLLED_SYNTHETIC
I0006455,SME001859,RM041,2026-06-25,CALL,NO_RESPONSE,CONTROLLED_SYNTHETIC
I0006456,SME001859,RM041,2026-05-26,SECURE_MESSAGE,NO_RESPONSE,CONTROLLED_SYNTHETIC
I0006457,SME001859,RM041,2025-09-01,MEETING,CONNECTED,CONTROLLED_SYNTHETIC
I0006458,SME001860,RM024,2026-07-16,CALL,NEEDS_REVIEW,CONTROLLED_SYNTHETIC
I0006459,SME001860,RM024,2026-08-11,BRANCH,CONNECTED,CONTROLLED_SYNTHETIC
I0006460,SME001860,RM024,2026-02-04,BRANCH,CONNECTED,CONTROLLED_SYNTHETIC
I0006461,SME001861,RM036,2026-07-08,CALL,CONNECTED,CONTROLLED_SYNTHETIC
I0006462,SME001861,RM036,2026-05-28,CALL,CONNECTED,CONTROLLED_SYNTHETIC
I0006463,SME001861,RM036,2025-10-07,MEETING,NO_RESPONSE,CONTROLLED_SYNTHETIC
I0006464,SME001862,RM038,2026-05-04,SECURE_MESSAGE,NO_RESPONSE,CONTROLLED_SYNTHETIC
I0006465,SME001862,RM038,2025-10-10,BRANCH,FOLLOW_UP,CONTROLLED_SYNTHETIC
I0006466,SME001862,RM038,2025-09-16,BRANCH,NEEDS_REVIEW,CONTROLLED_SYNTHETIC
I0006467,SME001862,RM038,2026-05-23,CALL,NO_RESPONSE,CONTROLLED_SYNTHETIC
I0006468,SME001862,RM038,2025-11-19,BRANCH,CONNECTED,CONTROLLED_SYNTHETIC
I0006469,SME001862,RM038,2026-06-14,SECURE_MESSAGE,NO_RESPONSE,CONTROLLED_SYNTHETIC
I0006470,SME001863,RM030,2026-07-02,BRANCH,FOLLOW_UP,CONTROLLED_SYNTHETIC
I0006471,SME001863,RM030,2026-05-16,CALL,CONNECTED,CONTROLLED_SYNTHETIC
I0006472,SME001864,RM044,2026-07-28,MEETING,NO_RESPONSE,CONTROLLED_SYNTHETIC
I0006473,SME001864,RM044,2025-12-21,MEETING,CONNECTED,CONTROLLED_SYNTHETIC
I0006474,SME001864,RM044,2025-09-06,MEETING,FOLLOW_UP,CONTROLLED_SYNTHETIC
I0006475,SME001864,RM044,2026-04-01,SECURE_MESSAGE,NO_RESPONSE,CONTROLLED_SYNTHETIC
I0006476,SME001864,RM044,2026-07-23,MEETING,CONNECTED,CONTROLLED_SYNTHETIC
I0006477,SME001864,RM044,2026-07-07,MEETING,NO_RESPONSE,CONTROLLED_SYNTHETIC
I0006478,SME001865,RM029,2026-08-08,BRANCH,FOLLOW_UP,CONTROLLED_SYNTHETIC
I0006479,SME001865,RM029,2026-03-13,BRANCH,CONNECTED,CONTROLLED_SYNTHETIC
I0006480,SME001865,RM029,2026-08-01,CALL,CONNECTED,CONTROLLED_SYNTHETIC
I0006481,SME001865,RM029,2026-05-12,SECURE_MESSAGE,CONNECTED,CONTROLLED_SYNTHETIC
I0006482,SME001866,RM008,2025-10-10,SECURE_MESSAGE,FOLLOW_UP,CONTROLLED_SYNTHETIC
I0006483,SME001866,RM008,2025-11-02,SECURE_MESSAGE,CONNECTED,CONTROLLED_SYNTHETIC
I0006484,SME001866,RM008,2026-04-14,MEETING,NO_RESPONSE,CONTROLLED_SYNTHETIC
I0006485,SME001866,RM008,2026-04-14,SECURE_MESSAGE,CONNECTED,CONTROLLED_SYNTHETIC
I0006486,SME001866,RM008,2026-07-16,MEETING,NO_RESPONSE,CONTROLLED_SYNTHETIC
I0006487,SME001867,RM003,2026-02-03,CALL,FOLLOW_UP,CONTROLLED_SYNTHETIC
I0006488,SME001867,RM003,2026-06-23,MEETING,CONNECTED,CONTROLLED_SYNTHETIC
I0006489,SME001867,RM003,2026-03-14,SECURE_MESSAGE,FOLLOW_UP,CONTROLLED_SYNTHETIC
I0006490,SME001867,RM003,2026-07-22,SECURE_MESSAGE,FOLLOW_UP,CONTROLLED_SYNTHETIC
I0006491,SME001867,RM003,2025-12-25,MEETING,FOLLOW_UP,CONTROLLED_SYNTHETIC
I0006492,SME001867,RM003,2026-08-08,MEETING,NO_RESPONSE,CONTROLLED_SYNTHETIC
I0006493,SME001868,RM002,2025-12-11,MEETING,CONNECTED,CONTROLLED_SYNTHETIC
I0006494,SME001868,RM002,2025-09-12,CALL,NEEDS_REVIEW,CONTROLLED_SYNTHETIC
I0006495,SME001868,RM002,2026-04-26,MEETING,FOLLOW_UP,CONTROLLED_SYNTHETIC
I0006496,SME001868,RM002,2025-12-06,CALL,NO_RESPONSE,CONTROLLED_SYNTHETIC
I0006497,SME001868,RM002,2026-06-24,SECURE_MESSAGE,CONNECTED,CONTROLLED_SYNTHETIC
I0006498,SME001868,RM002,2026-04-17,MEETING,NEEDS_REVIEW,CONTROLLED_SYNTHETIC
I0006499,SME001869,RM034,2026-07-02,MEETING,FOLLOW_UP,CONTROLLED_SYNTHETIC
I0006500,SME001869,RM034,2026-04-08,MEETING,FOLLOW_UP,CONTROLLED_SYNTHETIC
I0006501,SME001869,RM034,2026-04-20,BRANCH,CONNECTED,CONTROLLED_SYNTHETIC
I0006502,SME001869,RM034,2026-01-02,SECURE_MESSAGE,NO_RESPONSE,CONTROLLED_SYNTHETIC
I0006503,SME001869,RM034,2025-11-10,CALL,NO_RESPONSE,CONTROLLED_SYNTHETIC
I0006504,SME001870,RM028,2025-09-14,MEETING,CONNECTED,CONTROLLED_SYNTHETIC
I0006505,SME001870,RM028,2026-05-20,MEETING,NEEDS_REVIEW,CONTROLLED_SYNTHETIC
I0006506,SME001870,RM028,2025-12-28,CALL,FOLLOW_UP,CONTROLLED_SYNTHETIC
I0006507,SME001870,RM028,2025-08-31,BRANCH,NEEDS_REVIEW,CONTROLLED_SYNTHETIC
I0006508,SME001871,RM002,2025-10-15,MEETING,CONNECTED,CONTROLLED_SYNTHETIC
I0006509,SME001871,RM002,2026-07-31,SECURE_MESSAGE,CONNECTED,CONTROLLED_SYNTHETIC
I0006510,SME001871,RM002,2026-07-23,BRANCH,FOLLOW_UP,CONTROLLED_SYNTHETIC
I0006511,SME001871,RM002,2026-03-23,CALL,NO_RESPONSE,CONTROLLED_SYNTHETIC
I0006512,SME001871,RM002,2026-03-27,BRANCH,FOLLOW_UP,CONTROLLED_SYNTHETIC
I0006513,SME001872,RM009,2025-12-20,CALL,CONNECTED,CONTROLLED_SYNTHETIC
I0006514,SME001873,RM042,2026-01-18,MEETING,CONNECTED,CONTROLLED_SYNTHETIC
I0006515,SME001873,RM042,2026-05-21,MEETING,FOLLOW_UP,CONTROLLED_SYNTHETIC
I0006516,SME001873,RM042,2026-02-11,CALL,FOLLOW_UP,CONTROLLED_SYNTHETIC
I0006517,SME001873,RM042,2025-09-04,BRANCH,CONNECTED,CONTROLLED_SYNTHETIC
I0006518,SME001873,RM042,2025-09-23,BRANCH,NO_RESPONSE,CONTROLLED_SYNTHETIC
I0006519,SME001873,RM042,2025-12-11,BRANCH,CONNECTED,CONTROLLED_SYNTHETIC
I0006520,SME001874,RM041,2026-01-27,CALL,CONNECTED,CONTROLLED_SYNTHETIC
I0006521,SME001874,RM041,2026-04-17,BRANCH,CONNECTED,CONTROLLED_SYNTHETIC
I0006522,SME001874,RM041,2026-05-03,BRANCH,CONNECTED,CONTROLLED_SYNTHETIC
I0006523,SME001874,RM041,2026-04-24,CALL,CONNECTED,CONTROLLED_SYNTHETIC
I0006524,SME001875,RM025,2026-01-17,MEETING,CONNECTED,CONTROLLED_SYNTHETIC
I0006525,SME001875,RM025,2026-07-25,BRANCH,CONNECTED,CONTROLLED_SYNTHETIC
I0006526,SME001875,RM025,2025-09-21,SECURE_MESSAGE,FOLLOW_UP,CONTROLLED_SYNTHETIC
I0006527,SME001876,RM048,2025-09-03,BRANCH,NO_RESPONSE,CONTROLLED_SYNTHETIC
I0006528,SME001876,RM048,2025-11-09,MEETING,NO_RESPONSE,CONTROLLED_SYNTHETIC
I0006529,SME001876,RM048,2025-09-26,CALL,FOLLOW_UP,CONTROLLED_SYNTHETIC
I0006530,SME001877,RM004,2026-08-18,MEETING,NO_RESPONSE,CONTROLLED_SYNTHETIC
I0006531,SME001877,RM004,2026-04-28,SECURE_MESSAGE,CONNECTED,CONTROLLED_SYNTHETIC
I0006532,SME001877,RM004,2026-05-23,BRANCH,NO_RESPONSE,CONTROLLED_SYNTHETIC
I0006533,SME001877,RM004,2025-12-29,BRANCH,CONNECTED,CONTROLLED_SYNTHETIC
I0006534,SME001877,RM004,2025-11-12,MEETING,FOLLOW_UP,CONTROLLED_SYNTHETIC
I0006535,SME001877,RM004,2026-01-05,MEETING,NO_RESPONSE,CONTROLLED_SYNTHETIC
I0006536,SME001878,RM022,2026-04-21,BRANCH,NO_RESPONSE,CONTROLLED_SYNTHETIC
I0006537,SME001878,RM022,2026-03-01,BRANCH,NO_RESPONSE,CONTROLLED_SYNTHETIC
I0006538,SME001879,RM011,2025-12-24,MEETING,NO_RESPONSE,CONTROLLED_SYNTHETIC
I0006539,SME001879,RM011,2026-02-02,SECURE_MESSAGE,FOLLOW_UP,CONTROLLED_SYNTHETIC
I0006540,SME001879,RM011,2026-04-16,CALL,FOLLOW_UP,CONTROLLED_SYNTHETIC
I0006541,SME001879,RM011,2026-03-01,BRANCH,CONNECTED,CONTROLLED_SYNTHETIC
I0006542,SME001879,RM011,2026-06-13,MEETING,CONNECTED,CONTROLLED_SYNTHETIC
I0006543,SME001879,RM011,2025-11-09,CALL,NEEDS_REVIEW,CONTROLLED_SYNTHETIC
I0006544,SME001880,RM013,2026-07-19,MEETING,FOLLOW_UP,CONTROLLED_SYNTHETIC
I0006545,SME001880,RM013,2026-02-10,CALL,NEEDS_REVIEW,CONTROLLED_SYNTHETIC
I0006546,SME001880,RM013,2025-09-23,SECURE_MESSAGE,CONNECTED,CONTROLLED_SYNTHETIC
I0006547,SME001880,RM013,2025-12-28,BRANCH,CONNECTED,CONTROLLED_SYNTHETIC
I0006548,SME001880,RM013,2025-09-06,SECURE_MESSAGE,NO_RESPONSE,CONTROLLED_SYNTHETIC
I0006549,SME001880,RM013,2026-05-26,MEETING,CONNECTED,CONTROLLED_SYNTHETIC
I0006550,SME001881,RM029,2026-04-01,MEETING,CONNECTED,CONTROLLED_SYNTHETIC
I0006551,SME001881,RM029,2025-12-06,CALL,NEEDS_REVIEW,CONTROLLED_SYNTHETIC
I0006552,SME001882,RM027,2026-01-29,SECURE_MESSAGE,CONNECTED,CONTROLLED_SYNTHETIC
I0006553,SME001882,RM027,2025-11-26,MEETING,FOLLOW_UP,CONTROLLED_SYNTHETIC
I0006554,SME001883,RM019,2025-12-29,SECURE_MESSAGE,FOLLOW_UP,CONTROLLED_SYNTHETIC
I0006555,SME001883,RM019,2026-05-31,MEETING,NO_RESPONSE,CONTROLLED_SYNTHETIC
I0006556,SME001883,RM019,2025-11-19,SECURE_MESSAGE,FOLLOW_UP,CONTROLLED_SYNTHETIC
I0006557,SME001883,RM019,2026-04-15,CALL,FOLLOW_UP,CONTROLLED_SYNTHETIC
I0006558,SME001883,RM019,2026-08-19,CALL,FOLLOW_UP,CONTROLLED_SYNTHETIC
I0006559,SME001884,RM039,2025-11-20,SECURE_MESSAGE,FOLLOW_UP,CONTROLLED_SYNTHETIC
I0006560,SME001884,RM039,2026-05-23,CALL,CONNECTED,CONTROLLED_SYNTHETIC
I0006561,SME001884,RM039,2026-06-30,MEETING,CONNECTED,CONTROLLED_SYNTHETIC
I0006562,SME001885,RM004,2025-08-27,SECURE_MESSAGE,NO_RESPONSE,CONTROLLED_SYNTHETIC
I0006563,SME001886,RM010,2026-04-15,CALL,CONNECTED,CONTROLLED_SYNTHETIC
I0006564,SME001886,RM010,2025-11-25,SECURE_MESSAGE,CONNECTED,CONTROLLED_SYNTHETIC
I0006565,SME001886,RM010,2026-01-17,BRANCH,CONNECTED,CONTROLLED_SYNTHETIC
I0006566,SME001886,RM010,2026-01-09,MEETING,CONNECTED,CONTROLLED_SYNTHETIC
I0006567,SME001886,RM010,2026-01-31,MEETING,NO_RESPONSE,CONTROLLED_SYNTHETIC
I0006568,SME001886,RM010,2026-07-09,CALL,NO_RESPONSE,CONTROLLED_SYNTHETIC
I0006569,SME001887,RM045,2026-03-20,SECURE_MESSAGE,NEEDS_REVIEW,CONTROLLED_SYNTHETIC
I0006570,SME001887,RM045,2026-06-19,SECURE_MESSAGE,NEEDS_REVIEW,CONTROLLED_SYNTHETIC
I0006571,SME001887,RM045,2026-04-12,SECURE_MESSAGE,NEEDS_REVIEW,CONTROLLED_SYNTHETIC
I0006572,SME001888,RM012,2026-07-30,MEETING,FOLLOW_UP,CONTROLLED_SYNTHETIC
I0006573,SME001888,RM012,2025-12-08,BRANCH,CONNECTED,CONTROLLED_SYNTHETIC
I0006574,SME001888,RM012,2025-10-03,CALL,NO_RESPONSE,CONTROLLED_SYNTHETIC
I0006575,SME001888,RM012,2026-07-16,SECURE_MESSAGE,FOLLOW_UP,CONTROLLED_SYNTHETIC
I0006576,SME001888,RM012,2026-01-26,SECURE_MESSAGE,FOLLOW_UP,CONTROLLED_SYNTHETIC
I0006577,SME001889,RM008,2025-12-06,CALL,CONNECTED,CONTROLLED_SYNTHETIC
I0006578,SME001890,RM035,2026-07-28,BRANCH,FOLLOW_UP,CONTROLLED_SYNTHETIC
I0006579,SME001890,RM035,2026-03-13,MEETING,CONNECTED,CONTROLLED_SYNTHETIC
I0006580,SME001890,RM035,2026-03-18,BRANCH,CONNECTED,CONTROLLED_SYNTHETIC
I0006581,SME001890,RM035,2025-12-25,CALL,FOLLOW_UP,CONTROLLED_SYNTHETIC
I0006582,SME001890,RM035,2026-01-01,SECURE_MESSAGE,CONNECTED,CONTROLLED_SYNTHETIC
I0006583,SME001890,RM035,2025-11-10,CALL,CONNECTED,CONTROLLED_SYNTHETIC
I0006584,SME001891,RM044,2026-07-28,SECURE_MESSAGE,CONNECTED,CONTROLLED_SYNTHETIC
I0006585,SME001891,RM044,2026-07-06,CALL,NO_RESPONSE,CONTROLLED_SYNTHETIC
I0006586,SME001891,RM044,2025-10-14,CALL,NO_RESPONSE,CONTROLLED_SYNTHETIC
I0006587,SME001891,RM044,2025-10-04,MEETING,FOLLOW_UP,CONTROLLED_SYNTHETIC
I0006588,SME001891,RM044,2025-10-25,BRANCH,FOLLOW_UP,CONTROLLED_SYNTHETIC
I0006589,SME001891,RM044,2026-02-24,SECURE_MESSAGE,NO_RESPONSE,CONTROLLED_SYNTHETIC
I0006590,SME001892,RM042,2026-05-10,MEETING,FOLLOW_UP,CONTROLLED_SYNTHETIC
I0006591,SME001892,RM042,2026-05-15,CALL,NO_RESPONSE,CONTROLLED_SYNTHETIC
I0006592,SME001893,RM024,2026-06-01,CALL,CONNECTED,CONTROLLED_SYNTHETIC
I0006593,SME001894,RM029,2026-07-02,SECURE_MESSAGE,CONNECTED,CONTROLLED_SYNTHETIC
I0006594,SME001894,RM029,2026-04-08,MEETING,NO_RESPONSE,CONTROLLED_SYNTHETIC
I0006595,SME001894,RM029,2026-03-29,BRANCH,NO_RESPONSE,CONTROLLED_SYNTHETIC
I0006596,SME001895,RM022,2026-06-29,MEETING,CONNECTED,CONTROLLED_SYNTHETIC
I0006597,SME001896,RM041,2025-11-26,CALL,FOLLOW_UP,CONTROLLED_SYNTHETIC
I0006598,SME001896,RM041,2026-01-28,BRANCH,FOLLOW_UP,CONTROLLED_SYNTHETIC
I0006599,SME001896,RM041,2026-01-14,MEETING,NO_RESPONSE,CONTROLLED_SYNTHETIC
I0006600,SME001897,RM002,2026-08-09,MEETING,CONNECTED,CONTROLLED_SYNTHETIC
I0006601,SME001898,RM048,2025-12-05,SECURE_MESSAGE,FOLLOW_UP,CONTROLLED_SYNTHETIC
I0006602,SME001898,RM048,2025-11-18,BRANCH,NO_RESPONSE,CONTROLLED_SYNTHETIC
I0006603,SME001898,RM048,2026-07-01,BRANCH,CONNECTED,CONTROLLED_SYNTHETIC
I0006604,SME001898,RM048,2026-05-16,MEETING,FOLLOW_UP,CONTROLLED_SYNTHETIC
I0006605,SME001898,RM048,2026-04-24,CALL,CONNECTED,CONTROLLED_SYNTHETIC
I0006606,SME001898,RM048,2026-03-17,CALL,CONNECTED,CONTROLLED_SYNTHETIC
I0006607,SME001899,RM004,2026-07-11,CALL,CONNECTED,CONTROLLED_SYNTHETIC
I0006608,SME001899,RM004,2026-02-13,CALL,CONNECTED,CONTROLLED_SYNTHETIC
I0006609,SME001899,RM004,2026-04-20,BRANCH,CONNECTED,CONTROLLED_SYNTHETIC
I0006610,SME001899,RM004,2026-06-09,CALL,FOLLOW_UP,CONTROLLED_SYNTHETIC
I0006611,SME001899,RM004,2026-01-04,SECURE_MESSAGE,FOLLOW_UP,CONTROLLED_SYNTHETIC
I0006612,SME001900,RM021,2026-08-08,BRANCH,FOLLOW_UP,CONTROLLED_SYNTHETIC
I0006613,SME001900,RM021,2025-09-29,CALL,FOLLOW_UP,CONTROLLED_SYNTHETIC
I0006614,SME001900,RM021,2025-11-19,BRANCH,CONNECTED,CONTROLLED_SYNTHETIC
I0006615,SME001900,RM021,2025-09-28,MEETING,FOLLOW_UP,CONTROLLED_SYNTHETIC
I0006616,SME001900,RM021,2026-07-02,BRANCH,NO_RESPONSE,CONTROLLED_SYNTHETIC
I0006617,SME001900,RM021,2026-06-27,BRANCH,FOLLOW_UP,CONTROLLED_SYNTHETIC
I0006618,SME001901,RM009,2025-11-05,BRANCH,NO_RESPONSE,CONTROLLED_SYNTHETIC
I0006619,SME001901,RM009,2026-02-19,CALL,CONNECTED,CONTROLLED_SYNTHETIC
I0006620,SME001901,RM009,2026-01-17,SECURE_MESSAGE,CONNECTED,CONTROLLED_SYNTHETIC
I0006621,SME001901,RM009,2025-11-25,BRANCH,CONNECTED,CONTROLLED_SYNTHETIC
I0006622,SME001901,RM009,2025-09-05,BRANCH,CONNECTED,CONTROLLED_SYNTHETIC
I0006623,SME001902,RM018,2026-01-03,BRANCH,FOLLOW_UP,CONTROLLED_SYNTHETIC
I0006624,SME001903,RM036,2026-07-30,BRANCH,NO_RESPONSE,CONTROLLED_SYNTHETIC
I0006625,SME001904,RM015,2026-03-03,BRANCH,CONNECTED,CONTROLLED_SYNTHETIC
I0006626,SME001904,RM015,2026-06-06,BRANCH,FOLLOW_UP,CONTROLLED_SYNTHETIC
I0006627,SME001904,RM015,2026-02-12,CALL,FOLLOW_UP,CONTROLLED_SYNTHETIC
I0006628,SME001904,RM015,2026-04-20,BRANCH,CONNECTED,CONTROLLED_SYNTHETIC
I0006629,SME001904,RM015,2026-04-21,CALL,NEEDS_REVIEW,CONTROLLED_SYNTHETIC
I0006630,SME001904,RM015,2026-06-30,MEETING,NEEDS_REVIEW,CONTROLLED_SYNTHETIC
I0006631,SME001905,RM043,2025-12-05,SECURE_MESSAGE,CONNECTED,CONTROLLED_SYNTHETIC
I0006632,SME001906,RM033,2026-07-20,SECURE_MESSAGE,NO_RESPONSE,CONTROLLED_SYNTHETIC
I0006633,SME001906,RM033,2025-09-12,MEETING,CONNECTED,CONTROLLED_SYNTHETIC
I0006634,SME001906,RM033,2026-07-01,MEETING,CONNECTED,CONTROLLED_SYNTHETIC
I0006635,SME001906,RM033,2026-08-05,CALL,NO_RESPONSE,CONTROLLED_SYNTHETIC
I0006636,SME001906,RM033,2025-11-04,BRANCH,FOLLOW_UP,CONTROLLED_SYNTHETIC
I0006637,SME001906,RM033,2026-03-14,CALL,CONNECTED,CONTROLLED_SYNTHETIC
I0006638,SME001907,RM008,2025-11-17,SECURE_MESSAGE,CONNECTED,CONTROLLED_SYNTHETIC
I0006639,SME001907,RM008,2026-04-21,SECURE_MESSAGE,NEEDS_REVIEW,CONTROLLED_SYNTHETIC
I0006640,SME001907,RM008,2025-11-21,CALL,CONNECTED,CONTROLLED_SYNTHETIC
I0006641,SME001907,RM008,2026-05-24,CALL,CONNECTED,CONTROLLED_SYNTHETIC
I0006642,SME001907,RM008,2025-11-25,CALL,FOLLOW_UP,CONTROLLED_SYNTHETIC
I0006643,SME001908,RM014,2026-07-31,SECURE_MESSAGE,CONNECTED,CONTROLLED_SYNTHETIC
I0006644,SME001908,RM014,2026-06-08,BRANCH,FOLLOW_UP,CONTROLLED_SYNTHETIC
I0006645,SME001908,RM014,2026-05-15,BRANCH,FOLLOW_UP,CONTROLLED_SYNTHETIC
I0006646,SME001908,RM014,2026-05-26,BRANCH,CONNECTED,CONTROLLED_SYNTHETIC
I0006647,SME001908,RM014,2026-01-01,CALL,FOLLOW_UP,CONTROLLED_SYNTHETIC
I0006648,SME001909,RM023,2026-08-08,MEETING,NO_RESPONSE,CONTROLLED_SYNTHETIC
I0006649,SME001909,RM023,2026-03-04,MEETING,FOLLOW_UP,CONTROLLED_SYNTHETIC
I0006650,SME001909,RM023,2026-03-01,MEETING,NEEDS_REVIEW,CONTROLLED_SYNTHETIC
I0006651,SME001909,RM023,2026-04-18,BRANCH,FOLLOW_UP,CONTROLLED_SYNTHETIC
I0006652,SME001910,RM029,2025-12-11,BRANCH,CONNECTED,CONTROLLED_SYNTHETIC
I0006653,SME001910,RM029,2026-06-11,SECURE_MESSAGE,NO_RESPONSE,CONTROLLED_SYNTHETIC
I0006654,SME001910,RM029,2026-06-25,MEETING,CONNECTED,CONTROLLED_SYNTHETIC
I0006655,SME001910,RM029,2025-11-30,CALL,CONNECTED,CONTROLLED_SYNTHETIC
I0006656,SME001910,RM029,2025-08-28,CALL,FOLLOW_UP,CONTROLLED_SYNTHETIC
I0006657,SME001910,RM029,2026-07-19,SECURE_MESSAGE,NO_RESPONSE,CONTROLLED_SYNTHETIC
I0006658,SME001911,RM010,2025-08-27,MEETING,NO_RESPONSE,CONTROLLED_SYNTHETIC
I0006659,SME001911,RM010,2026-06-11,MEETING,CONNECTED,CONTROLLED_SYNTHETIC
I0006660,SME001911,RM010,2026-04-02,MEETING,FOLLOW_UP,CONTROLLED_SYNTHETIC
I0006661,SME001911,RM010,2025-10-08,MEETING,FOLLOW_UP,CONTROLLED_SYNTHETIC
I0006662,SME001912,RM020,2025-08-31,CALL,NEEDS_REVIEW,CONTROLLED_SYNTHETIC
I0006663,SME001912,RM020,2026-02-27,CALL,NO_RESPONSE,CONTROLLED_SYNTHETIC
I0006664,SME001912,RM020,2026-07-12,SECURE_MESSAGE,NO_RESPONSE,CONTROLLED_SYNTHETIC
I0006665,SME001912,RM020,2025-10-08,SECURE_MESSAGE,NEEDS_REVIEW,CONTROLLED_SYNTHETIC
I0006666,SME001912,RM020,2026-07-27,SECURE_MESSAGE,FOLLOW_UP,CONTROLLED_SYNTHETIC
I0006667,SME001913,RM047,2025-10-27,SECURE_MESSAGE,CONNECTED,CONTROLLED_SYNTHETIC
I0006668,SME001914,RM015,2026-02-24,MEETING,CONNECTED,CONTROLLED_SYNTHETIC
I0006669,SME001914,RM015,2025-09-12,CALL,FOLLOW_UP,CONTROLLED_SYNTHETIC
I0006670,SME001914,RM015,2026-07-03,MEETING,FOLLOW_UP,CONTROLLED_SYNTHETIC
I0006671,SME001914,RM015,2026-07-03,CALL,NEEDS_REVIEW,CONTROLLED_SYNTHETIC
I0006672,SME001914,RM015,2026-06-29,BRANCH,CONNECTED,CONTROLLED_SYNTHETIC
I0006673,SME001915,RM041,2026-07-28,CALL,FOLLOW_UP,CONTROLLED_SYNTHETIC
I0006674,SME001915,RM041,2026-08-06,CALL,NO_RESPONSE,CONTROLLED_SYNTHETIC
I0006675,SME001915,RM041,2025-08-21,CALL,FOLLOW_UP,CONTROLLED_SYNTHETIC
I0006676,SME001916,RM008,2025-08-29,SECURE_MESSAGE,FOLLOW_UP,CONTROLLED_SYNTHETIC
I0006677,SME001916,RM008,2026-01-25,MEETING,CONNECTED,CONTROLLED_SYNTHETIC
I0006678,SME001917,RM008,2025-10-08,MEETING,CONNECTED,CONTROLLED_SYNTHETIC
I0006679,SME001917,RM008,2025-11-26,SECURE_MESSAGE,CONNECTED,CONTROLLED_SYNTHETIC
I0006680,SME001917,RM008,2025-08-24,SECURE_MESSAGE,FOLLOW_UP,CONTROLLED_SYNTHETIC
I0006681,SME001917,RM008,2026-03-06,CALL,FOLLOW_UP,CONTROLLED_SYNTHETIC
I0006682,SME001917,RM008,2026-05-18,BRANCH,NO_RESPONSE,CONTROLLED_SYNTHETIC
I0006683,SME001917,RM008,2026-02-16,CALL,NO_RESPONSE,CONTROLLED_SYNTHETIC
I0006684,SME001918,RM004,2026-07-23,BRANCH,CONNECTED,CONTROLLED_SYNTHETIC
I0006685,SME001918,RM004,2026-07-17,MEETING,NO_RESPONSE,CONTROLLED_SYNTHETIC
I0006686,SME001918,RM004,2026-01-12,CALL,NO_RESPONSE,CONTROLLED_SYNTHETIC
I0006687,SME001918,RM004,2025-10-16,MEETING,CONNECTED,CONTROLLED_SYNTHETIC
I0006688,SME001919,RM035,2026-07-12,CALL,CONNECTED,CONTROLLED_SYNTHETIC
I0006689,SME001919,RM035,2026-04-19,SECURE_MESSAGE,NO_RESPONSE,CONTROLLED_SYNTHETIC
I0006690,SME001919,RM035,2026-02-16,BRANCH,CONNECTED,CONTROLLED_SYNTHETIC
I0006691,SME001919,RM035,2026-08-18,MEETING,FOLLOW_UP,CONTROLLED_SYNTHETIC
I0006692,SME001920,RM020,2025-12-12,SECURE_MESSAGE,CONNECTED,CONTROLLED_SYNTHETIC
I0006693,SME001920,RM020,2026-02-23,CALL,NO_RESPONSE,CONTROLLED_SYNTHETIC
I0006694,SME001920,RM020,2026-04-15,SECURE_MESSAGE,FOLLOW_UP,CONTROLLED_SYNTHETIC
I0006695,SME001920,RM020,2025-11-20,MEETING,NEEDS_REVIEW,CONTROLLED_SYNTHETIC
I0006696,SME001921,RM008,2025-10-29,MEETING,CONNECTED,CONTROLLED_SYNTHETIC
I0006697,SME001922,RM012,2025-09-07,MEETING,CONNECTED,CONTROLLED_SYNTHETIC
I0006698,SME001922,RM012,2025-10-10,SECURE_MESSAGE,NEEDS_REVIEW,CONTROLLED_SYNTHETIC
I0006699,SME001922,RM012,2025-12-10,SECURE_MESSAGE,CONNECTED,CONTROLLED_SYNTHETIC
I0006700,SME001922,RM012,2025-12-05,BRANCH,CONNECTED,CONTROLLED_SYNTHETIC
I0006701,SME001922,RM012,2025-09-07,CALL,CONNECTED,CONTROLLED_SYNTHETIC
I0006702,SME001922,RM012,2026-06-26,BRANCH,FOLLOW_UP,CONTROLLED_SYNTHETIC
I0006703,SME001923,RM016,2026-08-08,BRANCH,CONNECTED,CONTROLLED_SYNTHETIC
I0006704,SME001924,RM036,2025-11-07,CALL,CONNECTED,CONTROLLED_SYNTHETIC
I0006705,SME001924,RM036,2025-11-19,BRANCH,NEEDS_REVIEW,CONTROLLED_SYNTHETIC
I0006706,SME001924,RM036,2026-03-28,CALL,CONNECTED,CONTROLLED_SYNTHETIC
I0006707,SME001924,RM036,2026-01-05,CALL,CONNECTED,CONTROLLED_SYNTHETIC
I0006708,SME001924,RM036,2026-05-05,CALL,FOLLOW_UP,CONTROLLED_SYNTHETIC
I0006709,SME001924,RM036,2025-09-02,CALL,NO_RESPONSE,CONTROLLED_SYNTHETIC
I0006710,SME001925,RM008,2025-09-13,CALL,CONNECTED,CONTROLLED_SYNTHETIC
I0006711,SME001925,RM008,2026-04-10,SECURE_MESSAGE,CONNECTED,CONTROLLED_SYNTHETIC
I0006712,SME001925,RM008,2025-09-11,CALL,NO_RESPONSE,CONTROLLED_SYNTHETIC
I0006713,SME001925,RM008,2026-01-18,BRANCH,CONNECTED,CONTROLLED_SYNTHETIC
I0006714,SME001926,RM019,2025-09-18,MEETING,FOLLOW_UP,CONTROLLED_SYNTHETIC
I0006715,SME001927,RM047,2026-05-25,BRANCH,CONNECTED,CONTROLLED_SYNTHETIC
I0006716,SME001927,RM047,2026-01-29,CALL,CONNECTED,CONTROLLED_SYNTHETIC
I0006717,SME001927,RM047,2026-03-12,BRANCH,FOLLOW_UP,CONTROLLED_SYNTHETIC
I0006718,SME001927,RM047,2025-11-18,MEETING,CONNECTED,CONTROLLED_SYNTHETIC
I0006719,SME001927,RM047,2026-05-20,CALL,CONNECTED,CONTROLLED_SYNTHETIC
I0006720,SME001927,RM047,2025-11-17,MEETING,CONNECTED,CONTROLLED_SYNTHETIC
I0006721,SME001928,RM010,2026-03-15,MEETING,FOLLOW_UP,CONTROLLED_SYNTHETIC
I0006722,SME001928,RM010,2025-09-15,MEETING,FOLLOW_UP,CONTROLLED_SYNTHETIC
I0006723,SME001928,RM010,2025-10-24,BRANCH,CONNECTED,CONTROLLED_SYNTHETIC
I0006724,SME001928,RM010,2025-11-11,CALL,NEEDS_REVIEW,CONTROLLED_SYNTHETIC
I0006725,SME001928,RM010,2026-07-25,CALL,NO_RESPONSE,CONTROLLED_SYNTHETIC
I0006726,SME001928,RM010,2026-03-04,MEETING,FOLLOW_UP,CONTROLLED_SYNTHETIC
I0006727,SME001929,RM026,2026-03-10,SECURE_MESSAGE,CONNECTED,CONTROLLED_SYNTHETIC
I0006728,SME001930,RM036,2026-03-22,SECURE_MESSAGE,CONNECTED,CONTROLLED_SYNTHETIC
I0006729,SME001931,RM047,2025-11-17,MEETING,CONNECTED,CONTROLLED_SYNTHETIC
I0006730,SME001931,RM047,2026-02-28,CALL,FOLLOW_UP,CONTROLLED_SYNTHETIC
I0006731,SME001931,RM047,2026-03-01,BRANCH,CONNECTED,CONTROLLED_SYNTHETIC
I0006732,SME001931,RM047,2025-09-26,CALL,CONNECTED,CONTROLLED_SYNTHETIC
I0006733,SME001931,RM047,2025-10-10,SECURE_MESSAGE,FOLLOW_UP,CONTROLLED_SYNTHETIC
I0006734,SME001931,RM047,2025-10-06,BRANCH,FOLLOW_UP,CONTROLLED_SYNTHETIC
I0006735,SME001932,RM029,2025-10-15,BRANCH,CONNECTED,CONTROLLED_SYNTHETIC
I0006736,SME001932,RM029,2026-06-24,MEETING,FOLLOW_UP,CONTROLLED_SYNTHETIC
I0006737,SME001932,RM029,2026-01-23,BRANCH,FOLLOW_UP,CONTROLLED_SYNTHETIC
I0006738,SME001932,RM029,2025-12-02,MEETING,CONNECTED,CONTROLLED_SYNTHETIC
I0006739,SME001933,RM008,2025-12-24,SECURE_MESSAGE,FOLLOW_UP,CONTROLLED_SYNTHETIC
I0006740,SME001933,RM008,2026-08-07,SECURE_MESSAGE,CONNECTED,CONTROLLED_SYNTHETIC
I0006741,SME001934,RM002,2025-09-09,SECURE_MESSAGE,NEEDS_REVIEW,CONTROLLED_SYNTHETIC
I0006742,SME001934,RM002,2025-11-15,BRANCH,NEEDS_REVIEW,CONTROLLED_SYNTHETIC
I0006743,SME001934,RM002,2026-01-21,CALL,FOLLOW_UP,CONTROLLED_SYNTHETIC
I0006744,SME001935,RM047,2025-10-30,MEETING,FOLLOW_UP,CONTROLLED_SYNTHETIC
I0006745,SME001936,RM029,2025-12-07,BRANCH,FOLLOW_UP,CONTROLLED_SYNTHETIC
I0006746,SME001936,RM029,2026-07-09,SECURE_MESSAGE,CONNECTED,CONTROLLED_SYNTHETIC
I0006747,SME001936,RM029,2026-04-30,MEETING,NO_RESPONSE,CONTROLLED_SYNTHETIC
I0006748,SME001936,RM029,2026-07-25,MEETING,CONNECTED,CONTROLLED_SYNTHETIC
I0006749,SME001936,RM029,2026-01-19,BRANCH,CONNECTED,CONTROLLED_SYNTHETIC
I0006750,SME001936,RM029,2026-04-28,BRANCH,FOLLOW_UP,CONTROLLED_SYNTHETIC
I0006751,SME001937,RM036,2025-09-22,BRANCH,FOLLOW_UP,CONTROLLED_SYNTHETIC
I0006752,SME001937,RM036,2026-01-19,CALL,CONNECTED,CONTROLLED_SYNTHETIC
I0006753,SME001937,RM036,2026-01-15,CALL,NEEDS_REVIEW,CONTROLLED_SYNTHETIC
I0006754,SME001937,RM036,2025-09-20,BRANCH,NEEDS_REVIEW,CONTROLLED_SYNTHETIC
I0006755,SME001937,RM036,2026-07-17,BRANCH,CONNECTED,CONTROLLED_SYNTHETIC
I0006756,SME001937,RM036,2025-11-01,CALL,FOLLOW_UP,CONTROLLED_SYNTHETIC
I0006757,SME001938,RM023,2025-12-24,BRANCH,NEEDS_REVIEW,CONTROLLED_SYNTHETIC
I0006758,SME001938,RM023,2025-12-18,BRANCH,NEEDS_REVIEW,CONTROLLED_SYNTHETIC
I0006759,SME001939,RM009,2026-05-26,MEETING,CONNECTED,CONTROLLED_SYNTHETIC
I0006760,SME001939,RM009,2026-04-29,SECURE_MESSAGE,NO_RESPONSE,CONTROLLED_SYNTHETIC
I0006761,SME001940,RM023,2026-01-02,SECURE_MESSAGE,NEEDS_REVIEW,CONTROLLED_SYNTHETIC
I0006762,SME001940,RM023,2026-04-07,BRANCH,CONNECTED,CONTROLLED_SYNTHETIC
I0006763,SME001941,RM019,2026-07-01,SECURE_MESSAGE,CONNECTED,CONTROLLED_SYNTHETIC
I0006764,SME001941,RM019,2026-04-22,BRANCH,FOLLOW_UP,CONTROLLED_SYNTHETIC
I0006765,SME001941,RM019,2025-08-27,SECURE_MESSAGE,CONNECTED,CONTROLLED_SYNTHETIC
I0006766,SME001941,RM019,2025-12-07,SECURE_MESSAGE,NO_RESPONSE,CONTROLLED_SYNTHETIC
I0006767,SME001941,RM019,2026-04-13,SECURE_MESSAGE,CONNECTED,CONTROLLED_SYNTHETIC
I0006768,SME001941,RM019,2026-03-03,BRANCH,FOLLOW_UP,CONTROLLED_SYNTHETIC
I0006769,SME001942,RM041,2025-10-18,BRANCH,NEEDS_REVIEW,CONTROLLED_SYNTHETIC
I0006770,SME001942,RM041,2026-08-04,CALL,FOLLOW_UP,CONTROLLED_SYNTHETIC
I0006771,SME001942,RM041,2026-07-20,BRANCH,CONNECTED,CONTROLLED_SYNTHETIC
I0006772,SME001942,RM041,2026-01-10,SECURE_MESSAGE,FOLLOW_UP,CONTROLLED_SYNTHETIC
I0006773,SME001942,RM041,2026-03-22,CALL,FOLLOW_UP,CONTROLLED_SYNTHETIC
I0006774,SME001943,RM027,2026-01-10,CALL,NO_RESPONSE,CONTROLLED_SYNTHETIC
I0006775,SME001943,RM027,2026-04-04,SECURE_MESSAGE,FOLLOW_UP,CONTROLLED_SYNTHETIC
I0006776,SME001943,RM027,2026-07-27,BRANCH,NO_RESPONSE,CONTROLLED_SYNTHETIC
I0006777,SME001943,RM027,2025-09-19,SECURE_MESSAGE,CONNECTED,CONTROLLED_SYNTHETIC
I0006778,SME001943,RM027,2026-01-10,CALL,FOLLOW_UP,CONTROLLED_SYNTHETIC
I0006779,SME001944,RM009,2026-04-23,MEETING,CONNECTED,CONTROLLED_SYNTHETIC
I0006780,SME001945,RM036,2026-02-17,BRANCH,NEEDS_REVIEW,CONTROLLED_SYNTHETIC
I0006781,SME001945,RM036,2026-01-10,SECURE_MESSAGE,FOLLOW_UP,CONTROLLED_SYNTHETIC
I0006782,SME001945,RM036,2026-02-09,SECURE_MESSAGE,FOLLOW_UP,CONTROLLED_SYNTHETIC
I0006783,SME001945,RM036,2025-08-25,SECURE_MESSAGE,NO_RESPONSE,CONTROLLED_SYNTHETIC
I0006784,SME001945,RM036,2025-12-19,SECURE_MESSAGE,FOLLOW_UP,CONTROLLED_SYNTHETIC
I0006785,SME001946,RM002,2026-03-02,MEETING,CONNECTED,CONTROLLED_SYNTHETIC
I0006786,SME001946,RM002,2026-01-01,CALL,NO_RESPONSE,CONTROLLED_SYNTHETIC
I0006787,SME001946,RM002,2026-07-06,SECURE_MESSAGE,CONNECTED,CONTROLLED_SYNTHETIC
I0006788,SME001946,RM002,2025-10-13,CALL,CONNECTED,CONTROLLED_SYNTHETIC
I0006789,SME001947,RM032,2025-12-30,SECURE_MESSAGE,CONNECTED,CONTROLLED_SYNTHETIC
I0006790,SME001947,RM032,2026-02-22,CALL,CONNECTED,CONTROLLED_SYNTHETIC
I0006791,SME001947,RM032,2025-09-14,CALL,NO_RESPONSE,CONTROLLED_SYNTHETIC
I0006792,SME001948,RM029,2026-08-09,MEETING,CONNECTED,CONTROLLED_SYNTHETIC
I0006793,SME001948,RM029,2026-04-12,BRANCH,FOLLOW_UP,CONTROLLED_SYNTHETIC
I0006794,SME001948,RM029,2026-01-22,MEETING,CONNECTED,CONTROLLED_SYNTHETIC
I0006795,SME001949,RM045,2025-12-31,BRANCH,CONNECTED,CONTROLLED_SYNTHETIC
I0006796,SME001950,RM029,2025-10-08,MEETING,CONNECTED,CONTROLLED_SYNTHETIC
I0006797,SME001951,RM003,2025-10-31,MEETING,CONNECTED,CONTROLLED_SYNTHETIC
I0006798,SME001951,RM003,2026-05-12,SECURE_MESSAGE,NO_RESPONSE,CONTROLLED_SYNTHETIC
I0006799,SME001951,RM003,2025-09-03,CALL,NO_RESPONSE,CONTROLLED_SYNTHETIC
I0006800,SME001951,RM003,2026-03-12,MEETING,CONNECTED,CONTROLLED_SYNTHETIC
I0006801,SME001952,RM021,2025-10-07,CALL,NEEDS_REVIEW,CONTROLLED_SYNTHETIC
I0006802,SME001952,RM021,2025-12-06,SECURE_MESSAGE,FOLLOW_UP,CONTROLLED_SYNTHETIC
I0006803,SME001953,RM048,2025-08-30,SECURE_MESSAGE,CONNECTED,CONTROLLED_SYNTHETIC
I0006804,SME001953,RM048,2026-02-17,BRANCH,FOLLOW_UP,CONTROLLED_SYNTHETIC
I0006805,SME001953,RM048,2026-01-10,BRANCH,FOLLOW_UP,CONTROLLED_SYNTHETIC
I0006806,SME001953,RM048,2026-02-10,SECURE_MESSAGE,NO_RESPONSE,CONTROLLED_SYNTHETIC
I0006807,SME001953,RM048,2026-03-10,BRANCH,CONNECTED,CONTROLLED_SYNTHETIC
I0006808,SME001954,RM020,2025-12-28,BRANCH,FOLLOW_UP,CONTROLLED_SYNTHETIC
I0006809,SME001954,RM020,2026-03-23,CALL,FOLLOW_UP,CONTROLLED_SYNTHETIC
I0006810,SME001954,RM020,2026-01-13,MEETING,FOLLOW_UP,CONTROLLED_SYNTHETIC
I0006811,SME001955,RM021,2025-10-06,BRANCH,CONNECTED,CONTROLLED_SYNTHETIC
I0006812,SME001955,RM021,2025-11-18,SECURE_MESSAGE,CONNECTED,CONTROLLED_SYNTHETIC
I0006813,SME001955,RM021,2025-08-25,BRANCH,CONNECTED,CONTROLLED_SYNTHETIC
I0006814,SME001955,RM021,2026-05-20,SECURE_MESSAGE,CONNECTED,CONTROLLED_SYNTHETIC
I0006815,SME001956,RM029,2025-10-06,MEETING,NEEDS_REVIEW,CONTROLLED_SYNTHETIC
I0006816,SME001956,RM029,2026-04-07,BRANCH,FOLLOW_UP,CONTROLLED_SYNTHETIC
I0006817,SME001956,RM029,2025-09-11,CALL,CONNECTED,CONTROLLED_SYNTHETIC
I0006818,SME001956,RM029,2026-04-25,BRANCH,CONNECTED,CONTROLLED_SYNTHETIC
I0006819,SME001957,RM045,2026-05-21,BRANCH,CONNECTED,CONTROLLED_SYNTHETIC
I0006820,SME001957,RM045,2025-11-10,MEETING,CONNECTED,CONTROLLED_SYNTHETIC
I0006821,SME001957,RM045,2026-08-07,CALL,CONNECTED,CONTROLLED_SYNTHETIC
I0006822,SME001957,RM045,2026-07-29,SECURE_MESSAGE,FOLLOW_UP,CONTROLLED_SYNTHETIC
I0006823,SME001957,RM045,2026-03-02,CALL,NEEDS_REVIEW,CONTROLLED_SYNTHETIC
I0006824,SME001957,RM045,2026-06-19,SECURE_MESSAGE,FOLLOW_UP,CONTROLLED_SYNTHETIC
I0006825,SME001958,RM021,2025-11-21,BRANCH,CONNECTED,CONTROLLED_SYNTHETIC
I0006826,SME001959,RM048,2026-02-03,SECURE_MESSAGE,FOLLOW_UP,CONTROLLED_SYNTHETIC
I0006827,SME001959,RM048,2026-07-05,SECURE_MESSAGE,CONNECTED,CONTROLLED_SYNTHETIC
I0006828,SME001959,RM048,2025-10-18,SECURE_MESSAGE,NO_RESPONSE,CONTROLLED_SYNTHETIC
I0006829,SME001959,RM048,2026-04-16,MEETING,CONNECTED,CONTROLLED_SYNTHETIC
I0006830,SME001959,RM048,2025-10-13,MEETING,NO_RESPONSE,CONTROLLED_SYNTHETIC
I0006831,SME001960,RM041,2026-01-11,SECURE_MESSAGE,FOLLOW_UP,CONTROLLED_SYNTHETIC
I0006832,SME001960,RM041,2026-05-23,SECURE_MESSAGE,CONNECTED,CONTROLLED_SYNTHETIC
I0006833,SME001960,RM041,2025-09-08,SECURE_MESSAGE,FOLLOW_UP,CONTROLLED_SYNTHETIC
I0006834,SME001960,RM041,2026-01-30,SECURE_MESSAGE,CONNECTED,CONTROLLED_SYNTHETIC
I0006835,SME001960,RM041,2026-07-23,BRANCH,FOLLOW_UP,CONTROLLED_SYNTHETIC
I0006836,SME001961,RM029,2025-12-12,CALL,NEEDS_REVIEW,CONTROLLED_SYNTHETIC
I0006837,SME001961,RM029,2026-07-05,BRANCH,FOLLOW_UP,CONTROLLED_SYNTHETIC
I0006838,SME001961,RM029,2025-09-01,CALL,CONNECTED,CONTROLLED_SYNTHETIC
I0006839,SME001962,RM008,2025-09-16,CALL,CONNECTED,CONTROLLED_SYNTHETIC
I0006840,SME001962,RM008,2025-12-28,SECURE_MESSAGE,CONNECTED,CONTROLLED_SYNTHETIC
I0006841,SME001962,RM008,2026-02-24,SECURE_MESSAGE,FOLLOW_UP,CONTROLLED_SYNTHETIC
I0006842,SME001963,RM008,2026-06-29,CALL,FOLLOW_UP,CONTROLLED_SYNTHETIC
I0006843,SME001963,RM008,2026-01-08,BRANCH,NO_RESPONSE,CONTROLLED_SYNTHETIC
I0006844,SME001963,RM008,2026-02-12,SECURE_MESSAGE,CONNECTED,CONTROLLED_SYNTHETIC
I0006845,SME001963,RM008,2026-04-15,MEETING,NO_RESPONSE,CONTROLLED_SYNTHETIC
I0006846,SME001964,RM012,2026-07-19,BRANCH,FOLLOW_UP,CONTROLLED_SYNTHETIC
I0006847,SME001965,RM026,2026-04-21,MEETING,CONNECTED,CONTROLLED_SYNTHETIC
I0006848,SME001965,RM026,2026-04-19,CALL,FOLLOW_UP,CONTROLLED_SYNTHETIC
I0006849,SME001965,RM026,2026-05-22,BRANCH,NEEDS_REVIEW,CONTROLLED_SYNTHETIC
I0006850,SME001966,RM008,2026-01-30,CALL,CONNECTED,CONTROLLED_SYNTHETIC
I0006851,SME001966,RM008,2025-11-01,BRANCH,CONNECTED,CONTROLLED_SYNTHETIC
I0006852,SME001966,RM008,2025-11-21,BRANCH,FOLLOW_UP,CONTROLLED_SYNTHETIC
I0006853,SME001966,RM008,2026-08-12,BRANCH,NO_RESPONSE,CONTROLLED_SYNTHETIC
I0006854,SME001967,RM003,2025-11-18,CALL,CONNECTED,CONTROLLED_SYNTHETIC
I0006855,SME001967,RM003,2025-08-22,MEETING,NO_RESPONSE,CONTROLLED_SYNTHETIC
I0006856,SME001967,RM003,2025-11-22,SECURE_MESSAGE,CONNECTED,CONTROLLED_SYNTHETIC
I0006857,SME001967,RM003,2026-02-08,MEETING,NEEDS_REVIEW,CONTROLLED_SYNTHETIC
I0006858,SME001967,RM003,2025-10-22,BRANCH,FOLLOW_UP,CONTROLLED_SYNTHETIC
I0006859,SME001967,RM003,2026-02-05,CALL,CONNECTED,CONTROLLED_SYNTHETIC
I0006860,SME001968,RM014,2026-04-12,CALL,CONNECTED,CONTROLLED_SYNTHETIC
I0006861,SME001968,RM014,2025-08-22,BRANCH,NO_RESPONSE,CONTROLLED_SYNTHETIC
I0006862,SME001968,RM014,2025-09-12,BRANCH,CONNECTED,CONTROLLED_SYNTHETIC
I0006863,SME001968,RM014,2026-06-29,SECURE_MESSAGE,CONNECTED,CONTROLLED_SYNTHETIC
I0006864,SME001968,RM014,2025-11-01,CALL,CONNECTED,CONTROLLED_SYNTHETIC
I0006865,SME001969,RM038,2026-05-11,CALL,NO_RESPONSE,CONTROLLED_SYNTHETIC
I0006866,SME001969,RM038,2025-10-17,SECURE_MESSAGE,NO_RESPONSE,CONTROLLED_SYNTHETIC
I0006867,SME001969,RM038,2026-05-27,BRANCH,NO_RESPONSE,CONTROLLED_SYNTHETIC
I0006868,SME001969,RM038,2025-11-24,SECURE_MESSAGE,NEEDS_REVIEW,CONTROLLED_SYNTHETIC
I0006869,SME001970,RM008,2026-03-03,CALL,CONNECTED,CONTROLLED_SYNTHETIC
I0006870,SME001970,RM008,2025-10-05,SECURE_MESSAGE,FOLLOW_UP,CONTROLLED_SYNTHETIC
I0006871,SME001970,RM008,2026-03-02,CALL,NO_RESPONSE,CONTROLLED_SYNTHETIC
I0006872,SME001971,RM010,2025-11-21,CALL,FOLLOW_UP,CONTROLLED_SYNTHETIC
I0006873,SME001971,RM010,2025-09-18,CALL,FOLLOW_UP,CONTROLLED_SYNTHETIC
I0006874,SME001971,RM010,2026-05-21,CALL,NO_RESPONSE,CONTROLLED_SYNTHETIC
I0006875,SME001971,RM010,2026-02-07,MEETING,NEEDS_REVIEW,CONTROLLED_SYNTHETIC
I0006876,SME001972,RM033,2026-02-19,CALL,CONNECTED,CONTROLLED_SYNTHETIC
I0006877,SME001972,RM033,2026-04-23,CALL,FOLLOW_UP,CONTROLLED_SYNTHETIC
I0006878,SME001972,RM033,2026-05-13,BRANCH,NEEDS_REVIEW,CONTROLLED_SYNTHETIC
I0006879,SME001972,RM033,2026-05-09,MEETING,NO_RESPONSE,CONTROLLED_SYNTHETIC
I0006880,SME001973,RM008,2025-12-09,SECURE_MESSAGE,FOLLOW_UP,CONTROLLED_SYNTHETIC
I0006881,SME001973,RM008,2025-12-08,MEETING,CONNECTED,CONTROLLED_SYNTHETIC
I0006882,SME001973,RM008,2025-08-21,MEETING,FOLLOW_UP,CONTROLLED_SYNTHETIC
I0006883,SME001973,RM008,2026-05-05,CALL,NEEDS_REVIEW,CONTROLLED_SYNTHETIC
I0006884,SME001973,RM008,2025-09-25,SECURE_MESSAGE,CONNECTED,CONTROLLED_SYNTHETIC
I0006885,SME001974,RM034,2025-08-27,SECURE_MESSAGE,NO_RESPONSE,CONTROLLED_SYNTHETIC
I0006886,SME001974,RM034,2026-06-02,MEETING,FOLLOW_UP,CONTROLLED_SYNTHETIC
I0006887,SME001974,RM034,2026-02-15,MEETING,NO_RESPONSE,CONTROLLED_SYNTHETIC
I0006888,SME001975,RM010,2025-10-17,MEETING,NO_RESPONSE,CONTROLLED_SYNTHETIC
I0006889,SME001975,RM010,2026-08-13,MEETING,CONNECTED,CONTROLLED_SYNTHETIC
I0006890,SME001975,RM010,2026-08-11,BRANCH,CONNECTED,CONTROLLED_SYNTHETIC
I0006891,SME001976,RM034,2026-07-05,BRANCH,NEEDS_REVIEW,CONTROLLED_SYNTHETIC
I0006892,SME001976,RM034,2025-09-10,BRANCH,NO_RESPONSE,CONTROLLED_SYNTHETIC
I0006893,SME001977,RM005,2026-06-17,BRANCH,CONNECTED,CONTROLLED_SYNTHETIC
I0006894,SME001977,RM005,2025-10-21,SECURE_MESSAGE,CONNECTED,CONTROLLED_SYNTHETIC
I0006895,SME001977,RM005,2026-03-01,CALL,FOLLOW_UP,CONTROLLED_SYNTHETIC
I0006896,SME001977,RM005,2026-05-08,CALL,NO_RESPONSE,CONTROLLED_SYNTHETIC
I0006897,SME001977,RM005,2026-01-20,BRANCH,NEEDS_REVIEW,CONTROLLED_SYNTHETIC
I0006898,SME001978,RM045,2026-04-20,BRANCH,CONNECTED,CONTROLLED_SYNTHETIC
I0006899,SME001978,RM045,2026-04-14,SECURE_MESSAGE,FOLLOW_UP,CONTROLLED_SYNTHETIC
I0006900,SME001978,RM045,2026-08-06,BRANCH,NEEDS_REVIEW,CONTROLLED_SYNTHETIC
I0006901,SME001979,RM008,2025-09-17,BRANCH,NO_RESPONSE,CONTROLLED_SYNTHETIC
I0006902,SME001980,RM046,2025-09-21,SECURE_MESSAGE,NO_RESPONSE,CONTROLLED_SYNTHETIC
I0006903,SME001980,RM046,2026-04-02,CALL,FOLLOW_UP,CONTROLLED_SYNTHETIC
I0006904,SME001980,RM046,2026-04-19,MEETING,FOLLOW_UP,CONTROLLED_SYNTHETIC
I0006905,SME001980,RM046,2025-09-04,CALL,NEEDS_REVIEW,CONTROLLED_SYNTHETIC
I0006906,SME001981,RM033,2025-10-13,MEETING,NO_RESPONSE,CONTROLLED_SYNTHETIC
I0006907,SME001981,RM033,2026-01-11,SECURE_MESSAGE,CONNECTED,CONTROLLED_SYNTHETIC
I0006908,SME001981,RM033,2026-04-03,BRANCH,CONNECTED,CONTROLLED_SYNTHETIC
I0006909,SME001982,RM013,2026-07-24,BRANCH,CONNECTED,CONTROLLED_SYNTHETIC
I0006910,SME001983,RM012,2025-09-18,CALL,NEEDS_REVIEW,CONTROLLED_SYNTHETIC
I0006911,SME001984,RM034,2026-05-08,MEETING,NEEDS_REVIEW,CONTROLLED_SYNTHETIC
I0006912,SME001984,RM034,2026-06-06,BRANCH,NO_RESPONSE,CONTROLLED_SYNTHETIC
I0006913,SME001985,RM012,2026-04-17,CALL,FOLLOW_UP,CONTROLLED_SYNTHETIC
I0006914,SME001986,RM047,2026-06-07,SECURE_MESSAGE,CONNECTED,CONTROLLED_SYNTHETIC
I0006915,SME001986,RM047,2025-10-17,MEETING,NO_RESPONSE,CONTROLLED_SYNTHETIC
I0006916,SME001986,RM047,2026-01-13,SECURE_MESSAGE,CONNECTED,CONTROLLED_SYNTHETIC
I0006917,SME001986,RM047,2026-03-07,MEETING,CONNECTED,CONTROLLED_SYNTHETIC
I0006918,SME001986,RM047,2026-04-14,SECURE_MESSAGE,CONNECTED,CONTROLLED_SYNTHETIC
I0006919,SME001987,RM006,2026-07-25,CALL,CONNECTED,CONTROLLED_SYNTHETIC
I0006920,SME001987,RM006,2026-07-26,CALL,FOLLOW_UP,CONTROLLED_SYNTHETIC
I0006921,SME001987,RM006,2025-12-23,SECURE_MESSAGE,CONNECTED,CONTROLLED_SYNTHETIC
I0006922,SME001987,RM006,2026-01-04,SECURE_MESSAGE,CONNECTED,CONTROLLED_SYNTHETIC
I0006923,SME001988,RM021,2025-10-16,MEETING,CONNECTED,CONTROLLED_SYNTHETIC
I0006924,SME001989,RM041,2026-02-11,MEETING,FOLLOW_UP,CONTROLLED_SYNTHETIC
I0006925,SME001989,RM041,2026-04-07,SECURE_MESSAGE,NO_RESPONSE,CONTROLLED_SYNTHETIC
I0006926,SME001989,RM041,2026-06-03,CALL,FOLLOW_UP,CONTROLLED_SYNTHETIC
I0006927,SME001990,RM036,2025-11-18,MEETING,CONNECTED,CONTROLLED_SYNTHETIC
I0006928,SME001990,RM036,2026-07-24,MEETING,CONNECTED,CONTROLLED_SYNTHETIC
I0006929,SME001990,RM036,2025-10-25,BRANCH,NO_RESPONSE,CONTROLLED_SYNTHETIC
I0006930,SME001991,RM007,2025-10-06,CALL,NEEDS_REVIEW,CONTROLLED_SYNTHETIC
I0006931,SME001991,RM007,2025-10-25,CALL,FOLLOW_UP,CONTROLLED_SYNTHETIC
I0006932,SME001992,RM008,2026-04-07,BRANCH,FOLLOW_UP,CONTROLLED_SYNTHETIC
I0006933,SME001992,RM008,2026-05-18,MEETING,CONNECTED,CONTROLLED_SYNTHETIC
I0006934,SME001992,RM008,2026-01-27,SECURE_MESSAGE,CONNECTED,CONTROLLED_SYNTHETIC
I0006935,SME001992,RM008,2025-11-23,CALL,NO_RESPONSE,CONTROLLED_SYNTHETIC
I0006936,SME001993,RM034,2025-12-28,BRANCH,CONNECTED,CONTROLLED_SYNTHETIC
I0006937,SME001993,RM034,2026-04-09,SECURE_MESSAGE,CONNECTED,CONTROLLED_SYNTHETIC
I0006938,SME001993,RM034,2026-05-28,CALL,FOLLOW_UP,CONTROLLED_SYNTHETIC
I0006939,SME001993,RM034,2025-09-21,MEETING,CONNECTED,CONTROLLED_SYNTHETIC
I0006940,SME001993,RM034,2026-08-06,SECURE_MESSAGE,NO_RESPONSE,CONTROLLED_SYNTHETIC
I0006941,SME001994,RM026,2025-12-08,MEETING,NO_RESPONSE,CONTROLLED_SYNTHETIC
I0006942,SME001994,RM026,2026-08-16,CALL,CONNECTED,CONTROLLED_SYNTHETIC
I0006943,SME001994,RM026,2026-02-12,SECURE_MESSAGE,FOLLOW_UP,CONTROLLED_SYNTHETIC
I0006944,SME001994,RM026,2026-02-01,CALL,CONNECTED,CONTROLLED_SYNTHETIC
I0006945,SME001995,RM008,2025-12-28,SECURE_MESSAGE,NO_RESPONSE,CONTROLLED_SYNTHETIC
I0006946,SME001995,RM008,2026-02-09,CALL,NO_RESPONSE,CONTROLLED_SYNTHETIC
I0006947,SME001996,RM029,2025-11-21,CALL,NO_RESPONSE,CONTROLLED_SYNTHETIC
I0006948,SME001997,RM039,2025-10-28,CALL,NO_RESPONSE,CONTROLLED_SYNTHETIC
I0006949,SME001997,RM039,2025-10-16,BRANCH,FOLLOW_UP,CONTROLLED_SYNTHETIC
I0006950,SME001997,RM039,2026-02-22,BRANCH,CONNECTED,CONTROLLED_SYNTHETIC
I0006951,SME001997,RM039,2025-09-28,SECURE_MESSAGE,NO_RESPONSE,CONTROLLED_SYNTHETIC
I0006952,SME001997,RM039,2025-10-20,CALL,CONNECTED,CONTROLLED_SYNTHETIC
I0006953,SME001998,RM018,2025-12-03,BRANCH,FOLLOW_UP,CONTROLLED_SYNTHETIC
I0006954,SME001998,RM018,2025-12-15,MEETING,NO_RESPONSE,CONTROLLED_SYNTHETIC
I0006955,SME001998,RM018,2026-02-23,SECURE_MESSAGE,CONNECTED,CONTROLLED_SYNTHETIC
I0006956,SME001998,RM018,2026-03-17,SECURE_MESSAGE,CONNECTED,CONTROLLED_SYNTHETIC
I0006957,SME001999,RM035,2026-01-01,MEETING,NEEDS_REVIEW,CONTROLLED_SYNTHETIC
I0006958,SME001999,RM035,2025-12-31,CALL,CONNECTED,CONTROLLED_SYNTHETIC
I0006959,SME001999,RM035,2026-06-10,CALL,CONNECTED,CONTROLLED_SYNTHETIC
I0006960,SME001999,RM035,2026-05-16,MEETING,CONNECTED,CONTROLLED_SYNTHETIC
I0006961,SME001999,RM035,2026-06-04,MEETING,NEEDS_REVIEW,CONTROLLED_SYNTHETIC
I0006962,SME002000,RM010,2025-10-19,BRANCH,NO_RESPONSE,CONTROLLED_SYNTHETIC
I0006963,SME002000,RM010,2025-10-12,MEETING,NEEDS_REVIEW,CONTROLLED_SYNTHETIC
I0006964,SME002000,RM010,2026-05-10,BRANCH,CONNECTED,CONTROLLED_SYNTHETIC
I0006965,SME002000,RM010,2025-11-08,SECURE_MESSAGE,NO_RESPONSE,CONTROLLED_SYNTHETIC
I0006966,SME002001,RM008,2026-07-08,MEETING,NO_RESPONSE,CONTROLLED_SYNTHETIC
I0006967,SME002001,RM008,2026-06-30,MEETING,CONNECTED,CONTROLLED_SYNTHETIC
I0006968,SME002001,RM008,2026-05-24,MEETING,FOLLOW_UP,CONTROLLED_SYNTHETIC
I0006969,SME002001,RM008,2026-06-07,SECURE_MESSAGE,CONNECTED,CONTROLLED_SYNTHETIC
I0006970,SME002002,RM015,2026-06-09,SECURE_MESSAGE,CONNECTED,CONTROLLED_SYNTHETIC
I0006971,SME002003,RM012,2025-09-30,BRANCH,FOLLOW_UP,CONTROLLED_SYNTHETIC
I0006972,SME002003,RM012,2025-09-18,CALL,FOLLOW_UP,CONTROLLED_SYNTHETIC
I0006973,SME002003,RM012,2026-02-03,CALL,FOLLOW_UP,CONTROLLED_SYNTHETIC
I0006974,SME002004,RM004,2026-05-25,CALL,NO_RESPONSE,CONTROLLED_SYNTHETIC
I0006975,SME002004,RM004,2026-03-03,SECURE_MESSAGE,CONNECTED,CONTROLLED_SYNTHETIC
I0006976,SME002004,RM004,2025-10-11,CALL,CONNECTED,CONTROLLED_SYNTHETIC
I0006977,SME002005,RM042,2025-10-23,BRANCH,CONNECTED,CONTROLLED_SYNTHETIC
I0006978,SME002006,RM045,2025-10-31,SECURE_MESSAGE,FOLLOW_UP,CONTROLLED_SYNTHETIC
I0006979,SME002007,RM017,2026-03-11,CALL,CONNECTED,CONTROLLED_SYNTHETIC
I0006980,SME002007,RM017,2026-04-04,SECURE_MESSAGE,CONNECTED,CONTROLLED_SYNTHETIC
I0006981,SME002007,RM017,2025-09-11,MEETING,FOLLOW_UP,CONTROLLED_SYNTHETIC
I0006982,SME002007,RM017,2025-12-07,SECURE_MESSAGE,NEEDS_REVIEW,CONTROLLED_SYNTHETIC
I0006983,SME002008,RM022,2025-10-31,CALL,CONNECTED,CONTROLLED_SYNTHETIC
I0006984,SME002008,RM022,2026-04-06,CALL,NO_RESPONSE,CONTROLLED_SYNTHETIC
I0006985,SME002009,RM041,2025-08-28,SECURE_MESSAGE,CONNECTED,CONTROLLED_SYNTHETIC
I0006986,SME002010,RM025,2026-03-20,CALL,FOLLOW_UP,CONTROLLED_SYNTHETIC
I0006987,SME002010,RM025,2026-02-24,MEETING,CONNECTED,CONTROLLED_SYNTHETIC
I0006988,SME002010,RM025,2026-06-09,BRANCH,NEEDS_REVIEW,CONTROLLED_SYNTHETIC
I0006989,SME002010,RM025,2026-04-28,CALL,FOLLOW_UP,CONTROLLED_SYNTHETIC
I0006990,SME002011,RM007,2025-10-07,CALL,CONNECTED,CONTROLLED_SYNTHETIC
I0006991,SME002011,RM007,2026-08-10,SECURE_MESSAGE,CONNECTED,CONTROLLED_SYNTHETIC
I0006992,SME002011,RM007,2026-04-19,BRANCH,NEEDS_REVIEW,CONTROLLED_SYNTHETIC
I0006993,SME002011,RM007,2026-03-14,CALL,CONNECTED,CONTROLLED_SYNTHETIC
I0006994,SME002011,RM007,2026-08-07,SECURE_MESSAGE,CONNECTED,CONTROLLED_SYNTHETIC
I0006995,SME002011,RM007,2026-07-18,MEETING,FOLLOW_UP,CONTROLLED_SYNTHETIC
I0006996,SME002012,RM029,2026-03-29,MEETING,NO_RESPONSE,CONTROLLED_SYNTHETIC
I0006997,SME002012,RM029,2025-09-18,CALL,CONNECTED,CONTROLLED_SYNTHETIC
I0006998,SME002012,RM029,2026-01-13,BRANCH,CONNECTED,CONTROLLED_SYNTHETIC
I0006999,SME002012,RM029,2026-05-29,BRANCH,NEEDS_REVIEW,CONTROLLED_SYNTHETIC
I0007000,SME002012,RM029,2026-01-02,MEETING,CONNECTED,CONTROLLED_SYNTHETIC
I0007001,SME002013,RM004,2025-11-08,MEETING,CONNECTED,CONTROLLED_SYNTHETIC
I0007002,SME002013,RM004,2025-09-04,SECURE_MESSAGE,FOLLOW_UP,CONTROLLED_SYNTHETIC
I0007003,SME002013,RM004,2026-05-28,BRANCH,CONNECTED,CONTROLLED_SYNTHETIC
I0007004,SME002013,RM004,2026-06-28,BRANCH,CONNECTED,CONTROLLED_SYNTHETIC
I0007005,SME002013,RM004,2026-06-21,BRANCH,FOLLOW_UP,CONTROLLED_SYNTHETIC
I0007006,SME002014,RM030,2026-02-26,BRANCH,CONNECTED,CONTROLLED_SYNTHETIC
I0007007,SME002014,RM030,2025-10-21,SECURE_MESSAGE,NO_RESPONSE,CONTROLLED_SYNTHETIC
I0007008,SME002015,RM022,2025-09-14,SECURE_MESSAGE,NEEDS_REVIEW,CONTROLLED_SYNTHETIC
I0007009,SME002015,RM022,2025-12-04,CALL,NEEDS_REVIEW,CONTROLLED_SYNTHETIC
I0007010,SME002015,RM022,2025-11-07,SECURE_MESSAGE,CONNECTED,CONTROLLED_SYNTHETIC
I0007011,SME002015,RM022,2025-09-13,MEETING,CONNECTED,CONTROLLED_SYNTHETIC
I0007012,SME002015,RM022,2026-03-19,BRANCH,CONNECTED,CONTROLLED_SYNTHETIC
I0007013,SME002015,RM022,2025-12-20,MEETING,FOLLOW_UP,CONTROLLED_SYNTHETIC
I0007014,SME002016,RM007,2025-11-14,BRANCH,CONNECTED,CONTROLLED_SYNTHETIC
I0007015,SME002016,RM007,2025-09-04,SECURE_MESSAGE,NO_RESPONSE,CONTROLLED_SYNTHETIC
I0007016,SME002016,RM007,2025-11-16,CALL,NEEDS_REVIEW,CONTROLLED_SYNTHETIC
I0007017,SME002016,RM007,2026-06-18,CALL,CONNECTED,CONTROLLED_SYNTHETIC
I0007018,SME002017,RM006,2025-10-04,BRANCH,FOLLOW_UP,CONTROLLED_SYNTHETIC
I0007019,SME002018,RM002,2026-05-18,SECURE_MESSAGE,FOLLOW_UP,CONTROLLED_SYNTHETIC
I0007020,SME002018,RM002,2026-05-09,CALL,CONNECTED,CONTROLLED_SYNTHETIC
I0007021,SME002019,RM004,2025-11-30,SECURE_MESSAGE,FOLLOW_UP,CONTROLLED_SYNTHETIC
I0007022,SME002019,RM004,2026-05-27,CALL,FOLLOW_UP,CONTROLLED_SYNTHETIC
I0007023,SME002019,RM004,2026-05-01,SECURE_MESSAGE,CONNECTED,CONTROLLED_SYNTHETIC
I0007024,SME002019,RM004,2026-04-06,MEETING,NEEDS_REVIEW,CONTROLLED_SYNTHETIC
I0007025,SME002020,RM023,2026-03-04,MEETING,CONNECTED,CONTROLLED_SYNTHETIC
I0007026,SME002020,RM023,2026-05-20,MEETING,NO_RESPONSE,CONTROLLED_SYNTHETIC
I0007027,SME002020,RM023,2026-08-19,BRANCH,CONNECTED,CONTROLLED_SYNTHETIC
I0007028,SME002020,RM023,2025-12-29,BRANCH,CONNECTED,CONTROLLED_SYNTHETIC
I0007029,SME002021,RM020,2026-03-14,MEETING,CONNECTED,CONTROLLED_SYNTHETIC
I0007030,SME002021,RM020,2025-12-20,BRANCH,CONNECTED,CONTROLLED_SYNTHETIC
I0007031,SME002021,RM020,2026-08-17,CALL,CONNECTED,CONTROLLED_SYNTHETIC
I0007032,SME002022,RM044,2025-11-12,SECURE_MESSAGE,CONNECTED,CONTROLLED_SYNTHETIC
I0007033,SME002022,RM044,2026-08-03,CALL,FOLLOW_UP,CONTROLLED_SYNTHETIC
I0007034,SME002023,RM029,2026-04-28,CALL,CONNECTED,CONTROLLED_SYNTHETIC
I0007035,SME002023,RM029,2025-12-05,CALL,CONNECTED,CONTROLLED_SYNTHETIC
I0007036,SME002024,RM002,2026-07-21,CALL,CONNECTED,CONTROLLED_SYNTHETIC
I0007037,SME002024,RM002,2026-01-27,SECURE_MESSAGE,CONNECTED,CONTROLLED_SYNTHETIC
I0007038,SME002024,RM002,2026-05-15,MEETING,FOLLOW_UP,CONTROLLED_SYNTHETIC
I0007039,SME002024,RM002,2025-10-30,BRANCH,CONNECTED,CONTROLLED_SYNTHETIC
I0007040,SME002025,RM037,2026-01-11,CALL,FOLLOW_UP,CONTROLLED_SYNTHETIC
I0007041,SME002025,RM037,2025-09-20,BRANCH,CONNECTED,CONTROLLED_SYNTHETIC
I0007042,SME002025,RM037,2026-04-22,BRANCH,CONNECTED,CONTROLLED_SYNTHETIC
I0007043,SME002025,RM037,2026-04-04,SECURE_MESSAGE,CONNECTED,CONTROLLED_SYNTHETIC
I0007044,SME002025,RM037,2026-02-22,SECURE_MESSAGE,NO_RESPONSE,CONTROLLED_SYNTHETIC
I0007045,SME002026,RM004,2026-06-14,SECURE_MESSAGE,CONNECTED,CONTROLLED_SYNTHETIC
I0007046,SME002026,RM004,2026-02-18,MEETING,FOLLOW_UP,CONTROLLED_SYNTHETIC
I0007047,SME002026,RM004,2026-05-18,BRANCH,CONNECTED,CONTROLLED_SYNTHETIC
I0007048,SME002026,RM004,2026-05-20,MEETING,NO_RESPONSE,CONTROLLED_SYNTHETIC
I0007049,SME002026,RM004,2025-10-09,BRANCH,NO_RESPONSE,CONTROLLED_SYNTHETIC
I0007050,SME002026,RM004,2026-07-30,MEETING,NEEDS_REVIEW,CONTROLLED_SYNTHETIC
I0007051,SME002027,RM026,2025-12-01,CALL,CONNECTED,CONTROLLED_SYNTHETIC
I0007052,SME002027,RM026,2026-08-12,MEETING,CONNECTED,CONTROLLED_SYNTHETIC
I0007053,SME002028,RM009,2026-06-13,BRANCH,NO_RESPONSE,CONTROLLED_SYNTHETIC
I0007054,SME002028,RM009,2026-05-18,BRANCH,NEEDS_REVIEW,CONTROLLED_SYNTHETIC
I0007055,SME002029,RM035,2026-04-14,SECURE_MESSAGE,NO_RESPONSE,CONTROLLED_SYNTHETIC
I0007056,SME002029,RM035,2026-03-11,BRANCH,FOLLOW_UP,CONTROLLED_SYNTHETIC
I0007057,SME002030,RM015,2026-01-16,BRANCH,FOLLOW_UP,CONTROLLED_SYNTHETIC
I0007058,SME002030,RM015,2025-11-27,MEETING,FOLLOW_UP,CONTROLLED_SYNTHETIC
I0007059,SME002030,RM015,2025-12-08,MEETING,NO_RESPONSE,CONTROLLED_SYNTHETIC
I0007060,SME002030,RM015,2026-04-01,SECURE_MESSAGE,NEEDS_REVIEW,CONTROLLED_SYNTHETIC
I0007061,SME002030,RM015,2025-09-26,BRANCH,FOLLOW_UP,CONTROLLED_SYNTHETIC
I0007062,SME002030,RM015,2025-12-16,SECURE_MESSAGE,FOLLOW_UP,CONTROLLED_SYNTHETIC
I0007063,SME002031,RM007,2026-04-01,SECURE_MESSAGE,CONNECTED,CONTROLLED_SYNTHETIC
I0007064,SME002031,RM007,2026-07-09,MEETING,CONNECTED,CONTROLLED_SYNTHETIC
I0007065,SME002031,RM007,2025-08-26,CALL,FOLLOW_UP,CONTROLLED_SYNTHETIC
I0007066,SME002031,RM007,2026-05-05,SECURE_MESSAGE,CONNECTED,CONTROLLED_SYNTHETIC
I0007067,SME002032,RM004,2025-12-22,BRANCH,CONNECTED,CONTROLLED_SYNTHETIC
I0007068,SME002032,RM004,2025-12-01,BRANCH,CONNECTED,CONTROLLED_SYNTHETIC
I0007069,SME002033,RM004,2026-05-18,BRANCH,FOLLOW_UP,CONTROLLED_SYNTHETIC
I0007070,SME002033,RM004,2025-11-06,BRANCH,FOLLOW_UP,CONTROLLED_SYNTHETIC
I0007071,SME002033,RM004,2026-02-25,MEETING,NO_RESPONSE,CONTROLLED_SYNTHETIC
I0007072,SME002033,RM004,2026-05-16,BRANCH,NO_RESPONSE,CONTROLLED_SYNTHETIC
I0007073,SME002034,RM017,2026-05-02,MEETING,CONNECTED,CONTROLLED_SYNTHETIC
I0007074,SME002034,RM017,2026-02-09,CALL,NEEDS_REVIEW,CONTROLLED_SYNTHETIC
I0007075,SME002035,RM010,2026-08-01,SECURE_MESSAGE,CONNECTED,CONTROLLED_SYNTHETIC
I0007076,SME002035,RM010,2025-10-30,SECURE_MESSAGE,CONNECTED,CONTROLLED_SYNTHETIC
I0007077,SME002035,RM010,2025-09-12,CALL,NO_RESPONSE,CONTROLLED_SYNTHETIC
I0007078,SME002035,RM010,2026-07-21,BRANCH,NO_RESPONSE,CONTROLLED_SYNTHETIC
I0007079,SME002035,RM010,2025-10-09,CALL,CONNECTED,CONTROLLED_SYNTHETIC
I0007080,SME002035,RM010,2025-12-27,BRANCH,NO_RESPONSE,CONTROLLED_SYNTHETIC
I0007081,SME002036,RM004,2025-09-03,CALL,FOLLOW_UP,CONTROLLED_SYNTHETIC
I0007082,SME002036,RM004,2026-06-08,MEETING,CONNECTED,CONTROLLED_SYNTHETIC
I0007083,SME002037,RM046,2025-12-04,BRANCH,FOLLOW_UP,CONTROLLED_SYNTHETIC
I0007084,SME002037,RM046,2026-05-09,BRANCH,FOLLOW_UP,CONTROLLED_SYNTHETIC
I0007085,SME002037,RM046,2026-06-13,MEETING,CONNECTED,CONTROLLED_SYNTHETIC
I0007086,SME002037,RM046,2025-10-04,BRANCH,NO_RESPONSE,CONTROLLED_SYNTHETIC
I0007087,SME002037,RM046,2026-05-07,CALL,NO_RESPONSE,CONTROLLED_SYNTHETIC
I0007088,SME002038,RM010,2026-03-10,CALL,NO_RESPONSE,CONTROLLED_SYNTHETIC
I0007089,SME002038,RM010,2025-11-10,CALL,CONNECTED,CONTROLLED_SYNTHETIC
I0007090,SME002038,RM010,2026-02-13,SECURE_MESSAGE,CONNECTED,CONTROLLED_SYNTHETIC
I0007091,SME002038,RM010,2025-12-08,BRANCH,FOLLOW_UP,CONTROLLED_SYNTHETIC
I0007092,SME002038,RM010,2026-03-16,CALL,FOLLOW_UP,CONTROLLED_SYNTHETIC
I0007093,SME002038,RM010,2025-08-21,SECURE_MESSAGE,NEEDS_REVIEW,CONTROLLED_SYNTHETIC
I0007094,SME002039,RM022,2026-03-11,SECURE_MESSAGE,CONNECTED,CONTROLLED_SYNTHETIC
I0007095,SME002039,RM022,2026-06-12,MEETING,CONNECTED,CONTROLLED_SYNTHETIC
I0007096,SME002039,RM022,2025-08-21,MEETING,NEEDS_REVIEW,CONTROLLED_SYNTHETIC
I0007097,SME002039,RM022,2025-10-09,CALL,NO_RESPONSE,CONTROLLED_SYNTHETIC
I0007098,SME002040,RM008,2026-05-01,MEETING,NO_RESPONSE,CONTROLLED_SYNTHETIC
I0007099,SME002040,RM008,2026-01-01,SECURE_MESSAGE,CONNECTED,CONTROLLED_SYNTHETIC
I0007100,SME002041,RM045,2026-05-26,SECURE_MESSAGE,CONNECTED,CONTROLLED_SYNTHETIC
I0007101,SME002041,RM045,2026-03-31,MEETING,NO_RESPONSE,CONTROLLED_SYNTHETIC
I0007102,SME002041,RM045,2026-05-20,SECURE_MESSAGE,FOLLOW_UP,CONTROLLED_SYNTHETIC
I0007103,SME002041,RM045,2026-04-12,MEETING,CONNECTED,CONTROLLED_SYNTHETIC
I0007104,SME002041,RM045,2026-08-19,CALL,FOLLOW_UP,CONTROLLED_SYNTHETIC
I0007105,SME002041,RM045,2025-12-31,CALL,NO_RESPONSE,CONTROLLED_SYNTHETIC
I0007106,SME002042,RM033,2025-12-02,CALL,CONNECTED,CONTROLLED_SYNTHETIC
I0007107,SME002042,RM033,2026-04-10,MEETING,FOLLOW_UP,CONTROLLED_SYNTHETIC
I0007108,SME002042,RM033,2025-10-04,CALL,CONNECTED,CONTROLLED_SYNTHETIC
I0007109,SME002043,RM021,2026-07-22,MEETING,FOLLOW_UP,CONTROLLED_SYNTHETIC
I0007110,SME002044,RM028,2026-06-27,BRANCH,FOLLOW_UP,CONTROLLED_SYNTHETIC
I0007111,SME002044,RM028,2026-02-12,CALL,FOLLOW_UP,CONTROLLED_SYNTHETIC
I0007112,SME002044,RM028,2026-02-18,MEETING,NO_RESPONSE,CONTROLLED_SYNTHETIC
I0007113,SME002044,RM028,2026-04-17,SECURE_MESSAGE,NO_RESPONSE,CONTROLLED_SYNTHETIC
I0007114,SME002044,RM028,2025-09-03,MEETING,CONNECTED,CONTROLLED_SYNTHETIC
I0007115,SME002044,RM028,2025-09-18,BRANCH,CONNECTED,CONTROLLED_SYNTHETIC
I0007116,SME002045,RM015,2025-12-18,MEETING,NO_RESPONSE,CONTROLLED_SYNTHETIC
I0007117,SME002045,RM015,2026-03-13,CALL,FOLLOW_UP,CONTROLLED_SYNTHETIC
I0007118,SME002045,RM015,2025-12-30,SECURE_MESSAGE,NEEDS_REVIEW,CONTROLLED_SYNTHETIC
I0007119,SME002045,RM015,2025-10-18,BRANCH,CONNECTED,CONTROLLED_SYNTHETIC
I0007120,SME002045,RM015,2026-04-22,SECURE_MESSAGE,CONNECTED,CONTROLLED_SYNTHETIC
I0007121,SME002046,RM030,2025-09-25,BRANCH,FOLLOW_UP,CONTROLLED_SYNTHETIC
I0007122,SME002046,RM030,2025-09-27,MEETING,CONNECTED,CONTROLLED_SYNTHETIC
I0007123,SME002046,RM030,2026-08-05,CALL,NEEDS_REVIEW,CONTROLLED_SYNTHETIC
I0007124,SME002047,RM043,2026-05-17,BRANCH,CONNECTED,CONTROLLED_SYNTHETIC
I0007125,SME002047,RM043,2025-09-03,BRANCH,NO_RESPONSE,CONTROLLED_SYNTHETIC
I0007126,SME002048,RM032,2025-11-25,BRANCH,CONNECTED,CONTROLLED_SYNTHETIC
I0007127,SME002048,RM032,2025-10-31,MEETING,NO_RESPONSE,CONTROLLED_SYNTHETIC
I0007128,SME002048,RM032,2025-08-27,SECURE_MESSAGE,CONNECTED,CONTROLLED_SYNTHETIC
I0007129,SME002048,RM032,2025-12-05,SECURE_MESSAGE,CONNECTED,CONTROLLED_SYNTHETIC
I0007130,SME002048,RM032,2026-07-08,CALL,NO_RESPONSE,CONTROLLED_SYNTHETIC
I0007131,SME002049,RM035,2026-01-15,MEETING,CONNECTED,CONTROLLED_SYNTHETIC
I0007132,SME002049,RM035,2025-09-14,SECURE_MESSAGE,NO_RESPONSE,CONTROLLED_SYNTHETIC
I0007133,SME002049,RM035,2026-06-30,MEETING,NO_RESPONSE,CONTROLLED_SYNTHETIC
I0007134,SME002050,RM021,2026-01-29,MEETING,NO_RESPONSE,CONTROLLED_SYNTHETIC
I0007135,SME002051,RM025,2025-09-06,CALL,CONNECTED,CONTROLLED_SYNTHETIC
I0007136,SME002051,RM025,2026-06-24,MEETING,NEEDS_REVIEW,CONTROLLED_SYNTHETIC
I0007137,SME002051,RM025,2026-03-01,MEETING,NO_RESPONSE,CONTROLLED_SYNTHETIC
I0007138,SME002051,RM025,2026-07-14,MEETING,CONNECTED,CONTROLLED_SYNTHETIC
I0007139,SME002052,RM021,2026-06-23,CALL,FOLLOW_UP,CONTROLLED_SYNTHETIC
I0007140,SME002052,RM021,2025-12-19,CALL,NO_RESPONSE,CONTROLLED_SYNTHETIC
I0007141,SME002052,RM021,2025-09-04,CALL,CONNECTED,CONTROLLED_SYNTHETIC
I0007142,SME002052,RM021,2025-12-26,SECURE_MESSAGE,CONNECTED,CONTROLLED_SYNTHETIC
I0007143,SME002052,RM021,2025-10-11,MEETING,NO_RESPONSE,CONTROLLED_SYNTHETIC
I0007144,SME002053,RM041,2026-07-26,BRANCH,NO_RESPONSE,CONTROLLED_SYNTHETIC
I0007145,SME002053,RM041,2025-09-14,BRANCH,FOLLOW_UP,CONTROLLED_SYNTHETIC
I0007146,SME002053,RM041,2025-12-19,BRANCH,CONNECTED,CONTROLLED_SYNTHETIC
I0007147,SME002053,RM041,2025-10-05,MEETING,NO_RESPONSE,CONTROLLED_SYNTHETIC
I0007148,SME002053,RM041,2025-09-08,MEETING,CONNECTED,CONTROLLED_SYNTHETIC
I0007149,SME002054,RM015,2025-09-12,BRANCH,CONNECTED,CONTROLLED_SYNTHETIC
I0007150,SME002055,RM046,2025-08-23,MEETING,CONNECTED,CONTROLLED_SYNTHETIC
I0007151,SME002055,RM046,2026-06-12,CALL,CONNECTED,CONTROLLED_SYNTHETIC
I0007152,SME002055,RM046,2026-06-12,MEETING,FOLLOW_UP,CONTROLLED_SYNTHETIC
I0007153,SME002056,RM019,2025-10-18,CALL,CONNECTED,CONTROLLED_SYNTHETIC
I0007154,SME002057,RM044,2026-02-08,CALL,CONNECTED,CONTROLLED_SYNTHETIC
I0007155,SME002058,RM022,2025-12-25,SECURE_MESSAGE,FOLLOW_UP,CONTROLLED_SYNTHETIC
I0007156,SME002058,RM022,2026-04-19,MEETING,NEEDS_REVIEW,CONTROLLED_SYNTHETIC
I0007157,SME002058,RM022,2025-12-16,MEETING,CONNECTED,CONTROLLED_SYNTHETIC
I0007158,SME002058,RM022,2025-08-26,SECURE_MESSAGE,CONNECTED,CONTROLLED_SYNTHETIC
I0007159,SME002058,RM022,2026-03-26,SECURE_MESSAGE,FOLLOW_UP,CONTROLLED_SYNTHETIC
I0007160,SME002058,RM022,2025-12-19,MEETING,NO_RESPONSE,CONTROLLED_SYNTHETIC
I0007161,SME002059,RM037,2025-09-10,SECURE_MESSAGE,CONNECTED,CONTROLLED_SYNTHETIC
I0007162,SME002059,RM037,2026-05-22,CALL,NO_RESPONSE,CONTROLLED_SYNTHETIC
I0007163,SME002059,RM037,2025-11-13,MEETING,NEEDS_REVIEW,CONTROLLED_SYNTHETIC
I0007164,SME002059,RM037,2025-11-18,CALL,CONNECTED,CONTROLLED_SYNTHETIC
I0007165,SME002059,RM037,2025-08-26,CALL,CONNECTED,CONTROLLED_SYNTHETIC
I0007166,SME002059,RM037,2026-01-16,CALL,CONNECTED,CONTROLLED_SYNTHETIC
I0007167,SME002060,RM009,2026-06-19,BRANCH,CONNECTED,CONTROLLED_SYNTHETIC
I0007168,SME002060,RM009,2026-07-04,SECURE_MESSAGE,CONNECTED,CONTROLLED_SYNTHETIC
I0007169,SME002060,RM009,2026-05-08,CALL,FOLLOW_UP,CONTROLLED_SYNTHETIC
I0007170,SME002061,RM022,2026-02-28,MEETING,CONNECTED,CONTROLLED_SYNTHETIC
I0007171,SME002061,RM022,2026-04-09,BRANCH,FOLLOW_UP,CONTROLLED_SYNTHETIC
I0007172,SME002062,RM019,2026-05-13,MEETING,FOLLOW_UP,CONTROLLED_SYNTHETIC
I0007173,SME002062,RM019,2025-10-18,MEETING,NEEDS_REVIEW,CONTROLLED_SYNTHETIC
I0007174,SME002062,RM019,2026-04-28,SECURE_MESSAGE,NO_RESPONSE,CONTROLLED_SYNTHETIC
I0007175,SME002062,RM019,2026-07-18,CALL,CONNECTED,CONTROLLED_SYNTHETIC
I0007176,SME002063,RM009,2026-03-19,MEETING,CONNECTED,CONTROLLED_SYNTHETIC
I0007177,SME002064,RM039,2026-01-10,SECURE_MESSAGE,NEEDS_REVIEW,CONTROLLED_SYNTHETIC
I0007178,SME002065,RM043,2025-10-31,SECURE_MESSAGE,NO_RESPONSE,CONTROLLED_SYNTHETIC
I0007179,SME002065,RM043,2026-02-06,BRANCH,NO_RESPONSE,CONTROLLED_SYNTHETIC
I0007180,SME002065,RM043,2025-10-14,CALL,FOLLOW_UP,CONTROLLED_SYNTHETIC
I0007181,SME002065,RM043,2025-10-29,BRANCH,NO_RESPONSE,CONTROLLED_SYNTHETIC
I0007182,SME002065,RM043,2026-03-10,BRANCH,NEEDS_REVIEW,CONTROLLED_SYNTHETIC
I0007183,SME002065,RM043,2026-01-21,BRANCH,CONNECTED,CONTROLLED_SYNTHETIC
I0007184,SME002066,RM032,2025-08-31,MEETING,NO_RESPONSE,CONTROLLED_SYNTHETIC
I0007185,SME002067,RM009,2026-02-07,CALL,CONNECTED,CONTROLLED_SYNTHETIC
I0007186,SME002067,RM009,2026-01-27,CALL,CONNECTED,CONTROLLED_SYNTHETIC
I0007187,SME002067,RM009,2026-08-09,CALL,FOLLOW_UP,CONTROLLED_SYNTHETIC
I0007188,SME002067,RM009,2025-09-27,SECURE_MESSAGE,FOLLOW_UP,CONTROLLED_SYNTHETIC
I0007189,SME002067,RM009,2026-07-17,SECURE_MESSAGE,CONNECTED,CONTROLLED_SYNTHETIC
I0007190,SME002068,RM029,2026-07-19,BRANCH,NEEDS_REVIEW,CONTROLLED_SYNTHETIC
I0007191,SME002068,RM029,2026-06-21,CALL,CONNECTED,CONTROLLED_SYNTHETIC
I0007192,SME002068,RM029,2026-02-20,MEETING,FOLLOW_UP,CONTROLLED_SYNTHETIC
I0007193,SME002068,RM029,2026-01-24,SECURE_MESSAGE,NEEDS_REVIEW,CONTROLLED_SYNTHETIC
I0007194,SME002068,RM029,2026-03-01,CALL,NO_RESPONSE,CONTROLLED_SYNTHETIC
I0007195,SME002068,RM029,2026-03-06,MEETING,FOLLOW_UP,CONTROLLED_SYNTHETIC
I0007196,SME002069,RM043,2026-04-28,SECURE_MESSAGE,CONNECTED,CONTROLLED_SYNTHETIC
I0007197,SME002069,RM043,2026-01-28,MEETING,NEEDS_REVIEW,CONTROLLED_SYNTHETIC
I0007198,SME002069,RM043,2026-01-10,CALL,NEEDS_REVIEW,CONTROLLED_SYNTHETIC
I0007199,SME002069,RM043,2026-04-23,MEETING,NO_RESPONSE,CONTROLLED_SYNTHETIC
I0007200,SME002069,RM043,2025-10-12,SECURE_MESSAGE,CONNECTED,CONTROLLED_SYNTHETIC
I0007201,SME002070,RM046,2026-04-01,BRANCH,FOLLOW_UP,CONTROLLED_SYNTHETIC
I0007202,SME002070,RM046,2026-04-13,MEETING,NEEDS_REVIEW,CONTROLLED_SYNTHETIC
I0007203,SME002070,RM046,2026-05-25,MEETING,FOLLOW_UP,CONTROLLED_SYNTHETIC
I0007204,SME002070,RM046,2026-06-02,SECURE_MESSAGE,CONNECTED,CONTROLLED_SYNTHETIC
I0007205,SME002070,RM046,2025-10-30,BRANCH,NEEDS_REVIEW,CONTROLLED_SYNTHETIC
I0007206,SME002071,RM020,2026-06-07,MEETING,FOLLOW_UP,CONTROLLED_SYNTHETIC
I0007207,SME002071,RM020,2026-04-30,CALL,FOLLOW_UP,CONTROLLED_SYNTHETIC
I0007208,SME002072,RM015,2026-04-20,SECURE_MESSAGE,NO_RESPONSE,CONTROLLED_SYNTHETIC
I0007209,SME002072,RM015,2026-08-03,SECURE_MESSAGE,NEEDS_REVIEW,CONTROLLED_SYNTHETIC
I0007210,SME002072,RM015,2026-01-26,SECURE_MESSAGE,CONNECTED,CONTROLLED_SYNTHETIC
I0007211,SME002072,RM015,2025-10-01,BRANCH,CONNECTED,CONTROLLED_SYNTHETIC
I0007212,SME002073,RM031,2026-03-10,SECURE_MESSAGE,CONNECTED,CONTROLLED_SYNTHETIC
I0007213,SME002073,RM031,2026-03-15,MEETING,NO_RESPONSE,CONTROLLED_SYNTHETIC
I0007214,SME002073,RM031,2026-05-19,MEETING,NO_RESPONSE,CONTROLLED_SYNTHETIC
I0007215,SME002073,RM031,2026-07-08,BRANCH,FOLLOW_UP,CONTROLLED_SYNTHETIC
I0007216,SME002074,RM002,2026-08-16,CALL,CONNECTED,CONTROLLED_SYNTHETIC
I0007217,SME002074,RM002,2025-09-21,SECURE_MESSAGE,NO_RESPONSE,CONTROLLED_SYNTHETIC
I0007218,SME002074,RM002,2026-07-09,BRANCH,FOLLOW_UP,CONTROLLED_SYNTHETIC
I0007219,SME002074,RM002,2026-06-21,SECURE_MESSAGE,CONNECTED,CONTROLLED_SYNTHETIC
I0007220,SME002074,RM002,2026-06-29,CALL,CONNECTED,CONTROLLED_SYNTHETIC
I0007221,SME002074,RM002,2025-10-15,CALL,NO_RESPONSE,CONTROLLED_SYNTHETIC
I0007222,SME002075,RM008,2026-08-05,SECURE_MESSAGE,CONNECTED,CONTROLLED_SYNTHETIC
I0007223,SME002076,RM039,2025-12-09,MEETING,NO_RESPONSE,CONTROLLED_SYNTHETIC
I0007224,SME002077,RM036,2025-12-21,CALL,CONNECTED,CONTROLLED_SYNTHETIC
I0007225,SME002077,RM036,2026-07-08,SECURE_MESSAGE,CONNECTED,CONTROLLED_SYNTHETIC
I0007226,SME002077,RM036,2026-05-08,BRANCH,FOLLOW_UP,CONTROLLED_SYNTHETIC
I0007227,SME002077,RM036,2025-08-27,SECURE_MESSAGE,CONNECTED,CONTROLLED_SYNTHETIC
I0007228,SME002077,RM036,2026-01-24,CALL,FOLLOW_UP,CONTROLLED_SYNTHETIC
I0007229,SME002078,RM007,2025-12-05,MEETING,CONNECTED,CONTROLLED_SYNTHETIC
I0007230,SME002078,RM007,2026-01-28,CALL,CONNECTED,CONTROLLED_SYNTHETIC
I0007231,SME002078,RM007,2025-12-31,MEETING,FOLLOW_UP,CONTROLLED_SYNTHETIC
I0007232,SME002079,RM015,2026-03-21,CALL,FOLLOW_UP,CONTROLLED_SYNTHETIC
I0007233,SME002079,RM015,2026-04-28,SECURE_MESSAGE,NO_RESPONSE,CONTROLLED_SYNTHETIC
I0007234,SME002079,RM015,2026-07-25,CALL,CONNECTED,CONTROLLED_SYNTHETIC
I0007235,SME002080,RM040,2026-03-20,MEETING,FOLLOW_UP,CONTROLLED_SYNTHETIC
I0007236,SME002080,RM040,2026-08-08,MEETING,NO_RESPONSE,CONTROLLED_SYNTHETIC
I0007237,SME002080,RM040,2025-12-02,CALL,CONNECTED,CONTROLLED_SYNTHETIC
I0007238,SME002081,RM039,2025-12-13,SECURE_MESSAGE,NO_RESPONSE,CONTROLLED_SYNTHETIC
I0007239,SME002081,RM039,2026-04-25,CALL,NO_RESPONSE,CONTROLLED_SYNTHETIC
I0007240,SME002081,RM039,2026-04-05,SECURE_MESSAGE,FOLLOW_UP,CONTROLLED_SYNTHETIC
I0007241,SME002081,RM039,2026-07-24,BRANCH,CONNECTED,CONTROLLED_SYNTHETIC
I0007242,SME002081,RM039,2026-08-10,CALL,NO_RESPONSE,CONTROLLED_SYNTHETIC
I0007243,SME002081,RM039,2025-09-26,MEETING,CONNECTED,CONTROLLED_SYNTHETIC
I0007244,SME002082,RM021,2026-02-06,MEETING,CONNECTED,CONTROLLED_SYNTHETIC
I0007245,SME002082,RM021,2026-01-01,CALL,FOLLOW_UP,CONTROLLED_SYNTHETIC
I0007246,SME002082,RM021,2026-06-03,BRANCH,FOLLOW_UP,CONTROLLED_SYNTHETIC
I0007247,SME002082,RM021,2026-04-02,SECURE_MESSAGE,CONNECTED,CONTROLLED_SYNTHETIC
I0007248,SME002083,RM045,2026-06-23,BRANCH,NO_RESPONSE,CONTROLLED_SYNTHETIC
I0007249,SME002083,RM045,2026-01-02,MEETING,CONNECTED,CONTROLLED_SYNTHETIC
I0007250,SME002083,RM045,2026-08-01,CALL,NEEDS_REVIEW,CONTROLLED_SYNTHETIC
I0007251,SME002083,RM045,2026-05-01,CALL,CONNECTED,CONTROLLED_SYNTHETIC
I0007252,SME002083,RM045,2026-01-03,SECURE_MESSAGE,FOLLOW_UP,CONTROLLED_SYNTHETIC
I0007253,SME002084,RM046,2025-09-24,MEETING,CONNECTED,CONTROLLED_SYNTHETIC
I0007254,SME002085,RM022,2026-05-22,BRANCH,CONNECTED,CONTROLLED_SYNTHETIC
I0007255,SME002085,RM022,2025-10-10,BRANCH,FOLLOW_UP,CONTROLLED_SYNTHETIC
I0007256,SME002085,RM022,2025-08-26,SECURE_MESSAGE,CONNECTED,CONTROLLED_SYNTHETIC
I0007257,SME002085,RM022,2026-02-22,MEETING,FOLLOW_UP,CONTROLLED_SYNTHETIC
I0007258,SME002086,RM012,2026-05-06,CALL,FOLLOW_UP,CONTROLLED_SYNTHETIC
I0007259,SME002086,RM012,2026-01-21,CALL,NO_RESPONSE,CONTROLLED_SYNTHETIC
I0007260,SME002086,RM012,2026-04-18,MEETING,CONNECTED,CONTROLLED_SYNTHETIC
I0007261,SME002086,RM012,2025-12-03,CALL,FOLLOW_UP,CONTROLLED_SYNTHETIC
I0007262,SME002086,RM012,2025-10-21,BRANCH,FOLLOW_UP,CONTROLLED_SYNTHETIC
I0007263,SME002086,RM012,2025-10-17,BRANCH,CONNECTED,CONTROLLED_SYNTHETIC
I0007264,SME002087,RM048,2026-01-08,BRANCH,FOLLOW_UP,CONTROLLED_SYNTHETIC
I0007265,SME002087,RM048,2026-07-29,CALL,NO_RESPONSE,CONTROLLED_SYNTHETIC
I0007266,SME002087,RM048,2026-04-20,MEETING,CONNECTED,CONTROLLED_SYNTHETIC
I0007267,SME002087,RM048,2026-03-10,CALL,NO_RESPONSE,CONTROLLED_SYNTHETIC
I0007268,SME002087,RM048,2026-04-09,CALL,CONNECTED,CONTROLLED_SYNTHETIC
I0007269,SME002087,RM048,2026-07-25,BRANCH,FOLLOW_UP,CONTROLLED_SYNTHETIC
I0007270,SME002088,RM036,2026-05-18,CALL,NO_RESPONSE,CONTROLLED_SYNTHETIC
I0007271,SME002088,RM036,2026-01-03,CALL,CONNECTED,CONTROLLED_SYNTHETIC
I0007272,SME002088,RM036,2025-09-25,BRANCH,NO_RESPONSE,CONTROLLED_SYNTHETIC
I0007273,SME002089,RM034,2026-05-26,CALL,CONNECTED,CONTROLLED_SYNTHETIC
I0007274,SME002089,RM034,2026-05-17,SECURE_MESSAGE,FOLLOW_UP,CONTROLLED_SYNTHETIC
I0007275,SME002089,RM034,2026-05-26,SECURE_MESSAGE,NO_RESPONSE,CONTROLLED_SYNTHETIC
I0007276,SME002089,RM034,2025-11-02,CALL,CONNECTED,CONTROLLED_SYNTHETIC
I0007277,SME002089,RM034,2026-06-14,MEETING,FOLLOW_UP,CONTROLLED_SYNTHETIC
I0007278,SME002089,RM034,2026-06-30,BRANCH,CONNECTED,CONTROLLED_SYNTHETIC
I0007279,SME002090,RM021,2026-02-09,CALL,NO_RESPONSE,CONTROLLED_SYNTHETIC
I0007280,SME002090,RM021,2026-03-10,BRANCH,FOLLOW_UP,CONTROLLED_SYNTHETIC
I0007281,SME002090,RM021,2026-07-13,SECURE_MESSAGE,FOLLOW_UP,CONTROLLED_SYNTHETIC
I0007282,SME002090,RM021,2025-11-10,CALL,NEEDS_REVIEW,CONTROLLED_SYNTHETIC
I0007283,SME002090,RM021,2025-10-08,SECURE_MESSAGE,FOLLOW_UP,CONTROLLED_SYNTHETIC
I0007284,SME002091,RM031,2025-08-23,MEETING,NO_RESPONSE,CONTROLLED_SYNTHETIC
I0007285,SME002091,RM031,2026-08-06,CALL,CONNECTED,CONTROLLED_SYNTHETIC
I0007286,SME002091,RM031,2026-07-29,BRANCH,CONNECTED,CONTROLLED_SYNTHETIC
I0007287,SME002091,RM031,2025-12-12,CALL,CONNECTED,CONTROLLED_SYNTHETIC
I0007288,SME002091,RM031,2025-12-21,SECURE_MESSAGE,CONNECTED,CONTROLLED_SYNTHETIC
I0007289,SME002092,RM043,2026-01-04,MEETING,NO_RESPONSE,CONTROLLED_SYNTHETIC
I0007290,SME002092,RM043,2026-04-22,SECURE_MESSAGE,NEEDS_REVIEW,CONTROLLED_SYNTHETIC
I0007291,SME002093,RM024,2025-08-24,CALL,NEEDS_REVIEW,CONTROLLED_SYNTHETIC
I0007292,SME002094,RM035,2026-04-10,BRANCH,CONNECTED,CONTROLLED_SYNTHETIC
I0007293,SME002094,RM035,2026-07-02,CALL,CONNECTED,CONTROLLED_SYNTHETIC
I0007294,SME002094,RM035,2025-10-02,SECURE_MESSAGE,FOLLOW_UP,CONTROLLED_SYNTHETIC
I0007295,SME002094,RM035,2026-04-01,CALL,CONNECTED,CONTROLLED_SYNTHETIC
I0007296,SME002095,RM030,2025-09-01,SECURE_MESSAGE,FOLLOW_UP,CONTROLLED_SYNTHETIC
I0007297,SME002095,RM030,2026-01-26,BRANCH,CONNECTED,CONTROLLED_SYNTHETIC
I0007298,SME002095,RM030,2025-09-29,BRANCH,CONNECTED,CONTROLLED_SYNTHETIC
I0007299,SME002095,RM030,2026-03-02,SECURE_MESSAGE,CONNECTED,CONTROLLED_SYNTHETIC
I0007300,SME002095,RM030,2026-08-17,SECURE_MESSAGE,NO_RESPONSE,CONTROLLED_SYNTHETIC
I0007301,SME002096,RM021,2025-09-06,CALL,FOLLOW_UP,CONTROLLED_SYNTHETIC
I0007302,SME002096,RM021,2026-02-12,SECURE_MESSAGE,CONNECTED,CONTROLLED_SYNTHETIC
I0007303,SME002096,RM021,2026-02-16,MEETING,CONNECTED,CONTROLLED_SYNTHETIC
I0007304,SME002096,RM021,2025-10-20,SECURE_MESSAGE,NO_RESPONSE,CONTROLLED_SYNTHETIC
I0007305,SME002096,RM021,2026-02-05,MEETING,NEEDS_REVIEW,CONTROLLED_SYNTHETIC
I0007306,SME002096,RM021,2026-06-06,BRANCH,CONNECTED,CONTROLLED_SYNTHETIC
I0007307,SME002097,RM008,2026-08-05,CALL,CONNECTED,CONTROLLED_SYNTHETIC
I0007308,SME002097,RM008,2025-09-17,CALL,NO_RESPONSE,CONTROLLED_SYNTHETIC
I0007309,SME002097,RM008,2026-08-15,MEETING,NO_RESPONSE,CONTROLLED_SYNTHETIC
I0007310,SME002097,RM008,2025-08-28,BRANCH,NO_RESPONSE,CONTROLLED_SYNTHETIC
I0007311,SME002097,RM008,2026-05-21,SECURE_MESSAGE,NO_RESPONSE,CONTROLLED_SYNTHETIC
I0007312,SME002098,RM040,2026-04-06,CALL,CONNECTED,CONTROLLED_SYNTHETIC
I0007313,SME002099,RM002,2026-04-02,BRANCH,CONNECTED,CONTROLLED_SYNTHETIC
I0007314,SME002099,RM002,2026-06-25,MEETING,FOLLOW_UP,CONTROLLED_SYNTHETIC
I0007315,SME002099,RM002,2026-03-02,SECURE_MESSAGE,CONNECTED,CONTROLLED_SYNTHETIC
I0007316,SME002099,RM002,2025-12-14,SECURE_MESSAGE,CONNECTED,CONTROLLED_SYNTHETIC
I0007317,SME002099,RM002,2025-12-19,SECURE_MESSAGE,CONNECTED,CONTROLLED_SYNTHETIC
I0007318,SME002100,RM009,2026-03-18,MEETING,FOLLOW_UP,CONTROLLED_SYNTHETIC
I0007319,SME002100,RM009,2025-09-05,CALL,CONNECTED,CONTROLLED_SYNTHETIC
I0007320,SME002100,RM009,2026-03-21,BRANCH,FOLLOW_UP,CONTROLLED_SYNTHETIC
I0007321,SME002100,RM009,2025-09-27,BRANCH,NEEDS_REVIEW,CONTROLLED_SYNTHETIC
I0007322,SME002100,RM009,2026-07-28,MEETING,FOLLOW_UP,CONTROLLED_SYNTHETIC
I0007323,SME002101,RM041,2025-12-31,CALL,NO_RESPONSE,CONTROLLED_SYNTHETIC
I0007324,SME002101,RM041,2026-05-09,MEETING,NO_RESPONSE,CONTROLLED_SYNTHETIC
I0007325,SME002101,RM041,2026-04-27,BRANCH,NEEDS_REVIEW,CONTROLLED_SYNTHETIC
I0007326,SME002101,RM041,2025-12-08,MEETING,FOLLOW_UP,CONTROLLED_SYNTHETIC
I0007327,SME002102,RM021,2025-11-25,BRANCH,FOLLOW_UP,CONTROLLED_SYNTHETIC
I0007328,SME002102,RM021,2026-06-01,SECURE_MESSAGE,FOLLOW_UP,CONTROLLED_SYNTHETIC
I0007329,SME002102,RM021,2025-10-08,SECURE_MESSAGE,FOLLOW_UP,CONTROLLED_SYNTHETIC
I0007330,SME002102,RM021,2026-07-18,BRANCH,FOLLOW_UP,CONTROLLED_SYNTHETIC
I0007331,SME002102,RM021,2025-08-21,CALL,FOLLOW_UP,CONTROLLED_SYNTHETIC
I0007332,SME002103,RM007,2025-09-27,CALL,CONNECTED,CONTROLLED_SYNTHETIC
I0007333,SME002103,RM007,2026-05-02,BRANCH,FOLLOW_UP,CONTROLLED_SYNTHETIC
I0007334,SME002104,RM029,2025-08-27,CALL,NEEDS_REVIEW,CONTROLLED_SYNTHETIC
I0007335,SME002104,RM029,2026-04-23,MEETING,NEEDS_REVIEW,CONTROLLED_SYNTHETIC
I0007336,SME002105,RM036,2026-01-19,BRANCH,FOLLOW_UP,CONTROLLED_SYNTHETIC
I0007337,SME002106,RM001,2026-02-04,SECURE_MESSAGE,CONNECTED,CONTROLLED_SYNTHETIC
I0007338,SME002107,RM015,2025-09-21,CALL,FOLLOW_UP,CONTROLLED_SYNTHETIC
I0007339,SME002108,RM041,2025-10-04,SECURE_MESSAGE,CONNECTED,CONTROLLED_SYNTHETIC
I0007340,SME002108,RM041,2026-07-22,BRANCH,CONNECTED,CONTROLLED_SYNTHETIC
I0007341,SME002108,RM041,2026-07-23,SECURE_MESSAGE,NO_RESPONSE,CONTROLLED_SYNTHETIC
I0007342,SME002109,RM036,2026-04-18,SECURE_MESSAGE,FOLLOW_UP,CONTROLLED_SYNTHETIC
I0007343,SME002109,RM036,2026-08-17,SECURE_MESSAGE,NO_RESPONSE,CONTROLLED_SYNTHETIC
I0007344,SME002109,RM036,2026-06-02,MEETING,CONNECTED,CONTROLLED_SYNTHETIC
I0007345,SME002109,RM036,2025-09-18,BRANCH,CONNECTED,CONTROLLED_SYNTHETIC
I0007346,SME002109,RM036,2026-06-28,BRANCH,NO_RESPONSE,CONTROLLED_SYNTHETIC
I0007347,SME002109,RM036,2025-12-01,CALL,CONNECTED,CONTROLLED_SYNTHETIC
I0007348,SME002110,RM036,2026-01-13,CALL,NEEDS_REVIEW,CONTROLLED_SYNTHETIC
I0007349,SME002110,RM036,2025-08-27,MEETING,NO_RESPONSE,CONTROLLED_SYNTHETIC
I0007350,SME002111,RM019,2025-11-20,SECURE_MESSAGE,CONNECTED,CONTROLLED_SYNTHETIC
I0007351,SME002111,RM019,2026-04-23,BRANCH,NEEDS_REVIEW,CONTROLLED_SYNTHETIC
I0007352,SME002111,RM019,2025-09-09,SECURE_MESSAGE,FOLLOW_UP,CONTROLLED_SYNTHETIC
I0007353,SME002112,RM015,2026-06-05,SECURE_MESSAGE,NO_RESPONSE,CONTROLLED_SYNTHETIC
I0007354,SME002112,RM015,2025-10-06,BRANCH,NEEDS_REVIEW,CONTROLLED_SYNTHETIC
I0007355,SME002112,RM015,2025-12-28,CALL,NO_RESPONSE,CONTROLLED_SYNTHETIC
I0007356,SME002113,RM015,2026-02-24,CALL,CONNECTED,CONTROLLED_SYNTHETIC
I0007357,SME002113,RM015,2026-07-24,CALL,NO_RESPONSE,CONTROLLED_SYNTHETIC
I0007358,SME002113,RM015,2025-10-31,CALL,NO_RESPONSE,CONTROLLED_SYNTHETIC
I0007359,SME002113,RM015,2026-03-06,SECURE_MESSAGE,CONNECTED,CONTROLLED_SYNTHETIC
I0007360,SME002113,RM015,2025-11-08,CALL,CONNECTED,CONTROLLED_SYNTHETIC
I0007361,SME002114,RM021,2026-03-11,MEETING,FOLLOW_UP,CONTROLLED_SYNTHETIC
I0007362,SME002114,RM021,2026-04-14,BRANCH,CONNECTED,CONTROLLED_SYNTHETIC
I0007363,SME002115,RM018,2026-03-13,SECURE_MESSAGE,NO_RESPONSE,CONTROLLED_SYNTHETIC
I0007364,SME002115,RM018,2026-04-12,MEETING,NO_RESPONSE,CONTROLLED_SYNTHETIC
I0007365,SME002115,RM018,2026-06-22,BRANCH,FOLLOW_UP,CONTROLLED_SYNTHETIC
I0007366,SME002115,RM018,2025-11-19,BRANCH,CONNECTED,CONTROLLED_SYNTHETIC
I0007367,SME002115,RM018,2026-02-03,CALL,NEEDS_REVIEW,CONTROLLED_SYNTHETIC
I0007368,SME002116,RM009,2026-04-11,CALL,CONNECTED,CONTROLLED_SYNTHETIC
I0007369,SME002116,RM009,2026-05-03,CALL,NO_RESPONSE,CONTROLLED_SYNTHETIC
I0007370,SME002116,RM009,2026-01-23,SECURE_MESSAGE,CONNECTED,CONTROLLED_SYNTHETIC
I0007371,SME002116,RM009,2026-04-04,CALL,CONNECTED,CONTROLLED_SYNTHETIC
I0007372,SME002116,RM009,2025-11-15,SECURE_MESSAGE,CONNECTED,CONTROLLED_SYNTHETIC
I0007373,SME002116,RM009,2026-06-21,BRANCH,CONNECTED,CONTROLLED_SYNTHETIC
I0007374,SME002117,RM015,2025-09-24,BRANCH,CONNECTED,CONTROLLED_SYNTHETIC
I0007375,SME002117,RM015,2026-03-24,BRANCH,CONNECTED,CONTROLLED_SYNTHETIC
I0007376,SME002117,RM015,2026-06-05,BRANCH,FOLLOW_UP,CONTROLLED_SYNTHETIC
I0007377,SME002117,RM015,2025-12-21,MEETING,NEEDS_REVIEW,CONTROLLED_SYNTHETIC
I0007378,SME002118,RM010,2026-05-07,SECURE_MESSAGE,CONNECTED,CONTROLLED_SYNTHETIC
I0007379,SME002118,RM010,2026-08-14,SECURE_MESSAGE,NO_RESPONSE,CONTROLLED_SYNTHETIC
I0007380,SME002118,RM010,2026-07-12,CALL,CONNECTED,CONTROLLED_SYNTHETIC
I0007381,SME002118,RM010,2025-08-23,CALL,FOLLOW_UP,CONTROLLED_SYNTHETIC
I0007382,SME002119,RM031,2026-08-13,BRANCH,NO_RESPONSE,CONTROLLED_SYNTHETIC
I0007383,SME002119,RM031,2026-06-05,CALL,FOLLOW_UP,CONTROLLED_SYNTHETIC
I0007384,SME002119,RM031,2026-05-22,BRANCH,FOLLOW_UP,CONTROLLED_SYNTHETIC
I0007385,SME002119,RM031,2026-03-10,MEETING,FOLLOW_UP,CONTROLLED_SYNTHETIC
I0007386,SME002119,RM031,2025-11-24,MEETING,FOLLOW_UP,CONTROLLED_SYNTHETIC
I0007387,SME002120,RM010,2025-08-29,CALL,CONNECTED,CONTROLLED_SYNTHETIC
I0007388,SME002121,RM043,2025-10-08,BRANCH,NO_RESPONSE,CONTROLLED_SYNTHETIC
I0007389,SME002122,RM045,2026-04-15,SECURE_MESSAGE,FOLLOW_UP,CONTROLLED_SYNTHETIC
I0007390,SME002122,RM045,2025-09-30,SECURE_MESSAGE,CONNECTED,CONTROLLED_SYNTHETIC
I0007391,SME002122,RM045,2026-01-23,BRANCH,NEEDS_REVIEW,CONTROLLED_SYNTHETIC
I0007392,SME002122,RM045,2025-12-11,BRANCH,FOLLOW_UP,CONTROLLED_SYNTHETIC
I0007393,SME002122,RM045,2025-10-18,BRANCH,CONNECTED,CONTROLLED_SYNTHETIC
I0007394,SME002122,RM045,2025-12-25,BRANCH,NO_RESPONSE,CONTROLLED_SYNTHETIC
I0007395,SME002123,RM015,2026-07-22,MEETING,CONNECTED,CONTROLLED_SYNTHETIC
I0007396,SME002123,RM015,2025-09-20,CALL,CONNECTED,CONTROLLED_SYNTHETIC
I0007397,SME002123,RM015,2026-04-14,SECURE_MESSAGE,CONNECTED,CONTROLLED_SYNTHETIC
I0007398,SME002123,RM015,2026-06-10,MEETING,FOLLOW_UP,CONTROLLED_SYNTHETIC
I0007399,SME002124,RM009,2025-12-14,BRANCH,FOLLOW_UP,CONTROLLED_SYNTHETIC
I0007400,SME002124,RM009,2026-03-27,BRANCH,FOLLOW_UP,CONTROLLED_SYNTHETIC
I0007401,SME002124,RM009,2026-07-30,BRANCH,CONNECTED,CONTROLLED_SYNTHETIC
I0007402,SME002124,RM009,2025-08-23,MEETING,CONNECTED,CONTROLLED_SYNTHETIC
I0007403,SME002124,RM009,2025-11-24,MEETING,CONNECTED,CONTROLLED_SYNTHETIC
I0007404,SME002124,RM009,2025-09-25,CALL,FOLLOW_UP,CONTROLLED_SYNTHETIC
I0007405,SME002125,RM032,2026-04-25,SECURE_MESSAGE,CONNECTED,CONTROLLED_SYNTHETIC
I0007406,SME002125,RM032,2025-09-21,CALL,NO_RESPONSE,CONTROLLED_SYNTHETIC
I0007407,SME002126,RM006,2025-08-21,BRANCH,CONNECTED,CONTROLLED_SYNTHETIC
I0007408,SME002126,RM006,2026-01-21,MEETING,CONNECTED,CONTROLLED_SYNTHETIC
I0007409,SME002126,RM006,2026-04-03,CALL,NEEDS_REVIEW,CONTROLLED_SYNTHETIC
I0007410,SME002127,RM046,2026-03-09,SECURE_MESSAGE,CONNECTED,CONTROLLED_SYNTHETIC
I0007411,SME002127,RM046,2026-05-09,SECURE_MESSAGE,NEEDS_REVIEW,CONTROLLED_SYNTHETIC
I0007412,SME002128,RM047,2026-03-10,MEETING,FOLLOW_UP,CONTROLLED_SYNTHETIC
I0007413,SME002128,RM047,2025-09-16,CALL,NO_RESPONSE,CONTROLLED_SYNTHETIC
I0007414,SME002128,RM047,2026-03-20,CALL,CONNECTED,CONTROLLED_SYNTHETIC
I0007415,SME002128,RM047,2026-03-09,SECURE_MESSAGE,NEEDS_REVIEW,CONTROLLED_SYNTHETIC
I0007416,SME002128,RM047,2026-03-16,MEETING,NO_RESPONSE,CONTROLLED_SYNTHETIC
I0007417,SME002129,RM015,2026-05-25,MEETING,CONNECTED,CONTROLLED_SYNTHETIC
I0007418,SME002129,RM015,2026-03-03,BRANCH,NO_RESPONSE,CONTROLLED_SYNTHETIC
I0007419,SME002129,RM015,2026-08-07,BRANCH,CONNECTED,CONTROLLED_SYNTHETIC
I0007420,SME002130,RM015,2026-06-06,MEETING,CONNECTED,CONTROLLED_SYNTHETIC
I0007421,SME002131,RM045,2025-11-01,SECURE_MESSAGE,NO_RESPONSE,CONTROLLED_SYNTHETIC
I0007422,SME002132,RM024,2026-04-03,SECURE_MESSAGE,CONNECTED,CONTROLLED_SYNTHETIC
I0007423,SME002132,RM024,2026-05-24,MEETING,NO_RESPONSE,CONTROLLED_SYNTHETIC
I0007424,SME002132,RM024,2026-01-21,SECURE_MESSAGE,CONNECTED,CONTROLLED_SYNTHETIC
I0007425,SME002133,RM035,2025-10-14,BRANCH,NO_RESPONSE,CONTROLLED_SYNTHETIC
I0007426,SME002133,RM035,2026-02-23,CALL,CONNECTED,CONTROLLED_SYNTHETIC
I0007427,SME002133,RM035,2026-03-07,SECURE_MESSAGE,FOLLOW_UP,CONTROLLED_SYNTHETIC
I0007428,SME002134,RM028,2026-02-17,MEETING,CONNECTED,CONTROLLED_SYNTHETIC
I0007429,SME002134,RM028,2025-10-17,SECURE_MESSAGE,CONNECTED,CONTROLLED_SYNTHETIC
I0007430,SME002134,RM028,2026-04-07,CALL,NEEDS_REVIEW,CONTROLLED_SYNTHETIC
I0007431,SME002134,RM028,2026-01-10,BRANCH,FOLLOW_UP,CONTROLLED_SYNTHETIC
I0007432,SME002134,RM028,2026-03-26,BRANCH,CONNECTED,CONTROLLED_SYNTHETIC
I0007433,SME002134,RM028,2026-07-10,BRANCH,NEEDS_REVIEW,CONTROLLED_SYNTHETIC
I0007434,SME002135,RM033,2026-04-09,MEETING,CONNECTED,CONTROLLED_SYNTHETIC
I0007435,SME002135,RM033,2025-08-21,BRANCH,CONNECTED,CONTROLLED_SYNTHETIC
I0007436,SME002135,RM033,2026-08-12,BRANCH,FOLLOW_UP,CONTROLLED_SYNTHETIC
I0007437,SME002135,RM033,2025-12-28,SECURE_MESSAGE,FOLLOW_UP,CONTROLLED_SYNTHETIC
I0007438,SME002135,RM033,2026-08-05,CALL,FOLLOW_UP,CONTROLLED_SYNTHETIC
I0007439,SME002136,RM030,2026-06-12,SECURE_MESSAGE,CONNECTED,CONTROLLED_SYNTHETIC
I0007440,SME002137,RM020,2026-02-22,CALL,FOLLOW_UP,CONTROLLED_SYNTHETIC
I0007441,SME002138,RM047,2025-12-11,BRANCH,CONNECTED,CONTROLLED_SYNTHETIC
I0007442,SME002139,RM036,2025-12-16,MEETING,CONNECTED,CONTROLLED_SYNTHETIC
I0007443,SME002139,RM036,2025-12-26,BRANCH,CONNECTED,CONTROLLED_SYNTHETIC
I0007444,SME002139,RM036,2026-07-29,SECURE_MESSAGE,NO_RESPONSE,CONTROLLED_SYNTHETIC
I0007445,SME002139,RM036,2026-05-27,BRANCH,NO_RESPONSE,CONTROLLED_SYNTHETIC
I0007446,SME002139,RM036,2026-06-25,BRANCH,CONNECTED,CONTROLLED_SYNTHETIC
I0007447,SME002140,RM047,2026-04-04,BRANCH,CONNECTED,CONTROLLED_SYNTHETIC
I0007448,SME002140,RM047,2025-08-29,SECURE_MESSAGE,FOLLOW_UP,CONTROLLED_SYNTHETIC
I0007449,SME002140,RM047,2026-07-07,CALL,CONNECTED,CONTROLLED_SYNTHETIC
I0007450,SME002140,RM047,2025-09-19,MEETING,CONNECTED,CONTROLLED_SYNTHETIC
I0007451,SME002141,RM041,2025-11-14,CALL,NEEDS_REVIEW,CONTROLLED_SYNTHETIC
I0007452,SME002141,RM041,2026-04-04,MEETING,NO_RESPONSE,CONTROLLED_SYNTHETIC
I0007453,SME002142,RM017,2026-02-20,BRANCH,CONNECTED,CONTROLLED_SYNTHETIC
I0007454,SME002142,RM017,2025-11-08,BRANCH,NO_RESPONSE,CONTROLLED_SYNTHETIC
I0007455,SME002142,RM017,2026-01-11,SECURE_MESSAGE,CONNECTED,CONTROLLED_SYNTHETIC
I0007456,SME002142,RM017,2026-06-18,BRANCH,CONNECTED,CONTROLLED_SYNTHETIC
I0007457,SME002142,RM017,2025-11-03,CALL,CONNECTED,CONTROLLED_SYNTHETIC
I0007458,SME002143,RM046,2026-01-30,BRANCH,CONNECTED,CONTROLLED_SYNTHETIC
I0007459,SME002143,RM046,2026-01-26,BRANCH,NO_RESPONSE,CONTROLLED_SYNTHETIC
I0007460,SME002144,RM008,2026-07-16,BRANCH,NEEDS_REVIEW,CONTROLLED_SYNTHETIC
I0007461,SME002144,RM008,2026-05-07,MEETING,NO_RESPONSE,CONTROLLED_SYNTHETIC
I0007462,SME002144,RM008,2026-01-25,MEETING,FOLLOW_UP,CONTROLLED_SYNTHETIC
I0007463,SME002144,RM008,2025-10-08,BRANCH,CONNECTED,CONTROLLED_SYNTHETIC
I0007464,SME002144,RM008,2026-03-12,CALL,CONNECTED,CONTROLLED_SYNTHETIC
I0007465,SME002145,RM009,2026-04-14,CALL,CONNECTED,CONTROLLED_SYNTHETIC
I0007466,SME002145,RM009,2025-09-09,CALL,CONNECTED,CONTROLLED_SYNTHETIC
I0007467,SME002145,RM009,2026-07-27,CALL,FOLLOW_UP,CONTROLLED_SYNTHETIC
I0007468,SME002145,RM009,2026-03-11,MEETING,FOLLOW_UP,CONTROLLED_SYNTHETIC
I0007469,SME002145,RM009,2025-11-19,SECURE_MESSAGE,NO_RESPONSE,CONTROLLED_SYNTHETIC
I0007470,SME002146,RM021,2026-01-06,MEETING,NO_RESPONSE,CONTROLLED_SYNTHETIC
I0007471,SME002147,RM015,2025-12-04,CALL,FOLLOW_UP,CONTROLLED_SYNTHETIC
I0007472,SME002147,RM015,2026-08-10,SECURE_MESSAGE,FOLLOW_UP,CONTROLLED_SYNTHETIC
I0007473,SME002147,RM015,2025-10-12,BRANCH,CONNECTED,CONTROLLED_SYNTHETIC
I0007474,SME002148,RM021,2025-08-31,BRANCH,CONNECTED,CONTROLLED_SYNTHETIC
I0007475,SME002148,RM021,2025-09-08,BRANCH,CONNECTED,CONTROLLED_SYNTHETIC
I0007476,SME002148,RM021,2026-03-22,BRANCH,FOLLOW_UP,CONTROLLED_SYNTHETIC
I0007477,SME002148,RM021,2026-03-30,MEETING,FOLLOW_UP,CONTROLLED_SYNTHETIC
I0007478,SME002148,RM021,2026-07-03,MEETING,FOLLOW_UP,CONTROLLED_SYNTHETIC
I0007479,SME002148,RM021,2026-03-27,MEETING,NO_RESPONSE,CONTROLLED_SYNTHETIC
I0007480,SME002149,RM022,2026-07-10,CALL,FOLLOW_UP,CONTROLLED_SYNTHETIC
I0007481,SME002149,RM022,2026-05-28,BRANCH,CONNECTED,CONTROLLED_SYNTHETIC
I0007482,SME002149,RM022,2026-01-19,SECURE_MESSAGE,FOLLOW_UP,CONTROLLED_SYNTHETIC
I0007483,SME002149,RM022,2026-05-15,CALL,NEEDS_REVIEW,CONTROLLED_SYNTHETIC
I0007484,SME002150,RM008,2025-12-16,CALL,NEEDS_REVIEW,CONTROLLED_SYNTHETIC
I0007485,SME002151,RM042,2025-09-13,CALL,NO_RESPONSE,CONTROLLED_SYNTHETIC
I0007486,SME002152,RM032,2025-11-03,MEETING,CONNECTED,CONTROLLED_SYNTHETIC
I0007487,SME002153,RM009,2025-10-09,BRANCH,NEEDS_REVIEW,CONTROLLED_SYNTHETIC
I0007488,SME002153,RM009,2025-12-09,MEETING,CONNECTED,CONTROLLED_SYNTHETIC
I0007489,SME002153,RM009,2025-11-11,CALL,FOLLOW_UP,CONTROLLED_SYNTHETIC
I0007490,SME002153,RM009,2026-05-01,SECURE_MESSAGE,FOLLOW_UP,CONTROLLED_SYNTHETIC
I0007491,SME002154,RM025,2026-03-20,MEETING,NO_RESPONSE,CONTROLLED_SYNTHETIC
I0007492,SME002154,RM025,2026-06-01,SECURE_MESSAGE,NO_RESPONSE,CONTROLLED_SYNTHETIC
I0007493,SME002154,RM025,2026-06-01,SECURE_MESSAGE,NO_RESPONSE,CONTROLLED_SYNTHETIC
I0007494,SME002155,RM023,2026-01-22,MEETING,CONNECTED,CONTROLLED_SYNTHETIC
I0007495,SME002155,RM023,2025-11-02,CALL,CONNECTED,CONTROLLED_SYNTHETIC
I0007496,SME002155,RM023,2026-03-31,CALL,FOLLOW_UP,CONTROLLED_SYNTHETIC
I0007497,SME002155,RM023,2025-11-22,BRANCH,CONNECTED,CONTROLLED_SYNTHETIC
I0007498,SME002156,RM009,2025-12-11,MEETING,CONNECTED,CONTROLLED_SYNTHETIC
I0007499,SME002156,RM009,2026-02-12,BRANCH,FOLLOW_UP,CONTROLLED_SYNTHETIC
I0007500,SME002156,RM009,2025-11-16,MEETING,CONNECTED,CONTROLLED_SYNTHETIC
I0007501,SME002157,RM017,2026-05-25,SECURE_MESSAGE,CONNECTED,CONTROLLED_SYNTHETIC
I0007502,SME002157,RM017,2026-08-08,SECURE_MESSAGE,FOLLOW_UP,CONTROLLED_SYNTHETIC
I0007503,SME002157,RM017,2026-04-07,SECURE_MESSAGE,NEEDS_REVIEW,CONTROLLED_SYNTHETIC
I0007504,SME002157,RM017,2026-04-28,CALL,CONNECTED,CONTROLLED_SYNTHETIC
I0007505,SME002157,RM017,2026-04-12,SECURE_MESSAGE,FOLLOW_UP,CONTROLLED_SYNTHETIC
I0007506,SME002158,RM008,2026-05-24,CALL,CONNECTED,CONTROLLED_SYNTHETIC
I0007507,SME002159,RM041,2026-02-13,BRANCH,CONNECTED,CONTROLLED_SYNTHETIC
I0007508,SME002159,RM041,2026-08-13,CALL,CONNECTED,CONTROLLED_SYNTHETIC
I0007509,SME002159,RM041,2026-04-14,BRANCH,NO_RESPONSE,CONTROLLED_SYNTHETIC
I0007510,SME002159,RM041,2026-03-21,MEETING,CONNECTED,CONTROLLED_SYNTHETIC
I0007511,SME002159,RM041,2025-08-25,CALL,FOLLOW_UP,CONTROLLED_SYNTHETIC
I0007512,SME002160,RM011,2026-04-30,MEETING,NO_RESPONSE,CONTROLLED_SYNTHETIC
I0007513,SME002160,RM011,2026-02-26,SECURE_MESSAGE,CONNECTED,CONTROLLED_SYNTHETIC
I0007514,SME002160,RM011,2026-04-23,CALL,NO_RESPONSE,CONTROLLED_SYNTHETIC
I0007515,SME002160,RM011,2026-05-30,SECURE_MESSAGE,CONNECTED,CONTROLLED_SYNTHETIC
I0007516,SME002160,RM011,2026-01-26,SECURE_MESSAGE,CONNECTED,CONTROLLED_SYNTHETIC
I0007517,SME002160,RM011,2026-04-04,SECURE_MESSAGE,NEEDS_REVIEW,CONTROLLED_SYNTHETIC
I0007518,SME002161,RM014,2026-02-14,MEETING,CONNECTED,CONTROLLED_SYNTHETIC
I0007519,SME002161,RM014,2025-09-28,SECURE_MESSAGE,FOLLOW_UP,CONTROLLED_SYNTHETIC
I0007520,SME002161,RM014,2025-10-14,SECURE_MESSAGE,CONNECTED,CONTROLLED_SYNTHETIC
I0007521,SME002162,RM002,2025-12-30,BRANCH,NO_RESPONSE,CONTROLLED_SYNTHETIC
I0007522,SME002162,RM002,2026-02-27,BRANCH,CONNECTED,CONTROLLED_SYNTHETIC
I0007523,SME002162,RM002,2026-01-27,CALL,NO_RESPONSE,CONTROLLED_SYNTHETIC
I0007524,SME002162,RM002,2025-09-06,BRANCH,CONNECTED,CONTROLLED_SYNTHETIC
I0007525,SME002162,RM002,2025-08-26,CALL,NO_RESPONSE,CONTROLLED_SYNTHETIC
I0007526,SME002162,RM002,2025-10-01,SECURE_MESSAGE,NEEDS_REVIEW,CONTROLLED_SYNTHETIC
I0007527,SME002163,RM009,2026-06-25,SECURE_MESSAGE,NEEDS_REVIEW,CONTROLLED_SYNTHETIC
I0007528,SME002163,RM009,2026-06-26,BRANCH,NO_RESPONSE,CONTROLLED_SYNTHETIC
I0007529,SME002163,RM009,2026-03-07,CALL,NO_RESPONSE,CONTROLLED_SYNTHETIC
I0007530,SME002163,RM009,2026-06-27,MEETING,NEEDS_REVIEW,CONTROLLED_SYNTHETIC
I0007531,SME002164,RM032,2025-10-17,CALL,NO_RESPONSE,CONTROLLED_SYNTHETIC
I0007532,SME002165,RM009,2025-11-24,MEETING,CONNECTED,CONTROLLED_SYNTHETIC
I0007533,SME002165,RM009,2026-04-16,SECURE_MESSAGE,CONNECTED,CONTROLLED_SYNTHETIC
I0007534,SME002166,RM017,2026-03-07,CALL,CONNECTED,CONTROLLED_SYNTHETIC
I0007535,SME002167,RM001,2025-08-26,BRANCH,CONNECTED,CONTROLLED_SYNTHETIC
I0007536,SME002167,RM001,2025-12-11,CALL,NO_RESPONSE,CONTROLLED_SYNTHETIC
I0007537,SME002167,RM001,2025-12-25,SECURE_MESSAGE,FOLLOW_UP,CONTROLLED_SYNTHETIC
I0007538,SME002168,RM044,2026-07-13,CALL,CONNECTED,CONTROLLED_SYNTHETIC
I0007539,SME002168,RM044,2026-02-25,SECURE_MESSAGE,NEEDS_REVIEW,CONTROLLED_SYNTHETIC
I0007540,SME002168,RM044,2026-06-12,CALL,FOLLOW_UP,CONTROLLED_SYNTHETIC
I0007541,SME002168,RM044,2026-04-26,CALL,NEEDS_REVIEW,CONTROLLED_SYNTHETIC
I0007542,SME002169,RM043,2025-10-18,CALL,NO_RESPONSE,CONTROLLED_SYNTHETIC
I0007543,SME002169,RM043,2026-04-08,SECURE_MESSAGE,CONNECTED,CONTROLLED_SYNTHETIC
I0007544,SME002170,RM035,2026-03-30,BRANCH,CONNECTED,CONTROLLED_SYNTHETIC
I0007545,SME002170,RM035,2025-11-12,MEETING,FOLLOW_UP,CONTROLLED_SYNTHETIC
I0007546,SME002171,RM036,2026-03-07,CALL,FOLLOW_UP,CONTROLLED_SYNTHETIC
I0007547,SME002171,RM036,2025-12-28,MEETING,NO_RESPONSE,CONTROLLED_SYNTHETIC
I0007548,SME002171,RM036,2025-10-18,SECURE_MESSAGE,CONNECTED,CONTROLLED_SYNTHETIC
I0007549,SME002171,RM036,2026-04-28,BRANCH,FOLLOW_UP,CONTROLLED_SYNTHETIC
I0007550,SME002171,RM036,2026-03-12,CALL,FOLLOW_UP,CONTROLLED_SYNTHETIC
I0007551,SME002172,RM002,2026-01-20,BRANCH,CONNECTED,CONTROLLED_SYNTHETIC
I0007552,SME002172,RM002,2026-05-27,SECURE_MESSAGE,FOLLOW_UP,CONTROLLED_SYNTHETIC
I0007553,SME002172,RM002,2026-06-03,MEETING,CONNECTED,CONTROLLED_SYNTHETIC
I0007554,SME002172,RM002,2025-11-15,CALL,CONNECTED,CONTROLLED_SYNTHETIC
I0007555,SME002173,RM039,2026-08-13,SECURE_MESSAGE,CONNECTED,CONTROLLED_SYNTHETIC
I0007556,SME002173,RM039,2026-04-04,CALL,FOLLOW_UP,CONTROLLED_SYNTHETIC
I0007557,SME002173,RM039,2026-06-02,BRANCH,FOLLOW_UP,CONTROLLED_SYNTHETIC
I0007558,SME002174,RM048,2026-03-16,MEETING,CONNECTED,CONTROLLED_SYNTHETIC
I0007559,SME002174,RM048,2026-08-05,BRANCH,FOLLOW_UP,CONTROLLED_SYNTHETIC
I0007560,SME002174,RM048,2025-12-21,CALL,NO_RESPONSE,CONTROLLED_SYNTHETIC
I0007561,SME002174,RM048,2026-02-22,SECURE_MESSAGE,CONNECTED,CONTROLLED_SYNTHETIC
I0007562,SME002174,RM048,2026-07-25,CALL,CONNECTED,CONTROLLED_SYNTHETIC
I0007563,SME002175,RM030,2026-01-15,SECURE_MESSAGE,CONNECTED,CONTROLLED_SYNTHETIC
I0007564,SME002175,RM030,2025-12-01,CALL,CONNECTED,CONTROLLED_SYNTHETIC
I0007565,SME002175,RM030,2026-05-13,SECURE_MESSAGE,NEEDS_REVIEW,CONTROLLED_SYNTHETIC
I0007566,SME002175,RM030,2026-03-09,MEETING,FOLLOW_UP,CONTROLLED_SYNTHETIC
I0007567,SME002175,RM030,2026-01-20,SECURE_MESSAGE,CONNECTED,CONTROLLED_SYNTHETIC
I0007568,SME002176,RM042,2025-10-26,CALL,CONNECTED,CONTROLLED_SYNTHETIC
I0007569,SME002176,RM042,2025-08-27,CALL,CONNECTED,CONTROLLED_SYNTHETIC
I0007570,SME002176,RM042,2026-02-12,SECURE_MESSAGE,FOLLOW_UP,CONTROLLED_SYNTHETIC
I0007571,SME002176,RM042,2025-10-06,SECURE_MESSAGE,NO_RESPONSE,CONTROLLED_SYNTHETIC
I0007572,SME002176,RM042,2026-08-02,MEETING,CONNECTED,CONTROLLED_SYNTHETIC
I0007573,SME002176,RM042,2026-01-10,BRANCH,CONNECTED,CONTROLLED_SYNTHETIC
I0007574,SME002177,RM025,2026-08-09,CALL,FOLLOW_UP,CONTROLLED_SYNTHETIC
I0007575,SME002177,RM025,2026-04-05,BRANCH,CONNECTED,CONTROLLED_SYNTHETIC
I0007576,SME002177,RM025,2025-11-19,SECURE_MESSAGE,NEEDS_REVIEW,CONTROLLED_SYNTHETIC
I0007577,SME002177,RM025,2026-03-17,SECURE_MESSAGE,CONNECTED,CONTROLLED_SYNTHETIC
I0007578,SME002177,RM025,2026-04-28,BRANCH,NO_RESPONSE,CONTROLLED_SYNTHETIC
I0007579,SME002178,RM040,2026-05-03,BRANCH,CONNECTED,CONTROLLED_SYNTHETIC
I0007580,SME002178,RM040,2026-06-16,BRANCH,NEEDS_REVIEW,CONTROLLED_SYNTHETIC
I0007581,SME002178,RM040,2025-11-16,BRANCH,FOLLOW_UP,CONTROLLED_SYNTHETIC
I0007582,SME002178,RM040,2026-06-09,CALL,CONNECTED,CONTROLLED_SYNTHETIC
I0007583,SME002178,RM040,2025-10-21,MEETING,CONNECTED,CONTROLLED_SYNTHETIC
I0007584,SME002178,RM040,2026-05-31,MEETING,NO_RESPONSE,CONTROLLED_SYNTHETIC
I0007585,SME002179,RM012,2026-02-16,MEETING,NO_RESPONSE,CONTROLLED_SYNTHETIC
I0007586,SME002180,RM022,2026-02-22,SECURE_MESSAGE,NO_RESPONSE,CONTROLLED_SYNTHETIC
I0007587,SME002180,RM022,2026-05-25,BRANCH,FOLLOW_UP,CONTROLLED_SYNTHETIC
I0007588,SME002180,RM022,2026-07-12,MEETING,FOLLOW_UP,CONTROLLED_SYNTHETIC
I0007589,SME002180,RM022,2025-08-22,SECURE_MESSAGE,CONNECTED,CONTROLLED_SYNTHETIC
I0007590,SME002181,RM010,2026-04-26,CALL,NO_RESPONSE,CONTROLLED_SYNTHETIC
I0007591,SME002181,RM010,2026-04-16,CALL,CONNECTED,CONTROLLED_SYNTHETIC
I0007592,SME002181,RM010,2026-06-03,MEETING,NO_RESPONSE,CONTROLLED_SYNTHETIC
I0007593,SME002181,RM010,2026-06-02,MEETING,CONNECTED,CONTROLLED_SYNTHETIC
I0007594,SME002181,RM010,2025-11-08,CALL,FOLLOW_UP,CONTROLLED_SYNTHETIC
I0007595,SME002181,RM010,2026-02-09,BRANCH,CONNECTED,CONTROLLED_SYNTHETIC
I0007596,SME002182,RM018,2026-01-16,SECURE_MESSAGE,FOLLOW_UP,CONTROLLED_SYNTHETIC
I0007597,SME002182,RM018,2026-01-05,SECURE_MESSAGE,NO_RESPONSE,CONTROLLED_SYNTHETIC
I0007598,SME002183,RM017,2026-04-13,MEETING,NO_RESPONSE,CONTROLLED_SYNTHETIC
I0007599,SME002183,RM017,2026-08-09,CALL,FOLLOW_UP,CONTROLLED_SYNTHETIC
I0007600,SME002183,RM017,2025-09-08,MEETING,NEEDS_REVIEW,CONTROLLED_SYNTHETIC
I0007601,SME002183,RM017,2026-08-17,SECURE_MESSAGE,FOLLOW_UP,CONTROLLED_SYNTHETIC
I0007602,SME002183,RM017,2026-04-24,CALL,NEEDS_REVIEW,CONTROLLED_SYNTHETIC
I0007603,SME002184,RM017,2025-09-12,SECURE_MESSAGE,NO_RESPONSE,CONTROLLED_SYNTHETIC
I0007604,SME002185,RM018,2026-07-27,BRANCH,CONNECTED,CONTROLLED_SYNTHETIC
I0007605,SME002185,RM018,2025-09-28,MEETING,NEEDS_REVIEW,CONTROLLED_SYNTHETIC
I0007606,SME002186,RM015,2026-03-15,CALL,CONNECTED,CONTROLLED_SYNTHETIC
I0007607,SME002186,RM015,2025-09-20,SECURE_MESSAGE,CONNECTED,CONTROLLED_SYNTHETIC
I0007608,SME002186,RM015,2026-01-25,SECURE_MESSAGE,FOLLOW_UP,CONTROLLED_SYNTHETIC
I0007609,SME002186,RM015,2026-06-28,BRANCH,NO_RESPONSE,CONTROLLED_SYNTHETIC
I0007610,SME002186,RM015,2025-11-24,BRANCH,FOLLOW_UP,CONTROLLED_SYNTHETIC
I0007611,SME002187,RM020,2025-09-07,MEETING,NO_RESPONSE,CONTROLLED_SYNTHETIC
I0007612,SME002187,RM020,2026-05-05,SECURE_MESSAGE,CONNECTED,CONTROLLED_SYNTHETIC
I0007613,SME002188,RM041,2026-05-04,CALL,CONNECTED,CONTROLLED_SYNTHETIC
I0007614,SME002188,RM041,2025-08-27,SECURE_MESSAGE,NO_RESPONSE,CONTROLLED_SYNTHETIC
I0007615,SME002188,RM041,2026-07-22,BRANCH,CONNECTED,CONTROLLED_SYNTHETIC
I0007616,SME002188,RM041,2025-12-31,BRANCH,FOLLOW_UP,CONTROLLED_SYNTHETIC
I0007617,SME002188,RM041,2025-11-18,CALL,FOLLOW_UP,CONTROLLED_SYNTHETIC
I0007618,SME002188,RM041,2026-08-16,BRANCH,FOLLOW_UP,CONTROLLED_SYNTHETIC
I0007619,SME002189,RM011,2026-01-05,CALL,CONNECTED,CONTROLLED_SYNTHETIC
I0007620,SME002189,RM011,2026-04-06,MEETING,CONNECTED,CONTROLLED_SYNTHETIC
I0007621,SME002189,RM011,2026-02-08,CALL,CONNECTED,CONTROLLED_SYNTHETIC
I0007622,SME002189,RM011,2025-11-02,BRANCH,FOLLOW_UP,CONTROLLED_SYNTHETIC
I0007623,SME002189,RM011,2026-01-27,MEETING,CONNECTED,CONTROLLED_SYNTHETIC
I0007624,SME002189,RM011,2026-04-21,CALL,CONNECTED,CONTROLLED_SYNTHETIC
I0007625,SME002190,RM040,2026-01-11,MEETING,CONNECTED,CONTROLLED_SYNTHETIC
I0007626,SME002191,RM035,2025-09-03,BRANCH,FOLLOW_UP,CONTROLLED_SYNTHETIC
I0007627,SME002192,RM044,2026-06-10,SECURE_MESSAGE,NEEDS_REVIEW,CONTROLLED_SYNTHETIC
I0007628,SME002192,RM044,2026-04-28,CALL,CONNECTED,CONTROLLED_SYNTHETIC
I0007629,SME002192,RM044,2026-03-20,BRANCH,FOLLOW_UP,CONTROLLED_SYNTHETIC
I0007630,SME002193,RM013,2025-09-29,CALL,NO_RESPONSE,CONTROLLED_SYNTHETIC
I0007631,SME002194,RM002,2026-05-12,BRANCH,FOLLOW_UP,CONTROLLED_SYNTHETIC
I0007632,SME002194,RM002,2026-05-19,SECURE_MESSAGE,CONNECTED,CONTROLLED_SYNTHETIC
I0007633,SME002194,RM002,2025-10-07,SECURE_MESSAGE,FOLLOW_UP,CONTROLLED_SYNTHETIC
I0007634,SME002194,RM002,2025-11-12,CALL,NO_RESPONSE,CONTROLLED_SYNTHETIC
I0007635,SME002194,RM002,2025-10-23,SECURE_MESSAGE,CONNECTED,CONTROLLED_SYNTHETIC
I0007636,SME002195,RM035,2026-04-30,MEETING,FOLLOW_UP,CONTROLLED_SYNTHETIC
I0007637,SME002195,RM035,2025-12-28,MEETING,CONNECTED,CONTROLLED_SYNTHETIC
I0007638,SME002196,RM009,2025-09-02,SECURE_MESSAGE,NEEDS_REVIEW,CONTROLLED_SYNTHETIC
I0007639,SME002196,RM009,2025-12-07,BRANCH,NO_RESPONSE,CONTROLLED_SYNTHETIC
I0007640,SME002196,RM009,2026-05-30,BRANCH,CONNECTED,CONTROLLED_SYNTHETIC
I0007641,SME002196,RM009,2025-11-22,SECURE_MESSAGE,CONNECTED,CONTROLLED_SYNTHETIC
I0007642,SME002197,RM008,2026-05-24,CALL,FOLLOW_UP,CONTROLLED_SYNTHETIC
I0007643,SME002197,RM008,2026-08-01,BRANCH,CONNECTED,CONTROLLED_SYNTHETIC
I0007644,SME002197,RM008,2025-11-10,CALL,NO_RESPONSE,CONTROLLED_SYNTHETIC
I0007645,SME002197,RM008,2026-06-11,CALL,CONNECTED,CONTROLLED_SYNTHETIC
I0007646,SME002197,RM008,2026-02-27,BRANCH,CONNECTED,CONTROLLED_SYNTHETIC
I0007647,SME002198,RM006,2026-04-10,CALL,CONNECTED,CONTROLLED_SYNTHETIC
I0007648,SME002198,RM006,2025-08-29,BRANCH,NO_RESPONSE,CONTROLLED_SYNTHETIC
I0007649,SME002198,RM006,2025-11-25,MEETING,FOLLOW_UP,CONTROLLED_SYNTHETIC
I0007650,SME002198,RM006,2026-07-12,MEETING,FOLLOW_UP,CONTROLLED_SYNTHETIC
I0007651,SME002199,RM023,2026-01-16,MEETING,NEEDS_REVIEW,CONTROLLED_SYNTHETIC
I0007652,SME002199,RM023,2025-10-25,BRANCH,CONNECTED,CONTROLLED_SYNTHETIC
I0007653,SME002199,RM023,2026-02-14,CALL,NEEDS_REVIEW,CONTROLLED_SYNTHETIC
I0007654,SME002199,RM023,2025-10-09,SECURE_MESSAGE,CONNECTED,CONTROLLED_SYNTHETIC
I0007655,SME002199,RM023,2026-03-03,SECURE_MESSAGE,CONNECTED,CONTROLLED_SYNTHETIC
I0007656,SME002200,RM025,2026-06-20,MEETING,CONNECTED,CONTROLLED_SYNTHETIC
I0007657,SME002200,RM025,2026-03-08,BRANCH,FOLLOW_UP,CONTROLLED_SYNTHETIC
I0007658,SME002201,RM002,2026-07-02,SECURE_MESSAGE,NEEDS_REVIEW,CONTROLLED_SYNTHETIC
I0007659,SME002202,RM021,2026-06-11,MEETING,FOLLOW_UP,CONTROLLED_SYNTHETIC
I0007660,SME002203,RM009,2025-10-22,MEETING,FOLLOW_UP,CONTROLLED_SYNTHETIC
I0007661,SME002203,RM009,2025-09-24,BRANCH,FOLLOW_UP,CONTROLLED_SYNTHETIC
I0007662,SME002203,RM009,2025-10-08,MEETING,FOLLOW_UP,CONTROLLED_SYNTHETIC
I0007663,SME002204,RM026,2026-05-15,CALL,FOLLOW_UP,CONTROLLED_SYNTHETIC
I0007664,SME002204,RM026,2026-06-28,BRANCH,NEEDS_REVIEW,CONTROLLED_SYNTHETIC
I0007665,SME002204,RM026,2025-09-19,BRANCH,CONNECTED,CONTROLLED_SYNTHETIC
I0007666,SME002204,RM026,2026-03-04,BRANCH,CONNECTED,CONTROLLED_SYNTHETIC
I0007667,SME002204,RM026,2026-02-25,SECURE_MESSAGE,NO_RESPONSE,CONTROLLED_SYNTHETIC
I0007668,SME002205,RM032,2025-11-18,BRANCH,CONNECTED,CONTROLLED_SYNTHETIC
I0007669,SME002205,RM032,2026-02-06,CALL,FOLLOW_UP,CONTROLLED_SYNTHETIC
I0007670,SME002205,RM032,2025-12-09,BRANCH,NO_RESPONSE,CONTROLLED_SYNTHETIC
I0007671,SME002205,RM032,2026-07-19,MEETING,NO_RESPONSE,CONTROLLED_SYNTHETIC
I0007672,SME002205,RM032,2026-04-07,SECURE_MESSAGE,CONNECTED,CONTROLLED_SYNTHETIC
I0007673,SME002206,RM040,2026-03-07,CALL,NEEDS_REVIEW,CONTROLLED_SYNTHETIC
I0007674,SME002206,RM040,2026-05-23,SECURE_MESSAGE,CONNECTED,CONTROLLED_SYNTHETIC
I0007675,SME002206,RM040,2025-08-31,SECURE_MESSAGE,NO_RESPONSE,CONTROLLED_SYNTHETIC
I0007676,SME002206,RM040,2025-12-07,SECURE_MESSAGE,CONNECTED,CONTROLLED_SYNTHETIC
I0007677,SME002206,RM040,2026-03-05,SECURE_MESSAGE,NEEDS_REVIEW,CONTROLLED_SYNTHETIC
I0007678,SME002207,RM025,2025-11-21,MEETING,CONNECTED,CONTROLLED_SYNTHETIC
I0007679,SME002207,RM025,2026-08-08,BRANCH,FOLLOW_UP,CONTROLLED_SYNTHETIC
I0007680,SME002207,RM025,2025-09-04,BRANCH,NO_RESPONSE,CONTROLLED_SYNTHETIC
I0007681,SME002207,RM025,2025-11-01,CALL,NO_RESPONSE,CONTROLLED_SYNTHETIC
I0007682,SME002207,RM025,2025-08-25,CALL,FOLLOW_UP,CONTROLLED_SYNTHETIC
I0007683,SME002207,RM025,2026-04-28,CALL,FOLLOW_UP,CONTROLLED_SYNTHETIC
I0007684,SME002208,RM001,2026-03-05,CALL,FOLLOW_UP,CONTROLLED_SYNTHETIC
I0007685,SME002208,RM001,2026-02-25,CALL,FOLLOW_UP,CONTROLLED_SYNTHETIC
I0007686,SME002208,RM001,2026-06-19,BRANCH,FOLLOW_UP,CONTROLLED_SYNTHETIC
I0007687,SME002209,RM036,2025-12-01,CALL,CONNECTED,CONTROLLED_SYNTHETIC
I0007688,SME002209,RM036,2026-01-07,SECURE_MESSAGE,FOLLOW_UP,CONTROLLED_SYNTHETIC
I0007689,SME002209,RM036,2025-10-28,CALL,CONNECTED,CONTROLLED_SYNTHETIC
I0007690,SME002209,RM036,2025-10-29,MEETING,NO_RESPONSE,CONTROLLED_SYNTHETIC
I0007691,SME002209,RM036,2026-03-13,SECURE_MESSAGE,CONNECTED,CONTROLLED_SYNTHETIC
I0007692,SME002209,RM036,2025-09-26,CALL,CONNECTED,CONTROLLED_SYNTHETIC
I0007693,SME002210,RM012,2026-08-18,CALL,NEEDS_REVIEW,CONTROLLED_SYNTHETIC
I0007694,SME002210,RM012,2026-05-09,MEETING,NO_RESPONSE,CONTROLLED_SYNTHETIC
I0007695,SME002210,RM012,2026-02-15,MEETING,FOLLOW_UP,CONTROLLED_SYNTHETIC
I0007696,SME002210,RM012,2025-08-30,SECURE_MESSAGE,FOLLOW_UP,CONTROLLED_SYNTHETIC
I0007697,SME002211,RM029,2026-01-02,BRANCH,FOLLOW_UP,CONTROLLED_SYNTHETIC
I0007698,SME002211,RM029,2026-04-02,MEETING,FOLLOW_UP,CONTROLLED_SYNTHETIC
I0007699,SME002211,RM029,2026-06-24,SECURE_MESSAGE,FOLLOW_UP,CONTROLLED_SYNTHETIC
I0007700,SME002211,RM029,2026-08-03,CALL,NO_RESPONSE,CONTROLLED_SYNTHETIC
I0007701,SME002212,RM002,2026-04-15,MEETING,CONNECTED,CONTROLLED_SYNTHETIC
I0007702,SME002213,RM021,2026-05-16,MEETING,NO_RESPONSE,CONTROLLED_SYNTHETIC
I0007703,SME002213,RM021,2025-10-28,BRANCH,NO_RESPONSE,CONTROLLED_SYNTHETIC
I0007704,SME002213,RM021,2026-06-21,MEETING,CONNECTED,CONTROLLED_SYNTHETIC
I0007705,SME002214,RM018,2026-03-25,CALL,CONNECTED,CONTROLLED_SYNTHETIC
I0007706,SME002214,RM018,2026-01-17,CALL,NO_RESPONSE,CONTROLLED_SYNTHETIC
I0007707,SME002214,RM018,2026-01-29,SECURE_MESSAGE,CONNECTED,CONTROLLED_SYNTHETIC
I0007708,SME002214,RM018,2026-03-24,SECURE_MESSAGE,CONNECTED,CONTROLLED_SYNTHETIC
I0007709,SME002214,RM018,2026-05-23,MEETING,CONNECTED,CONTROLLED_SYNTHETIC
I0007710,SME002215,RM034,2026-07-20,CALL,FOLLOW_UP,CONTROLLED_SYNTHETIC
I0007711,SME002215,RM034,2026-02-22,BRANCH,CONNECTED,CONTROLLED_SYNTHETIC
I0007712,SME002215,RM034,2026-08-17,CALL,CONNECTED,CONTROLLED_SYNTHETIC
I0007713,SME002216,RM009,2025-12-25,MEETING,FOLLOW_UP,CONTROLLED_SYNTHETIC
I0007714,SME002216,RM009,2025-10-24,SECURE_MESSAGE,CONNECTED,CONTROLLED_SYNTHETIC
I0007715,SME002216,RM009,2026-07-04,CALL,CONNECTED,CONTROLLED_SYNTHETIC
I0007716,SME002216,RM009,2026-03-26,MEETING,NEEDS_REVIEW,CONTROLLED_SYNTHETIC
I0007717,SME002216,RM009,2025-10-12,BRANCH,CONNECTED,CONTROLLED_SYNTHETIC
I0007718,SME002216,RM009,2026-06-07,CALL,FOLLOW_UP,CONTROLLED_SYNTHETIC
I0007719,SME002217,RM041,2026-08-12,BRANCH,NO_RESPONSE,CONTROLLED_SYNTHETIC
I0007720,SME002217,RM041,2026-07-07,BRANCH,CONNECTED,CONTROLLED_SYNTHETIC
I0007721,SME002217,RM041,2025-09-18,BRANCH,NEEDS_REVIEW,CONTROLLED_SYNTHETIC
I0007722,SME002217,RM041,2026-06-08,CALL,FOLLOW_UP,CONTROLLED_SYNTHETIC
I0007723,SME002217,RM041,2025-08-30,MEETING,CONNECTED,CONTROLLED_SYNTHETIC
I0007724,SME002217,RM041,2025-12-15,SECURE_MESSAGE,NEEDS_REVIEW,CONTROLLED_SYNTHETIC
I0007725,SME002218,RM002,2026-02-09,SECURE_MESSAGE,NO_RESPONSE,CONTROLLED_SYNTHETIC
I0007726,SME002218,RM002,2026-04-02,SECURE_MESSAGE,NO_RESPONSE,CONTROLLED_SYNTHETIC
I0007727,SME002218,RM002,2025-09-19,CALL,NO_RESPONSE,CONTROLLED_SYNTHETIC
I0007728,SME002218,RM002,2025-08-27,BRANCH,FOLLOW_UP,CONTROLLED_SYNTHETIC
I0007729,SME002219,RM036,2025-12-19,BRANCH,FOLLOW_UP,CONTROLLED_SYNTHETIC
I0007730,SME002219,RM036,2025-12-22,CALL,FOLLOW_UP,CONTROLLED_SYNTHETIC
I0007731,SME002219,RM036,2026-01-21,BRANCH,CONNECTED,CONTROLLED_SYNTHETIC
I0007732,SME002220,RM022,2026-02-06,CALL,CONNECTED,CONTROLLED_SYNTHETIC
I0007733,SME002220,RM022,2026-01-26,MEETING,NO_RESPONSE,CONTROLLED_SYNTHETIC
I0007734,SME002220,RM022,2026-07-06,BRANCH,NEEDS_REVIEW,CONTROLLED_SYNTHETIC
I0007735,SME002220,RM022,2025-12-08,MEETING,NO_RESPONSE,CONTROLLED_SYNTHETIC
I0007736,SME002220,RM022,2025-12-25,MEETING,NO_RESPONSE,CONTROLLED_SYNTHETIC
I0007737,SME002221,RM037,2025-10-04,MEETING,FOLLOW_UP,CONTROLLED_SYNTHETIC
I0007738,SME002221,RM037,2026-03-13,SECURE_MESSAGE,CONNECTED,CONTROLLED_SYNTHETIC
I0007739,SME002221,RM037,2026-02-09,BRANCH,FOLLOW_UP,CONTROLLED_SYNTHETIC
I0007740,SME002222,RM036,2026-05-17,CALL,FOLLOW_UP,CONTROLLED_SYNTHETIC
I0007741,SME002222,RM036,2026-06-26,MEETING,CONNECTED,CONTROLLED_SYNTHETIC
I0007742,SME002222,RM036,2026-06-06,MEETING,NEEDS_REVIEW,CONTROLLED_SYNTHETIC
I0007743,SME002222,RM036,2026-03-20,SECURE_MESSAGE,CONNECTED,CONTROLLED_SYNTHETIC
I0007744,SME002222,RM036,2025-11-12,SECURE_MESSAGE,CONNECTED,CONTROLLED_SYNTHETIC
I0007745,SME002223,RM012,2025-09-14,SECURE_MESSAGE,NO_RESPONSE,CONTROLLED_SYNTHETIC
I0007746,SME002223,RM012,2026-01-05,MEETING,NO_RESPONSE,CONTROLLED_SYNTHETIC
I0007747,SME002223,RM012,2026-06-26,SECURE_MESSAGE,CONNECTED,CONTROLLED_SYNTHETIC
I0007748,SME002223,RM012,2026-06-03,CALL,FOLLOW_UP,CONTROLLED_SYNTHETIC
I0007749,SME002224,RM038,2026-05-02,SECURE_MESSAGE,FOLLOW_UP,CONTROLLED_SYNTHETIC
I0007750,SME002224,RM038,2026-01-12,BRANCH,NEEDS_REVIEW,CONTROLLED_SYNTHETIC
I0007751,SME002224,RM038,2025-10-24,SECURE_MESSAGE,CONNECTED,CONTROLLED_SYNTHETIC
I0007752,SME002224,RM038,2025-09-11,CALL,FOLLOW_UP,CONTROLLED_SYNTHETIC
I0007753,SME002225,RM019,2026-05-13,CALL,CONNECTED,CONTROLLED_SYNTHETIC
I0007754,SME002226,RM047,2026-03-05,MEETING,FOLLOW_UP,CONTROLLED_SYNTHETIC
I0007755,SME002226,RM047,2025-10-26,CALL,CONNECTED,CONTROLLED_SYNTHETIC
I0007756,SME002227,RM006,2026-07-26,BRANCH,NO_RESPONSE,CONTROLLED_SYNTHETIC
I0007757,SME002227,RM006,2025-11-30,SECURE_MESSAGE,CONNECTED,CONTROLLED_SYNTHETIC
I0007758,SME002227,RM006,2026-02-21,SECURE_MESSAGE,CONNECTED,CONTROLLED_SYNTHETIC
I0007759,SME002228,RM025,2025-10-22,SECURE_MESSAGE,FOLLOW_UP,CONTROLLED_SYNTHETIC
I0007760,SME002228,RM025,2025-09-29,CALL,CONNECTED,CONTROLLED_SYNTHETIC
I0007761,SME002228,RM025,2025-10-17,MEETING,NO_RESPONSE,CONTROLLED_SYNTHETIC
I0007762,SME002228,RM025,2025-11-27,CALL,NEEDS_REVIEW,CONTROLLED_SYNTHETIC
I0007763,SME002229,RM033,2026-02-21,SECURE_MESSAGE,NEEDS_REVIEW,CONTROLLED_SYNTHETIC
I0007764,SME002229,RM033,2026-06-13,CALL,FOLLOW_UP,CONTROLLED_SYNTHETIC
I0007765,SME002230,RM045,2026-05-15,SECURE_MESSAGE,CONNECTED,CONTROLLED_SYNTHETIC
I0007766,SME002230,RM045,2026-02-17,SECURE_MESSAGE,NEEDS_REVIEW,CONTROLLED_SYNTHETIC
I0007767,SME002230,RM045,2025-12-26,SECURE_MESSAGE,CONNECTED,CONTROLLED_SYNTHETIC
I0007768,SME002230,RM045,2026-03-22,CALL,NEEDS_REVIEW,CONTROLLED_SYNTHETIC
I0007769,SME002231,RM041,2026-05-31,CALL,FOLLOW_UP,CONTROLLED_SYNTHETIC
I0007770,SME002231,RM041,2026-04-05,CALL,NO_RESPONSE,CONTROLLED_SYNTHETIC
I0007771,SME002231,RM041,2025-09-26,SECURE_MESSAGE,FOLLOW_UP,CONTROLLED_SYNTHETIC
I0007772,SME002231,RM041,2026-06-11,SECURE_MESSAGE,CONNECTED,CONTROLLED_SYNTHETIC
I0007773,SME002231,RM041,2025-12-26,BRANCH,CONNECTED,CONTROLLED_SYNTHETIC
I0007774,SME002231,RM041,2026-04-04,CALL,NO_RESPONSE,CONTROLLED_SYNTHETIC
I0007775,SME002232,RM019,2026-06-04,BRANCH,CONNECTED,CONTROLLED_SYNTHETIC
I0007776,SME002232,RM019,2026-06-10,BRANCH,CONNECTED,CONTROLLED_SYNTHETIC
I0007777,SME002232,RM019,2025-11-29,SECURE_MESSAGE,NO_RESPONSE,CONTROLLED_SYNTHETIC
I0007778,SME002233,RM041,2026-08-08,BRANCH,CONNECTED,CONTROLLED_SYNTHETIC
I0007779,SME002234,RM011,2026-03-19,MEETING,CONNECTED,CONTROLLED_SYNTHETIC
I0007780,SME002234,RM011,2026-04-27,CALL,CONNECTED,CONTROLLED_SYNTHETIC
I0007781,SME002234,RM011,2026-07-26,SECURE_MESSAGE,FOLLOW_UP,CONTROLLED_SYNTHETIC
I0007782,SME002234,RM011,2026-01-28,MEETING,CONNECTED,CONTROLLED_SYNTHETIC
I0007783,SME002235,RM036,2026-07-15,SECURE_MESSAGE,CONNECTED,CONTROLLED_SYNTHETIC
I0007784,SME002236,RM020,2026-04-30,BRANCH,NO_RESPONSE,CONTROLLED_SYNTHETIC
I0007785,SME002236,RM020,2026-03-21,CALL,CONNECTED,CONTROLLED_SYNTHETIC
I0007786,SME002236,RM020,2026-02-22,CALL,CONNECTED,CONTROLLED_SYNTHETIC
I0007787,SME002236,RM020,2026-04-18,SECURE_MESSAGE,NO_RESPONSE,CONTROLLED_SYNTHETIC
I0007788,SME002236,RM020,2025-11-10,MEETING,CONNECTED,CONTROLLED_SYNTHETIC
I0007789,SME002237,RM038,2025-12-30,MEETING,CONNECTED,CONTROLLED_SYNTHETIC
I0007790,SME002237,RM038,2026-08-17,CALL,FOLLOW_UP,CONTROLLED_SYNTHETIC
I0007791,SME002237,RM038,2026-06-06,BRANCH,CONNECTED,CONTROLLED_SYNTHETIC
I0007792,SME002237,RM038,2025-12-19,CALL,CONNECTED,CONTROLLED_SYNTHETIC
I0007793,SME002238,RM020,2026-05-21,CALL,NO_RESPONSE,CONTROLLED_SYNTHETIC
I0007794,SME002238,RM020,2025-12-31,SECURE_MESSAGE,CONNECTED,CONTROLLED_SYNTHETIC
I0007795,SME002238,RM020,2025-09-18,CALL,NEEDS_REVIEW,CONTROLLED_SYNTHETIC
I0007796,SME002238,RM020,2026-06-18,MEETING,CONNECTED,CONTROLLED_SYNTHETIC
I0007797,SME002239,RM040,2025-10-29,BRANCH,CONNECTED,CONTROLLED_SYNTHETIC
I0007798,SME002239,RM040,2026-01-18,CALL,CONNECTED,CONTROLLED_SYNTHETIC
I0007799,SME002239,RM040,2025-12-13,MEETING,FOLLOW_UP,CONTROLLED_SYNTHETIC
I0007800,SME002239,RM040,2025-11-14,BRANCH,CONNECTED,CONTROLLED_SYNTHETIC
I0007801,SME002239,RM040,2025-12-01,MEETING,FOLLOW_UP,CONTROLLED_SYNTHETIC
I0007802,SME002240,RM031,2025-12-12,SECURE_MESSAGE,CONNECTED,CONTROLLED_SYNTHETIC
I0007803,SME002240,RM031,2026-06-28,CALL,CONNECTED,CONTROLLED_SYNTHETIC
I0007804,SME002240,RM031,2025-10-18,MEETING,CONNECTED,CONTROLLED_SYNTHETIC
I0007805,SME002241,RM038,2026-04-11,MEETING,CONNECTED,CONTROLLED_SYNTHETIC
I0007806,SME002241,RM038,2025-10-31,SECURE_MESSAGE,NO_RESPONSE,CONTROLLED_SYNTHETIC
I0007807,SME002241,RM038,2026-02-06,CALL,CONNECTED,CONTROLLED_SYNTHETIC
I0007808,SME002242,RM018,2026-08-12,MEETING,NO_RESPONSE,CONTROLLED_SYNTHETIC
I0007809,SME002242,RM018,2026-07-25,CALL,FOLLOW_UP,CONTROLLED_SYNTHETIC
I0007810,SME002242,RM018,2026-08-10,MEETING,FOLLOW_UP,CONTROLLED_SYNTHETIC
I0007811,SME002243,RM033,2026-04-29,MEETING,CONNECTED,CONTROLLED_SYNTHETIC
I0007812,SME002243,RM033,2026-04-24,CALL,NO_RESPONSE,CONTROLLED_SYNTHETIC
I0007813,SME002244,RM021,2026-05-23,MEETING,CONNECTED,CONTROLLED_SYNTHETIC
I0007814,SME002244,RM021,2026-03-23,MEETING,CONNECTED,CONTROLLED_SYNTHETIC
I0007815,SME002244,RM021,2025-12-23,BRANCH,CONNECTED,CONTROLLED_SYNTHETIC
I0007816,SME002244,RM021,2026-04-10,MEETING,NO_RESPONSE,CONTROLLED_SYNTHETIC
I0007817,SME002244,RM021,2026-07-29,MEETING,CONNECTED,CONTROLLED_SYNTHETIC
I0007818,SME002245,RM030,2026-04-06,MEETING,NO_RESPONSE,CONTROLLED_SYNTHETIC
I0007819,SME002245,RM030,2025-10-25,SECURE_MESSAGE,NO_RESPONSE,CONTROLLED_SYNTHETIC
I0007820,SME002245,RM030,2025-12-23,CALL,FOLLOW_UP,CONTROLLED_SYNTHETIC
I0007821,SME002245,RM030,2025-09-23,CALL,NEEDS_REVIEW,CONTROLLED_SYNTHETIC
I0007822,SME002245,RM030,2025-10-17,SECURE_MESSAGE,FOLLOW_UP,CONTROLLED_SYNTHETIC
I0007823,SME002246,RM041,2025-12-21,SECURE_MESSAGE,CONNECTED,CONTROLLED_SYNTHETIC
I0007824,SME002246,RM041,2025-10-06,MEETING,NO_RESPONSE,CONTROLLED_SYNTHETIC
I0007825,SME002246,RM041,2026-02-17,CALL,NO_RESPONSE,CONTROLLED_SYNTHETIC
I0007826,SME002246,RM041,2025-10-04,SECURE_MESSAGE,NEEDS_REVIEW,CONTROLLED_SYNTHETIC
I0007827,SME002247,RM021,2026-06-26,BRANCH,CONNECTED,CONTROLLED_SYNTHETIC
I0007828,SME002247,RM021,2026-05-17,BRANCH,NEEDS_REVIEW,CONTROLLED_SYNTHETIC
I0007829,SME002247,RM021,2025-09-20,BRANCH,CONNECTED,CONTROLLED_SYNTHETIC
I0007830,SME002247,RM021,2026-08-15,CALL,FOLLOW_UP,CONTROLLED_SYNTHETIC
I0007831,SME002247,RM021,2026-08-19,BRANCH,FOLLOW_UP,CONTROLLED_SYNTHETIC
I0007832,SME002248,RM015,2025-12-02,SECURE_MESSAGE,NO_RESPONSE,CONTROLLED_SYNTHETIC
I0007833,SME002248,RM015,2026-02-17,MEETING,CONNECTED,CONTROLLED_SYNTHETIC
I0007834,SME002248,RM015,2026-07-17,MEETING,CONNECTED,CONTROLLED_SYNTHETIC
I0007835,SME002249,RM046,2026-07-15,SECURE_MESSAGE,FOLLOW_UP,CONTROLLED_SYNTHETIC
I0007836,SME002249,RM046,2026-03-23,MEETING,NO_RESPONSE,CONTROLLED_SYNTHETIC
I0007837,SME002249,RM046,2026-08-13,CALL,FOLLOW_UP,CONTROLLED_SYNTHETIC
I0007838,SME002249,RM046,2026-03-04,BRANCH,FOLLOW_UP,CONTROLLED_SYNTHETIC
I0007839,SME002249,RM046,2026-07-07,SECURE_MESSAGE,CONNECTED,CONTROLLED_SYNTHETIC
I0007840,SME002250,RM002,2026-04-19,BRANCH,CONNECTED,CONTROLLED_SYNTHETIC
I0007841,SME002250,RM002,2025-08-29,SECURE_MESSAGE,CONNECTED,CONTROLLED_SYNTHETIC
I0007842,SME002250,RM002,2025-10-09,MEETING,CONNECTED,CONTROLLED_SYNTHETIC
I0007843,SME002250,RM002,2026-07-19,MEETING,CONNECTED,CONTROLLED_SYNTHETIC
I0007844,SME002251,RM007,2025-11-20,SECURE_MESSAGE,CONNECTED,CONTROLLED_SYNTHETIC
I0007845,SME002251,RM007,2026-08-04,CALL,CONNECTED,CONTROLLED_SYNTHETIC
I0007846,SME002251,RM007,2025-12-09,SECURE_MESSAGE,CONNECTED,CONTROLLED_SYNTHETIC
I0007847,SME002252,RM021,2026-01-21,MEETING,NO_RESPONSE,CONTROLLED_SYNTHETIC
I0007848,SME002252,RM021,2026-06-06,BRANCH,NO_RESPONSE,CONTROLLED_SYNTHETIC
I0007849,SME002252,RM021,2026-07-08,CALL,CONNECTED,CONTROLLED_SYNTHETIC
I0007850,SME002253,RM047,2025-08-24,MEETING,CONNECTED,CONTROLLED_SYNTHETIC
I0007851,SME002253,RM047,2025-12-09,CALL,CONNECTED,CONTROLLED_SYNTHETIC
I0007852,SME002253,RM047,2026-02-04,CALL,CONNECTED,CONTROLLED_SYNTHETIC
I0007853,SME002253,RM047,2025-12-31,BRANCH,FOLLOW_UP,CONTROLLED_SYNTHETIC
I0007854,SME002253,RM047,2026-01-06,SECURE_MESSAGE,FOLLOW_UP,CONTROLLED_SYNTHETIC
I0007855,SME002254,RM017,2026-07-03,CALL,FOLLOW_UP,CONTROLLED_SYNTHETIC
I0007856,SME002254,RM017,2026-02-01,SECURE_MESSAGE,FOLLOW_UP,CONTROLLED_SYNTHETIC
I0007857,SME002254,RM017,2026-02-20,CALL,NO_RESPONSE,CONTROLLED_SYNTHETIC
I0007858,SME002254,RM017,2026-07-06,SECURE_MESSAGE,FOLLOW_UP,CONTROLLED_SYNTHETIC
I0007859,SME002255,RM032,2026-05-20,BRANCH,NO_RESPONSE,CONTROLLED_SYNTHETIC
I0007860,SME002256,RM047,2025-08-26,SECURE_MESSAGE,FOLLOW_UP,CONTROLLED_SYNTHETIC
I0007861,SME002256,RM047,2026-04-03,SECURE_MESSAGE,CONNECTED,CONTROLLED_SYNTHETIC
I0007862,SME002256,RM047,2026-07-21,BRANCH,CONNECTED,CONTROLLED_SYNTHETIC
I0007863,SME002256,RM047,2025-11-12,SECURE_MESSAGE,CONNECTED,CONTROLLED_SYNTHETIC
I0007864,SME002257,RM004,2026-02-23,MEETING,FOLLOW_UP,CONTROLLED_SYNTHETIC
I0007865,SME002257,RM004,2026-06-09,BRANCH,FOLLOW_UP,CONTROLLED_SYNTHETIC
I0007866,SME002258,RM025,2026-05-04,CALL,CONNECTED,CONTROLLED_SYNTHETIC
I0007867,SME002259,RM008,2025-10-06,SECURE_MESSAGE,FOLLOW_UP,CONTROLLED_SYNTHETIC
I0007868,SME002259,RM008,2026-04-13,MEETING,FOLLOW_UP,CONTROLLED_SYNTHETIC
I0007869,SME002259,RM008,2025-11-14,BRANCH,CONNECTED,CONTROLLED_SYNTHETIC
I0007870,SME002259,RM008,2025-09-05,MEETING,CONNECTED,CONTROLLED_SYNTHETIC
I0007871,SME002259,RM008,2025-12-02,MEETING,CONNECTED,CONTROLLED_SYNTHETIC
I0007872,SME002259,RM008,2026-08-01,MEETING,NO_RESPONSE,CONTROLLED_SYNTHETIC
I0007873,SME002260,RM019,2026-04-07,CALL,NO_RESPONSE,CONTROLLED_SYNTHETIC
I0007874,SME002260,RM019,2026-05-31,SECURE_MESSAGE,CONNECTED,CONTROLLED_SYNTHETIC
I0007875,SME002260,RM019,2026-03-05,BRANCH,NO_RESPONSE,CONTROLLED_SYNTHETIC
I0007876,SME002260,RM019,2026-06-12,SECURE_MESSAGE,CONNECTED,CONTROLLED_SYNTHETIC
I0007877,SME002261,RM041,2025-10-13,BRANCH,CONNECTED,CONTROLLED_SYNTHETIC
I0007878,SME002261,RM041,2026-06-05,BRANCH,FOLLOW_UP,CONTROLLED_SYNTHETIC
I0007879,SME002261,RM041,2025-11-21,SECURE_MESSAGE,CONNECTED,CONTROLLED_SYNTHETIC
I0007880,SME002261,RM041,2025-09-27,MEETING,NO_RESPONSE,CONTROLLED_SYNTHETIC
I0007881,SME002261,RM041,2026-08-13,SECURE_MESSAGE,CONNECTED,CONTROLLED_SYNTHETIC
I0007882,SME002262,RM031,2026-01-18,CALL,CONNECTED,CONTROLLED_SYNTHETIC
I0007883,SME002263,RM002,2025-09-06,CALL,CONNECTED,CONTROLLED_SYNTHETIC
I0007884,SME002263,RM002,2026-06-22,BRANCH,CONNECTED,CONTROLLED_SYNTHETIC
I0007885,SME002263,RM002,2025-10-12,CALL,CONNECTED,CONTROLLED_SYNTHETIC
I0007886,SME002264,RM015,2026-01-22,SECURE_MESSAGE,CONNECTED,CONTROLLED_SYNTHETIC
I0007887,SME002264,RM015,2025-10-03,BRANCH,CONNECTED,CONTROLLED_SYNTHETIC
I0007888,SME002264,RM015,2025-10-14,MEETING,CONNECTED,CONTROLLED_SYNTHETIC
I0007889,SME002264,RM015,2025-11-17,SECURE_MESSAGE,NO_RESPONSE,CONTROLLED_SYNTHETIC
I0007890,SME002264,RM015,2026-05-23,CALL,NO_RESPONSE,CONTROLLED_SYNTHETIC
I0007891,SME002265,RM036,2026-01-02,SECURE_MESSAGE,CONNECTED,CONTROLLED_SYNTHETIC
I0007892,SME002265,RM036,2025-09-17,CALL,CONNECTED,CONTROLLED_SYNTHETIC
I0007893,SME002265,RM036,2026-06-18,BRANCH,NO_RESPONSE,CONTROLLED_SYNTHETIC
I0007894,SME002266,RM024,2026-07-06,MEETING,CONNECTED,CONTROLLED_SYNTHETIC
I0007895,SME002266,RM024,2025-08-27,SECURE_MESSAGE,FOLLOW_UP,CONTROLLED_SYNTHETIC
I0007896,SME002267,RM012,2025-09-23,CALL,CONNECTED,CONTROLLED_SYNTHETIC
I0007897,SME002267,RM012,2025-09-11,CALL,FOLLOW_UP,CONTROLLED_SYNTHETIC
I0007898,SME002267,RM012,2026-08-10,MEETING,NO_RESPONSE,CONTROLLED_SYNTHETIC
I0007899,SME002267,RM012,2026-06-30,MEETING,NEEDS_REVIEW,CONTROLLED_SYNTHETIC
I0007900,SME002267,RM012,2026-07-04,CALL,CONNECTED,CONTROLLED_SYNTHETIC
I0007901,SME002268,RM005,2025-09-24,SECURE_MESSAGE,FOLLOW_UP,CONTROLLED_SYNTHETIC
I0007902,SME002269,RM008,2026-03-31,CALL,FOLLOW_UP,CONTROLLED_SYNTHETIC
I0007903,SME002269,RM008,2025-11-13,CALL,CONNECTED,CONTROLLED_SYNTHETIC
I0007904,SME002269,RM008,2026-08-07,MEETING,CONNECTED,CONTROLLED_SYNTHETIC
I0007905,SME002269,RM008,2025-10-23,BRANCH,CONNECTED,CONTROLLED_SYNTHETIC
I0007906,SME002270,RM020,2025-11-21,BRANCH,CONNECTED,CONTROLLED_SYNTHETIC
I0007907,SME002270,RM020,2026-03-29,SECURE_MESSAGE,FOLLOW_UP,CONTROLLED_SYNTHETIC
I0007908,SME002270,RM020,2026-07-19,CALL,FOLLOW_UP,CONTROLLED_SYNTHETIC
I0007909,SME002270,RM020,2025-08-21,SECURE_MESSAGE,CONNECTED,CONTROLLED_SYNTHETIC
I0007910,SME002270,RM020,2026-03-30,SECURE_MESSAGE,NO_RESPONSE,CONTROLLED_SYNTHETIC
I0007911,SME002271,RM026,2026-06-16,BRANCH,FOLLOW_UP,CONTROLLED_SYNTHETIC
I0007912,SME002271,RM026,2025-12-24,MEETING,NO_RESPONSE,CONTROLLED_SYNTHETIC
I0007913,SME002271,RM026,2026-03-30,SECURE_MESSAGE,NO_RESPONSE,CONTROLLED_SYNTHETIC
I0007914,SME002271,RM026,2026-05-31,CALL,NEEDS_REVIEW,CONTROLLED_SYNTHETIC
I0007915,SME002271,RM026,2026-03-08,CALL,NO_RESPONSE,CONTROLLED_SYNTHETIC
I0007916,SME002272,RM031,2026-03-06,SECURE_MESSAGE,CONNECTED,CONTROLLED_SYNTHETIC
I0007917,SME002272,RM031,2026-08-08,SECURE_MESSAGE,CONNECTED,CONTROLLED_SYNTHETIC
I0007918,SME002272,RM031,2025-10-05,BRANCH,CONNECTED,CONTROLLED_SYNTHETIC
I0007919,SME002273,RM043,2026-01-10,BRANCH,NEEDS_REVIEW,CONTROLLED_SYNTHETIC
I0007920,SME002273,RM043,2026-02-15,MEETING,NO_RESPONSE,CONTROLLED_SYNTHETIC
I0007921,SME002273,RM043,2025-11-18,SECURE_MESSAGE,CONNECTED,CONTROLLED_SYNTHETIC
I0007922,SME002274,RM037,2026-01-20,MEETING,NEEDS_REVIEW,CONTROLLED_SYNTHETIC
I0007923,SME002274,RM037,2026-06-16,CALL,FOLLOW_UP,CONTROLLED_SYNTHETIC
I0007924,SME002275,RM017,2026-05-12,MEETING,FOLLOW_UP,CONTROLLED_SYNTHETIC
I0007925,SME002275,RM017,2025-09-21,BRANCH,FOLLOW_UP,CONTROLLED_SYNTHETIC
I0007926,SME002276,RM030,2025-10-03,MEETING,CONNECTED,CONTROLLED_SYNTHETIC
I0007927,SME002277,RM022,2026-08-10,SECURE_MESSAGE,CONNECTED,CONTROLLED_SYNTHETIC
I0007928,SME002277,RM022,2026-04-27,CALL,CONNECTED,CONTROLLED_SYNTHETIC
I0007929,SME002277,RM022,2026-07-31,SECURE_MESSAGE,FOLLOW_UP,CONTROLLED_SYNTHETIC
I0007930,SME002277,RM022,2026-04-21,SECURE_MESSAGE,FOLLOW_UP,CONTROLLED_SYNTHETIC
I0007931,SME002277,RM022,2026-05-11,BRANCH,CONNECTED,CONTROLLED_SYNTHETIC
I0007932,SME002277,RM022,2026-06-10,CALL,FOLLOW_UP,CONTROLLED_SYNTHETIC
I0007933,SME002278,RM022,2026-04-15,SECURE_MESSAGE,NO_RESPONSE,CONTROLLED_SYNTHETIC
I0007934,SME002278,RM022,2026-07-25,BRANCH,NO_RESPONSE,CONTROLLED_SYNTHETIC
I0007935,SME002278,RM022,2026-02-18,BRANCH,NO_RESPONSE,CONTROLLED_SYNTHETIC
I0007936,SME002278,RM022,2026-08-03,SECURE_MESSAGE,CONNECTED,CONTROLLED_SYNTHETIC
I0007937,SME002278,RM022,2025-10-10,BRANCH,FOLLOW_UP,CONTROLLED_SYNTHETIC
I0007938,SME002278,RM022,2025-11-30,CALL,NEEDS_REVIEW,CONTROLLED_SYNTHETIC
I0007939,SME002279,RM008,2026-06-09,SECURE_MESSAGE,FOLLOW_UP,CONTROLLED_SYNTHETIC
I0007940,SME002279,RM008,2025-08-25,MEETING,FOLLOW_UP,CONTROLLED_SYNTHETIC
I0007941,SME002279,RM008,2026-07-19,MEETING,NO_RESPONSE,CONTROLLED_SYNTHETIC
I0007942,SME002279,RM008,2025-10-07,CALL,CONNECTED,CONTROLLED_SYNTHETIC
I0007943,SME002279,RM008,2025-12-05,SECURE_MESSAGE,FOLLOW_UP,CONTROLLED_SYNTHETIC
I0007944,SME002279,RM008,2026-02-16,SECURE_MESSAGE,CONNECTED,CONTROLLED_SYNTHETIC
I0007945,SME002280,RM012,2026-07-04,SECURE_MESSAGE,NO_RESPONSE,CONTROLLED_SYNTHETIC
I0007946,SME002280,RM012,2026-03-01,SECURE_MESSAGE,FOLLOW_UP,CONTROLLED_SYNTHETIC
I0007947,SME002281,RM041,2026-06-09,MEETING,CONNECTED,CONTROLLED_SYNTHETIC
I0007948,SME002281,RM041,2025-10-24,CALL,CONNECTED,CONTROLLED_SYNTHETIC
I0007949,SME002281,RM041,2026-04-30,SECURE_MESSAGE,NO_RESPONSE,CONTROLLED_SYNTHETIC
I0007950,SME002281,RM041,2026-02-17,SECURE_MESSAGE,CONNECTED,CONTROLLED_SYNTHETIC
I0007951,SME002282,RM022,2025-09-23,BRANCH,NO_RESPONSE,CONTROLLED_SYNTHETIC
I0007952,SME002282,RM022,2026-03-17,SECURE_MESSAGE,NO_RESPONSE,CONTROLLED_SYNTHETIC
I0007953,SME002283,RM042,2026-04-11,BRANCH,CONNECTED,CONTROLLED_SYNTHETIC
I0007954,SME002283,RM042,2026-07-25,MEETING,CONNECTED,CONTROLLED_SYNTHETIC
I0007955,SME002284,RM032,2025-10-21,CALL,FOLLOW_UP,CONTROLLED_SYNTHETIC
I0007956,SME002284,RM032,2026-03-01,MEETING,NO_RESPONSE,CONTROLLED_SYNTHETIC
I0007957,SME002284,RM032,2025-11-24,CALL,NEEDS_REVIEW,CONTROLLED_SYNTHETIC
I0007958,SME002285,RM009,2026-05-03,BRANCH,NO_RESPONSE,CONTROLLED_SYNTHETIC
I0007959,SME002286,RM001,2025-10-08,SECURE_MESSAGE,CONNECTED,CONTROLLED_SYNTHETIC
I0007960,SME002287,RM003,2026-05-12,BRANCH,FOLLOW_UP,CONTROLLED_SYNTHETIC
I0007961,SME002287,RM003,2025-09-09,CALL,CONNECTED,CONTROLLED_SYNTHETIC
I0007962,SME002287,RM003,2026-03-18,SECURE_MESSAGE,NEEDS_REVIEW,CONTROLLED_SYNTHETIC
I0007963,SME002288,RM008,2025-09-04,BRANCH,NEEDS_REVIEW,CONTROLLED_SYNTHETIC
I0007964,SME002288,RM008,2026-04-02,CALL,CONNECTED,CONTROLLED_SYNTHETIC
I0007965,SME002288,RM008,2025-11-04,MEETING,NEEDS_REVIEW,CONTROLLED_SYNTHETIC
I0007966,SME002289,RM002,2025-11-11,CALL,NO_RESPONSE,CONTROLLED_SYNTHETIC
I0007967,SME002289,RM002,2025-09-06,MEETING,NO_RESPONSE,CONTROLLED_SYNTHETIC
I0007968,SME002290,RM009,2026-03-31,MEETING,FOLLOW_UP,CONTROLLED_SYNTHETIC
I0007969,SME002290,RM009,2025-11-30,MEETING,CONNECTED,CONTROLLED_SYNTHETIC
I0007970,SME002290,RM009,2026-05-18,MEETING,FOLLOW_UP,CONTROLLED_SYNTHETIC
I0007971,SME002290,RM009,2025-12-15,MEETING,CONNECTED,CONTROLLED_SYNTHETIC
I0007972,SME002291,RM008,2025-09-27,CALL,FOLLOW_UP,CONTROLLED_SYNTHETIC
I0007973,SME002291,RM008,2026-04-25,MEETING,NO_RESPONSE,CONTROLLED_SYNTHETIC
I0007974,SME002291,RM008,2026-01-09,MEETING,NEEDS_REVIEW,CONTROLLED_SYNTHETIC
I0007975,SME002291,RM008,2026-01-19,SECURE_MESSAGE,NO_RESPONSE,CONTROLLED_SYNTHETIC
I0007976,SME002291,RM008,2025-11-10,CALL,CONNECTED,CONTROLLED_SYNTHETIC
I0007977,SME002291,RM008,2026-06-03,BRANCH,NO_RESPONSE,CONTROLLED_SYNTHETIC
I0007978,SME002292,RM022,2026-07-13,BRANCH,FOLLOW_UP,CONTROLLED_SYNTHETIC
I0007979,SME002292,RM022,2025-10-13,CALL,NEEDS_REVIEW,CONTROLLED_SYNTHETIC
I0007980,SME002293,RM029,2025-12-15,BRANCH,CONNECTED,CONTROLLED_SYNTHETIC
I0007981,SME002293,RM029,2026-07-19,BRANCH,CONNECTED,CONTROLLED_SYNTHETIC
I0007982,SME002293,RM029,2025-09-05,MEETING,CONNECTED,CONTROLLED_SYNTHETIC
I0007983,SME002294,RM032,2025-12-25,MEETING,FOLLOW_UP,CONTROLLED_SYNTHETIC
I0007984,SME002294,RM032,2026-01-30,MEETING,CONNECTED,CONTROLLED_SYNTHETIC
I0007985,SME002294,RM032,2026-01-21,BRANCH,CONNECTED,CONTROLLED_SYNTHETIC
I0007986,SME002294,RM032,2026-06-25,MEETING,CONNECTED,CONTROLLED_SYNTHETIC
I0007987,SME002294,RM032,2025-12-05,BRANCH,CONNECTED,CONTROLLED_SYNTHETIC
I0007988,SME002294,RM032,2026-03-01,SECURE_MESSAGE,CONNECTED,CONTROLLED_SYNTHETIC
I0007989,SME002295,RM039,2026-06-16,SECURE_MESSAGE,CONNECTED,CONTROLLED_SYNTHETIC
I0007990,SME002296,RM008,2026-01-28,SECURE_MESSAGE,FOLLOW_UP,CONTROLLED_SYNTHETIC
I0007991,SME002296,RM008,2026-02-21,SECURE_MESSAGE,NO_RESPONSE,CONTROLLED_SYNTHETIC
I0007992,SME002296,RM008,2025-09-26,BRANCH,NO_RESPONSE,CONTROLLED_SYNTHETIC
I0007993,SME002296,RM008,2025-10-29,SECURE_MESSAGE,CONNECTED,CONTROLLED_SYNTHETIC
I0007994,SME002297,RM009,2026-06-12,SECURE_MESSAGE,CONNECTED,CONTROLLED_SYNTHETIC
I0007995,SME002297,RM009,2026-06-06,BRANCH,CONNECTED,CONTROLLED_SYNTHETIC
I0007996,SME002297,RM009,2025-11-06,SECURE_MESSAGE,FOLLOW_UP,CONTROLLED_SYNTHETIC
I0007997,SME002298,RM008,2026-07-31,CALL,CONNECTED,CONTROLLED_SYNTHETIC
I0007998,SME002298,RM008,2026-03-25,CALL,CONNECTED,CONTROLLED_SYNTHETIC
I0007999,SME002298,RM008,2026-07-24,CALL,NO_RESPONSE,CONTROLLED_SYNTHETIC
I0008000,SME002299,RM007,2025-11-09,BRANCH,NO_RESPONSE,CONTROLLED_SYNTHETIC
I0008001,SME002299,RM007,2026-01-10,MEETING,CONNECTED,CONTROLLED_SYNTHETIC
I0008002,SME002299,RM007,2026-05-01,BRANCH,FOLLOW_UP,CONTROLLED_SYNTHETIC
I0008003,SME002300,RM034,2026-07-22,SECURE_MESSAGE,NO_RESPONSE,CONTROLLED_SYNTHETIC
I0008004,SME002300,RM034,2026-07-22,MEETING,CONNECTED,CONTROLLED_SYNTHETIC
I0008005,SME002300,RM034,2025-09-19,CALL,CONNECTED,CONTROLLED_SYNTHETIC
I0008006,SME002300,RM034,2026-07-08,SECURE_MESSAGE,FOLLOW_UP,CONTROLLED_SYNTHETIC
I0008007,SME002301,RM008,2025-12-03,CALL,NO_RESPONSE,CONTROLLED_SYNTHETIC
I0008008,SME002301,RM008,2026-07-28,SECURE_MESSAGE,FOLLOW_UP,CONTROLLED_SYNTHETIC
I0008009,SME002301,RM008,2026-06-11,SECURE_MESSAGE,CONNECTED,CONTROLLED_SYNTHETIC
I0008010,SME002301,RM008,2026-05-17,BRANCH,CONNECTED,CONTROLLED_SYNTHETIC
I0008011,SME002302,RM031,2026-02-01,SECURE_MESSAGE,NO_RESPONSE,CONTROLLED_SYNTHETIC
I0008012,SME002303,RM010,2025-09-23,CALL,CONNECTED,CONTROLLED_SYNTHETIC
I0008013,SME002303,RM010,2025-08-24,CALL,NO_RESPONSE,CONTROLLED_SYNTHETIC
I0008014,SME002303,RM010,2026-07-18,SECURE_MESSAGE,FOLLOW_UP,CONTROLLED_SYNTHETIC
I0008015,SME002303,RM010,2025-11-06,MEETING,FOLLOW_UP,CONTROLLED_SYNTHETIC
I0008016,SME002303,RM010,2026-03-30,CALL,NO_RESPONSE,CONTROLLED_SYNTHETIC
I0008017,SME002304,RM041,2025-08-21,SECURE_MESSAGE,FOLLOW_UP,CONTROLLED_SYNTHETIC
I0008018,SME002304,RM041,2026-01-25,SECURE_MESSAGE,CONNECTED,CONTROLLED_SYNTHETIC
I0008019,SME002304,RM041,2025-12-04,SECURE_MESSAGE,NEEDS_REVIEW,CONTROLLED_SYNTHETIC
I0008020,SME002304,RM041,2025-11-28,MEETING,CONNECTED,CONTROLLED_SYNTHETIC
I0008021,SME002304,RM041,2025-09-26,BRANCH,CONNECTED,CONTROLLED_SYNTHETIC
I0008022,SME002305,RM030,2025-10-05,BRANCH,NEEDS_REVIEW,CONTROLLED_SYNTHETIC
I0008023,SME002305,RM030,2026-01-21,SECURE_MESSAGE,FOLLOW_UP,CONTROLLED_SYNTHETIC
I0008024,SME002305,RM030,2025-10-22,SECURE_MESSAGE,FOLLOW_UP,CONTROLLED_SYNTHETIC
I0008025,SME002305,RM030,2026-02-27,CALL,CONNECTED,CONTROLLED_SYNTHETIC
I0008026,SME002305,RM030,2025-09-28,BRANCH,NEEDS_REVIEW,CONTROLLED_SYNTHETIC
I0008027,SME002305,RM030,2026-06-29,BRANCH,NO_RESPONSE,CONTROLLED_SYNTHETIC
I0008028,SME002306,RM010,2026-04-14,MEETING,FOLLOW_UP,CONTROLLED_SYNTHETIC
I0008029,SME002306,RM010,2026-01-16,SECURE_MESSAGE,NEEDS_REVIEW,CONTROLLED_SYNTHETIC
I0008030,SME002306,RM010,2026-01-03,SECURE_MESSAGE,FOLLOW_UP,CONTROLLED_SYNTHETIC
I0008031,SME002307,RM041,2025-09-27,CALL,CONNECTED,CONTROLLED_SYNTHETIC
I0008032,SME002307,RM041,2026-02-22,BRANCH,FOLLOW_UP,CONTROLLED_SYNTHETIC
I0008033,SME002307,RM041,2025-09-12,CALL,NEEDS_REVIEW,CONTROLLED_SYNTHETIC
I0008034,SME002307,RM041,2026-04-23,BRANCH,NEEDS_REVIEW,CONTROLLED_SYNTHETIC
I0008035,SME002307,RM041,2025-12-06,BRANCH,CONNECTED,CONTROLLED_SYNTHETIC
I0008036,SME002308,RM026,2025-11-04,CALL,FOLLOW_UP,CONTROLLED_SYNTHETIC
I0008037,SME002309,RM045,2026-06-10,SECURE_MESSAGE,CONNECTED,CONTROLLED_SYNTHETIC
I0008038,SME002309,RM045,2025-11-09,SECURE_MESSAGE,CONNECTED,CONTROLLED_SYNTHETIC
I0008039,SME002309,RM045,2026-08-03,CALL,NO_RESPONSE,CONTROLLED_SYNTHETIC
I0008040,SME002309,RM045,2026-05-11,MEETING,FOLLOW_UP,CONTROLLED_SYNTHETIC
I0008041,SME002310,RM015,2026-01-20,MEETING,FOLLOW_UP,CONTROLLED_SYNTHETIC
I0008042,SME002311,RM006,2026-03-21,CALL,NEEDS_REVIEW,CONTROLLED_SYNTHETIC
I0008043,SME002311,RM006,2026-01-20,BRANCH,CONNECTED,CONTROLLED_SYNTHETIC
I0008044,SME002312,RM002,2026-05-26,CALL,FOLLOW_UP,CONTROLLED_SYNTHETIC
I0008045,SME002312,RM002,2026-01-26,SECURE_MESSAGE,FOLLOW_UP,CONTROLLED_SYNTHETIC
I0008046,SME002312,RM002,2025-10-18,BRANCH,NO_RESPONSE,CONTROLLED_SYNTHETIC
I0008047,SME002312,RM002,2026-01-20,SECURE_MESSAGE,NO_RESPONSE,CONTROLLED_SYNTHETIC
I0008048,SME002312,RM002,2026-01-14,MEETING,FOLLOW_UP,CONTROLLED_SYNTHETIC
I0008049,SME002312,RM002,2026-03-29,SECURE_MESSAGE,CONNECTED,CONTROLLED_SYNTHETIC
I0008050,SME002313,RM018,2025-10-05,MEETING,CONNECTED,CONTROLLED_SYNTHETIC
I0008051,SME002314,RM022,2026-05-30,SECURE_MESSAGE,CONNECTED,CONTROLLED_SYNTHETIC
I0008052,SME002314,RM022,2026-08-11,BRANCH,NO_RESPONSE,CONTROLLED_SYNTHETIC
I0008053,SME002315,RM001,2026-03-31,BRANCH,CONNECTED,CONTROLLED_SYNTHETIC
I0008054,SME002316,RM008,2026-03-08,MEETING,FOLLOW_UP,CONTROLLED_SYNTHETIC
I0008055,SME002316,RM008,2025-12-31,CALL,CONNECTED,CONTROLLED_SYNTHETIC
I0008056,SME002317,RM041,2025-12-11,MEETING,FOLLOW_UP,CONTROLLED_SYNTHETIC
I0008057,SME002317,RM041,2025-12-01,CALL,NO_RESPONSE,CONTROLLED_SYNTHETIC
I0008058,SME002317,RM041,2026-01-14,CALL,FOLLOW_UP,CONTROLLED_SYNTHETIC
I0008059,SME002317,RM041,2026-05-16,BRANCH,FOLLOW_UP,CONTROLLED_SYNTHETIC
I0008060,SME002317,RM041,2026-01-17,MEETING,NO_RESPONSE,CONTROLLED_SYNTHETIC
I0008061,SME002318,RM015,2025-12-13,SECURE_MESSAGE,CONNECTED,CONTROLLED_SYNTHETIC
I0008062,SME002318,RM015,2026-03-08,SECURE_MESSAGE,CONNECTED,CONTROLLED_SYNTHETIC
I0008063,SME002318,RM015,2025-11-07,BRANCH,NO_RESPONSE,CONTROLLED_SYNTHETIC
I0008064,SME002319,RM020,2026-07-11,CALL,NO_RESPONSE,CONTROLLED_SYNTHETIC
I0008065,SME002319,RM020,2026-02-13,SECURE_MESSAGE,CONNECTED,CONTROLLED_SYNTHETIC
I0008066,SME002320,RM001,2026-04-12,CALL,CONNECTED,CONTROLLED_SYNTHETIC
I0008067,SME002320,RM001,2026-07-19,CALL,CONNECTED,CONTROLLED_SYNTHETIC
I0008068,SME002320,RM001,2025-11-16,SECURE_MESSAGE,FOLLOW_UP,CONTROLLED_SYNTHETIC
I0008069,SME002320,RM001,2025-11-22,SECURE_MESSAGE,FOLLOW_UP,CONTROLLED_SYNTHETIC
I0008070,SME002320,RM001,2026-05-20,SECURE_MESSAGE,NEEDS_REVIEW,CONTROLLED_SYNTHETIC
I0008071,SME002320,RM001,2025-12-15,MEETING,CONNECTED,CONTROLLED_SYNTHETIC
I0008072,SME002321,RM008,2026-06-08,BRANCH,CONNECTED,CONTROLLED_SYNTHETIC
I0008073,SME002321,RM008,2025-08-25,BRANCH,NEEDS_REVIEW,CONTROLLED_SYNTHETIC
I0008074,SME002321,RM008,2025-12-12,MEETING,FOLLOW_UP,CONTROLLED_SYNTHETIC
I0008075,SME002322,RM015,2026-06-22,CALL,FOLLOW_UP,CONTROLLED_SYNTHETIC
I0008076,SME002322,RM015,2025-10-20,SECURE_MESSAGE,CONNECTED,CONTROLLED_SYNTHETIC
I0008077,SME002322,RM015,2026-02-26,SECURE_MESSAGE,FOLLOW_UP,CONTROLLED_SYNTHETIC
I0008078,SME002322,RM015,2026-02-22,MEETING,CONNECTED,CONTROLLED_SYNTHETIC
I0008079,SME002322,RM015,2025-10-09,MEETING,CONNECTED,CONTROLLED_SYNTHETIC
I0008080,SME002323,RM023,2026-08-12,BRANCH,NO_RESPONSE,CONTROLLED_SYNTHETIC
I0008081,SME002323,RM023,2025-11-10,BRANCH,CONNECTED,CONTROLLED_SYNTHETIC
I0008082,SME002323,RM023,2025-11-23,MEETING,FOLLOW_UP,CONTROLLED_SYNTHETIC
I0008083,SME002324,RM009,2026-01-21,SECURE_MESSAGE,CONNECTED,CONTROLLED_SYNTHETIC
I0008084,SME002324,RM009,2025-12-30,MEETING,FOLLOW_UP,CONTROLLED_SYNTHETIC
I0008085,SME002324,RM009,2025-09-15,SECURE_MESSAGE,CONNECTED,CONTROLLED_SYNTHETIC
I0008086,SME002324,RM009,2026-02-28,BRANCH,CONNECTED,CONTROLLED_SYNTHETIC
I0008087,SME002324,RM009,2026-06-25,BRANCH,CONNECTED,CONTROLLED_SYNTHETIC
I0008088,SME002324,RM009,2026-04-23,BRANCH,FOLLOW_UP,CONTROLLED_SYNTHETIC
I0008089,SME002325,RM003,2025-10-04,SECURE_MESSAGE,FOLLOW_UP,CONTROLLED_SYNTHETIC
I0008090,SME002325,RM003,2025-12-14,CALL,FOLLOW_UP,CONTROLLED_SYNTHETIC
I0008091,SME002325,RM003,2026-03-18,BRANCH,NO_RESPONSE,CONTROLLED_SYNTHETIC
I0008092,SME002325,RM003,2025-11-26,SECURE_MESSAGE,CONNECTED,CONTROLLED_SYNTHETIC
I0008093,SME002326,RM011,2025-09-08,BRANCH,NEEDS_REVIEW,CONTROLLED_SYNTHETIC
I0008094,SME002326,RM011,2026-06-30,CALL,CONNECTED,CONTROLLED_SYNTHETIC
I0008095,SME002326,RM011,2025-12-05,MEETING,FOLLOW_UP,CONTROLLED_SYNTHETIC
I0008096,SME002326,RM011,2026-04-09,MEETING,CONNECTED,CONTROLLED_SYNTHETIC
I0008097,SME002327,RM044,2026-02-26,SECURE_MESSAGE,CONNECTED,CONTROLLED_SYNTHETIC
I0008098,SME002327,RM044,2026-03-21,SECURE_MESSAGE,CONNECTED,CONTROLLED_SYNTHETIC
I0008099,SME002327,RM044,2025-11-17,MEETING,CONNECTED,CONTROLLED_SYNTHETIC
I0008100,SME002328,RM023,2026-06-12,BRANCH,CONNECTED,CONTROLLED_SYNTHETIC
I0008101,SME002328,RM023,2025-12-25,SECURE_MESSAGE,FOLLOW_UP,CONTROLLED_SYNTHETIC
I0008102,SME002329,RM046,2026-01-25,BRANCH,CONNECTED,CONTROLLED_SYNTHETIC
I0008103,SME002329,RM046,2026-02-04,MEETING,CONNECTED,CONTROLLED_SYNTHETIC
I0008104,SME002329,RM046,2025-12-27,BRANCH,NEEDS_REVIEW,CONTROLLED_SYNTHETIC
I0008105,SME002329,RM046,2026-02-19,MEETING,CONNECTED,CONTROLLED_SYNTHETIC
I0008106,SME002330,RM042,2026-02-06,CALL,NO_RESPONSE,CONTROLLED_SYNTHETIC
I0008107,SME002331,RM012,2026-03-17,MEETING,CONNECTED,CONTROLLED_SYNTHETIC
I0008108,SME002331,RM012,2025-10-13,CALL,FOLLOW_UP,CONTROLLED_SYNTHETIC
I0008109,SME002331,RM012,2025-09-12,MEETING,CONNECTED,CONTROLLED_SYNTHETIC
I0008110,SME002331,RM012,2025-09-30,SECURE_MESSAGE,FOLLOW_UP,CONTROLLED_SYNTHETIC
I0008111,SME002332,RM021,2026-04-09,CALL,CONNECTED,CONTROLLED_SYNTHETIC
I0008112,SME002332,RM021,2026-07-20,MEETING,NO_RESPONSE,CONTROLLED_SYNTHETIC
I0008113,SME002332,RM021,2025-09-02,CALL,NEEDS_REVIEW,CONTROLLED_SYNTHETIC
I0008114,SME002333,RM002,2025-12-27,BRANCH,CONNECTED,CONTROLLED_SYNTHETIC
I0008115,SME002333,RM002,2025-12-23,BRANCH,CONNECTED,CONTROLLED_SYNTHETIC
I0008116,SME002334,RM016,2025-09-16,BRANCH,CONNECTED,CONTROLLED_SYNTHETIC
I0008117,SME002334,RM016,2025-10-23,SECURE_MESSAGE,CONNECTED,CONTROLLED_SYNTHETIC
I0008118,SME002334,RM016,2026-04-10,MEETING,NO_RESPONSE,CONTROLLED_SYNTHETIC
I0008119,SME002334,RM016,2025-10-22,BRANCH,FOLLOW_UP,CONTROLLED_SYNTHETIC
I0008120,SME002334,RM016,2026-04-24,MEETING,FOLLOW_UP,CONTROLLED_SYNTHETIC
I0008121,SME002334,RM016,2026-01-11,SECURE_MESSAGE,CONNECTED,CONTROLLED_SYNTHETIC
I0008122,SME002335,RM015,2026-05-26,SECURE_MESSAGE,FOLLOW_UP,CONTROLLED_SYNTHETIC
I0008123,SME002336,RM020,2025-11-15,CALL,NEEDS_REVIEW,CONTROLLED_SYNTHETIC
I0008124,SME002336,RM020,2026-07-13,SECURE_MESSAGE,FOLLOW_UP,CONTROLLED_SYNTHETIC
I0008125,SME002336,RM020,2025-11-02,BRANCH,CONNECTED,CONTROLLED_SYNTHETIC
I0008126,SME002336,RM020,2026-06-30,SECURE_MESSAGE,CONNECTED,CONTROLLED_SYNTHETIC
I0008127,SME002336,RM020,2025-12-20,BRANCH,FOLLOW_UP,CONTROLLED_SYNTHETIC
I0008128,SME002336,RM020,2025-09-16,BRANCH,NO_RESPONSE,CONTROLLED_SYNTHETIC
I0008129,SME002337,RM004,2025-10-20,CALL,FOLLOW_UP,CONTROLLED_SYNTHETIC
I0008130,SME002337,RM004,2026-06-30,BRANCH,NO_RESPONSE,CONTROLLED_SYNTHETIC
I0008131,SME002337,RM004,2026-05-24,MEETING,NO_RESPONSE,CONTROLLED_SYNTHETIC
I0008132,SME002337,RM004,2025-09-29,BRANCH,FOLLOW_UP,CONTROLLED_SYNTHETIC
I0008133,SME002337,RM004,2026-04-05,SECURE_MESSAGE,NO_RESPONSE,CONTROLLED_SYNTHETIC
I0008134,SME002337,RM004,2026-02-12,MEETING,NEEDS_REVIEW,CONTROLLED_SYNTHETIC
I0008135,SME002338,RM015,2025-09-04,MEETING,CONNECTED,CONTROLLED_SYNTHETIC
I0008136,SME002338,RM015,2026-08-16,SECURE_MESSAGE,NO_RESPONSE,CONTROLLED_SYNTHETIC
I0008137,SME002338,RM015,2026-06-05,CALL,CONNECTED,CONTROLLED_SYNTHETIC
I0008138,SME002339,RM015,2025-11-04,CALL,FOLLOW_UP,CONTROLLED_SYNTHETIC
I0008139,SME002339,RM015,2026-06-12,BRANCH,FOLLOW_UP,CONTROLLED_SYNTHETIC
I0008140,SME002339,RM015,2026-01-25,CALL,CONNECTED,CONTROLLED_SYNTHETIC
I0008141,SME002339,RM015,2025-10-10,SECURE_MESSAGE,NEEDS_REVIEW,CONTROLLED_SYNTHETIC
I0008142,SME002340,RM017,2026-02-17,SECURE_MESSAGE,FOLLOW_UP,CONTROLLED_SYNTHETIC
I0008143,SME002341,RM036,2026-04-13,CALL,FOLLOW_UP,CONTROLLED_SYNTHETIC
I0008144,SME002341,RM036,2026-06-11,SECURE_MESSAGE,CONNECTED,CONTROLLED_SYNTHETIC
I0008145,SME002341,RM036,2026-06-14,CALL,NO_RESPONSE,CONTROLLED_SYNTHETIC
I0008146,SME002341,RM036,2025-11-24,MEETING,CONNECTED,CONTROLLED_SYNTHETIC
I0008147,SME002341,RM036,2026-05-05,MEETING,CONNECTED,CONTROLLED_SYNTHETIC
I0008148,SME002342,RM007,2025-11-01,CALL,NO_RESPONSE,CONTROLLED_SYNTHETIC
I0008149,SME002342,RM007,2026-05-24,CALL,NO_RESPONSE,CONTROLLED_SYNTHETIC
I0008150,SME002342,RM007,2026-03-17,CALL,NO_RESPONSE,CONTROLLED_SYNTHETIC
I0008151,SME002342,RM007,2026-03-03,BRANCH,NO_RESPONSE,CONTROLLED_SYNTHETIC
I0008152,SME002342,RM007,2025-09-23,MEETING,FOLLOW_UP,CONTROLLED_SYNTHETIC
I0008153,SME002342,RM007,2025-09-26,BRANCH,CONNECTED,CONTROLLED_SYNTHETIC
I0008154,SME002343,RM043,2026-02-13,SECURE_MESSAGE,NEEDS_REVIEW,CONTROLLED_SYNTHETIC
I0008155,SME002344,RM021,2025-09-04,BRANCH,CONNECTED,CONTROLLED_SYNTHETIC
I0008156,SME002345,RM009,2026-07-22,MEETING,CONNECTED,CONTROLLED_SYNTHETIC
I0008157,SME002345,RM009,2026-05-11,SECURE_MESSAGE,CONNECTED,CONTROLLED_SYNTHETIC
I0008158,SME002345,RM009,2025-09-23,BRANCH,FOLLOW_UP,CONTROLLED_SYNTHETIC
I0008159,SME002345,RM009,2026-01-09,CALL,NO_RESPONSE,CONTROLLED_SYNTHETIC
I0008160,SME002346,RM027,2026-04-04,SECURE_MESSAGE,CONNECTED,CONTROLLED_SYNTHETIC
I0008161,SME002346,RM027,2026-03-07,MEETING,FOLLOW_UP,CONTROLLED_SYNTHETIC
I0008162,SME002346,RM027,2025-11-04,BRANCH,CONNECTED,CONTROLLED_SYNTHETIC
I0008163,SME002346,RM027,2026-02-23,SECURE_MESSAGE,CONNECTED,CONTROLLED_SYNTHETIC
I0008164,SME002347,RM033,2026-05-17,SECURE_MESSAGE,NO_RESPONSE,CONTROLLED_SYNTHETIC
I0008165,SME002347,RM033,2026-05-03,SECURE_MESSAGE,NO_RESPONSE,CONTROLLED_SYNTHETIC
I0008166,SME002347,RM033,2026-01-01,CALL,FOLLOW_UP,CONTROLLED_SYNTHETIC
I0008167,SME002347,RM033,2025-10-25,CALL,FOLLOW_UP,CONTROLLED_SYNTHETIC
I0008168,SME002347,RM033,2026-01-21,MEETING,FOLLOW_UP,CONTROLLED_SYNTHETIC
I0008169,SME002348,RM044,2026-05-01,BRANCH,FOLLOW_UP,CONTROLLED_SYNTHETIC
I0008170,SME002348,RM044,2026-07-13,BRANCH,NO_RESPONSE,CONTROLLED_SYNTHETIC
I0008171,SME002348,RM044,2026-04-26,SECURE_MESSAGE,NEEDS_REVIEW,CONTROLLED_SYNTHETIC
I0008172,SME002348,RM044,2026-06-19,CALL,CONNECTED,CONTROLLED_SYNTHETIC
I0008173,SME002348,RM044,2025-09-14,SECURE_MESSAGE,FOLLOW_UP,CONTROLLED_SYNTHETIC
I0008174,SME002349,RM007,2026-03-22,CALL,CONNECTED,CONTROLLED_SYNTHETIC
I0008175,SME002349,RM007,2026-02-24,CALL,NEEDS_REVIEW,CONTROLLED_SYNTHETIC
I0008176,SME002349,RM007,2026-07-13,SECURE_MESSAGE,CONNECTED,CONTROLLED_SYNTHETIC
I0008177,SME002350,RM021,2026-02-03,MEETING,CONNECTED,CONTROLLED_SYNTHETIC
I0008178,SME002350,RM021,2025-10-04,BRANCH,CONNECTED,CONTROLLED_SYNTHETIC
I0008179,SME002350,RM021,2026-02-15,SECURE_MESSAGE,NO_RESPONSE,CONTROLLED_SYNTHETIC
I0008180,SME002350,RM021,2026-05-28,BRANCH,FOLLOW_UP,CONTROLLED_SYNTHETIC
I0008181,SME002350,RM021,2026-04-21,CALL,CONNECTED,CONTROLLED_SYNTHETIC
I0008182,SME002351,RM008,2025-11-30,SECURE_MESSAGE,NO_RESPONSE,CONTROLLED_SYNTHETIC
I0008183,SME002351,RM008,2026-01-19,SECURE_MESSAGE,CONNECTED,CONTROLLED_SYNTHETIC
I0008184,SME002352,RM035,2025-12-31,BRANCH,FOLLOW_UP,CONTROLLED_SYNTHETIC
I0008185,SME002353,RM002,2025-12-23,CALL,CONNECTED,CONTROLLED_SYNTHETIC
I0008186,SME002353,RM002,2026-02-03,CALL,NO_RESPONSE,CONTROLLED_SYNTHETIC
I0008187,SME002353,RM002,2025-10-13,CALL,NO_RESPONSE,CONTROLLED_SYNTHETIC
I0008188,SME002353,RM002,2026-07-12,BRANCH,CONNECTED,CONTROLLED_SYNTHETIC
I0008189,SME002353,RM002,2026-07-14,MEETING,FOLLOW_UP,CONTROLLED_SYNTHETIC
I0008190,SME002353,RM002,2026-07-21,SECURE_MESSAGE,CONNECTED,CONTROLLED_SYNTHETIC
I0008191,SME002354,RM042,2026-05-16,SECURE_MESSAGE,NO_RESPONSE,CONTROLLED_SYNTHETIC
I0008192,SME002354,RM042,2026-07-01,MEETING,CONNECTED,CONTROLLED_SYNTHETIC
I0008193,SME002354,RM042,2025-11-25,SECURE_MESSAGE,CONNECTED,CONTROLLED_SYNTHETIC
I0008194,SME002354,RM042,2026-01-03,MEETING,CONNECTED,CONTROLLED_SYNTHETIC
I0008195,SME002355,RM036,2025-10-05,BRANCH,NO_RESPONSE,CONTROLLED_SYNTHETIC
I0008196,SME002355,RM036,2026-05-06,MEETING,CONNECTED,CONTROLLED_SYNTHETIC
I0008197,SME002355,RM036,2026-03-18,BRANCH,CONNECTED,CONTROLLED_SYNTHETIC
I0008198,SME002356,RM028,2025-08-28,CALL,FOLLOW_UP,CONTROLLED_SYNTHETIC
I0008199,SME002356,RM028,2026-06-29,SECURE_MESSAGE,CONNECTED,CONTROLLED_SYNTHETIC
I0008200,SME002356,RM028,2026-07-25,BRANCH,CONNECTED,CONTROLLED_SYNTHETIC
I0008201,SME002357,RM018,2026-08-13,BRANCH,CONNECTED,CONTROLLED_SYNTHETIC
I0008202,SME002357,RM018,2026-04-02,MEETING,NO_RESPONSE,CONTROLLED_SYNTHETIC
I0008203,SME002357,RM018,2025-09-16,SECURE_MESSAGE,FOLLOW_UP,CONTROLLED_SYNTHETIC
I0008204,SME002357,RM018,2025-10-22,CALL,NEEDS_REVIEW,CONTROLLED_SYNTHETIC
I0008205,SME002357,RM018,2026-07-05,SECURE_MESSAGE,CONNECTED,CONTROLLED_SYNTHETIC
I0008206,SME002358,RM031,2026-02-02,SECURE_MESSAGE,CONNECTED,CONTROLLED_SYNTHETIC
I0008207,SME002358,RM031,2026-04-13,SECURE_MESSAGE,FOLLOW_UP,CONTROLLED_SYNTHETIC
I0008208,SME002358,RM031,2026-05-03,MEETING,NEEDS_REVIEW,CONTROLLED_SYNTHETIC
I0008209,SME002358,RM031,2026-04-20,CALL,CONNECTED,CONTROLLED_SYNTHETIC
I0008210,SME002358,RM031,2026-05-08,BRANCH,CONNECTED,CONTROLLED_SYNTHETIC
I0008211,SME002358,RM031,2026-08-16,MEETING,FOLLOW_UP,CONTROLLED_SYNTHETIC
I0008212,SME002359,RM023,2026-06-27,CALL,CONNECTED,CONTROLLED_SYNTHETIC
I0008213,SME002359,RM023,2025-12-01,CALL,NEEDS_REVIEW,CONTROLLED_SYNTHETIC
I0008214,SME002360,RM041,2025-12-29,MEETING,CONNECTED,CONTROLLED_SYNTHETIC
I0008215,SME002360,RM041,2026-02-09,BRANCH,CONNECTED,CONTROLLED_SYNTHETIC
I0008216,SME002360,RM041,2026-07-15,CALL,FOLLOW_UP,CONTROLLED_SYNTHETIC
I0008217,SME002360,RM041,2026-05-11,BRANCH,NO_RESPONSE,CONTROLLED_SYNTHETIC
I0008218,SME002360,RM041,2025-11-06,SECURE_MESSAGE,NEEDS_REVIEW,CONTROLLED_SYNTHETIC
I0008219,SME002361,RM045,2026-02-08,CALL,CONNECTED,CONTROLLED_SYNTHETIC
I0008220,SME002361,RM045,2025-10-09,CALL,CONNECTED,CONTROLLED_SYNTHETIC
I0008221,SME002361,RM045,2025-11-07,SECURE_MESSAGE,CONNECTED,CONTROLLED_SYNTHETIC
I0008222,SME002361,RM045,2026-05-26,CALL,FOLLOW_UP,CONTROLLED_SYNTHETIC
I0008223,SME002361,RM045,2025-12-03,MEETING,NO_RESPONSE,CONTROLLED_SYNTHETIC
I0008224,SME002362,RM041,2026-02-14,BRANCH,CONNECTED,CONTROLLED_SYNTHETIC
I0008225,SME002362,RM041,2026-05-17,BRANCH,CONNECTED,CONTROLLED_SYNTHETIC
I0008226,SME002362,RM041,2026-08-04,SECURE_MESSAGE,NEEDS_REVIEW,CONTROLLED_SYNTHETIC
I0008227,SME002362,RM041,2026-05-11,SECURE_MESSAGE,NEEDS_REVIEW,CONTROLLED_SYNTHETIC
I0008228,SME002363,RM047,2025-09-11,MEETING,NO_RESPONSE,CONTROLLED_SYNTHETIC
I0008229,SME002363,RM047,2025-11-11,BRANCH,NEEDS_REVIEW,CONTROLLED_SYNTHETIC
I0008230,SME002363,RM047,2026-03-10,SECURE_MESSAGE,FOLLOW_UP,CONTROLLED_SYNTHETIC
I0008231,SME002363,RM047,2025-08-28,SECURE_MESSAGE,CONNECTED,CONTROLLED_SYNTHETIC
I0008232,SME002363,RM047,2025-10-22,MEETING,CONNECTED,CONTROLLED_SYNTHETIC
I0008233,SME002363,RM047,2025-10-05,SECURE_MESSAGE,CONNECTED,CONTROLLED_SYNTHETIC
I0008234,SME002364,RM017,2026-01-08,BRANCH,NO_RESPONSE,CONTROLLED_SYNTHETIC
I0008235,SME002364,RM017,2026-01-05,CALL,NO_RESPONSE,CONTROLLED_SYNTHETIC
I0008236,SME002364,RM017,2026-06-08,CALL,NEEDS_REVIEW,CONTROLLED_SYNTHETIC
I0008237,SME002364,RM017,2026-05-01,CALL,NEEDS_REVIEW,CONTROLLED_SYNTHETIC
I0008238,SME002364,RM017,2026-01-06,BRANCH,FOLLOW_UP,CONTROLLED_SYNTHETIC
I0008239,SME002365,RM015,2026-06-21,BRANCH,CONNECTED,CONTROLLED_SYNTHETIC
I0008240,SME002365,RM015,2026-03-04,SECURE_MESSAGE,NO_RESPONSE,CONTROLLED_SYNTHETIC
I0008241,SME002365,RM015,2025-11-04,MEETING,FOLLOW_UP,CONTROLLED_SYNTHETIC
I0008242,SME002366,RM007,2026-06-08,CALL,NO_RESPONSE,CONTROLLED_SYNTHETIC
I0008243,SME002366,RM007,2026-05-28,MEETING,FOLLOW_UP,CONTROLLED_SYNTHETIC
I0008244,SME002366,RM007,2025-11-03,SECURE_MESSAGE,CONNECTED,CONTROLLED_SYNTHETIC
I0008245,SME002367,RM021,2026-05-24,CALL,FOLLOW_UP,CONTROLLED_SYNTHETIC
I0008246,SME002367,RM021,2026-04-11,BRANCH,FOLLOW_UP,CONTROLLED_SYNTHETIC
I0008247,SME002367,RM021,2026-07-19,BRANCH,CONNECTED,CONTROLLED_SYNTHETIC
I0008248,SME002367,RM021,2026-04-24,CALL,CONNECTED,CONTROLLED_SYNTHETIC
I0008249,SME002367,RM021,2026-04-07,SECURE_MESSAGE,FOLLOW_UP,CONTROLLED_SYNTHETIC
I0008250,SME002368,RM018,2026-03-06,SECURE_MESSAGE,CONNECTED,CONTROLLED_SYNTHETIC
I0008251,SME002368,RM018,2026-07-23,BRANCH,FOLLOW_UP,CONTROLLED_SYNTHETIC
I0008252,SME002368,RM018,2026-05-02,MEETING,FOLLOW_UP,CONTROLLED_SYNTHETIC
I0008253,SME002368,RM018,2026-04-24,SECURE_MESSAGE,CONNECTED,CONTROLLED_SYNTHETIC
I0008254,SME002368,RM018,2026-01-02,SECURE_MESSAGE,FOLLOW_UP,CONTROLLED_SYNTHETIC
I0008255,SME002368,RM018,2026-01-10,SECURE_MESSAGE,CONNECTED,CONTROLLED_SYNTHETIC
I0008256,SME002369,RM036,2026-05-10,SECURE_MESSAGE,CONNECTED,CONTROLLED_SYNTHETIC
I0008257,SME002369,RM036,2025-11-03,SECURE_MESSAGE,NO_RESPONSE,CONTROLLED_SYNTHETIC
I0008258,SME002369,RM036,2025-08-22,SECURE_MESSAGE,FOLLOW_UP,CONTROLLED_SYNTHETIC
I0008259,SME002370,RM012,2026-04-17,CALL,FOLLOW_UP,CONTROLLED_SYNTHETIC
I0008260,SME002370,RM012,2026-06-27,SECURE_MESSAGE,NO_RESPONSE,CONTROLLED_SYNTHETIC
I0008261,SME002370,RM012,2026-02-24,MEETING,CONNECTED,CONTROLLED_SYNTHETIC
I0008262,SME002371,RM031,2026-04-09,BRANCH,CONNECTED,CONTROLLED_SYNTHETIC
I0008263,SME002371,RM031,2025-09-20,CALL,CONNECTED,CONTROLLED_SYNTHETIC
I0008264,SME002372,RM015,2026-08-15,CALL,CONNECTED,CONTROLLED_SYNTHETIC
I0008265,SME002372,RM015,2025-10-17,CALL,FOLLOW_UP,CONTROLLED_SYNTHETIC
I0008266,SME002372,RM015,2026-06-15,SECURE_MESSAGE,CONNECTED,CONTROLLED_SYNTHETIC
I0008267,SME002372,RM015,2026-06-19,BRANCH,NEEDS_REVIEW,CONTROLLED_SYNTHETIC
I0008268,SME002372,RM015,2026-01-29,SECURE_MESSAGE,FOLLOW_UP,CONTROLLED_SYNTHETIC
I0008269,SME002373,RM010,2026-07-02,BRANCH,CONNECTED,CONTROLLED_SYNTHETIC
I0008270,SME002373,RM010,2026-04-28,CALL,FOLLOW_UP,CONTROLLED_SYNTHETIC
I0008271,SME002373,RM010,2025-10-15,SECURE_MESSAGE,CONNECTED,CONTROLLED_SYNTHETIC
I0008272,SME002373,RM010,2026-08-12,MEETING,FOLLOW_UP,CONTROLLED_SYNTHETIC
I0008273,SME002373,RM010,2026-03-06,MEETING,CONNECTED,CONTROLLED_SYNTHETIC
I0008274,SME002374,RM004,2026-03-27,SECURE_MESSAGE,CONNECTED,CONTROLLED_SYNTHETIC
I0008275,SME002374,RM004,2026-06-23,SECURE_MESSAGE,CONNECTED,CONTROLLED_SYNTHETIC
I0008276,SME002374,RM004,2026-08-08,CALL,CONNECTED,CONTROLLED_SYNTHETIC
I0008277,SME002375,RM008,2025-10-23,BRANCH,FOLLOW_UP,CONTROLLED_SYNTHETIC
I0008278,SME002375,RM008,2026-06-05,SECURE_MESSAGE,CONNECTED,CONTROLLED_SYNTHETIC
I0008279,SME002375,RM008,2026-05-31,BRANCH,FOLLOW_UP,CONTROLLED_SYNTHETIC
I0008280,SME002376,RM017,2026-05-11,MEETING,FOLLOW_UP,CONTROLLED_SYNTHETIC
I0008281,SME002376,RM017,2026-04-28,BRANCH,NEEDS_REVIEW,CONTROLLED_SYNTHETIC
I0008282,SME002376,RM017,2026-03-19,BRANCH,CONNECTED,CONTROLLED_SYNTHETIC
I0008283,SME002376,RM017,2026-08-19,BRANCH,NO_RESPONSE,CONTROLLED_SYNTHETIC
I0008284,SME002376,RM017,2026-08-03,SECURE_MESSAGE,FOLLOW_UP,CONTROLLED_SYNTHETIC
I0008285,SME002376,RM017,2026-06-29,SECURE_MESSAGE,CONNECTED,CONTROLLED_SYNTHETIC
I0008286,SME002377,RM034,2025-10-02,BRANCH,FOLLOW_UP,CONTROLLED_SYNTHETIC
I0008287,SME002377,RM034,2026-02-25,CALL,NO_RESPONSE,CONTROLLED_SYNTHETIC
I0008288,SME002377,RM034,2026-06-13,CALL,FOLLOW_UP,CONTROLLED_SYNTHETIC
I0008289,SME002377,RM034,2026-05-18,BRANCH,CONNECTED,CONTROLLED_SYNTHETIC
I0008290,SME002378,RM017,2026-08-10,SECURE_MESSAGE,NO_RESPONSE,CONTROLLED_SYNTHETIC
I0008291,SME002379,RM009,2026-04-07,BRANCH,NEEDS_REVIEW,CONTROLLED_SYNTHETIC
I0008292,SME002379,RM009,2025-08-29,MEETING,FOLLOW_UP,CONTROLLED_SYNTHETIC
I0008293,SME002379,RM009,2025-11-21,MEETING,FOLLOW_UP,CONTROLLED_SYNTHETIC
I0008294,SME002379,RM009,2026-06-08,MEETING,NO_RESPONSE,CONTROLLED_SYNTHETIC
I0008295,SME002379,RM009,2026-06-30,SECURE_MESSAGE,FOLLOW_UP,CONTROLLED_SYNTHETIC
I0008296,SME002380,RM029,2026-02-03,CALL,FOLLOW_UP,CONTROLLED_SYNTHETIC
I0008297,SME002380,RM029,2026-02-27,CALL,FOLLOW_UP,CONTROLLED_SYNTHETIC
I0008298,SME002380,RM029,2025-12-03,MEETING,NEEDS_REVIEW,CONTROLLED_SYNTHETIC
I0008299,SME002381,RM031,2025-11-16,CALL,CONNECTED,CONTROLLED_SYNTHETIC
I0008300,SME002382,RM033,2026-05-27,CALL,FOLLOW_UP,CONTROLLED_SYNTHETIC
I0008301,SME002382,RM033,2026-07-19,MEETING,NO_RESPONSE,CONTROLLED_SYNTHETIC
I0008302,SME002382,RM033,2025-09-11,MEETING,FOLLOW_UP,CONTROLLED_SYNTHETIC
I0008303,SME002382,RM033,2025-11-06,CALL,CONNECTED,CONTROLLED_SYNTHETIC
I0008304,SME002382,RM033,2026-04-13,CALL,FOLLOW_UP,CONTROLLED_SYNTHETIC
I0008305,SME002382,RM033,2026-08-19,MEETING,CONNECTED,CONTROLLED_SYNTHETIC
I0008306,SME002383,RM038,2026-06-11,SECURE_MESSAGE,CONNECTED,CONTROLLED_SYNTHETIC
I0008307,SME002383,RM038,2025-10-27,MEETING,FOLLOW_UP,CONTROLLED_SYNTHETIC
I0008308,SME002383,RM038,2026-05-18,CALL,CONNECTED,CONTROLLED_SYNTHETIC
I0008309,SME002383,RM038,2026-02-25,CALL,CONNECTED,CONTROLLED_SYNTHETIC
I0008310,SME002383,RM038,2025-11-06,MEETING,CONNECTED,CONTROLLED_SYNTHETIC
I0008311,SME002383,RM038,2026-03-13,SECURE_MESSAGE,CONNECTED,CONTROLLED_SYNTHETIC
I0008312,SME002384,RM039,2026-01-02,BRANCH,NO_RESPONSE,CONTROLLED_SYNTHETIC
I0008313,SME002384,RM039,2026-05-01,CALL,NO_RESPONSE,CONTROLLED_SYNTHETIC
I0008314,SME002384,RM039,2025-08-23,BRANCH,NO_RESPONSE,CONTROLLED_SYNTHETIC
I0008315,SME002385,RM001,2026-05-13,BRANCH,FOLLOW_UP,CONTROLLED_SYNTHETIC
I0008316,SME002385,RM001,2026-04-09,MEETING,FOLLOW_UP,CONTROLLED_SYNTHETIC
I0008317,SME002385,RM001,2025-11-25,CALL,CONNECTED,CONTROLLED_SYNTHETIC
I0008318,SME002385,RM001,2026-02-27,BRANCH,NO_RESPONSE,CONTROLLED_SYNTHETIC
I0008319,SME002385,RM001,2025-09-04,BRANCH,NO_RESPONSE,CONTROLLED_SYNTHETIC
I0008320,SME002385,RM001,2025-09-25,CALL,NO_RESPONSE,CONTROLLED_SYNTHETIC
I0008321,SME002386,RM042,2026-05-04,MEETING,NO_RESPONSE,CONTROLLED_SYNTHETIC
I0008322,SME002386,RM042,2025-08-21,SECURE_MESSAGE,CONNECTED,CONTROLLED_SYNTHETIC
I0008323,SME002386,RM042,2026-02-11,SECURE_MESSAGE,CONNECTED,CONTROLLED_SYNTHETIC
I0008324,SME002386,RM042,2026-08-07,SECURE_MESSAGE,FOLLOW_UP,CONTROLLED_SYNTHETIC
I0008325,SME002386,RM042,2025-12-29,SECURE_MESSAGE,NEEDS_REVIEW,CONTROLLED_SYNTHETIC
I0008326,SME002387,RM010,2026-02-05,MEETING,NEEDS_REVIEW,CONTROLLED_SYNTHETIC
I0008327,SME002387,RM010,2026-02-19,CALL,FOLLOW_UP,CONTROLLED_SYNTHETIC
I0008328,SME002388,RM042,2026-04-09,SECURE_MESSAGE,NO_RESPONSE,CONTROLLED_SYNTHETIC
I0008329,SME002388,RM042,2025-10-03,MEETING,CONNECTED,CONTROLLED_SYNTHETIC
I0008330,SME002388,RM042,2025-12-03,SECURE_MESSAGE,NO_RESPONSE,CONTROLLED_SYNTHETIC
I0008331,SME002388,RM042,2025-11-23,CALL,NO_RESPONSE,CONTROLLED_SYNTHETIC
I0008332,SME002388,RM042,2025-11-21,MEETING,NO_RESPONSE,CONTROLLED_SYNTHETIC
I0008333,SME002388,RM042,2026-06-12,BRANCH,FOLLOW_UP,CONTROLLED_SYNTHETIC
I0008334,SME002389,RM009,2026-02-05,BRANCH,CONNECTED,CONTROLLED_SYNTHETIC
I0008335,SME002390,RM019,2025-11-09,CALL,CONNECTED,CONTROLLED_SYNTHETIC
I0008336,SME002390,RM019,2026-08-11,MEETING,CONNECTED,CONTROLLED_SYNTHETIC
I0008337,SME002390,RM019,2026-08-08,BRANCH,FOLLOW_UP,CONTROLLED_SYNTHETIC
I0008338,SME002391,RM031,2026-06-29,CALL,CONNECTED,CONTROLLED_SYNTHETIC
I0008339,SME002391,RM031,2026-02-24,CALL,NO_RESPONSE,CONTROLLED_SYNTHETIC
I0008340,SME002392,RM002,2026-01-13,SECURE_MESSAGE,CONNECTED,CONTROLLED_SYNTHETIC
I0008341,SME002392,RM002,2025-12-15,MEETING,FOLLOW_UP,CONTROLLED_SYNTHETIC
I0008342,SME002392,RM002,2026-06-23,MEETING,CONNECTED,CONTROLLED_SYNTHETIC
I0008343,SME002392,RM002,2025-12-13,MEETING,NEEDS_REVIEW,CONTROLLED_SYNTHETIC
I0008344,SME002392,RM002,2026-01-06,CALL,FOLLOW_UP,CONTROLLED_SYNTHETIC
I0008345,SME002392,RM002,2026-03-10,SECURE_MESSAGE,NO_RESPONSE,CONTROLLED_SYNTHETIC
I0008346,SME002393,RM037,2026-04-01,SECURE_MESSAGE,CONNECTED,CONTROLLED_SYNTHETIC
I0008347,SME002393,RM037,2025-11-10,SECURE_MESSAGE,NO_RESPONSE,CONTROLLED_SYNTHETIC
I0008348,SME002394,RM030,2025-10-08,BRANCH,NO_RESPONSE,CONTROLLED_SYNTHETIC
I0008349,SME002394,RM030,2025-10-29,BRANCH,CONNECTED,CONTROLLED_SYNTHETIC
I0008350,SME002394,RM030,2026-07-05,MEETING,NEEDS_REVIEW,CONTROLLED_SYNTHETIC
I0008351,SME002395,RM019,2026-08-12,CALL,NO_RESPONSE,CONTROLLED_SYNTHETIC
I0008352,SME002395,RM019,2025-10-07,MEETING,NEEDS_REVIEW,CONTROLLED_SYNTHETIC
I0008353,SME002395,RM019,2026-04-16,SECURE_MESSAGE,FOLLOW_UP,CONTROLLED_SYNTHETIC
I0008354,SME002395,RM019,2026-03-03,MEETING,CONNECTED,CONTROLLED_SYNTHETIC
I0008355,SME002395,RM019,2025-11-01,MEETING,CONNECTED,CONTROLLED_SYNTHETIC
I0008356,SME002396,RM038,2026-01-02,MEETING,FOLLOW_UP,CONTROLLED_SYNTHETIC
I0008357,SME002396,RM038,2026-06-09,BRANCH,NEEDS_REVIEW,CONTROLLED_SYNTHETIC
I0008358,SME002396,RM038,2026-06-10,BRANCH,FOLLOW_UP,CONTROLLED_SYNTHETIC
I0008359,SME002397,RM046,2026-01-17,BRANCH,CONNECTED,CONTROLLED_SYNTHETIC
I0008360,SME002398,RM017,2026-07-01,MEETING,NO_RESPONSE,CONTROLLED_SYNTHETIC
I0008361,SME002398,RM017,2026-04-04,CALL,CONNECTED,CONTROLLED_SYNTHETIC
I0008362,SME002398,RM017,2025-12-10,CALL,CONNECTED,CONTROLLED_SYNTHETIC
I0008363,SME002398,RM017,2026-01-25,CALL,CONNECTED,CONTROLLED_SYNTHETIC
I0008364,SME002398,RM017,2026-04-05,BRANCH,CONNECTED,CONTROLLED_SYNTHETIC
I0008365,SME002399,RM029,2025-12-30,BRANCH,CONNECTED,CONTROLLED_SYNTHETIC
I0008366,SME002399,RM029,2025-11-07,MEETING,CONNECTED,CONTROLLED_SYNTHETIC
I0008367,SME002400,RM028,2026-07-19,MEETING,NO_RESPONSE,CONTROLLED_SYNTHETIC
I0008368,SME002400,RM028,2025-11-22,CALL,FOLLOW_UP,CONTROLLED_SYNTHETIC
I0008369,SME002400,RM028,2026-03-19,MEETING,CONNECTED,CONTROLLED_SYNTHETIC
I0008370,SME002400,RM028,2026-04-12,BRANCH,FOLLOW_UP,CONTROLLED_SYNTHETIC
I0008371,SME002400,RM028,2025-12-19,MEETING,NO_RESPONSE,CONTROLLED_SYNTHETIC
I0008372,SME002400,RM028,2026-02-24,MEETING,FOLLOW_UP,CONTROLLED_SYNTHETIC
I0008373,SME002401,RM045,2025-12-14,SECURE_MESSAGE,NO_RESPONSE,CONTROLLED_SYNTHETIC
I0008374,SME002401,RM045,2026-08-04,MEETING,NEEDS_REVIEW,CONTROLLED_SYNTHETIC
I0008375,SME002401,RM045,2026-07-27,SECURE_MESSAGE,CONNECTED,CONTROLLED_SYNTHETIC
I0008376,SME002401,RM045,2025-08-23,MEETING,NO_RESPONSE,CONTROLLED_SYNTHETIC
I0008377,SME002401,RM045,2026-03-13,SECURE_MESSAGE,CONNECTED,CONTROLLED_SYNTHETIC
I0008378,SME002402,RM043,2025-09-08,CALL,NEEDS_REVIEW,CONTROLLED_SYNTHETIC
I0008379,SME002403,RM039,2025-12-17,BRANCH,CONNECTED,CONTROLLED_SYNTHETIC
I0008380,SME002403,RM039,2026-06-08,MEETING,CONNECTED,CONTROLLED_SYNTHETIC
I0008381,SME002403,RM039,2026-01-05,BRANCH,FOLLOW_UP,CONTROLLED_SYNTHETIC
I0008382,SME002403,RM039,2025-09-12,BRANCH,FOLLOW_UP,CONTROLLED_SYNTHETIC
I0008383,SME002404,RM029,2026-08-14,MEETING,FOLLOW_UP,CONTROLLED_SYNTHETIC
I0008384,SME002404,RM029,2026-02-11,SECURE_MESSAGE,CONNECTED,CONTROLLED_SYNTHETIC
I0008385,SME002404,RM029,2026-02-18,MEETING,NO_RESPONSE,CONTROLLED_SYNTHETIC
I0008386,SME002404,RM029,2026-04-06,BRANCH,CONNECTED,CONTROLLED_SYNTHETIC
I0008387,SME002404,RM029,2026-06-01,SECURE_MESSAGE,CONNECTED,CONTROLLED_SYNTHETIC
I0008388,SME002404,RM029,2026-06-05,BRANCH,FOLLOW_UP,CONTROLLED_SYNTHETIC
I0008389,SME002405,RM038,2026-06-22,CALL,CONNECTED,CONTROLLED_SYNTHETIC
I0008390,SME002405,RM038,2026-07-27,MEETING,FOLLOW_UP,CONTROLLED_SYNTHETIC
I0008391,SME002405,RM038,2026-01-04,CALL,NO_RESPONSE,CONTROLLED_SYNTHETIC
I0008392,SME002405,RM038,2026-03-30,CALL,FOLLOW_UP,CONTROLLED_SYNTHETIC
I0008393,SME002405,RM038,2025-12-06,CALL,FOLLOW_UP,CONTROLLED_SYNTHETIC
I0008394,SME002406,RM031,2026-07-09,MEETING,CONNECTED,CONTROLLED_SYNTHETIC
I0008395,SME002406,RM031,2026-07-29,SECURE_MESSAGE,FOLLOW_UP,CONTROLLED_SYNTHETIC
I0008396,SME002407,RM002,2026-04-12,MEETING,NEEDS_REVIEW,CONTROLLED_SYNTHETIC
I0008397,SME002407,RM002,2026-01-26,SECURE_MESSAGE,NEEDS_REVIEW,CONTROLLED_SYNTHETIC
I0008398,SME002407,RM002,2025-10-18,MEETING,CONNECTED,CONTROLLED_SYNTHETIC
I0008399,SME002407,RM002,2026-04-24,BRANCH,CONNECTED,CONTROLLED_SYNTHETIC
I0008400,SME002407,RM002,2026-06-03,SECURE_MESSAGE,NO_RESPONSE,CONTROLLED_SYNTHETIC
I0008401,SME002407,RM002,2026-06-16,SECURE_MESSAGE,CONNECTED,CONTROLLED_SYNTHETIC
I0008402,SME002408,RM001,2025-11-29,SECURE_MESSAGE,NEEDS_REVIEW,CONTROLLED_SYNTHETIC
I0008403,SME002409,RM007,2025-10-13,CALL,NO_RESPONSE,CONTROLLED_SYNTHETIC
I0008404,SME002409,RM007,2026-07-27,SECURE_MESSAGE,FOLLOW_UP,CONTROLLED_SYNTHETIC
I0008405,SME002409,RM007,2026-03-04,SECURE_MESSAGE,FOLLOW_UP,CONTROLLED_SYNTHETIC
I0008406,SME002409,RM007,2026-08-04,BRANCH,FOLLOW_UP,CONTROLLED_SYNTHETIC
I0008407,SME002410,RM036,2026-04-08,BRANCH,FOLLOW_UP,CONTROLLED_SYNTHETIC
I0008408,SME002410,RM036,2026-01-07,BRANCH,FOLLOW_UP,CONTROLLED_SYNTHETIC
I0008409,SME002410,RM036,2026-01-26,MEETING,FOLLOW_UP,CONTROLLED_SYNTHETIC
I0008410,SME002410,RM036,2025-12-21,CALL,FOLLOW_UP,CONTROLLED_SYNTHETIC
I0008411,SME002410,RM036,2026-03-07,BRANCH,CONNECTED,CONTROLLED_SYNTHETIC
I0008412,SME002410,RM036,2025-11-14,MEETING,CONNECTED,CONTROLLED_SYNTHETIC
I0008413,SME002411,RM029,2026-06-10,SECURE_MESSAGE,NO_RESPONSE,CONTROLLED_SYNTHETIC
I0008414,SME002412,RM010,2026-04-09,MEETING,CONNECTED,CONTROLLED_SYNTHETIC
I0008415,SME002413,RM021,2026-03-20,BRANCH,CONNECTED,CONTROLLED_SYNTHETIC
I0008416,SME002413,RM021,2025-12-16,CALL,NO_RESPONSE,CONTROLLED_SYNTHETIC
I0008417,SME002413,RM021,2026-01-03,MEETING,CONNECTED,CONTROLLED_SYNTHETIC
I0008418,SME002413,RM021,2026-08-11,SECURE_MESSAGE,CONNECTED,CONTROLLED_SYNTHETIC
I0008419,SME002414,RM011,2025-08-23,CALL,FOLLOW_UP,CONTROLLED_SYNTHETIC
I0008420,SME002414,RM011,2026-01-23,BRANCH,FOLLOW_UP,CONTROLLED_SYNTHETIC
I0008421,SME002414,RM011,2025-11-16,BRANCH,FOLLOW_UP,CONTROLLED_SYNTHETIC
I0008422,SME002414,RM011,2026-08-07,BRANCH,FOLLOW_UP,CONTROLLED_SYNTHETIC
I0008423,SME002414,RM011,2026-03-25,SECURE_MESSAGE,NO_RESPONSE,CONTROLLED_SYNTHETIC
I0008424,SME002414,RM011,2026-07-10,SECURE_MESSAGE,CONNECTED,CONTROLLED_SYNTHETIC
I0008425,SME002415,RM047,2025-12-08,SECURE_MESSAGE,CONNECTED,CONTROLLED_SYNTHETIC
I0008426,SME002415,RM047,2026-04-12,CALL,CONNECTED,CONTROLLED_SYNTHETIC
I0008427,SME002415,RM047,2025-11-07,CALL,FOLLOW_UP,CONTROLLED_SYNTHETIC
I0008428,SME002415,RM047,2026-06-02,MEETING,CONNECTED,CONTROLLED_SYNTHETIC
I0008429,SME002415,RM047,2026-07-03,BRANCH,NO_RESPONSE,CONTROLLED_SYNTHETIC
I0008430,SME002415,RM047,2026-06-04,BRANCH,CONNECTED,CONTROLLED_SYNTHETIC
I0008431,SME002416,RM022,2026-03-20,MEETING,NO_RESPONSE,CONTROLLED_SYNTHETIC
I0008432,SME002417,RM010,2025-12-14,CALL,CONNECTED,CONTROLLED_SYNTHETIC
I0008433,SME002417,RM010,2026-03-20,SECURE_MESSAGE,CONNECTED,CONTROLLED_SYNTHETIC
I0008434,SME002417,RM010,2025-11-26,SECURE_MESSAGE,CONNECTED,CONTROLLED_SYNTHETIC
I0008435,SME002418,RM002,2025-11-10,MEETING,FOLLOW_UP,CONTROLLED_SYNTHETIC
I0008436,SME002418,RM002,2026-05-20,BRANCH,CONNECTED,CONTROLLED_SYNTHETIC
I0008437,SME002418,RM002,2026-03-13,BRANCH,NEEDS_REVIEW,CONTROLLED_SYNTHETIC
I0008438,SME002418,RM002,2026-08-03,BRANCH,CONNECTED,CONTROLLED_SYNTHETIC
I0008439,SME002418,RM002,2026-07-18,SECURE_MESSAGE,FOLLOW_UP,CONTROLLED_SYNTHETIC
I0008440,SME002419,RM021,2026-03-21,CALL,CONNECTED,CONTROLLED_SYNTHETIC
I0008441,SME002419,RM021,2026-03-15,CALL,FOLLOW_UP,CONTROLLED_SYNTHETIC
I0008442,SME002419,RM021,2026-02-14,BRANCH,CONNECTED,CONTROLLED_SYNTHETIC
I0008443,SME002420,RM037,2026-01-06,BRANCH,CONNECTED,CONTROLLED_SYNTHETIC
I0008444,SME002420,RM037,2025-11-15,CALL,CONNECTED,CONTROLLED_SYNTHETIC
I0008445,SME002420,RM037,2026-03-08,MEETING,NO_RESPONSE,CONTROLLED_SYNTHETIC
I0008446,SME002421,RM016,2026-07-05,MEETING,FOLLOW_UP,CONTROLLED_SYNTHETIC
I0008447,SME002421,RM016,2025-08-29,MEETING,CONNECTED,CONTROLLED_SYNTHETIC
I0008448,SME002421,RM016,2025-12-27,CALL,CONNECTED,CONTROLLED_SYNTHETIC
I0008449,SME002421,RM016,2025-08-30,CALL,CONNECTED,CONTROLLED_SYNTHETIC
I0008450,SME002421,RM016,2026-04-08,MEETING,FOLLOW_UP,CONTROLLED_SYNTHETIC
I0008451,SME002422,RM007,2025-10-03,CALL,CONNECTED,CONTROLLED_SYNTHETIC
I0008452,SME002422,RM007,2026-03-09,MEETING,NEEDS_REVIEW,CONTROLLED_SYNTHETIC
I0008453,SME002422,RM007,2025-09-07,SECURE_MESSAGE,CONNECTED,CONTROLLED_SYNTHETIC
I0008454,SME002422,RM007,2025-10-30,MEETING,CONNECTED,CONTROLLED_SYNTHETIC
I0008455,SME002423,RM022,2025-09-06,SECURE_MESSAGE,CONNECTED,CONTROLLED_SYNTHETIC
I0008456,SME002424,RM045,2026-05-26,SECURE_MESSAGE,CONNECTED,CONTROLLED_SYNTHETIC
I0008457,SME002424,RM045,2026-02-04,BRANCH,CONNECTED,CONTROLLED_SYNTHETIC
I0008458,SME002424,RM045,2026-06-27,CALL,CONNECTED,CONTROLLED_SYNTHETIC
I0008459,SME002424,RM045,2026-02-22,BRANCH,NO_RESPONSE,CONTROLLED_SYNTHETIC
I0008460,SME002425,RM018,2026-04-06,MEETING,CONNECTED,CONTROLLED_SYNTHETIC
I0008461,SME002425,RM018,2025-12-01,BRANCH,FOLLOW_UP,CONTROLLED_SYNTHETIC
I0008462,SME002425,RM018,2026-04-18,MEETING,CONNECTED,CONTROLLED_SYNTHETIC
I0008463,SME002425,RM018,2026-06-02,BRANCH,CONNECTED,CONTROLLED_SYNTHETIC
I0008464,SME002426,RM016,2025-10-24,BRANCH,NEEDS_REVIEW,CONTROLLED_SYNTHETIC
I0008465,SME002426,RM016,2025-09-22,MEETING,CONNECTED,CONTROLLED_SYNTHETIC
I0008466,SME002426,RM016,2025-08-25,CALL,CONNECTED,CONTROLLED_SYNTHETIC
I0008467,SME002426,RM016,2025-10-03,MEETING,NO_RESPONSE,CONTROLLED_SYNTHETIC
I0008468,SME002427,RM008,2026-03-04,CALL,CONNECTED,CONTROLLED_SYNTHETIC
I0008469,SME002427,RM008,2026-07-07,MEETING,FOLLOW_UP,CONTROLLED_SYNTHETIC
I0008470,SME002427,RM008,2026-01-16,SECURE_MESSAGE,FOLLOW_UP,CONTROLLED_SYNTHETIC
I0008471,SME002427,RM008,2025-10-01,CALL,NEEDS_REVIEW,CONTROLLED_SYNTHETIC
I0008472,SME002427,RM008,2026-07-25,BRANCH,CONNECTED,CONTROLLED_SYNTHETIC
I0008473,SME002428,RM032,2026-06-20,BRANCH,CONNECTED,CONTROLLED_SYNTHETIC
I0008474,SME002428,RM032,2026-02-21,CALL,NO_RESPONSE,CONTROLLED_SYNTHETIC
I0008475,SME002428,RM032,2025-12-16,SECURE_MESSAGE,FOLLOW_UP,CONTROLLED_SYNTHETIC
I0008476,SME002428,RM032,2026-04-18,CALL,FOLLOW_UP,CONTROLLED_SYNTHETIC
I0008477,SME002428,RM032,2026-08-18,MEETING,CONNECTED,CONTROLLED_SYNTHETIC
I0008478,SME002429,RM046,2026-06-22,MEETING,NO_RESPONSE,CONTROLLED_SYNTHETIC
I0008479,SME002429,RM046,2026-07-09,CALL,NO_RESPONSE,CONTROLLED_SYNTHETIC
I0008480,SME002429,RM046,2026-01-17,MEETING,CONNECTED,CONTROLLED_SYNTHETIC
I0008481,SME002429,RM046,2025-11-06,SECURE_MESSAGE,NO_RESPONSE,CONTROLLED_SYNTHETIC
I0008482,SME002429,RM046,2026-06-09,CALL,NEEDS_REVIEW,CONTROLLED_SYNTHETIC
I0008483,SME002429,RM046,2026-01-28,BRANCH,CONNECTED,CONTROLLED_SYNTHETIC
I0008484,SME002430,RM040,2026-01-15,BRANCH,NO_RESPONSE,CONTROLLED_SYNTHETIC
I0008485,SME002430,RM040,2026-01-07,BRANCH,NEEDS_REVIEW,CONTROLLED_SYNTHETIC
I0008486,SME002430,RM040,2026-01-21,MEETING,CONNECTED,CONTROLLED_SYNTHETIC
I0008487,SME002430,RM040,2026-02-16,SECURE_MESSAGE,FOLLOW_UP,CONTROLLED_SYNTHETIC
I0008488,SME002431,RM009,2025-09-16,MEETING,CONNECTED,CONTROLLED_SYNTHETIC
I0008489,SME002431,RM009,2026-01-22,SECURE_MESSAGE,CONNECTED,CONTROLLED_SYNTHETIC
I0008490,SME002431,RM009,2025-08-23,MEETING,CONNECTED,CONTROLLED_SYNTHETIC
I0008491,SME002431,RM009,2025-09-28,SECURE_MESSAGE,FOLLOW_UP,CONTROLLED_SYNTHETIC
I0008492,SME002431,RM009,2026-03-14,SECURE_MESSAGE,FOLLOW_UP,CONTROLLED_SYNTHETIC
I0008493,SME002431,RM009,2025-11-10,CALL,NO_RESPONSE,CONTROLLED_SYNTHETIC
I0008494,SME002432,RM047,2026-06-29,MEETING,CONNECTED,CONTROLLED_SYNTHETIC
I0008495,SME002432,RM047,2026-05-04,MEETING,CONNECTED,CONTROLLED_SYNTHETIC
I0008496,SME002432,RM047,2025-12-18,SECURE_MESSAGE,NO_RESPONSE,CONTROLLED_SYNTHETIC
I0008497,SME002432,RM047,2026-07-06,BRANCH,FOLLOW_UP,CONTROLLED_SYNTHETIC
I0008498,SME002432,RM047,2026-06-17,BRANCH,NO_RESPONSE,CONTROLLED_SYNTHETIC
I0008499,SME002432,RM047,2026-06-13,MEETING,NO_RESPONSE,CONTROLLED_SYNTHETIC
I0008500,SME002433,RM036,2025-09-17,SECURE_MESSAGE,CONNECTED,CONTROLLED_SYNTHETIC
I0008501,SME002433,RM036,2025-12-15,MEETING,FOLLOW_UP,CONTROLLED_SYNTHETIC
I0008502,SME002433,RM036,2026-08-04,SECURE_MESSAGE,FOLLOW_UP,CONTROLLED_SYNTHETIC
I0008503,SME002433,RM036,2026-06-03,CALL,CONNECTED,CONTROLLED_SYNTHETIC
I0008504,SME002433,RM036,2026-05-29,CALL,CONNECTED,CONTROLLED_SYNTHETIC
I0008505,SME002433,RM036,2026-05-19,SECURE_MESSAGE,CONNECTED,CONTROLLED_SYNTHETIC
I0008506,SME002434,RM038,2025-12-04,BRANCH,CONNECTED,CONTROLLED_SYNTHETIC
I0008507,SME002435,RM041,2026-04-19,MEETING,NO_RESPONSE,CONTROLLED_SYNTHETIC
I0008508,SME002435,RM041,2026-03-20,SECURE_MESSAGE,NO_RESPONSE,CONTROLLED_SYNTHETIC
I0008509,SME002435,RM041,2026-07-31,CALL,NO_RESPONSE,CONTROLLED_SYNTHETIC
I0008510,SME002435,RM041,2025-11-19,CALL,NEEDS_REVIEW,CONTROLLED_SYNTHETIC
I0008511,SME002436,RM002,2026-02-26,MEETING,CONNECTED,CONTROLLED_SYNTHETIC
I0008512,SME002436,RM002,2025-09-14,MEETING,FOLLOW_UP,CONTROLLED_SYNTHETIC
I0008513,SME002436,RM002,2026-04-12,CALL,FOLLOW_UP,CONTROLLED_SYNTHETIC
I0008514,SME002437,RM005,2025-08-28,MEETING,NO_RESPONSE,CONTROLLED_SYNTHETIC
I0008515,SME002437,RM005,2025-10-02,BRANCH,CONNECTED,CONTROLLED_SYNTHETIC
I0008516,SME002437,RM005,2026-01-11,BRANCH,CONNECTED,CONTROLLED_SYNTHETIC
I0008517,SME002437,RM005,2025-10-20,SECURE_MESSAGE,CONNECTED,CONTROLLED_SYNTHETIC
I0008518,SME002437,RM005,2026-06-25,CALL,CONNECTED,CONTROLLED_SYNTHETIC
I0008519,SME002438,RM029,2026-03-13,BRANCH,FOLLOW_UP,CONTROLLED_SYNTHETIC
I0008520,SME002438,RM029,2026-07-11,CALL,FOLLOW_UP,CONTROLLED_SYNTHETIC
I0008521,SME002438,RM029,2025-10-20,BRANCH,NO_RESPONSE,CONTROLLED_SYNTHETIC
I0008522,SME002438,RM029,2025-11-13,CALL,NO_RESPONSE,CONTROLLED_SYNTHETIC
I0008523,SME002438,RM029,2025-09-02,CALL,CONNECTED,CONTROLLED_SYNTHETIC
I0008524,SME002438,RM029,2026-08-10,BRANCH,CONNECTED,CONTROLLED_SYNTHETIC
I0008525,SME002439,RM032,2026-03-09,CALL,CONNECTED,CONTROLLED_SYNTHETIC
I0008526,SME002439,RM032,2026-07-21,SECURE_MESSAGE,CONNECTED,CONTROLLED_SYNTHETIC
I0008527,SME002439,RM032,2026-02-12,MEETING,NEEDS_REVIEW,CONTROLLED_SYNTHETIC
I0008528,SME002439,RM032,2026-06-20,MEETING,CONNECTED,CONTROLLED_SYNTHETIC
I0008529,SME002439,RM032,2025-09-03,SECURE_MESSAGE,CONNECTED,CONTROLLED_SYNTHETIC
I0008530,SME002440,RM019,2025-09-06,SECURE_MESSAGE,CONNECTED,CONTROLLED_SYNTHETIC
I0008531,SME002440,RM019,2026-02-08,MEETING,NEEDS_REVIEW,CONTROLLED_SYNTHETIC
I0008532,SME002440,RM019,2026-03-24,SECURE_MESSAGE,CONNECTED,CONTROLLED_SYNTHETIC
I0008533,SME002440,RM019,2025-11-11,SECURE_MESSAGE,CONNECTED,CONTROLLED_SYNTHETIC
I0008534,SME002440,RM019,2025-11-29,MEETING,CONNECTED,CONTROLLED_SYNTHETIC
I0008535,SME002441,RM015,2025-11-28,CALL,CONNECTED,CONTROLLED_SYNTHETIC
I0008536,SME002441,RM015,2026-01-16,MEETING,CONNECTED,CONTROLLED_SYNTHETIC
I0008537,SME002441,RM015,2025-09-01,CALL,NO_RESPONSE,CONTROLLED_SYNTHETIC
I0008538,SME002441,RM015,2025-12-26,CALL,CONNECTED,CONTROLLED_SYNTHETIC
I0008539,SME002441,RM015,2025-09-21,BRANCH,NO_RESPONSE,CONTROLLED_SYNTHETIC
I0008540,SME002441,RM015,2026-02-23,BRANCH,CONNECTED,CONTROLLED_SYNTHETIC
I0008541,SME002442,RM045,2025-09-13,MEETING,CONNECTED,CONTROLLED_SYNTHETIC
I0008542,SME002442,RM045,2026-07-07,MEETING,NO_RESPONSE,CONTROLLED_SYNTHETIC
I0008543,SME002442,RM045,2026-03-16,CALL,CONNECTED,CONTROLLED_SYNTHETIC
I0008544,SME002443,RM010,2026-01-28,CALL,CONNECTED,CONTROLLED_SYNTHETIC
I0008545,SME002443,RM010,2026-06-19,MEETING,NO_RESPONSE,CONTROLLED_SYNTHETIC
I0008546,SME002443,RM010,2026-08-12,SECURE_MESSAGE,CONNECTED,CONTROLLED_SYNTHETIC
I0008547,SME002443,RM010,2026-04-12,SECURE_MESSAGE,NO_RESPONSE,CONTROLLED_SYNTHETIC
I0008548,SME002444,RM001,2025-09-13,MEETING,CONNECTED,CONTROLLED_SYNTHETIC
I0008549,SME002444,RM001,2026-02-02,CALL,FOLLOW_UP,CONTROLLED_SYNTHETIC
I0008550,SME002445,RM027,2025-08-24,MEETING,CONNECTED,CONTROLLED_SYNTHETIC
I0008551,SME002445,RM027,2026-02-14,CALL,CONNECTED,CONTROLLED_SYNTHETIC
I0008552,SME002445,RM027,2025-10-31,CALL,CONNECTED,CONTROLLED_SYNTHETIC
I0008553,SME002445,RM027,2025-12-24,SECURE_MESSAGE,CONNECTED,CONTROLLED_SYNTHETIC
I0008554,SME002445,RM027,2026-03-14,BRANCH,CONNECTED,CONTROLLED_SYNTHETIC
I0008555,SME002445,RM027,2026-08-17,BRANCH,CONNECTED,CONTROLLED_SYNTHETIC
I0008556,SME002446,RM013,2026-03-31,SECURE_MESSAGE,NEEDS_REVIEW,CONTROLLED_SYNTHETIC
I0008557,SME002446,RM013,2026-07-08,BRANCH,CONNECTED,CONTROLLED_SYNTHETIC
I0008558,SME002446,RM013,2026-01-07,MEETING,CONNECTED,CONTROLLED_SYNTHETIC
I0008559,SME002446,RM013,2025-11-05,MEETING,CONNECTED,CONTROLLED_SYNTHETIC
I0008560,SME002447,RM002,2026-06-09,CALL,CONNECTED,CONTROLLED_SYNTHETIC
I0008561,SME002447,RM002,2025-11-26,SECURE_MESSAGE,CONNECTED,CONTROLLED_SYNTHETIC
I0008562,SME002448,RM001,2026-06-11,SECURE_MESSAGE,CONNECTED,CONTROLLED_SYNTHETIC
I0008563,SME002449,RM011,2025-11-22,CALL,CONNECTED,CONTROLLED_SYNTHETIC
I0008564,SME002450,RM047,2026-08-04,SECURE_MESSAGE,CONNECTED,CONTROLLED_SYNTHETIC
I0008565,SME002450,RM047,2025-09-01,MEETING,NO_RESPONSE,CONTROLLED_SYNTHETIC
I0008566,SME002450,RM047,2025-09-05,CALL,NO_RESPONSE,CONTROLLED_SYNTHETIC
I0008567,SME002451,RM009,2025-10-08,BRANCH,FOLLOW_UP,CONTROLLED_SYNTHETIC
I0008568,SME002451,RM009,2026-04-26,SECURE_MESSAGE,CONNECTED,CONTROLLED_SYNTHETIC
I0008569,SME002451,RM009,2026-05-28,MEETING,FOLLOW_UP,CONTROLLED_SYNTHETIC
I0008570,SME002452,RM034,2026-03-14,BRANCH,CONNECTED,CONTROLLED_SYNTHETIC
I0008571,SME002452,RM034,2026-06-08,SECURE_MESSAGE,NO_RESPONSE,CONTROLLED_SYNTHETIC
I0008572,SME002452,RM034,2026-01-20,SECURE_MESSAGE,FOLLOW_UP,CONTROLLED_SYNTHETIC
I0008573,SME002453,RM005,2026-04-30,SECURE_MESSAGE,FOLLOW_UP,CONTROLLED_SYNTHETIC
I0008574,SME002453,RM005,2025-10-22,SECURE_MESSAGE,NEEDS_REVIEW,CONTROLLED_SYNTHETIC
I0008575,SME002454,RM026,2026-02-02,MEETING,CONNECTED,CONTROLLED_SYNTHETIC
I0008576,SME002454,RM026,2026-02-03,BRANCH,FOLLOW_UP,CONTROLLED_SYNTHETIC
I0008577,SME002454,RM026,2026-01-13,BRANCH,FOLLOW_UP,CONTROLLED_SYNTHETIC
I0008578,SME002454,RM026,2025-10-13,BRANCH,CONNECTED,CONTROLLED_SYNTHETIC
I0008579,SME002455,RM043,2025-10-08,CALL,NO_RESPONSE,CONTROLLED_SYNTHETIC
I0008580,SME002455,RM043,2026-05-06,BRANCH,CONNECTED,CONTROLLED_SYNTHETIC
I0008581,SME002455,RM043,2025-10-06,BRANCH,CONNECTED,CONTROLLED_SYNTHETIC
I0008582,SME002456,RM007,2025-11-17,CALL,CONNECTED,CONTROLLED_SYNTHETIC
I0008583,SME002456,RM007,2026-02-08,BRANCH,CONNECTED,CONTROLLED_SYNTHETIC
I0008584,SME002456,RM007,2026-02-20,CALL,CONNECTED,CONTROLLED_SYNTHETIC
I0008585,SME002456,RM007,2026-01-28,BRANCH,FOLLOW_UP,CONTROLLED_SYNTHETIC
I0008586,SME002456,RM007,2026-07-14,CALL,NO_RESPONSE,CONTROLLED_SYNTHETIC
I0008587,SME002457,RM006,2026-08-05,BRANCH,NEEDS_REVIEW,CONTROLLED_SYNTHETIC
I0008588,SME002457,RM006,2025-12-04,SECURE_MESSAGE,CONNECTED,CONTROLLED_SYNTHETIC
I0008589,SME002457,RM006,2026-06-03,MEETING,CONNECTED,CONTROLLED_SYNTHETIC
I0008590,SME002457,RM006,2026-05-17,CALL,CONNECTED,CONTROLLED_SYNTHETIC
I0008591,SME002457,RM006,2026-04-04,MEETING,FOLLOW_UP,CONTROLLED_SYNTHETIC
I0008592,SME002458,RM022,2026-01-28,MEETING,FOLLOW_UP,CONTROLLED_SYNTHETIC
I0008593,SME002459,RM020,2026-05-23,SECURE_MESSAGE,CONNECTED,CONTROLLED_SYNTHETIC
I0008594,SME002459,RM020,2025-11-07,SECURE_MESSAGE,FOLLOW_UP,CONTROLLED_SYNTHETIC
I0008595,SME002459,RM020,2026-01-08,BRANCH,NO_RESPONSE,CONTROLLED_SYNTHETIC
I0008596,SME002459,RM020,2026-07-28,BRANCH,CONNECTED,CONTROLLED_SYNTHETIC
I0008597,SME002459,RM020,2026-07-28,CALL,CONNECTED,CONTROLLED_SYNTHETIC
I0008598,SME002460,RM041,2025-11-24,BRANCH,NO_RESPONSE,CONTROLLED_SYNTHETIC
I0008599,SME002460,RM041,2026-07-19,BRANCH,NEEDS_REVIEW,CONTROLLED_SYNTHETIC
I0008600,SME002460,RM041,2025-11-17,MEETING,CONNECTED,CONTROLLED_SYNTHETIC
I0008601,SME002461,RM010,2025-10-24,CALL,FOLLOW_UP,CONTROLLED_SYNTHETIC
I0008602,SME002461,RM010,2026-03-20,CALL,CONNECTED,CONTROLLED_SYNTHETIC
I0008603,SME002461,RM010,2026-03-02,MEETING,CONNECTED,CONTROLLED_SYNTHETIC
I0008604,SME002461,RM010,2025-10-29,SECURE_MESSAGE,CONNECTED,CONTROLLED_SYNTHETIC
I0008605,SME002462,RM020,2026-06-04,BRANCH,CONNECTED,CONTROLLED_SYNTHETIC
I0008606,SME002462,RM020,2026-01-07,SECURE_MESSAGE,CONNECTED,CONTROLLED_SYNTHETIC
I0008607,SME002462,RM020,2026-02-04,BRANCH,CONNECTED,CONTROLLED_SYNTHETIC
I0008608,SME002462,RM020,2025-12-16,SECURE_MESSAGE,CONNECTED,CONTROLLED_SYNTHETIC
I0008609,SME002463,RM015,2026-07-19,SECURE_MESSAGE,CONNECTED,CONTROLLED_SYNTHETIC
I0008610,SME002463,RM015,2025-10-08,SECURE_MESSAGE,NO_RESPONSE,CONTROLLED_SYNTHETIC
I0008611,SME002464,RM037,2025-10-06,CALL,CONNECTED,CONTROLLED_SYNTHETIC
I0008612,SME002464,RM037,2026-03-19,CALL,FOLLOW_UP,CONTROLLED_SYNTHETIC
I0008613,SME002465,RM036,2025-10-18,CALL,NEEDS_REVIEW,CONTROLLED_SYNTHETIC
I0008614,SME002466,RM048,2026-07-05,BRANCH,CONNECTED,CONTROLLED_SYNTHETIC
I0008615,SME002466,RM048,2026-07-07,BRANCH,CONNECTED,CONTROLLED_SYNTHETIC
I0008616,SME002466,RM048,2025-12-29,MEETING,NO_RESPONSE,CONTROLLED_SYNTHETIC
I0008617,SME002466,RM048,2025-10-18,BRANCH,NO_RESPONSE,CONTROLLED_SYNTHETIC
I0008618,SME002466,RM048,2026-05-24,SECURE_MESSAGE,CONNECTED,CONTROLLED_SYNTHETIC
I0008619,SME002467,RM017,2026-08-11,BRANCH,FOLLOW_UP,CONTROLLED_SYNTHETIC
I0008620,SME002467,RM017,2025-12-24,MEETING,NO_RESPONSE,CONTROLLED_SYNTHETIC
I0008621,SME002468,RM022,2025-09-03,SECURE_MESSAGE,NO_RESPONSE,CONTROLLED_SYNTHETIC
I0008622,SME002468,RM022,2025-10-25,CALL,CONNECTED,CONTROLLED_SYNTHETIC
I0008623,SME002468,RM022,2026-01-18,BRANCH,FOLLOW_UP,CONTROLLED_SYNTHETIC
I0008624,SME002468,RM022,2026-07-22,CALL,CONNECTED,CONTROLLED_SYNTHETIC
I0008625,SME002469,RM036,2026-03-04,SECURE_MESSAGE,CONNECTED,CONTROLLED_SYNTHETIC
I0008626,SME002469,RM036,2026-07-20,MEETING,CONNECTED,CONTROLLED_SYNTHETIC
I0008627,SME002470,RM008,2026-07-18,BRANCH,CONNECTED,CONTROLLED_SYNTHETIC
I0008628,SME002470,RM008,2026-02-04,MEETING,CONNECTED,CONTROLLED_SYNTHETIC
I0008629,SME002470,RM008,2025-09-14,MEETING,FOLLOW_UP,CONTROLLED_SYNTHETIC
I0008630,SME002470,RM008,2026-04-15,SECURE_MESSAGE,CONNECTED,CONTROLLED_SYNTHETIC
I0008631,SME002470,RM008,2026-03-01,CALL,NO_RESPONSE,CONTROLLED_SYNTHETIC
I0008632,SME002471,RM029,2026-03-12,SECURE_MESSAGE,NO_RESPONSE,CONTROLLED_SYNTHETIC
I0008633,SME002471,RM029,2025-09-25,MEETING,CONNECTED,CONTROLLED_SYNTHETIC
I0008634,SME002471,RM029,2026-06-07,CALL,CONNECTED,CONTROLLED_SYNTHETIC
I0008635,SME002471,RM029,2026-01-04,BRANCH,FOLLOW_UP,CONTROLLED_SYNTHETIC
I0008636,SME002471,RM029,2026-03-22,BRANCH,CONNECTED,CONTROLLED_SYNTHETIC
I0008637,SME002472,RM003,2026-03-12,CALL,CONNECTED,CONTROLLED_SYNTHETIC
I0008638,SME002473,RM040,2026-03-29,BRANCH,CONNECTED,CONTROLLED_SYNTHETIC
I0008639,SME002473,RM040,2026-07-20,MEETING,CONNECTED,CONTROLLED_SYNTHETIC
I0008640,SME002474,RM039,2026-04-05,SECURE_MESSAGE,NO_RESPONSE,CONTROLLED_SYNTHETIC
I0008641,SME002474,RM039,2026-04-06,SECURE_MESSAGE,CONNECTED,CONTROLLED_SYNTHETIC
I0008642,SME002474,RM039,2025-11-07,CALL,CONNECTED,CONTROLLED_SYNTHETIC
I0008643,SME002474,RM039,2025-12-14,CALL,FOLLOW_UP,CONTROLLED_SYNTHETIC
I0008644,SME002474,RM039,2026-04-28,CALL,NEEDS_REVIEW,CONTROLLED_SYNTHETIC
I0008645,SME002474,RM039,2025-08-24,BRANCH,NO_RESPONSE,CONTROLLED_SYNTHETIC
I0008646,SME002475,RM004,2026-02-06,SECURE_MESSAGE,CONNECTED,CONTROLLED_SYNTHETIC
I0008647,SME002475,RM004,2026-08-02,MEETING,FOLLOW_UP,CONTROLLED_SYNTHETIC
I0008648,SME002475,RM004,2025-11-16,MEETING,FOLLOW_UP,CONTROLLED_SYNTHETIC
I0008649,SME002475,RM004,2026-08-19,BRANCH,CONNECTED,CONTROLLED_SYNTHETIC
I0008650,SME002476,RM038,2026-04-27,MEETING,FOLLOW_UP,CONTROLLED_SYNTHETIC
I0008651,SME002476,RM038,2025-10-24,BRANCH,CONNECTED,CONTROLLED_SYNTHETIC
I0008652,SME002477,RM004,2026-04-10,CALL,CONNECTED,CONTROLLED_SYNTHETIC
I0008653,SME002477,RM004,2025-12-26,SECURE_MESSAGE,CONNECTED,CONTROLLED_SYNTHETIC
I0008654,SME002477,RM004,2025-09-17,SECURE_MESSAGE,NEEDS_REVIEW,CONTROLLED_SYNTHETIC
I0008655,SME002478,RM022,2026-02-19,CALL,CONNECTED,CONTROLLED_SYNTHETIC
I0008656,SME002478,RM022,2025-12-21,BRANCH,CONNECTED,CONTROLLED_SYNTHETIC
I0008657,SME002478,RM022,2025-09-10,SECURE_MESSAGE,FOLLOW_UP,CONTROLLED_SYNTHETIC
I0008658,SME002478,RM022,2026-06-08,BRANCH,NO_RESPONSE,CONTROLLED_SYNTHETIC
I0008659,SME002479,RM013,2025-11-02,SECURE_MESSAGE,FOLLOW_UP,CONTROLLED_SYNTHETIC
I0008660,SME002479,RM013,2026-06-24,BRANCH,CONNECTED,CONTROLLED_SYNTHETIC
I0008661,SME002480,RM015,2026-06-20,BRANCH,CONNECTED,CONTROLLED_SYNTHETIC
I0008662,SME002481,RM022,2026-07-17,BRANCH,FOLLOW_UP,CONTROLLED_SYNTHETIC
I0008663,SME002481,RM022,2026-07-11,MEETING,NEEDS_REVIEW,CONTROLLED_SYNTHETIC
I0008664,SME002481,RM022,2025-09-25,MEETING,NO_RESPONSE,CONTROLLED_SYNTHETIC
I0008665,SME002481,RM022,2026-03-30,CALL,CONNECTED,CONTROLLED_SYNTHETIC
I0008666,SME002481,RM022,2025-12-26,CALL,NEEDS_REVIEW,CONTROLLED_SYNTHETIC
I0008667,SME002481,RM022,2026-03-15,SECURE_MESSAGE,FOLLOW_UP,CONTROLLED_SYNTHETIC
I0008668,SME002482,RM017,2026-06-03,MEETING,CONNECTED,CONTROLLED_SYNTHETIC
I0008669,SME002482,RM017,2026-07-17,SECURE_MESSAGE,FOLLOW_UP,CONTROLLED_SYNTHETIC
I0008670,SME002482,RM017,2026-03-30,MEETING,CONNECTED,CONTROLLED_SYNTHETIC
I0008671,SME002482,RM017,2025-12-14,MEETING,NO_RESPONSE,CONTROLLED_SYNTHETIC
I0008672,SME002482,RM017,2025-09-14,CALL,FOLLOW_UP,CONTROLLED_SYNTHETIC
I0008673,SME002483,RM026,2025-09-29,SECURE_MESSAGE,CONNECTED,CONTROLLED_SYNTHETIC
I0008674,SME002483,RM026,2026-02-10,MEETING,FOLLOW_UP,CONTROLLED_SYNTHETIC
I0008675,SME002484,RM040,2026-01-08,MEETING,NO_RESPONSE,CONTROLLED_SYNTHETIC
I0008676,SME002484,RM040,2026-04-17,CALL,NEEDS_REVIEW,CONTROLLED_SYNTHETIC
I0008677,SME002484,RM040,2026-05-10,SECURE_MESSAGE,NO_RESPONSE,CONTROLLED_SYNTHETIC
I0008678,SME002485,RM006,2026-06-20,SECURE_MESSAGE,FOLLOW_UP,CONTROLLED_SYNTHETIC
I0008679,SME002485,RM006,2026-03-30,CALL,FOLLOW_UP,CONTROLLED_SYNTHETIC
I0008680,SME002485,RM006,2025-10-28,MEETING,CONNECTED,CONTROLLED_SYNTHETIC
I0008681,SME002486,RM048,2025-09-13,SECURE_MESSAGE,NO_RESPONSE,CONTROLLED_SYNTHETIC
I0008682,SME002486,RM048,2025-09-15,CALL,CONNECTED,CONTROLLED_SYNTHETIC
I0008683,SME002486,RM048,2025-10-12,CALL,CONNECTED,CONTROLLED_SYNTHETIC
I0008684,SME002486,RM048,2026-01-10,MEETING,FOLLOW_UP,CONTROLLED_SYNTHETIC
I0008685,SME002486,RM048,2026-01-22,BRANCH,CONNECTED,CONTROLLED_SYNTHETIC
I0008686,SME002486,RM048,2026-06-07,MEETING,CONNECTED,CONTROLLED_SYNTHETIC
I0008687,SME002487,RM030,2025-08-23,BRANCH,FOLLOW_UP,CONTROLLED_SYNTHETIC
I0008688,SME002487,RM030,2026-08-03,MEETING,NO_RESPONSE,CONTROLLED_SYNTHETIC
I0008689,SME002487,RM030,2025-12-30,BRANCH,NEEDS_REVIEW,CONTROLLED_SYNTHETIC
I0008690,SME002487,RM030,2025-11-13,CALL,NO_RESPONSE,CONTROLLED_SYNTHETIC
I0008691,SME002487,RM030,2026-05-10,BRANCH,CONNECTED,CONTROLLED_SYNTHETIC
I0008692,SME002488,RM029,2026-04-23,CALL,CONNECTED,CONTROLLED_SYNTHETIC
I0008693,SME002488,RM029,2025-11-21,CALL,FOLLOW_UP,CONTROLLED_SYNTHETIC
I0008694,SME002489,RM007,2026-06-12,MEETING,CONNECTED,CONTROLLED_SYNTHETIC
I0008695,SME002489,RM007,2025-10-04,CALL,CONNECTED,CONTROLLED_SYNTHETIC
I0008696,SME002489,RM007,2026-03-08,CALL,NEEDS_REVIEW,CONTROLLED_SYNTHETIC
I0008697,SME002489,RM007,2025-08-23,SECURE_MESSAGE,NEEDS_REVIEW,CONTROLLED_SYNTHETIC
I0008698,SME002489,RM007,2025-09-11,BRANCH,CONNECTED,CONTROLLED_SYNTHETIC
I0008699,SME002489,RM007,2026-05-10,CALL,FOLLOW_UP,CONTROLLED_SYNTHETIC
I0008700,SME002490,RM018,2025-11-05,CALL,FOLLOW_UP,CONTROLLED_SYNTHETIC
I0008701,SME002491,RM029,2025-08-29,BRANCH,NO_RESPONSE,CONTROLLED_SYNTHETIC
I0008702,SME002492,RM018,2026-01-18,BRANCH,CONNECTED,CONTROLLED_SYNTHETIC
I0008703,SME002493,RM014,2026-03-23,MEETING,CONNECTED,CONTROLLED_SYNTHETIC
I0008704,SME002493,RM014,2026-01-14,SECURE_MESSAGE,FOLLOW_UP,CONTROLLED_SYNTHETIC
I0008705,SME002493,RM014,2026-05-03,SECURE_MESSAGE,FOLLOW_UP,CONTROLLED_SYNTHETIC
I0008706,SME002494,RM009,2025-09-18,BRANCH,CONNECTED,CONTROLLED_SYNTHETIC
I0008707,SME002495,RM011,2025-12-17,BRANCH,CONNECTED,CONTROLLED_SYNTHETIC
I0008708,SME002495,RM011,2025-11-02,CALL,NO_RESPONSE,CONTROLLED_SYNTHETIC
I0008709,SME002495,RM011,2026-05-16,SECURE_MESSAGE,CONNECTED,CONTROLLED_SYNTHETIC
I0008710,SME002495,RM011,2026-01-24,CALL,CONNECTED,CONTROLLED_SYNTHETIC
I0008711,SME002495,RM011,2026-02-23,MEETING,NO_RESPONSE,CONTROLLED_SYNTHETIC
I0008712,SME002496,RM048,2026-05-31,MEETING,CONNECTED,CONTROLLED_SYNTHETIC
I0008713,SME002497,RM003,2026-06-16,MEETING,NO_RESPONSE,CONTROLLED_SYNTHETIC
I0008714,SME002497,RM003,2025-09-19,CALL,NO_RESPONSE,CONTROLLED_SYNTHETIC
I0008715,SME002497,RM003,2025-12-18,CALL,FOLLOW_UP,CONTROLLED_SYNTHETIC
I0008716,SME002498,RM022,2026-08-01,SECURE_MESSAGE,CONNECTED,CONTROLLED_SYNTHETIC
I0008717,SME002499,RM004,2026-02-16,SECURE_MESSAGE,NO_RESPONSE,CONTROLLED_SYNTHETIC
I0008718,SME002500,RM015,2026-02-28,SECURE_MESSAGE,CONNECTED,CONTROLLED_SYNTHETIC
I0008719,SME002500,RM015,2025-12-10,BRANCH,CONNECTED,CONTROLLED_SYNTHETIC
I0008720,SME002500,RM015,2026-02-20,CALL,CONNECTED,CONTROLLED_SYNTHETIC
I0008721,SME002500,RM015,2026-01-05,SECURE_MESSAGE,CONNECTED,CONTROLLED_SYNTHETIC
I0008722,SME002501,RM001,2026-03-23,MEETING,NO_RESPONSE,CONTROLLED_SYNTHETIC
I0008723,SME002501,RM001,2026-01-19,BRANCH,CONNECTED,CONTROLLED_SYNTHETIC
I0008724,SME002501,RM001,2025-12-06,BRANCH,FOLLOW_UP,CONTROLLED_SYNTHETIC
I0008725,SME002501,RM001,2026-02-06,CALL,CONNECTED,CONTROLLED_SYNTHETIC
I0008726,SME002501,RM001,2026-06-15,SECURE_MESSAGE,CONNECTED,CONTROLLED_SYNTHETIC
I0008727,SME002501,RM001,2025-09-27,SECURE_MESSAGE,FOLLOW_UP,CONTROLLED_SYNTHETIC
I0008728,SME002502,RM021,2026-01-31,SECURE_MESSAGE,CONNECTED,CONTROLLED_SYNTHETIC
I0008729,SME002502,RM021,2025-12-09,BRANCH,FOLLOW_UP,CONTROLLED_SYNTHETIC
I0008730,SME002503,RM039,2025-11-10,CALL,CONNECTED,CONTROLLED_SYNTHETIC
I0008731,SME002503,RM039,2026-05-09,MEETING,NEEDS_REVIEW,CONTROLLED_SYNTHETIC
I0008732,SME002503,RM039,2026-01-15,BRANCH,FOLLOW_UP,CONTROLLED_SYNTHETIC
I0008733,SME002503,RM039,2026-04-30,CALL,NO_RESPONSE,CONTROLLED_SYNTHETIC
I0008734,SME002503,RM039,2026-02-01,BRANCH,CONNECTED,CONTROLLED_SYNTHETIC
I0008735,SME002503,RM039,2026-03-07,BRANCH,FOLLOW_UP,CONTROLLED_SYNTHETIC
I0008736,SME002504,RM012,2026-03-17,SECURE_MESSAGE,CONNECTED,CONTROLLED_SYNTHETIC
I0008737,SME002504,RM012,2025-09-24,SECURE_MESSAGE,NEEDS_REVIEW,CONTROLLED_SYNTHETIC
I0008738,SME002504,RM012,2025-11-28,CALL,NEEDS_REVIEW,CONTROLLED_SYNTHETIC
I0008739,SME002504,RM012,2026-08-07,CALL,NO_RESPONSE,CONTROLLED_SYNTHETIC
I0008740,SME002504,RM012,2026-03-09,MEETING,CONNECTED,CONTROLLED_SYNTHETIC
I0008741,SME002504,RM012,2026-07-13,MEETING,CONNECTED,CONTROLLED_SYNTHETIC
I0008742,SME002505,RM006,2025-12-01,MEETING,FOLLOW_UP,CONTROLLED_SYNTHETIC
I0008743,SME002505,RM006,2025-10-30,SECURE_MESSAGE,CONNECTED,CONTROLLED_SYNTHETIC
I0008744,SME002505,RM006,2025-12-05,MEETING,CONNECTED,CONTROLLED_SYNTHETIC
I0008745,SME002505,RM006,2026-07-31,MEETING,FOLLOW_UP,CONTROLLED_SYNTHETIC
I0008746,SME002505,RM006,2026-07-18,BRANCH,NO_RESPONSE,CONTROLLED_SYNTHETIC
I0008747,SME002505,RM006,2026-06-27,MEETING,NO_RESPONSE,CONTROLLED_SYNTHETIC
I0008748,SME002506,RM041,2026-06-09,CALL,CONNECTED,CONTROLLED_SYNTHETIC
I0008749,SME002506,RM041,2026-08-12,CALL,NEEDS_REVIEW,CONTROLLED_SYNTHETIC
I0008750,SME002506,RM041,2025-08-25,CALL,FOLLOW_UP,CONTROLLED_SYNTHETIC
I0008751,SME002506,RM041,2026-02-25,CALL,CONNECTED,CONTROLLED_SYNTHETIC
I0008752,SME002507,RM008,2025-09-13,CALL,NO_RESPONSE,CONTROLLED_SYNTHETIC
I0008753,SME002507,RM008,2026-03-12,BRANCH,CONNECTED,CONTROLLED_SYNTHETIC
I0008754,SME002507,RM008,2025-12-22,BRANCH,CONNECTED,CONTROLLED_SYNTHETIC
I0008755,SME002508,RM042,2025-11-04,MEETING,NEEDS_REVIEW,CONTROLLED_SYNTHETIC
I0008756,SME002508,RM042,2025-11-14,SECURE_MESSAGE,FOLLOW_UP,CONTROLLED_SYNTHETIC
I0008757,SME002508,RM042,2025-12-30,MEETING,FOLLOW_UP,CONTROLLED_SYNTHETIC
I0008758,SME002508,RM042,2025-09-09,BRANCH,NO_RESPONSE,CONTROLLED_SYNTHETIC
I0008759,SME002508,RM042,2025-10-15,CALL,FOLLOW_UP,CONTROLLED_SYNTHETIC
I0008760,SME002509,RM024,2026-02-21,SECURE_MESSAGE,NEEDS_REVIEW,CONTROLLED_SYNTHETIC
I0008761,SME002510,RM013,2026-06-08,BRANCH,CONNECTED,CONTROLLED_SYNTHETIC
I0008762,SME002511,RM033,2026-04-27,MEETING,FOLLOW_UP,CONTROLLED_SYNTHETIC
I0008763,SME002511,RM033,2026-04-19,BRANCH,NO_RESPONSE,CONTROLLED_SYNTHETIC
I0008764,SME002511,RM033,2026-06-03,SECURE_MESSAGE,NO_RESPONSE,CONTROLLED_SYNTHETIC
I0008765,SME002512,RM030,2026-07-19,MEETING,FOLLOW_UP,CONTROLLED_SYNTHETIC
I0008766,SME002512,RM030,2026-04-17,MEETING,CONNECTED,CONTROLLED_SYNTHETIC
I0008767,SME002512,RM030,2025-12-25,MEETING,CONNECTED,CONTROLLED_SYNTHETIC
I0008768,SME002512,RM030,2026-05-05,BRANCH,CONNECTED,CONTROLLED_SYNTHETIC
I0008769,SME002513,RM001,2026-04-29,CALL,CONNECTED,CONTROLLED_SYNTHETIC
I0008770,SME002513,RM001,2026-06-20,MEETING,FOLLOW_UP,CONTROLLED_SYNTHETIC
I0008771,SME002514,RM043,2025-09-04,BRANCH,CONNECTED,CONTROLLED_SYNTHETIC
I0008772,SME002514,RM043,2025-10-07,BRANCH,CONNECTED,CONTROLLED_SYNTHETIC
I0008773,SME002515,RM021,2026-04-07,BRANCH,FOLLOW_UP,CONTROLLED_SYNTHETIC
I0008774,SME002516,RM033,2026-05-16,SECURE_MESSAGE,FOLLOW_UP,CONTROLLED_SYNTHETIC
I0008775,SME002516,RM033,2025-08-27,SECURE_MESSAGE,CONNECTED,CONTROLLED_SYNTHETIC
I0008776,SME002516,RM033,2026-08-09,CALL,NO_RESPONSE,CONTROLLED_SYNTHETIC
I0008777,SME002517,RM028,2025-09-04,SECURE_MESSAGE,FOLLOW_UP,CONTROLLED_SYNTHETIC
I0008778,SME002517,RM028,2025-09-21,CALL,CONNECTED,CONTROLLED_SYNTHETIC
I0008779,SME002517,RM028,2026-08-13,BRANCH,FOLLOW_UP,CONTROLLED_SYNTHETIC
I0008780,SME002517,RM028,2025-09-04,MEETING,CONNECTED,CONTROLLED_SYNTHETIC
I0008781,SME002518,RM004,2025-12-16,CALL,CONNECTED,CONTROLLED_SYNTHETIC
I0008782,SME002519,RM022,2025-09-14,SECURE_MESSAGE,CONNECTED,CONTROLLED_SYNTHETIC
I0008783,SME002519,RM022,2026-02-02,SECURE_MESSAGE,CONNECTED,CONTROLLED_SYNTHETIC
I0008784,SME002519,RM022,2025-12-09,SECURE_MESSAGE,NEEDS_REVIEW,CONTROLLED_SYNTHETIC
I0008785,SME002519,RM022,2026-01-08,CALL,FOLLOW_UP,CONTROLLED_SYNTHETIC
I0008786,SME002519,RM022,2025-12-07,CALL,NEEDS_REVIEW,CONTROLLED_SYNTHETIC
I0008787,SME002520,RM015,2026-04-30,SECURE_MESSAGE,CONNECTED,CONTROLLED_SYNTHETIC
I0008788,SME002520,RM015,2025-09-07,CALL,NO_RESPONSE,CONTROLLED_SYNTHETIC
I0008789,SME002520,RM015,2025-11-25,BRANCH,CONNECTED,CONTROLLED_SYNTHETIC
I0008790,SME002520,RM015,2026-03-24,SECURE_MESSAGE,NO_RESPONSE,CONTROLLED_SYNTHETIC
I0008791,SME002521,RM030,2025-09-27,MEETING,CONNECTED,CONTROLLED_SYNTHETIC
I0008792,SME002522,RM030,2026-05-25,BRANCH,FOLLOW_UP,CONTROLLED_SYNTHETIC
I0008793,SME002522,RM030,2026-05-22,CALL,FOLLOW_UP,CONTROLLED_SYNTHETIC
I0008794,SME002522,RM030,2026-06-03,SECURE_MESSAGE,CONNECTED,CONTROLLED_SYNTHETIC
I0008795,SME002522,RM030,2025-11-24,SECURE_MESSAGE,NEEDS_REVIEW,CONTROLLED_SYNTHETIC
I0008796,SME002523,RM011,2026-04-23,SECURE_MESSAGE,FOLLOW_UP,CONTROLLED_SYNTHETIC
I0008797,SME002523,RM011,2026-05-07,SECURE_MESSAGE,NEEDS_REVIEW,CONTROLLED_SYNTHETIC
I0008798,SME002523,RM011,2026-02-20,MEETING,FOLLOW_UP,CONTROLLED_SYNTHETIC
I0008799,SME002523,RM011,2026-07-13,MEETING,FOLLOW_UP,CONTROLLED_SYNTHETIC
I0008800,SME002524,RM039,2026-01-06,MEETING,CONNECTED,CONTROLLED_SYNTHETIC
I0008801,SME002524,RM039,2026-01-21,SECURE_MESSAGE,CONNECTED,CONTROLLED_SYNTHETIC
I0008802,SME002524,RM039,2025-11-17,BRANCH,FOLLOW_UP,CONTROLLED_SYNTHETIC
I0008803,SME002524,RM039,2026-01-16,SECURE_MESSAGE,CONNECTED,CONTROLLED_SYNTHETIC
I0008804,SME002525,RM038,2026-06-02,SECURE_MESSAGE,CONNECTED,CONTROLLED_SYNTHETIC
I0008805,SME002526,RM002,2026-06-18,SECURE_MESSAGE,CONNECTED,CONTROLLED_SYNTHETIC
I0008806,SME002526,RM002,2026-04-03,CALL,NO_RESPONSE,CONTROLLED_SYNTHETIC
I0008807,SME002526,RM002,2026-04-25,MEETING,FOLLOW_UP,CONTROLLED_SYNTHETIC
I0008808,SME002526,RM002,2026-01-24,BRANCH,NO_RESPONSE,CONTROLLED_SYNTHETIC
I0008809,SME002526,RM002,2026-08-17,BRANCH,CONNECTED,CONTROLLED_SYNTHETIC
I0008810,SME002526,RM002,2026-03-08,CALL,NEEDS_REVIEW,CONTROLLED_SYNTHETIC
I0008811,SME002527,RM001,2026-02-21,BRANCH,FOLLOW_UP,CONTROLLED_SYNTHETIC
I0008812,SME002527,RM001,2025-08-23,BRANCH,FOLLOW_UP,CONTROLLED_SYNTHETIC
I0008813,SME002527,RM001,2026-06-06,CALL,CONNECTED,CONTROLLED_SYNTHETIC
I0008814,SME002527,RM001,2026-01-28,CALL,FOLLOW_UP,CONTROLLED_SYNTHETIC
I0008815,SME002528,RM032,2025-09-09,BRANCH,NO_RESPONSE,CONTROLLED_SYNTHETIC
I0008816,SME002528,RM032,2025-12-24,CALL,NO_RESPONSE,CONTROLLED_SYNTHETIC
I0008817,SME002528,RM032,2026-08-06,BRANCH,CONNECTED,CONTROLLED_SYNTHETIC
I0008818,SME002528,RM032,2025-08-31,SECURE_MESSAGE,CONNECTED,CONTROLLED_SYNTHETIC
I0008819,SME002529,RM047,2026-06-29,CALL,FOLLOW_UP,CONTROLLED_SYNTHETIC
I0008820,SME002529,RM047,2025-11-24,CALL,CONNECTED,CONTROLLED_SYNTHETIC
I0008821,SME002529,RM047,2026-03-01,CALL,NO_RESPONSE,CONTROLLED_SYNTHETIC
I0008822,SME002529,RM047,2026-03-07,CALL,CONNECTED,CONTROLLED_SYNTHETIC
I0008823,SME002529,RM047,2026-03-05,CALL,CONNECTED,CONTROLLED_SYNTHETIC
I0008824,SME002530,RM022,2025-09-26,BRANCH,CONNECTED,CONTROLLED_SYNTHETIC
I0008825,SME002530,RM022,2025-09-11,SECURE_MESSAGE,CONNECTED,CONTROLLED_SYNTHETIC
I0008826,SME002530,RM022,2026-07-03,BRANCH,CONNECTED,CONTROLLED_SYNTHETIC
I0008827,SME002531,RM034,2026-07-07,MEETING,NO_RESPONSE,CONTROLLED_SYNTHETIC
I0008828,SME002532,RM032,2026-02-07,SECURE_MESSAGE,CONNECTED,CONTROLLED_SYNTHETIC
I0008829,SME002532,RM032,2026-08-08,MEETING,CONNECTED,CONTROLLED_SYNTHETIC
I0008830,SME002532,RM032,2025-12-11,MEETING,FOLLOW_UP,CONTROLLED_SYNTHETIC
I0008831,SME002532,RM032,2025-09-30,SECURE_MESSAGE,CONNECTED,CONTROLLED_SYNTHETIC
I0008832,SME002532,RM032,2025-09-11,CALL,CONNECTED,CONTROLLED_SYNTHETIC
I0008833,SME002532,RM032,2026-07-04,BRANCH,CONNECTED,CONTROLLED_SYNTHETIC
I0008834,SME002533,RM037,2026-04-28,MEETING,NEEDS_REVIEW,CONTROLLED_SYNTHETIC
I0008835,SME002534,RM030,2026-05-04,BRANCH,NO_RESPONSE,CONTROLLED_SYNTHETIC
I0008836,SME002534,RM030,2026-01-06,BRANCH,NEEDS_REVIEW,CONTROLLED_SYNTHETIC
I0008837,SME002535,RM037,2025-09-03,CALL,FOLLOW_UP,CONTROLLED_SYNTHETIC
I0008838,SME002535,RM037,2026-01-07,MEETING,CONNECTED,CONTROLLED_SYNTHETIC
I0008839,SME002536,RM007,2026-05-13,MEETING,NO_RESPONSE,CONTROLLED_SYNTHETIC
I0008840,SME002536,RM007,2026-02-23,SECURE_MESSAGE,CONNECTED,CONTROLLED_SYNTHETIC
I0008841,SME002536,RM007,2026-03-01,SECURE_MESSAGE,NEEDS_REVIEW,CONTROLLED_SYNTHETIC
I0008842,SME002536,RM007,2025-10-16,SECURE_MESSAGE,CONNECTED,CONTROLLED_SYNTHETIC
I0008843,SME002537,RM039,2025-08-30,CALL,NO_RESPONSE,CONTROLLED_SYNTHETIC
I0008844,SME002537,RM039,2025-10-28,SECURE_MESSAGE,NEEDS_REVIEW,CONTROLLED_SYNTHETIC
I0008845,SME002537,RM039,2026-04-03,SECURE_MESSAGE,CONNECTED,CONTROLLED_SYNTHETIC
I0008846,SME002537,RM039,2025-11-14,BRANCH,CONNECTED,CONTROLLED_SYNTHETIC
I0008847,SME002537,RM039,2026-07-03,BRANCH,CONNECTED,CONTROLLED_SYNTHETIC
I0008848,SME002537,RM039,2026-02-10,MEETING,CONNECTED,CONTROLLED_SYNTHETIC
I0008849,SME002538,RM003,2026-01-08,SECURE_MESSAGE,CONNECTED,CONTROLLED_SYNTHETIC
I0008850,SME002539,RM003,2026-05-23,MEETING,CONNECTED,CONTROLLED_SYNTHETIC
I0008851,SME002539,RM003,2026-01-25,BRANCH,NEEDS_REVIEW,CONTROLLED_SYNTHETIC
I0008852,SME002539,RM003,2026-04-09,CALL,NO_RESPONSE,CONTROLLED_SYNTHETIC
I0008853,SME002539,RM003,2025-12-24,SECURE_MESSAGE,CONNECTED,CONTROLLED_SYNTHETIC
I0008854,SME002539,RM003,2026-06-05,BRANCH,CONNECTED,CONTROLLED_SYNTHETIC
I0008855,SME002540,RM015,2025-12-06,SECURE_MESSAGE,FOLLOW_UP,CONTROLLED_SYNTHETIC
I0008856,SME002541,RM007,2025-11-14,SECURE_MESSAGE,CONNECTED,CONTROLLED_SYNTHETIC
I0008857,SME002541,RM007,2025-09-19,MEETING,NEEDS_REVIEW,CONTROLLED_SYNTHETIC
I0008858,SME002541,RM007,2026-06-18,MEETING,CONNECTED,CONTROLLED_SYNTHETIC
I0008859,SME002541,RM007,2026-05-01,BRANCH,CONNECTED,CONTROLLED_SYNTHETIC
I0008860,SME002542,RM012,2025-10-10,MEETING,CONNECTED,CONTROLLED_SYNTHETIC
I0008861,SME002542,RM012,2026-04-01,BRANCH,NEEDS_REVIEW,CONTROLLED_SYNTHETIC
I0008862,SME002542,RM012,2025-09-04,SECURE_MESSAGE,CONNECTED,CONTROLLED_SYNTHETIC
I0008863,SME002542,RM012,2026-05-18,BRANCH,CONNECTED,CONTROLLED_SYNTHETIC
I0008864,SME002543,RM025,2026-08-14,SECURE_MESSAGE,CONNECTED,CONTROLLED_SYNTHETIC
I0008865,SME002544,RM034,2025-11-15,CALL,CONNECTED,CONTROLLED_SYNTHETIC
I0008866,SME002544,RM034,2026-06-14,SECURE_MESSAGE,CONNECTED,CONTROLLED_SYNTHETIC
I0008867,SME002545,RM010,2025-08-23,MEETING,CONNECTED,CONTROLLED_SYNTHETIC
I0008868,SME002545,RM010,2025-12-16,CALL,CONNECTED,CONTROLLED_SYNTHETIC
I0008869,SME002545,RM010,2026-05-23,CALL,NO_RESPONSE,CONTROLLED_SYNTHETIC
I0008870,SME002545,RM010,2025-12-26,MEETING,NO_RESPONSE,CONTROLLED_SYNTHETIC
I0008871,SME002545,RM010,2026-01-04,CALL,CONNECTED,CONTROLLED_SYNTHETIC
I0008872,SME002546,RM046,2026-06-30,BRANCH,FOLLOW_UP,CONTROLLED_SYNTHETIC
I0008873,SME002547,RM045,2026-07-26,SECURE_MESSAGE,FOLLOW_UP,CONTROLLED_SYNTHETIC
I0008874,SME002547,RM045,2026-06-09,MEETING,CONNECTED,CONTROLLED_SYNTHETIC
I0008875,SME002547,RM045,2025-10-17,MEETING,NO_RESPONSE,CONTROLLED_SYNTHETIC
I0008876,SME002547,RM045,2025-11-07,BRANCH,FOLLOW_UP,CONTROLLED_SYNTHETIC
I0008877,SME002548,RM008,2025-12-19,BRANCH,FOLLOW_UP,CONTROLLED_SYNTHETIC
I0008878,SME002548,RM008,2025-12-13,BRANCH,CONNECTED,CONTROLLED_SYNTHETIC
I0008879,SME002548,RM008,2026-05-04,BRANCH,NEEDS_REVIEW,CONTROLLED_SYNTHETIC
I0008880,SME002548,RM008,2026-06-24,SECURE_MESSAGE,NO_RESPONSE,CONTROLLED_SYNTHETIC
I0008881,SME002549,RM033,2025-09-20,MEETING,FOLLOW_UP,CONTROLLED_SYNTHETIC
I0008882,SME002549,RM033,2025-10-20,SECURE_MESSAGE,FOLLOW_UP,CONTROLLED_SYNTHETIC
I0008883,SME002549,RM033,2026-06-04,BRANCH,CONNECTED,CONTROLLED_SYNTHETIC
I0008884,SME002549,RM033,2026-07-25,BRANCH,CONNECTED,CONTROLLED_SYNTHETIC
I0008885,SME002549,RM033,2025-12-24,CALL,NEEDS_REVIEW,CONTROLLED_SYNTHETIC
I0008886,SME002549,RM033,2026-06-16,MEETING,CONNECTED,CONTROLLED_SYNTHETIC
I0008887,SME002550,RM010,2026-01-02,MEETING,CONNECTED,CONTROLLED_SYNTHETIC
I0008888,SME002550,RM010,2026-06-16,CALL,CONNECTED,CONTROLLED_SYNTHETIC
I0008889,SME002550,RM010,2025-11-25,MEETING,FOLLOW_UP,CONTROLLED_SYNTHETIC
I0008890,SME002550,RM010,2026-08-18,BRANCH,CONNECTED,CONTROLLED_SYNTHETIC
I0008891,SME002550,RM010,2026-08-15,CALL,FOLLOW_UP,CONTROLLED_SYNTHETIC
I0008892,SME002550,RM010,2026-02-24,BRANCH,NEEDS_REVIEW,CONTROLLED_SYNTHETIC
I0008893,SME002551,RM037,2026-08-01,SECURE_MESSAGE,FOLLOW_UP,CONTROLLED_SYNTHETIC
I0008894,SME002551,RM037,2025-11-16,BRANCH,FOLLOW_UP,CONTROLLED_SYNTHETIC
I0008895,SME002551,RM037,2025-11-26,BRANCH,CONNECTED,CONTROLLED_SYNTHETIC
I0008896,SME002551,RM037,2025-10-13,CALL,CONNECTED,CONTROLLED_SYNTHETIC
I0008897,SME002552,RM034,2025-09-06,CALL,FOLLOW_UP,CONTROLLED_SYNTHETIC
I0008898,SME002552,RM034,2026-01-23,BRANCH,CONNECTED,CONTROLLED_SYNTHETIC
I0008899,SME002553,RM043,2025-12-31,SECURE_MESSAGE,CONNECTED,CONTROLLED_SYNTHETIC
I0008900,SME002553,RM043,2026-04-30,CALL,CONNECTED,CONTROLLED_SYNTHETIC
I0008901,SME002553,RM043,2026-08-11,MEETING,CONNECTED,CONTROLLED_SYNTHETIC
I0008902,SME002554,RM021,2025-10-12,BRANCH,CONNECTED,CONTROLLED_SYNTHETIC
I0008903,SME002554,RM021,2026-07-15,SECURE_MESSAGE,CONNECTED,CONTROLLED_SYNTHETIC
I0008904,SME002554,RM021,2026-07-06,BRANCH,CONNECTED,CONTROLLED_SYNTHETIC
I0008905,SME002554,RM021,2026-01-03,CALL,CONNECTED,CONTROLLED_SYNTHETIC
I0008906,SME002555,RM020,2026-03-04,BRANCH,CONNECTED,CONTROLLED_SYNTHETIC
I0008907,SME002555,RM020,2026-07-11,MEETING,NO_RESPONSE,CONTROLLED_SYNTHETIC
I0008908,SME002555,RM020,2026-04-20,CALL,CONNECTED,CONTROLLED_SYNTHETIC
I0008909,SME002555,RM020,2026-08-17,MEETING,CONNECTED,CONTROLLED_SYNTHETIC
I0008910,SME002556,RM002,2025-12-13,SECURE_MESSAGE,CONNECTED,CONTROLLED_SYNTHETIC
I0008911,SME002556,RM002,2025-11-16,SECURE_MESSAGE,CONNECTED,CONTROLLED_SYNTHETIC
I0008912,SME002557,RM012,2026-05-16,CALL,FOLLOW_UP,CONTROLLED_SYNTHETIC
I0008913,SME002557,RM012,2026-05-03,SECURE_MESSAGE,NO_RESPONSE,CONTROLLED_SYNTHETIC
I0008914,SME002557,RM012,2026-03-11,SECURE_MESSAGE,CONNECTED,CONTROLLED_SYNTHETIC
I0008915,SME002558,RM005,2025-09-05,BRANCH,NO_RESPONSE,CONTROLLED_SYNTHETIC
I0008916,SME002558,RM005,2026-02-13,MEETING,CONNECTED,CONTROLLED_SYNTHETIC
I0008917,SME002558,RM005,2025-09-14,BRANCH,CONNECTED,CONTROLLED_SYNTHETIC
I0008918,SME002558,RM005,2025-10-30,BRANCH,CONNECTED,CONTROLLED_SYNTHETIC
I0008919,SME002558,RM005,2026-05-17,MEETING,NO_RESPONSE,CONTROLLED_SYNTHETIC
I0008920,SME002559,RM020,2025-10-19,MEETING,CONNECTED,CONTROLLED_SYNTHETIC
I0008921,SME002559,RM020,2025-08-26,SECURE_MESSAGE,CONNECTED,CONTROLLED_SYNTHETIC
I0008922,SME002560,RM030,2026-05-07,CALL,NEEDS_REVIEW,CONTROLLED_SYNTHETIC
I0008923,SME002560,RM030,2025-12-14,CALL,NO_RESPONSE,CONTROLLED_SYNTHETIC
I0008924,SME002560,RM030,2026-02-01,SECURE_MESSAGE,NEEDS_REVIEW,CONTROLLED_SYNTHETIC
I0008925,SME002560,RM030,2026-07-28,BRANCH,NO_RESPONSE,CONTROLLED_SYNTHETIC
I0008926,SME002560,RM030,2026-06-09,SECURE_MESSAGE,FOLLOW_UP,CONTROLLED_SYNTHETIC
I0008927,SME002561,RM002,2026-05-14,CALL,CONNECTED,CONTROLLED_SYNTHETIC
I0008928,SME002561,RM002,2025-12-30,BRANCH,FOLLOW_UP,CONTROLLED_SYNTHETIC
I0008929,SME002561,RM002,2025-09-05,BRANCH,FOLLOW_UP,CONTROLLED_SYNTHETIC
I0008930,SME002561,RM002,2026-03-03,SECURE_MESSAGE,NO_RESPONSE,CONTROLLED_SYNTHETIC
I0008931,SME002562,RM007,2026-08-13,BRANCH,FOLLOW_UP,CONTROLLED_SYNTHETIC
I0008932,SME002562,RM007,2026-02-09,BRANCH,CONNECTED,CONTROLLED_SYNTHETIC
I0008933,SME002562,RM007,2026-04-11,MEETING,CONNECTED,CONTROLLED_SYNTHETIC
I0008934,SME002562,RM007,2025-09-15,CALL,CONNECTED,CONTROLLED_SYNTHETIC
I0008935,SME002563,RM037,2025-09-22,MEETING,CONNECTED,CONTROLLED_SYNTHETIC
I0008936,SME002563,RM037,2026-04-16,CALL,CONNECTED,CONTROLLED_SYNTHETIC
I0008937,SME002563,RM037,2026-02-28,CALL,CONNECTED,CONTROLLED_SYNTHETIC
I0008938,SME002563,RM037,2025-10-18,SECURE_MESSAGE,CONNECTED,CONTROLLED_SYNTHETIC
I0008939,SME002564,RM015,2026-07-22,BRANCH,CONNECTED,CONTROLLED_SYNTHETIC
I0008940,SME002564,RM015,2026-06-07,CALL,CONNECTED,CONTROLLED_SYNTHETIC
I0008941,SME002564,RM015,2026-06-08,SECURE_MESSAGE,CONNECTED,CONTROLLED_SYNTHETIC
I0008942,SME002565,RM044,2025-11-18,CALL,CONNECTED,CONTROLLED_SYNTHETIC
I0008943,SME002565,RM044,2026-07-22,SECURE_MESSAGE,CONNECTED,CONTROLLED_SYNTHETIC
I0008944,SME002565,RM044,2025-09-02,MEETING,CONNECTED,CONTROLLED_SYNTHETIC
I0008945,SME002565,RM044,2026-04-25,CALL,NEEDS_REVIEW,CONTROLLED_SYNTHETIC
I0008946,SME002565,RM044,2025-09-04,CALL,CONNECTED,CONTROLLED_SYNTHETIC
I0008947,SME002565,RM044,2026-05-01,MEETING,FOLLOW_UP,CONTROLLED_SYNTHETIC
I0008948,SME002566,RM029,2026-02-18,SECURE_MESSAGE,CONNECTED,CONTROLLED_SYNTHETIC
I0008949,SME002567,RM020,2026-02-08,BRANCH,CONNECTED,CONTROLLED_SYNTHETIC
I0008950,SME002567,RM020,2026-04-17,BRANCH,FOLLOW_UP,CONTROLLED_SYNTHETIC
I0008951,SME002567,RM020,2026-07-16,BRANCH,NO_RESPONSE,CONTROLLED_SYNTHETIC
I0008952,SME002567,RM020,2026-01-18,SECURE_MESSAGE,CONNECTED,CONTROLLED_SYNTHETIC
I0008953,SME002568,RM002,2025-09-07,SECURE_MESSAGE,FOLLOW_UP,CONTROLLED_SYNTHETIC
I0008954,SME002568,RM002,2025-10-05,SECURE_MESSAGE,CONNECTED,CONTROLLED_SYNTHETIC
I0008955,SME002569,RM029,2025-12-25,CALL,NO_RESPONSE,CONTROLLED_SYNTHETIC
I0008956,SME002569,RM029,2026-05-08,MEETING,CONNECTED,CONTROLLED_SYNTHETIC
I0008957,SME002569,RM029,2026-05-02,MEETING,CONNECTED,CONTROLLED_SYNTHETIC
I0008958,SME002569,RM029,2026-07-27,MEETING,FOLLOW_UP,CONTROLLED_SYNTHETIC
I0008959,SME002569,RM029,2025-12-03,SECURE_MESSAGE,FOLLOW_UP,CONTROLLED_SYNTHETIC
I0008960,SME002569,RM029,2025-10-05,BRANCH,NO_RESPONSE,CONTROLLED_SYNTHETIC
I0008961,SME002570,RM012,2026-08-16,BRANCH,CONNECTED,CONTROLLED_SYNTHETIC
I0008962,SME002570,RM012,2025-08-29,CALL,NO_RESPONSE,CONTROLLED_SYNTHETIC
I0008963,SME002570,RM012,2025-08-25,BRANCH,CONNECTED,CONTROLLED_SYNTHETIC
I0008964,SME002570,RM012,2025-09-28,BRANCH,CONNECTED,CONTROLLED_SYNTHETIC
I0008965,SME002571,RM035,2026-03-07,MEETING,CONNECTED,CONTROLLED_SYNTHETIC
I0008966,SME002571,RM035,2026-02-01,SECURE_MESSAGE,NEEDS_REVIEW,CONTROLLED_SYNTHETIC
I0008967,SME002571,RM035,2025-12-16,SECURE_MESSAGE,NO_RESPONSE,CONTROLLED_SYNTHETIC
I0008968,SME002572,RM007,2026-04-08,BRANCH,CONNECTED,CONTROLLED_SYNTHETIC
I0008969,SME002572,RM007,2026-05-31,BRANCH,CONNECTED,CONTROLLED_SYNTHETIC
I0008970,SME002572,RM007,2026-03-11,CALL,NO_RESPONSE,CONTROLLED_SYNTHETIC
I0008971,SME002572,RM007,2026-06-21,CALL,NEEDS_REVIEW,CONTROLLED_SYNTHETIC
I0008972,SME002572,RM007,2026-04-05,BRANCH,FOLLOW_UP,CONTROLLED_SYNTHETIC
I0008973,SME002573,RM032,2025-09-16,CALL,FOLLOW_UP,CONTROLLED_SYNTHETIC
I0008974,SME002573,RM032,2026-04-02,MEETING,CONNECTED,CONTROLLED_SYNTHETIC
I0008975,SME002574,RM002,2025-09-26,BRANCH,CONNECTED,CONTROLLED_SYNTHETIC
I0008976,SME002574,RM002,2025-12-04,CALL,CONNECTED,CONTROLLED_SYNTHETIC
I0008977,SME002575,RM006,2025-09-01,MEETING,FOLLOW_UP,CONTROLLED_SYNTHETIC
I0008978,SME002575,RM006,2026-06-09,MEETING,FOLLOW_UP,CONTROLLED_SYNTHETIC
I0008979,SME002575,RM006,2026-01-18,SECURE_MESSAGE,CONNECTED,CONTROLLED_SYNTHETIC
I0008980,SME002575,RM006,2026-03-23,MEETING,FOLLOW_UP,CONTROLLED_SYNTHETIC
I0008981,SME002575,RM006,2025-08-21,CALL,FOLLOW_UP,CONTROLLED_SYNTHETIC
I0008982,SME002576,RM021,2025-10-16,CALL,FOLLOW_UP,CONTROLLED_SYNTHETIC
I0008983,SME002576,RM021,2026-07-01,BRANCH,CONNECTED,CONTROLLED_SYNTHETIC
I0008984,SME002576,RM021,2025-12-09,BRANCH,CONNECTED,CONTROLLED_SYNTHETIC
I0008985,SME002576,RM021,2026-06-25,CALL,CONNECTED,CONTROLLED_SYNTHETIC
I0008986,SME002577,RM020,2026-07-22,BRANCH,FOLLOW_UP,CONTROLLED_SYNTHETIC
I0008987,SME002577,RM020,2026-07-17,CALL,NO_RESPONSE,CONTROLLED_SYNTHETIC
I0008988,SME002577,RM020,2026-03-31,MEETING,CONNECTED,CONTROLLED_SYNTHETIC
I0008989,SME002578,RM032,2026-07-28,SECURE_MESSAGE,NO_RESPONSE,CONTROLLED_SYNTHETIC
I0008990,SME002578,RM032,2026-06-26,CALL,FOLLOW_UP,CONTROLLED_SYNTHETIC
I0008991,SME002578,RM032,2025-12-08,MEETING,CONNECTED,CONTROLLED_SYNTHETIC
I0008992,SME002578,RM032,2025-12-23,SECURE_MESSAGE,CONNECTED,CONTROLLED_SYNTHETIC
I0008993,SME002578,RM032,2025-12-31,BRANCH,FOLLOW_UP,CONTROLLED_SYNTHETIC
I0008994,SME002578,RM032,2026-05-30,MEETING,CONNECTED,CONTROLLED_SYNTHETIC
I0008995,SME002579,RM007,2026-04-21,CALL,CONNECTED,CONTROLLED_SYNTHETIC
I0008996,SME002579,RM007,2026-07-17,SECURE_MESSAGE,FOLLOW_UP,CONTROLLED_SYNTHETIC
I0008997,SME002579,RM007,2025-12-27,SECURE_MESSAGE,CONNECTED,CONTROLLED_SYNTHETIC
I0008998,SME002579,RM007,2026-08-16,SECURE_MESSAGE,CONNECTED,CONTROLLED_SYNTHETIC
I0008999,SME002579,RM007,2025-09-29,BRANCH,CONNECTED,CONTROLLED_SYNTHETIC
I0009000,SME002580,RM025,2025-09-04,CALL,FOLLOW_UP,CONTROLLED_SYNTHETIC
I0009001,SME002580,RM025,2026-01-28,CALL,FOLLOW_UP,CONTROLLED_SYNTHETIC
I0009002,SME002580,RM025,2025-08-29,BRANCH,NO_RESPONSE,CONTROLLED_SYNTHETIC
I0009003,SME002580,RM025,2026-02-22,CALL,CONNECTED,CONTROLLED_SYNTHETIC
I0009004,SME002581,RM012,2025-11-21,CALL,FOLLOW_UP,CONTROLLED_SYNTHETIC
I0009005,SME002581,RM012,2026-05-04,BRANCH,NO_RESPONSE,CONTROLLED_SYNTHETIC
I0009006,SME002582,RM003,2025-10-13,SECURE_MESSAGE,CONNECTED,CONTROLLED_SYNTHETIC
I0009007,SME002583,RM031,2026-05-12,SECURE_MESSAGE,NEEDS_REVIEW,CONTROLLED_SYNTHETIC
I0009008,SME002583,RM031,2025-10-03,MEETING,FOLLOW_UP,CONTROLLED_SYNTHETIC
I0009009,SME002583,RM031,2026-04-05,CALL,NO_RESPONSE,CONTROLLED_SYNTHETIC
I0009010,SME002583,RM031,2025-10-02,BRANCH,CONNECTED,CONTROLLED_SYNTHETIC
I0009011,SME002583,RM031,2026-01-11,MEETING,FOLLOW_UP,CONTROLLED_SYNTHETIC
I0009012,SME002583,RM031,2026-04-03,MEETING,CONNECTED,CONTROLLED_SYNTHETIC
I0009013,SME002584,RM036,2026-07-09,BRANCH,CONNECTED,CONTROLLED_SYNTHETIC
I0009014,SME002584,RM036,2026-03-17,CALL,CONNECTED,CONTROLLED_SYNTHETIC
I0009015,SME002584,RM036,2026-07-25,BRANCH,FOLLOW_UP,CONTROLLED_SYNTHETIC
I0009016,SME002585,RM014,2026-06-19,BRANCH,CONNECTED,CONTROLLED_SYNTHETIC
I0009017,SME002585,RM014,2026-01-13,MEETING,FOLLOW_UP,CONTROLLED_SYNTHETIC
I0009018,SME002585,RM014,2025-11-12,BRANCH,FOLLOW_UP,CONTROLLED_SYNTHETIC
I0009019,SME002585,RM014,2026-01-08,SECURE_MESSAGE,NEEDS_REVIEW,CONTROLLED_SYNTHETIC
I0009020,SME002585,RM014,2026-03-30,MEETING,CONNECTED,CONTROLLED_SYNTHETIC
I0009021,SME002585,RM014,2025-10-07,CALL,NEEDS_REVIEW,CONTROLLED_SYNTHETIC
I0009022,SME002586,RM004,2025-10-14,BRANCH,CONNECTED,CONTROLLED_SYNTHETIC
I0009023,SME002586,RM004,2026-06-14,CALL,FOLLOW_UP,CONTROLLED_SYNTHETIC
I0009024,SME002586,RM004,2026-07-03,MEETING,NO_RESPONSE,CONTROLLED_SYNTHETIC
I0009025,SME002586,RM004,2026-03-10,MEETING,CONNECTED,CONTROLLED_SYNTHETIC
I0009026,SME002587,RM037,2025-11-21,CALL,FOLLOW_UP,CONTROLLED_SYNTHETIC
I0009027,SME002587,RM037,2026-07-13,BRANCH,CONNECTED,CONTROLLED_SYNTHETIC
I0009028,SME002587,RM037,2025-09-10,SECURE_MESSAGE,NEEDS_REVIEW,CONTROLLED_SYNTHETIC
I0009029,SME002587,RM037,2025-12-21,BRANCH,NEEDS_REVIEW,CONTROLLED_SYNTHETIC
I0009030,SME002587,RM037,2025-09-14,CALL,FOLLOW_UP,CONTROLLED_SYNTHETIC
I0009031,SME002587,RM037,2025-12-07,SECURE_MESSAGE,FOLLOW_UP,CONTROLLED_SYNTHETIC
I0009032,SME002588,RM015,2026-07-09,SECURE_MESSAGE,NO_RESPONSE,CONTROLLED_SYNTHETIC
I0009033,SME002589,RM037,2025-10-07,CALL,FOLLOW_UP,CONTROLLED_SYNTHETIC
I0009034,SME002589,RM037,2025-12-26,CALL,NEEDS_REVIEW,CONTROLLED_SYNTHETIC
I0009035,SME002589,RM037,2025-11-20,CALL,CONNECTED,CONTROLLED_SYNTHETIC
I0009036,SME002590,RM032,2026-08-02,SECURE_MESSAGE,FOLLOW_UP,CONTROLLED_SYNTHETIC
I0009037,SME002590,RM032,2026-03-31,BRANCH,NO_RESPONSE,CONTROLLED_SYNTHETIC
I0009038,SME002590,RM032,2026-06-26,CALL,FOLLOW_UP,CONTROLLED_SYNTHETIC
I0009039,SME002590,RM032,2026-02-01,MEETING,CONNECTED,CONTROLLED_SYNTHETIC
I0009040,SME002590,RM032,2026-07-25,MEETING,CONNECTED,CONTROLLED_SYNTHETIC
I0009041,SME002591,RM016,2026-03-11,MEETING,CONNECTED,CONTROLLED_SYNTHETIC
I0009042,SME002591,RM016,2025-11-30,BRANCH,CONNECTED,CONTROLLED_SYNTHETIC
I0009043,SME002591,RM016,2025-11-21,MEETING,FOLLOW_UP,CONTROLLED_SYNTHETIC
I0009044,SME002591,RM016,2025-10-14,BRANCH,NO_RESPONSE,CONTROLLED_SYNTHETIC
I0009045,SME002592,RM040,2026-02-07,MEETING,CONNECTED,CONTROLLED_SYNTHETIC
I0009046,SME002592,RM040,2025-11-20,MEETING,CONNECTED,CONTROLLED_SYNTHETIC
I0009047,SME002592,RM040,2026-02-23,CALL,FOLLOW_UP,CONTROLLED_SYNTHETIC
I0009048,SME002593,RM032,2026-02-01,MEETING,FOLLOW_UP,CONTROLLED_SYNTHETIC
I0009049,SME002593,RM032,2025-12-11,CALL,FOLLOW_UP,CONTROLLED_SYNTHETIC
I0009050,SME002593,RM032,2026-07-17,MEETING,FOLLOW_UP,CONTROLLED_SYNTHETIC
I0009051,SME002593,RM032,2026-07-18,MEETING,NEEDS_REVIEW,CONTROLLED_SYNTHETIC
I0009052,SME002593,RM032,2026-04-04,CALL,CONNECTED,CONTROLLED_SYNTHETIC
I0009053,SME002593,RM032,2026-04-29,SECURE_MESSAGE,CONNECTED,CONTROLLED_SYNTHETIC
I0009054,SME002594,RM041,2026-06-22,BRANCH,FOLLOW_UP,CONTROLLED_SYNTHETIC
I0009055,SME002594,RM041,2026-07-07,MEETING,FOLLOW_UP,CONTROLLED_SYNTHETIC
I0009056,SME002594,RM041,2026-04-07,CALL,FOLLOW_UP,CONTROLLED_SYNTHETIC
I0009057,SME002594,RM041,2025-09-22,CALL,NO_RESPONSE,CONTROLLED_SYNTHETIC
I0009058,SME002594,RM041,2025-09-12,CALL,FOLLOW_UP,CONTROLLED_SYNTHETIC
I0009059,SME002594,RM041,2026-06-18,CALL,NO_RESPONSE,CONTROLLED_SYNTHETIC
I0009060,SME002595,RM048,2025-12-21,SECURE_MESSAGE,NO_RESPONSE,CONTROLLED_SYNTHETIC
I0009061,SME002596,RM046,2026-02-10,SECURE_MESSAGE,CONNECTED,CONTROLLED_SYNTHETIC
I0009062,SME002596,RM046,2025-12-23,CALL,NO_RESPONSE,CONTROLLED_SYNTHETIC
I0009063,SME002596,RM046,2026-02-19,CALL,CONNECTED,CONTROLLED_SYNTHETIC
I0009064,SME002596,RM046,2026-06-22,CALL,NO_RESPONSE,CONTROLLED_SYNTHETIC
I0009065,SME002597,RM015,2026-03-29,SECURE_MESSAGE,NO_RESPONSE,CONTROLLED_SYNTHETIC
I0009066,SME002598,RM001,2026-04-30,CALL,FOLLOW_UP,CONTROLLED_SYNTHETIC
I0009067,SME002598,RM001,2026-04-06,CALL,FOLLOW_UP,CONTROLLED_SYNTHETIC
I0009068,SME002598,RM001,2025-10-19,CALL,CONNECTED,CONTROLLED_SYNTHETIC
I0009069,SME002598,RM001,2026-05-08,MEETING,CONNECTED,CONTROLLED_SYNTHETIC
I0009070,SME002598,RM001,2025-09-20,MEETING,CONNECTED,CONTROLLED_SYNTHETIC
I0009071,SME002599,RM010,2025-09-25,MEETING,NO_RESPONSE,CONTROLLED_SYNTHETIC
I0009072,SME002600,RM008,2026-07-19,MEETING,CONNECTED,CONTROLLED_SYNTHETIC
I0009073,SME002600,RM008,2025-08-27,MEETING,CONNECTED,CONTROLLED_SYNTHETIC
I0009074,SME002600,RM008,2025-09-09,CALL,CONNECTED,CONTROLLED_SYNTHETIC
I0009075,SME002600,RM008,2025-12-11,BRANCH,FOLLOW_UP,CONTROLLED_SYNTHETIC
I0009076,SME002600,RM008,2025-10-29,MEETING,FOLLOW_UP,CONTROLLED_SYNTHETIC
I0009077,SME002600,RM008,2025-12-14,MEETING,CONNECTED,CONTROLLED_SYNTHETIC
I0009078,SME002601,RM015,2025-10-16,MEETING,CONNECTED,CONTROLLED_SYNTHETIC
I0009079,SME002601,RM015,2025-08-29,MEETING,CONNECTED,CONTROLLED_SYNTHETIC
I0009080,SME002601,RM015,2026-02-18,MEETING,CONNECTED,CONTROLLED_SYNTHETIC
I0009081,SME002601,RM015,2025-12-23,SECURE_MESSAGE,CONNECTED,CONTROLLED_SYNTHETIC
I0009082,SME002602,RM003,2026-08-09,SECURE_MESSAGE,CONNECTED,CONTROLLED_SYNTHETIC
I0009083,SME002602,RM003,2025-12-04,CALL,CONNECTED,CONTROLLED_SYNTHETIC
I0009084,SME002602,RM003,2025-12-10,MEETING,CONNECTED,CONTROLLED_SYNTHETIC
I0009085,SME002603,RM006,2025-10-03,SECURE_MESSAGE,NEEDS_REVIEW,CONTROLLED_SYNTHETIC
I0009086,SME002603,RM006,2025-11-11,MEETING,FOLLOW_UP,CONTROLLED_SYNTHETIC
I0009087,SME002603,RM006,2025-10-20,BRANCH,NO_RESPONSE,CONTROLLED_SYNTHETIC
I0009088,SME002603,RM006,2026-08-17,BRANCH,NO_RESPONSE,CONTROLLED_SYNTHETIC
I0009089,SME002603,RM006,2026-06-27,SECURE_MESSAGE,CONNECTED,CONTROLLED_SYNTHETIC
I0009090,SME002603,RM006,2026-04-17,MEETING,NO_RESPONSE,CONTROLLED_SYNTHETIC
I0009091,SME002604,RM046,2025-10-08,CALL,CONNECTED,CONTROLLED_SYNTHETIC
I0009092,SME002604,RM046,2025-10-13,MEETING,NEEDS_REVIEW,CONTROLLED_SYNTHETIC
I0009093,SME002604,RM046,2026-01-12,BRANCH,NO_RESPONSE,CONTROLLED_SYNTHETIC
I0009094,SME002604,RM046,2026-08-14,BRANCH,NO_RESPONSE,CONTROLLED_SYNTHETIC
I0009095,SME002604,RM046,2026-02-04,BRANCH,NEEDS_REVIEW,CONTROLLED_SYNTHETIC
I0009096,SME002605,RM022,2026-06-19,MEETING,NO_RESPONSE,CONTROLLED_SYNTHETIC
I0009097,SME002605,RM022,2026-06-26,SECURE_MESSAGE,NO_RESPONSE,CONTROLLED_SYNTHETIC
I0009098,SME002605,RM022,2025-11-21,SECURE_MESSAGE,FOLLOW_UP,CONTROLLED_SYNTHETIC
I0009099,SME002606,RM028,2025-10-31,SECURE_MESSAGE,CONNECTED,CONTROLLED_SYNTHETIC
I0009100,SME002606,RM028,2026-03-12,BRANCH,CONNECTED,CONTROLLED_SYNTHETIC
I0009101,SME002606,RM028,2026-05-28,BRANCH,FOLLOW_UP,CONTROLLED_SYNTHETIC
I0009102,SME002606,RM028,2025-11-10,CALL,NEEDS_REVIEW,CONTROLLED_SYNTHETIC
I0009103,SME002606,RM028,2026-04-17,SECURE_MESSAGE,CONNECTED,CONTROLLED_SYNTHETIC
I0009104,SME002607,RM014,2026-01-29,CALL,CONNECTED,CONTROLLED_SYNTHETIC
I0009105,SME002607,RM014,2026-02-09,BRANCH,FOLLOW_UP,CONTROLLED_SYNTHETIC
I0009106,SME002607,RM014,2025-09-07,MEETING,NEEDS_REVIEW,CONTROLLED_SYNTHETIC
I0009107,SME002607,RM014,2025-12-18,MEETING,FOLLOW_UP,CONTROLLED_SYNTHETIC
I0009108,SME002608,RM006,2026-04-19,SECURE_MESSAGE,CONNECTED,CONTROLLED_SYNTHETIC
I0009109,SME002608,RM006,2026-05-03,SECURE_MESSAGE,FOLLOW_UP,CONTROLLED_SYNTHETIC
I0009110,SME002608,RM006,2025-09-21,BRANCH,CONNECTED,CONTROLLED_SYNTHETIC
I0009111,SME002608,RM006,2026-08-18,MEETING,FOLLOW_UP,CONTROLLED_SYNTHETIC
I0009112,SME002609,RM013,2026-08-18,CALL,CONNECTED,CONTROLLED_SYNTHETIC
I0009113,SME002610,RM010,2026-02-13,SECURE_MESSAGE,NO_RESPONSE,CONTROLLED_SYNTHETIC
I0009114,SME002610,RM010,2025-09-07,SECURE_MESSAGE,NO_RESPONSE,CONTROLLED_SYNTHETIC
I0009115,SME002610,RM010,2026-03-27,MEETING,NEEDS_REVIEW,CONTROLLED_SYNTHETIC
I0009116,SME002610,RM010,2026-01-05,CALL,CONNECTED,CONTROLLED_SYNTHETIC
I0009117,SME002610,RM010,2025-12-23,CALL,NEEDS_REVIEW,CONTROLLED_SYNTHETIC
I0009118,SME002611,RM033,2026-04-23,SECURE_MESSAGE,CONNECTED,CONTROLLED_SYNTHETIC
I0009119,SME002612,RM023,2026-07-10,BRANCH,FOLLOW_UP,CONTROLLED_SYNTHETIC
I0009120,SME002612,RM023,2025-11-20,MEETING,FOLLOW_UP,CONTROLLED_SYNTHETIC
I0009121,SME002613,RM006,2026-04-26,MEETING,FOLLOW_UP,CONTROLLED_SYNTHETIC
I0009122,SME002613,RM006,2026-02-22,BRANCH,FOLLOW_UP,CONTROLLED_SYNTHETIC
I0009123,SME002613,RM006,2026-07-25,CALL,CONNECTED,CONTROLLED_SYNTHETIC
I0009124,SME002614,RM012,2025-09-18,MEETING,CONNECTED,CONTROLLED_SYNTHETIC
I0009125,SME002614,RM012,2026-07-29,CALL,CONNECTED,CONTROLLED_SYNTHETIC
I0009126,SME002614,RM012,2025-09-13,BRANCH,FOLLOW_UP,CONTROLLED_SYNTHETIC
I0009127,SME002615,RM008,2026-05-26,CALL,FOLLOW_UP,CONTROLLED_SYNTHETIC
I0009128,SME002616,RM021,2026-03-27,SECURE_MESSAGE,NO_RESPONSE,CONTROLLED_SYNTHETIC
I0009129,SME002616,RM021,2026-05-26,CALL,FOLLOW_UP,CONTROLLED_SYNTHETIC
I0009130,SME002617,RM048,2026-06-18,CALL,FOLLOW_UP,CONTROLLED_SYNTHETIC
I0009131,SME002617,RM048,2026-07-04,SECURE_MESSAGE,NEEDS_REVIEW,CONTROLLED_SYNTHETIC
I0009132,SME002617,RM048,2026-02-06,SECURE_MESSAGE,FOLLOW_UP,CONTROLLED_SYNTHETIC
I0009133,SME002617,RM048,2026-01-21,CALL,CONNECTED,CONTROLLED_SYNTHETIC
I0009134,SME002618,RM036,2026-02-14,BRANCH,CONNECTED,CONTROLLED_SYNTHETIC
I0009135,SME002618,RM036,2026-01-12,BRANCH,NO_RESPONSE,CONTROLLED_SYNTHETIC
I0009136,SME002618,RM036,2026-04-07,BRANCH,NEEDS_REVIEW,CONTROLLED_SYNTHETIC
I0009137,SME002618,RM036,2025-11-20,CALL,CONNECTED,CONTROLLED_SYNTHETIC
I0009138,SME002618,RM036,2026-02-21,MEETING,NO_RESPONSE,CONTROLLED_SYNTHETIC
I0009139,SME002619,RM026,2025-12-19,BRANCH,CONNECTED,CONTROLLED_SYNTHETIC
I0009140,SME002619,RM026,2026-06-28,MEETING,FOLLOW_UP,CONTROLLED_SYNTHETIC
I0009141,SME002619,RM026,2026-05-11,MEETING,NEEDS_REVIEW,CONTROLLED_SYNTHETIC
I0009142,SME002619,RM026,2026-06-04,BRANCH,FOLLOW_UP,CONTROLLED_SYNTHETIC
I0009143,SME002619,RM026,2025-10-19,SECURE_MESSAGE,CONNECTED,CONTROLLED_SYNTHETIC
I0009144,SME002620,RM034,2025-11-26,MEETING,NEEDS_REVIEW,CONTROLLED_SYNTHETIC
I0009145,SME002621,RM026,2026-06-14,BRANCH,FOLLOW_UP,CONTROLLED_SYNTHETIC
I0009146,SME002621,RM026,2025-12-19,CALL,NO_RESPONSE,CONTROLLED_SYNTHETIC
I0009147,SME002621,RM026,2026-05-13,CALL,NO_RESPONSE,CONTROLLED_SYNTHETIC
I0009148,SME002621,RM026,2025-11-24,CALL,CONNECTED,CONTROLLED_SYNTHETIC
I0009149,SME002621,RM026,2025-12-05,MEETING,NEEDS_REVIEW,CONTROLLED_SYNTHETIC
I0009150,SME002622,RM046,2026-04-03,CALL,CONNECTED,CONTROLLED_SYNTHETIC
I0009151,SME002622,RM046,2025-11-17,CALL,FOLLOW_UP,CONTROLLED_SYNTHETIC
I0009152,SME002622,RM046,2026-06-14,BRANCH,NO_RESPONSE,CONTROLLED_SYNTHETIC
I0009153,SME002623,RM041,2026-02-05,SECURE_MESSAGE,CONNECTED,CONTROLLED_SYNTHETIC
I0009154,SME002623,RM041,2026-06-23,MEETING,FOLLOW_UP,CONTROLLED_SYNTHETIC
I0009155,SME002623,RM041,2026-03-17,SECURE_MESSAGE,FOLLOW_UP,CONTROLLED_SYNTHETIC
I0009156,SME002624,RM004,2025-09-26,SECURE_MESSAGE,CONNECTED,CONTROLLED_SYNTHETIC
I0009157,SME002624,RM004,2025-10-26,CALL,CONNECTED,CONTROLLED_SYNTHETIC
I0009158,SME002624,RM004,2025-12-21,BRANCH,CONNECTED,CONTROLLED_SYNTHETIC
I0009159,SME002624,RM004,2026-07-22,SECURE_MESSAGE,NEEDS_REVIEW,CONTROLLED_SYNTHETIC
I0009160,SME002624,RM004,2025-11-29,CALL,CONNECTED,CONTROLLED_SYNTHETIC
I0009161,SME002624,RM004,2026-02-28,MEETING,CONNECTED,CONTROLLED_SYNTHETIC
I0009162,SME002625,RM015,2026-05-22,BRANCH,CONNECTED,CONTROLLED_SYNTHETIC
I0009163,SME002625,RM015,2026-04-01,SECURE_MESSAGE,NEEDS_REVIEW,CONTROLLED_SYNTHETIC
I0009164,SME002625,RM015,2026-08-14,CALL,CONNECTED,CONTROLLED_SYNTHETIC
I0009165,SME002625,RM015,2026-03-28,MEETING,FOLLOW_UP,CONTROLLED_SYNTHETIC
I0009166,SME002625,RM015,2026-01-21,BRANCH,CONNECTED,CONTROLLED_SYNTHETIC
I0009167,SME002625,RM015,2025-09-04,CALL,CONNECTED,CONTROLLED_SYNTHETIC
I0009168,SME002626,RM008,2025-12-12,BRANCH,CONNECTED,CONTROLLED_SYNTHETIC
I0009169,SME002627,RM008,2026-05-26,SECURE_MESSAGE,CONNECTED,CONTROLLED_SYNTHETIC
I0009170,SME002627,RM008,2026-01-02,MEETING,FOLLOW_UP,CONTROLLED_SYNTHETIC
I0009171,SME002627,RM008,2025-09-20,BRANCH,CONNECTED,CONTROLLED_SYNTHETIC
I0009172,SME002627,RM008,2026-06-19,MEETING,CONNECTED,CONTROLLED_SYNTHETIC
I0009173,SME002627,RM008,2025-09-27,SECURE_MESSAGE,CONNECTED,CONTROLLED_SYNTHETIC
I0009174,SME002628,RM029,2025-12-17,BRANCH,FOLLOW_UP,CONTROLLED_SYNTHETIC
I0009175,SME002628,RM029,2025-11-06,MEETING,NEEDS_REVIEW,CONTROLLED_SYNTHETIC
I0009176,SME002628,RM029,2026-05-09,SECURE_MESSAGE,FOLLOW_UP,CONTROLLED_SYNTHETIC
I0009177,SME002628,RM029,2025-08-30,SECURE_MESSAGE,NEEDS_REVIEW,CONTROLLED_SYNTHETIC
I0009178,SME002628,RM029,2025-10-06,BRANCH,CONNECTED,CONTROLLED_SYNTHETIC
I0009179,SME002629,RM007,2025-09-02,BRANCH,NEEDS_REVIEW,CONTROLLED_SYNTHETIC
I0009180,SME002629,RM007,2025-08-28,SECURE_MESSAGE,NEEDS_REVIEW,CONTROLLED_SYNTHETIC
I0009181,SME002630,RM041,2026-01-20,MEETING,NO_RESPONSE,CONTROLLED_SYNTHETIC
I0009182,SME002631,RM024,2026-03-20,SECURE_MESSAGE,NO_RESPONSE,CONTROLLED_SYNTHETIC
I0009183,SME002631,RM024,2026-05-18,BRANCH,CONNECTED,CONTROLLED_SYNTHETIC
I0009184,SME002631,RM024,2026-05-18,SECURE_MESSAGE,FOLLOW_UP,CONTROLLED_SYNTHETIC
I0009185,SME002631,RM024,2026-07-31,BRANCH,CONNECTED,CONTROLLED_SYNTHETIC
I0009186,SME002631,RM024,2026-06-24,CALL,NO_RESPONSE,CONTROLLED_SYNTHETIC
I0009187,SME002632,RM006,2025-12-16,SECURE_MESSAGE,FOLLOW_UP,CONTROLLED_SYNTHETIC
I0009188,SME002632,RM006,2026-02-04,CALL,FOLLOW_UP,CONTROLLED_SYNTHETIC
I0009189,SME002632,RM006,2026-06-11,MEETING,CONNECTED,CONTROLLED_SYNTHETIC
I0009190,SME002632,RM006,2026-05-06,BRANCH,NO_RESPONSE,CONTROLLED_SYNTHETIC
I0009191,SME002633,RM038,2026-06-23,MEETING,NO_RESPONSE,CONTROLLED_SYNTHETIC
I0009192,SME002633,RM038,2026-01-27,SECURE_MESSAGE,CONNECTED,CONTROLLED_SYNTHETIC
I0009193,SME002633,RM038,2025-11-06,SECURE_MESSAGE,NO_RESPONSE,CONTROLLED_SYNTHETIC
I0009194,SME002633,RM038,2026-07-07,CALL,NO_RESPONSE,CONTROLLED_SYNTHETIC
I0009195,SME002633,RM038,2026-06-15,BRANCH,FOLLOW_UP,CONTROLLED_SYNTHETIC
I0009196,SME002633,RM038,2025-11-18,SECURE_MESSAGE,CONNECTED,CONTROLLED_SYNTHETIC
I0009197,SME002634,RM042,2026-02-13,BRANCH,FOLLOW_UP,CONTROLLED_SYNTHETIC
I0009198,SME002634,RM042,2025-09-22,CALL,FOLLOW_UP,CONTROLLED_SYNTHETIC
I0009199,SME002635,RM010,2025-09-14,MEETING,NO_RESPONSE,CONTROLLED_SYNTHETIC
I0009200,SME002635,RM010,2025-12-11,CALL,NEEDS_REVIEW,CONTROLLED_SYNTHETIC
I0009201,SME002635,RM010,2026-08-04,BRANCH,CONNECTED,CONTROLLED_SYNTHETIC
I0009202,SME002636,RM006,2025-09-30,SECURE_MESSAGE,FOLLOW_UP,CONTROLLED_SYNTHETIC
I0009203,SME002637,RM043,2025-11-28,SECURE_MESSAGE,CONNECTED,CONTROLLED_SYNTHETIC
I0009204,SME002637,RM043,2026-03-05,CALL,FOLLOW_UP,CONTROLLED_SYNTHETIC
I0009205,SME002638,RM012,2026-08-11,CALL,FOLLOW_UP,CONTROLLED_SYNTHETIC
I0009206,SME002638,RM012,2025-11-16,CALL,NEEDS_REVIEW,CONTROLLED_SYNTHETIC
I0009207,SME002639,RM018,2025-09-18,SECURE_MESSAGE,CONNECTED,CONTROLLED_SYNTHETIC
I0009208,SME002639,RM018,2025-12-27,CALL,CONNECTED,CONTROLLED_SYNTHETIC
I0009209,SME002639,RM018,2026-06-26,SECURE_MESSAGE,CONNECTED,CONTROLLED_SYNTHETIC
I0009210,SME002640,RM041,2026-06-02,SECURE_MESSAGE,CONNECTED,CONTROLLED_SYNTHETIC
I0009211,SME002640,RM041,2026-05-24,SECURE_MESSAGE,CONNECTED,CONTROLLED_SYNTHETIC
I0009212,SME002640,RM041,2026-03-01,CALL,CONNECTED,CONTROLLED_SYNTHETIC
I0009213,SME002640,RM041,2026-07-23,SECURE_MESSAGE,FOLLOW_UP,CONTROLLED_SYNTHETIC
I0009214,SME002640,RM041,2026-01-21,SECURE_MESSAGE,FOLLOW_UP,CONTROLLED_SYNTHETIC
I0009215,SME002640,RM041,2026-02-14,BRANCH,CONNECTED,CONTROLLED_SYNTHETIC
I0009216,SME002641,RM036,2026-02-13,SECURE_MESSAGE,NO_RESPONSE,CONTROLLED_SYNTHETIC
I0009217,SME002641,RM036,2026-08-07,SECURE_MESSAGE,CONNECTED,CONTROLLED_SYNTHETIC
I0009218,SME002641,RM036,2026-02-17,MEETING,NO_RESPONSE,CONTROLLED_SYNTHETIC
I0009219,SME002641,RM036,2026-06-17,CALL,CONNECTED,CONTROLLED_SYNTHETIC
I0009220,SME002642,RM029,2026-04-10,BRANCH,CONNECTED,CONTROLLED_SYNTHETIC
I0009221,SME002642,RM029,2026-08-10,SECURE_MESSAGE,CONNECTED,CONTROLLED_SYNTHETIC
I0009222,SME002642,RM029,2026-04-14,CALL,NO_RESPONSE,CONTROLLED_SYNTHETIC
I0009223,SME002642,RM029,2025-12-11,BRANCH,NO_RESPONSE,CONTROLLED_SYNTHETIC
I0009224,SME002643,RM007,2026-03-27,MEETING,FOLLOW_UP,CONTROLLED_SYNTHETIC
I0009225,SME002643,RM007,2025-10-12,MEETING,CONNECTED,CONTROLLED_SYNTHETIC
I0009226,SME002644,RM016,2025-12-18,MEETING,FOLLOW_UP,CONTROLLED_SYNTHETIC
I0009227,SME002644,RM016,2026-05-20,SECURE_MESSAGE,CONNECTED,CONTROLLED_SYNTHETIC
I0009228,SME002644,RM016,2026-07-03,CALL,NO_RESPONSE,CONTROLLED_SYNTHETIC
I0009229,SME002645,RM037,2026-06-28,CALL,NEEDS_REVIEW,CONTROLLED_SYNTHETIC
I0009230,SME002645,RM037,2026-04-03,MEETING,FOLLOW_UP,CONTROLLED_SYNTHETIC
I0009231,SME002646,RM027,2026-03-15,BRANCH,CONNECTED,CONTROLLED_SYNTHETIC
I0009232,SME002646,RM027,2026-04-15,SECURE_MESSAGE,FOLLOW_UP,CONTROLLED_SYNTHETIC
I0009233,SME002647,RM035,2025-10-25,SECURE_MESSAGE,FOLLOW_UP,CONTROLLED_SYNTHETIC
I0009234,SME002647,RM035,2026-06-14,CALL,NO_RESPONSE,CONTROLLED_SYNTHETIC
I0009235,SME002647,RM035,2025-12-22,SECURE_MESSAGE,CONNECTED,CONTROLLED_SYNTHETIC
I0009236,SME002647,RM035,2026-07-14,MEETING,CONNECTED,CONTROLLED_SYNTHETIC
I0009237,SME002647,RM035,2026-02-23,BRANCH,CONNECTED,CONTROLLED_SYNTHETIC
I0009238,SME002647,RM035,2026-05-13,CALL,FOLLOW_UP,CONTROLLED_SYNTHETIC
I0009239,SME002648,RM041,2026-03-08,BRANCH,CONNECTED,CONTROLLED_SYNTHETIC
I0009240,SME002648,RM041,2025-12-05,CALL,NO_RESPONSE,CONTROLLED_SYNTHETIC
I0009241,SME002649,RM042,2026-03-04,BRANCH,FOLLOW_UP,CONTROLLED_SYNTHETIC
I0009242,SME002649,RM042,2026-03-14,CALL,CONNECTED,CONTROLLED_SYNTHETIC
I0009243,SME002649,RM042,2026-07-20,CALL,NEEDS_REVIEW,CONTROLLED_SYNTHETIC
I0009244,SME002649,RM042,2026-03-09,MEETING,CONNECTED,CONTROLLED_SYNTHETIC
I0009245,SME002649,RM042,2025-09-25,BRANCH,FOLLOW_UP,CONTROLLED_SYNTHETIC
I0009246,SME002650,RM009,2026-06-28,SECURE_MESSAGE,NEEDS_REVIEW,CONTROLLED_SYNTHETIC
I0009247,SME002650,RM009,2026-05-30,MEETING,NO_RESPONSE,CONTROLLED_SYNTHETIC
I0009248,SME002650,RM009,2025-12-23,MEETING,NEEDS_REVIEW,CONTROLLED_SYNTHETIC
I0009249,SME002650,RM009,2026-06-02,SECURE_MESSAGE,NEEDS_REVIEW,CONTROLLED_SYNTHETIC
I0009250,SME002650,RM009,2026-04-21,BRANCH,FOLLOW_UP,CONTROLLED_SYNTHETIC
I0009251,SME002651,RM007,2026-03-07,SECURE_MESSAGE,CONNECTED,CONTROLLED_SYNTHETIC
I0009252,SME002651,RM007,2026-03-25,MEETING,CONNECTED,CONTROLLED_SYNTHETIC
I0009253,SME002651,RM007,2026-07-26,CALL,CONNECTED,CONTROLLED_SYNTHETIC
I0009254,SME002651,RM007,2025-12-29,SECURE_MESSAGE,FOLLOW_UP,CONTROLLED_SYNTHETIC
I0009255,SME002652,RM047,2025-11-18,CALL,NO_RESPONSE,CONTROLLED_SYNTHETIC
I0009256,SME002652,RM047,2025-11-29,MEETING,NO_RESPONSE,CONTROLLED_SYNTHETIC
I0009257,SME002652,RM047,2026-03-07,SECURE_MESSAGE,NO_RESPONSE,CONTROLLED_SYNTHETIC
I0009258,SME002652,RM047,2026-02-07,SECURE_MESSAGE,NO_RESPONSE,CONTROLLED_SYNTHETIC
I0009259,SME002652,RM047,2025-09-28,CALL,CONNECTED,CONTROLLED_SYNTHETIC
I0009260,SME002653,RM039,2025-10-16,SECURE_MESSAGE,FOLLOW_UP,CONTROLLED_SYNTHETIC
I0009261,SME002653,RM039,2026-04-23,BRANCH,FOLLOW_UP,CONTROLLED_SYNTHETIC
I0009262,SME002653,RM039,2026-06-13,MEETING,CONNECTED,CONTROLLED_SYNTHETIC
I0009263,SME002653,RM039,2026-01-04,SECURE_MESSAGE,NO_RESPONSE,CONTROLLED_SYNTHETIC
I0009264,SME002654,RM025,2025-11-06,CALL,CONNECTED,CONTROLLED_SYNTHETIC
I0009265,SME002654,RM025,2026-04-06,MEETING,NO_RESPONSE,CONTROLLED_SYNTHETIC
I0009266,SME002654,RM025,2026-02-26,MEETING,NO_RESPONSE,CONTROLLED_SYNTHETIC
I0009267,SME002654,RM025,2026-02-26,BRANCH,CONNECTED,CONTROLLED_SYNTHETIC
I0009268,SME002654,RM025,2026-06-11,SECURE_MESSAGE,CONNECTED,CONTROLLED_SYNTHETIC
I0009269,SME002654,RM025,2026-05-16,BRANCH,CONNECTED,CONTROLLED_SYNTHETIC
I0009270,SME002655,RM015,2025-12-19,CALL,CONNECTED,CONTROLLED_SYNTHETIC
I0009271,SME002655,RM015,2026-05-06,SECURE_MESSAGE,CONNECTED,CONTROLLED_SYNTHETIC
I0009272,SME002656,RM031,2025-10-12,SECURE_MESSAGE,CONNECTED,CONTROLLED_SYNTHETIC
I0009273,SME002656,RM031,2026-02-14,SECURE_MESSAGE,NEEDS_REVIEW,CONTROLLED_SYNTHETIC
I0009274,SME002656,RM031,2025-09-15,SECURE_MESSAGE,CONNECTED,CONTROLLED_SYNTHETIC
I0009275,SME002656,RM031,2026-04-16,CALL,CONNECTED,CONTROLLED_SYNTHETIC
I0009276,SME002656,RM031,2026-02-09,MEETING,FOLLOW_UP,CONTROLLED_SYNTHETIC
I0009277,SME002656,RM031,2026-08-08,MEETING,CONNECTED,CONTROLLED_SYNTHETIC
I0009278,SME002657,RM015,2026-06-29,BRANCH,CONNECTED,CONTROLLED_SYNTHETIC
I0009279,SME002658,RM043,2026-07-19,BRANCH,FOLLOW_UP,CONTROLLED_SYNTHETIC
I0009280,SME002659,RM009,2025-11-29,CALL,FOLLOW_UP,CONTROLLED_SYNTHETIC
I0009281,SME002659,RM009,2026-01-17,CALL,FOLLOW_UP,CONTROLLED_SYNTHETIC
I0009282,SME002659,RM009,2025-12-17,MEETING,NO_RESPONSE,CONTROLLED_SYNTHETIC
I0009283,SME002659,RM009,2025-10-21,SECURE_MESSAGE,NO_RESPONSE,CONTROLLED_SYNTHETIC
I0009284,SME002659,RM009,2026-05-13,SECURE_MESSAGE,CONNECTED,CONTROLLED_SYNTHETIC
I0009285,SME002659,RM009,2025-11-02,CALL,CONNECTED,CONTROLLED_SYNTHETIC
I0009286,SME002660,RM008,2025-09-18,CALL,FOLLOW_UP,CONTROLLED_SYNTHETIC
I0009287,SME002660,RM008,2026-07-01,CALL,FOLLOW_UP,CONTROLLED_SYNTHETIC
I0009288,SME002661,RM041,2026-01-31,SECURE_MESSAGE,NEEDS_REVIEW,CONTROLLED_SYNTHETIC
I0009289,SME002662,RM014,2025-10-15,CALL,NO_RESPONSE,CONTROLLED_SYNTHETIC
I0009290,SME002662,RM014,2026-08-10,BRANCH,NEEDS_REVIEW,CONTROLLED_SYNTHETIC
I0009291,SME002662,RM014,2025-09-10,SECURE_MESSAGE,CONNECTED,CONTROLLED_SYNTHETIC
I0009292,SME002662,RM014,2025-12-18,SECURE_MESSAGE,CONNECTED,CONTROLLED_SYNTHETIC
I0009293,SME002663,RM040,2026-07-23,CALL,CONNECTED,CONTROLLED_SYNTHETIC
I0009294,SME002663,RM040,2026-01-15,CALL,FOLLOW_UP,CONTROLLED_SYNTHETIC
I0009295,SME002663,RM040,2026-03-12,BRANCH,FOLLOW_UP,CONTROLLED_SYNTHETIC
I0009296,SME002663,RM040,2026-05-08,CALL,FOLLOW_UP,CONTROLLED_SYNTHETIC
I0009297,SME002663,RM040,2026-07-04,SECURE_MESSAGE,CONNECTED,CONTROLLED_SYNTHETIC
I0009298,SME002664,RM022,2025-09-24,SECURE_MESSAGE,CONNECTED,CONTROLLED_SYNTHETIC
I0009299,SME002664,RM022,2025-12-13,MEETING,NEEDS_REVIEW,CONTROLLED_SYNTHETIC
I0009300,SME002665,RM018,2025-10-09,SECURE_MESSAGE,NO_RESPONSE,CONTROLLED_SYNTHETIC
I0009301,SME002665,RM018,2026-07-05,MEETING,NO_RESPONSE,CONTROLLED_SYNTHETIC
I0009302,SME002665,RM018,2026-02-13,MEETING,FOLLOW_UP,CONTROLLED_SYNTHETIC
I0009303,SME002665,RM018,2026-04-13,SECURE_MESSAGE,FOLLOW_UP,CONTROLLED_SYNTHETIC
I0009304,SME002666,RM043,2025-11-01,CALL,NO_RESPONSE,CONTROLLED_SYNTHETIC
I0009305,SME002666,RM043,2026-05-06,CALL,NEEDS_REVIEW,CONTROLLED_SYNTHETIC
I0009306,SME002666,RM043,2026-03-08,BRANCH,FOLLOW_UP,CONTROLLED_SYNTHETIC
I0009307,SME002666,RM043,2026-07-10,BRANCH,CONNECTED,CONTROLLED_SYNTHETIC
I0009308,SME002666,RM043,2026-08-12,SECURE_MESSAGE,FOLLOW_UP,CONTROLLED_SYNTHETIC
I0009309,SME002666,RM043,2026-07-29,SECURE_MESSAGE,FOLLOW_UP,CONTROLLED_SYNTHETIC
I0009310,SME002667,RM008,2025-10-11,CALL,CONNECTED,CONTROLLED_SYNTHETIC
I0009311,SME002667,RM008,2025-11-20,SECURE_MESSAGE,FOLLOW_UP,CONTROLLED_SYNTHETIC
I0009312,SME002667,RM008,2025-12-29,MEETING,NEEDS_REVIEW,CONTROLLED_SYNTHETIC
I0009313,SME002667,RM008,2025-08-25,CALL,NO_RESPONSE,CONTROLLED_SYNTHETIC
I0009314,SME002667,RM008,2025-09-26,MEETING,FOLLOW_UP,CONTROLLED_SYNTHETIC
I0009315,SME002668,RM002,2026-05-16,BRANCH,CONNECTED,CONTROLLED_SYNTHETIC
I0009316,SME002668,RM002,2026-06-14,MEETING,FOLLOW_UP,CONTROLLED_SYNTHETIC
I0009317,SME002669,RM045,2026-01-25,SECURE_MESSAGE,NO_RESPONSE,CONTROLLED_SYNTHETIC
I0009318,SME002669,RM045,2026-05-15,BRANCH,CONNECTED,CONTROLLED_SYNTHETIC
I0009319,SME002670,RM041,2026-01-30,MEETING,CONNECTED,CONTROLLED_SYNTHETIC
I0009320,SME002670,RM041,2026-08-05,MEETING,FOLLOW_UP,CONTROLLED_SYNTHETIC
I0009321,SME002670,RM041,2026-01-21,SECURE_MESSAGE,NO_RESPONSE,CONTROLLED_SYNTHETIC
I0009322,SME002670,RM041,2025-12-15,MEETING,NEEDS_REVIEW,CONTROLLED_SYNTHETIC
I0009323,SME002670,RM041,2026-03-27,SECURE_MESSAGE,NEEDS_REVIEW,CONTROLLED_SYNTHETIC
I0009324,SME002670,RM041,2025-11-04,SECURE_MESSAGE,NO_RESPONSE,CONTROLLED_SYNTHETIC
I0009325,SME002671,RM032,2025-10-12,BRANCH,NEEDS_REVIEW,CONTROLLED_SYNTHETIC
I0009326,SME002671,RM032,2025-12-15,SECURE_MESSAGE,CONNECTED,CONTROLLED_SYNTHETIC
I0009327,SME002671,RM032,2025-10-31,MEETING,FOLLOW_UP,CONTROLLED_SYNTHETIC
I0009328,SME002671,RM032,2025-11-13,CALL,FOLLOW_UP,CONTROLLED_SYNTHETIC
I0009329,SME002671,RM032,2026-02-13,CALL,NEEDS_REVIEW,CONTROLLED_SYNTHETIC
I0009330,SME002671,RM032,2026-06-20,SECURE_MESSAGE,CONNECTED,CONTROLLED_SYNTHETIC
I0009331,SME002672,RM044,2025-10-22,BRANCH,CONNECTED,CONTROLLED_SYNTHETIC
I0009332,SME002672,RM044,2026-01-25,BRANCH,NEEDS_REVIEW,CONTROLLED_SYNTHETIC
I0009333,SME002672,RM044,2025-10-10,CALL,NEEDS_REVIEW,CONTROLLED_SYNTHETIC
I0009334,SME002673,RM035,2026-01-24,BRANCH,CONNECTED,CONTROLLED_SYNTHETIC
I0009335,SME002673,RM035,2026-07-09,SECURE_MESSAGE,NO_RESPONSE,CONTROLLED_SYNTHETIC
I0009336,SME002673,RM035,2026-04-29,BRANCH,CONNECTED,CONTROLLED_SYNTHETIC
I0009337,SME002673,RM035,2026-03-10,MEETING,CONNECTED,CONTROLLED_SYNTHETIC
I0009338,SME002673,RM035,2026-04-03,SECURE_MESSAGE,FOLLOW_UP,CONTROLLED_SYNTHETIC
I0009339,SME002673,RM035,2026-04-30,BRANCH,CONNECTED,CONTROLLED_SYNTHETIC
I0009340,SME002674,RM009,2026-04-12,CALL,FOLLOW_UP,CONTROLLED_SYNTHETIC
I0009341,SME002675,RM004,2026-02-04,BRANCH,NO_RESPONSE,CONTROLLED_SYNTHETIC
I0009342,SME002675,RM004,2026-07-18,MEETING,FOLLOW_UP,CONTROLLED_SYNTHETIC
I0009343,SME002675,RM004,2026-05-18,MEETING,NO_RESPONSE,CONTROLLED_SYNTHETIC
I0009344,SME002675,RM004,2025-08-30,BRANCH,NEEDS_REVIEW,CONTROLLED_SYNTHETIC
I0009345,SME002675,RM004,2025-11-23,SECURE_MESSAGE,FOLLOW_UP,CONTROLLED_SYNTHETIC
I0009346,SME002675,RM004,2025-11-16,MEETING,CONNECTED,CONTROLLED_SYNTHETIC
I0009347,SME002676,RM038,2025-11-05,SECURE_MESSAGE,CONNECTED,CONTROLLED_SYNTHETIC
I0009348,SME002676,RM038,2025-12-16,CALL,FOLLOW_UP,CONTROLLED_SYNTHETIC
I0009349,SME002676,RM038,2026-05-04,CALL,NO_RESPONSE,CONTROLLED_SYNTHETIC
I0009350,SME002676,RM038,2026-06-11,SECURE_MESSAGE,FOLLOW_UP,CONTROLLED_SYNTHETIC
I0009351,SME002677,RM041,2026-06-07,MEETING,CONNECTED,CONTROLLED_SYNTHETIC
I0009352,SME002677,RM041,2026-08-18,SECURE_MESSAGE,FOLLOW_UP,CONTROLLED_SYNTHETIC
I0009353,SME002677,RM041,2025-09-15,CALL,CONNECTED,CONTROLLED_SYNTHETIC
I0009354,SME002678,RM047,2025-12-20,SECURE_MESSAGE,NO_RESPONSE,CONTROLLED_SYNTHETIC
I0009355,SME002678,RM047,2026-04-13,CALL,FOLLOW_UP,CONTROLLED_SYNTHETIC
I0009356,SME002678,RM047,2026-06-07,BRANCH,FOLLOW_UP,CONTROLLED_SYNTHETIC
I0009357,SME002678,RM047,2025-11-08,SECURE_MESSAGE,NO_RESPONSE,CONTROLLED_SYNTHETIC
I0009358,SME002678,RM047,2025-12-19,MEETING,CONNECTED,CONTROLLED_SYNTHETIC
I0009359,SME002679,RM021,2026-07-21,SECURE_MESSAGE,FOLLOW_UP,CONTROLLED_SYNTHETIC
I0009360,SME002679,RM021,2026-07-22,MEETING,FOLLOW_UP,CONTROLLED_SYNTHETIC
I0009361,SME002679,RM021,2026-01-12,BRANCH,CONNECTED,CONTROLLED_SYNTHETIC
I0009362,SME002679,RM021,2026-08-15,CALL,FOLLOW_UP,CONTROLLED_SYNTHETIC
I0009363,SME002680,RM022,2026-03-11,CALL,CONNECTED,CONTROLLED_SYNTHETIC
I0009364,SME002681,RM015,2026-01-09,CALL,NO_RESPONSE,CONTROLLED_SYNTHETIC
I0009365,SME002682,RM029,2025-10-17,CALL,NO_RESPONSE,CONTROLLED_SYNTHETIC
I0009366,SME002682,RM029,2026-02-06,BRANCH,CONNECTED,CONTROLLED_SYNTHETIC
I0009367,SME002682,RM029,2025-12-06,CALL,NO_RESPONSE,CONTROLLED_SYNTHETIC
I0009368,SME002682,RM029,2026-07-05,SECURE_MESSAGE,NO_RESPONSE,CONTROLLED_SYNTHETIC
I0009369,SME002683,RM036,2025-12-27,MEETING,FOLLOW_UP,CONTROLLED_SYNTHETIC
I0009370,SME002683,RM036,2026-04-18,MEETING,CONNECTED,CONTROLLED_SYNTHETIC
I0009371,SME002683,RM036,2026-03-31,MEETING,CONNECTED,CONTROLLED_SYNTHETIC
I0009372,SME002683,RM036,2026-05-24,BRANCH,FOLLOW_UP,CONTROLLED_SYNTHETIC
I0009373,SME002683,RM036,2025-10-08,CALL,FOLLOW_UP,CONTROLLED_SYNTHETIC
I0009374,SME002683,RM036,2026-01-04,BRANCH,NO_RESPONSE,CONTROLLED_SYNTHETIC
I0009375,SME002684,RM013,2026-07-25,BRANCH,FOLLOW_UP,CONTROLLED_SYNTHETIC
I0009376,SME002684,RM013,2025-10-20,CALL,FOLLOW_UP,CONTROLLED_SYNTHETIC
I0009377,SME002684,RM013,2026-05-07,BRANCH,NO_RESPONSE,CONTROLLED_SYNTHETIC
I0009378,SME002684,RM013,2026-01-01,BRANCH,FOLLOW_UP,CONTROLLED_SYNTHETIC
I0009379,SME002684,RM013,2026-08-02,BRANCH,FOLLOW_UP,CONTROLLED_SYNTHETIC
I0009380,SME002685,RM031,2026-02-13,BRANCH,NO_RESPONSE,CONTROLLED_SYNTHETIC
I0009381,SME002685,RM031,2025-10-10,CALL,CONNECTED,CONTROLLED_SYNTHETIC
I0009382,SME002685,RM031,2025-11-16,BRANCH,NO_RESPONSE,CONTROLLED_SYNTHETIC
I0009383,SME002685,RM031,2026-07-21,MEETING,FOLLOW_UP,CONTROLLED_SYNTHETIC
I0009384,SME002685,RM031,2025-11-05,MEETING,NO_RESPONSE,CONTROLLED_SYNTHETIC
I0009385,SME002686,RM043,2026-02-15,BRANCH,CONNECTED,CONTROLLED_SYNTHETIC
I0009386,SME002686,RM043,2026-08-13,BRANCH,CONNECTED,CONTROLLED_SYNTHETIC
I0009387,SME002686,RM043,2025-10-09,SECURE_MESSAGE,CONNECTED,CONTROLLED_SYNTHETIC
I0009388,SME002686,RM043,2026-02-20,SECURE_MESSAGE,CONNECTED,CONTROLLED_SYNTHETIC
I0009389,SME002686,RM043,2026-07-01,CALL,CONNECTED,CONTROLLED_SYNTHETIC
I0009390,SME002686,RM043,2026-04-21,BRANCH,CONNECTED,CONTROLLED_SYNTHETIC
I0009391,SME002687,RM047,2026-03-07,BRANCH,NO_RESPONSE,CONTROLLED_SYNTHETIC
I0009392,SME002687,RM047,2025-11-12,MEETING,CONNECTED,CONTROLLED_SYNTHETIC
I0009393,SME002687,RM047,2026-07-10,MEETING,CONNECTED,CONTROLLED_SYNTHETIC
I0009394,SME002687,RM047,2026-07-23,SECURE_MESSAGE,CONNECTED,CONTROLLED_SYNTHETIC
I0009395,SME002688,RM021,2025-11-26,MEETING,NO_RESPONSE,CONTROLLED_SYNTHETIC
I0009396,SME002689,RM038,2026-02-20,BRANCH,NO_RESPONSE,CONTROLLED_SYNTHETIC
I0009397,SME002690,RM015,2026-06-29,BRANCH,FOLLOW_UP,CONTROLLED_SYNTHETIC
I0009398,SME002690,RM015,2026-07-26,BRANCH,NO_RESPONSE,CONTROLLED_SYNTHETIC
I0009399,SME002690,RM015,2026-04-17,SECURE_MESSAGE,FOLLOW_UP,CONTROLLED_SYNTHETIC
I0009400,SME002690,RM015,2026-03-02,MEETING,NO_RESPONSE,CONTROLLED_SYNTHETIC
I0009401,SME002690,RM015,2026-04-06,CALL,NO_RESPONSE,CONTROLLED_SYNTHETIC
I0009402,SME002690,RM015,2025-10-19,CALL,FOLLOW_UP,CONTROLLED_SYNTHETIC
I0009403,SME002691,RM034,2026-01-05,SECURE_MESSAGE,FOLLOW_UP,CONTROLLED_SYNTHETIC
I0009404,SME002691,RM034,2026-06-17,BRANCH,CONNECTED,CONTROLLED_SYNTHETIC
I0009405,SME002691,RM034,2026-03-23,MEETING,CONNECTED,CONTROLLED_SYNTHETIC
I0009406,SME002691,RM034,2026-04-15,BRANCH,CONNECTED,CONTROLLED_SYNTHETIC
I0009407,SME002691,RM034,2026-01-16,BRANCH,CONNECTED,CONTROLLED_SYNTHETIC
I0009408,SME002691,RM034,2025-10-07,BRANCH,CONNECTED,CONTROLLED_SYNTHETIC
I0009409,SME002692,RM027,2026-02-21,CALL,FOLLOW_UP,CONTROLLED_SYNTHETIC
I0009410,SME002692,RM027,2026-03-03,SECURE_MESSAGE,NEEDS_REVIEW,CONTROLLED_SYNTHETIC
I0009411,SME002692,RM027,2026-03-13,BRANCH,CONNECTED,CONTROLLED_SYNTHETIC
I0009412,SME002693,RM016,2025-12-31,BRANCH,CONNECTED,CONTROLLED_SYNTHETIC
I0009413,SME002694,RM017,2026-02-02,SECURE_MESSAGE,CONNECTED,CONTROLLED_SYNTHETIC
I0009414,SME002694,RM017,2026-02-01,MEETING,FOLLOW_UP,CONTROLLED_SYNTHETIC
I0009415,SME002694,RM017,2025-09-11,SECURE_MESSAGE,CONNECTED,CONTROLLED_SYNTHETIC
I0009416,SME002695,RM002,2026-04-03,SECURE_MESSAGE,FOLLOW_UP,CONTROLLED_SYNTHETIC
I0009417,SME002695,RM002,2025-08-24,CALL,NEEDS_REVIEW,CONTROLLED_SYNTHETIC
I0009418,SME002695,RM002,2025-11-26,CALL,CONNECTED,CONTROLLED_SYNTHETIC
I0009419,SME002695,RM002,2025-10-17,BRANCH,CONNECTED,CONTROLLED_SYNTHETIC
I0009420,SME002696,RM027,2026-05-23,BRANCH,NO_RESPONSE,CONTROLLED_SYNTHETIC
I0009421,SME002697,RM041,2025-10-22,MEETING,FOLLOW_UP,CONTROLLED_SYNTHETIC
I0009422,SME002697,RM041,2025-12-04,SECURE_MESSAGE,FOLLOW_UP,CONTROLLED_SYNTHETIC
I0009423,SME002697,RM041,2025-09-27,BRANCH,CONNECTED,CONTROLLED_SYNTHETIC
I0009424,SME002697,RM041,2026-04-02,CALL,FOLLOW_UP,CONTROLLED_SYNTHETIC
I0009425,SME002697,RM041,2026-08-05,MEETING,NO_RESPONSE,CONTROLLED_SYNTHETIC
I0009426,SME002698,RM046,2026-06-03,BRANCH,CONNECTED,CONTROLLED_SYNTHETIC
I0009427,SME002698,RM046,2025-11-12,BRANCH,NEEDS_REVIEW,CONTROLLED_SYNTHETIC
I0009428,SME002698,RM046,2026-07-30,SECURE_MESSAGE,FOLLOW_UP,CONTROLLED_SYNTHETIC
I0009429,SME002698,RM046,2025-12-09,MEETING,CONNECTED,CONTROLLED_SYNTHETIC
I0009430,SME002699,RM030,2026-08-11,SECURE_MESSAGE,NEEDS_REVIEW,CONTROLLED_SYNTHETIC
I0009431,SME002700,RM009,2025-09-02,MEETING,CONNECTED,CONTROLLED_SYNTHETIC
I0009432,SME002700,RM009,2025-12-03,CALL,CONNECTED,CONTROLLED_SYNTHETIC
I0009433,SME002701,RM010,2026-02-21,SECURE_MESSAGE,FOLLOW_UP,CONTROLLED_SYNTHETIC
I0009434,SME002701,RM010,2026-06-26,CALL,CONNECTED,CONTROLLED_SYNTHETIC
I0009435,SME002701,RM010,2025-12-16,BRANCH,FOLLOW_UP,CONTROLLED_SYNTHETIC
I0009436,SME002701,RM010,2026-06-18,BRANCH,NO_RESPONSE,CONTROLLED_SYNTHETIC
I0009437,SME002702,RM031,2025-10-13,MEETING,CONNECTED,CONTROLLED_SYNTHETIC
I0009438,SME002702,RM031,2026-06-13,MEETING,NO_RESPONSE,CONTROLLED_SYNTHETIC
I0009439,SME002702,RM031,2026-05-06,CALL,FOLLOW_UP,CONTROLLED_SYNTHETIC
I0009440,SME002702,RM031,2026-03-26,MEETING,NEEDS_REVIEW,CONTROLLED_SYNTHETIC
I0009441,SME002702,RM031,2025-10-23,SECURE_MESSAGE,FOLLOW_UP,CONTROLLED_SYNTHETIC
I0009442,SME002703,RM040,2026-05-01,MEETING,FOLLOW_UP,CONTROLLED_SYNTHETIC
I0009443,SME002703,RM040,2026-08-12,CALL,CONNECTED,CONTROLLED_SYNTHETIC
I0009444,SME002703,RM040,2026-03-11,CALL,CONNECTED,CONTROLLED_SYNTHETIC
I0009445,SME002703,RM040,2025-12-15,BRANCH,CONNECTED,CONTROLLED_SYNTHETIC
I0009446,SME002703,RM040,2026-01-16,BRANCH,FOLLOW_UP,CONTROLLED_SYNTHETIC
I0009447,SME002704,RM015,2026-05-04,BRANCH,FOLLOW_UP,CONTROLLED_SYNTHETIC
I0009448,SME002705,RM035,2025-11-30,CALL,NO_RESPONSE,CONTROLLED_SYNTHETIC
I0009449,SME002705,RM035,2026-05-28,BRANCH,NO_RESPONSE,CONTROLLED_SYNTHETIC
I0009450,SME002705,RM035,2026-08-13,CALL,FOLLOW_UP,CONTROLLED_SYNTHETIC
I0009451,SME002705,RM035,2025-10-29,BRANCH,CONNECTED,CONTROLLED_SYNTHETIC
I0009452,SME002706,RM030,2025-11-27,MEETING,CONNECTED,CONTROLLED_SYNTHETIC
I0009453,SME002706,RM030,2026-04-16,SECURE_MESSAGE,CONNECTED,CONTROLLED_SYNTHETIC
I0009454,SME002706,RM030,2026-05-14,CALL,FOLLOW_UP,CONTROLLED_SYNTHETIC
I0009455,SME002706,RM030,2026-02-11,SECURE_MESSAGE,NO_RESPONSE,CONTROLLED_SYNTHETIC
I0009456,SME002706,RM030,2026-08-10,CALL,CONNECTED,CONTROLLED_SYNTHETIC
I0009457,SME002707,RM006,2026-02-19,MEETING,FOLLOW_UP,CONTROLLED_SYNTHETIC
I0009458,SME002707,RM006,2026-02-27,MEETING,NO_RESPONSE,CONTROLLED_SYNTHETIC
I0009459,SME002707,RM006,2025-11-10,CALL,NO_RESPONSE,CONTROLLED_SYNTHETIC
I0009460,SME002707,RM006,2026-06-22,MEETING,CONNECTED,CONTROLLED_SYNTHETIC
I0009461,SME002707,RM006,2025-10-25,CALL,NO_RESPONSE,CONTROLLED_SYNTHETIC
I0009462,SME002708,RM013,2026-01-07,BRANCH,CONNECTED,CONTROLLED_SYNTHETIC
I0009463,SME002709,RM009,2026-02-02,BRANCH,FOLLOW_UP,CONTROLLED_SYNTHETIC
I0009464,SME002710,RM007,2026-05-26,MEETING,FOLLOW_UP,CONTROLLED_SYNTHETIC
I0009465,SME002711,RM037,2026-01-15,BRANCH,NO_RESPONSE,CONTROLLED_SYNTHETIC
I0009466,SME002711,RM037,2026-07-20,CALL,FOLLOW_UP,CONTROLLED_SYNTHETIC
I0009467,SME002712,RM032,2026-01-19,CALL,NO_RESPONSE,CONTROLLED_SYNTHETIC
I0009468,SME002712,RM032,2026-05-03,CALL,CONNECTED,CONTROLLED_SYNTHETIC
I0009469,SME002712,RM032,2025-12-18,CALL,NO_RESPONSE,CONTROLLED_SYNTHETIC
I0009470,SME002712,RM032,2025-12-15,MEETING,CONNECTED,CONTROLLED_SYNTHETIC
I0009471,SME002712,RM032,2026-01-24,BRANCH,CONNECTED,CONTROLLED_SYNTHETIC
I0009472,SME002713,RM009,2026-06-04,MEETING,NO_RESPONSE,CONTROLLED_SYNTHETIC
I0009473,SME002713,RM009,2026-05-01,BRANCH,FOLLOW_UP,CONTROLLED_SYNTHETIC
I0009474,SME002714,RM033,2026-05-24,BRANCH,CONNECTED,CONTROLLED_SYNTHETIC
I0009475,SME002714,RM033,2025-11-01,BRANCH,CONNECTED,CONTROLLED_SYNTHETIC
I0009476,SME002714,RM033,2026-08-03,CALL,CONNECTED,CONTROLLED_SYNTHETIC
I0009477,SME002714,RM033,2026-01-10,CALL,NEEDS_REVIEW,CONTROLLED_SYNTHETIC
I0009478,SME002714,RM033,2026-07-08,BRANCH,CONNECTED,CONTROLLED_SYNTHETIC
I0009479,SME002714,RM033,2025-09-03,MEETING,FOLLOW_UP,CONTROLLED_SYNTHETIC
I0009480,SME002715,RM029,2025-08-26,MEETING,CONNECTED,CONTROLLED_SYNTHETIC
I0009481,SME002715,RM029,2026-04-15,BRANCH,CONNECTED,CONTROLLED_SYNTHETIC
I0009482,SME002715,RM029,2025-12-01,CALL,FOLLOW_UP,CONTROLLED_SYNTHETIC
I0009483,SME002716,RM037,2026-01-10,CALL,CONNECTED,CONTROLLED_SYNTHETIC
I0009484,SME002716,RM037,2026-05-11,MEETING,CONNECTED,CONTROLLED_SYNTHETIC
I0009485,SME002716,RM037,2025-12-20,MEETING,FOLLOW_UP,CONTROLLED_SYNTHETIC
I0009486,SME002717,RM019,2026-08-18,MEETING,CONNECTED,CONTROLLED_SYNTHETIC
I0009487,SME002717,RM019,2026-08-17,MEETING,CONNECTED,CONTROLLED_SYNTHETIC
I0009488,SME002718,RM002,2026-03-10,SECURE_MESSAGE,FOLLOW_UP,CONTROLLED_SYNTHETIC
I0009489,SME002718,RM002,2025-12-06,CALL,CONNECTED,CONTROLLED_SYNTHETIC
I0009490,SME002718,RM002,2026-05-21,CALL,NO_RESPONSE,CONTROLLED_SYNTHETIC
I0009491,SME002718,RM002,2026-02-01,CALL,FOLLOW_UP,CONTROLLED_SYNTHETIC
I0009492,SME002718,RM002,2026-08-09,CALL,NO_RESPONSE,CONTROLLED_SYNTHETIC
I0009493,SME002718,RM002,2026-05-12,BRANCH,NO_RESPONSE,CONTROLLED_SYNTHETIC
I0009494,SME002719,RM005,2026-03-22,BRANCH,NO_RESPONSE,CONTROLLED_SYNTHETIC
I0009495,SME002719,RM005,2026-08-08,CALL,CONNECTED,CONTROLLED_SYNTHETIC
I0009496,SME002719,RM005,2025-12-23,BRANCH,CONNECTED,CONTROLLED_SYNTHETIC
I0009497,SME002719,RM005,2025-11-29,CALL,FOLLOW_UP,CONTROLLED_SYNTHETIC
I0009498,SME002719,RM005,2026-01-04,CALL,CONNECTED,CONTROLLED_SYNTHETIC
I0009499,SME002720,RM019,2026-07-11,BRANCH,CONNECTED,CONTROLLED_SYNTHETIC
I0009500,SME002721,RM038,2026-03-30,BRANCH,NO_RESPONSE,CONTROLLED_SYNTHETIC
I0009501,SME002722,RM028,2026-02-08,CALL,NEEDS_REVIEW,CONTROLLED_SYNTHETIC
I0009502,SME002722,RM028,2026-03-28,SECURE_MESSAGE,CONNECTED,CONTROLLED_SYNTHETIC
I0009503,SME002722,RM028,2025-10-08,SECURE_MESSAGE,CONNECTED,CONTROLLED_SYNTHETIC
I0009504,SME002722,RM028,2025-10-11,CALL,CONNECTED,CONTROLLED_SYNTHETIC
I0009505,SME002722,RM028,2025-12-09,SECURE_MESSAGE,FOLLOW_UP,CONTROLLED_SYNTHETIC
I0009506,SME002723,RM009,2025-09-01,BRANCH,FOLLOW_UP,CONTROLLED_SYNTHETIC
I0009507,SME002724,RM047,2025-12-03,BRANCH,NO_RESPONSE,CONTROLLED_SYNTHETIC
I0009508,SME002725,RM041,2026-01-03,MEETING,CONNECTED,CONTROLLED_SYNTHETIC
I0009509,SME002726,RM008,2026-07-02,SECURE_MESSAGE,FOLLOW_UP,CONTROLLED_SYNTHETIC
I0009510,SME002726,RM008,2025-12-07,SECURE_MESSAGE,CONNECTED,CONTROLLED_SYNTHETIC
I0009511,SME002726,RM008,2026-05-25,MEETING,FOLLOW_UP,CONTROLLED_SYNTHETIC
I0009512,SME002726,RM008,2026-01-10,BRANCH,CONNECTED,CONTROLLED_SYNTHETIC
I0009513,SME002726,RM008,2025-11-03,BRANCH,CONNECTED,CONTROLLED_SYNTHETIC
I0009514,SME002726,RM008,2025-10-29,CALL,FOLLOW_UP,CONTROLLED_SYNTHETIC
I0009515,SME002727,RM039,2026-05-03,CALL,CONNECTED,CONTROLLED_SYNTHETIC
I0009516,SME002728,RM033,2026-05-20,SECURE_MESSAGE,CONNECTED,CONTROLLED_SYNTHETIC
I0009517,SME002728,RM033,2026-02-05,SECURE_MESSAGE,FOLLOW_UP,CONTROLLED_SYNTHETIC
I0009518,SME002729,RM045,2026-02-02,SECURE_MESSAGE,CONNECTED,CONTROLLED_SYNTHETIC
I0009519,SME002729,RM045,2026-04-29,MEETING,NO_RESPONSE,CONTROLLED_SYNTHETIC
I0009520,SME002730,RM012,2026-05-04,MEETING,CONNECTED,CONTROLLED_SYNTHETIC
I0009521,SME002730,RM012,2026-08-02,SECURE_MESSAGE,FOLLOW_UP,CONTROLLED_SYNTHETIC
I0009522,SME002730,RM012,2025-11-13,CALL,NO_RESPONSE,CONTROLLED_SYNTHETIC
I0009523,SME002731,RM008,2026-08-06,CALL,CONNECTED,CONTROLLED_SYNTHETIC
I0009524,SME002731,RM008,2025-12-12,BRANCH,NO_RESPONSE,CONTROLLED_SYNTHETIC
I0009525,SME002731,RM008,2025-11-27,CALL,CONNECTED,CONTROLLED_SYNTHETIC
I0009526,SME002732,RM029,2026-04-24,BRANCH,FOLLOW_UP,CONTROLLED_SYNTHETIC
I0009527,SME002732,RM029,2026-07-16,BRANCH,FOLLOW_UP,CONTROLLED_SYNTHETIC
I0009528,SME002732,RM029,2026-08-08,MEETING,NO_RESPONSE,CONTROLLED_SYNTHETIC
I0009529,SME002732,RM029,2026-06-27,CALL,FOLLOW_UP,CONTROLLED_SYNTHETIC
I0009530,SME002732,RM029,2026-05-07,SECURE_MESSAGE,NEEDS_REVIEW,CONTROLLED_SYNTHETIC
I0009531,SME002732,RM029,2026-07-11,SECURE_MESSAGE,NO_RESPONSE,CONTROLLED_SYNTHETIC
I0009532,SME002733,RM019,2025-11-19,BRANCH,CONNECTED,CONTROLLED_SYNTHETIC
I0009533,SME002733,RM019,2026-01-05,MEETING,NO_RESPONSE,CONTROLLED_SYNTHETIC
I0009534,SME002733,RM019,2026-05-19,CALL,NEEDS_REVIEW,CONTROLLED_SYNTHETIC
I0009535,SME002733,RM019,2025-08-23,SECURE_MESSAGE,CONNECTED,CONTROLLED_SYNTHETIC
I0009536,SME002733,RM019,2026-07-19,MEETING,FOLLOW_UP,CONTROLLED_SYNTHETIC
I0009537,SME002734,RM020,2026-01-30,CALL,NO_RESPONSE,CONTROLLED_SYNTHETIC
I0009538,SME002734,RM020,2025-10-13,MEETING,FOLLOW_UP,CONTROLLED_SYNTHETIC
I0009539,SME002734,RM020,2026-06-10,CALL,FOLLOW_UP,CONTROLLED_SYNTHETIC
I0009540,SME002734,RM020,2025-12-20,CALL,FOLLOW_UP,CONTROLLED_SYNTHETIC
I0009541,SME002734,RM020,2026-05-13,MEETING,FOLLOW_UP,CONTROLLED_SYNTHETIC
I0009542,SME002734,RM020,2025-12-01,CALL,NEEDS_REVIEW,CONTROLLED_SYNTHETIC
I0009543,SME002735,RM004,2026-02-18,CALL,CONNECTED,CONTROLLED_SYNTHETIC
I0009544,SME002735,RM004,2026-01-21,CALL,NO_RESPONSE,CONTROLLED_SYNTHETIC
I0009545,SME002735,RM004,2025-10-28,SECURE_MESSAGE,CONNECTED,CONTROLLED_SYNTHETIC
I0009546,SME002735,RM004,2026-05-30,SECURE_MESSAGE,CONNECTED,CONTROLLED_SYNTHETIC
I0009547,SME002736,RM009,2025-12-05,MEETING,FOLLOW_UP,CONTROLLED_SYNTHETIC
I0009548,SME002736,RM009,2026-08-05,BRANCH,CONNECTED,CONTROLLED_SYNTHETIC
I0009549,SME002736,RM009,2026-03-24,BRANCH,NEEDS_REVIEW,CONTROLLED_SYNTHETIC
I0009550,SME002737,RM002,2026-06-24,CALL,CONNECTED,CONTROLLED_SYNTHETIC
I0009551,SME002737,RM002,2025-11-30,CALL,CONNECTED,CONTROLLED_SYNTHETIC
I0009552,SME002738,RM009,2025-10-22,BRANCH,CONNECTED,CONTROLLED_SYNTHETIC
I0009553,SME002738,RM009,2026-04-14,MEETING,CONNECTED,CONTROLLED_SYNTHETIC
I0009554,SME002738,RM009,2026-01-19,CALL,FOLLOW_UP,CONTROLLED_SYNTHETIC
I0009555,SME002739,RM009,2026-05-18,BRANCH,FOLLOW_UP,CONTROLLED_SYNTHETIC
I0009556,SME002739,RM009,2026-08-05,BRANCH,CONNECTED,CONTROLLED_SYNTHETIC
I0009557,SME002739,RM009,2026-04-22,MEETING,FOLLOW_UP,CONTROLLED_SYNTHETIC
I0009558,SME002740,RM002,2026-08-11,MEETING,CONNECTED,CONTROLLED_SYNTHETIC
I0009559,SME002740,RM002,2026-02-20,SECURE_MESSAGE,FOLLOW_UP,CONTROLLED_SYNTHETIC
I0009560,SME002740,RM002,2025-12-28,BRANCH,CONNECTED,CONTROLLED_SYNTHETIC
I0009561,SME002740,RM002,2026-01-09,MEETING,FOLLOW_UP,CONTROLLED_SYNTHETIC
I0009562,SME002741,RM041,2026-02-25,MEETING,FOLLOW_UP,CONTROLLED_SYNTHETIC
I0009563,SME002741,RM041,2025-12-29,CALL,CONNECTED,CONTROLLED_SYNTHETIC
I0009564,SME002741,RM041,2025-10-04,CALL,NEEDS_REVIEW,CONTROLLED_SYNTHETIC
I0009565,SME002741,RM041,2026-06-18,BRANCH,CONNECTED,CONTROLLED_SYNTHETIC
I0009566,SME002741,RM041,2026-04-15,BRANCH,CONNECTED,CONTROLLED_SYNTHETIC
I0009567,SME002742,RM047,2025-09-25,MEETING,NO_RESPONSE,CONTROLLED_SYNTHETIC
I0009568,SME002742,RM047,2025-09-30,CALL,NEEDS_REVIEW,CONTROLLED_SYNTHETIC
I0009569,SME002742,RM047,2026-08-17,SECURE_MESSAGE,CONNECTED,CONTROLLED_SYNTHETIC
I0009570,SME002743,RM038,2025-10-30,MEETING,FOLLOW_UP,CONTROLLED_SYNTHETIC
I0009571,SME002743,RM038,2026-04-15,MEETING,NO_RESPONSE,CONTROLLED_SYNTHETIC
I0009572,SME002743,RM038,2026-08-09,SECURE_MESSAGE,NEEDS_REVIEW,CONTROLLED_SYNTHETIC
I0009573,SME002743,RM038,2026-07-11,SECURE_MESSAGE,FOLLOW_UP,CONTROLLED_SYNTHETIC
I0009574,SME002743,RM038,2026-05-18,MEETING,NO_RESPONSE,CONTROLLED_SYNTHETIC
I0009575,SME002744,RM035,2025-10-10,SECURE_MESSAGE,FOLLOW_UP,CONTROLLED_SYNTHETIC
I0009576,SME002744,RM035,2026-04-10,MEETING,NO_RESPONSE,CONTROLLED_SYNTHETIC
I0009577,SME002744,RM035,2025-11-02,BRANCH,CONNECTED,CONTROLLED_SYNTHETIC
I0009578,SME002744,RM035,2026-01-28,MEETING,FOLLOW_UP,CONTROLLED_SYNTHETIC
I0009579,SME002745,RM004,2026-02-16,SECURE_MESSAGE,NEEDS_REVIEW,CONTROLLED_SYNTHETIC
I0009580,SME002745,RM004,2025-12-18,MEETING,FOLLOW_UP,CONTROLLED_SYNTHETIC
I0009581,SME002745,RM004,2026-04-09,BRANCH,NO_RESPONSE,CONTROLLED_SYNTHETIC
I0009582,SME002745,RM004,2026-08-18,SECURE_MESSAGE,CONNECTED,CONTROLLED_SYNTHETIC
I0009583,SME002745,RM004,2026-04-16,MEETING,FOLLOW_UP,CONTROLLED_SYNTHETIC
I0009584,SME002745,RM004,2026-02-17,SECURE_MESSAGE,CONNECTED,CONTROLLED_SYNTHETIC
I0009585,SME002746,RM023,2026-07-24,BRANCH,CONNECTED,CONTROLLED_SYNTHETIC
I0009586,SME002747,RM041,2026-01-25,MEETING,CONNECTED,CONTROLLED_SYNTHETIC
I0009587,SME002747,RM041,2026-03-01,CALL,CONNECTED,CONTROLLED_SYNTHETIC
I0009588,SME002748,RM015,2025-10-11,CALL,CONNECTED,CONTROLLED_SYNTHETIC
I0009589,SME002748,RM015,2026-08-16,MEETING,CONNECTED,CONTROLLED_SYNTHETIC
I0009590,SME002749,RM027,2026-05-10,BRANCH,NO_RESPONSE,CONTROLLED_SYNTHETIC
I0009591,SME002749,RM027,2025-10-23,BRANCH,FOLLOW_UP,CONTROLLED_SYNTHETIC
I0009592,SME002749,RM027,2026-02-25,SECURE_MESSAGE,NO_RESPONSE,CONTROLLED_SYNTHETIC
I0009593,SME002750,RM042,2026-05-26,MEETING,FOLLOW_UP,CONTROLLED_SYNTHETIC
I0009594,SME002751,RM011,2025-12-30,MEETING,CONNECTED,CONTROLLED_SYNTHETIC
I0009595,SME002751,RM011,2026-07-14,MEETING,NEEDS_REVIEW,CONTROLLED_SYNTHETIC
I0009596,SME002751,RM011,2025-11-20,CALL,CONNECTED,CONTROLLED_SYNTHETIC
I0009597,SME002751,RM011,2026-01-07,SECURE_MESSAGE,CONNECTED,CONTROLLED_SYNTHETIC
I0009598,SME002751,RM011,2025-12-06,MEETING,CONNECTED,CONTROLLED_SYNTHETIC
I0009599,SME002752,RM010,2025-08-23,CALL,NO_RESPONSE,CONTROLLED_SYNTHETIC
I0009600,SME002752,RM010,2025-09-02,CALL,CONNECTED,CONTROLLED_SYNTHETIC
I0009601,SME002753,RM011,2025-12-25,BRANCH,FOLLOW_UP,CONTROLLED_SYNTHETIC
I0009602,SME002753,RM011,2026-01-22,BRANCH,CONNECTED,CONTROLLED_SYNTHETIC
I0009603,SME002753,RM011,2026-04-20,BRANCH,CONNECTED,CONTROLLED_SYNTHETIC
I0009604,SME002753,RM011,2026-06-17,BRANCH,NEEDS_REVIEW,CONTROLLED_SYNTHETIC
I0009605,SME002754,RM036,2026-01-22,BRANCH,FOLLOW_UP,CONTROLLED_SYNTHETIC
I0009606,SME002754,RM036,2026-07-15,MEETING,NO_RESPONSE,CONTROLLED_SYNTHETIC
I0009607,SME002754,RM036,2026-02-07,BRANCH,CONNECTED,CONTROLLED_SYNTHETIC
I0009608,SME002754,RM036,2026-01-27,SECURE_MESSAGE,CONNECTED,CONTROLLED_SYNTHETIC
I0009609,SME002755,RM021,2025-08-30,SECURE_MESSAGE,NO_RESPONSE,CONTROLLED_SYNTHETIC
I0009610,SME002755,RM021,2026-01-14,SECURE_MESSAGE,NO_RESPONSE,CONTROLLED_SYNTHETIC
I0009611,SME002755,RM021,2026-08-12,SECURE_MESSAGE,CONNECTED,CONTROLLED_SYNTHETIC
I0009612,SME002755,RM021,2026-01-08,BRANCH,NO_RESPONSE,CONTROLLED_SYNTHETIC
I0009613,SME002755,RM021,2025-12-25,SECURE_MESSAGE,FOLLOW_UP,CONTROLLED_SYNTHETIC
I0009614,SME002755,RM021,2026-03-17,SECURE_MESSAGE,CONNECTED,CONTROLLED_SYNTHETIC
I0009615,SME002756,RM019,2025-09-25,SECURE_MESSAGE,CONNECTED,CONTROLLED_SYNTHETIC
I0009616,SME002756,RM019,2026-03-20,BRANCH,CONNECTED,CONTROLLED_SYNTHETIC
I0009617,SME002756,RM019,2026-04-17,CALL,CONNECTED,CONTROLLED_SYNTHETIC
I0009618,SME002756,RM019,2026-06-12,CALL,FOLLOW_UP,CONTROLLED_SYNTHETIC
I0009619,SME002757,RM032,2026-06-23,SECURE_MESSAGE,NO_RESPONSE,CONTROLLED_SYNTHETIC
I0009620,SME002757,RM032,2025-09-09,SECURE_MESSAGE,NO_RESPONSE,CONTROLLED_SYNTHETIC
I0009621,SME002757,RM032,2026-02-11,BRANCH,CONNECTED,CONTROLLED_SYNTHETIC
I0009622,SME002757,RM032,2025-09-13,SECURE_MESSAGE,NO_RESPONSE,CONTROLLED_SYNTHETIC
I0009623,SME002757,RM032,2026-04-16,CALL,NEEDS_REVIEW,CONTROLLED_SYNTHETIC
I0009624,SME002758,RM026,2025-10-06,CALL,CONNECTED,CONTROLLED_SYNTHETIC
I0009625,SME002758,RM026,2025-11-03,CALL,CONNECTED,CONTROLLED_SYNTHETIC
I0009626,SME002758,RM026,2026-02-18,MEETING,CONNECTED,CONTROLLED_SYNTHETIC
I0009627,SME002758,RM026,2025-12-09,SECURE_MESSAGE,FOLLOW_UP,CONTROLLED_SYNTHETIC
I0009628,SME002759,RM021,2025-08-23,BRANCH,CONNECTED,CONTROLLED_SYNTHETIC
I0009629,SME002759,RM021,2025-09-05,SECURE_MESSAGE,CONNECTED,CONTROLLED_SYNTHETIC
I0009630,SME002759,RM021,2026-01-23,SECURE_MESSAGE,CONNECTED,CONTROLLED_SYNTHETIC
I0009631,SME002759,RM021,2026-08-01,SECURE_MESSAGE,CONNECTED,CONTROLLED_SYNTHETIC
I0009632,SME002760,RM007,2025-08-25,BRANCH,CONNECTED,CONTROLLED_SYNTHETIC
I0009633,SME002760,RM007,2026-08-05,BRANCH,CONNECTED,CONTROLLED_SYNTHETIC
I0009634,SME002761,RM036,2026-01-01,MEETING,FOLLOW_UP,CONTROLLED_SYNTHETIC
I0009635,SME002761,RM036,2025-09-09,BRANCH,CONNECTED,CONTROLLED_SYNTHETIC
I0009636,SME002761,RM036,2026-01-11,CALL,CONNECTED,CONTROLLED_SYNTHETIC
I0009637,SME002762,RM021,2025-11-23,CALL,FOLLOW_UP,CONTROLLED_SYNTHETIC
I0009638,SME002762,RM021,2025-10-30,BRANCH,FOLLOW_UP,CONTROLLED_SYNTHETIC
I0009639,SME002762,RM021,2026-02-03,SECURE_MESSAGE,CONNECTED,CONTROLLED_SYNTHETIC
I0009640,SME002762,RM021,2025-10-23,BRANCH,NO_RESPONSE,CONTROLLED_SYNTHETIC
I0009641,SME002762,RM021,2025-08-23,SECURE_MESSAGE,NO_RESPONSE,CONTROLLED_SYNTHETIC
I0009642,SME002762,RM021,2026-03-12,CALL,FOLLOW_UP,CONTROLLED_SYNTHETIC
I0009643,SME002763,RM003,2026-04-14,BRANCH,FOLLOW_UP,CONTROLLED_SYNTHETIC
I0009644,SME002763,RM003,2025-09-26,BRANCH,CONNECTED,CONTROLLED_SYNTHETIC
I0009645,SME002763,RM003,2025-10-18,CALL,FOLLOW_UP,CONTROLLED_SYNTHETIC
I0009646,SME002763,RM003,2026-04-28,CALL,FOLLOW_UP,CONTROLLED_SYNTHETIC
I0009647,SME002763,RM003,2026-07-18,SECURE_MESSAGE,CONNECTED,CONTROLLED_SYNTHETIC
I0009648,SME002763,RM003,2025-12-21,BRANCH,NO_RESPONSE,CONTROLLED_SYNTHETIC
I0009649,SME002764,RM029,2026-08-16,BRANCH,CONNECTED,CONTROLLED_SYNTHETIC
I0009650,SME002764,RM029,2026-07-31,BRANCH,FOLLOW_UP,CONTROLLED_SYNTHETIC
I0009651,SME002764,RM029,2026-07-08,MEETING,CONNECTED,CONTROLLED_SYNTHETIC
I0009652,SME002764,RM029,2025-10-16,CALL,CONNECTED,CONTROLLED_SYNTHETIC
I0009653,SME002765,RM002,2026-01-03,CALL,CONNECTED,CONTROLLED_SYNTHETIC
I0009654,SME002765,RM002,2026-02-05,CALL,CONNECTED,CONTROLLED_SYNTHETIC
I0009655,SME002766,RM040,2026-04-19,MEETING,FOLLOW_UP,CONTROLLED_SYNTHETIC
I0009656,SME002767,RM001,2026-08-01,SECURE_MESSAGE,FOLLOW_UP,CONTROLLED_SYNTHETIC
I0009657,SME002767,RM001,2026-03-20,MEETING,NO_RESPONSE,CONTROLLED_SYNTHETIC
I0009658,SME002768,RM043,2025-09-03,SECURE_MESSAGE,NO_RESPONSE,CONTROLLED_SYNTHETIC
I0009659,SME002768,RM043,2026-04-02,SECURE_MESSAGE,NO_RESPONSE,CONTROLLED_SYNTHETIC
I0009660,SME002768,RM043,2026-08-17,SECURE_MESSAGE,FOLLOW_UP,CONTROLLED_SYNTHETIC
I0009661,SME002768,RM043,2026-02-08,SECURE_MESSAGE,FOLLOW_UP,CONTROLLED_SYNTHETIC
I0009662,SME002768,RM043,2025-10-12,BRANCH,FOLLOW_UP,CONTROLLED_SYNTHETIC
I0009663,SME002768,RM043,2026-02-22,CALL,CONNECTED,CONTROLLED_SYNTHETIC
I0009664,SME002769,RM021,2026-01-01,MEETING,FOLLOW_UP,CONTROLLED_SYNTHETIC
I0009665,SME002769,RM021,2026-04-17,BRANCH,CONNECTED,CONTROLLED_SYNTHETIC
I0009666,SME002770,RM046,2026-06-24,MEETING,FOLLOW_UP,CONTROLLED_SYNTHETIC
I0009667,SME002770,RM046,2025-09-17,SECURE_MESSAGE,CONNECTED,CONTROLLED_SYNTHETIC
I0009668,SME002770,RM046,2025-11-18,MEETING,NO_RESPONSE,CONTROLLED_SYNTHETIC
I0009669,SME002771,RM045,2026-06-30,BRANCH,FOLLOW_UP,CONTROLLED_SYNTHETIC
I0009670,SME002772,RM041,2026-05-19,MEETING,CONNECTED,CONTROLLED_SYNTHETIC
I0009671,SME002772,RM041,2025-10-24,SECURE_MESSAGE,FOLLOW_UP,CONTROLLED_SYNTHETIC
I0009672,SME002773,RM036,2026-03-22,CALL,CONNECTED,CONTROLLED_SYNTHETIC
I0009673,SME002773,RM036,2026-05-05,CALL,FOLLOW_UP,CONTROLLED_SYNTHETIC
I0009674,SME002773,RM036,2025-09-08,MEETING,NO_RESPONSE,CONTROLLED_SYNTHETIC
I0009675,SME002773,RM036,2026-06-11,MEETING,FOLLOW_UP,CONTROLLED_SYNTHETIC
I0009676,SME002773,RM036,2026-01-19,BRANCH,CONNECTED,CONTROLLED_SYNTHETIC
I0009677,SME002773,RM036,2025-11-28,MEETING,FOLLOW_UP,CONTROLLED_SYNTHETIC
I0009678,SME002774,RM044,2026-07-28,SECURE_MESSAGE,CONNECTED,CONTROLLED_SYNTHETIC
I0009679,SME002774,RM044,2025-10-31,BRANCH,CONNECTED,CONTROLLED_SYNTHETIC
I0009680,SME002774,RM044,2025-12-31,BRANCH,NEEDS_REVIEW,CONTROLLED_SYNTHETIC
I0009681,SME002774,RM044,2026-03-24,MEETING,FOLLOW_UP,CONTROLLED_SYNTHETIC
I0009682,SME002775,RM046,2026-06-01,BRANCH,CONNECTED,CONTROLLED_SYNTHETIC
I0009683,SME002776,RM045,2026-01-14,SECURE_MESSAGE,CONNECTED,CONTROLLED_SYNTHETIC
I0009684,SME002776,RM045,2025-12-19,MEETING,CONNECTED,CONTROLLED_SYNTHETIC
I0009685,SME002776,RM045,2026-07-02,CALL,NO_RESPONSE,CONTROLLED_SYNTHETIC
I0009686,SME002777,RM025,2026-04-01,CALL,NEEDS_REVIEW,CONTROLLED_SYNTHETIC
I0009687,SME002777,RM025,2025-10-01,CALL,FOLLOW_UP,CONTROLLED_SYNTHETIC
I0009688,SME002777,RM025,2026-06-04,BRANCH,CONNECTED,CONTROLLED_SYNTHETIC
I0009689,SME002777,RM025,2025-12-09,SECURE_MESSAGE,NO_RESPONSE,CONTROLLED_SYNTHETIC
I0009690,SME002777,RM025,2026-07-11,MEETING,NO_RESPONSE,CONTROLLED_SYNTHETIC
I0009691,SME002777,RM025,2026-03-04,MEETING,CONNECTED,CONTROLLED_SYNTHETIC
I0009692,SME002778,RM042,2026-01-04,SECURE_MESSAGE,CONNECTED,CONTROLLED_SYNTHETIC
I0009693,SME002778,RM042,2025-10-28,SECURE_MESSAGE,CONNECTED,CONTROLLED_SYNTHETIC
I0009694,SME002779,RM037,2026-04-19,MEETING,CONNECTED,CONTROLLED_SYNTHETIC
I0009695,SME002779,RM037,2025-10-26,CALL,FOLLOW_UP,CONTROLLED_SYNTHETIC
I0009696,SME002779,RM037,2026-06-21,MEETING,FOLLOW_UP,CONTROLLED_SYNTHETIC
I0009697,SME002779,RM037,2026-06-15,SECURE_MESSAGE,FOLLOW_UP,CONTROLLED_SYNTHETIC
I0009698,SME002780,RM029,2026-07-18,CALL,CONNECTED,CONTROLLED_SYNTHETIC
I0009699,SME002780,RM029,2026-08-15,SECURE_MESSAGE,NO_RESPONSE,CONTROLLED_SYNTHETIC
I0009700,SME002780,RM029,2026-05-02,MEETING,FOLLOW_UP,CONTROLLED_SYNTHETIC
I0009701,SME002781,RM029,2026-01-05,BRANCH,FOLLOW_UP,CONTROLLED_SYNTHETIC
I0009702,SME002782,RM036,2025-11-16,BRANCH,CONNECTED,CONTROLLED_SYNTHETIC
I0009703,SME002782,RM036,2025-12-17,BRANCH,NO_RESPONSE,CONTROLLED_SYNTHETIC
I0009704,SME002782,RM036,2026-03-26,CALL,FOLLOW_UP,CONTROLLED_SYNTHETIC
I0009705,SME002782,RM036,2025-12-06,MEETING,NEEDS_REVIEW,CONTROLLED_SYNTHETIC
I0009706,SME002782,RM036,2026-02-05,SECURE_MESSAGE,NO_RESPONSE,CONTROLLED_SYNTHETIC
I0009707,SME002783,RM010,2025-09-18,CALL,CONNECTED,CONTROLLED_SYNTHETIC
I0009708,SME002783,RM010,2026-03-01,MEETING,FOLLOW_UP,CONTROLLED_SYNTHETIC
I0009709,SME002783,RM010,2025-11-13,BRANCH,FOLLOW_UP,CONTROLLED_SYNTHETIC
I0009710,SME002783,RM010,2025-10-26,MEETING,NO_RESPONSE,CONTROLLED_SYNTHETIC
I0009711,SME002784,RM029,2026-03-15,CALL,FOLLOW_UP,CONTROLLED_SYNTHETIC
I0009712,SME002784,RM029,2026-04-20,SECURE_MESSAGE,CONNECTED,CONTROLLED_SYNTHETIC
I0009713,SME002785,RM004,2026-06-17,MEETING,NEEDS_REVIEW,CONTROLLED_SYNTHETIC
I0009714,SME002785,RM004,2025-12-31,BRANCH,NEEDS_REVIEW,CONTROLLED_SYNTHETIC
I0009715,SME002786,RM010,2025-11-11,MEETING,CONNECTED,CONTROLLED_SYNTHETIC
I0009716,SME002786,RM010,2025-12-21,SECURE_MESSAGE,CONNECTED,CONTROLLED_SYNTHETIC
I0009717,SME002786,RM010,2026-07-18,SECURE_MESSAGE,CONNECTED,CONTROLLED_SYNTHETIC
I0009718,SME002786,RM010,2026-02-11,SECURE_MESSAGE,NO_RESPONSE,CONTROLLED_SYNTHETIC
I0009719,SME002787,RM027,2025-11-24,BRANCH,CONNECTED,CONTROLLED_SYNTHETIC
I0009720,SME002787,RM027,2026-06-22,SECURE_MESSAGE,NEEDS_REVIEW,CONTROLLED_SYNTHETIC
I0009721,SME002788,RM006,2026-06-18,MEETING,NEEDS_REVIEW,CONTROLLED_SYNTHETIC
I0009722,SME002788,RM006,2026-02-14,BRANCH,NO_RESPONSE,CONTROLLED_SYNTHETIC
I0009723,SME002788,RM006,2025-11-25,MEETING,CONNECTED,CONTROLLED_SYNTHETIC
I0009724,SME002788,RM006,2025-11-01,CALL,CONNECTED,CONTROLLED_SYNTHETIC
I0009725,SME002788,RM006,2026-05-20,CALL,CONNECTED,CONTROLLED_SYNTHETIC
I0009726,SME002789,RM008,2026-07-01,SECURE_MESSAGE,NEEDS_REVIEW,CONTROLLED_SYNTHETIC
I0009727,SME002789,RM008,2026-06-01,CALL,NEEDS_REVIEW,CONTROLLED_SYNTHETIC
I0009728,SME002790,RM006,2026-02-02,MEETING,CONNECTED,CONTROLLED_SYNTHETIC
I0009729,SME002790,RM006,2026-03-14,SECURE_MESSAGE,FOLLOW_UP,CONTROLLED_SYNTHETIC
I0009730,SME002790,RM006,2026-03-02,CALL,NO_RESPONSE,CONTROLLED_SYNTHETIC
I0009731,SME002790,RM006,2025-12-21,SECURE_MESSAGE,NO_RESPONSE,CONTROLLED_SYNTHETIC
I0009732,SME002791,RM025,2026-06-13,SECURE_MESSAGE,CONNECTED,CONTROLLED_SYNTHETIC
I0009733,SME002791,RM025,2025-10-05,MEETING,NEEDS_REVIEW,CONTROLLED_SYNTHETIC
I0009734,SME002791,RM025,2026-08-03,MEETING,FOLLOW_UP,CONTROLLED_SYNTHETIC
I0009735,SME002791,RM025,2026-01-25,BRANCH,CONNECTED,CONTROLLED_SYNTHETIC
I0009736,SME002792,RM022,2025-09-24,CALL,CONNECTED,CONTROLLED_SYNTHETIC
I0009737,SME002793,RM008,2026-05-23,BRANCH,NO_RESPONSE,CONTROLLED_SYNTHETIC
I0009738,SME002793,RM008,2026-03-13,SECURE_MESSAGE,CONNECTED,CONTROLLED_SYNTHETIC
I0009739,SME002793,RM008,2026-07-02,MEETING,NO_RESPONSE,CONTROLLED_SYNTHETIC
I0009740,SME002793,RM008,2026-05-09,CALL,NEEDS_REVIEW,CONTROLLED_SYNTHETIC
I0009741,SME002793,RM008,2026-01-20,CALL,NEEDS_REVIEW,CONTROLLED_SYNTHETIC
I0009742,SME002793,RM008,2026-04-12,SECURE_MESSAGE,FOLLOW_UP,CONTROLLED_SYNTHETIC
I0009743,SME002794,RM001,2026-03-24,SECURE_MESSAGE,CONNECTED,CONTROLLED_SYNTHETIC
I0009744,SME002794,RM001,2025-12-25,BRANCH,FOLLOW_UP,CONTROLLED_SYNTHETIC
I0009745,SME002794,RM001,2025-09-11,MEETING,CONNECTED,CONTROLLED_SYNTHETIC
I0009746,SME002794,RM001,2026-01-16,MEETING,CONNECTED,CONTROLLED_SYNTHETIC
I0009747,SME002795,RM009,2026-05-03,MEETING,FOLLOW_UP,CONTROLLED_SYNTHETIC
I0009748,SME002795,RM009,2026-03-22,BRANCH,FOLLOW_UP,CONTROLLED_SYNTHETIC
I0009749,SME002795,RM009,2026-04-21,BRANCH,CONNECTED,CONTROLLED_SYNTHETIC
I0009750,SME002795,RM009,2026-04-19,BRANCH,CONNECTED,CONTROLLED_SYNTHETIC
I0009751,SME002795,RM009,2025-09-30,MEETING,NO_RESPONSE,CONTROLLED_SYNTHETIC
I0009752,SME002796,RM002,2026-02-11,CALL,CONNECTED,CONTROLLED_SYNTHETIC
I0009753,SME002796,RM002,2025-09-17,MEETING,CONNECTED,CONTROLLED_SYNTHETIC
I0009754,SME002797,RM007,2026-07-16,SECURE_MESSAGE,FOLLOW_UP,CONTROLLED_SYNTHETIC
I0009755,SME002797,RM007,2025-11-18,MEETING,CONNECTED,CONTROLLED_SYNTHETIC
I0009756,SME002797,RM007,2026-01-03,BRANCH,CONNECTED,CONTROLLED_SYNTHETIC
I0009757,SME002797,RM007,2026-06-19,MEETING,NO_RESPONSE,CONTROLLED_SYNTHETIC
I0009758,SME002797,RM007,2025-12-27,CALL,FOLLOW_UP,CONTROLLED_SYNTHETIC
I0009759,SME002797,RM007,2025-12-19,BRANCH,CONNECTED,CONTROLLED_SYNTHETIC
I0009760,SME002798,RM023,2026-03-17,SECURE_MESSAGE,CONNECTED,CONTROLLED_SYNTHETIC
I0009761,SME002798,RM023,2026-05-17,BRANCH,CONNECTED,CONTROLLED_SYNTHETIC
I0009762,SME002799,RM046,2026-01-13,SECURE_MESSAGE,NO_RESPONSE,CONTROLLED_SYNTHETIC
I0009763,SME002799,RM046,2026-06-28,CALL,FOLLOW_UP,CONTROLLED_SYNTHETIC
I0009764,SME002799,RM046,2026-02-03,BRANCH,CONNECTED,CONTROLLED_SYNTHETIC
I0009765,SME002800,RM022,2026-04-19,MEETING,FOLLOW_UP,CONTROLLED_SYNTHETIC
I0009766,SME002800,RM022,2025-08-26,MEETING,FOLLOW_UP,CONTROLLED_SYNTHETIC
I0009767,SME002800,RM022,2026-04-12,CALL,FOLLOW_UP,CONTROLLED_SYNTHETIC
I0009768,SME002801,RM017,2026-06-16,BRANCH,CONNECTED,CONTROLLED_SYNTHETIC
I0009769,SME002801,RM017,2026-08-05,BRANCH,NEEDS_REVIEW,CONTROLLED_SYNTHETIC
I0009770,SME002801,RM017,2025-10-25,CALL,CONNECTED,CONTROLLED_SYNTHETIC
I0009771,SME002802,RM008,2025-12-02,MEETING,CONNECTED,CONTROLLED_SYNTHETIC
I0009772,SME002803,RM047,2025-10-18,SECURE_MESSAGE,NO_RESPONSE,CONTROLLED_SYNTHETIC
I0009773,SME002804,RM031,2025-10-09,MEETING,FOLLOW_UP,CONTROLLED_SYNTHETIC
I0009774,SME002804,RM031,2026-02-09,SECURE_MESSAGE,CONNECTED,CONTROLLED_SYNTHETIC
I0009775,SME002804,RM031,2026-03-16,MEETING,FOLLOW_UP,CONTROLLED_SYNTHETIC
I0009776,SME002805,RM040,2026-03-14,CALL,NO_RESPONSE,CONTROLLED_SYNTHETIC
I0009777,SME002806,RM021,2026-05-22,MEETING,NEEDS_REVIEW,CONTROLLED_SYNTHETIC
I0009778,SME002806,RM021,2025-09-17,MEETING,NEEDS_REVIEW,CONTROLLED_SYNTHETIC
I0009779,SME002806,RM021,2026-07-10,SECURE_MESSAGE,FOLLOW_UP,CONTROLLED_SYNTHETIC
I0009780,SME002806,RM021,2026-08-03,SECURE_MESSAGE,CONNECTED,CONTROLLED_SYNTHETIC
I0009781,SME002806,RM021,2025-09-16,CALL,FOLLOW_UP,CONTROLLED_SYNTHETIC
I0009782,SME002807,RM002,2025-09-30,CALL,CONNECTED,CONTROLLED_SYNTHETIC
I0009783,SME002808,RM017,2026-04-15,SECURE_MESSAGE,NO_RESPONSE,CONTROLLED_SYNTHETIC
I0009784,SME002808,RM017,2026-08-18,MEETING,CONNECTED,CONTROLLED_SYNTHETIC
I0009785,SME002808,RM017,2025-09-07,CALL,CONNECTED,CONTROLLED_SYNTHETIC
I0009786,SME002808,RM017,2026-05-07,BRANCH,NEEDS_REVIEW,CONTROLLED_SYNTHETIC
I0009787,SME002808,RM017,2026-07-24,SECURE_MESSAGE,FOLLOW_UP,CONTROLLED_SYNTHETIC
I0009788,SME002808,RM017,2025-12-27,BRANCH,CONNECTED,CONTROLLED_SYNTHETIC
I0009789,SME002809,RM026,2026-01-23,BRANCH,NO_RESPONSE,CONTROLLED_SYNTHETIC
I0009790,SME002809,RM026,2025-10-18,CALL,CONNECTED,CONTROLLED_SYNTHETIC
I0009791,SME002809,RM026,2026-08-16,CALL,CONNECTED,CONTROLLED_SYNTHETIC
I0009792,SME002810,RM008,2026-05-23,MEETING,CONNECTED,CONTROLLED_SYNTHETIC
I0009793,SME002810,RM008,2026-06-12,BRANCH,NO_RESPONSE,CONTROLLED_SYNTHETIC
I0009794,SME002811,RM038,2026-01-14,SECURE_MESSAGE,CONNECTED,CONTROLLED_SYNTHETIC
I0009795,SME002811,RM038,2026-02-09,SECURE_MESSAGE,CONNECTED,CONTROLLED_SYNTHETIC
I0009796,SME002812,RM039,2026-07-03,MEETING,FOLLOW_UP,CONTROLLED_SYNTHETIC
I0009797,SME002812,RM039,2025-09-15,CALL,CONNECTED,CONTROLLED_SYNTHETIC
I0009798,SME002812,RM039,2026-07-04,MEETING,NO_RESPONSE,CONTROLLED_SYNTHETIC
I0009799,SME002813,RM029,2026-03-31,CALL,NO_RESPONSE,CONTROLLED_SYNTHETIC
I0009800,SME002813,RM029,2026-02-28,SECURE_MESSAGE,CONNECTED,CONTROLLED_SYNTHETIC
I0009801,SME002813,RM029,2026-06-21,SECURE_MESSAGE,CONNECTED,CONTROLLED_SYNTHETIC
I0009802,SME002814,RM037,2025-09-24,CALL,FOLLOW_UP,CONTROLLED_SYNTHETIC
I0009803,SME002814,RM037,2025-10-21,BRANCH,NO_RESPONSE,CONTROLLED_SYNTHETIC
I0009804,SME002815,RM008,2025-11-03,MEETING,NEEDS_REVIEW,CONTROLLED_SYNTHETIC
I0009805,SME002815,RM008,2026-03-03,BRANCH,FOLLOW_UP,CONTROLLED_SYNTHETIC
I0009806,SME002815,RM008,2026-06-25,BRANCH,FOLLOW_UP,CONTROLLED_SYNTHETIC
I0009807,SME002816,RM012,2026-06-18,CALL,CONNECTED,CONTROLLED_SYNTHETIC
I0009808,SME002816,RM012,2026-05-21,MEETING,FOLLOW_UP,CONTROLLED_SYNTHETIC
I0009809,SME002816,RM012,2025-12-14,MEETING,CONNECTED,CONTROLLED_SYNTHETIC
I0009810,SME002817,RM042,2026-07-22,BRANCH,CONNECTED,CONTROLLED_SYNTHETIC
I0009811,SME002817,RM042,2025-11-04,BRANCH,FOLLOW_UP,CONTROLLED_SYNTHETIC
I0009812,SME002817,RM042,2025-09-19,BRANCH,CONNECTED,CONTROLLED_SYNTHETIC
I0009813,SME002817,RM042,2025-12-07,CALL,CONNECTED,CONTROLLED_SYNTHETIC
I0009814,SME002817,RM042,2025-08-30,CALL,FOLLOW_UP,CONTROLLED_SYNTHETIC
I0009815,SME002818,RM031,2025-12-14,MEETING,CONNECTED,CONTROLLED_SYNTHETIC
I0009816,SME002819,RM015,2026-03-09,CALL,CONNECTED,CONTROLLED_SYNTHETIC
I0009817,SME002819,RM015,2026-01-28,SECURE_MESSAGE,FOLLOW_UP,CONTROLLED_SYNTHETIC
I0009818,SME002819,RM015,2026-02-18,SECURE_MESSAGE,FOLLOW_UP,CONTROLLED_SYNTHETIC
I0009819,SME002819,RM015,2026-07-23,BRANCH,FOLLOW_UP,CONTROLLED_SYNTHETIC
I0009820,SME002820,RM020,2026-05-16,BRANCH,NO_RESPONSE,CONTROLLED_SYNTHETIC
I0009821,SME002821,RM043,2026-03-11,MEETING,FOLLOW_UP,CONTROLLED_SYNTHETIC
I0009822,SME002821,RM043,2025-10-11,MEETING,CONNECTED,CONTROLLED_SYNTHETIC
I0009823,SME002822,RM046,2025-09-23,MEETING,CONNECTED,CONTROLLED_SYNTHETIC
I0009824,SME002822,RM046,2026-04-18,BRANCH,CONNECTED,CONTROLLED_SYNTHETIC
I0009825,SME002822,RM046,2026-02-07,MEETING,NO_RESPONSE,CONTROLLED_SYNTHETIC
I0009826,SME002823,RM042,2026-02-10,SECURE_MESSAGE,FOLLOW_UP,CONTROLLED_SYNTHETIC
I0009827,SME002823,RM042,2025-09-07,SECURE_MESSAGE,FOLLOW_UP,CONTROLLED_SYNTHETIC
I0009828,SME002823,RM042,2025-10-07,SECURE_MESSAGE,CONNECTED,CONTROLLED_SYNTHETIC
I0009829,SME002823,RM042,2026-02-14,SECURE_MESSAGE,CONNECTED,CONTROLLED_SYNTHETIC
I0009830,SME002823,RM042,2026-06-25,BRANCH,NEEDS_REVIEW,CONTROLLED_SYNTHETIC
I0009831,SME002823,RM042,2025-09-06,BRANCH,NEEDS_REVIEW,CONTROLLED_SYNTHETIC
I0009832,SME002824,RM002,2025-10-16,SECURE_MESSAGE,NEEDS_REVIEW,CONTROLLED_SYNTHETIC
I0009833,SME002824,RM002,2026-04-14,MEETING,NO_RESPONSE,CONTROLLED_SYNTHETIC
I0009834,SME002825,RM014,2026-05-12,CALL,CONNECTED,CONTROLLED_SYNTHETIC
I0009835,SME002826,RM020,2026-03-06,CALL,FOLLOW_UP,CONTROLLED_SYNTHETIC
I0009836,SME002826,RM020,2026-05-09,SECURE_MESSAGE,CONNECTED,CONTROLLED_SYNTHETIC
I0009837,SME002827,RM027,2025-12-02,CALL,FOLLOW_UP,CONTROLLED_SYNTHETIC
I0009838,SME002827,RM027,2026-04-10,CALL,FOLLOW_UP,CONTROLLED_SYNTHETIC
I0009839,SME002827,RM027,2025-12-01,MEETING,NO_RESPONSE,CONTROLLED_SYNTHETIC
I0009840,SME002827,RM027,2025-12-24,MEETING,NEEDS_REVIEW,CONTROLLED_SYNTHETIC
I0009841,SME002828,RM015,2026-04-17,SECURE_MESSAGE,FOLLOW_UP,CONTROLLED_SYNTHETIC
I0009842,SME002828,RM015,2026-02-13,SECURE_MESSAGE,NO_RESPONSE,CONTROLLED_SYNTHETIC
I0009843,SME002828,RM015,2025-09-22,SECURE_MESSAGE,CONNECTED,CONTROLLED_SYNTHETIC
I0009844,SME002828,RM015,2025-11-01,BRANCH,CONNECTED,CONTROLLED_SYNTHETIC
I0009845,SME002828,RM015,2025-09-16,SECURE_MESSAGE,CONNECTED,CONTROLLED_SYNTHETIC
I0009846,SME002829,RM008,2026-08-12,BRANCH,NO_RESPONSE,CONTROLLED_SYNTHETIC
I0009847,SME002829,RM008,2026-01-11,SECURE_MESSAGE,FOLLOW_UP,CONTROLLED_SYNTHETIC
I0009848,SME002829,RM008,2026-02-05,MEETING,NO_RESPONSE,CONTROLLED_SYNTHETIC
I0009849,SME002829,RM008,2025-12-27,MEETING,FOLLOW_UP,CONTROLLED_SYNTHETIC
I0009850,SME002829,RM008,2026-04-27,MEETING,CONNECTED,CONTROLLED_SYNTHETIC
I0009851,SME002829,RM008,2026-07-28,MEETING,FOLLOW_UP,CONTROLLED_SYNTHETIC
I0009852,SME002830,RM045,2025-09-07,SECURE_MESSAGE,NEEDS_REVIEW,CONTROLLED_SYNTHETIC
I0009853,SME002830,RM045,2025-12-09,BRANCH,CONNECTED,CONTROLLED_SYNTHETIC
I0009854,SME002830,RM045,2026-07-01,BRANCH,NEEDS_REVIEW,CONTROLLED_SYNTHETIC
I0009855,SME002830,RM045,2026-07-12,SECURE_MESSAGE,FOLLOW_UP,CONTROLLED_SYNTHETIC
I0009856,SME002830,RM045,2026-01-17,CALL,FOLLOW_UP,CONTROLLED_SYNTHETIC
I0009857,SME002831,RM030,2026-02-13,CALL,CONNECTED,CONTROLLED_SYNTHETIC
I0009858,SME002831,RM030,2025-11-14,BRANCH,CONNECTED,CONTROLLED_SYNTHETIC
I0009859,SME002832,RM047,2026-02-04,SECURE_MESSAGE,CONNECTED,CONTROLLED_SYNTHETIC
I0009860,SME002832,RM047,2026-04-10,CALL,NO_RESPONSE,CONTROLLED_SYNTHETIC
I0009861,SME002832,RM047,2026-01-17,SECURE_MESSAGE,NEEDS_REVIEW,CONTROLLED_SYNTHETIC
I0009862,SME002832,RM047,2025-10-14,MEETING,CONNECTED,CONTROLLED_SYNTHETIC
I0009863,SME002832,RM047,2025-09-02,SECURE_MESSAGE,CONNECTED,CONTROLLED_SYNTHETIC
I0009864,SME002832,RM047,2026-03-10,SECURE_MESSAGE,FOLLOW_UP,CONTROLLED_SYNTHETIC
I0009865,SME002833,RM023,2025-09-09,CALL,NEEDS_REVIEW,CONTROLLED_SYNTHETIC
I0009866,SME002833,RM023,2026-01-24,CALL,CONNECTED,CONTROLLED_SYNTHETIC
I0009867,SME002834,RM034,2025-09-09,CALL,CONNECTED,CONTROLLED_SYNTHETIC
I0009868,SME002834,RM034,2026-07-05,BRANCH,CONNECTED,CONTROLLED_SYNTHETIC
I0009869,SME002834,RM034,2026-04-22,MEETING,CONNECTED,CONTROLLED_SYNTHETIC
I0009870,SME002834,RM034,2026-01-18,MEETING,FOLLOW_UP,CONTROLLED_SYNTHETIC
I0009871,SME002834,RM034,2026-02-18,SECURE_MESSAGE,FOLLOW_UP,CONTROLLED_SYNTHETIC
I0009872,SME002835,RM006,2026-06-01,MEETING,CONNECTED,CONTROLLED_SYNTHETIC
I0009873,SME002835,RM006,2026-07-18,CALL,NEEDS_REVIEW,CONTROLLED_SYNTHETIC
I0009874,SME002835,RM006,2026-08-11,CALL,NO_RESPONSE,CONTROLLED_SYNTHETIC
I0009875,SME002835,RM006,2025-09-26,MEETING,CONNECTED,CONTROLLED_SYNTHETIC
I0009876,SME002835,RM006,2026-02-12,CALL,FOLLOW_UP,CONTROLLED_SYNTHETIC
I0009877,SME002836,RM045,2026-01-07,BRANCH,NEEDS_REVIEW,CONTROLLED_SYNTHETIC
I0009878,SME002837,RM038,2026-07-16,MEETING,FOLLOW_UP,CONTROLLED_SYNTHETIC
I0009879,SME002837,RM038,2026-05-14,SECURE_MESSAGE,CONNECTED,CONTROLLED_SYNTHETIC
I0009880,SME002837,RM038,2026-06-15,SECURE_MESSAGE,CONNECTED,CONTROLLED_SYNTHETIC
I0009881,SME002838,RM035,2025-10-11,SECURE_MESSAGE,FOLLOW_UP,CONTROLLED_SYNTHETIC
I0009882,SME002838,RM035,2026-07-29,BRANCH,NEEDS_REVIEW,CONTROLLED_SYNTHETIC
I0009883,SME002838,RM035,2025-09-26,MEETING,NO_RESPONSE,CONTROLLED_SYNTHETIC
I0009884,SME002838,RM035,2026-07-03,CALL,CONNECTED,CONTROLLED_SYNTHETIC
I0009885,SME002838,RM035,2026-06-11,BRANCH,NO_RESPONSE,CONTROLLED_SYNTHETIC
I0009886,SME002839,RM020,2025-09-01,BRANCH,NO_RESPONSE,CONTROLLED_SYNTHETIC
I0009887,SME002839,RM020,2025-10-04,BRANCH,CONNECTED,CONTROLLED_SYNTHETIC
I0009888,SME002839,RM020,2026-03-23,CALL,CONNECTED,CONTROLLED_SYNTHETIC
I0009889,SME002840,RM045,2026-06-05,MEETING,CONNECTED,CONTROLLED_SYNTHETIC
I0009890,SME002841,RM039,2026-01-24,SECURE_MESSAGE,FOLLOW_UP,CONTROLLED_SYNTHETIC
I0009891,SME002841,RM039,2026-03-09,MEETING,NO_RESPONSE,CONTROLLED_SYNTHETIC
I0009892,SME002841,RM039,2026-06-07,SECURE_MESSAGE,CONNECTED,CONTROLLED_SYNTHETIC
I0009893,SME002841,RM039,2026-07-09,BRANCH,CONNECTED,CONTROLLED_SYNTHETIC
I0009894,SME002842,RM043,2026-07-04,MEETING,NO_RESPONSE,CONTROLLED_SYNTHETIC
I0009895,SME002842,RM043,2026-07-14,BRANCH,CONNECTED,CONTROLLED_SYNTHETIC
I0009896,SME002842,RM043,2026-04-26,MEETING,NO_RESPONSE,CONTROLLED_SYNTHETIC
I0009897,SME002843,RM012,2025-11-16,MEETING,NEEDS_REVIEW,CONTROLLED_SYNTHETIC
I0009898,SME002843,RM012,2026-02-24,CALL,CONNECTED,CONTROLLED_SYNTHETIC
I0009899,SME002843,RM012,2026-08-17,CALL,NO_RESPONSE,CONTROLLED_SYNTHETIC
I0009900,SME002843,RM012,2026-05-28,MEETING,NO_RESPONSE,CONTROLLED_SYNTHETIC
I0009901,SME002843,RM012,2025-12-19,CALL,FOLLOW_UP,CONTROLLED_SYNTHETIC
I0009902,SME002844,RM012,2026-02-14,CALL,CONNECTED,CONTROLLED_SYNTHETIC
I0009903,SME002844,RM012,2026-05-10,MEETING,NO_RESPONSE,CONTROLLED_SYNTHETIC
I0009904,SME002845,RM015,2026-02-04,BRANCH,CONNECTED,CONTROLLED_SYNTHETIC
I0009905,SME002845,RM015,2025-12-10,CALL,FOLLOW_UP,CONTROLLED_SYNTHETIC
I0009906,SME002845,RM015,2026-03-12,CALL,FOLLOW_UP,CONTROLLED_SYNTHETIC
I0009907,SME002845,RM015,2026-05-21,BRANCH,FOLLOW_UP,CONTROLLED_SYNTHETIC
I0009908,SME002845,RM015,2025-10-21,SECURE_MESSAGE,FOLLOW_UP,CONTROLLED_SYNTHETIC
I0009909,SME002845,RM015,2026-05-04,CALL,CONNECTED,CONTROLLED_SYNTHETIC
I0009910,SME002846,RM037,2025-10-08,MEETING,FOLLOW_UP,CONTROLLED_SYNTHETIC
I0009911,SME002847,RM028,2026-03-21,MEETING,NO_RESPONSE,CONTROLLED_SYNTHETIC
I0009912,SME002847,RM028,2026-01-15,MEETING,FOLLOW_UP,CONTROLLED_SYNTHETIC
I0009913,SME002847,RM028,2026-08-09,BRANCH,FOLLOW_UP,CONTROLLED_SYNTHETIC
I0009914,SME002847,RM028,2026-06-14,SECURE_MESSAGE,CONNECTED,CONTROLLED_SYNTHETIC
I0009915,SME002847,RM028,2026-02-02,BRANCH,FOLLOW_UP,CONTROLLED_SYNTHETIC
I0009916,SME002848,RM004,2026-04-06,BRANCH,FOLLOW_UP,CONTROLLED_SYNTHETIC
I0009917,SME002848,RM004,2025-09-04,SECURE_MESSAGE,CONNECTED,CONTROLLED_SYNTHETIC
I0009918,SME002849,RM032,2026-04-24,BRANCH,FOLLOW_UP,CONTROLLED_SYNTHETIC
I0009919,SME002849,RM032,2026-01-04,MEETING,CONNECTED,CONTROLLED_SYNTHETIC
I0009920,SME002849,RM032,2026-07-20,SECURE_MESSAGE,CONNECTED,CONTROLLED_SYNTHETIC
I0009921,SME002850,RM029,2026-07-11,SECURE_MESSAGE,FOLLOW_UP,CONTROLLED_SYNTHETIC
I0009922,SME002850,RM029,2026-05-14,SECURE_MESSAGE,CONNECTED,CONTROLLED_SYNTHETIC
I0009923,SME002850,RM029,2025-09-06,MEETING,NO_RESPONSE,CONTROLLED_SYNTHETIC
I0009924,SME002851,RM021,2025-08-25,BRANCH,FOLLOW_UP,CONTROLLED_SYNTHETIC
I0009925,SME002851,RM021,2026-02-07,SECURE_MESSAGE,CONNECTED,CONTROLLED_SYNTHETIC
I0009926,SME002851,RM021,2026-04-10,BRANCH,FOLLOW_UP,CONTROLLED_SYNTHETIC
I0009927,SME002852,RM003,2026-04-16,CALL,NO_RESPONSE,CONTROLLED_SYNTHETIC
I0009928,SME002853,RM026,2025-12-14,CALL,FOLLOW_UP,CONTROLLED_SYNTHETIC
I0009929,SME002853,RM026,2026-03-02,CALL,FOLLOW_UP,CONTROLLED_SYNTHETIC
I0009930,SME002853,RM026,2025-09-17,SECURE_MESSAGE,CONNECTED,CONTROLLED_SYNTHETIC
I0009931,SME002853,RM026,2026-05-18,BRANCH,NO_RESPONSE,CONTROLLED_SYNTHETIC
I0009932,SME002854,RM022,2026-06-26,BRANCH,NEEDS_REVIEW,CONTROLLED_SYNTHETIC
I0009933,SME002855,RM004,2025-09-25,MEETING,FOLLOW_UP,CONTROLLED_SYNTHETIC
I0009934,SME002855,RM004,2025-08-26,BRANCH,CONNECTED,CONTROLLED_SYNTHETIC
I0009935,SME002856,RM037,2026-05-21,SECURE_MESSAGE,NO_RESPONSE,CONTROLLED_SYNTHETIC
I0009936,SME002856,RM037,2026-01-26,MEETING,CONNECTED,CONTROLLED_SYNTHETIC
I0009937,SME002856,RM037,2025-08-28,SECURE_MESSAGE,FOLLOW_UP,CONTROLLED_SYNTHETIC
I0009938,SME002856,RM037,2026-06-02,BRANCH,CONNECTED,CONTROLLED_SYNTHETIC
I0009939,SME002856,RM037,2026-01-13,CALL,FOLLOW_UP,CONTROLLED_SYNTHETIC
I0009940,SME002856,RM037,2026-03-06,SECURE_MESSAGE,FOLLOW_UP,CONTROLLED_SYNTHETIC
I0009941,SME002857,RM044,2026-05-02,SECURE_MESSAGE,CONNECTED,CONTROLLED_SYNTHETIC
I0009942,SME002858,RM009,2025-12-17,SECURE_MESSAGE,NO_RESPONSE,CONTROLLED_SYNTHETIC
I0009943,SME002858,RM009,2026-01-29,BRANCH,NO_RESPONSE,CONTROLLED_SYNTHETIC
I0009944,SME002858,RM009,2025-11-15,CALL,CONNECTED,CONTROLLED_SYNTHETIC
I0009945,SME002858,RM009,2026-04-26,BRANCH,CONNECTED,CONTROLLED_SYNTHETIC
I0009946,SME002858,RM009,2025-10-30,SECURE_MESSAGE,CONNECTED,CONTROLLED_SYNTHETIC
I0009947,SME002858,RM009,2025-10-21,MEETING,CONNECTED,CONTROLLED_SYNTHETIC
I0009948,SME002859,RM035,2025-12-22,BRANCH,NO_RESPONSE,CONTROLLED_SYNTHETIC
I0009949,SME002859,RM035,2026-08-19,MEETING,CONNECTED,CONTROLLED_SYNTHETIC
I0009950,SME002859,RM035,2025-09-07,BRANCH,CONNECTED,CONTROLLED_SYNTHETIC
I0009951,SME002860,RM021,2026-04-25,MEETING,FOLLOW_UP,CONTROLLED_SYNTHETIC
I0009952,SME002860,RM021,2025-11-20,MEETING,NO_RESPONSE,CONTROLLED_SYNTHETIC
I0009953,SME002860,RM021,2026-03-05,BRANCH,NO_RESPONSE,CONTROLLED_SYNTHETIC
I0009954,SME002861,RM003,2026-05-25,MEETING,FOLLOW_UP,CONTROLLED_SYNTHETIC
I0009955,SME002861,RM003,2026-02-03,CALL,CONNECTED,CONTROLLED_SYNTHETIC
I0009956,SME002862,RM016,2025-12-06,MEETING,FOLLOW_UP,CONTROLLED_SYNTHETIC
I0009957,SME002862,RM016,2025-12-26,SECURE_MESSAGE,CONNECTED,CONTROLLED_SYNTHETIC
I0009958,SME002862,RM016,2026-04-05,SECURE_MESSAGE,CONNECTED,CONTROLLED_SYNTHETIC
I0009959,SME002862,RM016,2026-01-05,BRANCH,CONNECTED,CONTROLLED_SYNTHETIC
I0009960,SME002863,RM042,2025-12-10,SECURE_MESSAGE,CONNECTED,CONTROLLED_SYNTHETIC
I0009961,SME002863,RM042,2026-08-17,CALL,NEEDS_REVIEW,CONTROLLED_SYNTHETIC
I0009962,SME002863,RM042,2026-04-10,BRANCH,NO_RESPONSE,CONTROLLED_SYNTHETIC
I0009963,SME002863,RM042,2025-09-18,BRANCH,NO_RESPONSE,CONTROLLED_SYNTHETIC
I0009964,SME002863,RM042,2026-07-14,MEETING,CONNECTED,CONTROLLED_SYNTHETIC
I0009965,SME002863,RM042,2026-01-02,BRANCH,NO_RESPONSE,CONTROLLED_SYNTHETIC
I0009966,SME002864,RM014,2026-04-30,MEETING,NO_RESPONSE,CONTROLLED_SYNTHETIC
I0009967,SME002864,RM014,2026-06-10,CALL,CONNECTED,CONTROLLED_SYNTHETIC
I0009968,SME002865,RM036,2026-08-18,BRANCH,NO_RESPONSE,CONTROLLED_SYNTHETIC
I0009969,SME002865,RM036,2025-12-19,SECURE_MESSAGE,FOLLOW_UP,CONTROLLED_SYNTHETIC
I0009970,SME002865,RM036,2026-02-08,SECURE_MESSAGE,CONNECTED,CONTROLLED_SYNTHETIC
I0009971,SME002866,RM031,2026-07-16,SECURE_MESSAGE,CONNECTED,CONTROLLED_SYNTHETIC
I0009972,SME002866,RM031,2026-05-23,BRANCH,NO_RESPONSE,CONTROLLED_SYNTHETIC
I0009973,SME002866,RM031,2025-11-07,MEETING,NO_RESPONSE,CONTROLLED_SYNTHETIC
I0009974,SME002867,RM043,2026-08-11,SECURE_MESSAGE,CONNECTED,CONTROLLED_SYNTHETIC
I0009975,SME002867,RM043,2025-12-11,CALL,NO_RESPONSE,CONTROLLED_SYNTHETIC
I0009976,SME002867,RM043,2026-07-11,CALL,CONNECTED,CONTROLLED_SYNTHETIC
I0009977,SME002867,RM043,2026-01-01,CALL,CONNECTED,CONTROLLED_SYNTHETIC
I0009978,SME002867,RM043,2026-08-13,CALL,NO_RESPONSE,CONTROLLED_SYNTHETIC
I0009979,SME002868,RM026,2025-11-20,MEETING,CONNECTED,CONTROLLED_SYNTHETIC
I0009980,SME002868,RM026,2025-11-04,SECURE_MESSAGE,FOLLOW_UP,CONTROLLED_SYNTHETIC
I0009981,SME002868,RM026,2026-08-13,BRANCH,CONNECTED,CONTROLLED_SYNTHETIC
I0009982,SME002868,RM026,2026-06-11,BRANCH,CONNECTED,CONTROLLED_SYNTHETIC
I0009983,SME002868,RM026,2026-02-28,BRANCH,FOLLOW_UP,CONTROLLED_SYNTHETIC
I0009984,SME002869,RM016,2026-07-31,CALL,NEEDS_REVIEW,CONTROLLED_SYNTHETIC
I0009985,SME002869,RM016,2025-12-07,SECURE_MESSAGE,NEEDS_REVIEW,CONTROLLED_SYNTHETIC
I0009986,SME002869,RM016,2025-10-04,CALL,NEEDS_REVIEW,CONTROLLED_SYNTHETIC
I0009987,SME002869,RM016,2026-04-12,MEETING,CONNECTED,CONTROLLED_SYNTHETIC
I0009988,SME002869,RM016,2025-10-18,BRANCH,CONNECTED,CONTROLLED_SYNTHETIC
I0009989,SME002870,RM047,2025-09-27,SECURE_MESSAGE,FOLLOW_UP,CONTROLLED_SYNTHETIC
I0009990,SME002870,RM047,2025-11-21,MEETING,CONNECTED,CONTROLLED_SYNTHETIC
I0009991,SME002870,RM047,2025-09-05,CALL,FOLLOW_UP,CONTROLLED_SYNTHETIC
I0009992,SME002871,RM047,2026-02-23,CALL,NO_RESPONSE,CONTROLLED_SYNTHETIC
I0009993,SME002871,RM047,2026-05-27,SECURE_MESSAGE,FOLLOW_UP,CONTROLLED_SYNTHETIC
I0009994,SME002871,RM047,2026-02-13,MEETING,FOLLOW_UP,CONTROLLED_SYNTHETIC
I0009995,SME002871,RM047,2026-03-14,CALL,NO_RESPONSE,CONTROLLED_SYNTHETIC
I0009996,SME002871,RM047,2025-12-28,BRANCH,NEEDS_REVIEW,CONTROLLED_SYNTHETIC
I0009997,SME002871,RM047,2026-08-16,MEETING,CONNECTED,CONTROLLED_SYNTHETIC
I0009998,SME002872,RM030,2026-05-06,MEETING,FOLLOW_UP,CONTROLLED_SYNTHETIC
I0009999,SME002873,RM022,2025-09-11,BRANCH,CONNECTED,CONTROLLED_SYNTHETIC
I0010000,SME002873,RM022,2026-06-11,MEETING,CONNECTED,CONTROLLED_SYNTHETIC
I0010001,SME002874,RM022,2026-01-30,CALL,NEEDS_REVIEW,CONTROLLED_SYNTHETIC
I0010002,SME002874,RM022,2026-06-02,CALL,NO_RESPONSE,CONTROLLED_SYNTHETIC
I0010003,SME002875,RM037,2026-07-21,SECURE_MESSAGE,FOLLOW_UP,CONTROLLED_SYNTHETIC
I0010004,SME002875,RM037,2025-11-12,BRANCH,CONNECTED,CONTROLLED_SYNTHETIC
I0010005,SME002875,RM037,2025-08-27,CALL,NO_RESPONSE,CONTROLLED_SYNTHETIC
I0010006,SME002875,RM037,2026-08-01,MEETING,NEEDS_REVIEW,CONTROLLED_SYNTHETIC
I0010007,SME002875,RM037,2025-10-24,BRANCH,CONNECTED,CONTROLLED_SYNTHETIC
I0010008,SME002875,RM037,2026-03-30,CALL,FOLLOW_UP,CONTROLLED_SYNTHETIC
I0010009,SME002876,RM015,2026-06-30,CALL,NO_RESPONSE,CONTROLLED_SYNTHETIC
I0010010,SME002876,RM015,2026-06-29,CALL,NO_RESPONSE,CONTROLLED_SYNTHETIC
I0010011,SME002876,RM015,2025-10-08,BRANCH,CONNECTED,CONTROLLED_SYNTHETIC
I0010012,SME002876,RM015,2026-01-08,CALL,CONNECTED,CONTROLLED_SYNTHETIC
I0010013,SME002876,RM015,2026-03-14,CALL,NO_RESPONSE,CONTROLLED_SYNTHETIC
I0010014,SME002877,RM040,2026-06-10,BRANCH,NEEDS_REVIEW,CONTROLLED_SYNTHETIC
I0010015,SME002877,RM040,2026-04-14,CALL,FOLLOW_UP,CONTROLLED_SYNTHETIC
I0010016,SME002877,RM040,2026-04-09,MEETING,CONNECTED,CONTROLLED_SYNTHETIC
I0010017,SME002877,RM040,2026-08-08,BRANCH,FOLLOW_UP,CONTROLLED_SYNTHETIC
I0010018,SME002878,RM002,2025-10-26,SECURE_MESSAGE,CONNECTED,CONTROLLED_SYNTHETIC
I0010019,SME002878,RM002,2025-10-13,MEETING,FOLLOW_UP,CONTROLLED_SYNTHETIC
I0010020,SME002878,RM002,2026-04-19,CALL,FOLLOW_UP,CONTROLLED_SYNTHETIC
I0010021,SME002879,RM002,2026-08-12,MEETING,NO_RESPONSE,CONTROLLED_SYNTHETIC
I0010022,SME002880,RM036,2026-07-28,BRANCH,NO_RESPONSE,CONTROLLED_SYNTHETIC
I0010023,SME002880,RM036,2025-09-29,SECURE_MESSAGE,FOLLOW_UP,CONTROLLED_SYNTHETIC
I0010024,SME002880,RM036,2026-01-25,BRANCH,FOLLOW_UP,CONTROLLED_SYNTHETIC
I0010025,SME002880,RM036,2026-04-11,SECURE_MESSAGE,NO_RESPONSE,CONTROLLED_SYNTHETIC
I0010026,SME002880,RM036,2026-06-16,MEETING,FOLLOW_UP,CONTROLLED_SYNTHETIC
I0010027,SME002880,RM036,2025-10-25,CALL,CONNECTED,CONTROLLED_SYNTHETIC
I0010028,SME002881,RM004,2025-09-03,MEETING,CONNECTED,CONTROLLED_SYNTHETIC
I0010029,SME002881,RM004,2026-08-10,MEETING,CONNECTED,CONTROLLED_SYNTHETIC
I0010030,SME002881,RM004,2026-04-05,SECURE_MESSAGE,CONNECTED,CONTROLLED_SYNTHETIC
I0010031,SME002881,RM004,2026-05-13,SECURE_MESSAGE,CONNECTED,CONTROLLED_SYNTHETIC
I0010032,SME002882,RM009,2026-02-26,MEETING,FOLLOW_UP,CONTROLLED_SYNTHETIC
I0010033,SME002883,RM002,2026-01-13,BRANCH,NEEDS_REVIEW,CONTROLLED_SYNTHETIC
I0010034,SME002883,RM002,2026-04-13,BRANCH,CONNECTED,CONTROLLED_SYNTHETIC
I0010035,SME002883,RM002,2025-11-29,SECURE_MESSAGE,CONNECTED,CONTROLLED_SYNTHETIC
I0010036,SME002883,RM002,2025-08-27,BRANCH,NO_RESPONSE,CONTROLLED_SYNTHETIC
I0010037,SME002883,RM002,2025-11-17,MEETING,CONNECTED,CONTROLLED_SYNTHETIC
I0010038,SME002884,RM010,2025-11-08,SECURE_MESSAGE,FOLLOW_UP,CONTROLLED_SYNTHETIC
I0010039,SME002884,RM010,2026-06-14,BRANCH,NEEDS_REVIEW,CONTROLLED_SYNTHETIC
I0010040,SME002884,RM010,2026-02-12,CALL,CONNECTED,CONTROLLED_SYNTHETIC
I0010041,SME002884,RM010,2025-09-24,SECURE_MESSAGE,FOLLOW_UP,CONTROLLED_SYNTHETIC
I0010042,SME002884,RM010,2026-03-31,CALL,CONNECTED,CONTROLLED_SYNTHETIC
I0010043,SME002885,RM021,2026-01-16,CALL,CONNECTED,CONTROLLED_SYNTHETIC
I0010044,SME002885,RM021,2025-10-27,SECURE_MESSAGE,CONNECTED,CONTROLLED_SYNTHETIC
I0010045,SME002885,RM021,2026-01-01,SECURE_MESSAGE,NEEDS_REVIEW,CONTROLLED_SYNTHETIC
I0010046,SME002885,RM021,2025-09-27,CALL,NO_RESPONSE,CONTROLLED_SYNTHETIC
I0010047,SME002885,RM021,2026-03-31,BRANCH,NEEDS_REVIEW,CONTROLLED_SYNTHETIC
I0010048,SME002886,RM012,2026-07-17,SECURE_MESSAGE,NO_RESPONSE,CONTROLLED_SYNTHETIC
I0010049,SME002887,RM021,2025-09-30,MEETING,CONNECTED,CONTROLLED_SYNTHETIC
I0010050,SME002888,RM025,2026-07-01,MEETING,CONNECTED,CONTROLLED_SYNTHETIC
I0010051,SME002889,RM036,2026-02-03,SECURE_MESSAGE,FOLLOW_UP,CONTROLLED_SYNTHETIC
I0010052,SME002889,RM036,2025-12-03,CALL,NEEDS_REVIEW,CONTROLLED_SYNTHETIC
I0010053,SME002889,RM036,2026-01-22,CALL,FOLLOW_UP,CONTROLLED_SYNTHETIC
I0010054,SME002889,RM036,2025-10-02,BRANCH,NEEDS_REVIEW,CONTROLLED_SYNTHETIC
I0010055,SME002889,RM036,2026-06-26,MEETING,CONNECTED,CONTROLLED_SYNTHETIC
I0010056,SME002890,RM031,2026-08-13,CALL,NO_RESPONSE,CONTROLLED_SYNTHETIC
I0010057,SME002890,RM031,2026-04-11,SECURE_MESSAGE,NO_RESPONSE,CONTROLLED_SYNTHETIC
I0010058,SME002890,RM031,2026-07-01,CALL,CONNECTED,CONTROLLED_SYNTHETIC
I0010059,SME002890,RM031,2026-01-04,SECURE_MESSAGE,NEEDS_REVIEW,CONTROLLED_SYNTHETIC
I0010060,SME002890,RM031,2026-08-05,MEETING,NO_RESPONSE,CONTROLLED_SYNTHETIC
I0010061,SME002890,RM031,2026-05-29,MEETING,NO_RESPONSE,CONTROLLED_SYNTHETIC
I0010062,SME002891,RM048,2026-01-01,CALL,NO_RESPONSE,CONTROLLED_SYNTHETIC
I0010063,SME002891,RM048,2026-02-07,SECURE_MESSAGE,NEEDS_REVIEW,CONTROLLED_SYNTHETIC
I0010064,SME002891,RM048,2026-02-04,SECURE_MESSAGE,CONNECTED,CONTROLLED_SYNTHETIC
I0010065,SME002891,RM048,2026-02-27,CALL,NEEDS_REVIEW,CONTROLLED_SYNTHETIC
I0010066,SME002892,RM015,2026-07-13,CALL,FOLLOW_UP,CONTROLLED_SYNTHETIC
I0010067,SME002892,RM015,2025-10-20,CALL,FOLLOW_UP,CONTROLLED_SYNTHETIC
I0010068,SME002892,RM015,2025-12-18,CALL,NO_RESPONSE,CONTROLLED_SYNTHETIC
I0010069,SME002893,RM046,2026-05-17,CALL,NEEDS_REVIEW,CONTROLLED_SYNTHETIC
I0010070,SME002893,RM046,2026-02-26,MEETING,NEEDS_REVIEW,CONTROLLED_SYNTHETIC
I0010071,SME002893,RM046,2025-10-27,MEETING,FOLLOW_UP,CONTROLLED_SYNTHETIC
I0010072,SME002893,RM046,2025-12-29,BRANCH,FOLLOW_UP,CONTROLLED_SYNTHETIC
I0010073,SME002893,RM046,2026-08-18,MEETING,FOLLOW_UP,CONTROLLED_SYNTHETIC
I0010074,SME002893,RM046,2025-09-04,SECURE_MESSAGE,NO_RESPONSE,CONTROLLED_SYNTHETIC
I0010075,SME002894,RM019,2025-11-26,BRANCH,FOLLOW_UP,CONTROLLED_SYNTHETIC
I0010076,SME002894,RM019,2026-03-31,BRANCH,NO_RESPONSE,CONTROLLED_SYNTHETIC
I0010077,SME002894,RM019,2025-09-10,MEETING,FOLLOW_UP,CONTROLLED_SYNTHETIC
I0010078,SME002894,RM019,2026-04-12,SECURE_MESSAGE,NO_RESPONSE,CONTROLLED_SYNTHETIC
I0010079,SME002894,RM019,2026-08-18,BRANCH,NO_RESPONSE,CONTROLLED_SYNTHETIC
I0010080,SME002895,RM017,2026-05-21,MEETING,FOLLOW_UP,CONTROLLED_SYNTHETIC
I0010081,SME002895,RM017,2026-07-14,CALL,CONNECTED,CONTROLLED_SYNTHETIC
I0010082,SME002895,RM017,2026-03-07,SECURE_MESSAGE,NO_RESPONSE,CONTROLLED_SYNTHETIC
I0010083,SME002896,RM029,2025-09-18,MEETING,NO_RESPONSE,CONTROLLED_SYNTHETIC
I0010084,SME002897,RM043,2026-06-05,BRANCH,NO_RESPONSE,CONTROLLED_SYNTHETIC
I0010085,SME002897,RM043,2025-09-14,MEETING,CONNECTED,CONTROLLED_SYNTHETIC
I0010086,SME002897,RM043,2026-01-09,CALL,NO_RESPONSE,CONTROLLED_SYNTHETIC
I0010087,SME002898,RM035,2025-11-23,BRANCH,CONNECTED,CONTROLLED_SYNTHETIC
I0010088,SME002898,RM035,2026-07-18,SECURE_MESSAGE,CONNECTED,CONTROLLED_SYNTHETIC
I0010089,SME002898,RM035,2026-06-17,CALL,NO_RESPONSE,CONTROLLED_SYNTHETIC
I0010090,SME002898,RM035,2026-04-26,CALL,CONNECTED,CONTROLLED_SYNTHETIC
I0010091,SME002899,RM035,2025-10-15,CALL,FOLLOW_UP,CONTROLLED_SYNTHETIC
I0010092,SME002899,RM035,2026-04-13,SECURE_MESSAGE,CONNECTED,CONTROLLED_SYNTHETIC
I0010093,SME002899,RM035,2026-07-23,BRANCH,FOLLOW_UP,CONTROLLED_SYNTHETIC
I0010094,SME002900,RM048,2025-12-25,CALL,CONNECTED,CONTROLLED_SYNTHETIC
I0010095,SME002900,RM048,2026-04-15,SECURE_MESSAGE,CONNECTED,CONTROLLED_SYNTHETIC
I0010096,SME002900,RM048,2026-07-16,MEETING,CONNECTED,CONTROLLED_SYNTHETIC
I0010097,SME002900,RM048,2025-10-10,SECURE_MESSAGE,FOLLOW_UP,CONTROLLED_SYNTHETIC
I0010098,SME002901,RM001,2026-03-10,CALL,CONNECTED,CONTROLLED_SYNTHETIC
I0010099,SME002902,RM002,2025-10-30,BRANCH,CONNECTED,CONTROLLED_SYNTHETIC
I0010100,SME002902,RM002,2026-07-09,BRANCH,CONNECTED,CONTROLLED_SYNTHETIC
I0010101,SME002902,RM002,2026-05-22,CALL,NEEDS_REVIEW,CONTROLLED_SYNTHETIC
I0010102,SME002902,RM002,2026-03-25,CALL,CONNECTED,CONTROLLED_SYNTHETIC
I0010103,SME002902,RM002,2025-08-26,MEETING,CONNECTED,CONTROLLED_SYNTHETIC
I0010104,SME002902,RM002,2025-08-24,CALL,NO_RESPONSE,CONTROLLED_SYNTHETIC
I0010105,SME002903,RM010,2025-09-17,CALL,FOLLOW_UP,CONTROLLED_SYNTHETIC
I0010106,SME002903,RM010,2025-09-22,MEETING,CONNECTED,CONTROLLED_SYNTHETIC
I0010107,SME002903,RM010,2026-05-10,MEETING,FOLLOW_UP,CONTROLLED_SYNTHETIC
I0010108,SME002903,RM010,2026-02-19,CALL,NO_RESPONSE,CONTROLLED_SYNTHETIC
I0010109,SME002903,RM010,2025-11-11,CALL,FOLLOW_UP,CONTROLLED_SYNTHETIC
I0010110,SME002903,RM010,2026-04-19,MEETING,FOLLOW_UP,CONTROLLED_SYNTHETIC
I0010111,SME002904,RM030,2025-12-19,CALL,NO_RESPONSE,CONTROLLED_SYNTHETIC
I0010112,SME002905,RM033,2025-12-16,SECURE_MESSAGE,CONNECTED,CONTROLLED_SYNTHETIC
I0010113,SME002905,RM033,2026-08-02,CALL,CONNECTED,CONTROLLED_SYNTHETIC
I0010114,SME002905,RM033,2026-05-05,BRANCH,FOLLOW_UP,CONTROLLED_SYNTHETIC
I0010115,SME002905,RM033,2026-07-20,CALL,FOLLOW_UP,CONTROLLED_SYNTHETIC
I0010116,SME002905,RM033,2025-12-14,BRANCH,CONNECTED,CONTROLLED_SYNTHETIC
I0010117,SME002906,RM009,2026-04-02,BRANCH,CONNECTED,CONTROLLED_SYNTHETIC
I0010118,SME002907,RM025,2026-01-16,SECURE_MESSAGE,NEEDS_REVIEW,CONTROLLED_SYNTHETIC
I0010119,SME002907,RM025,2026-01-18,MEETING,FOLLOW_UP,CONTROLLED_SYNTHETIC
I0010120,SME002907,RM025,2026-07-23,SECURE_MESSAGE,NEEDS_REVIEW,CONTROLLED_SYNTHETIC
I0010121,SME002908,RM038,2026-02-17,CALL,CONNECTED,CONTROLLED_SYNTHETIC
I0010122,SME002908,RM038,2026-03-30,MEETING,NO_RESPONSE,CONTROLLED_SYNTHETIC
I0010123,SME002908,RM038,2026-02-18,MEETING,CONNECTED,CONTROLLED_SYNTHETIC
I0010124,SME002909,RM030,2026-01-09,SECURE_MESSAGE,CONNECTED,CONTROLLED_SYNTHETIC
I0010125,SME002909,RM030,2025-09-28,CALL,FOLLOW_UP,CONTROLLED_SYNTHETIC
I0010126,SME002909,RM030,2026-01-17,CALL,NO_RESPONSE,CONTROLLED_SYNTHETIC
I0010127,SME002909,RM030,2026-04-19,MEETING,NO_RESPONSE,CONTROLLED_SYNTHETIC
I0010128,SME002909,RM030,2026-04-13,MEETING,NO_RESPONSE,CONTROLLED_SYNTHETIC
I0010129,SME002909,RM030,2026-08-13,MEETING,NO_RESPONSE,CONTROLLED_SYNTHETIC
I0010130,SME002910,RM009,2026-01-27,MEETING,NO_RESPONSE,CONTROLLED_SYNTHETIC
I0010131,SME002910,RM009,2025-11-26,SECURE_MESSAGE,CONNECTED,CONTROLLED_SYNTHETIC
I0010132,SME002911,RM008,2025-11-11,BRANCH,CONNECTED,CONTROLLED_SYNTHETIC
I0010133,SME002911,RM008,2025-09-01,CALL,CONNECTED,CONTROLLED_SYNTHETIC
I0010134,SME002912,RM004,2026-05-08,MEETING,CONNECTED,CONTROLLED_SYNTHETIC
I0010135,SME002912,RM004,2026-03-03,SECURE_MESSAGE,NEEDS_REVIEW,CONTROLLED_SYNTHETIC
I0010136,SME002912,RM004,2025-10-26,CALL,FOLLOW_UP,CONTROLLED_SYNTHETIC
I0010137,SME002913,RM031,2025-12-09,BRANCH,FOLLOW_UP,CONTROLLED_SYNTHETIC
I0010138,SME002914,RM047,2025-10-05,SECURE_MESSAGE,FOLLOW_UP,CONTROLLED_SYNTHETIC
I0010139,SME002914,RM047,2026-04-12,MEETING,FOLLOW_UP,CONTROLLED_SYNTHETIC
I0010140,SME002914,RM047,2025-11-03,CALL,NEEDS_REVIEW,CONTROLLED_SYNTHETIC
I0010141,SME002914,RM047,2026-08-05,BRANCH,FOLLOW_UP,CONTROLLED_SYNTHETIC
I0010142,SME002914,RM047,2025-12-28,SECURE_MESSAGE,CONNECTED,CONTROLLED_SYNTHETIC
I0010143,SME002914,RM047,2026-06-28,SECURE_MESSAGE,CONNECTED,CONTROLLED_SYNTHETIC
I0010144,SME002915,RM013,2025-08-28,BRANCH,CONNECTED,CONTROLLED_SYNTHETIC
I0010145,SME002916,RM036,2025-11-24,CALL,CONNECTED,CONTROLLED_SYNTHETIC
I0010146,SME002916,RM036,2026-03-26,BRANCH,CONNECTED,CONTROLLED_SYNTHETIC
I0010147,SME002916,RM036,2026-08-19,MEETING,FOLLOW_UP,CONTROLLED_SYNTHETIC
I0010148,SME002916,RM036,2025-11-07,CALL,NO_RESPONSE,CONTROLLED_SYNTHETIC
I0010149,SME002916,RM036,2026-04-06,MEETING,CONNECTED,CONTROLLED_SYNTHETIC
I0010150,SME002917,RM008,2026-07-17,SECURE_MESSAGE,NO_RESPONSE,CONTROLLED_SYNTHETIC
I0010151,SME002917,RM008,2026-04-25,CALL,CONNECTED,CONTROLLED_SYNTHETIC
I0010152,SME002917,RM008,2026-05-28,BRANCH,NO_RESPONSE,CONTROLLED_SYNTHETIC
I0010153,SME002917,RM008,2025-09-06,BRANCH,CONNECTED,CONTROLLED_SYNTHETIC
I0010154,SME002918,RM013,2026-01-08,CALL,NO_RESPONSE,CONTROLLED_SYNTHETIC
I0010155,SME002918,RM013,2025-09-09,MEETING,FOLLOW_UP,CONTROLLED_SYNTHETIC
I0010156,SME002919,RM012,2026-05-09,BRANCH,FOLLOW_UP,CONTROLLED_SYNTHETIC
I0010157,SME002919,RM012,2026-06-20,BRANCH,CONNECTED,CONTROLLED_SYNTHETIC
I0010158,SME002919,RM012,2026-02-17,BRANCH,NO_RESPONSE,CONTROLLED_SYNTHETIC
I0010159,SME002919,RM012,2026-07-30,MEETING,NO_RESPONSE,CONTROLLED_SYNTHETIC
I0010160,SME002919,RM012,2025-12-15,BRANCH,CONNECTED,CONTROLLED_SYNTHETIC
I0010161,SME002920,RM003,2026-06-05,SECURE_MESSAGE,CONNECTED,CONTROLLED_SYNTHETIC
I0010162,SME002920,RM003,2026-05-24,SECURE_MESSAGE,CONNECTED,CONTROLLED_SYNTHETIC
I0010163,SME002920,RM003,2025-10-22,BRANCH,CONNECTED,CONTROLLED_SYNTHETIC
I0010164,SME002921,RM045,2026-05-04,CALL,FOLLOW_UP,CONTROLLED_SYNTHETIC
I0010165,SME002921,RM045,2026-08-16,MEETING,CONNECTED,CONTROLLED_SYNTHETIC
I0010166,SME002921,RM045,2026-07-31,SECURE_MESSAGE,CONNECTED,CONTROLLED_SYNTHETIC
I0010167,SME002921,RM045,2026-07-01,MEETING,NEEDS_REVIEW,CONTROLLED_SYNTHETIC
I0010168,SME002921,RM045,2026-02-19,CALL,CONNECTED,CONTROLLED_SYNTHETIC
I0010169,SME002921,RM045,2026-06-18,CALL,CONNECTED,CONTROLLED_SYNTHETIC
I0010170,SME002922,RM024,2025-12-22,SECURE_MESSAGE,CONNECTED,CONTROLLED_SYNTHETIC
I0010171,SME002923,RM007,2026-05-21,MEETING,NEEDS_REVIEW,CONTROLLED_SYNTHETIC
I0010172,SME002923,RM007,2026-05-18,CALL,CONNECTED,CONTROLLED_SYNTHETIC
I0010173,SME002923,RM007,2026-02-19,MEETING,FOLLOW_UP,CONTROLLED_SYNTHETIC
I0010174,SME002923,RM007,2026-08-14,MEETING,FOLLOW_UP,CONTROLLED_SYNTHETIC
I0010175,SME002924,RM036,2026-01-16,CALL,FOLLOW_UP,CONTROLLED_SYNTHETIC
I0010176,SME002924,RM036,2026-01-11,SECURE_MESSAGE,FOLLOW_UP,CONTROLLED_SYNTHETIC
I0010177,SME002924,RM036,2025-09-12,SECURE_MESSAGE,CONNECTED,CONTROLLED_SYNTHETIC
I0010178,SME002924,RM036,2026-03-04,SECURE_MESSAGE,CONNECTED,CONTROLLED_SYNTHETIC
I0010179,SME002924,RM036,2026-04-16,MEETING,FOLLOW_UP,CONTROLLED_SYNTHETIC
I0010180,SME002925,RM023,2025-10-03,BRANCH,FOLLOW_UP,CONTROLLED_SYNTHETIC
I0010181,SME002925,RM023,2026-03-23,SECURE_MESSAGE,NO_RESPONSE,CONTROLLED_SYNTHETIC
I0010182,SME002925,RM023,2026-08-05,CALL,NO_RESPONSE,CONTROLLED_SYNTHETIC
I0010183,SME002926,RM008,2026-01-12,SECURE_MESSAGE,CONNECTED,CONTROLLED_SYNTHETIC
I0010184,SME002926,RM008,2026-05-15,BRANCH,NEEDS_REVIEW,CONTROLLED_SYNTHETIC
I0010185,SME002926,RM008,2025-12-27,MEETING,CONNECTED,CONTROLLED_SYNTHETIC
I0010186,SME002926,RM008,2026-07-28,BRANCH,NO_RESPONSE,CONTROLLED_SYNTHETIC
I0010187,SME002926,RM008,2025-12-04,BRANCH,CONNECTED,CONTROLLED_SYNTHETIC
I0010188,SME002927,RM038,2026-02-07,BRANCH,NO_RESPONSE,CONTROLLED_SYNTHETIC
I0010189,SME002927,RM038,2026-06-21,MEETING,FOLLOW_UP,CONTROLLED_SYNTHETIC
I0010190,SME002927,RM038,2025-10-19,SECURE_MESSAGE,NO_RESPONSE,CONTROLLED_SYNTHETIC
I0010191,SME002928,RM029,2025-08-30,SECURE_MESSAGE,CONNECTED,CONTROLLED_SYNTHETIC
I0010192,SME002928,RM029,2025-09-12,MEETING,FOLLOW_UP,CONTROLLED_SYNTHETIC
I0010193,SME002928,RM029,2026-05-24,BRANCH,FOLLOW_UP,CONTROLLED_SYNTHETIC
I0010194,SME002929,RM021,2026-01-19,CALL,NEEDS_REVIEW,CONTROLLED_SYNTHETIC
I0010195,SME002930,RM009,2025-10-07,SECURE_MESSAGE,CONNECTED,CONTROLLED_SYNTHETIC
I0010196,SME002930,RM009,2026-03-21,SECURE_MESSAGE,NEEDS_REVIEW,CONTROLLED_SYNTHETIC
I0010197,SME002931,RM036,2026-07-08,BRANCH,NO_RESPONSE,CONTROLLED_SYNTHETIC
I0010198,SME002931,RM036,2026-07-08,SECURE_MESSAGE,NEEDS_REVIEW,CONTROLLED_SYNTHETIC
I0010199,SME002931,RM036,2025-09-24,CALL,NEEDS_REVIEW,CONTROLLED_SYNTHETIC
I0010200,SME002931,RM036,2025-08-31,CALL,CONNECTED,CONTROLLED_SYNTHETIC
I0010201,SME002932,RM021,2026-03-23,SECURE_MESSAGE,NEEDS_REVIEW,CONTROLLED_SYNTHETIC
I0010202,SME002933,RM029,2026-01-30,CALL,NEEDS_REVIEW,CONTROLLED_SYNTHETIC
I0010203,SME002933,RM029,2025-10-09,MEETING,FOLLOW_UP,CONTROLLED_SYNTHETIC
I0010204,SME002933,RM029,2025-09-09,CALL,CONNECTED,CONTROLLED_SYNTHETIC
I0010205,SME002934,RM010,2025-11-01,SECURE_MESSAGE,CONNECTED,CONTROLLED_SYNTHETIC
I0010206,SME002934,RM010,2025-10-27,MEETING,NO_RESPONSE,CONTROLLED_SYNTHETIC
I0010207,SME002934,RM010,2026-08-11,SECURE_MESSAGE,CONNECTED,CONTROLLED_SYNTHETIC
I0010208,SME002934,RM010,2025-11-23,SECURE_MESSAGE,FOLLOW_UP,CONTROLLED_SYNTHETIC
I0010209,SME002934,RM010,2025-08-26,SECURE_MESSAGE,NO_RESPONSE,CONTROLLED_SYNTHETIC
I0010210,SME002934,RM010,2026-07-10,MEETING,CONNECTED,CONTROLLED_SYNTHETIC
I0010211,SME002935,RM022,2026-02-04,CALL,CONNECTED,CONTROLLED_SYNTHETIC
I0010212,SME002935,RM022,2026-05-23,MEETING,CONNECTED,CONTROLLED_SYNTHETIC
I0010213,SME002936,RM045,2025-12-14,MEETING,FOLLOW_UP,CONTROLLED_SYNTHETIC
I0010214,SME002936,RM045,2026-03-04,MEETING,CONNECTED,CONTROLLED_SYNTHETIC
I0010215,SME002936,RM045,2026-03-06,BRANCH,FOLLOW_UP,CONTROLLED_SYNTHETIC
I0010216,SME002936,RM045,2026-03-24,CALL,NO_RESPONSE,CONTROLLED_SYNTHETIC
I0010217,SME002936,RM045,2026-05-28,MEETING,CONNECTED,CONTROLLED_SYNTHETIC
I0010218,SME002937,RM045,2026-01-28,SECURE_MESSAGE,FOLLOW_UP,CONTROLLED_SYNTHETIC
I0010219,SME002937,RM045,2026-05-17,MEETING,CONNECTED,CONTROLLED_SYNTHETIC
I0010220,SME002937,RM045,2026-03-29,CALL,NO_RESPONSE,CONTROLLED_SYNTHETIC
I0010221,SME002938,RM020,2026-07-30,BRANCH,CONNECTED,CONTROLLED_SYNTHETIC
I0010222,SME002938,RM020,2026-08-04,BRANCH,NEEDS_REVIEW,CONTROLLED_SYNTHETIC
I0010223,SME002939,RM002,2025-10-11,CALL,FOLLOW_UP,CONTROLLED_SYNTHETIC
I0010224,SME002939,RM002,2026-02-16,CALL,CONNECTED,CONTROLLED_SYNTHETIC
I0010225,SME002940,RM029,2026-08-14,MEETING,NO_RESPONSE,CONTROLLED_SYNTHETIC
I0010226,SME002941,RM010,2025-10-05,CALL,CONNECTED,CONTROLLED_SYNTHETIC
I0010227,SME002941,RM010,2026-03-11,MEETING,CONNECTED,CONTROLLED_SYNTHETIC
I0010228,SME002941,RM010,2025-10-17,CALL,NO_RESPONSE,CONTROLLED_SYNTHETIC
I0010229,SME002941,RM010,2026-07-08,BRANCH,NO_RESPONSE,CONTROLLED_SYNTHETIC
I0010230,SME002941,RM010,2026-04-13,BRANCH,NEEDS_REVIEW,CONTROLLED_SYNTHETIC
I0010231,SME002941,RM010,2025-09-17,SECURE_MESSAGE,CONNECTED,CONTROLLED_SYNTHETIC
I0010232,SME002942,RM034,2026-01-07,BRANCH,CONNECTED,CONTROLLED_SYNTHETIC
I0010233,SME002942,RM034,2026-02-19,BRANCH,FOLLOW_UP,CONTROLLED_SYNTHETIC
I0010234,SME002942,RM034,2025-11-17,CALL,FOLLOW_UP,CONTROLLED_SYNTHETIC
I0010235,SME002942,RM034,2026-06-13,CALL,CONNECTED,CONTROLLED_SYNTHETIC
I0010236,SME002943,RM021,2026-02-02,MEETING,NO_RESPONSE,CONTROLLED_SYNTHETIC
I0010237,SME002943,RM021,2026-03-13,MEETING,NEEDS_REVIEW,CONTROLLED_SYNTHETIC
I0010238,SME002943,RM021,2026-05-01,MEETING,NO_RESPONSE,CONTROLLED_SYNTHETIC
I0010239,SME002944,RM021,2026-01-10,BRANCH,FOLLOW_UP,CONTROLLED_SYNTHETIC
I0010240,SME002944,RM021,2026-02-16,CALL,FOLLOW_UP,CONTROLLED_SYNTHETIC
I0010241,SME002944,RM021,2026-06-09,CALL,CONNECTED,CONTROLLED_SYNTHETIC
I0010242,SME002944,RM021,2026-03-21,CALL,NO_RESPONSE,CONTROLLED_SYNTHETIC
I0010243,SME002944,RM021,2025-08-28,CALL,FOLLOW_UP,CONTROLLED_SYNTHETIC
I0010244,SME002944,RM021,2026-03-03,BRANCH,CONNECTED,CONTROLLED_SYNTHETIC
I0010245,SME002945,RM034,2025-11-14,BRANCH,CONNECTED,CONTROLLED_SYNTHETIC
I0010246,SME002945,RM034,2026-03-31,CALL,CONNECTED,CONTROLLED_SYNTHETIC
I0010247,SME002945,RM034,2025-09-29,MEETING,NO_RESPONSE,CONTROLLED_SYNTHETIC
I0010248,SME002945,RM034,2026-05-22,MEETING,CONNECTED,CONTROLLED_SYNTHETIC
I0010249,SME002945,RM034,2025-10-02,SECURE_MESSAGE,FOLLOW_UP,CONTROLLED_SYNTHETIC
I0010250,SME002946,RM030,2025-12-02,BRANCH,NO_RESPONSE,CONTROLLED_SYNTHETIC
I0010251,SME002947,RM030,2025-10-03,SECURE_MESSAGE,NO_RESPONSE,CONTROLLED_SYNTHETIC
I0010252,SME002947,RM030,2026-01-10,MEETING,FOLLOW_UP,CONTROLLED_SYNTHETIC
I0010253,SME002947,RM030,2026-07-29,MEETING,FOLLOW_UP,CONTROLLED_SYNTHETIC
I0010254,SME002947,RM030,2025-10-02,BRANCH,CONNECTED,CONTROLLED_SYNTHETIC
I0010255,SME002947,RM030,2025-09-02,CALL,NO_RESPONSE,CONTROLLED_SYNTHETIC
I0010256,SME002948,RM037,2026-04-22,BRANCH,NO_RESPONSE,CONTROLLED_SYNTHETIC
I0010257,SME002948,RM037,2026-01-07,CALL,CONNECTED,CONTROLLED_SYNTHETIC
I0010258,SME002949,RM029,2026-03-05,SECURE_MESSAGE,NEEDS_REVIEW,CONTROLLED_SYNTHETIC
I0010259,SME002949,RM029,2026-02-14,MEETING,CONNECTED,CONTROLLED_SYNTHETIC
I0010260,SME002950,RM002,2026-06-06,CALL,FOLLOW_UP,CONTROLLED_SYNTHETIC
I0010261,SME002950,RM002,2026-07-09,MEETING,NEEDS_REVIEW,CONTROLLED_SYNTHETIC
I0010262,SME002950,RM002,2025-11-24,MEETING,CONNECTED,CONTROLLED_SYNTHETIC
I0010263,SME002951,RM004,2025-12-13,BRANCH,CONNECTED,CONTROLLED_SYNTHETIC
I0010264,SME002951,RM004,2026-07-12,CALL,CONNECTED,CONTROLLED_SYNTHETIC
I0010265,SME002951,RM004,2026-02-09,SECURE_MESSAGE,CONNECTED,CONTROLLED_SYNTHETIC
I0010266,SME002952,RM047,2026-08-19,BRANCH,NO_RESPONSE,CONTROLLED_SYNTHETIC
I0010267,SME002952,RM047,2025-08-21,MEETING,CONNECTED,CONTROLLED_SYNTHETIC
I0010268,SME002953,RM015,2026-06-15,CALL,CONNECTED,CONTROLLED_SYNTHETIC
I0010269,SME002953,RM015,2026-07-09,MEETING,CONNECTED,CONTROLLED_SYNTHETIC
I0010270,SME002953,RM015,2025-09-07,MEETING,CONNECTED,CONTROLLED_SYNTHETIC
I0010271,SME002954,RM033,2026-05-14,CALL,CONNECTED,CONTROLLED_SYNTHETIC
I0010272,SME002954,RM033,2026-08-01,SECURE_MESSAGE,CONNECTED,CONTROLLED_SYNTHETIC
I0010273,SME002954,RM033,2025-11-02,SECURE_MESSAGE,CONNECTED,CONTROLLED_SYNTHETIC
I0010274,SME002954,RM033,2026-04-11,BRANCH,CONNECTED,CONTROLLED_SYNTHETIC
I0010275,SME002954,RM033,2026-01-29,MEETING,NEEDS_REVIEW,CONTROLLED_SYNTHETIC
I0010276,SME002954,RM033,2025-10-21,MEETING,CONNECTED,CONTROLLED_SYNTHETIC
I0010277,SME002955,RM048,2026-06-20,MEETING,CONNECTED,CONTROLLED_SYNTHETIC
I0010278,SME002955,RM048,2025-09-16,BRANCH,FOLLOW_UP,CONTROLLED_SYNTHETIC
I0010279,SME002955,RM048,2026-07-13,CALL,FOLLOW_UP,CONTROLLED_SYNTHETIC
I0010280,SME002955,RM048,2026-03-14,BRANCH,FOLLOW_UP,CONTROLLED_SYNTHETIC
I0010281,SME002955,RM048,2026-04-03,CALL,CONNECTED,CONTROLLED_SYNTHETIC
I0010282,SME002956,RM002,2026-03-10,CALL,FOLLOW_UP,CONTROLLED_SYNTHETIC
I0010283,SME002956,RM002,2025-12-03,MEETING,FOLLOW_UP,CONTROLLED_SYNTHETIC
I0010284,SME002956,RM002,2026-02-18,SECURE_MESSAGE,CONNECTED,CONTROLLED_SYNTHETIC
I0010285,SME002956,RM002,2025-08-21,SECURE_MESSAGE,NEEDS_REVIEW,CONTROLLED_SYNTHETIC
I0010286,SME002957,RM011,2026-04-09,BRANCH,NO_RESPONSE,CONTROLLED_SYNTHETIC
I0010287,SME002957,RM011,2026-01-06,SECURE_MESSAGE,FOLLOW_UP,CONTROLLED_SYNTHETIC
I0010288,SME002957,RM011,2025-08-30,BRANCH,CONNECTED,CONTROLLED_SYNTHETIC
I0010289,SME002957,RM011,2026-05-21,BRANCH,FOLLOW_UP,CONTROLLED_SYNTHETIC
I0010290,SME002957,RM011,2026-08-16,CALL,FOLLOW_UP,CONTROLLED_SYNTHETIC
I0010291,SME002958,RM032,2026-07-25,MEETING,FOLLOW_UP,CONTROLLED_SYNTHETIC
I0010292,SME002958,RM032,2026-06-02,SECURE_MESSAGE,NEEDS_REVIEW,CONTROLLED_SYNTHETIC
I0010293,SME002958,RM032,2025-08-25,MEETING,NO_RESPONSE,CONTROLLED_SYNTHETIC
I0010294,SME002958,RM032,2026-06-25,SECURE_MESSAGE,NEEDS_REVIEW,CONTROLLED_SYNTHETIC
I0010295,SME002959,RM028,2026-08-14,BRANCH,NEEDS_REVIEW,CONTROLLED_SYNTHETIC
I0010296,SME002960,RM030,2025-10-19,MEETING,NO_RESPONSE,CONTROLLED_SYNTHETIC
I0010297,SME002960,RM030,2025-10-18,CALL,NO_RESPONSE,CONTROLLED_SYNTHETIC
I0010298,SME002960,RM030,2025-09-24,CALL,CONNECTED,CONTROLLED_SYNTHETIC
I0010299,SME002960,RM030,2025-11-06,MEETING,CONNECTED,CONTROLLED_SYNTHETIC
I0010300,SME002960,RM030,2026-04-02,BRANCH,FOLLOW_UP,CONTROLLED_SYNTHETIC
I0010301,SME002960,RM030,2026-07-08,SECURE_MESSAGE,CONNECTED,CONTROLLED_SYNTHETIC
I0010302,SME002961,RM015,2026-02-06,CALL,NEEDS_REVIEW,CONTROLLED_SYNTHETIC
I0010303,SME002961,RM015,2026-05-11,BRANCH,CONNECTED,CONTROLLED_SYNTHETIC
I0010304,SME002961,RM015,2026-02-28,CALL,CONNECTED,CONTROLLED_SYNTHETIC
I0010305,SME002962,RM029,2025-11-24,SECURE_MESSAGE,CONNECTED,CONTROLLED_SYNTHETIC
I0010306,SME002963,RM013,2026-01-24,BRANCH,NO_RESPONSE,CONTROLLED_SYNTHETIC
I0010307,SME002963,RM013,2026-01-26,SECURE_MESSAGE,CONNECTED,CONTROLLED_SYNTHETIC
I0010308,SME002963,RM013,2026-03-21,SECURE_MESSAGE,CONNECTED,CONTROLLED_SYNTHETIC
I0010309,SME002963,RM013,2026-06-05,CALL,FOLLOW_UP,CONTROLLED_SYNTHETIC
I0010310,SME002963,RM013,2026-05-28,MEETING,FOLLOW_UP,CONTROLLED_SYNTHETIC
I0010311,SME002963,RM013,2026-06-28,BRANCH,FOLLOW_UP,CONTROLLED_SYNTHETIC
I0010312,SME002964,RM026,2025-11-13,CALL,NEEDS_REVIEW,CONTROLLED_SYNTHETIC
I0010313,SME002964,RM026,2026-07-26,MEETING,FOLLOW_UP,CONTROLLED_SYNTHETIC
I0010314,SME002964,RM026,2026-03-18,SECURE_MESSAGE,FOLLOW_UP,CONTROLLED_SYNTHETIC
I0010315,SME002964,RM026,2026-03-08,SECURE_MESSAGE,CONNECTED,CONTROLLED_SYNTHETIC
I0010316,SME002964,RM026,2026-05-02,BRANCH,FOLLOW_UP,CONTROLLED_SYNTHETIC
I0010317,SME002965,RM029,2026-04-28,BRANCH,NO_RESPONSE,CONTROLLED_SYNTHETIC
I0010318,SME002966,RM015,2026-02-21,CALL,FOLLOW_UP,CONTROLLED_SYNTHETIC
I0010319,SME002966,RM015,2025-11-28,CALL,CONNECTED,CONTROLLED_SYNTHETIC
I0010320,SME002967,RM022,2026-02-23,SECURE_MESSAGE,FOLLOW_UP,CONTROLLED_SYNTHETIC
I0010321,SME002967,RM022,2025-10-03,BRANCH,NO_RESPONSE,CONTROLLED_SYNTHETIC
I0010322,SME002967,RM022,2025-08-21,MEETING,CONNECTED,CONTROLLED_SYNTHETIC
I0010323,SME002967,RM022,2025-09-19,CALL,NO_RESPONSE,CONTROLLED_SYNTHETIC
I0010324,SME002968,RM005,2026-08-18,SECURE_MESSAGE,CONNECTED,CONTROLLED_SYNTHETIC
I0010325,SME002968,RM005,2026-01-24,SECURE_MESSAGE,CONNECTED,CONTROLLED_SYNTHETIC
I0010326,SME002968,RM005,2026-08-04,SECURE_MESSAGE,NO_RESPONSE,CONTROLLED_SYNTHETIC
I0010327,SME002968,RM005,2025-11-16,SECURE_MESSAGE,FOLLOW_UP,CONTROLLED_SYNTHETIC
I0010328,SME002968,RM005,2025-11-19,CALL,FOLLOW_UP,CONTROLLED_SYNTHETIC
I0010329,SME002968,RM005,2025-10-23,BRANCH,NO_RESPONSE,CONTROLLED_SYNTHETIC
I0010330,SME002969,RM042,2025-11-11,BRANCH,CONNECTED,CONTROLLED_SYNTHETIC
I0010331,SME002969,RM042,2025-11-19,BRANCH,FOLLOW_UP,CONTROLLED_SYNTHETIC
I0010332,SME002969,RM042,2026-02-04,MEETING,CONNECTED,CONTROLLED_SYNTHETIC
I0010333,SME002969,RM042,2025-08-25,MEETING,FOLLOW_UP,CONTROLLED_SYNTHETIC
I0010334,SME002970,RM010,2026-06-30,BRANCH,CONNECTED,CONTROLLED_SYNTHETIC
I0010335,SME002971,RM002,2026-08-02,SECURE_MESSAGE,NO_RESPONSE,CONTROLLED_SYNTHETIC
I0010336,SME002971,RM002,2026-03-02,CALL,FOLLOW_UP,CONTROLLED_SYNTHETIC
I0010337,SME002971,RM002,2026-05-01,SECURE_MESSAGE,NO_RESPONSE,CONTROLLED_SYNTHETIC
I0010338,SME002971,RM002,2026-06-13,MEETING,NEEDS_REVIEW,CONTROLLED_SYNTHETIC
I0010339,SME002971,RM002,2026-03-07,SECURE_MESSAGE,NO_RESPONSE,CONTROLLED_SYNTHETIC
I0010340,SME002971,RM002,2026-05-16,MEETING,CONNECTED,CONTROLLED_SYNTHETIC
I0010341,SME002972,RM021,2026-06-15,CALL,NO_RESPONSE,CONTROLLED_SYNTHETIC
I0010342,SME002973,RM024,2025-11-23,SECURE_MESSAGE,CONNECTED,CONTROLLED_SYNTHETIC
I0010343,SME002973,RM024,2026-06-29,MEETING,NO_RESPONSE,CONTROLLED_SYNTHETIC
I0010344,SME002973,RM024,2025-10-25,CALL,CONNECTED,CONTROLLED_SYNTHETIC
I0010345,SME002973,RM024,2026-05-25,CALL,CONNECTED,CONTROLLED_SYNTHETIC
I0010346,SME002974,RM034,2026-06-28,BRANCH,CONNECTED,CONTROLLED_SYNTHETIC
I0010347,SME002974,RM034,2026-07-20,BRANCH,NEEDS_REVIEW,CONTROLLED_SYNTHETIC
I0010348,SME002974,RM034,2026-03-02,CALL,CONNECTED,CONTROLLED_SYNTHETIC
I0010349,SME002975,RM030,2025-11-25,MEETING,NEEDS_REVIEW,CONTROLLED_SYNTHETIC
I0010350,SME002975,RM030,2025-12-29,BRANCH,CONNECTED,CONTROLLED_SYNTHETIC
I0010351,SME002975,RM030,2026-05-05,SECURE_MESSAGE,NO_RESPONSE,CONTROLLED_SYNTHETIC
I0010352,SME002975,RM030,2025-10-24,BRANCH,FOLLOW_UP,CONTROLLED_SYNTHETIC
I0010353,SME002975,RM030,2026-01-14,BRANCH,CONNECTED,CONTROLLED_SYNTHETIC
I0010354,SME002976,RM008,2026-03-04,CALL,NO_RESPONSE,CONTROLLED_SYNTHETIC
I0010355,SME002976,RM008,2026-03-07,BRANCH,CONNECTED,CONTROLLED_SYNTHETIC
I0010356,SME002977,RM005,2025-11-08,SECURE_MESSAGE,CONNECTED,CONTROLLED_SYNTHETIC
I0010357,SME002977,RM005,2026-03-10,MEETING,FOLLOW_UP,CONTROLLED_SYNTHETIC
I0010358,SME002977,RM005,2026-05-11,MEETING,CONNECTED,CONTROLLED_SYNTHETIC
I0010359,SME002978,RM001,2026-03-27,MEETING,CONNECTED,CONTROLLED_SYNTHETIC
I0010360,SME002978,RM001,2026-08-16,CALL,FOLLOW_UP,CONTROLLED_SYNTHETIC
I0010361,SME002979,RM034,2025-12-20,CALL,CONNECTED,CONTROLLED_SYNTHETIC
I0010362,SME002979,RM034,2026-01-18,MEETING,CONNECTED,CONTROLLED_SYNTHETIC
I0010363,SME002979,RM034,2025-09-21,BRANCH,CONNECTED,CONTROLLED_SYNTHETIC
I0010364,SME002979,RM034,2026-02-06,BRANCH,CONNECTED,CONTROLLED_SYNTHETIC
I0010365,SME002979,RM034,2026-07-21,CALL,FOLLOW_UP,CONTROLLED_SYNTHETIC
I0010366,SME002979,RM034,2026-01-23,BRANCH,NEEDS_REVIEW,CONTROLLED_SYNTHETIC
I0010367,SME002980,RM002,2026-07-30,BRANCH,FOLLOW_UP,CONTROLLED_SYNTHETIC
I0010368,SME002980,RM002,2025-09-15,SECURE_MESSAGE,NO_RESPONSE,CONTROLLED_SYNTHETIC
I0010369,SME002981,RM019,2025-11-10,BRANCH,FOLLOW_UP,CONTROLLED_SYNTHETIC
I0010370,SME002981,RM019,2026-06-29,SECURE_MESSAGE,NEEDS_REVIEW,CONTROLLED_SYNTHETIC
I0010371,SME002981,RM019,2026-04-09,MEETING,NO_RESPONSE,CONTROLLED_SYNTHETIC
I0010372,SME002981,RM019,2026-03-20,MEETING,CONNECTED,CONTROLLED_SYNTHETIC
I0010373,SME002981,RM019,2026-07-16,BRANCH,CONNECTED,CONTROLLED_SYNTHETIC
I0010374,SME002982,RM008,2025-12-27,SECURE_MESSAGE,CONNECTED,CONTROLLED_SYNTHETIC
I0010375,SME002982,RM008,2025-09-17,BRANCH,FOLLOW_UP,CONTROLLED_SYNTHETIC
I0010376,SME002982,RM008,2026-02-24,MEETING,NEEDS_REVIEW,CONTROLLED_SYNTHETIC
I0010377,SME002983,RM020,2026-04-24,SECURE_MESSAGE,CONNECTED,CONTROLLED_SYNTHETIC
I0010378,SME002983,RM020,2026-04-27,MEETING,NEEDS_REVIEW,CONTROLLED_SYNTHETIC
I0010379,SME002983,RM020,2025-10-24,SECURE_MESSAGE,CONNECTED,CONTROLLED_SYNTHETIC
I0010380,SME002984,RM008,2026-05-26,SECURE_MESSAGE,NEEDS_REVIEW,CONTROLLED_SYNTHETIC
I0010381,SME002985,RM043,2026-08-12,MEETING,CONNECTED,CONTROLLED_SYNTHETIC
I0010382,SME002986,RM046,2026-08-17,BRANCH,CONNECTED,CONTROLLED_SYNTHETIC
I0010383,SME002986,RM046,2026-01-24,BRANCH,CONNECTED,CONTROLLED_SYNTHETIC
I0010384,SME002986,RM046,2026-08-01,SECURE_MESSAGE,NEEDS_REVIEW,CONTROLLED_SYNTHETIC
I0010385,SME002986,RM046,2025-09-24,SECURE_MESSAGE,NO_RESPONSE,CONTROLLED_SYNTHETIC
I0010386,SME002986,RM046,2026-07-23,MEETING,NEEDS_REVIEW,CONTROLLED_SYNTHETIC
I0010387,SME002986,RM046,2025-08-28,CALL,NEEDS_REVIEW,CONTROLLED_SYNTHETIC
I0010388,SME002987,RM004,2026-08-01,CALL,CONNECTED,CONTROLLED_SYNTHETIC
I0010389,SME002987,RM004,2026-04-09,MEETING,CONNECTED,CONTROLLED_SYNTHETIC
I0010390,SME002987,RM004,2025-10-10,CALL,FOLLOW_UP,CONTROLLED_SYNTHETIC
I0010391,SME002988,RM017,2026-04-12,CALL,NO_RESPONSE,CONTROLLED_SYNTHETIC
I0010392,SME002988,RM017,2026-03-16,MEETING,CONNECTED,CONTROLLED_SYNTHETIC
I0010393,SME002988,RM017,2026-02-02,CALL,FOLLOW_UP,CONTROLLED_SYNTHETIC
I0010394,SME002988,RM017,2026-07-05,CALL,CONNECTED,CONTROLLED_SYNTHETIC
I0010395,SME002988,RM017,2025-12-01,BRANCH,FOLLOW_UP,CONTROLLED_SYNTHETIC
I0010396,SME002989,RM041,2025-10-23,MEETING,FOLLOW_UP,CONTROLLED_SYNTHETIC
I0010397,SME002989,RM041,2026-04-12,MEETING,CONNECTED,CONTROLLED_SYNTHETIC
I0010398,SME002989,RM041,2026-08-06,MEETING,CONNECTED,CONTROLLED_SYNTHETIC
I0010399,SME002989,RM041,2025-11-16,BRANCH,FOLLOW_UP,CONTROLLED_SYNTHETIC
I0010400,SME002990,RM021,2025-12-14,SECURE_MESSAGE,CONNECTED,CONTROLLED_SYNTHETIC
I0010401,SME002991,RM008,2026-03-10,CALL,FOLLOW_UP,CONTROLLED_SYNTHETIC
I0010402,SME002991,RM008,2026-06-30,MEETING,CONNECTED,CONTROLLED_SYNTHETIC
I0010403,SME002991,RM008,2026-02-07,BRANCH,FOLLOW_UP,CONTROLLED_SYNTHETIC
I0010404,SME002992,RM002,2026-04-26,SECURE_MESSAGE,FOLLOW_UP,CONTROLLED_SYNTHETIC
I0010405,SME002992,RM002,2026-07-27,CALL,CONNECTED,CONTROLLED_SYNTHETIC
I0010406,SME002992,RM002,2026-01-17,SECURE_MESSAGE,CONNECTED,CONTROLLED_SYNTHETIC
I0010407,SME002993,RM047,2026-07-14,CALL,NEEDS_REVIEW,CONTROLLED_SYNTHETIC
I0010408,SME002993,RM047,2026-01-19,CALL,NO_RESPONSE,CONTROLLED_SYNTHETIC
I0010409,SME002993,RM047,2026-07-06,BRANCH,CONNECTED,CONTROLLED_SYNTHETIC
I0010410,SME002993,RM047,2026-06-08,CALL,CONNECTED,CONTROLLED_SYNTHETIC
I0010411,SME002993,RM047,2026-03-04,CALL,CONNECTED,CONTROLLED_SYNTHETIC
I0010412,SME002993,RM047,2026-07-05,SECURE_MESSAGE,CONNECTED,CONTROLLED_SYNTHETIC
I0010413,SME002994,RM038,2026-07-31,SECURE_MESSAGE,NO_RESPONSE,CONTROLLED_SYNTHETIC
I0010414,SME002994,RM038,2026-03-28,SECURE_MESSAGE,CONNECTED,CONTROLLED_SYNTHETIC
I0010415,SME002995,RM007,2025-10-20,SECURE_MESSAGE,FOLLOW_UP,CONTROLLED_SYNTHETIC
I0010416,SME002995,RM007,2026-03-30,CALL,CONNECTED,CONTROLLED_SYNTHETIC
I0010417,SME002995,RM007,2026-04-10,MEETING,CONNECTED,CONTROLLED_SYNTHETIC
I0010418,SME002995,RM007,2026-03-23,MEETING,FOLLOW_UP,CONTROLLED_SYNTHETIC
I0010419,SME002995,RM007,2026-03-26,SECURE_MESSAGE,NEEDS_REVIEW,CONTROLLED_SYNTHETIC
I0010420,SME002995,RM007,2026-07-05,MEETING,NO_RESPONSE,CONTROLLED_SYNTHETIC
I0010421,SME002996,RM032,2026-06-25,BRANCH,NO_RESPONSE,CONTROLLED_SYNTHETIC
I0010422,SME002997,RM044,2025-10-29,CALL,FOLLOW_UP,CONTROLLED_SYNTHETIC
I0010423,SME002997,RM044,2026-01-29,MEETING,FOLLOW_UP,CONTROLLED_SYNTHETIC
I0010424,SME002997,RM044,2026-05-27,BRANCH,CONNECTED,CONTROLLED_SYNTHETIC
I0010425,SME002997,RM044,2025-11-03,MEETING,CONNECTED,CONTROLLED_SYNTHETIC
I0010426,SME002998,RM041,2025-11-24,SECURE_MESSAGE,NO_RESPONSE,CONTROLLED_SYNTHETIC
I0010427,SME002998,RM041,2025-10-28,MEETING,FOLLOW_UP,CONTROLLED_SYNTHETIC
I0010428,SME002999,RM041,2025-10-25,MEETING,FOLLOW_UP,CONTROLLED_SYNTHETIC
I0010429,SME002999,RM041,2026-05-23,SECURE_MESSAGE,CONNECTED,CONTROLLED_SYNTHETIC
I0010430,SME002999,RM041,2026-08-17,CALL,NEEDS_REVIEW,CONTROLLED_SYNTHETIC
I0010431,SME002999,RM041,2026-01-28,BRANCH,CONNECTED,CONTROLLED_SYNTHETIC
I0010432,SME003000,RM045,2026-01-14,MEETING,CONNECTED,CONTROLLED_SYNTHETIC
I0010433,SME003000,RM045,2026-05-18,CALL,CONNECTED,CONTROLLED_SYNTHETIC
I0010434,SME003000,RM045,2026-04-12,CALL,NO_RESPONSE,CONTROLLED_SYNTHETIC
I0010435,SME003000,RM045,2026-05-06,CALL,NO_RESPONSE,CONTROLLED_SYNTHETIC
I0010436,SME003001,RM006,2025-10-20,BRANCH,CONNECTED,CONTROLLED_SYNTHETIC
I0010437,SME003001,RM006,2026-03-15,SECURE_MESSAGE,CONNECTED,CONTROLLED_SYNTHETIC
I0010438,SME003001,RM006,2025-10-18,BRANCH,CONNECTED,CONTROLLED_SYNTHETIC
I0010439,SME003001,RM006,2025-09-13,BRANCH,NO_RESPONSE,CONTROLLED_SYNTHETIC
I0010440,SME003002,RM037,2026-07-21,BRANCH,CONNECTED,CONTROLLED_SYNTHETIC
I0010441,SME003002,RM037,2025-09-09,MEETING,NO_RESPONSE,CONTROLLED_SYNTHETIC
I0010442,SME003002,RM037,2026-05-08,SECURE_MESSAGE,CONNECTED,CONTROLLED_SYNTHETIC
I0010443,SME003002,RM037,2026-04-03,MEETING,CONNECTED,CONTROLLED_SYNTHETIC
I0010444,SME003003,RM027,2025-12-05,BRANCH,NO_RESPONSE,CONTROLLED_SYNTHETIC
I0010445,SME003003,RM027,2026-05-15,BRANCH,FOLLOW_UP,CONTROLLED_SYNTHETIC
I0010446,SME003003,RM027,2026-08-08,BRANCH,FOLLOW_UP,CONTROLLED_SYNTHETIC
I0010447,SME003003,RM027,2026-01-18,SECURE_MESSAGE,FOLLOW_UP,CONTROLLED_SYNTHETIC
I0010448,SME003003,RM027,2026-04-02,MEETING,NO_RESPONSE,CONTROLLED_SYNTHETIC
I0010449,SME003003,RM027,2025-09-18,MEETING,CONNECTED,CONTROLLED_SYNTHETIC
I0010450,SME003004,RM013,2025-09-12,MEETING,NEEDS_REVIEW,CONTROLLED_SYNTHETIC
I0010451,SME003004,RM013,2026-02-22,SECURE_MESSAGE,CONNECTED,CONTROLLED_SYNTHETIC
I0010452,SME003004,RM013,2026-01-02,BRANCH,NO_RESPONSE,CONTROLLED_SYNTHETIC
I0010453,SME003005,RM015,2026-04-07,SECURE_MESSAGE,FOLLOW_UP,CONTROLLED_SYNTHETIC
I0010454,SME003005,RM015,2026-04-21,BRANCH,CONNECTED,CONTROLLED_SYNTHETIC
I0010455,SME003006,RM029,2026-02-18,BRANCH,NEEDS_REVIEW,CONTROLLED_SYNTHETIC
I0010456,SME003006,RM029,2025-08-23,CALL,CONNECTED,CONTROLLED_SYNTHETIC
I0010457,SME003007,RM002,2026-07-26,BRANCH,FOLLOW_UP,CONTROLLED_SYNTHETIC
I0010458,SME003008,RM009,2026-04-01,MEETING,NEEDS_REVIEW,CONTROLLED_SYNTHETIC
I0010459,SME003008,RM009,2025-12-05,CALL,NO_RESPONSE,CONTROLLED_SYNTHETIC
I0010460,SME003008,RM009,2025-09-04,BRANCH,FOLLOW_UP,CONTROLLED_SYNTHETIC
I0010461,SME003008,RM009,2025-09-28,MEETING,CONNECTED,CONTROLLED_SYNTHETIC
I0010462,SME003008,RM009,2026-08-05,BRANCH,FOLLOW_UP,CONTROLLED_SYNTHETIC
I0010463,SME003009,RM021,2026-08-16,BRANCH,CONNECTED,CONTROLLED_SYNTHETIC
I0010464,SME003009,RM021,2026-05-13,MEETING,NEEDS_REVIEW,CONTROLLED_SYNTHETIC
I0010465,SME003009,RM021,2026-01-05,CALL,CONNECTED,CONTROLLED_SYNTHETIC
I0010466,SME003010,RM042,2026-07-13,MEETING,CONNECTED,CONTROLLED_SYNTHETIC
I0010467,SME003010,RM042,2025-08-22,MEETING,FOLLOW_UP,CONTROLLED_SYNTHETIC
I0010468,SME003010,RM042,2026-01-30,BRANCH,FOLLOW_UP,CONTROLLED_SYNTHETIC
I0010469,SME003010,RM042,2025-11-15,BRANCH,CONNECTED,CONTROLLED_SYNTHETIC
I0010470,SME003010,RM042,2025-11-02,BRANCH,FOLLOW_UP,CONTROLLED_SYNTHETIC
I0010471,SME003011,RM001,2026-01-21,MEETING,FOLLOW_UP,CONTROLLED_SYNTHETIC
I0010472,SME003011,RM001,2026-01-09,BRANCH,NEEDS_REVIEW,CONTROLLED_SYNTHETIC
I0010473,SME003011,RM001,2026-04-23,CALL,FOLLOW_UP,CONTROLLED_SYNTHETIC
I0010474,SME003012,RM015,2026-04-28,BRANCH,CONNECTED,CONTROLLED_SYNTHETIC
I0010475,SME003012,RM015,2026-05-03,MEETING,FOLLOW_UP,CONTROLLED_SYNTHETIC
I0010476,SME003012,RM015,2025-12-30,CALL,NO_RESPONSE,CONTROLLED_SYNTHETIC
I0010477,SME003012,RM015,2026-01-26,SECURE_MESSAGE,CONNECTED,CONTROLLED_SYNTHETIC
I0010478,SME003012,RM015,2026-04-02,MEETING,CONNECTED,CONTROLLED_SYNTHETIC
I0010479,SME003013,RM033,2026-06-26,SECURE_MESSAGE,NO_RESPONSE,CONTROLLED_SYNTHETIC
I0010480,SME003014,RM011,2026-07-18,MEETING,CONNECTED,CONTROLLED_SYNTHETIC
I0010481,SME003014,RM011,2025-12-03,SECURE_MESSAGE,FOLLOW_UP,CONTROLLED_SYNTHETIC
I0010482,SME003014,RM011,2026-03-30,BRANCH,NEEDS_REVIEW,CONTROLLED_SYNTHETIC
I0010483,SME003015,RM005,2026-03-09,SECURE_MESSAGE,CONNECTED,CONTROLLED_SYNTHETIC
I0010484,SME003015,RM005,2026-01-29,MEETING,CONNECTED,CONTROLLED_SYNTHETIC
I0010485,SME003015,RM005,2026-08-06,MEETING,CONNECTED,CONTROLLED_SYNTHETIC
I0010486,SME003015,RM005,2026-07-24,CALL,CONNECTED,CONTROLLED_SYNTHETIC
I0010487,SME003015,RM005,2026-01-26,CALL,FOLLOW_UP,CONTROLLED_SYNTHETIC
I0010488,SME003016,RM008,2026-06-09,MEETING,NO_RESPONSE,CONTROLLED_SYNTHETIC
I0010489,SME003017,RM029,2025-10-16,CALL,NEEDS_REVIEW,CONTROLLED_SYNTHETIC
I0010490,SME003018,RM043,2025-11-26,CALL,CONNECTED,CONTROLLED_SYNTHETIC
I0010491,SME003018,RM043,2025-09-19,BRANCH,CONNECTED,CONTROLLED_SYNTHETIC
I0010492,SME003018,RM043,2025-12-30,SECURE_MESSAGE,NO_RESPONSE,CONTROLLED_SYNTHETIC
I0010493,SME003018,RM043,2026-02-25,CALL,CONNECTED,CONTROLLED_SYNTHETIC
I0010494,SME003018,RM043,2026-06-27,BRANCH,CONNECTED,CONTROLLED_SYNTHETIC
I0010495,SME003019,RM027,2026-06-25,MEETING,CONNECTED,CONTROLLED_SYNTHETIC
I0010496,SME003019,RM027,2026-05-26,MEETING,CONNECTED,CONTROLLED_SYNTHETIC
I0010497,SME003019,RM027,2026-04-13,MEETING,CONNECTED,CONTROLLED_SYNTHETIC
I0010498,SME003019,RM027,2025-12-04,BRANCH,FOLLOW_UP,CONTROLLED_SYNTHETIC
I0010499,SME003019,RM027,2026-02-16,MEETING,NO_RESPONSE,CONTROLLED_SYNTHETIC
I0010500,SME003020,RM020,2026-08-08,MEETING,NO_RESPONSE,CONTROLLED_SYNTHETIC
I0010501,SME003020,RM020,2025-11-06,CALL,CONNECTED,CONTROLLED_SYNTHETIC
I0010502,SME003020,RM020,2026-01-02,BRANCH,FOLLOW_UP,CONTROLLED_SYNTHETIC
I0010503,SME003020,RM020,2026-02-23,SECURE_MESSAGE,NO_RESPONSE,CONTROLLED_SYNTHETIC
I0010504,SME003020,RM020,2026-02-14,SECURE_MESSAGE,NO_RESPONSE,CONTROLLED_SYNTHETIC
I0010505,SME003021,RM033,2026-03-31,CALL,FOLLOW_UP,CONTROLLED_SYNTHETIC
I0010506,SME003022,RM017,2025-12-18,SECURE_MESSAGE,FOLLOW_UP,CONTROLLED_SYNTHETIC
I0010507,SME003022,RM017,2026-05-13,SECURE_MESSAGE,NEEDS_REVIEW,CONTROLLED_SYNTHETIC
I0010508,SME003022,RM017,2026-03-19,SECURE_MESSAGE,CONNECTED,CONTROLLED_SYNTHETIC
I0010509,SME003023,RM018,2026-02-21,SECURE_MESSAGE,FOLLOW_UP,CONTROLLED_SYNTHETIC
I0010510,SME003023,RM018,2026-03-20,BRANCH,CONNECTED,CONTROLLED_SYNTHETIC
I0010511,SME003023,RM018,2026-05-20,SECURE_MESSAGE,CONNECTED,CONTROLLED_SYNTHETIC
I0010512,SME003023,RM018,2026-06-27,MEETING,CONNECTED,CONTROLLED_SYNTHETIC
I0010513,SME003024,RM005,2026-02-01,MEETING,CONNECTED,CONTROLLED_SYNTHETIC
I0010514,SME003024,RM005,2025-11-02,SECURE_MESSAGE,NO_RESPONSE,CONTROLLED_SYNTHETIC
I0010515,SME003024,RM005,2025-09-29,MEETING,CONNECTED,CONTROLLED_SYNTHETIC
I0010516,SME003024,RM005,2026-08-16,BRANCH,FOLLOW_UP,CONTROLLED_SYNTHETIC
I0010517,SME003025,RM015,2026-01-05,BRANCH,FOLLOW_UP,CONTROLLED_SYNTHETIC
I0010518,SME003025,RM015,2026-04-10,CALL,NEEDS_REVIEW,CONTROLLED_SYNTHETIC
I0010519,SME003025,RM015,2025-12-25,CALL,NO_RESPONSE,CONTROLLED_SYNTHETIC
I0010520,SME003026,RM022,2025-09-02,MEETING,NEEDS_REVIEW,CONTROLLED_SYNTHETIC
I0010521,SME003026,RM022,2025-09-05,CALL,CONNECTED,CONTROLLED_SYNTHETIC
I0010522,SME003027,RM024,2025-09-02,SECURE_MESSAGE,FOLLOW_UP,CONTROLLED_SYNTHETIC
I0010523,SME003028,RM009,2025-12-11,BRANCH,FOLLOW_UP,CONTROLLED_SYNTHETIC
I0010524,SME003028,RM009,2026-08-15,MEETING,FOLLOW_UP,CONTROLLED_SYNTHETIC
I0010525,SME003029,RM014,2025-12-06,MEETING,CONNECTED,CONTROLLED_SYNTHETIC
I0010526,SME003029,RM014,2025-12-07,MEETING,CONNECTED,CONTROLLED_SYNTHETIC
I0010527,SME003029,RM014,2025-09-08,BRANCH,FOLLOW_UP,CONTROLLED_SYNTHETIC
I0010528,SME003029,RM014,2026-04-17,MEETING,FOLLOW_UP,CONTROLLED_SYNTHETIC
I0010529,SME003030,RM043,2026-05-23,CALL,CONNECTED,CONTROLLED_SYNTHETIC
I0010530,SME003030,RM043,2026-02-11,MEETING,FOLLOW_UP,CONTROLLED_SYNTHETIC
I0010531,SME003030,RM043,2026-07-31,BRANCH,CONNECTED,CONTROLLED_SYNTHETIC
I0010532,SME003031,RM030,2025-12-30,BRANCH,FOLLOW_UP,CONTROLLED_SYNTHETIC
I0010533,SME003031,RM030,2026-02-27,SECURE_MESSAGE,CONNECTED,CONTROLLED_SYNTHETIC
I0010534,SME003031,RM030,2025-12-09,MEETING,CONNECTED,CONTROLLED_SYNTHETIC
I0010535,SME003032,RM041,2026-01-19,MEETING,CONNECTED,CONTROLLED_SYNTHETIC
I0010536,SME003032,RM041,2025-12-21,SECURE_MESSAGE,FOLLOW_UP,CONTROLLED_SYNTHETIC
I0010537,SME003032,RM041,2026-06-23,BRANCH,FOLLOW_UP,CONTROLLED_SYNTHETIC
I0010538,SME003032,RM041,2026-02-13,CALL,CONNECTED,CONTROLLED_SYNTHETIC
I0010539,SME003032,RM041,2025-08-30,BRANCH,FOLLOW_UP,CONTROLLED_SYNTHETIC
I0010540,SME003033,RM021,2026-06-27,BRANCH,CONNECTED,CONTROLLED_SYNTHETIC
I0010541,SME003034,RM018,2026-01-06,CALL,CONNECTED,CONTROLLED_SYNTHETIC
I0010542,SME003034,RM018,2026-07-07,BRANCH,CONNECTED,CONTROLLED_SYNTHETIC
I0010543,SME003034,RM018,2026-01-18,BRANCH,FOLLOW_UP,CONTROLLED_SYNTHETIC
I0010544,SME003035,RM021,2025-12-11,CALL,CONNECTED,CONTROLLED_SYNTHETIC
I0010545,SME003035,RM021,2025-10-21,MEETING,FOLLOW_UP,CONTROLLED_SYNTHETIC
I0010546,SME003035,RM021,2026-08-16,CALL,FOLLOW_UP,CONTROLLED_SYNTHETIC
I0010547,SME003035,RM021,2026-04-16,MEETING,FOLLOW_UP,CONTROLLED_SYNTHETIC
I0010548,SME003036,RM022,2026-07-28,SECURE_MESSAGE,FOLLOW_UP,CONTROLLED_SYNTHETIC
I0010549,SME003036,RM022,2026-06-21,CALL,NO_RESPONSE,CONTROLLED_SYNTHETIC
I0010550,SME003036,RM022,2025-10-24,MEETING,NEEDS_REVIEW,CONTROLLED_SYNTHETIC
I0010551,SME003036,RM022,2025-12-27,MEETING,NEEDS_REVIEW,CONTROLLED_SYNTHETIC
I0010552,SME003037,RM010,2026-04-24,BRANCH,NEEDS_REVIEW,CONTROLLED_SYNTHETIC
I0010553,SME003037,RM010,2025-09-30,CALL,NEEDS_REVIEW,CONTROLLED_SYNTHETIC
I0010554,SME003037,RM010,2025-10-12,CALL,NO_RESPONSE,CONTROLLED_SYNTHETIC
I0010555,SME003037,RM010,2026-07-27,BRANCH,CONNECTED,CONTROLLED_SYNTHETIC
I0010556,SME003038,RM008,2025-11-28,SECURE_MESSAGE,CONNECTED,CONTROLLED_SYNTHETIC
I0010557,SME003038,RM008,2025-09-07,CALL,NEEDS_REVIEW,CONTROLLED_SYNTHETIC
I0010558,SME003038,RM008,2025-12-20,SECURE_MESSAGE,NO_RESPONSE,CONTROLLED_SYNTHETIC
I0010559,SME003038,RM008,2026-06-15,BRANCH,FOLLOW_UP,CONTROLLED_SYNTHETIC
I0010560,SME003038,RM008,2026-03-14,BRANCH,CONNECTED,CONTROLLED_SYNTHETIC
I0010561,SME003038,RM008,2026-02-27,CALL,FOLLOW_UP,CONTROLLED_SYNTHETIC
I0010562,SME003039,RM037,2026-04-16,CALL,NO_RESPONSE,CONTROLLED_SYNTHETIC
I0010563,SME003039,RM037,2026-04-13,CALL,CONNECTED,CONTROLLED_SYNTHETIC
I0010564,SME003040,RM009,2026-01-07,BRANCH,CONNECTED,CONTROLLED_SYNTHETIC
I0010565,SME003040,RM009,2026-06-11,SECURE_MESSAGE,CONNECTED,CONTROLLED_SYNTHETIC
I0010566,SME003040,RM009,2025-11-25,CALL,CONNECTED,CONTROLLED_SYNTHETIC
I0010567,SME003041,RM034,2025-10-08,MEETING,CONNECTED,CONTROLLED_SYNTHETIC
I0010568,SME003041,RM034,2025-10-02,CALL,NO_RESPONSE,CONTROLLED_SYNTHETIC
I0010569,SME003041,RM034,2025-10-25,CALL,CONNECTED,CONTROLLED_SYNTHETIC
I0010570,SME003042,RM045,2026-05-24,MEETING,CONNECTED,CONTROLLED_SYNTHETIC
I0010571,SME003042,RM045,2026-07-05,MEETING,CONNECTED,CONTROLLED_SYNTHETIC
I0010572,SME003042,RM045,2025-10-20,MEETING,NEEDS_REVIEW,CONTROLLED_SYNTHETIC
I0010573,SME003042,RM045,2026-06-25,CALL,FOLLOW_UP,CONTROLLED_SYNTHETIC
I0010574,SME003042,RM045,2026-07-14,SECURE_MESSAGE,CONNECTED,CONTROLLED_SYNTHETIC
I0010575,SME003042,RM045,2026-03-21,MEETING,NEEDS_REVIEW,CONTROLLED_SYNTHETIC
I0010576,SME003043,RM008,2026-05-13,SECURE_MESSAGE,NO_RESPONSE,CONTROLLED_SYNTHETIC
I0010577,SME003043,RM008,2026-04-30,CALL,NEEDS_REVIEW,CONTROLLED_SYNTHETIC
I0010578,SME003043,RM008,2025-10-23,CALL,CONNECTED,CONTROLLED_SYNTHETIC
I0010579,SME003044,RM042,2025-09-27,CALL,FOLLOW_UP,CONTROLLED_SYNTHETIC
I0010580,SME003044,RM042,2026-07-20,SECURE_MESSAGE,FOLLOW_UP,CONTROLLED_SYNTHETIC
I0010581,SME003044,RM042,2026-02-07,BRANCH,FOLLOW_UP,CONTROLLED_SYNTHETIC
I0010582,SME003044,RM042,2026-08-13,BRANCH,CONNECTED,CONTROLLED_SYNTHETIC
I0010583,SME003045,RM012,2026-04-25,BRANCH,FOLLOW_UP,CONTROLLED_SYNTHETIC
I0010584,SME003046,RM032,2025-09-17,CALL,NO_RESPONSE,CONTROLLED_SYNTHETIC
I0010585,SME003046,RM032,2026-07-06,CALL,FOLLOW_UP,CONTROLLED_SYNTHETIC
I0010586,SME003047,RM012,2026-06-18,SECURE_MESSAGE,CONNECTED,CONTROLLED_SYNTHETIC
I0010587,SME003047,RM012,2025-11-13,MEETING,FOLLOW_UP,CONTROLLED_SYNTHETIC
I0010588,SME003047,RM012,2026-08-13,CALL,CONNECTED,CONTROLLED_SYNTHETIC
I0010589,SME003048,RM017,2026-06-15,MEETING,NO_RESPONSE,CONTROLLED_SYNTHETIC
I0010590,SME003049,RM003,2025-12-30,SECURE_MESSAGE,NEEDS_REVIEW,CONTROLLED_SYNTHETIC
I0010591,SME003050,RM017,2026-07-11,MEETING,NEEDS_REVIEW,CONTROLLED_SYNTHETIC
I0010592,SME003050,RM017,2025-12-06,CALL,FOLLOW_UP,CONTROLLED_SYNTHETIC
I0010593,SME003050,RM017,2026-08-05,SECURE_MESSAGE,NO_RESPONSE,CONTROLLED_SYNTHETIC
I0010594,SME003050,RM017,2026-08-07,CALL,NO_RESPONSE,CONTROLLED_SYNTHETIC
I0010595,SME003050,RM017,2026-03-23,SECURE_MESSAGE,CONNECTED,CONTROLLED_SYNTHETIC
I0010596,SME003051,RM036,2026-01-03,CALL,CONNECTED,CONTROLLED_SYNTHETIC
I0010597,SME003052,RM008,2026-07-12,CALL,CONNECTED,CONTROLLED_SYNTHETIC
I0010598,SME003052,RM008,2025-12-29,CALL,CONNECTED,CONTROLLED_SYNTHETIC
I0010599,SME003052,RM008,2026-01-15,SECURE_MESSAGE,CONNECTED,CONTROLLED_SYNTHETIC
I0010600,SME003053,RM023,2026-03-31,BRANCH,FOLLOW_UP,CONTROLLED_SYNTHETIC
I0010601,SME003053,RM023,2025-09-03,BRANCH,CONNECTED,CONTROLLED_SYNTHETIC
I0010602,SME003053,RM023,2026-06-26,MEETING,CONNECTED,CONTROLLED_SYNTHETIC
I0010603,SME003053,RM023,2025-09-07,SECURE_MESSAGE,NO_RESPONSE,CONTROLLED_SYNTHETIC
I0010604,SME003053,RM023,2025-11-13,MEETING,FOLLOW_UP,CONTROLLED_SYNTHETIC
I0010605,SME003053,RM023,2025-12-12,BRANCH,CONNECTED,CONTROLLED_SYNTHETIC
I0010606,SME003054,RM035,2025-11-15,MEETING,FOLLOW_UP,CONTROLLED_SYNTHETIC
I0010607,SME003054,RM035,2026-03-11,MEETING,NO_RESPONSE,CONTROLLED_SYNTHETIC
I0010608,SME003054,RM035,2026-01-24,SECURE_MESSAGE,FOLLOW_UP,CONTROLLED_SYNTHETIC
I0010609,SME003054,RM035,2026-02-28,CALL,NEEDS_REVIEW,CONTROLLED_SYNTHETIC
I0010610,SME003054,RM035,2025-11-15,BRANCH,CONNECTED,CONTROLLED_SYNTHETIC
I0010611,SME003054,RM035,2026-02-19,SECURE_MESSAGE,FOLLOW_UP,CONTROLLED_SYNTHETIC
I0010612,SME003055,RM009,2026-02-03,CALL,CONNECTED,CONTROLLED_SYNTHETIC
I0010613,SME003055,RM009,2026-03-11,CALL,CONNECTED,CONTROLLED_SYNTHETIC
I0010614,SME003055,RM009,2026-05-31,SECURE_MESSAGE,NO_RESPONSE,CONTROLLED_SYNTHETIC
I0010615,SME003055,RM009,2026-04-23,CALL,CONNECTED,CONTROLLED_SYNTHETIC
I0010616,SME003055,RM009,2026-03-01,SECURE_MESSAGE,NO_RESPONSE,CONTROLLED_SYNTHETIC
I0010617,SME003055,RM009,2025-10-24,SECURE_MESSAGE,CONNECTED,CONTROLLED_SYNTHETIC
I0010618,SME003056,RM041,2026-05-21,CALL,CONNECTED,CONTROLLED_SYNTHETIC
I0010619,SME003056,RM041,2025-09-21,MEETING,CONNECTED,CONTROLLED_SYNTHETIC
I0010620,SME003056,RM041,2026-07-25,CALL,FOLLOW_UP,CONTROLLED_SYNTHETIC
I0010621,SME003056,RM041,2026-08-05,MEETING,FOLLOW_UP,CONTROLLED_SYNTHETIC
I0010622,SME003056,RM041,2026-02-24,SECURE_MESSAGE,NO_RESPONSE,CONTROLLED_SYNTHETIC
I0010623,SME003057,RM017,2025-10-09,CALL,CONNECTED,CONTROLLED_SYNTHETIC
I0010624,SME003057,RM017,2026-04-27,MEETING,CONNECTED,CONTROLLED_SYNTHETIC
I0010625,SME003057,RM017,2026-04-09,MEETING,NEEDS_REVIEW,CONTROLLED_SYNTHETIC
I0010626,SME003058,RM010,2026-07-13,MEETING,CONNECTED,CONTROLLED_SYNTHETIC
I0010627,SME003058,RM010,2026-04-22,MEETING,CONNECTED,CONTROLLED_SYNTHETIC
I0010628,SME003058,RM010,2025-12-19,MEETING,NO_RESPONSE,CONTROLLED_SYNTHETIC
I0010629,SME003058,RM010,2026-01-06,BRANCH,FOLLOW_UP,CONTROLLED_SYNTHETIC
I0010630,SME003058,RM010,2026-03-19,BRANCH,NO_RESPONSE,CONTROLLED_SYNTHETIC
I0010631,SME003059,RM019,2025-10-24,CALL,CONNECTED,CONTROLLED_SYNTHETIC
I0010632,SME003059,RM019,2026-03-26,SECURE_MESSAGE,CONNECTED,CONTROLLED_SYNTHETIC
I0010633,SME003059,RM019,2026-07-02,BRANCH,CONNECTED,CONTROLLED_SYNTHETIC
I0010634,SME003059,RM019,2026-02-19,CALL,NO_RESPONSE,CONTROLLED_SYNTHETIC
I0010635,SME003059,RM019,2025-10-31,SECURE_MESSAGE,CONNECTED,CONTROLLED_SYNTHETIC
I0010636,SME003060,RM024,2026-02-17,CALL,NEEDS_REVIEW,CONTROLLED_SYNTHETIC
I0010637,SME003060,RM024,2026-01-31,SECURE_MESSAGE,FOLLOW_UP,CONTROLLED_SYNTHETIC
I0010638,SME003060,RM024,2026-04-28,CALL,FOLLOW_UP,CONTROLLED_SYNTHETIC
I0010639,SME003061,RM010,2026-06-04,BRANCH,NO_RESPONSE,CONTROLLED_SYNTHETIC
I0010640,SME003061,RM010,2025-10-27,CALL,CONNECTED,CONTROLLED_SYNTHETIC
I0010641,SME003061,RM010,2026-03-07,CALL,NEEDS_REVIEW,CONTROLLED_SYNTHETIC
I0010642,SME003061,RM010,2026-05-29,BRANCH,NO_RESPONSE,CONTROLLED_SYNTHETIC
I0010643,SME003061,RM010,2026-04-11,SECURE_MESSAGE,CONNECTED,CONTROLLED_SYNTHETIC
I0010644,SME003062,RM007,2025-11-28,MEETING,NO_RESPONSE,CONTROLLED_SYNTHETIC
I0010645,SME003063,RM042,2026-02-12,BRANCH,CONNECTED,CONTROLLED_SYNTHETIC
I0010646,SME003063,RM042,2026-05-02,BRANCH,NO_RESPONSE,CONTROLLED_SYNTHETIC
I0010647,SME003063,RM042,2026-07-13,SECURE_MESSAGE,NO_RESPONSE,CONTROLLED_SYNTHETIC
I0010648,SME003063,RM042,2026-06-20,MEETING,NO_RESPONSE,CONTROLLED_SYNTHETIC
I0010649,SME003064,RM015,2026-02-11,MEETING,CONNECTED,CONTROLLED_SYNTHETIC
I0010650,SME003065,RM042,2026-07-09,MEETING,CONNECTED,CONTROLLED_SYNTHETIC
I0010651,SME003065,RM042,2025-10-27,MEETING,NEEDS_REVIEW,CONTROLLED_SYNTHETIC
I0010652,SME003066,RM018,2025-11-30,MEETING,NO_RESPONSE,CONTROLLED_SYNTHETIC
I0010653,SME003067,RM026,2026-05-10,MEETING,NO_RESPONSE,CONTROLLED_SYNTHETIC
I0010654,SME003067,RM026,2026-07-18,MEETING,NO_RESPONSE,CONTROLLED_SYNTHETIC
I0010655,SME003068,RM028,2026-06-25,BRANCH,CONNECTED,CONTROLLED_SYNTHETIC
I0010656,SME003068,RM028,2025-11-02,CALL,NO_RESPONSE,CONTROLLED_SYNTHETIC
I0010657,SME003068,RM028,2026-06-29,BRANCH,CONNECTED,CONTROLLED_SYNTHETIC
I0010658,SME003068,RM028,2025-11-09,BRANCH,CONNECTED,CONTROLLED_SYNTHETIC
I0010659,SME003069,RM006,2026-02-18,SECURE_MESSAGE,CONNECTED,CONTROLLED_SYNTHETIC
I0010660,SME003069,RM006,2026-03-02,SECURE_MESSAGE,FOLLOW_UP,CONTROLLED_SYNTHETIC
I0010661,SME003070,RM020,2025-08-28,CALL,FOLLOW_UP,CONTROLLED_SYNTHETIC
I0010662,SME003070,RM020,2026-06-15,BRANCH,NO_RESPONSE,CONTROLLED_SYNTHETIC
I0010663,SME003070,RM020,2025-08-23,MEETING,CONNECTED,CONTROLLED_SYNTHETIC
I0010664,SME003070,RM020,2025-10-02,SECURE_MESSAGE,NO_RESPONSE,CONTROLLED_SYNTHETIC
I0010665,SME003071,RM006,2025-11-04,SECURE_MESSAGE,NO_RESPONSE,CONTROLLED_SYNTHETIC
I0010666,SME003072,RM047,2026-02-13,BRANCH,CONNECTED,CONTROLLED_SYNTHETIC
I0010667,SME003072,RM047,2025-08-26,SECURE_MESSAGE,FOLLOW_UP,CONTROLLED_SYNTHETIC
I0010668,SME003072,RM047,2026-06-18,CALL,FOLLOW_UP,CONTROLLED_SYNTHETIC
I0010669,SME003072,RM047,2026-04-18,MEETING,FOLLOW_UP,CONTROLLED_SYNTHETIC
I0010670,SME003073,RM018,2026-08-09,BRANCH,CONNECTED,CONTROLLED_SYNTHETIC
I0010671,SME003073,RM018,2026-08-02,BRANCH,CONNECTED,CONTROLLED_SYNTHETIC
I0010672,SME003073,RM018,2025-12-22,BRANCH,CONNECTED,CONTROLLED_SYNTHETIC
I0010673,SME003073,RM018,2026-01-17,SECURE_MESSAGE,FOLLOW_UP,CONTROLLED_SYNTHETIC
I0010674,SME003073,RM018,2025-11-29,BRANCH,CONNECTED,CONTROLLED_SYNTHETIC
I0010675,SME003073,RM018,2025-10-22,CALL,FOLLOW_UP,CONTROLLED_SYNTHETIC
I0010676,SME003074,RM041,2026-03-30,CALL,NO_RESPONSE,CONTROLLED_SYNTHETIC
I0010677,SME003075,RM029,2026-04-08,BRANCH,CONNECTED,CONTROLLED_SYNTHETIC
I0010678,SME003076,RM037,2026-04-06,MEETING,NEEDS_REVIEW,CONTROLLED_SYNTHETIC
I0010679,SME003077,RM026,2026-08-19,CALL,CONNECTED,CONTROLLED_SYNTHETIC
I0010680,SME003078,RM036,2025-08-24,CALL,NEEDS_REVIEW,CONTROLLED_SYNTHETIC
I0010681,SME003079,RM029,2025-12-12,BRANCH,FOLLOW_UP,CONTROLLED_SYNTHETIC
I0010682,SME003080,RM011,2025-12-27,SECURE_MESSAGE,CONNECTED,CONTROLLED_SYNTHETIC
I0010683,SME003080,RM011,2026-02-10,CALL,CONNECTED,CONTROLLED_SYNTHETIC
I0010684,SME003080,RM011,2026-03-25,SECURE_MESSAGE,CONNECTED,CONTROLLED_SYNTHETIC
I0010685,SME003080,RM011,2026-04-18,SECURE_MESSAGE,NO_RESPONSE,CONTROLLED_SYNTHETIC
I0010686,SME003081,RM034,2026-02-14,SECURE_MESSAGE,FOLLOW_UP,CONTROLLED_SYNTHETIC
I0010687,SME003081,RM034,2025-09-04,SECURE_MESSAGE,FOLLOW_UP,CONTROLLED_SYNTHETIC
I0010688,SME003081,RM034,2026-06-25,MEETING,NO_RESPONSE,CONTROLLED_SYNTHETIC
I0010689,SME003081,RM034,2025-11-08,BRANCH,NO_RESPONSE,CONTROLLED_SYNTHETIC
I0010690,SME003082,RM041,2026-01-25,BRANCH,CONNECTED,CONTROLLED_SYNTHETIC
I0010691,SME003082,RM041,2026-06-05,BRANCH,NEEDS_REVIEW,CONTROLLED_SYNTHETIC
I0010692,SME003082,RM041,2025-10-01,SECURE_MESSAGE,FOLLOW_UP,CONTROLLED_SYNTHETIC
I0010693,SME003082,RM041,2026-03-13,CALL,NEEDS_REVIEW,CONTROLLED_SYNTHETIC
I0010694,SME003082,RM041,2026-03-25,MEETING,NO_RESPONSE,CONTROLLED_SYNTHETIC
I0010695,SME003082,RM041,2025-12-21,MEETING,NO_RESPONSE,CONTROLLED_SYNTHETIC
I0010696,SME003083,RM015,2026-05-22,BRANCH,FOLLOW_UP,CONTROLLED_SYNTHETIC
I0010697,SME003083,RM015,2026-07-31,CALL,CONNECTED,CONTROLLED_SYNTHETIC
I0010698,SME003084,RM015,2026-01-23,MEETING,CONNECTED,CONTROLLED_SYNTHETIC
I0010699,SME003084,RM015,2026-08-15,MEETING,CONNECTED,CONTROLLED_SYNTHETIC
I0010700,SME003084,RM015,2026-04-30,CALL,FOLLOW_UP,CONTROLLED_SYNTHETIC
I0010701,SME003084,RM015,2026-04-08,CALL,NO_RESPONSE,CONTROLLED_SYNTHETIC
I0010702,SME003084,RM015,2026-06-29,SECURE_MESSAGE,NO_RESPONSE,CONTROLLED_SYNTHETIC
I0010703,SME003084,RM015,2026-01-07,BRANCH,CONNECTED,CONTROLLED_SYNTHETIC
I0010704,SME003085,RM002,2026-03-03,BRANCH,FOLLOW_UP,CONTROLLED_SYNTHETIC
I0010705,SME003085,RM002,2026-07-23,BRANCH,FOLLOW_UP,CONTROLLED_SYNTHETIC
I0010706,SME003085,RM002,2025-09-22,SECURE_MESSAGE,CONNECTED,CONTROLLED_SYNTHETIC
I0010707,SME003086,RM001,2025-10-05,BRANCH,NEEDS_REVIEW,CONTROLLED_SYNTHETIC
I0010708,SME003086,RM001,2026-05-22,SECURE_MESSAGE,CONNECTED,CONTROLLED_SYNTHETIC
I0010709,SME003086,RM001,2025-11-14,MEETING,CONNECTED,CONTROLLED_SYNTHETIC
I0010710,SME003086,RM001,2026-05-22,CALL,CONNECTED,CONTROLLED_SYNTHETIC
I0010711,SME003086,RM001,2026-06-20,MEETING,CONNECTED,CONTROLLED_SYNTHETIC
I0010712,SME003087,RM040,2026-02-21,MEETING,FOLLOW_UP,CONTROLLED_SYNTHETIC
I0010713,SME003088,RM025,2025-10-24,BRANCH,NEEDS_REVIEW,CONTROLLED_SYNTHETIC
I0010714,SME003088,RM025,2026-01-03,SECURE_MESSAGE,NO_RESPONSE,CONTROLLED_SYNTHETIC
I0010715,SME003088,RM025,2025-09-19,MEETING,FOLLOW_UP,CONTROLLED_SYNTHETIC
I0010716,SME003088,RM025,2026-04-28,BRANCH,FOLLOW_UP,CONTROLLED_SYNTHETIC
I0010717,SME003089,RM029,2025-11-03,MEETING,NO_RESPONSE,CONTROLLED_SYNTHETIC
I0010718,SME003089,RM029,2025-10-26,MEETING,FOLLOW_UP,CONTROLLED_SYNTHETIC
I0010719,SME003089,RM029,2026-06-15,CALL,FOLLOW_UP,CONTROLLED_SYNTHETIC
I0010720,SME003089,RM029,2026-06-05,SECURE_MESSAGE,NO_RESPONSE,CONTROLLED_SYNTHETIC
I0010721,SME003089,RM029,2025-10-03,SECURE_MESSAGE,FOLLOW_UP,CONTROLLED_SYNTHETIC
I0010722,SME003090,RM005,2026-06-19,CALL,CONNECTED,CONTROLLED_SYNTHETIC
I0010723,SME003090,RM005,2026-07-02,BRANCH,CONNECTED,CONTROLLED_SYNTHETIC
I0010724,SME003090,RM005,2026-03-09,BRANCH,CONNECTED,CONTROLLED_SYNTHETIC
I0010725,SME003090,RM005,2026-06-15,CALL,CONNECTED,CONTROLLED_SYNTHETIC
I0010726,SME003091,RM002,2026-06-19,SECURE_MESSAGE,FOLLOW_UP,CONTROLLED_SYNTHETIC
I0010727,SME003091,RM002,2025-08-21,SECURE_MESSAGE,FOLLOW_UP,CONTROLLED_SYNTHETIC
I0010728,SME003091,RM002,2025-10-24,SECURE_MESSAGE,CONNECTED,CONTROLLED_SYNTHETIC
I0010729,SME003091,RM002,2025-08-23,MEETING,CONNECTED,CONTROLLED_SYNTHETIC
I0010730,SME003091,RM002,2026-08-12,SECURE_MESSAGE,CONNECTED,CONTROLLED_SYNTHETIC
I0010731,SME003092,RM008,2026-04-04,CALL,CONNECTED,CONTROLLED_SYNTHETIC
I0010732,SME003092,RM008,2025-10-14,SECURE_MESSAGE,NO_RESPONSE,CONTROLLED_SYNTHETIC
I0010733,SME003093,RM001,2026-02-10,SECURE_MESSAGE,FOLLOW_UP,CONTROLLED_SYNTHETIC
I0010734,SME003093,RM001,2025-08-30,MEETING,NO_RESPONSE,CONTROLLED_SYNTHETIC
I0010735,SME003093,RM001,2025-08-28,SECURE_MESSAGE,FOLLOW_UP,CONTROLLED_SYNTHETIC
I0010736,SME003093,RM001,2026-04-02,SECURE_MESSAGE,FOLLOW_UP,CONTROLLED_SYNTHETIC
I0010737,SME003093,RM001,2026-01-01,CALL,CONNECTED,CONTROLLED_SYNTHETIC
I0010738,SME003093,RM001,2026-07-28,SECURE_MESSAGE,NO_RESPONSE,CONTROLLED_SYNTHETIC
I0010739,SME003094,RM041,2025-08-25,MEETING,NO_RESPONSE,CONTROLLED_SYNTHETIC
I0010740,SME003094,RM041,2025-10-08,SECURE_MESSAGE,FOLLOW_UP,CONTROLLED_SYNTHETIC
I0010741,SME003094,RM041,2025-09-26,MEETING,NO_RESPONSE,CONTROLLED_SYNTHETIC
I0010742,SME003094,RM041,2025-12-29,CALL,FOLLOW_UP,CONTROLLED_SYNTHETIC
I0010743,SME003094,RM041,2025-09-18,SECURE_MESSAGE,CONNECTED,CONTROLLED_SYNTHETIC
I0010744,SME003095,RM011,2026-06-25,SECURE_MESSAGE,CONNECTED,CONTROLLED_SYNTHETIC
I0010745,SME003095,RM011,2026-03-19,SECURE_MESSAGE,NO_RESPONSE,CONTROLLED_SYNTHETIC
I0010746,SME003095,RM011,2025-08-28,BRANCH,NEEDS_REVIEW,CONTROLLED_SYNTHETIC
I0010747,SME003095,RM011,2026-04-25,MEETING,CONNECTED,CONTROLLED_SYNTHETIC
I0010748,SME003095,RM011,2025-11-07,CALL,NO_RESPONSE,CONTROLLED_SYNTHETIC
I0010749,SME003096,RM026,2026-02-20,CALL,CONNECTED,CONTROLLED_SYNTHETIC
I0010750,SME003097,RM002,2026-05-16,CALL,NO_RESPONSE,CONTROLLED_SYNTHETIC
I0010751,SME003097,RM002,2025-12-05,SECURE_MESSAGE,NO_RESPONSE,CONTROLLED_SYNTHETIC
I0010752,SME003097,RM002,2026-04-08,CALL,NEEDS_REVIEW,CONTROLLED_SYNTHETIC
I0010753,SME003098,RM034,2026-06-03,SECURE_MESSAGE,NO_RESPONSE,CONTROLLED_SYNTHETIC
I0010754,SME003098,RM034,2026-03-30,MEETING,NO_RESPONSE,CONTROLLED_SYNTHETIC
I0010755,SME003099,RM015,2025-09-10,BRANCH,NO_RESPONSE,CONTROLLED_SYNTHETIC
I0010756,SME003099,RM015,2025-08-24,CALL,CONNECTED,CONTROLLED_SYNTHETIC
I0010757,SME003099,RM015,2026-01-05,SECURE_MESSAGE,CONNECTED,CONTROLLED_SYNTHETIC
I0010758,SME003099,RM015,2026-07-20,CALL,CONNECTED,CONTROLLED_SYNTHETIC
I0010759,SME003099,RM015,2026-03-03,MEETING,FOLLOW_UP,CONTROLLED_SYNTHETIC
I0010760,SME003100,RM041,2025-10-30,CALL,FOLLOW_UP,CONTROLLED_SYNTHETIC
I0010761,SME003101,RM035,2026-07-04,BRANCH,FOLLOW_UP,CONTROLLED_SYNTHETIC
I0010762,SME003101,RM035,2025-10-06,SECURE_MESSAGE,FOLLOW_UP,CONTROLLED_SYNTHETIC
I0010763,SME003101,RM035,2026-04-04,CALL,NO_RESPONSE,CONTROLLED_SYNTHETIC
I0010764,SME003101,RM035,2026-08-19,BRANCH,FOLLOW_UP,CONTROLLED_SYNTHETIC
I0010765,SME003102,RM009,2026-04-28,MEETING,NEEDS_REVIEW,CONTROLLED_SYNTHETIC
I0010766,SME003102,RM009,2026-02-05,MEETING,FOLLOW_UP,CONTROLLED_SYNTHETIC
I0010767,SME003102,RM009,2026-02-23,SECURE_MESSAGE,CONNECTED,CONTROLLED_SYNTHETIC
I0010768,SME003103,RM045,2026-05-31,MEETING,CONNECTED,CONTROLLED_SYNTHETIC
I0010769,SME003103,RM045,2026-01-01,BRANCH,CONNECTED,CONTROLLED_SYNTHETIC
I0010770,SME003103,RM045,2026-03-24,CALL,CONNECTED,CONTROLLED_SYNTHETIC
I0010771,SME003104,RM026,2026-06-22,MEETING,FOLLOW_UP,CONTROLLED_SYNTHETIC
I0010772,SME003104,RM026,2026-01-13,BRANCH,CONNECTED,CONTROLLED_SYNTHETIC
I0010773,SME003104,RM026,2026-02-13,SECURE_MESSAGE,NO_RESPONSE,CONTROLLED_SYNTHETIC
I0010774,SME003104,RM026,2026-06-13,CALL,NO_RESPONSE,CONTROLLED_SYNTHETIC
I0010775,SME003105,RM012,2026-06-09,MEETING,NO_RESPONSE,CONTROLLED_SYNTHETIC
I0010776,SME003105,RM012,2026-02-28,MEETING,FOLLOW_UP,CONTROLLED_SYNTHETIC
I0010777,SME003105,RM012,2026-08-06,MEETING,CONNECTED,CONTROLLED_SYNTHETIC
I0010778,SME003105,RM012,2025-09-12,CALL,CONNECTED,CONTROLLED_SYNTHETIC
I0010779,SME003105,RM012,2026-01-21,MEETING,CONNECTED,CONTROLLED_SYNTHETIC
I0010780,SME003106,RM037,2026-02-17,CALL,FOLLOW_UP,CONTROLLED_SYNTHETIC
I0010781,SME003107,RM031,2026-01-23,MEETING,NEEDS_REVIEW,CONTROLLED_SYNTHETIC
I0010782,SME003107,RM031,2025-09-27,MEETING,NO_RESPONSE,CONTROLLED_SYNTHETIC
I0010783,SME003107,RM031,2026-01-05,MEETING,FOLLOW_UP,CONTROLLED_SYNTHETIC
I0010784,SME003108,RM027,2025-11-13,MEETING,CONNECTED,CONTROLLED_SYNTHETIC
I0010785,SME003109,RM035,2025-11-07,SECURE_MESSAGE,FOLLOW_UP,CONTROLLED_SYNTHETIC
I0010786,SME003109,RM035,2025-08-27,SECURE_MESSAGE,CONNECTED,CONTROLLED_SYNTHETIC
I0010787,SME003110,RM026,2026-07-13,BRANCH,FOLLOW_UP,CONTROLLED_SYNTHETIC
I0010788,SME003110,RM026,2026-02-06,SECURE_MESSAGE,CONNECTED,CONTROLLED_SYNTHETIC
I0010789,SME003111,RM016,2026-01-17,BRANCH,CONNECTED,CONTROLLED_SYNTHETIC
I0010790,SME003111,RM016,2026-02-24,MEETING,CONNECTED,CONTROLLED_SYNTHETIC
I0010791,SME003111,RM016,2025-09-14,BRANCH,NO_RESPONSE,CONTROLLED_SYNTHETIC
I0010792,SME003111,RM016,2026-03-12,MEETING,NO_RESPONSE,CONTROLLED_SYNTHETIC
I0010793,SME003112,RM010,2026-02-09,MEETING,NO_RESPONSE,CONTROLLED_SYNTHETIC
I0010794,SME003112,RM010,2026-01-13,BRANCH,NEEDS_REVIEW,CONTROLLED_SYNTHETIC
I0010795,SME003113,RM022,2025-10-15,CALL,NO_RESPONSE,CONTROLLED_SYNTHETIC
I0010796,SME003113,RM022,2025-09-11,MEETING,FOLLOW_UP,CONTROLLED_SYNTHETIC
I0010797,SME003113,RM022,2026-01-01,CALL,FOLLOW_UP,CONTROLLED_SYNTHETIC
I0010798,SME003114,RM007,2026-06-01,BRANCH,NO_RESPONSE,CONTROLLED_SYNTHETIC
I0010799,SME003114,RM007,2025-11-24,MEETING,NO_RESPONSE,CONTROLLED_SYNTHETIC
I0010800,SME003114,RM007,2025-10-01,BRANCH,CONNECTED,CONTROLLED_SYNTHETIC
I0010801,SME003114,RM007,2026-08-15,CALL,FOLLOW_UP,CONTROLLED_SYNTHETIC
I0010802,SME003114,RM007,2025-11-18,SECURE_MESSAGE,CONNECTED,CONTROLLED_SYNTHETIC
I0010803,SME003114,RM007,2026-07-15,CALL,FOLLOW_UP,CONTROLLED_SYNTHETIC
I0010804,SME003115,RM023,2026-02-16,MEETING,CONNECTED,CONTROLLED_SYNTHETIC
I0010805,SME003115,RM023,2026-06-16,CALL,FOLLOW_UP,CONTROLLED_SYNTHETIC
I0010806,SME003115,RM023,2026-07-22,CALL,CONNECTED,CONTROLLED_SYNTHETIC
I0010807,SME003115,RM023,2026-03-13,SECURE_MESSAGE,NEEDS_REVIEW,CONTROLLED_SYNTHETIC
I0010808,SME003116,RM043,2025-11-30,SECURE_MESSAGE,CONNECTED,CONTROLLED_SYNTHETIC
I0010809,SME003117,RM046,2025-12-27,SECURE_MESSAGE,FOLLOW_UP,CONTROLLED_SYNTHETIC
I0010810,SME003117,RM046,2025-09-24,SECURE_MESSAGE,CONNECTED,CONTROLLED_SYNTHETIC
I0010811,SME003117,RM046,2026-04-18,MEETING,NO_RESPONSE,CONTROLLED_SYNTHETIC
I0010812,SME003117,RM046,2025-11-06,BRANCH,CONNECTED,CONTROLLED_SYNTHETIC
I0010813,SME003118,RM041,2026-01-25,MEETING,CONNECTED,CONTROLLED_SYNTHETIC
I0010814,SME003118,RM041,2025-09-04,MEETING,NEEDS_REVIEW,CONTROLLED_SYNTHETIC
I0010815,SME003118,RM041,2026-03-08,SECURE_MESSAGE,NEEDS_REVIEW,CONTROLLED_SYNTHETIC
I0010816,SME003118,RM041,2025-10-17,MEETING,CONNECTED,CONTROLLED_SYNTHETIC
I0010817,SME003119,RM002,2026-06-12,CALL,CONNECTED,CONTROLLED_SYNTHETIC
I0010818,SME003119,RM002,2025-10-23,MEETING,FOLLOW_UP,CONTROLLED_SYNTHETIC
I0010819,SME003119,RM002,2026-06-01,BRANCH,NEEDS_REVIEW,CONTROLLED_SYNTHETIC
I0010820,SME003119,RM002,2026-06-09,BRANCH,CONNECTED,CONTROLLED_SYNTHETIC
I0010821,SME003119,RM002,2025-08-30,CALL,CONNECTED,CONTROLLED_SYNTHETIC
I0010822,SME003120,RM041,2025-10-27,CALL,CONNECTED,CONTROLLED_SYNTHETIC
I0010823,SME003121,RM006,2026-07-08,BRANCH,NEEDS_REVIEW,CONTROLLED_SYNTHETIC
I0010824,SME003121,RM006,2026-03-13,CALL,FOLLOW_UP,CONTROLLED_SYNTHETIC
I0010825,SME003122,RM040,2025-09-04,BRANCH,FOLLOW_UP,CONTROLLED_SYNTHETIC
I0010826,SME003123,RM035,2026-08-06,BRANCH,FOLLOW_UP,CONTROLLED_SYNTHETIC
I0010827,SME003123,RM035,2025-12-24,BRANCH,FOLLOW_UP,CONTROLLED_SYNTHETIC
I0010828,SME003123,RM035,2026-07-21,BRANCH,FOLLOW_UP,CONTROLLED_SYNTHETIC
I0010829,SME003124,RM039,2025-09-13,CALL,NO_RESPONSE,CONTROLLED_SYNTHETIC
I0010830,SME003124,RM039,2026-07-24,CALL,NO_RESPONSE,CONTROLLED_SYNTHETIC
I0010831,SME003124,RM039,2026-03-26,MEETING,FOLLOW_UP,CONTROLLED_SYNTHETIC
I0010832,SME003124,RM039,2026-08-11,CALL,FOLLOW_UP,CONTROLLED_SYNTHETIC
I0010833,SME003124,RM039,2026-07-11,CALL,CONNECTED,CONTROLLED_SYNTHETIC
I0010834,SME003124,RM039,2025-11-13,MEETING,FOLLOW_UP,CONTROLLED_SYNTHETIC
I0010835,SME003125,RM036,2025-12-15,MEETING,FOLLOW_UP,CONTROLLED_SYNTHETIC
I0010836,SME003125,RM036,2026-01-04,CALL,CONNECTED,CONTROLLED_SYNTHETIC
I0010837,SME003125,RM036,2025-10-11,BRANCH,CONNECTED,CONTROLLED_SYNTHETIC
I0010838,SME003125,RM036,2025-12-16,BRANCH,FOLLOW_UP,CONTROLLED_SYNTHETIC
I0010839,SME003125,RM036,2026-04-28,SECURE_MESSAGE,FOLLOW_UP,CONTROLLED_SYNTHETIC
I0010840,SME003126,RM038,2025-08-23,BRANCH,NEEDS_REVIEW,CONTROLLED_SYNTHETIC
I0010841,SME003126,RM038,2026-02-24,BRANCH,NO_RESPONSE,CONTROLLED_SYNTHETIC
I0010842,SME003126,RM038,2026-03-16,MEETING,CONNECTED,CONTROLLED_SYNTHETIC
I0010843,SME003126,RM038,2026-07-18,BRANCH,NO_RESPONSE,CONTROLLED_SYNTHETIC
I0010844,SME003126,RM038,2026-03-01,MEETING,CONNECTED,CONTROLLED_SYNTHETIC
I0010845,SME003126,RM038,2026-07-20,MEETING,FOLLOW_UP,CONTROLLED_SYNTHETIC
I0010846,SME003127,RM020,2025-10-24,SECURE_MESSAGE,NEEDS_REVIEW,CONTROLLED_SYNTHETIC
I0010847,SME003127,RM020,2026-02-01,CALL,CONNECTED,CONTROLLED_SYNTHETIC
I0010848,SME003127,RM020,2026-05-05,SECURE_MESSAGE,CONNECTED,CONTROLLED_SYNTHETIC
I0010849,SME003127,RM020,2026-01-30,CALL,NO_RESPONSE,CONTROLLED_SYNTHETIC
I0010850,SME003127,RM020,2026-02-17,BRANCH,NO_RESPONSE,CONTROLLED_SYNTHETIC
I0010851,SME003128,RM014,2026-05-19,CALL,NO_RESPONSE,CONTROLLED_SYNTHETIC
I0010852,SME003128,RM014,2025-08-24,CALL,NO_RESPONSE,CONTROLLED_SYNTHETIC
I0010853,SME003129,RM019,2026-05-01,BRANCH,CONNECTED,CONTROLLED_SYNTHETIC
I0010854,SME003129,RM019,2026-02-14,MEETING,NEEDS_REVIEW,CONTROLLED_SYNTHETIC
I0010855,SME003129,RM019,2026-01-21,SECURE_MESSAGE,FOLLOW_UP,CONTROLLED_SYNTHETIC
I0010856,SME003129,RM019,2026-01-09,CALL,FOLLOW_UP,CONTROLLED_SYNTHETIC
I0010857,SME003129,RM019,2025-09-15,BRANCH,CONNECTED,CONTROLLED_SYNTHETIC
I0010858,SME003129,RM019,2026-07-22,BRANCH,NO_RESPONSE,CONTROLLED_SYNTHETIC
I0010859,SME003130,RM015,2026-03-30,BRANCH,CONNECTED,CONTROLLED_SYNTHETIC
I0010860,SME003130,RM015,2025-08-23,BRANCH,CONNECTED,CONTROLLED_SYNTHETIC
I0010861,SME003131,RM043,2025-09-09,MEETING,CONNECTED,CONTROLLED_SYNTHETIC
I0010862,SME003131,RM043,2025-10-09,CALL,CONNECTED,CONTROLLED_SYNTHETIC
I0010863,SME003131,RM043,2026-01-31,BRANCH,NO_RESPONSE,CONTROLLED_SYNTHETIC
I0010864,SME003131,RM043,2026-06-05,CALL,CONNECTED,CONTROLLED_SYNTHETIC
I0010865,SME003131,RM043,2025-12-26,CALL,NO_RESPONSE,CONTROLLED_SYNTHETIC
I0010866,SME003131,RM043,2025-12-27,SECURE_MESSAGE,CONNECTED,CONTROLLED_SYNTHETIC
I0010867,SME003132,RM045,2026-06-12,CALL,NO_RESPONSE,CONTROLLED_SYNTHETIC
I0010868,SME003132,RM045,2026-04-12,MEETING,FOLLOW_UP,CONTROLLED_SYNTHETIC
I0010869,SME003132,RM045,2025-11-13,MEETING,NO_RESPONSE,CONTROLLED_SYNTHETIC
I0010870,SME003132,RM045,2026-03-18,BRANCH,NO_RESPONSE,CONTROLLED_SYNTHETIC
I0010871,SME003133,RM029,2026-08-16,BRANCH,FOLLOW_UP,CONTROLLED_SYNTHETIC
I0010872,SME003133,RM029,2026-06-20,MEETING,NO_RESPONSE,CONTROLLED_SYNTHETIC
I0010873,SME003134,RM028,2026-02-01,MEETING,CONNECTED,CONTROLLED_SYNTHETIC
I0010874,SME003135,RM012,2025-10-07,CALL,FOLLOW_UP,CONTROLLED_SYNTHETIC
I0010875,SME003135,RM012,2026-08-05,BRANCH,NO_RESPONSE,CONTROLLED_SYNTHETIC
I0010876,SME003135,RM012,2025-10-30,CALL,CONNECTED,CONTROLLED_SYNTHETIC
I0010877,SME003135,RM012,2026-04-18,MEETING,CONNECTED,CONTROLLED_SYNTHETIC
I0010878,SME003135,RM012,2026-03-30,MEETING,CONNECTED,CONTROLLED_SYNTHETIC
I0010879,SME003136,RM018,2026-05-06,BRANCH,NO_RESPONSE,CONTROLLED_SYNTHETIC
I0010880,SME003136,RM018,2026-07-31,CALL,CONNECTED,CONTROLLED_SYNTHETIC
I0010881,SME003136,RM018,2025-09-18,CALL,NO_RESPONSE,CONTROLLED_SYNTHETIC
I0010882,SME003136,RM018,2026-03-08,SECURE_MESSAGE,NO_RESPONSE,CONTROLLED_SYNTHETIC
I0010883,SME003136,RM018,2025-10-12,CALL,NO_RESPONSE,CONTROLLED_SYNTHETIC
I0010884,SME003136,RM018,2026-03-04,MEETING,CONNECTED,CONTROLLED_SYNTHETIC
I0010885,SME003137,RM004,2026-05-23,MEETING,NO_RESPONSE,CONTROLLED_SYNTHETIC
I0010886,SME003137,RM004,2025-10-25,CALL,CONNECTED,CONTROLLED_SYNTHETIC
I0010887,SME003137,RM004,2026-01-27,SECURE_MESSAGE,CONNECTED,CONTROLLED_SYNTHETIC
I0010888,SME003137,RM004,2026-04-08,BRANCH,NO_RESPONSE,CONTROLLED_SYNTHETIC
I0010889,SME003137,RM004,2026-06-04,SECURE_MESSAGE,CONNECTED,CONTROLLED_SYNTHETIC
I0010890,SME003137,RM004,2026-04-12,MEETING,CONNECTED,CONTROLLED_SYNTHETIC
I0010891,SME003138,RM044,2026-07-15,MEETING,FOLLOW_UP,CONTROLLED_SYNTHETIC
I0010892,SME003138,RM044,2026-03-13,BRANCH,FOLLOW_UP,CONTROLLED_SYNTHETIC
I0010893,SME003138,RM044,2025-11-28,MEETING,CONNECTED,CONTROLLED_SYNTHETIC
I0010894,SME003139,RM004,2025-11-13,CALL,NEEDS_REVIEW,CONTROLLED_SYNTHETIC
I0010895,SME003139,RM004,2025-11-10,MEETING,CONNECTED,CONTROLLED_SYNTHETIC
I0010896,SME003139,RM004,2025-09-01,MEETING,CONNECTED,CONTROLLED_SYNTHETIC
I0010897,SME003139,RM004,2025-11-25,MEETING,FOLLOW_UP,CONTROLLED_SYNTHETIC
I0010898,SME003139,RM004,2026-05-26,BRANCH,FOLLOW_UP,CONTROLLED_SYNTHETIC
I0010899,SME003140,RM008,2026-01-26,SECURE_MESSAGE,FOLLOW_UP,CONTROLLED_SYNTHETIC
I0010900,SME003140,RM008,2026-04-15,MEETING,CONNECTED,CONTROLLED_SYNTHETIC
I0010901,SME003140,RM008,2026-02-24,SECURE_MESSAGE,CONNECTED,CONTROLLED_SYNTHETIC
I0010902,SME003141,RM036,2026-03-06,BRANCH,CONNECTED,CONTROLLED_SYNTHETIC
I0010903,SME003142,RM029,2026-06-24,CALL,CONNECTED,CONTROLLED_SYNTHETIC
I0010904,SME003142,RM029,2025-08-30,SECURE_MESSAGE,FOLLOW_UP,CONTROLLED_SYNTHETIC
I0010905,SME003142,RM029,2025-11-15,BRANCH,CONNECTED,CONTROLLED_SYNTHETIC
I0010906,SME003142,RM029,2026-07-20,SECURE_MESSAGE,FOLLOW_UP,CONTROLLED_SYNTHETIC
I0010907,SME003142,RM029,2026-05-10,CALL,FOLLOW_UP,CONTROLLED_SYNTHETIC
I0010908,SME003142,RM029,2026-03-27,MEETING,FOLLOW_UP,CONTROLLED_SYNTHETIC
I0010909,SME003143,RM006,2026-01-29,BRANCH,CONNECTED,CONTROLLED_SYNTHETIC
I0010910,SME003144,RM037,2026-01-09,SECURE_MESSAGE,NO_RESPONSE,CONTROLLED_SYNTHETIC
I0010911,SME003144,RM037,2026-05-11,SECURE_MESSAGE,CONNECTED,CONTROLLED_SYNTHETIC
I0010912,SME003144,RM037,2026-05-25,MEETING,CONNECTED,CONTROLLED_SYNTHETIC
I0010913,SME003144,RM037,2025-09-23,CALL,NEEDS_REVIEW,CONTROLLED_SYNTHETIC
I0010914,SME003144,RM037,2026-06-23,MEETING,CONNECTED,CONTROLLED_SYNTHETIC
I0010915,SME003145,RM041,2025-12-29,MEETING,CONNECTED,CONTROLLED_SYNTHETIC
I0010916,SME003145,RM041,2026-04-23,BRANCH,CONNECTED,CONTROLLED_SYNTHETIC
I0010917,SME003145,RM041,2025-10-11,SECURE_MESSAGE,FOLLOW_UP,CONTROLLED_SYNTHETIC
I0010918,SME003145,RM041,2026-05-25,MEETING,NO_RESPONSE,CONTROLLED_SYNTHETIC
I0010919,SME003145,RM041,2025-12-06,MEETING,CONNECTED,CONTROLLED_SYNTHETIC
I0010920,SME003145,RM041,2026-05-05,MEETING,NO_RESPONSE,CONTROLLED_SYNTHETIC
I0010921,SME003146,RM021,2025-12-11,SECURE_MESSAGE,CONNECTED,CONTROLLED_SYNTHETIC
I0010922,SME003147,RM026,2025-12-25,MEETING,CONNECTED,CONTROLLED_SYNTHETIC
I0010923,SME003148,RM044,2026-07-09,MEETING,NO_RESPONSE,CONTROLLED_SYNTHETIC
I0010924,SME003148,RM044,2025-09-21,SECURE_MESSAGE,NO_RESPONSE,CONTROLLED_SYNTHETIC
I0010925,SME003148,RM044,2026-06-16,SECURE_MESSAGE,FOLLOW_UP,CONTROLLED_SYNTHETIC
I0010926,SME003148,RM044,2026-02-14,CALL,FOLLOW_UP,CONTROLLED_SYNTHETIC
I0010927,SME003148,RM044,2026-06-25,SECURE_MESSAGE,NO_RESPONSE,CONTROLLED_SYNTHETIC
I0010928,SME003148,RM044,2025-09-21,CALL,NO_RESPONSE,CONTROLLED_SYNTHETIC
I0010929,SME003149,RM045,2025-10-08,CALL,NO_RESPONSE,CONTROLLED_SYNTHETIC
I0010930,SME003149,RM045,2026-04-22,SECURE_MESSAGE,NO_RESPONSE,CONTROLLED_SYNTHETIC
I0010931,SME003150,RM036,2025-08-31,SECURE_MESSAGE,NO_RESPONSE,CONTROLLED_SYNTHETIC
I0010932,SME003150,RM036,2025-11-05,MEETING,CONNECTED,CONTROLLED_SYNTHETIC
I0010933,SME003150,RM036,2025-10-17,MEETING,FOLLOW_UP,CONTROLLED_SYNTHETIC
I0010934,SME003150,RM036,2026-06-08,CALL,CONNECTED,CONTROLLED_SYNTHETIC
I0010935,SME003151,RM008,2026-07-28,SECURE_MESSAGE,CONNECTED,CONTROLLED_SYNTHETIC
I0010936,SME003151,RM008,2026-03-06,BRANCH,FOLLOW_UP,CONTROLLED_SYNTHETIC
I0010937,SME003151,RM008,2025-11-28,SECURE_MESSAGE,FOLLOW_UP,CONTROLLED_SYNTHETIC
I0010938,SME003151,RM008,2026-07-12,SECURE_MESSAGE,CONNECTED,CONTROLLED_SYNTHETIC
I0010939,SME003151,RM008,2026-03-08,CALL,NO_RESPONSE,CONTROLLED_SYNTHETIC
I0010940,SME003152,RM020,2026-04-28,BRANCH,NO_RESPONSE,CONTROLLED_SYNTHETIC
I0010941,SME003152,RM020,2026-04-30,MEETING,NEEDS_REVIEW,CONTROLLED_SYNTHETIC
I0010942,SME003152,RM020,2026-04-24,MEETING,FOLLOW_UP,CONTROLLED_SYNTHETIC
I0010943,SME003152,RM020,2026-02-27,BRANCH,CONNECTED,CONTROLLED_SYNTHETIC
I0010944,SME003152,RM020,2026-03-05,SECURE_MESSAGE,FOLLOW_UP,CONTROLLED_SYNTHETIC
I0010945,SME003153,RM042,2025-12-13,SECURE_MESSAGE,FOLLOW_UP,CONTROLLED_SYNTHETIC
I0010946,SME003153,RM042,2026-02-10,SECURE_MESSAGE,NEEDS_REVIEW,CONTROLLED_SYNTHETIC
I0010947,SME003153,RM042,2026-03-06,CALL,NEEDS_REVIEW,CONTROLLED_SYNTHETIC
I0010948,SME003153,RM042,2026-08-06,CALL,CONNECTED,CONTROLLED_SYNTHETIC
I0010949,SME003154,RM002,2026-02-28,BRANCH,CONNECTED,CONTROLLED_SYNTHETIC
I0010950,SME003154,RM002,2026-02-27,SECURE_MESSAGE,FOLLOW_UP,CONTROLLED_SYNTHETIC
I0010951,SME003154,RM002,2026-01-24,CALL,FOLLOW_UP,CONTROLLED_SYNTHETIC
I0010952,SME003155,RM021,2025-10-02,BRANCH,NEEDS_REVIEW,CONTROLLED_SYNTHETIC
I0010953,SME003155,RM021,2025-12-09,CALL,CONNECTED,CONTROLLED_SYNTHETIC
I0010954,SME003155,RM021,2025-12-26,MEETING,CONNECTED,CONTROLLED_SYNTHETIC
I0010955,SME003156,RM015,2025-09-25,CALL,CONNECTED,CONTROLLED_SYNTHETIC
I0010956,SME003156,RM015,2026-07-06,CALL,NO_RESPONSE,CONTROLLED_SYNTHETIC
I0010957,SME003156,RM015,2025-10-22,MEETING,CONNECTED,CONTROLLED_SYNTHETIC
I0010958,SME003157,RM036,2025-10-04,SECURE_MESSAGE,FOLLOW_UP,CONTROLLED_SYNTHETIC
I0010959,SME003157,RM036,2026-01-10,MEETING,CONNECTED,CONTROLLED_SYNTHETIC
I0010960,SME003157,RM036,2026-05-10,SECURE_MESSAGE,NO_RESPONSE,CONTROLLED_SYNTHETIC
I0010961,SME003157,RM036,2025-10-11,SECURE_MESSAGE,CONNECTED,CONTROLLED_SYNTHETIC
I0010962,SME003158,RM003,2026-02-14,BRANCH,NO_RESPONSE,CONTROLLED_SYNTHETIC
I0010963,SME003158,RM003,2025-12-01,SECURE_MESSAGE,FOLLOW_UP,CONTROLLED_SYNTHETIC
I0010964,SME003158,RM003,2025-08-24,SECURE_MESSAGE,NEEDS_REVIEW,CONTROLLED_SYNTHETIC
I0010965,SME003158,RM003,2026-06-13,SECURE_MESSAGE,CONNECTED,CONTROLLED_SYNTHETIC
I0010966,SME003159,RM008,2026-04-03,SECURE_MESSAGE,FOLLOW_UP,CONTROLLED_SYNTHETIC
I0010967,SME003159,RM008,2026-08-15,BRANCH,NO_RESPONSE,CONTROLLED_SYNTHETIC
I0010968,SME003160,RM027,2026-02-05,CALL,NEEDS_REVIEW,CONTROLLED_SYNTHETIC
I0010969,SME003160,RM027,2026-05-13,MEETING,NEEDS_REVIEW,CONTROLLED_SYNTHETIC
I0010970,SME003160,RM027,2026-08-14,BRANCH,FOLLOW_UP,CONTROLLED_SYNTHETIC
I0010971,SME003161,RM003,2026-06-20,MEETING,FOLLOW_UP,CONTROLLED_SYNTHETIC
I0010972,SME003161,RM003,2026-07-12,SECURE_MESSAGE,CONNECTED,CONTROLLED_SYNTHETIC
I0010973,SME003162,RM007,2026-07-18,CALL,CONNECTED,CONTROLLED_SYNTHETIC
I0010974,SME003162,RM007,2026-04-26,BRANCH,CONNECTED,CONTROLLED_SYNTHETIC
I0010975,SME003162,RM007,2025-09-20,MEETING,CONNECTED,CONTROLLED_SYNTHETIC
I0010976,SME003163,RM041,2026-04-29,CALL,FOLLOW_UP,CONTROLLED_SYNTHETIC
I0010977,SME003163,RM041,2026-07-25,SECURE_MESSAGE,CONNECTED,CONTROLLED_SYNTHETIC
I0010978,SME003163,RM041,2026-01-25,SECURE_MESSAGE,CONNECTED,CONTROLLED_SYNTHETIC
I0010979,SME003164,RM007,2026-01-14,SECURE_MESSAGE,FOLLOW_UP,CONTROLLED_SYNTHETIC
I0010980,SME003164,RM007,2026-05-11,MEETING,CONNECTED,CONTROLLED_SYNTHETIC
I0010981,SME003164,RM007,2026-01-27,SECURE_MESSAGE,CONNECTED,CONTROLLED_SYNTHETIC
I0010982,SME003164,RM007,2026-01-11,SECURE_MESSAGE,FOLLOW_UP,CONTROLLED_SYNTHETIC
I0010983,SME003164,RM007,2026-05-15,CALL,CONNECTED,CONTROLLED_SYNTHETIC
I0010984,SME003165,RM031,2025-09-30,SECURE_MESSAGE,FOLLOW_UP,CONTROLLED_SYNTHETIC
I0010985,SME003165,RM031,2025-10-15,BRANCH,NO_RESPONSE,CONTROLLED_SYNTHETIC
I0010986,SME003165,RM031,2026-01-25,SECURE_MESSAGE,NEEDS_REVIEW,CONTROLLED_SYNTHETIC
I0010987,SME003165,RM031,2025-08-30,MEETING,FOLLOW_UP,CONTROLLED_SYNTHETIC
I0010988,SME003166,RM014,2026-07-12,MEETING,CONNECTED,CONTROLLED_SYNTHETIC
I0010989,SME003166,RM014,2026-03-21,CALL,FOLLOW_UP,CONTROLLED_SYNTHETIC
I0010990,SME003166,RM014,2026-05-02,SECURE_MESSAGE,FOLLOW_UP,CONTROLLED_SYNTHETIC
I0010991,SME003166,RM014,2025-10-17,CALL,NO_RESPONSE,CONTROLLED_SYNTHETIC
I0010992,SME003166,RM014,2025-09-22,BRANCH,NO_RESPONSE,CONTROLLED_SYNTHETIC
I0010993,SME003166,RM014,2025-08-24,CALL,NO_RESPONSE,CONTROLLED_SYNTHETIC
I0010994,SME003167,RM008,2025-09-27,SECURE_MESSAGE,CONNECTED,CONTROLLED_SYNTHETIC
I0010995,SME003168,RM025,2026-07-27,MEETING,NEEDS_REVIEW,CONTROLLED_SYNTHETIC
I0010996,SME003168,RM025,2026-07-31,BRANCH,CONNECTED,CONTROLLED_SYNTHETIC
I0010997,SME003168,RM025,2026-01-12,BRANCH,CONNECTED,CONTROLLED_SYNTHETIC
I0010998,SME003168,RM025,2026-05-08,SECURE_MESSAGE,FOLLOW_UP,CONTROLLED_SYNTHETIC
I0010999,SME003169,RM006,2026-07-10,MEETING,NO_RESPONSE,CONTROLLED_SYNTHETIC
I0011000,SME003170,RM018,2026-08-19,BRANCH,FOLLOW_UP,CONTROLLED_SYNTHETIC
I0011001,SME003170,RM018,2026-03-28,MEETING,CONNECTED,CONTROLLED_SYNTHETIC
I0011002,SME003170,RM018,2026-08-07,SECURE_MESSAGE,CONNECTED,CONTROLLED_SYNTHETIC
I0011003,SME003170,RM018,2026-04-25,MEETING,CONNECTED,CONTROLLED_SYNTHETIC
I0011004,SME003170,RM018,2025-10-12,BRANCH,CONNECTED,CONTROLLED_SYNTHETIC
I0011005,SME003170,RM018,2026-02-19,BRANCH,FOLLOW_UP,CONTROLLED_SYNTHETIC
I0011006,SME003171,RM032,2026-04-06,BRANCH,CONNECTED,CONTROLLED_SYNTHETIC
I0011007,SME003172,RM025,2026-08-11,SECURE_MESSAGE,FOLLOW_UP,CONTROLLED_SYNTHETIC
I0011008,SME003172,RM025,2025-10-06,MEETING,NEEDS_REVIEW,CONTROLLED_SYNTHETIC
I0011009,SME003173,RM029,2026-04-27,SECURE_MESSAGE,FOLLOW_UP,CONTROLLED_SYNTHETIC
I0011010,SME003173,RM029,2025-09-12,SECURE_MESSAGE,CONNECTED,CONTROLLED_SYNTHETIC
I0011011,SME003173,RM029,2025-11-17,CALL,FOLLOW_UP,CONTROLLED_SYNTHETIC
I0011012,SME003173,RM029,2026-02-03,SECURE_MESSAGE,NO_RESPONSE,CONTROLLED_SYNTHETIC
I0011013,SME003174,RM035,2026-02-06,CALL,FOLLOW_UP,CONTROLLED_SYNTHETIC
I0011014,SME003174,RM035,2026-05-08,MEETING,CONNECTED,CONTROLLED_SYNTHETIC
I0011015,SME003174,RM035,2026-05-21,BRANCH,CONNECTED,CONTROLLED_SYNTHETIC
I0011016,SME003175,RM005,2026-06-07,MEETING,FOLLOW_UP,CONTROLLED_SYNTHETIC
I0011017,SME003176,RM013,2026-06-13,BRANCH,CONNECTED,CONTROLLED_SYNTHETIC
I0011018,SME003176,RM013,2025-12-29,CALL,CONNECTED,CONTROLLED_SYNTHETIC
I0011019,SME003176,RM013,2026-06-20,SECURE_MESSAGE,FOLLOW_UP,CONTROLLED_SYNTHETIC
I0011020,SME003176,RM013,2026-07-21,BRANCH,CONNECTED,CONTROLLED_SYNTHETIC
I0011021,SME003177,RM043,2025-08-27,CALL,CONNECTED,CONTROLLED_SYNTHETIC
I0011022,SME003177,RM043,2025-12-23,BRANCH,NO_RESPONSE,CONTROLLED_SYNTHETIC
I0011023,SME003177,RM043,2025-10-11,SECURE_MESSAGE,CONNECTED,CONTROLLED_SYNTHETIC
I0011024,SME003177,RM043,2026-06-08,CALL,NO_RESPONSE,CONTROLLED_SYNTHETIC
I0011025,SME003178,RM002,2026-03-05,MEETING,CONNECTED,CONTROLLED_SYNTHETIC
I0011026,SME003178,RM002,2026-06-08,CALL,NO_RESPONSE,CONTROLLED_SYNTHETIC
I0011027,SME003179,RM029,2025-11-13,MEETING,CONNECTED,CONTROLLED_SYNTHETIC
I0011028,SME003180,RM033,2026-01-22,CALL,FOLLOW_UP,CONTROLLED_SYNTHETIC
I0011029,SME003180,RM033,2026-06-01,SECURE_MESSAGE,CONNECTED,CONTROLLED_SYNTHETIC
I0011030,SME003180,RM033,2025-11-14,MEETING,CONNECTED,CONTROLLED_SYNTHETIC
I0011031,SME003180,RM033,2025-10-06,SECURE_MESSAGE,CONNECTED,CONTROLLED_SYNTHETIC
I0011032,SME003180,RM033,2026-06-06,SECURE_MESSAGE,NO_RESPONSE,CONTROLLED_SYNTHETIC
I0011033,SME003180,RM033,2025-10-05,MEETING,CONNECTED,CONTROLLED_SYNTHETIC
I0011034,SME003181,RM016,2026-03-14,MEETING,FOLLOW_UP,CONTROLLED_SYNTHETIC
I0011035,SME003182,RM020,2026-02-11,BRANCH,FOLLOW_UP,CONTROLLED_SYNTHETIC
I0011036,SME003182,RM020,2025-12-06,SECURE_MESSAGE,NO_RESPONSE,CONTROLLED_SYNTHETIC
I0011037,SME003182,RM020,2026-05-01,BRANCH,CONNECTED,CONTROLLED_SYNTHETIC
I0011038,SME003182,RM020,2026-01-09,MEETING,CONNECTED,CONTROLLED_SYNTHETIC
I0011039,SME003182,RM020,2026-04-27,MEETING,CONNECTED,CONTROLLED_SYNTHETIC
I0011040,SME003183,RM046,2025-09-01,SECURE_MESSAGE,FOLLOW_UP,CONTROLLED_SYNTHETIC
I0011041,SME003183,RM046,2026-03-05,CALL,CONNECTED,CONTROLLED_SYNTHETIC
I0011042,SME003184,RM002,2026-07-01,SECURE_MESSAGE,CONNECTED,CONTROLLED_SYNTHETIC
I0011043,SME003184,RM002,2025-10-01,BRANCH,CONNECTED,CONTROLLED_SYNTHETIC
I0011044,SME003185,RM007,2025-09-12,SECURE_MESSAGE,FOLLOW_UP,CONTROLLED_SYNTHETIC
I0011045,SME003185,RM007,2026-05-22,SECURE_MESSAGE,CONNECTED,CONTROLLED_SYNTHETIC
I0011046,SME003186,RM005,2025-11-09,MEETING,CONNECTED,CONTROLLED_SYNTHETIC
I0011047,SME003186,RM005,2025-12-11,SECURE_MESSAGE,FOLLOW_UP,CONTROLLED_SYNTHETIC
I0011048,SME003186,RM005,2025-11-15,MEETING,FOLLOW_UP,CONTROLLED_SYNTHETIC
I0011049,SME003186,RM005,2025-12-16,MEETING,NEEDS_REVIEW,CONTROLLED_SYNTHETIC
I0011050,SME003186,RM005,2026-05-25,SECURE_MESSAGE,NO_RESPONSE,CONTROLLED_SYNTHETIC
I0011051,SME003186,RM005,2026-01-19,MEETING,NO_RESPONSE,CONTROLLED_SYNTHETIC
I0011052,SME003187,RM018,2026-08-04,CALL,CONNECTED,CONTROLLED_SYNTHETIC
I0011053,SME003187,RM018,2026-07-26,BRANCH,CONNECTED,CONTROLLED_SYNTHETIC
I0011054,SME003187,RM018,2026-06-18,SECURE_MESSAGE,CONNECTED,CONTROLLED_SYNTHETIC
I0011055,SME003187,RM018,2025-09-11,CALL,CONNECTED,CONTROLLED_SYNTHETIC
I0011056,SME003187,RM018,2025-09-09,CALL,FOLLOW_UP,CONTROLLED_SYNTHETIC
I0011057,SME003187,RM018,2025-09-09,BRANCH,CONNECTED,CONTROLLED_SYNTHETIC
I0011058,SME003188,RM006,2025-10-18,SECURE_MESSAGE,NO_RESPONSE,CONTROLLED_SYNTHETIC
I0011059,SME003188,RM006,2025-12-24,BRANCH,FOLLOW_UP,CONTROLLED_SYNTHETIC
I0011060,SME003188,RM006,2025-10-07,MEETING,CONNECTED,CONTROLLED_SYNTHETIC
I0011061,SME003188,RM006,2026-02-04,CALL,CONNECTED,CONTROLLED_SYNTHETIC
I0011062,SME003189,RM033,2026-01-06,CALL,CONNECTED,CONTROLLED_SYNTHETIC
I0011063,SME003189,RM033,2026-03-14,BRANCH,FOLLOW_UP,CONTROLLED_SYNTHETIC
I0011064,SME003190,RM038,2025-10-02,SECURE_MESSAGE,FOLLOW_UP,CONTROLLED_SYNTHETIC
I0011065,SME003190,RM038,2026-05-21,SECURE_MESSAGE,CONNECTED,CONTROLLED_SYNTHETIC
I0011066,SME003190,RM038,2026-06-16,MEETING,NEEDS_REVIEW,CONTROLLED_SYNTHETIC
I0011067,SME003190,RM038,2025-09-15,MEETING,CONNECTED,CONTROLLED_SYNTHETIC
I0011068,SME003191,RM009,2026-04-17,MEETING,CONNECTED,CONTROLLED_SYNTHETIC
I0011069,SME003191,RM009,2026-04-11,BRANCH,FOLLOW_UP,CONTROLLED_SYNTHETIC
I0011070,SME003192,RM015,2026-04-10,BRANCH,CONNECTED,CONTROLLED_SYNTHETIC
I0011071,SME003192,RM015,2026-04-10,SECURE_MESSAGE,CONNECTED,CONTROLLED_SYNTHETIC
I0011072,SME003192,RM015,2026-01-07,MEETING,CONNECTED,CONTROLLED_SYNTHETIC
I0011073,SME003192,RM015,2026-05-21,BRANCH,FOLLOW_UP,CONTROLLED_SYNTHETIC
I0011074,SME003193,RM047,2025-10-20,BRANCH,NEEDS_REVIEW,CONTROLLED_SYNTHETIC
I0011075,SME003193,RM047,2025-12-31,SECURE_MESSAGE,CONNECTED,CONTROLLED_SYNTHETIC
I0011076,SME003193,RM047,2026-08-11,SECURE_MESSAGE,CONNECTED,CONTROLLED_SYNTHETIC
I0011077,SME003193,RM047,2026-02-06,SECURE_MESSAGE,NO_RESPONSE,CONTROLLED_SYNTHETIC
I0011078,SME003193,RM047,2026-08-18,CALL,FOLLOW_UP,CONTROLLED_SYNTHETIC
I0011079,SME003194,RM037,2026-06-25,MEETING,CONNECTED,CONTROLLED_SYNTHETIC
I0011080,SME003194,RM037,2026-05-31,BRANCH,CONNECTED,CONTROLLED_SYNTHETIC
I0011081,SME003194,RM037,2026-05-02,BRANCH,FOLLOW_UP,CONTROLLED_SYNTHETIC
I0011082,SME003194,RM037,2026-08-11,SECURE_MESSAGE,FOLLOW_UP,CONTROLLED_SYNTHETIC
I0011083,SME003194,RM037,2025-11-01,SECURE_MESSAGE,CONNECTED,CONTROLLED_SYNTHETIC
I0011084,SME003195,RM015,2026-03-27,CALL,FOLLOW_UP,CONTROLLED_SYNTHETIC
I0011085,SME003195,RM015,2025-12-01,SECURE_MESSAGE,CONNECTED,CONTROLLED_SYNTHETIC
I0011086,SME003195,RM015,2026-03-08,BRANCH,FOLLOW_UP,CONTROLLED_SYNTHETIC
I0011087,SME003196,RM017,2026-03-05,CALL,CONNECTED,CONTROLLED_SYNTHETIC
I0011088,SME003196,RM017,2025-09-13,SECURE_MESSAGE,NEEDS_REVIEW,CONTROLLED_SYNTHETIC
I0011089,SME003196,RM017,2025-12-07,BRANCH,NO_RESPONSE,CONTROLLED_SYNTHETIC
I0011090,SME003197,RM034,2025-10-20,SECURE_MESSAGE,NO_RESPONSE,CONTROLLED_SYNTHETIC
I0011091,SME003197,RM034,2025-11-01,BRANCH,FOLLOW_UP,CONTROLLED_SYNTHETIC
I0011092,SME003197,RM034,2026-05-18,BRANCH,FOLLOW_UP,CONTROLLED_SYNTHETIC
I0011093,SME003197,RM034,2026-01-17,MEETING,CONNECTED,CONTROLLED_SYNTHETIC
I0011094,SME003197,RM034,2026-05-15,BRANCH,NO_RESPONSE,CONTROLLED_SYNTHETIC
I0011095,SME003197,RM034,2026-01-03,SECURE_MESSAGE,FOLLOW_UP,CONTROLLED_SYNTHETIC
I0011096,SME003198,RM041,2026-06-20,CALL,NO_RESPONSE,CONTROLLED_SYNTHETIC
I0011097,SME003198,RM041,2026-01-28,BRANCH,CONNECTED,CONTROLLED_SYNTHETIC
I0011098,SME003199,RM037,2026-04-08,MEETING,CONNECTED,CONTROLLED_SYNTHETIC
I0011099,SME003199,RM037,2026-04-25,BRANCH,CONNECTED,CONTROLLED_SYNTHETIC
I0011100,SME003199,RM037,2026-04-22,SECURE_MESSAGE,CONNECTED,CONTROLLED_SYNTHETIC
I0011101,SME003199,RM037,2025-10-07,CALL,NO_RESPONSE,CONTROLLED_SYNTHETIC
I0011102,SME003199,RM037,2026-01-06,SECURE_MESSAGE,NO_RESPONSE,CONTROLLED_SYNTHETIC
I0011103,SME003199,RM037,2025-10-29,CALL,FOLLOW_UP,CONTROLLED_SYNTHETIC
I0011104,SME003200,RM041,2026-04-18,SECURE_MESSAGE,CONNECTED,CONTROLLED_SYNTHETIC
I0011105,SME003200,RM041,2025-10-14,SECURE_MESSAGE,CONNECTED,CONTROLLED_SYNTHETIC
I0011106,SME003200,RM041,2026-07-03,CALL,CONNECTED,CONTROLLED_SYNTHETIC
I0011107,SME003200,RM041,2025-10-27,BRANCH,CONNECTED,CONTROLLED_SYNTHETIC
