holding_id,customer_id,product_code,opened_date,exposure_try,annual_gross_income_try,active_flag,data_class
H0000001,SME000001,WORKING_CAPITAL_LOAN,2022-06-09,1573875.650000,16176.540000,True,CONTROLLED_SYNTHETIC
H0000002,SME000003,WORKING_CAPITAL_LOAN,2026-05-21,59040069.220000,2056786.940000,True,CONTROLLED_SYNTHETIC
H0000003,SME000008,WORKING_CAPITAL_LOAN,2020-07-20,1773785.470000,15493.390000,True,CONTROLLED_SYNTHETIC
H0000004,SME000009,WORKING_CAPITAL_LOAN,2021-02-18,1180126.890000,34425.700000,True,CONTROLLED_SYNTHETIC
H0000005,SME000015,WORKING_CAPITAL_LOAN,2024-09-30,19225395.620000,111313.390000,True,CONTROLLED_SYNTHETIC
H0000006,SME000016,WORKING_CAPITAL_LOAN,2023-12-14,1624037.650000,75753.580000,True,CONTROLLED_SYNTHETIC
H0000007,SME000019,WORKING_CAPITAL_LOAN,2020-08-08,5949117.360000,276782.560000,True,CONTROLLED_SYNTHETIC
H0000008,SME000025,WORKING_CAPITAL_LOAN,2021-07-03,1475925.190000,27748.600000,True,CONTROLLED_SYNTHETIC
H0000009,SME000026,WORKING_CAPITAL_LOAN,2022-09-27,580610.310000,28142.120000,True,CONTROLLED_SYNTHETIC
H0000010,SME000032,WORKING_CAPITAL_LOAN,2022-10-07,4200314.670000,23339.950000,True,CONTROLLED_SYNTHETIC
H0000011,SME000033,WORKING_CAPITAL_LOAN,2024-04-17,14218516.740000,83051.250000,True,CONTROLLED_SYNTHETIC
H0000012,SME000036,WORKING_CAPITAL_LOAN,2025-03-20,1245508.130000,53297.590000,True,CONTROLLED_SYNTHETIC
H0000013,SME000037,WORKING_CAPITAL_LOAN,2023-11-03,2880790.850000,120185.760000,True,CONTROLLED_SYNTHETIC
H0000014,SME000045,WORKING_CAPITAL_LOAN,2022-12-18,622985.440000,13567.590000,True,CONTROLLED_SYNTHETIC
H0000015,SME000048,WORKING_CAPITAL_LOAN,2023-11-15,4842921.450000,64234.530000,True,CONTROLLED_SYNTHETIC
H0000016,SME000051,WORKING_CAPITAL_LOAN,2022-08-24,702885.460000,29132.170000,True,CONTROLLED_SYNTHETIC
H0000017,SME000054,WORKING_CAPITAL_LOAN,2022-11-19,1175347.650000,39926.160000,True,CONTROLLED_SYNTHETIC
H0000018,SME000059,WORKING_CAPITAL_LOAN,2024-02-22,5350928.300000,286919.710000,True,CONTROLLED_SYNTHETIC
H0000019,SME000060,WORKING_CAPITAL_LOAN,2020-10-02,3080538.840000,102592.920000,True,CONTROLLED_SYNTHETIC
H0000020,SME000062,WORKING_CAPITAL_LOAN,2026-01-25,3455333.260000,164170.220000,True,CONTROLLED_SYNTHETIC
H0000021,SME000064,WORKING_CAPITAL_LOAN,2020-03-23,1307629.390000,6817.000000,True,CONTROLLED_SYNTHETIC
H0000022,SME000066,WORKING_CAPITAL_LOAN,2020-08-10,4930786.890000,215038.320000,True,CONTROLLED_SYNTHETIC
H0000023,SME000070,WORKING_CAPITAL_LOAN,2023-04-05,4099218.230000,103300.280000,True,CONTROLLED_SYNTHETIC
H0000024,SME000071,WORKING_CAPITAL_LOAN,2026-03-01,5911070.580000,265318.260000,True,CONTROLLED_SYNTHETIC
H0000025,SME000072,WORKING_CAPITAL_LOAN,2021-09-26,2595036.620000,28887.100000,True,CONTROLLED_SYNTHETIC
H0000026,SME000075,WORKING_CAPITAL_LOAN,2025-12-31,943367.290000,29247.760000,True,CONTROLLED_SYNTHETIC
H0000027,SME000079,WORKING_CAPITAL_LOAN,2022-11-21,436752.630000,16123.030000,True,CONTROLLED_SYNTHETIC
H0000028,SME000080,WORKING_CAPITAL_LOAN,2022-09-19,4046338.100000,102792.040000,True,CONTROLLED_SYNTHETIC
H0000029,SME000085,WORKING_CAPITAL_LOAN,2025-02-02,56039231.080000,1024980.750000,True,CONTROLLED_SYNTHETIC
H0000030,SME000089,WORKING_CAPITAL_LOAN,2022-06-13,5767274.970000,118505.710000,True,CONTROLLED_SYNTHETIC
H0000031,SME000092,WORKING_CAPITAL_LOAN,2026-02-05,23157754.210000,282162.560000,True,CONTROLLED_SYNTHETIC
H0000032,SME000094,WORKING_CAPITAL_LOAN,2024-05-12,7963776.780000,350895.350000,True,CONTROLLED_SYNTHETIC
H0000033,SME000095,WORKING_CAPITAL_LOAN,2024-09-02,795801.440000,15538.500000,True,CONTROLLED_SYNTHETIC
H0000034,SME000098,WORKING_CAPITAL_LOAN,2024-10-29,19938830.350000,136102.200000,True,CONTROLLED_SYNTHETIC
H0000035,SME000100,WORKING_CAPITAL_LOAN,2020-08-18,6570904.540000,348715.650000,True,CONTROLLED_SYNTHETIC
H0000036,SME000101,WORKING_CAPITAL_LOAN,2025-09-28,6142595.810000,286651.270000,True,CONTROLLED_SYNTHETIC
H0000037,SME000105,WORKING_CAPITAL_LOAN,2021-05-10,6707995.440000,86122.190000,True,CONTROLLED_SYNTHETIC
H0000038,SME000108,WORKING_CAPITAL_LOAN,2025-03-10,3406714.240000,81566.270000,True,CONTROLLED_SYNTHETIC
H0000039,SME000116,WORKING_CAPITAL_LOAN,2023-09-20,2619480.140000,26113.720000,True,CONTROLLED_SYNTHETIC
H0000040,SME000117,WORKING_CAPITAL_LOAN,2025-01-28,1776331.430000,35847.900000,True,CONTROLLED_SYNTHETIC
H0000041,SME000121,WORKING_CAPITAL_LOAN,2022-12-16,2773449.610000,102130.830000,True,CONTROLLED_SYNTHETIC
H0000042,SME000128,WORKING_CAPITAL_LOAN,2026-01-04,1013036.010000,37075.740000,True,CONTROLLED_SYNTHETIC
H0000043,SME000130,WORKING_CAPITAL_LOAN,2022-11-27,1361579.870000,56890.780000,True,CONTROLLED_SYNTHETIC
H0000044,SME000132,WORKING_CAPITAL_LOAN,2020-05-06,2153104.420000,55036.500000,True,CONTROLLED_SYNTHETIC
H0000045,SME000133,WORKING_CAPITAL_LOAN,2024-05-25,2259195.240000,37492.870000,True,CONTROLLED_SYNTHETIC
H0000046,SME000135,WORKING_CAPITAL_LOAN,2025-10-14,7021818.520000,46020.670000,True,CONTROLLED_SYNTHETIC
H0000047,SME000136,WORKING_CAPITAL_LOAN,2020-02-10,1740418.280000,89407.810000,True,CONTROLLED_SYNTHETIC
H0000048,SME000137,WORKING_CAPITAL_LOAN,2022-03-01,7469173.420000,335007.020000,True,CONTROLLED_SYNTHETIC
H0000049,SME000139,WORKING_CAPITAL_LOAN,2020-10-23,452075.700000,6826.550000,True,CONTROLLED_SYNTHETIC
H0000050,SME000141,WORKING_CAPITAL_LOAN,2024-03-12,1262550.390000,65284.180000,True,CONTROLLED_SYNTHETIC
H0000051,SME000144,WORKING_CAPITAL_LOAN,2025-04-11,3112016.330000,62147.540000,True,CONTROLLED_SYNTHETIC
H0000052,SME000150,WORKING_CAPITAL_LOAN,2023-12-06,2996194.390000,62197.300000,True,CONTROLLED_SYNTHETIC
H0000053,SME000151,WORKING_CAPITAL_LOAN,2024-08-28,3075414.320000,48249.600000,True,CONTROLLED_SYNTHETIC
H0000054,SME000156,WORKING_CAPITAL_LOAN,2024-06-29,5523031.810000,299572.270000,True,CONTROLLED_SYNTHETIC
H0000055,SME000162,WORKING_CAPITAL_LOAN,2025-07-27,7602330.600000,74275.810000,True,CONTROLLED_SYNTHETIC
H0000056,SME000164,WORKING_CAPITAL_LOAN,2021-07-30,2833819.140000,20340.300000,True,CONTROLLED_SYNTHETIC
H0000057,SME000165,WORKING_CAPITAL_LOAN,2022-11-11,1206240.390000,37427.910000,True,CONTROLLED_SYNTHETIC
H0000058,SME000169,WORKING_CAPITAL_LOAN,2024-01-14,3880022.790000,42256.510000,True,CONTROLLED_SYNTHETIC
H0000059,SME000174,WORKING_CAPITAL_LOAN,2024-04-18,14019977.100000,679173.360000,True,CONTROLLED_SYNTHETIC
H0000060,SME000175,WORKING_CAPITAL_LOAN,2022-09-14,982777.200000,50784.290000,True,CONTROLLED_SYNTHETIC
H0000061,SME000176,WORKING_CAPITAL_LOAN,2022-02-19,720996.700000,34080.540000,True,CONTROLLED_SYNTHETIC
H0000062,SME000177,WORKING_CAPITAL_LOAN,2021-09-14,3990717.650000,72398.660000,True,CONTROLLED_SYNTHETIC
H0000063,SME000182,WORKING_CAPITAL_LOAN,2026-02-03,728494.780000,27652.580000,True,CONTROLLED_SYNTHETIC
H0000064,SME000184,WORKING_CAPITAL_LOAN,2025-07-26,3191116.190000,80312.610000,True,CONTROLLED_SYNTHETIC
H0000065,SME000185,WORKING_CAPITAL_LOAN,2026-03-18,1886582.200000,33926.740000,True,CONTROLLED_SYNTHETIC
H0000066,SME000188,WORKING_CAPITAL_LOAN,2024-12-12,2178257.470000,11121.340000,True,CONTROLLED_SYNTHETIC
H0000067,SME000191,WORKING_CAPITAL_LOAN,2020-06-10,2798725.680000,106774.740000,True,CONTROLLED_SYNTHETIC
H0000068,SME000192,WORKING_CAPITAL_LOAN,2023-10-19,759178.830000,24514.680000,True,CONTROLLED_SYNTHETIC
H0000069,SME000195,WORKING_CAPITAL_LOAN,2020-10-30,1594344.950000,13317.260000,True,CONTROLLED_SYNTHETIC
H0000070,SME000203,WORKING_CAPITAL_LOAN,2022-08-04,5019589.730000,138804.800000,True,CONTROLLED_SYNTHETIC
H0000071,SME000208,WORKING_CAPITAL_LOAN,2026-04-08,15956503.330000,114719.850000,True,CONTROLLED_SYNTHETIC
H0000072,SME000210,WORKING_CAPITAL_LOAN,2023-06-21,12707190.440000,162209.100000,True,CONTROLLED_SYNTHETIC
H0000073,SME000212,WORKING_CAPITAL_LOAN,2025-07-01,3291869.030000,32127.570000,True,CONTROLLED_SYNTHETIC
H0000074,SME000213,WORKING_CAPITAL_LOAN,2021-01-08,954698.750000,47087.830000,True,CONTROLLED_SYNTHETIC
H0000075,SME000214,WORKING_CAPITAL_LOAN,2026-01-13,1514698.310000,21232.060000,True,CONTROLLED_SYNTHETIC
H0000076,SME000215,WORKING_CAPITAL_LOAN,2021-08-06,1307029.670000,50216.840000,True,CONTROLLED_SYNTHETIC
H0000077,SME000216,WORKING_CAPITAL_LOAN,2024-01-01,1048356.290000,27066.130000,True,CONTROLLED_SYNTHETIC
H0000078,SME000221,WORKING_CAPITAL_LOAN,2021-12-10,2388538.170000,105440.380000,True,CONTROLLED_SYNTHETIC
H0000079,SME000230,WORKING_CAPITAL_LOAN,2021-03-12,584855.400000,26839.680000,True,CONTROLLED_SYNTHETIC
H0000080,SME000231,WORKING_CAPITAL_LOAN,2025-03-16,38035552.490000,1991997.310000,True,CONTROLLED_SYNTHETIC
H0000081,SME000232,WORKING_CAPITAL_LOAN,2023-04-13,46128759.610000,479058.860000,True,CONTROLLED_SYNTHETIC
H0000082,SME000234,WORKING_CAPITAL_LOAN,2026-01-20,3006503.260000,34715.440000,True,CONTROLLED_SYNTHETIC
H0000083,SME000235,WORKING_CAPITAL_LOAN,2026-01-31,5829698.880000,284951.320000,True,CONTROLLED_SYNTHETIC
H0000084,SME000236,WORKING_CAPITAL_LOAN,2024-07-03,8473998.990000,440035.840000,True,CONTROLLED_SYNTHETIC
H0000085,SME000239,WORKING_CAPITAL_LOAN,2023-01-17,28977103.360000,508661.730000,True,CONTROLLED_SYNTHETIC
H0000086,SME000240,WORKING_CAPITAL_LOAN,2020-10-21,4055203.350000,180870.980000,True,CONTROLLED_SYNTHETIC
H0000087,SME000242,WORKING_CAPITAL_LOAN,2020-05-11,2125288.750000,63403.700000,True,CONTROLLED_SYNTHETIC
H0000088,SME000245,WORKING_CAPITAL_LOAN,2020-10-27,477810.820000,19473.870000,True,CONTROLLED_SYNTHETIC
H0000089,SME000246,WORKING_CAPITAL_LOAN,2020-04-24,2466537.240000,57942.560000,True,CONTROLLED_SYNTHETIC
H0000090,SME000249,WORKING_CAPITAL_LOAN,2020-05-11,9049819.020000,271030.070000,True,CONTROLLED_SYNTHETIC
H0000091,SME000250,WORKING_CAPITAL_LOAN,2026-04-21,9768327.810000,203208.100000,True,CONTROLLED_SYNTHETIC
H0000092,SME000258,WORKING_CAPITAL_LOAN,2025-02-22,8825268.430000,46636.790000,True,CONTROLLED_SYNTHETIC
H0000093,SME000263,WORKING_CAPITAL_LOAN,2023-08-04,1570102.190000,8929.300000,True,CONTROLLED_SYNTHETIC
H0000094,SME000264,WORKING_CAPITAL_LOAN,2020-02-15,1254744.580000,36328.910000,True,CONTROLLED_SYNTHETIC
H0000095,SME000268,WORKING_CAPITAL_LOAN,2024-12-19,330710.240000,2463.190000,True,CONTROLLED_SYNTHETIC
H0000096,SME000277,WORKING_CAPITAL_LOAN,2022-03-19,1203060.580000,12462.880000,True,CONTROLLED_SYNTHETIC
H0000097,SME000285,WORKING_CAPITAL_LOAN,2025-04-20,1370903.880000,24313.300000,True,CONTROLLED_SYNTHETIC
H0000098,SME000286,WORKING_CAPITAL_LOAN,2026-01-29,998521.050000,32340.140000,True,CONTROLLED_SYNTHETIC
H0000099,SME000291,WORKING_CAPITAL_LOAN,2025-10-21,2654202.620000,55143.790000,True,CONTROLLED_SYNTHETIC
H0000100,SME000295,WORKING_CAPITAL_LOAN,2021-07-12,7678747.220000,93009.050000,True,CONTROLLED_SYNTHETIC
H0000101,SME000296,WORKING_CAPITAL_LOAN,2021-08-06,2312973.710000,69653.230000,True,CONTROLLED_SYNTHETIC
H0000102,SME000300,WORKING_CAPITAL_LOAN,2023-10-11,2570887.670000,47825.160000,True,CONTROLLED_SYNTHETIC
H0000103,SME000303,WORKING_CAPITAL_LOAN,2020-10-08,2761884.670000,91995.660000,True,CONTROLLED_SYNTHETIC
H0000104,SME000304,WORKING_CAPITAL_LOAN,2025-11-24,6891505.720000,52104.030000,True,CONTROLLED_SYNTHETIC
H0000105,SME000305,WORKING_CAPITAL_LOAN,2025-12-03,3259321.760000,131897.350000,True,CONTROLLED_SYNTHETIC
H0000106,SME000306,WORKING_CAPITAL_LOAN,2022-04-14,4080661.700000,108129.520000,True,CONTROLLED_SYNTHETIC
H0000107,SME000307,WORKING_CAPITAL_LOAN,2023-07-30,9704376.770000,100342.210000,True,CONTROLLED_SYNTHETIC
H0000108,SME000310,WORKING_CAPITAL_LOAN,2020-04-22,5683515.480000,148645.830000,True,CONTROLLED_SYNTHETIC
H0000109,SME000314,WORKING_CAPITAL_LOAN,2025-01-09,820732.700000,16170.620000,True,CONTROLLED_SYNTHETIC
H0000110,SME000320,WORKING_CAPITAL_LOAN,2020-05-06,3162467.700000,102003.100000,True,CONTROLLED_SYNTHETIC
H0000111,SME000322,WORKING_CAPITAL_LOAN,2021-11-16,2567738.820000,90145.490000,True,CONTROLLED_SYNTHETIC
H0000112,SME000325,WORKING_CAPITAL_LOAN,2026-03-24,597335.140000,9772.370000,True,CONTROLLED_SYNTHETIC
H0000113,SME000327,WORKING_CAPITAL_LOAN,2020-05-05,10149482.360000,209169.820000,True,CONTROLLED_SYNTHETIC
H0000114,SME000328,WORKING_CAPITAL_LOAN,2021-09-30,28379372.700000,862510.690000,True,CONTROLLED_SYNTHETIC
H0000115,SME000336,WORKING_CAPITAL_LOAN,2024-04-16,599394.450000,19847.430000,True,CONTROLLED_SYNTHETIC
H0000116,SME000338,WORKING_CAPITAL_LOAN,2022-03-12,634309.550000,24214.130000,True,CONTROLLED_SYNTHETIC
H0000117,SME000339,WORKING_CAPITAL_LOAN,2026-01-24,35398923.160000,1685138.460000,True,CONTROLLED_SYNTHETIC
H0000118,SME000350,WORKING_CAPITAL_LOAN,2021-07-18,3677920.950000,97941.160000,True,CONTROLLED_SYNTHETIC
H0000119,SME000352,WORKING_CAPITAL_LOAN,2020-08-22,6918510.960000,187109.250000,True,CONTROLLED_SYNTHETIC
H0000120,SME000354,WORKING_CAPITAL_LOAN,2021-06-16,888029.410000,32672.740000,True,CONTROLLED_SYNTHETIC
H0000121,SME000355,WORKING_CAPITAL_LOAN,2022-02-13,1238946.020000,42957.320000,True,CONTROLLED_SYNTHETIC
H0000122,SME000362,WORKING_CAPITAL_LOAN,2020-04-16,327833.850000,2908.030000,True,CONTROLLED_SYNTHETIC
H0000123,SME000366,WORKING_CAPITAL_LOAN,2021-10-21,356483.820000,5741.160000,True,CONTROLLED_SYNTHETIC
H0000124,SME000368,WORKING_CAPITAL_LOAN,2025-11-25,5334748.210000,34769.900000,True,CONTROLLED_SYNTHETIC
H0000125,SME000369,WORKING_CAPITAL_LOAN,2024-01-28,10151571.980000,263640.810000,True,CONTROLLED_SYNTHETIC
H0000126,SME000372,WORKING_CAPITAL_LOAN,2024-08-27,18541978.680000,76062.640000,True,CONTROLLED_SYNTHETIC
H0000127,SME000376,WORKING_CAPITAL_LOAN,2023-05-08,578789.380000,25721.320000,True,CONTROLLED_SYNTHETIC
H0000128,SME000377,WORKING_CAPITAL_LOAN,2022-03-01,4574002.840000,213079.800000,True,CONTROLLED_SYNTHETIC
H0000129,SME000380,WORKING_CAPITAL_LOAN,2024-07-29,458296.650000,23775.110000,True,CONTROLLED_SYNTHETIC
H0000130,SME000389,WORKING_CAPITAL_LOAN,2024-06-05,4030794.200000,140233.760000,True,CONTROLLED_SYNTHETIC
H0000131,SME000391,WORKING_CAPITAL_LOAN,2025-12-30,733365.100000,26921.570000,True,CONTROLLED_SYNTHETIC
H0000132,SME000403,WORKING_CAPITAL_LOAN,2023-01-02,5403346.310000,271267.290000,True,CONTROLLED_SYNTHETIC
H0000133,SME000405,WORKING_CAPITAL_LOAN,2025-06-12,2211474.670000,46709.940000,True,CONTROLLED_SYNTHETIC
H0000134,SME000407,WORKING_CAPITAL_LOAN,2021-07-20,5011778.940000,43020.410000,True,CONTROLLED_SYNTHETIC
H0000135,SME000408,WORKING_CAPITAL_LOAN,2024-04-02,3325811.850000,14177.310000,True,CONTROLLED_SYNTHETIC
H0000136,SME000409,WORKING_CAPITAL_LOAN,2026-05-09,1385555.980000,16560.630000,True,CONTROLLED_SYNTHETIC
H0000137,SME000412,WORKING_CAPITAL_LOAN,2022-09-27,1670925.040000,63290.120000,True,CONTROLLED_SYNTHETIC
H0000138,SME000413,WORKING_CAPITAL_LOAN,2023-06-11,2057266.850000,31856.030000,True,CONTROLLED_SYNTHETIC
H0000139,SME000418,WORKING_CAPITAL_LOAN,2023-02-23,7141407.080000,102950.920000,True,CONTROLLED_SYNTHETIC
H0000140,SME000421,WORKING_CAPITAL_LOAN,2020-11-08,3190958.630000,116942.020000,True,CONTROLLED_SYNTHETIC
H0000141,SME000427,WORKING_CAPITAL_LOAN,2023-01-24,1153916.150000,17959.380000,True,CONTROLLED_SYNTHETIC
H0000142,SME000431,WORKING_CAPITAL_LOAN,2024-01-25,476007.590000,24268.440000,True,CONTROLLED_SYNTHETIC
H0000143,SME000434,WORKING_CAPITAL_LOAN,2025-01-04,9108247.630000,348393.800000,True,CONTROLLED_SYNTHETIC
H0000144,SME000439,WORKING_CAPITAL_LOAN,2026-04-24,1324845.720000,22895.860000,True,CONTROLLED_SYNTHETIC
H0000145,SME000441,WORKING_CAPITAL_LOAN,2021-07-07,1460856.970000,74940.970000,True,CONTROLLED_SYNTHETIC
H0000146,SME000443,WORKING_CAPITAL_LOAN,2021-03-05,880979.960000,6635.520000,True,CONTROLLED_SYNTHETIC
H0000147,SME000448,WORKING_CAPITAL_LOAN,2020-09-30,4265512.120000,120870.940000,True,CONTROLLED_SYNTHETIC
H0000148,SME000450,WORKING_CAPITAL_LOAN,2020-07-17,7752486.430000,113745.910000,True,CONTROLLED_SYNTHETIC
H0000149,SME000455,WORKING_CAPITAL_LOAN,2026-02-01,25965958.880000,827699.250000,True,CONTROLLED_SYNTHETIC
H0000150,SME000460,WORKING_CAPITAL_LOAN,2023-05-29,854203.720000,36955.750000,True,CONTROLLED_SYNTHETIC
H0000151,SME000462,WORKING_CAPITAL_LOAN,2021-06-22,2290024.230000,20768.870000,True,CONTROLLED_SYNTHETIC
H0000152,SME000464,WORKING_CAPITAL_LOAN,2022-04-22,62176880.890000,3269447.570000,True,CONTROLLED_SYNTHETIC
H0000153,SME000465,WORKING_CAPITAL_LOAN,2022-12-28,4100906.380000,112376.390000,True,CONTROLLED_SYNTHETIC
H0000154,SME000476,WORKING_CAPITAL_LOAN,2021-02-08,1804886.990000,88366.110000,True,CONTROLLED_SYNTHETIC
H0000155,SME000486,WORKING_CAPITAL_LOAN,2025-03-31,28254221.470000,220192.310000,True,CONTROLLED_SYNTHETIC
H0000156,SME000491,WORKING_CAPITAL_LOAN,2021-04-30,3942019.710000,212859.280000,True,CONTROLLED_SYNTHETIC
H0000157,SME000495,WORKING_CAPITAL_LOAN,2023-09-17,7112906.530000,30610.400000,True,CONTROLLED_SYNTHETIC
H0000158,SME000496,WORKING_CAPITAL_LOAN,2021-12-12,44481040.820000,293076.030000,True,CONTROLLED_SYNTHETIC
H0000159,SME000497,WORKING_CAPITAL_LOAN,2025-05-05,14113518.910000,477746.520000,True,CONTROLLED_SYNTHETIC
H0000160,SME000501,WORKING_CAPITAL_LOAN,2024-03-16,3057264.040000,59304.580000,True,CONTROLLED_SYNTHETIC
H0000161,SME000502,WORKING_CAPITAL_LOAN,2022-05-02,902605.740000,37985.490000,True,CONTROLLED_SYNTHETIC
H0000162,SME000507,WORKING_CAPITAL_LOAN,2025-12-11,11221257.990000,265404.300000,True,CONTROLLED_SYNTHETIC
H0000163,SME000522,WORKING_CAPITAL_LOAN,2021-03-22,776870.470000,15668.400000,True,CONTROLLED_SYNTHETIC
H0000164,SME000529,WORKING_CAPITAL_LOAN,2020-08-02,938709.140000,38181.460000,True,CONTROLLED_SYNTHETIC
H0000165,SME000530,WORKING_CAPITAL_LOAN,2023-09-01,1404754.360000,33513.040000,True,CONTROLLED_SYNTHETIC
H0000166,SME000532,WORKING_CAPITAL_LOAN,2025-03-03,4288260.670000,77428.040000,True,CONTROLLED_SYNTHETIC
H0000167,SME000536,WORKING_CAPITAL_LOAN,2026-01-04,459158.700000,24649.910000,True,CONTROLLED_SYNTHETIC
H0000168,SME000539,WORKING_CAPITAL_LOAN,2023-01-08,1327238.120000,65567.070000,True,CONTROLLED_SYNTHETIC
H0000169,SME000540,WORKING_CAPITAL_LOAN,2021-07-01,1149905.390000,35417.520000,True,CONTROLLED_SYNTHETIC
H0000170,SME000541,WORKING_CAPITAL_LOAN,2020-11-04,8705052.160000,38836.850000,True,CONTROLLED_SYNTHETIC
H0000171,SME000542,WORKING_CAPITAL_LOAN,2025-11-29,600420.120000,4807.770000,True,CONTROLLED_SYNTHETIC
H0000172,SME000546,WORKING_CAPITAL_LOAN,2022-01-07,774272.280000,25861.580000,True,CONTROLLED_SYNTHETIC
H0000173,SME000549,WORKING_CAPITAL_LOAN,2021-03-12,517262.050000,14603.900000,True,CONTROLLED_SYNTHETIC
H0000174,SME000553,WORKING_CAPITAL_LOAN,2020-08-10,390576.230000,15180.510000,True,CONTROLLED_SYNTHETIC
H0000175,SME000556,WORKING_CAPITAL_LOAN,2023-06-13,1326426.470000,15971.110000,True,CONTROLLED_SYNTHETIC
H0000176,SME000559,WORKING_CAPITAL_LOAN,2024-11-23,3897250.560000,125661.790000,True,CONTROLLED_SYNTHETIC
H0000177,SME000563,WORKING_CAPITAL_LOAN,2024-12-07,4592006.600000,235497.010000,True,CONTROLLED_SYNTHETIC
H0000178,SME000564,WORKING_CAPITAL_LOAN,2023-10-26,2043924.720000,107745.140000,True,CONTROLLED_SYNTHETIC
H0000179,SME000567,WORKING_CAPITAL_LOAN,2025-07-15,4312816.460000,35823.820000,True,CONTROLLED_SYNTHETIC
H0000180,SME000568,WORKING_CAPITAL_LOAN,2023-03-21,5651556.360000,295134.510000,True,CONTROLLED_SYNTHETIC
H0000181,SME000569,WORKING_CAPITAL_LOAN,2024-09-28,7576444.420000,408246.840000,True,CONTROLLED_SYNTHETIC
H0000182,SME000570,WORKING_CAPITAL_LOAN,2021-07-16,38015082.230000,1525519.340000,True,CONTROLLED_SYNTHETIC
H0000183,SME000572,WORKING_CAPITAL_LOAN,2020-03-28,1903864.780000,44514.360000,True,CONTROLLED_SYNTHETIC
H0000184,SME000575,WORKING_CAPITAL_LOAN,2020-03-28,23117476.160000,270972.730000,True,CONTROLLED_SYNTHETIC
H0000185,SME000579,WORKING_CAPITAL_LOAN,2022-04-23,812947.410000,24444.970000,True,CONTROLLED_SYNTHETIC
H0000186,SME000580,WORKING_CAPITAL_LOAN,2024-01-09,3460364.650000,81647.230000,True,CONTROLLED_SYNTHETIC
H0000187,SME000581,WORKING_CAPITAL_LOAN,2020-09-09,1228678.330000,43775.190000,True,CONTROLLED_SYNTHETIC
H0000188,SME000584,WORKING_CAPITAL_LOAN,2023-09-01,28490640.190000,780237.960000,True,CONTROLLED_SYNTHETIC
H0000189,SME000585,WORKING_CAPITAL_LOAN,2025-04-26,1188536.400000,35188.960000,True,CONTROLLED_SYNTHETIC
H0000190,SME000587,WORKING_CAPITAL_LOAN,2023-07-20,1434999.360000,53469.060000,True,CONTROLLED_SYNTHETIC
H0000191,SME000588,WORKING_CAPITAL_LOAN,2020-06-17,1094483.930000,40578.090000,True,CONTROLLED_SYNTHETIC
H0000192,SME000590,WORKING_CAPITAL_LOAN,2020-07-22,1034639.260000,13796.980000,True,CONTROLLED_SYNTHETIC
H0000193,SME000596,WORKING_CAPITAL_LOAN,2020-06-02,4971711.030000,50339.210000,True,CONTROLLED_SYNTHETIC
H0000194,SME000599,WORKING_CAPITAL_LOAN,2022-03-10,4481915.830000,144651.330000,True,CONTROLLED_SYNTHETIC
H0000195,SME000602,WORKING_CAPITAL_LOAN,2022-02-11,1176805.910000,23688.200000,True,CONTROLLED_SYNTHETIC
H0000196,SME000606,WORKING_CAPITAL_LOAN,2020-02-07,385458.340000,17101.380000,True,CONTROLLED_SYNTHETIC
H0000197,SME000608,WORKING_CAPITAL_LOAN,2024-01-30,743990.000000,16784.380000,True,CONTROLLED_SYNTHETIC
H0000198,SME000609,WORKING_CAPITAL_LOAN,2022-04-06,844666.480000,9560.310000,True,CONTROLLED_SYNTHETIC
H0000199,SME000611,WORKING_CAPITAL_LOAN,2024-07-25,2961339.090000,93967.240000,True,CONTROLLED_SYNTHETIC
H0000200,SME000612,WORKING_CAPITAL_LOAN,2020-07-04,2418955.690000,76742.100000,True,CONTROLLED_SYNTHETIC
H0000201,SME000613,WORKING_CAPITAL_LOAN,2026-02-27,1565078.350000,12456.000000,True,CONTROLLED_SYNTHETIC
H0000202,SME000619,WORKING_CAPITAL_LOAN,2024-12-11,1907253.070000,27064.990000,True,CONTROLLED_SYNTHETIC
H0000203,SME000621,WORKING_CAPITAL_LOAN,2024-06-25,3380655.030000,48360.660000,True,CONTROLLED_SYNTHETIC
H0000204,SME000626,WORKING_CAPITAL_LOAN,2025-07-11,1054095.780000,46773.890000,True,CONTROLLED_SYNTHETIC
H0000205,SME000631,WORKING_CAPITAL_LOAN,2025-02-22,5988880.340000,139423.630000,True,CONTROLLED_SYNTHETIC
H0000206,SME000632,WORKING_CAPITAL_LOAN,2023-11-28,496188.660000,6027.000000,True,CONTROLLED_SYNTHETIC
H0000207,SME000635,WORKING_CAPITAL_LOAN,2024-01-10,76163453.800000,1155121.720000,True,CONTROLLED_SYNTHETIC
H0000208,SME000636,WORKING_CAPITAL_LOAN,2020-04-22,1065607.820000,20815.090000,True,CONTROLLED_SYNTHETIC
H0000209,SME000642,WORKING_CAPITAL_LOAN,2021-02-23,1846965.250000,34775.890000,True,CONTROLLED_SYNTHETIC
H0000210,SME000644,WORKING_CAPITAL_LOAN,2024-06-13,886235.730000,20795.460000,True,CONTROLLED_SYNTHETIC
H0000211,SME000646,WORKING_CAPITAL_LOAN,2020-07-27,4156156.430000,29112.120000,True,CONTROLLED_SYNTHETIC
H0000212,SME000652,WORKING_CAPITAL_LOAN,2022-11-26,2747598.660000,52566.490000,True,CONTROLLED_SYNTHETIC
H0000213,SME000656,WORKING_CAPITAL_LOAN,2020-05-06,4055717.940000,156952.050000,True,CONTROLLED_SYNTHETIC
H0000214,SME000660,WORKING_CAPITAL_LOAN,2026-03-20,4005250.520000,60667.330000,True,CONTROLLED_SYNTHETIC
H0000215,SME000662,WORKING_CAPITAL_LOAN,2024-02-14,3885921.090000,207283.900000,True,CONTROLLED_SYNTHETIC
H0000216,SME000668,WORKING_CAPITAL_LOAN,2022-04-25,2803052.190000,12090.450000,True,CONTROLLED_SYNTHETIC
H0000217,SME000670,WORKING_CAPITAL_LOAN,2021-05-30,10575813.160000,100418.410000,True,CONTROLLED_SYNTHETIC
H0000218,SME000677,WORKING_CAPITAL_LOAN,2020-04-30,738650.870000,18894.560000,True,CONTROLLED_SYNTHETIC
H0000219,SME000679,WORKING_CAPITAL_LOAN,2023-03-13,1361151.260000,40024.990000,True,CONTROLLED_SYNTHETIC
H0000220,SME000680,WORKING_CAPITAL_LOAN,2020-04-13,1417413.440000,51206.480000,True,CONTROLLED_SYNTHETIC
H0000221,SME000683,WORKING_CAPITAL_LOAN,2020-02-29,11857744.130000,294067.420000,True,CONTROLLED_SYNTHETIC
H0000222,SME000685,WORKING_CAPITAL_LOAN,2022-09-06,15420607.210000,740947.640000,True,CONTROLLED_SYNTHETIC
H0000223,SME000687,WORKING_CAPITAL_LOAN,2026-01-29,1296772.290000,70994.260000,True,CONTROLLED_SYNTHETIC
H0000224,SME000691,WORKING_CAPITAL_LOAN,2020-07-17,3790063.640000,66855.300000,True,CONTROLLED_SYNTHETIC
H0000225,SME000693,WORKING_CAPITAL_LOAN,2024-11-15,1169485.490000,38026.760000,True,CONTROLLED_SYNTHETIC
H0000226,SME000694,WORKING_CAPITAL_LOAN,2025-01-07,4410716.710000,44431.180000,True,CONTROLLED_SYNTHETIC
H0000227,SME000695,WORKING_CAPITAL_LOAN,2025-03-07,383601.300000,3211.110000,True,CONTROLLED_SYNTHETIC
H0000228,SME000700,WORKING_CAPITAL_LOAN,2026-01-29,12916682.200000,591746.030000,True,CONTROLLED_SYNTHETIC
H0000229,SME000703,WORKING_CAPITAL_LOAN,2024-02-22,22591863.220000,894254.330000,True,CONTROLLED_SYNTHETIC
H0000230,SME000709,WORKING_CAPITAL_LOAN,2025-01-05,5793008.460000,200856.840000,True,CONTROLLED_SYNTHETIC
H0000231,SME000715,WORKING_CAPITAL_LOAN,2020-07-06,2583323.590000,108744.780000,True,CONTROLLED_SYNTHETIC
H0000232,SME000716,WORKING_CAPITAL_LOAN,2021-12-09,26848283.460000,1107535.600000,True,CONTROLLED_SYNTHETIC
H0000233,SME000720,WORKING_CAPITAL_LOAN,2022-10-12,5878063.670000,98226.210000,True,CONTROLLED_SYNTHETIC
H0000234,SME000726,WORKING_CAPITAL_LOAN,2021-01-02,42861197.140000,1357694.380000,True,CONTROLLED_SYNTHETIC
H0000235,SME000727,WORKING_CAPITAL_LOAN,2020-04-05,1309591.650000,61164.580000,True,CONTROLLED_SYNTHETIC
H0000236,SME000734,WORKING_CAPITAL_LOAN,2022-05-09,13193200.490000,202012.420000,True,CONTROLLED_SYNTHETIC
H0000237,SME000735,WORKING_CAPITAL_LOAN,2023-02-20,2426489.220000,11674.360000,True,CONTROLLED_SYNTHETIC
H0000238,SME000742,WORKING_CAPITAL_LOAN,2023-07-04,1714073.000000,55470.160000,True,CONTROLLED_SYNTHETIC
H0000239,SME000745,WORKING_CAPITAL_LOAN,2020-06-28,20110878.000000,748964.000000,True,CONTROLLED_SYNTHETIC
H0000240,SME000747,WORKING_CAPITAL_LOAN,2025-07-13,2280148.660000,90484.760000,True,CONTROLLED_SYNTHETIC
H0000241,SME000752,WORKING_CAPITAL_LOAN,2022-07-16,10196241.830000,286487.570000,True,CONTROLLED_SYNTHETIC
H0000242,SME000754,WORKING_CAPITAL_LOAN,2022-10-04,1697726.540000,30055.520000,True,CONTROLLED_SYNTHETIC
H0000243,SME000757,WORKING_CAPITAL_LOAN,2024-08-18,1435523.010000,37939.640000,True,CONTROLLED_SYNTHETIC
H0000244,SME000759,WORKING_CAPITAL_LOAN,2026-04-01,3363578.260000,99489.180000,True,CONTROLLED_SYNTHETIC
H0000245,SME000762,WORKING_CAPITAL_LOAN,2025-05-08,4429379.030000,32760.510000,True,CONTROLLED_SYNTHETIC
H0000246,SME000764,WORKING_CAPITAL_LOAN,2022-12-13,728574.290000,17847.630000,True,CONTROLLED_SYNTHETIC
H0000247,SME000769,WORKING_CAPITAL_LOAN,2025-11-30,1315970.750000,37286.540000,True,CONTROLLED_SYNTHETIC
H0000248,SME000772,WORKING_CAPITAL_LOAN,2024-01-12,2423932.340000,72030.550000,True,CONTROLLED_SYNTHETIC
H0000249,SME000777,WORKING_CAPITAL_LOAN,2026-05-11,6519165.420000,298157.160000,True,CONTROLLED_SYNTHETIC
H0000250,SME000779,WORKING_CAPITAL_LOAN,2023-11-24,10861846.310000,258414.420000,True,CONTROLLED_SYNTHETIC
H0000251,SME000782,WORKING_CAPITAL_LOAN,2023-01-24,586899.390000,29962.450000,True,CONTROLLED_SYNTHETIC
H0000252,SME000787,WORKING_CAPITAL_LOAN,2022-05-09,2361446.960000,98691.730000,True,CONTROLLED_SYNTHETIC
H0000253,SME000788,WORKING_CAPITAL_LOAN,2025-03-09,4818894.440000,142803.430000,True,CONTROLLED_SYNTHETIC
H0000254,SME000793,WORKING_CAPITAL_LOAN,2025-11-13,1554095.540000,40011.750000,True,CONTROLLED_SYNTHETIC
H0000255,SME000794,WORKING_CAPITAL_LOAN,2025-02-12,4582394.920000,110410.110000,True,CONTROLLED_SYNTHETIC
H0000256,SME000803,WORKING_CAPITAL_LOAN,2020-06-13,1225515.720000,57564.500000,True,CONTROLLED_SYNTHETIC
H0000257,SME000806,WORKING_CAPITAL_LOAN,2021-06-10,779162.730000,21969.640000,True,CONTROLLED_SYNTHETIC
H0000258,SME000807,WORKING_CAPITAL_LOAN,2020-09-11,84317504.890000,2740325.750000,True,CONTROLLED_SYNTHETIC
H0000259,SME000809,WORKING_CAPITAL_LOAN,2024-10-05,21178008.430000,1120069.780000,True,CONTROLLED_SYNTHETIC
H0000260,SME000811,WORKING_CAPITAL_LOAN,2022-09-24,13638131.810000,430647.970000,True,CONTROLLED_SYNTHETIC
H0000261,SME000813,WORKING_CAPITAL_LOAN,2025-08-13,16087444.550000,238614.600000,True,CONTROLLED_SYNTHETIC
H0000262,SME000814,WORKING_CAPITAL_LOAN,2022-03-01,4475654.930000,197071.420000,True,CONTROLLED_SYNTHETIC
H0000263,SME000816,WORKING_CAPITAL_LOAN,2025-09-09,7047064.220000,241853.950000,True,CONTROLLED_SYNTHETIC
H0000264,SME000819,WORKING_CAPITAL_LOAN,2022-08-19,47667102.170000,1877441.960000,True,CONTROLLED_SYNTHETIC
H0000265,SME000822,WORKING_CAPITAL_LOAN,2022-03-16,9150224.730000,342579.280000,True,CONTROLLED_SYNTHETIC
H0000266,SME000824,WORKING_CAPITAL_LOAN,2021-09-17,1659396.570000,46912.740000,True,CONTROLLED_SYNTHETIC
H0000267,SME000829,WORKING_CAPITAL_LOAN,2025-12-21,451703.260000,2180.950000,True,CONTROLLED_SYNTHETIC
H0000268,SME000834,WORKING_CAPITAL_LOAN,2020-08-15,1574572.450000,79109.690000,True,CONTROLLED_SYNTHETIC
H0000269,SME000836,WORKING_CAPITAL_LOAN,2025-09-04,7689306.730000,103786.420000,True,CONTROLLED_SYNTHETIC
H0000270,SME000839,WORKING_CAPITAL_LOAN,2022-02-07,1251716.980000,20537.570000,True,CONTROLLED_SYNTHETIC
H0000271,SME000842,WORKING_CAPITAL_LOAN,2025-09-19,3529893.980000,77959.880000,True,CONTROLLED_SYNTHETIC
H0000272,SME000846,WORKING_CAPITAL_LOAN,2023-05-29,1663186.950000,29496.960000,True,CONTROLLED_SYNTHETIC
H0000273,SME000854,WORKING_CAPITAL_LOAN,2022-02-20,3236647.720000,50711.450000,True,CONTROLLED_SYNTHETIC
H0000274,SME000856,WORKING_CAPITAL_LOAN,2024-09-12,346530.650000,8773.690000,True,CONTROLLED_SYNTHETIC
H0000275,SME000858,WORKING_CAPITAL_LOAN,2021-04-25,4702808.870000,111915.680000,True,CONTROLLED_SYNTHETIC
H0000276,SME000868,WORKING_CAPITAL_LOAN,2026-01-15,3710639.700000,124312.160000,True,CONTROLLED_SYNTHETIC
H0000277,SME000878,WORKING_CAPITAL_LOAN,2022-03-09,4039880.220000,64940.520000,True,CONTROLLED_SYNTHETIC
H0000278,SME000880,WORKING_CAPITAL_LOAN,2025-05-11,6765710.790000,170233.630000,True,CONTROLLED_SYNTHETIC
H0000279,SME000881,WORKING_CAPITAL_LOAN,2026-02-10,6945705.010000,225669.670000,True,CONTROLLED_SYNTHETIC
H0000280,SME000886,WORKING_CAPITAL_LOAN,2024-09-24,737429.760000,34297.590000,True,CONTROLLED_SYNTHETIC
H0000281,SME000890,WORKING_CAPITAL_LOAN,2021-10-14,362996.150000,5882.610000,True,CONTROLLED_SYNTHETIC
H0000282,SME000891,WORKING_CAPITAL_LOAN,2021-03-30,46438341.620000,919344.100000,True,CONTROLLED_SYNTHETIC
H0000283,SME000894,WORKING_CAPITAL_LOAN,2023-01-04,403264.730000,8043.870000,True,CONTROLLED_SYNTHETIC
H0000284,SME000897,WORKING_CAPITAL_LOAN,2025-07-10,1449051.370000,73707.200000,True,CONTROLLED_SYNTHETIC
H0000285,SME000902,WORKING_CAPITAL_LOAN,2026-01-24,1087508.280000,19572.850000,True,CONTROLLED_SYNTHETIC
H0000286,SME000904,WORKING_CAPITAL_LOAN,2023-07-09,22605389.390000,1061622.930000,True,CONTROLLED_SYNTHETIC
H0000287,SME000908,WORKING_CAPITAL_LOAN,2023-03-15,1321536.680000,43870.120000,True,CONTROLLED_SYNTHETIC
H0000288,SME000909,WORKING_CAPITAL_LOAN,2026-01-15,8823714.090000,413124.410000,True,CONTROLLED_SYNTHETIC
H0000289,SME000910,WORKING_CAPITAL_LOAN,2021-08-12,5082011.850000,197742.820000,True,CONTROLLED_SYNTHETIC
H0000290,SME000912,WORKING_CAPITAL_LOAN,2023-11-19,2578243.290000,91716.500000,True,CONTROLLED_SYNTHETIC
H0000291,SME000916,WORKING_CAPITAL_LOAN,2021-04-25,696933.620000,19415.500000,True,CONTROLLED_SYNTHETIC
H0000292,SME000917,WORKING_CAPITAL_LOAN,2022-03-12,2664332.040000,107259.530000,True,CONTROLLED_SYNTHETIC
H0000293,SME000918,WORKING_CAPITAL_LOAN,2021-03-12,6457082.700000,232204.690000,True,CONTROLLED_SYNTHETIC
H0000294,SME000921,WORKING_CAPITAL_LOAN,2022-03-02,837175.430000,3614.170000,True,CONTROLLED_SYNTHETIC
H0000295,SME000922,WORKING_CAPITAL_LOAN,2024-04-07,2278490.880000,65250.190000,True,CONTROLLED_SYNTHETIC
H0000296,SME000923,WORKING_CAPITAL_LOAN,2021-09-14,2905276.440000,13976.710000,True,CONTROLLED_SYNTHETIC
H0000297,SME000924,WORKING_CAPITAL_LOAN,2024-05-08,16615560.120000,367425.500000,True,CONTROLLED_SYNTHETIC
H0000298,SME000925,WORKING_CAPITAL_LOAN,2020-03-27,22840167.360000,756413.720000,True,CONTROLLED_SYNTHETIC
H0000299,SME000928,WORKING_CAPITAL_LOAN,2024-01-02,1300170.090000,10860.840000,True,CONTROLLED_SYNTHETIC
H0000300,SME000930,WORKING_CAPITAL_LOAN,2025-02-26,29063905.320000,990876.330000,True,CONTROLLED_SYNTHETIC
H0000301,SME000931,WORKING_CAPITAL_LOAN,2022-02-24,21052792.010000,402617.890000,True,CONTROLLED_SYNTHETIC
H0000302,SME000933,WORKING_CAPITAL_LOAN,2020-12-02,6137116.500000,323027.410000,True,CONTROLLED_SYNTHETIC
H0000303,SME000936,WORKING_CAPITAL_LOAN,2023-11-24,3791676.980000,186886.750000,True,CONTROLLED_SYNTHETIC
H0000304,SME000941,WORKING_CAPITAL_LOAN,2021-01-04,4756034.090000,121327.590000,True,CONTROLLED_SYNTHETIC
H0000305,SME000945,WORKING_CAPITAL_LOAN,2024-04-09,1646084.710000,78609.920000,True,CONTROLLED_SYNTHETIC
H0000306,SME000952,WORKING_CAPITAL_LOAN,2024-10-16,1327502.150000,33632.370000,True,CONTROLLED_SYNTHETIC
H0000307,SME000955,WORKING_CAPITAL_LOAN,2022-10-21,6178377.470000,198781.900000,True,CONTROLLED_SYNTHETIC
H0000308,SME000967,WORKING_CAPITAL_LOAN,2021-05-18,677237.200000,32811.370000,True,CONTROLLED_SYNTHETIC
H0000309,SME000977,WORKING_CAPITAL_LOAN,2020-02-14,3313561.940000,56880.730000,True,CONTROLLED_SYNTHETIC
H0000310,SME000978,WORKING_CAPITAL_LOAN,2022-11-09,3524878.970000,191818.370000,True,CONTROLLED_SYNTHETIC
H0000311,SME000979,WORKING_CAPITAL_LOAN,2023-10-10,2848309.520000,23570.150000,True,CONTROLLED_SYNTHETIC
H0000312,SME000983,WORKING_CAPITAL_LOAN,2022-07-23,30062004.670000,1278255.410000,True,CONTROLLED_SYNTHETIC
H0000313,SME000984,WORKING_CAPITAL_LOAN,2024-03-17,809446.640000,27207.340000,True,CONTROLLED_SYNTHETIC
H0000314,SME000988,WORKING_CAPITAL_LOAN,2022-09-16,3864060.430000,96341.350000,True,CONTROLLED_SYNTHETIC
H0000315,SME000989,WORKING_CAPITAL_LOAN,2022-11-20,1064902.320000,37985.470000,True,CONTROLLED_SYNTHETIC
H0000316,SME000996,WORKING_CAPITAL_LOAN,2023-09-14,9481733.180000,392313.210000,True,CONTROLLED_SYNTHETIC
H0000317,SME000998,WORKING_CAPITAL_LOAN,2022-02-19,2398506.170000,112837.100000,True,CONTROLLED_SYNTHETIC
H0000318,SME000999,WORKING_CAPITAL_LOAN,2025-10-03,1218179.830000,58436.120000,True,CONTROLLED_SYNTHETIC
H0000319,SME001007,WORKING_CAPITAL_LOAN,2021-05-19,813695.510000,7549.020000,True,CONTROLLED_SYNTHETIC
H0000320,SME001009,WORKING_CAPITAL_LOAN,2021-05-03,6272705.410000,237826.050000,True,CONTROLLED_SYNTHETIC
H0000321,SME001012,WORKING_CAPITAL_LOAN,2020-07-22,6882908.770000,377083.960000,True,CONTROLLED_SYNTHETIC
H0000322,SME001014,WORKING_CAPITAL_LOAN,2023-08-24,6060292.660000,301649.250000,True,CONTROLLED_SYNTHETIC
H0000323,SME001016,WORKING_CAPITAL_LOAN,2022-11-17,1600844.300000,54692.680000,True,CONTROLLED_SYNTHETIC
H0000324,SME001017,WORKING_CAPITAL_LOAN,2020-08-26,19551640.780000,629021.080000,True,CONTROLLED_SYNTHETIC
H0000325,SME001025,WORKING_CAPITAL_LOAN,2023-09-26,3358506.000000,28007.370000,True,CONTROLLED_SYNTHETIC
H0000326,SME001033,WORKING_CAPITAL_LOAN,2022-11-17,2817541.640000,132353.270000,True,CONTROLLED_SYNTHETIC
H0000327,SME001034,WORKING_CAPITAL_LOAN,2020-08-12,9243131.180000,257184.260000,True,CONTROLLED_SYNTHETIC
H0000328,SME001036,WORKING_CAPITAL_LOAN,2025-04-24,1720372.110000,62339.670000,True,CONTROLLED_SYNTHETIC
H0000329,SME001038,WORKING_CAPITAL_LOAN,2022-11-12,4586529.570000,101239.040000,True,CONTROLLED_SYNTHETIC
H0000330,SME001041,WORKING_CAPITAL_LOAN,2024-10-14,941763.780000,6823.040000,True,CONTROLLED_SYNTHETIC
H0000331,SME001051,WORKING_CAPITAL_LOAN,2024-08-22,1874175.620000,53491.470000,True,CONTROLLED_SYNTHETIC
H0000332,SME001057,WORKING_CAPITAL_LOAN,2022-12-04,7236788.230000,103242.500000,True,CONTROLLED_SYNTHETIC
H0000333,SME001060,WORKING_CAPITAL_LOAN,2023-04-18,571051.180000,29755.750000,True,CONTROLLED_SYNTHETIC
H0000334,SME001065,WORKING_CAPITAL_LOAN,2020-01-30,840336.190000,11137.030000,True,CONTROLLED_SYNTHETIC
H0000335,SME001066,WORKING_CAPITAL_LOAN,2023-02-11,4084793.510000,26125.310000,True,CONTROLLED_SYNTHETIC
H0000336,SME001067,WORKING_CAPITAL_LOAN,2020-07-28,387916.870000,7177.340000,True,CONTROLLED_SYNTHETIC
H0000337,SME001068,WORKING_CAPITAL_LOAN,2023-01-01,673807.000000,15785.590000,True,CONTROLLED_SYNTHETIC
H0000338,SME001069,WORKING_CAPITAL_LOAN,2024-05-21,5380375.790000,77275.000000,True,CONTROLLED_SYNTHETIC
H0000339,SME001070,WORKING_CAPITAL_LOAN,2024-09-18,16350951.370000,82119.580000,True,CONTROLLED_SYNTHETIC
H0000340,SME001071,WORKING_CAPITAL_LOAN,2022-06-15,1786000.980000,56497.010000,True,CONTROLLED_SYNTHETIC
H0000341,SME001074,WORKING_CAPITAL_LOAN,2022-11-06,3231583.190000,151522.290000,True,CONTROLLED_SYNTHETIC
H0000342,SME001076,WORKING_CAPITAL_LOAN,2021-03-31,706988.790000,17304.970000,True,CONTROLLED_SYNTHETIC
H0000343,SME001078,WORKING_CAPITAL_LOAN,2025-03-21,21152297.490000,565260.490000,True,CONTROLLED_SYNTHETIC
H0000344,SME001079,WORKING_CAPITAL_LOAN,2020-04-26,4219144.850000,159365.180000,True,CONTROLLED_SYNTHETIC
H0000345,SME001080,WORKING_CAPITAL_LOAN,2021-11-13,3505195.240000,76284.210000,True,CONTROLLED_SYNTHETIC
H0000346,SME001081,WORKING_CAPITAL_LOAN,2021-12-09,5739480.450000,273351.930000,True,CONTROLLED_SYNTHETIC
H0000347,SME001084,WORKING_CAPITAL_LOAN,2021-11-09,1798921.660000,31781.090000,True,CONTROLLED_SYNTHETIC
H0000348,SME001088,WORKING_CAPITAL_LOAN,2020-03-31,2956091.630000,130521.410000,True,CONTROLLED_SYNTHETIC
H0000349,SME001093,WORKING_CAPITAL_LOAN,2023-03-07,1321415.450000,43170.750000,True,CONTROLLED_SYNTHETIC
H0000350,SME001094,WORKING_CAPITAL_LOAN,2024-10-28,1124461.910000,33997.660000,True,CONTROLLED_SYNTHETIC
H0000351,SME001095,WORKING_CAPITAL_LOAN,2023-11-06,30128681.790000,940326.740000,True,CONTROLLED_SYNTHETIC
H0000352,SME001100,WORKING_CAPITAL_LOAN,2022-02-19,1442563.750000,7455.980000,True,CONTROLLED_SYNTHETIC
H0000353,SME001108,WORKING_CAPITAL_LOAN,2020-06-03,5921481.550000,186279.620000,True,CONTROLLED_SYNTHETIC
H0000354,SME001113,WORKING_CAPITAL_LOAN,2024-01-13,585406.450000,21073.730000,True,CONTROLLED_SYNTHETIC
H0000355,SME001114,WORKING_CAPITAL_LOAN,2024-08-01,526605.040000,28044.440000,True,CONTROLLED_SYNTHETIC
H0000356,SME001117,WORKING_CAPITAL_LOAN,2025-12-18,1793997.890000,12867.220000,True,CONTROLLED_SYNTHETIC
H0000357,SME001119,WORKING_CAPITAL_LOAN,2025-04-16,1523146.540000,50549.110000,True,CONTROLLED_SYNTHETIC
H0000358,SME001120,WORKING_CAPITAL_LOAN,2021-04-04,1535751.000000,58367.240000,True,CONTROLLED_SYNTHETIC
H0000359,SME001121,WORKING_CAPITAL_LOAN,2025-01-13,3257207.930000,26243.360000,True,CONTROLLED_SYNTHETIC
H0000360,SME001124,WORKING_CAPITAL_LOAN,2022-02-15,5197051.800000,207372.620000,True,CONTROLLED_SYNTHETIC
H0000361,SME001126,WORKING_CAPITAL_LOAN,2023-11-24,9237059.560000,263133.250000,True,CONTROLLED_SYNTHETIC
H0000362,SME001129,WORKING_CAPITAL_LOAN,2022-11-16,3047751.080000,100370.760000,True,CONTROLLED_SYNTHETIC
H0000363,SME001136,WORKING_CAPITAL_LOAN,2023-07-06,8561587.950000,179438.050000,True,CONTROLLED_SYNTHETIC
H0000364,SME001138,WORKING_CAPITAL_LOAN,2024-01-31,1610701.330000,20925.840000,True,CONTROLLED_SYNTHETIC
H0000365,SME001139,WORKING_CAPITAL_LOAN,2025-04-30,4323849.680000,124732.410000,True,CONTROLLED_SYNTHETIC
H0000366,SME001144,WORKING_CAPITAL_LOAN,2020-05-31,225261.860000,5735.670000,True,CONTROLLED_SYNTHETIC
H0000367,SME001146,WORKING_CAPITAL_LOAN,2020-02-16,1202035.180000,48614.140000,True,CONTROLLED_SYNTHETIC
H0000368,SME001148,WORKING_CAPITAL_LOAN,2024-01-06,6408645.350000,232789.580000,True,CONTROLLED_SYNTHETIC
H0000369,SME001149,WORKING_CAPITAL_LOAN,2025-09-08,4134131.620000,21786.860000,True,CONTROLLED_SYNTHETIC
H0000370,SME001152,WORKING_CAPITAL_LOAN,2021-07-23,4236927.580000,146419.320000,True,CONTROLLED_SYNTHETIC
H0000371,SME001153,WORKING_CAPITAL_LOAN,2020-04-01,3676632.980000,182172.650000,True,CONTROLLED_SYNTHETIC
H0000372,SME001157,WORKING_CAPITAL_LOAN,2022-05-17,3239724.930000,125204.670000,True,CONTROLLED_SYNTHETIC
H0000373,SME001159,WORKING_CAPITAL_LOAN,2025-10-19,13166253.480000,341621.100000,True,CONTROLLED_SYNTHETIC
H0000374,SME001164,WORKING_CAPITAL_LOAN,2022-10-30,7940324.850000,124011.340000,True,CONTROLLED_SYNTHETIC
H0000375,SME001170,WORKING_CAPITAL_LOAN,2022-12-09,13418666.350000,465194.240000,True,CONTROLLED_SYNTHETIC
H0000376,SME001171,WORKING_CAPITAL_LOAN,2025-04-06,2107310.850000,99744.240000,True,CONTROLLED_SYNTHETIC
H0000377,SME001173,WORKING_CAPITAL_LOAN,2020-09-10,7496929.730000,94148.920000,True,CONTROLLED_SYNTHETIC
H0000378,SME001174,WORKING_CAPITAL_LOAN,2022-12-15,340245.150000,5173.200000,True,CONTROLLED_SYNTHETIC
H0000379,SME001178,WORKING_CAPITAL_LOAN,2023-08-08,1742529.220000,87733.030000,True,CONTROLLED_SYNTHETIC
H0000380,SME001185,WORKING_CAPITAL_LOAN,2023-06-12,23071226.690000,1027908.730000,True,CONTROLLED_SYNTHETIC
H0000381,SME001187,WORKING_CAPITAL_LOAN,2026-03-27,8669033.510000,336047.520000,True,CONTROLLED_SYNTHETIC
H0000382,SME001188,WORKING_CAPITAL_LOAN,2025-10-26,33990822.260000,1508247.340000,True,CONTROLLED_SYNTHETIC
H0000383,SME001190,WORKING_CAPITAL_LOAN,2023-11-17,1402238.120000,56441.290000,True,CONTROLLED_SYNTHETIC
H0000384,SME001191,WORKING_CAPITAL_LOAN,2023-11-21,2068558.540000,31432.760000,True,CONTROLLED_SYNTHETIC
H0000385,SME001192,WORKING_CAPITAL_LOAN,2026-04-17,483463.890000,24133.150000,True,CONTROLLED_SYNTHETIC
H0000386,SME001195,WORKING_CAPITAL_LOAN,2024-07-25,8802920.730000,478497.540000,True,CONTROLLED_SYNTHETIC
H0000387,SME001201,WORKING_CAPITAL_LOAN,2025-12-01,1581804.500000,12429.030000,True,CONTROLLED_SYNTHETIC
H0000388,SME001202,WORKING_CAPITAL_LOAN,2024-04-13,3120970.760000,81925.290000,True,CONTROLLED_SYNTHETIC
H0000389,SME001206,WORKING_CAPITAL_LOAN,2022-08-01,8656371.660000,273134.690000,True,CONTROLLED_SYNTHETIC
H0000390,SME001211,WORKING_CAPITAL_LOAN,2025-07-14,3723112.800000,172895.800000,True,CONTROLLED_SYNTHETIC
H0000391,SME001213,WORKING_CAPITAL_LOAN,2023-06-15,17265823.790000,884691.400000,True,CONTROLLED_SYNTHETIC
H0000392,SME001214,WORKING_CAPITAL_LOAN,2023-06-09,30514886.400000,924381.210000,True,CONTROLLED_SYNTHETIC
H0000393,SME001220,WORKING_CAPITAL_LOAN,2020-03-05,868078.860000,11084.800000,True,CONTROLLED_SYNTHETIC
H0000394,SME001229,WORKING_CAPITAL_LOAN,2023-04-24,2368656.890000,54528.850000,True,CONTROLLED_SYNTHETIC
H0000395,SME001230,WORKING_CAPITAL_LOAN,2022-08-06,1195994.000000,32015.920000,True,CONTROLLED_SYNTHETIC
H0000396,SME001233,WORKING_CAPITAL_LOAN,2023-07-10,658653.950000,22567.590000,True,CONTROLLED_SYNTHETIC
H0000397,SME001238,WORKING_CAPITAL_LOAN,2025-07-10,1184648.700000,52686.320000,True,CONTROLLED_SYNTHETIC
H0000398,SME001239,WORKING_CAPITAL_LOAN,2022-11-27,5866094.370000,76746.440000,True,CONTROLLED_SYNTHETIC
H0000399,SME001244,WORKING_CAPITAL_LOAN,2024-08-31,24958785.120000,195290.800000,True,CONTROLLED_SYNTHETIC
H0000400,SME001247,WORKING_CAPITAL_LOAN,2020-07-08,973887.400000,22303.080000,True,CONTROLLED_SYNTHETIC
H0000401,SME001250,WORKING_CAPITAL_LOAN,2022-01-22,1643625.050000,9209.640000,True,CONTROLLED_SYNTHETIC
H0000402,SME001253,WORKING_CAPITAL_LOAN,2025-09-11,2325504.690000,22289.670000,True,CONTROLLED_SYNTHETIC
H0000403,SME001260,WORKING_CAPITAL_LOAN,2026-02-18,1814047.050000,48518.150000,True,CONTROLLED_SYNTHETIC
H0000404,SME001267,WORKING_CAPITAL_LOAN,2021-03-30,1807590.790000,98281.700000,True,CONTROLLED_SYNTHETIC
H0000405,SME001272,WORKING_CAPITAL_LOAN,2023-06-30,11024349.840000,463551.070000,True,CONTROLLED_SYNTHETIC
H0000406,SME001273,WORKING_CAPITAL_LOAN,2020-04-27,6105183.990000,269116.260000,True,CONTROLLED_SYNTHETIC
H0000407,SME001276,WORKING_CAPITAL_LOAN,2022-01-18,1552155.150000,74334.390000,True,CONTROLLED_SYNTHETIC
H0000408,SME001283,WORKING_CAPITAL_LOAN,2024-05-10,311129.010000,5779.680000,True,CONTROLLED_SYNTHETIC
H0000409,SME001289,WORKING_CAPITAL_LOAN,2026-05-17,4009788.550000,66012.530000,True,CONTROLLED_SYNTHETIC
H0000410,SME001290,WORKING_CAPITAL_LOAN,2025-11-23,3687113.510000,126547.970000,True,CONTROLLED_SYNTHETIC
H0000411,SME001293,WORKING_CAPITAL_LOAN,2022-12-09,992302.980000,5107.590000,True,CONTROLLED_SYNTHETIC
H0000412,SME001295,WORKING_CAPITAL_LOAN,2025-07-17,15047407.380000,543327.920000,True,CONTROLLED_SYNTHETIC
H0000413,SME001298,WORKING_CAPITAL_LOAN,2026-01-13,1247856.660000,60329.340000,True,CONTROLLED_SYNTHETIC
H0000414,SME001300,WORKING_CAPITAL_LOAN,2024-05-20,1446939.840000,54949.620000,True,CONTROLLED_SYNTHETIC
H0000415,SME001302,WORKING_CAPITAL_LOAN,2021-05-18,7770207.980000,311897.550000,True,CONTROLLED_SYNTHETIC
H0000416,SME001303,WORKING_CAPITAL_LOAN,2021-07-21,16198491.620000,516146.080000,True,CONTROLLED_SYNTHETIC
H0000417,SME001307,WORKING_CAPITAL_LOAN,2022-02-08,3276018.460000,123620.140000,True,CONTROLLED_SYNTHETIC
H0000418,SME001308,WORKING_CAPITAL_LOAN,2021-11-16,1657107.920000,80590.230000,True,CONTROLLED_SYNTHETIC
H0000419,SME001314,WORKING_CAPITAL_LOAN,2026-04-19,5024639.100000,237423.970000,True,CONTROLLED_SYNTHETIC
H0000420,SME001318,WORKING_CAPITAL_LOAN,2025-12-05,5900690.840000,294295.150000,True,CONTROLLED_SYNTHETIC
H0000421,SME001324,WORKING_CAPITAL_LOAN,2022-07-03,1046122.820000,41977.190000,True,CONTROLLED_SYNTHETIC
H0000422,SME001331,WORKING_CAPITAL_LOAN,2023-06-23,4496207.040000,56351.560000,True,CONTROLLED_SYNTHETIC
H0000423,SME001332,WORKING_CAPITAL_LOAN,2021-09-17,1615260.610000,73260.550000,True,CONTROLLED_SYNTHETIC
H0000424,SME001334,WORKING_CAPITAL_LOAN,2024-03-20,19220012.440000,918830.300000,True,CONTROLLED_SYNTHETIC
H0000425,SME001338,WORKING_CAPITAL_LOAN,2022-10-30,9157238.560000,47061.280000,True,CONTROLLED_SYNTHETIC
H0000426,SME001343,WORKING_CAPITAL_LOAN,2025-04-10,2463683.350000,40262.360000,True,CONTROLLED_SYNTHETIC
H0000427,SME001346,WORKING_CAPITAL_LOAN,2025-01-04,908596.870000,12845.310000,True,CONTROLLED_SYNTHETIC
H0000428,SME001347,WORKING_CAPITAL_LOAN,2020-06-17,4184033.230000,206805.030000,True,CONTROLLED_SYNTHETIC
H0000429,SME001350,WORKING_CAPITAL_LOAN,2024-05-11,9028473.750000,395370.450000,True,CONTROLLED_SYNTHETIC
H0000430,SME001354,WORKING_CAPITAL_LOAN,2020-05-25,6973481.400000,72166.780000,True,CONTROLLED_SYNTHETIC
H0000431,SME001360,WORKING_CAPITAL_LOAN,2023-04-01,67577122.090000,2338343.130000,True,CONTROLLED_SYNTHETIC
H0000432,SME001365,WORKING_CAPITAL_LOAN,2026-04-16,1466715.590000,26716.540000,True,CONTROLLED_SYNTHETIC
H0000433,SME001366,WORKING_CAPITAL_LOAN,2024-04-11,2899072.970000,144572.550000,True,CONTROLLED_SYNTHETIC
H0000434,SME001368,WORKING_CAPITAL_LOAN,2024-04-25,2997473.910000,134584.980000,True,CONTROLLED_SYNTHETIC
H0000435,SME001371,WORKING_CAPITAL_LOAN,2023-05-14,1251211.980000,27033.680000,True,CONTROLLED_SYNTHETIC
H0000436,SME001375,WORKING_CAPITAL_LOAN,2024-12-25,3829515.100000,202824.480000,True,CONTROLLED_SYNTHETIC
H0000437,SME001376,WORKING_CAPITAL_LOAN,2023-04-20,6852875.100000,139019.260000,True,CONTROLLED_SYNTHETIC
H0000438,SME001382,WORKING_CAPITAL_LOAN,2023-10-09,2824285.670000,113995.820000,True,CONTROLLED_SYNTHETIC
H0000439,SME001384,WORKING_CAPITAL_LOAN,2025-07-16,16400949.290000,377038.220000,True,CONTROLLED_SYNTHETIC
H0000440,SME001387,WORKING_CAPITAL_LOAN,2023-08-18,2231273.560000,101677.920000,True,CONTROLLED_SYNTHETIC
H0000441,SME001388,WORKING_CAPITAL_LOAN,2023-09-21,7996728.520000,236532.480000,True,CONTROLLED_SYNTHETIC
H0000442,SME001390,WORKING_CAPITAL_LOAN,2023-03-04,350337.300000,8161.150000,True,CONTROLLED_SYNTHETIC
H0000443,SME001402,WORKING_CAPITAL_LOAN,2024-02-27,3668502.330000,193979.270000,True,CONTROLLED_SYNTHETIC
H0000444,SME001410,WORKING_CAPITAL_LOAN,2025-06-06,4955254.400000,200579.290000,True,CONTROLLED_SYNTHETIC
H0000445,SME001412,WORKING_CAPITAL_LOAN,2023-08-16,2702551.580000,134245.700000,True,CONTROLLED_SYNTHETIC
H0000446,SME001414,WORKING_CAPITAL_LOAN,2024-02-13,2709585.990000,87964.180000,True,CONTROLLED_SYNTHETIC
H0000447,SME001421,WORKING_CAPITAL_LOAN,2020-06-22,322874.630000,16312.540000,True,CONTROLLED_SYNTHETIC
H0000448,SME001429,WORKING_CAPITAL_LOAN,2022-02-01,2943138.560000,127624.570000,True,CONTROLLED_SYNTHETIC
H0000449,SME001432,WORKING_CAPITAL_LOAN,2026-01-13,1337350.500000,13160.990000,True,CONTROLLED_SYNTHETIC
H0000450,SME001434,WORKING_CAPITAL_LOAN,2026-01-23,21754859.360000,123101.250000,True,CONTROLLED_SYNTHETIC
H0000451,SME001438,WORKING_CAPITAL_LOAN,2021-09-08,11537911.440000,344919.520000,True,CONTROLLED_SYNTHETIC
H0000452,SME001439,WORKING_CAPITAL_LOAN,2025-07-30,13134073.590000,71036.160000,True,CONTROLLED_SYNTHETIC
H0000453,SME001443,WORKING_CAPITAL_LOAN,2023-12-04,860567.520000,34026.370000,True,CONTROLLED_SYNTHETIC
H0000454,SME001447,WORKING_CAPITAL_LOAN,2025-06-26,1233685.480000,28732.860000,True,CONTROLLED_SYNTHETIC
H0000455,SME001456,WORKING_CAPITAL_LOAN,2021-02-19,1314547.060000,70584.040000,True,CONTROLLED_SYNTHETIC
H0000456,SME001462,WORKING_CAPITAL_LOAN,2022-03-12,5312756.990000,78124.450000,True,CONTROLLED_SYNTHETIC
H0000457,SME001465,WORKING_CAPITAL_LOAN,2021-02-03,1361915.170000,14522.660000,True,CONTROLLED_SYNTHETIC
H0000458,SME001467,WORKING_CAPITAL_LOAN,2024-12-17,2232647.170000,103478.230000,True,CONTROLLED_SYNTHETIC
H0000459,SME001469,WORKING_CAPITAL_LOAN,2022-08-10,5057999.610000,172773.120000,True,CONTROLLED_SYNTHETIC
H0000460,SME001470,WORKING_CAPITAL_LOAN,2024-10-21,1114056.350000,55673.200000,True,CONTROLLED_SYNTHETIC
H0000461,SME001471,WORKING_CAPITAL_LOAN,2022-03-13,4100658.190000,31186.740000,True,CONTROLLED_SYNTHETIC
H0000462,SME001478,WORKING_CAPITAL_LOAN,2023-04-07,2886339.620000,86487.440000,True,CONTROLLED_SYNTHETIC
H0000463,SME001479,WORKING_CAPITAL_LOAN,2020-05-05,3450009.460000,115673.870000,True,CONTROLLED_SYNTHETIC
H0000464,SME001481,WORKING_CAPITAL_LOAN,2021-09-09,6159192.740000,33613.070000,True,CONTROLLED_SYNTHETIC
H0000465,SME001484,WORKING_CAPITAL_LOAN,2020-08-14,1093789.950000,14101.760000,True,CONTROLLED_SYNTHETIC
H0000466,SME001488,WORKING_CAPITAL_LOAN,2022-05-31,1749615.340000,79236.980000,True,CONTROLLED_SYNTHETIC
H0000467,SME001490,WORKING_CAPITAL_LOAN,2024-03-23,852600.350000,43781.280000,True,CONTROLLED_SYNTHETIC
H0000468,SME001496,WORKING_CAPITAL_LOAN,2022-06-04,4482518.380000,79627.810000,True,CONTROLLED_SYNTHETIC
H0000469,SME001506,WORKING_CAPITAL_LOAN,2024-12-30,2350509.750000,30558.530000,True,CONTROLLED_SYNTHETIC
H0000470,SME001508,WORKING_CAPITAL_LOAN,2020-03-30,4497147.870000,155173.920000,True,CONTROLLED_SYNTHETIC
H0000471,SME001509,WORKING_CAPITAL_LOAN,2021-07-21,1601434.630000,71102.830000,True,CONTROLLED_SYNTHETIC
H0000472,SME001517,WORKING_CAPITAL_LOAN,2022-09-03,1099107.580000,9291.550000,True,CONTROLLED_SYNTHETIC
H0000473,SME001525,WORKING_CAPITAL_LOAN,2025-12-05,1643789.530000,31252.530000,True,CONTROLLED_SYNTHETIC
H0000474,SME001531,WORKING_CAPITAL_LOAN,2020-09-24,1392587.500000,58467.980000,True,CONTROLLED_SYNTHETIC
H0000475,SME001532,WORKING_CAPITAL_LOAN,2021-01-09,4014068.510000,189057.780000,True,CONTROLLED_SYNTHETIC
H0000476,SME001533,WORKING_CAPITAL_LOAN,2024-11-14,2782330.330000,55465.330000,True,CONTROLLED_SYNTHETIC
H0000477,SME001534,WORKING_CAPITAL_LOAN,2023-08-10,3680649.820000,111245.910000,True,CONTROLLED_SYNTHETIC
H0000478,SME001537,WORKING_CAPITAL_LOAN,2021-12-08,3345985.210000,87374.380000,True,CONTROLLED_SYNTHETIC
H0000479,SME001539,WORKING_CAPITAL_LOAN,2023-12-15,10257036.570000,53706.310000,True,CONTROLLED_SYNTHETIC
H0000480,SME001540,WORKING_CAPITAL_LOAN,2024-10-27,651524.920000,20563.630000,True,CONTROLLED_SYNTHETIC
H0000481,SME001544,WORKING_CAPITAL_LOAN,2022-11-14,7189320.850000,373809.060000,True,CONTROLLED_SYNTHETIC
H0000482,SME001545,WORKING_CAPITAL_LOAN,2023-01-19,235147.390000,2213.370000,True,CONTROLLED_SYNTHETIC
H0000483,SME001546,WORKING_CAPITAL_LOAN,2023-12-10,1462760.600000,50026.550000,True,CONTROLLED_SYNTHETIC
H0000484,SME001547,WORKING_CAPITAL_LOAN,2021-06-01,1166835.510000,7489.510000,True,CONTROLLED_SYNTHETIC
H0000485,SME001549,WORKING_CAPITAL_LOAN,2026-01-15,9396950.500000,412651.660000,True,CONTROLLED_SYNTHETIC
H0000486,SME001551,WORKING_CAPITAL_LOAN,2025-08-23,14510681.590000,604076.670000,True,CONTROLLED_SYNTHETIC
H0000487,SME001552,WORKING_CAPITAL_LOAN,2020-10-20,6451057.520000,335229.170000,True,CONTROLLED_SYNTHETIC
H0000488,SME001555,WORKING_CAPITAL_LOAN,2022-09-15,963049.750000,18572.680000,True,CONTROLLED_SYNTHETIC
H0000489,SME001563,WORKING_CAPITAL_LOAN,2020-09-30,532617.720000,28353.800000,True,CONTROLLED_SYNTHETIC
H0000490,SME001567,WORKING_CAPITAL_LOAN,2023-12-28,4436052.670000,139380.460000,True,CONTROLLED_SYNTHETIC
H0000491,SME001569,WORKING_CAPITAL_LOAN,2025-02-01,6148333.850000,249788.630000,True,CONTROLLED_SYNTHETIC
H0000492,SME001571,WORKING_CAPITAL_LOAN,2021-07-09,379276.520000,15841.170000,True,CONTROLLED_SYNTHETIC
H0000493,SME001572,WORKING_CAPITAL_LOAN,2022-10-07,516720.380000,26747.240000,True,CONTROLLED_SYNTHETIC
H0000494,SME001573,WORKING_CAPITAL_LOAN,2020-08-30,4199173.710000,84546.020000,True,CONTROLLED_SYNTHETIC
H0000495,SME001576,WORKING_CAPITAL_LOAN,2023-11-19,700825.480000,27632.770000,True,CONTROLLED_SYNTHETIC
H0000496,SME001578,WORKING_CAPITAL_LOAN,2022-06-17,1042078.860000,24030.350000,True,CONTROLLED_SYNTHETIC
H0000497,SME001585,WORKING_CAPITAL_LOAN,2022-04-14,957138.130000,50982.170000,True,CONTROLLED_SYNTHETIC
H0000498,SME001589,WORKING_CAPITAL_LOAN,2023-06-20,765386.730000,11909.850000,True,CONTROLLED_SYNTHETIC
H0000499,SME001595,WORKING_CAPITAL_LOAN,2025-01-26,7376472.630000,303807.910000,True,CONTROLLED_SYNTHETIC
H0000500,SME001600,WORKING_CAPITAL_LOAN,2020-10-31,3013821.110000,36889.730000,True,CONTROLLED_SYNTHETIC
H0000501,SME001605,WORKING_CAPITAL_LOAN,2021-01-29,3639543.290000,22516.550000,True,CONTROLLED_SYNTHETIC
H0000502,SME001607,WORKING_CAPITAL_LOAN,2021-08-20,2634618.690000,113919.490000,True,CONTROLLED_SYNTHETIC
H0000503,SME001609,WORKING_CAPITAL_LOAN,2025-09-19,472364.240000,25073.370000,True,CONTROLLED_SYNTHETIC
H0000504,SME001613,WORKING_CAPITAL_LOAN,2024-04-30,4075772.840000,140439.870000,True,CONTROLLED_SYNTHETIC
H0000505,SME001617,WORKING_CAPITAL_LOAN,2023-05-01,1983866.610000,16326.090000,True,CONTROLLED_SYNTHETIC
H0000506,SME001619,WORKING_CAPITAL_LOAN,2021-01-06,3048686.610000,31891.520000,True,CONTROLLED_SYNTHETIC
H0000507,SME001625,WORKING_CAPITAL_LOAN,2022-09-07,1630628.180000,69190.830000,True,CONTROLLED_SYNTHETIC
H0000508,SME001628,WORKING_CAPITAL_LOAN,2024-02-23,3041851.340000,57941.190000,True,CONTROLLED_SYNTHETIC
H0000509,SME001633,WORKING_CAPITAL_LOAN,2020-03-17,1243583.470000,63867.820000,True,CONTROLLED_SYNTHETIC
H0000510,SME001634,WORKING_CAPITAL_LOAN,2025-04-26,6232682.320000,217072.110000,True,CONTROLLED_SYNTHETIC
H0000511,SME001635,WORKING_CAPITAL_LOAN,2026-01-16,1180349.610000,59345.070000,True,CONTROLLED_SYNTHETIC
H0000512,SME001638,WORKING_CAPITAL_LOAN,2020-12-13,1294486.390000,7901.200000,True,CONTROLLED_SYNTHETIC
H0000513,SME001640,WORKING_CAPITAL_LOAN,2024-06-28,2340032.170000,37439.580000,True,CONTROLLED_SYNTHETIC
H0000514,SME001641,WORKING_CAPITAL_LOAN,2020-07-03,4689986.100000,249711.500000,True,CONTROLLED_SYNTHETIC
H0000515,SME001649,WORKING_CAPITAL_LOAN,2023-05-08,3218800.540000,106202.770000,True,CONTROLLED_SYNTHETIC
H0000516,SME001651,WORKING_CAPITAL_LOAN,2025-10-12,9913974.050000,124585.780000,True,CONTROLLED_SYNTHETIC
H0000517,SME001654,WORKING_CAPITAL_LOAN,2026-02-05,4719969.120000,145985.440000,True,CONTROLLED_SYNTHETIC
H0000518,SME001656,WORKING_CAPITAL_LOAN,2023-06-24,2383690.660000,40679.200000,True,CONTROLLED_SYNTHETIC
H0000519,SME001663,WORKING_CAPITAL_LOAN,2021-07-01,625726.570000,12556.650000,True,CONTROLLED_SYNTHETIC
H0000520,SME001666,WORKING_CAPITAL_LOAN,2020-03-18,5397491.350000,219990.430000,True,CONTROLLED_SYNTHETIC
H0000521,SME001678,WORKING_CAPITAL_LOAN,2022-11-06,14642017.700000,479496.690000,True,CONTROLLED_SYNTHETIC
H0000522,SME001679,WORKING_CAPITAL_LOAN,2023-03-17,2367602.180000,37619.680000,True,CONTROLLED_SYNTHETIC
H0000523,SME001680,WORKING_CAPITAL_LOAN,2023-09-17,1544622.600000,51079.290000,True,CONTROLLED_SYNTHETIC
H0000524,SME001682,WORKING_CAPITAL_LOAN,2025-02-18,749756.310000,3463.980000,True,CONTROLLED_SYNTHETIC
H0000525,SME001685,WORKING_CAPITAL_LOAN,2020-05-04,486010.890000,22399.160000,True,CONTROLLED_SYNTHETIC
H0000526,SME001687,WORKING_CAPITAL_LOAN,2025-10-04,5848330.290000,103839.220000,True,CONTROLLED_SYNTHETIC
H0000527,SME001688,WORKING_CAPITAL_LOAN,2023-04-22,3504346.920000,90085.960000,True,CONTROLLED_SYNTHETIC
H0000528,SME001689,WORKING_CAPITAL_LOAN,2024-08-26,2142717.940000,79602.850000,True,CONTROLLED_SYNTHETIC
H0000529,SME001690,WORKING_CAPITAL_LOAN,2021-02-24,40851778.380000,483112.790000,True,CONTROLLED_SYNTHETIC
H0000530,SME001692,WORKING_CAPITAL_LOAN,2021-07-05,3351389.470000,164414.860000,True,CONTROLLED_SYNTHETIC
H0000531,SME001694,WORKING_CAPITAL_LOAN,2020-04-20,5636092.510000,60036.280000,True,CONTROLLED_SYNTHETIC
H0000532,SME001700,WORKING_CAPITAL_LOAN,2022-11-17,1477368.760000,46723.260000,True,CONTROLLED_SYNTHETIC
H0000533,SME001704,WORKING_CAPITAL_LOAN,2021-03-28,6487846.880000,136959.620000,True,CONTROLLED_SYNTHETIC
H0000534,SME001705,WORKING_CAPITAL_LOAN,2021-08-29,2025396.780000,101520.060000,True,CONTROLLED_SYNTHETIC
H0000535,SME001708,WORKING_CAPITAL_LOAN,2021-06-09,3237706.300000,97131.990000,True,CONTROLLED_SYNTHETIC
H0000536,SME001709,WORKING_CAPITAL_LOAN,2020-02-03,6026552.270000,74648.500000,True,CONTROLLED_SYNTHETIC
H0000537,SME001711,WORKING_CAPITAL_LOAN,2026-01-21,1543608.460000,57719.220000,True,CONTROLLED_SYNTHETIC
H0000538,SME001716,WORKING_CAPITAL_LOAN,2021-03-09,2418163.900000,64340.040000,True,CONTROLLED_SYNTHETIC
H0000539,SME001724,WORKING_CAPITAL_LOAN,2020-08-13,741229.310000,30073.620000,True,CONTROLLED_SYNTHETIC
H0000540,SME001725,WORKING_CAPITAL_LOAN,2023-01-10,4030853.600000,141684.900000,True,CONTROLLED_SYNTHETIC
H0000541,SME001727,WORKING_CAPITAL_LOAN,2021-06-23,5274579.400000,247039.950000,True,CONTROLLED_SYNTHETIC
H0000542,SME001729,WORKING_CAPITAL_LOAN,2021-09-15,4599596.080000,99380.930000,True,CONTROLLED_SYNTHETIC
H0000543,SME001730,WORKING_CAPITAL_LOAN,2025-10-22,1249734.790000,58196.570000,True,CONTROLLED_SYNTHETIC
H0000544,SME001731,WORKING_CAPITAL_LOAN,2026-04-04,642916.450000,26301.790000,True,CONTROLLED_SYNTHETIC
H0000545,SME001734,WORKING_CAPITAL_LOAN,2021-03-29,1846286.190000,20439.110000,True,CONTROLLED_SYNTHETIC
H0000546,SME001736,WORKING_CAPITAL_LOAN,2021-01-07,464422.420000,16951.160000,True,CONTROLLED_SYNTHETIC
H0000547,SME001743,WORKING_CAPITAL_LOAN,2024-11-06,2425458.690000,60253.230000,True,CONTROLLED_SYNTHETIC
H0000548,SME001744,WORKING_CAPITAL_LOAN,2021-06-13,12972747.050000,77504.210000,True,CONTROLLED_SYNTHETIC
H0000549,SME001748,WORKING_CAPITAL_LOAN,2022-02-27,1422210.260000,50510.770000,True,CONTROLLED_SYNTHETIC
H0000550,SME001750,WORKING_CAPITAL_LOAN,2023-06-23,8113389.630000,119781.160000,True,CONTROLLED_SYNTHETIC
H0000551,SME001752,WORKING_CAPITAL_LOAN,2024-06-13,3077366.800000,149217.540000,True,CONTROLLED_SYNTHETIC
H0000552,SME001753,WORKING_CAPITAL_LOAN,2022-01-04,1046106.200000,47799.450000,True,CONTROLLED_SYNTHETIC
H0000553,SME001755,WORKING_CAPITAL_LOAN,2026-01-26,5953612.360000,127239.190000,True,CONTROLLED_SYNTHETIC
H0000554,SME001764,WORKING_CAPITAL_LOAN,2023-08-25,649315.210000,15856.750000,True,CONTROLLED_SYNTHETIC
H0000555,SME001773,WORKING_CAPITAL_LOAN,2024-05-17,2099292.460000,70766.160000,True,CONTROLLED_SYNTHETIC
H0000556,SME001783,WORKING_CAPITAL_LOAN,2023-05-02,2381984.270000,109520.090000,True,CONTROLLED_SYNTHETIC
H0000557,SME001786,WORKING_CAPITAL_LOAN,2023-08-14,3529340.420000,81717.070000,True,CONTROLLED_SYNTHETIC
H0000558,SME001787,WORKING_CAPITAL_LOAN,2020-02-28,11365322.210000,412909.470000,True,CONTROLLED_SYNTHETIC
H0000559,SME001788,WORKING_CAPITAL_LOAN,2023-09-17,3099469.140000,133515.640000,True,CONTROLLED_SYNTHETIC
H0000560,SME001792,WORKING_CAPITAL_LOAN,2025-07-09,7089881.370000,70588.850000,True,CONTROLLED_SYNTHETIC
H0000561,SME001798,WORKING_CAPITAL_LOAN,2020-02-28,41787168.580000,1125786.360000,True,CONTROLLED_SYNTHETIC
H0000562,SME001800,WORKING_CAPITAL_LOAN,2023-01-23,2582971.840000,32021.890000,True,CONTROLLED_SYNTHETIC
H0000563,SME001804,WORKING_CAPITAL_LOAN,2025-09-01,2325768.920000,59792.890000,True,CONTROLLED_SYNTHETIC
H0000564,SME001809,WORKING_CAPITAL_LOAN,2022-03-27,1028771.040000,9688.020000,True,CONTROLLED_SYNTHETIC
H0000565,SME001811,WORKING_CAPITAL_LOAN,2025-11-14,981613.430000,38330.990000,True,CONTROLLED_SYNTHETIC
H0000566,SME001812,WORKING_CAPITAL_LOAN,2022-07-01,633722.920000,5634.590000,True,CONTROLLED_SYNTHETIC
H0000567,SME001821,WORKING_CAPITAL_LOAN,2020-10-14,1056589.040000,34908.520000,True,CONTROLLED_SYNTHETIC
H0000568,SME001822,WORKING_CAPITAL_LOAN,2024-12-20,1139494.450000,30622.970000,True,CONTROLLED_SYNTHETIC
H0000569,SME001823,WORKING_CAPITAL_LOAN,2023-01-15,7399113.620000,195698.330000,True,CONTROLLED_SYNTHETIC
H0000570,SME001825,WORKING_CAPITAL_LOAN,2024-02-04,1790196.750000,25823.510000,True,CONTROLLED_SYNTHETIC
H0000571,SME001830,WORKING_CAPITAL_LOAN,2020-11-29,1668424.860000,16029.310000,True,CONTROLLED_SYNTHETIC
H0000572,SME001831,WORKING_CAPITAL_LOAN,2023-03-14,4255925.110000,156008.270000,True,CONTROLLED_SYNTHETIC
H0000573,SME001834,WORKING_CAPITAL_LOAN,2024-03-09,772579.740000,34861.320000,True,CONTROLLED_SYNTHETIC
H0000574,SME001837,WORKING_CAPITAL_LOAN,2022-05-10,14974411.670000,383856.090000,True,CONTROLLED_SYNTHETIC
H0000575,SME001838,WORKING_CAPITAL_LOAN,2022-06-19,446476.840000,8637.290000,True,CONTROLLED_SYNTHETIC
H0000576,SME001839,WORKING_CAPITAL_LOAN,2021-05-23,835899.840000,20879.730000,True,CONTROLLED_SYNTHETIC
H0000577,SME001842,WORKING_CAPITAL_LOAN,2026-02-19,8674081.480000,308325.420000,True,CONTROLLED_SYNTHETIC
H0000578,SME001844,WORKING_CAPITAL_LOAN,2025-03-17,474645.310000,23587.090000,True,CONTROLLED_SYNTHETIC
H0000579,SME001845,WORKING_CAPITAL_LOAN,2025-07-28,789230.260000,31678.210000,True,CONTROLLED_SYNTHETIC
H0000580,SME001847,WORKING_CAPITAL_LOAN,2026-05-06,1402677.870000,34880.470000,True,CONTROLLED_SYNTHETIC
H0000581,SME001850,WORKING_CAPITAL_LOAN,2020-03-19,4808944.980000,112605.430000,True,CONTROLLED_SYNTHETIC
H0000582,SME001855,WORKING_CAPITAL_LOAN,2020-08-22,570956.100000,15005.700000,True,CONTROLLED_SYNTHETIC
H0000583,SME001857,WORKING_CAPITAL_LOAN,2024-09-05,1694866.460000,44199.460000,True,CONTROLLED_SYNTHETIC
H0000584,SME001858,WORKING_CAPITAL_LOAN,2022-05-29,1648341.420000,52145.120000,True,CONTROLLED_SYNTHETIC
H0000585,SME001865,WORKING_CAPITAL_LOAN,2023-05-27,3213678.430000,114151.350000,True,CONTROLLED_SYNTHETIC
H0000586,SME001872,WORKING_CAPITAL_LOAN,2024-10-25,5926079.140000,213862.270000,True,CONTROLLED_SYNTHETIC
H0000587,SME001874,WORKING_CAPITAL_LOAN,2025-10-27,12532994.820000,84410.050000,True,CONTROLLED_SYNTHETIC
H0000588,SME001876,WORKING_CAPITAL_LOAN,2025-09-09,767272.260000,42016.140000,True,CONTROLLED_SYNTHETIC
H0000589,SME001878,WORKING_CAPITAL_LOAN,2025-06-03,455628.010000,2158.220000,True,CONTROLLED_SYNTHETIC
H0000590,SME001879,WORKING_CAPITAL_LOAN,2020-10-22,32391313.650000,1485941.510000,True,CONTROLLED_SYNTHETIC
H0000591,SME001881,WORKING_CAPITAL_LOAN,2025-01-15,1550564.270000,68525.540000,True,CONTROLLED_SYNTHETIC
H0000592,SME001883,WORKING_CAPITAL_LOAN,2024-09-18,3131022.410000,57864.990000,True,CONTROLLED_SYNTHETIC
H0000593,SME001888,WORKING_CAPITAL_LOAN,2024-06-11,15226659.110000,169057.930000,True,CONTROLLED_SYNTHETIC
H0000594,SME001889,WORKING_CAPITAL_LOAN,2025-03-16,5938116.460000,27318.190000,True,CONTROLLED_SYNTHETIC
H0000595,SME001893,WORKING_CAPITAL_LOAN,2022-06-29,3837373.370000,123780.640000,True,CONTROLLED_SYNTHETIC
H0000596,SME001894,WORKING_CAPITAL_LOAN,2025-07-31,3732026.760000,21978.460000,True,CONTROLLED_SYNTHETIC
H0000597,SME001895,WORKING_CAPITAL_LOAN,2023-09-04,9499810.560000,228885.050000,True,CONTROLLED_SYNTHETIC
H0000598,SME001897,WORKING_CAPITAL_LOAN,2022-05-11,2786424.700000,144872.950000,True,CONTROLLED_SYNTHETIC
H0000599,SME001898,WORKING_CAPITAL_LOAN,2020-12-16,1419463.310000,33631.390000,True,CONTROLLED_SYNTHETIC
H0000600,SME001899,WORKING_CAPITAL_LOAN,2023-06-11,1119020.210000,59094.310000,True,CONTROLLED_SYNTHETIC
H0000601,SME001900,WORKING_CAPITAL_LOAN,2024-10-16,1266622.760000,61741.420000,True,CONTROLLED_SYNTHETIC
H0000602,SME001909,WORKING_CAPITAL_LOAN,2023-12-06,798747.620000,25230.970000,True,CONTROLLED_SYNTHETIC
H0000603,SME001911,WORKING_CAPITAL_LOAN,2025-10-25,4926411.680000,236824.720000,True,CONTROLLED_SYNTHETIC
H0000604,SME001913,WORKING_CAPITAL_LOAN,2020-08-30,7020860.350000,141176.420000,True,CONTROLLED_SYNTHETIC
H0000605,SME001914,WORKING_CAPITAL_LOAN,2026-02-17,10945516.120000,302559.750000,True,CONTROLLED_SYNTHETIC
H0000606,SME001919,WORKING_CAPITAL_LOAN,2023-02-08,5689271.290000,224239.590000,True,CONTROLLED_SYNTHETIC
H0000607,SME001920,WORKING_CAPITAL_LOAN,2025-09-04,5699257.860000,103498.100000,True,CONTROLLED_SYNTHETIC
H0000608,SME001921,WORKING_CAPITAL_LOAN,2022-08-11,7916418.390000,44433.030000,True,CONTROLLED_SYNTHETIC
H0000609,SME001922,WORKING_CAPITAL_LOAN,2022-12-03,781272.420000,27460.230000,True,CONTROLLED_SYNTHETIC
H0000610,SME001926,WORKING_CAPITAL_LOAN,2026-01-12,37313620.700000,543065.160000,True,CONTROLLED_SYNTHETIC
H0000611,SME001928,WORKING_CAPITAL_LOAN,2025-10-07,2790360.540000,76142.710000,True,CONTROLLED_SYNTHETIC
H0000612,SME001932,WORKING_CAPITAL_LOAN,2026-02-16,2944507.790000,133998.520000,True,CONTROLLED_SYNTHETIC
H0000613,SME001934,WORKING_CAPITAL_LOAN,2021-02-09,51079163.680000,2634564.770000,True,CONTROLLED_SYNTHETIC
H0000614,SME001935,WORKING_CAPITAL_LOAN,2020-05-21,7711063.080000,298103.790000,True,CONTROLLED_SYNTHETIC
H0000615,SME001942,WORKING_CAPITAL_LOAN,2022-09-20,2864104.670000,137321.900000,True,CONTROLLED_SYNTHETIC
H0000616,SME001943,WORKING_CAPITAL_LOAN,2026-01-16,4147034.430000,39602.400000,True,CONTROLLED_SYNTHETIC
H0000617,SME001951,WORKING_CAPITAL_LOAN,2024-08-08,487118.470000,10997.190000,True,CONTROLLED_SYNTHETIC
H0000618,SME001958,WORKING_CAPITAL_LOAN,2020-11-11,7601414.740000,104414.550000,True,CONTROLLED_SYNTHETIC
H0000619,SME001960,WORKING_CAPITAL_LOAN,2020-07-09,1723161.020000,9211.070000,True,CONTROLLED_SYNTHETIC
H0000620,SME001963,WORKING_CAPITAL_LOAN,2026-01-24,1078352.310000,36412.460000,True,CONTROLLED_SYNTHETIC
H0000621,SME001964,WORKING_CAPITAL_LOAN,2022-03-05,804494.270000,4937.040000,True,CONTROLLED_SYNTHETIC
H0000622,SME001966,WORKING_CAPITAL_LOAN,2025-09-07,1388358.040000,10467.480000,True,CONTROLLED_SYNTHETIC
H0000623,SME001967,WORKING_CAPITAL_LOAN,2025-08-31,2037241.460000,21238.870000,True,CONTROLLED_SYNTHETIC
H0000624,SME001972,WORKING_CAPITAL_LOAN,2024-06-18,5250304.530000,121395.880000,True,CONTROLLED_SYNTHETIC
H0000625,SME001975,WORKING_CAPITAL_LOAN,2025-12-29,15034933.940000,455666.060000,True,CONTROLLED_SYNTHETIC
H0000626,SME001976,WORKING_CAPITAL_LOAN,2021-02-22,803491.660000,12446.490000,True,CONTROLLED_SYNTHETIC
H0000627,SME001977,WORKING_CAPITAL_LOAN,2025-11-24,879213.710000,24524.760000,True,CONTROLLED_SYNTHETIC
H0000628,SME001978,WORKING_CAPITAL_LOAN,2022-06-13,2331970.970000,76964.160000,True,CONTROLLED_SYNTHETIC
H0000629,SME001979,WORKING_CAPITAL_LOAN,2021-05-22,1586743.100000,23407.820000,True,CONTROLLED_SYNTHETIC
H0000630,SME001981,WORKING_CAPITAL_LOAN,2025-07-24,1027952.780000,34542.840000,True,CONTROLLED_SYNTHETIC
H0000631,SME001982,WORKING_CAPITAL_LOAN,2025-04-12,2958174.930000,80084.530000,True,CONTROLLED_SYNTHETIC
H0000632,SME001985,WORKING_CAPITAL_LOAN,2020-11-06,26541645.260000,788487.900000,True,CONTROLLED_SYNTHETIC
H0000633,SME001987,WORKING_CAPITAL_LOAN,2023-01-23,3677678.520000,34889.130000,True,CONTROLLED_SYNTHETIC
H0000634,SME001989,WORKING_CAPITAL_LOAN,2020-02-21,12840907.000000,63699.080000,True,CONTROLLED_SYNTHETIC
H0000635,SME001991,WORKING_CAPITAL_LOAN,2021-08-25,2082198.790000,59480.600000,True,CONTROLLED_SYNTHETIC
H0000636,SME001992,WORKING_CAPITAL_LOAN,2026-02-23,2388885.400000,64787.500000,True,CONTROLLED_SYNTHETIC
H0000637,SME001995,WORKING_CAPITAL_LOAN,2021-09-10,1389919.500000,52412.260000,True,CONTROLLED_SYNTHETIC
H0000638,SME001997,WORKING_CAPITAL_LOAN,2023-12-18,448168.530000,7179.840000,True,CONTROLLED_SYNTHETIC
H0000639,SME002000,WORKING_CAPITAL_LOAN,2022-02-09,599836.390000,14669.650000,True,CONTROLLED_SYNTHETIC
H0000640,SME002003,WORKING_CAPITAL_LOAN,2022-01-13,4365999.990000,195379.050000,True,CONTROLLED_SYNTHETIC
H0000641,SME002005,WORKING_CAPITAL_LOAN,2024-02-08,2041561.310000,47435.590000,True,CONTROLLED_SYNTHETIC
H0000642,SME002006,WORKING_CAPITAL_LOAN,2021-09-08,3996298.100000,101932.680000,True,CONTROLLED_SYNTHETIC
H0000643,SME002009,WORKING_CAPITAL_LOAN,2026-02-19,1374976.940000,44288.260000,True,CONTROLLED_SYNTHETIC
H0000644,SME002013,WORKING_CAPITAL_LOAN,2025-05-29,4981795.110000,139893.490000,True,CONTROLLED_SYNTHETIC
H0000645,SME002019,WORKING_CAPITAL_LOAN,2022-07-19,2920276.540000,85406.930000,True,CONTROLLED_SYNTHETIC
H0000646,SME002020,WORKING_CAPITAL_LOAN,2021-10-21,10201366.990000,534767.980000,True,CONTROLLED_SYNTHETIC
H0000647,SME002021,WORKING_CAPITAL_LOAN,2020-12-22,1918899.300000,71958.940000,True,CONTROLLED_SYNTHETIC
H0000648,SME002026,WORKING_CAPITAL_LOAN,2020-08-08,62460379.730000,3099921.680000,True,CONTROLLED_SYNTHETIC
H0000649,SME002028,WORKING_CAPITAL_LOAN,2021-11-13,1330071.560000,56884.510000,True,CONTROLLED_SYNTHETIC
H0000650,SME002033,WORKING_CAPITAL_LOAN,2023-05-13,1063934.570000,4524.660000,True,CONTROLLED_SYNTHETIC
H0000651,SME002034,WORKING_CAPITAL_LOAN,2023-02-06,7054446.080000,77024.270000,True,CONTROLLED_SYNTHETIC
H0000652,SME002035,WORKING_CAPITAL_LOAN,2024-10-28,1941646.680000,66199.420000,True,CONTROLLED_SYNTHETIC
H0000653,SME002040,WORKING_CAPITAL_LOAN,2020-05-16,1743818.040000,27752.000000,True,CONTROLLED_SYNTHETIC
H0000654,SME002043,WORKING_CAPITAL_LOAN,2023-04-01,18177481.330000,922987.510000,True,CONTROLLED_SYNTHETIC
H0000655,SME002046,WORKING_CAPITAL_LOAN,2024-10-31,10281469.080000,490619.560000,True,CONTROLLED_SYNTHETIC
H0000656,SME002055,WORKING_CAPITAL_LOAN,2021-02-16,2065602.670000,44141.530000,True,CONTROLLED_SYNTHETIC
H0000657,SME002056,WORKING_CAPITAL_LOAN,2020-12-03,8054548.080000,415748.830000,True,CONTROLLED_SYNTHETIC
H0000658,SME002059,WORKING_CAPITAL_LOAN,2020-10-14,24607811.550000,1288452.910000,True,CONTROLLED_SYNTHETIC
H0000659,SME002060,WORKING_CAPITAL_LOAN,2023-06-08,1677662.230000,33024.560000,True,CONTROLLED_SYNTHETIC
H0000660,SME002062,WORKING_CAPITAL_LOAN,2024-07-24,4476761.370000,148632.450000,True,CONTROLLED_SYNTHETIC
H0000661,SME002064,WORKING_CAPITAL_LOAN,2022-01-09,834277.390000,8903.860000,True,CONTROLLED_SYNTHETIC
H0000662,SME002065,WORKING_CAPITAL_LOAN,2026-05-01,8698312.190000,216657.560000,True,CONTROLLED_SYNTHETIC
H0000663,SME002067,WORKING_CAPITAL_LOAN,2023-06-09,710832.300000,29878.590000,True,CONTROLLED_SYNTHETIC
H0000664,SME002068,WORKING_CAPITAL_LOAN,2023-04-06,3086644.990000,72627.150000,True,CONTROLLED_SYNTHETIC
H0000665,SME002072,WORKING_CAPITAL_LOAN,2021-07-24,18496900.770000,475006.180000,True,CONTROLLED_SYNTHETIC
H0000666,SME002081,WORKING_CAPITAL_LOAN,2023-12-15,4936145.170000,146278.130000,True,CONTROLLED_SYNTHETIC
H0000667,SME002082,WORKING_CAPITAL_LOAN,2024-07-14,301065.680000,10362.140000,True,CONTROLLED_SYNTHETIC
H0000668,SME002084,WORKING_CAPITAL_LOAN,2024-06-28,2270596.060000,56391.770000,True,CONTROLLED_SYNTHETIC
H0000669,SME002086,WORKING_CAPITAL_LOAN,2020-05-06,2199875.410000,22855.900000,True,CONTROLLED_SYNTHETIC
H0000670,SME002089,WORKING_CAPITAL_LOAN,2021-01-08,1348555.500000,27765.180000,True,CONTROLLED_SYNTHETIC
H0000671,SME002091,WORKING_CAPITAL_LOAN,2022-05-08,8837992.090000,126821.690000,True,CONTROLLED_SYNTHETIC
H0000672,SME002092,WORKING_CAPITAL_LOAN,2022-02-04,1309591.400000,31275.760000,True,CONTROLLED_SYNTHETIC
H0000673,SME002095,WORKING_CAPITAL_LOAN,2025-06-05,13077945.630000,453398.480000,True,CONTROLLED_SYNTHETIC
H0000674,SME002097,WORKING_CAPITAL_LOAN,2020-09-10,960217.050000,48942.740000,True,CONTROLLED_SYNTHETIC
H0000675,SME002105,WORKING_CAPITAL_LOAN,2022-12-25,4318599.830000,187187.080000,True,CONTROLLED_SYNTHETIC
H0000676,SME002106,WORKING_CAPITAL_LOAN,2025-02-11,3879850.910000,42103.680000,True,CONTROLLED_SYNTHETIC
H0000677,SME002108,WORKING_CAPITAL_LOAN,2025-03-10,4782037.100000,240082.700000,True,CONTROLLED_SYNTHETIC
H0000678,SME002110,WORKING_CAPITAL_LOAN,2020-04-17,3204818.140000,144226.040000,True,CONTROLLED_SYNTHETIC
H0000679,SME002120,WORKING_CAPITAL_LOAN,2020-11-15,974258.870000,21249.170000,True,CONTROLLED_SYNTHETIC
H0000680,SME002137,WORKING_CAPITAL_LOAN,2025-05-22,3937565.920000,64055.000000,True,CONTROLLED_SYNTHETIC
H0000681,SME002138,WORKING_CAPITAL_LOAN,2022-08-24,804479.050000,43136.720000,True,CONTROLLED_SYNTHETIC
H0000682,SME002142,WORKING_CAPITAL_LOAN,2025-07-23,3775919.660000,176578.130000,True,CONTROLLED_SYNTHETIC
H0000683,SME002144,WORKING_CAPITAL_LOAN,2023-08-20,1154052.280000,49926.020000,True,CONTROLLED_SYNTHETIC
H0000684,SME002145,WORKING_CAPITAL_LOAN,2020-08-14,4032415.530000,78112.730000,True,CONTROLLED_SYNTHETIC
H0000685,SME002147,WORKING_CAPITAL_LOAN,2023-04-22,709889.050000,11026.980000,True,CONTROLLED_SYNTHETIC
H0000686,SME002148,WORKING_CAPITAL_LOAN,2023-10-29,4979872.680000,152098.820000,True,CONTROLLED_SYNTHETIC
H0000687,SME002149,WORKING_CAPITAL_LOAN,2024-05-22,4819655.920000,83661.340000,True,CONTROLLED_SYNTHETIC
H0000688,SME002153,WORKING_CAPITAL_LOAN,2026-03-07,3505271.060000,55113.490000,True,CONTROLLED_SYNTHETIC
H0000689,SME002155,WORKING_CAPITAL_LOAN,2023-06-12,14108238.700000,294696.930000,True,CONTROLLED_SYNTHETIC
H0000690,SME002156,WORKING_CAPITAL_LOAN,2020-12-17,3586373.790000,21420.680000,True,CONTROLLED_SYNTHETIC
H0000691,SME002158,WORKING_CAPITAL_LOAN,2020-05-26,1993952.440000,25980.070000,True,CONTROLLED_SYNTHETIC
H0000692,SME002159,WORKING_CAPITAL_LOAN,2025-01-02,1257189.660000,9901.730000,True,CONTROLLED_SYNTHETIC
H0000693,SME002164,WORKING_CAPITAL_LOAN,2025-11-20,4437348.380000,108445.760000,True,CONTROLLED_SYNTHETIC
H0000694,SME002165,WORKING_CAPITAL_LOAN,2025-07-25,4446627.430000,94998.910000,True,CONTROLLED_SYNTHETIC
H0000695,SME002168,WORKING_CAPITAL_LOAN,2023-11-16,2892953.400000,11821.080000,True,CONTROLLED_SYNTHETIC
H0000696,SME002173,WORKING_CAPITAL_LOAN,2024-01-12,1493188.250000,51492.830000,True,CONTROLLED_SYNTHETIC
H0000697,SME002175,WORKING_CAPITAL_LOAN,2022-04-24,1199682.460000,56267.280000,True,CONTROLLED_SYNTHETIC
H0000698,SME002176,WORKING_CAPITAL_LOAN,2020-11-02,14180902.690000,608249.690000,True,CONTROLLED_SYNTHETIC
H0000699,SME002182,WORKING_CAPITAL_LOAN,2021-11-10,2139918.850000,87616.410000,True,CONTROLLED_SYNTHETIC
H0000700,SME002185,WORKING_CAPITAL_LOAN,2023-07-05,1724192.650000,56051.060000,True,CONTROLLED_SYNTHETIC
H0000701,SME002189,WORKING_CAPITAL_LOAN,2026-02-06,1855219.750000,66612.730000,True,CONTROLLED_SYNTHETIC
H0000702,SME002196,WORKING_CAPITAL_LOAN,2021-10-29,1229055.670000,39406.280000,True,CONTROLLED_SYNTHETIC
H0000703,SME002197,WORKING_CAPITAL_LOAN,2023-07-27,9591861.100000,208595.210000,True,CONTROLLED_SYNTHETIC
H0000704,SME002202,WORKING_CAPITAL_LOAN,2025-06-04,5032743.820000,148372.440000,True,CONTROLLED_SYNTHETIC
H0000705,SME002203,WORKING_CAPITAL_LOAN,2025-04-02,4445406.320000,241347.100000,True,CONTROLLED_SYNTHETIC
H0000706,SME002211,WORKING_CAPITAL_LOAN,2024-11-28,450124.230000,3308.690000,True,CONTROLLED_SYNTHETIC
H0000707,SME002214,WORKING_CAPITAL_LOAN,2023-08-14,330041.870000,5219.620000,True,CONTROLLED_SYNTHETIC
H0000708,SME002217,WORKING_CAPITAL_LOAN,2025-01-29,4791656.330000,158470.500000,True,CONTROLLED_SYNTHETIC
H0000709,SME002218,WORKING_CAPITAL_LOAN,2022-01-15,5245505.410000,236974.160000,True,CONTROLLED_SYNTHETIC
H0000710,SME002222,WORKING_CAPITAL_LOAN,2026-05-20,28334199.780000,1549136.670000,True,CONTROLLED_SYNTHETIC
H0000711,SME002226,WORKING_CAPITAL_LOAN,2025-10-17,4881938.340000,50242.670000,True,CONTROLLED_SYNTHETIC
H0000712,SME002227,WORKING_CAPITAL_LOAN,2020-10-08,22344215.770000,947961.860000,True,CONTROLLED_SYNTHETIC
H0000713,SME002228,WORKING_CAPITAL_LOAN,2025-04-27,3853570.520000,149397.660000,True,CONTROLLED_SYNTHETIC
H0000714,SME002231,WORKING_CAPITAL_LOAN,2020-06-24,1869129.240000,33352.830000,True,CONTROLLED_SYNTHETIC
H0000715,SME002232,WORKING_CAPITAL_LOAN,2020-04-26,5827950.340000,107172.930000,True,CONTROLLED_SYNTHETIC
H0000716,SME002240,WORKING_CAPITAL_LOAN,2021-08-05,23554937.690000,776158.690000,True,CONTROLLED_SYNTHETIC
H0000717,SME002243,WORKING_CAPITAL_LOAN,2024-08-04,506168.770000,11791.960000,True,CONTROLLED_SYNTHETIC
H0000718,SME002245,WORKING_CAPITAL_LOAN,2023-06-14,19776122.190000,822467.750000,True,CONTROLLED_SYNTHETIC
H0000719,SME002247,WORKING_CAPITAL_LOAN,2025-12-16,2803971.500000,71537.990000,True,CONTROLLED_SYNTHETIC
H0000720,SME002251,WORKING_CAPITAL_LOAN,2024-12-12,718261.140000,16085.240000,True,CONTROLLED_SYNTHETIC
H0000721,SME002252,WORKING_CAPITAL_LOAN,2023-05-26,3014194.950000,52488.580000,True,CONTROLLED_SYNTHETIC
H0000722,SME002259,WORKING_CAPITAL_LOAN,2024-03-11,1953856.010000,87885.710000,True,CONTROLLED_SYNTHETIC
H0000723,SME002261,WORKING_CAPITAL_LOAN,2025-11-22,1483754.020000,12916.740000,True,CONTROLLED_SYNTHETIC
H0000724,SME002265,WORKING_CAPITAL_LOAN,2025-12-14,27615187.160000,430811.320000,True,CONTROLLED_SYNTHETIC
H0000725,SME002268,WORKING_CAPITAL_LOAN,2023-02-18,725059.010000,20065.600000,True,CONTROLLED_SYNTHETIC
H0000726,SME002269,WORKING_CAPITAL_LOAN,2020-12-24,1278768.010000,68640.740000,True,CONTROLLED_SYNTHETIC
H0000727,SME002270,WORKING_CAPITAL_LOAN,2020-03-29,8807432.540000,345132.820000,True,CONTROLLED_SYNTHETIC
H0000728,SME002272,WORKING_CAPITAL_LOAN,2023-02-03,9045438.600000,250935.440000,True,CONTROLLED_SYNTHETIC
H0000729,SME002276,WORKING_CAPITAL_LOAN,2025-02-25,859704.280000,43688.200000,True,CONTROLLED_SYNTHETIC
H0000730,SME002281,WORKING_CAPITAL_LOAN,2026-03-19,3035665.960000,28485.360000,True,CONTROLLED_SYNTHETIC
H0000731,SME002282,WORKING_CAPITAL_LOAN,2023-08-06,37401772.290000,323040.690000,True,CONTROLLED_SYNTHETIC
H0000732,SME002288,WORKING_CAPITAL_LOAN,2023-02-21,3158093.930000,30909.450000,True,CONTROLLED_SYNTHETIC
H0000733,SME002289,WORKING_CAPITAL_LOAN,2025-08-06,3060904.490000,141028.200000,True,CONTROLLED_SYNTHETIC
H0000734,SME002295,WORKING_CAPITAL_LOAN,2022-12-01,1409703.630000,14131.020000,True,CONTROLLED_SYNTHETIC
H0000735,SME002298,WORKING_CAPITAL_LOAN,2023-02-23,1596109.800000,57720.620000,True,CONTROLLED_SYNTHETIC
H0000736,SME002299,WORKING_CAPITAL_LOAN,2021-01-04,3289591.310000,162739.320000,True,CONTROLLED_SYNTHETIC
H0000737,SME002301,WORKING_CAPITAL_LOAN,2022-09-18,3542553.130000,52204.010000,True,CONTROLLED_SYNTHETIC
H0000738,SME002305,WORKING_CAPITAL_LOAN,2020-10-30,1210967.760000,44525.000000,True,CONTROLLED_SYNTHETIC
H0000739,SME002306,WORKING_CAPITAL_LOAN,2025-05-20,3911497.300000,35710.420000,True,CONTROLLED_SYNTHETIC
H0000740,SME002308,WORKING_CAPITAL_LOAN,2025-07-16,19488857.870000,195644.020000,True,CONTROLLED_SYNTHETIC
H0000741,SME002309,WORKING_CAPITAL_LOAN,2021-11-07,20113965.640000,544189.990000,True,CONTROLLED_SYNTHETIC
H0000742,SME002312,WORKING_CAPITAL_LOAN,2021-08-14,2130232.180000,63686.090000,True,CONTROLLED_SYNTHETIC
H0000743,SME002318,WORKING_CAPITAL_LOAN,2026-02-03,553496.630000,4829.520000,True,CONTROLLED_SYNTHETIC
H0000744,SME002321,WORKING_CAPITAL_LOAN,2021-07-14,6251902.440000,62469.700000,True,CONTROLLED_SYNTHETIC
H0000745,SME002324,WORKING_CAPITAL_LOAN,2026-02-19,706598.800000,9912.680000,True,CONTROLLED_SYNTHETIC
H0000746,SME002326,WORKING_CAPITAL_LOAN,2023-03-15,1791349.950000,25924.980000,True,CONTROLLED_SYNTHETIC
H0000747,SME002327,WORKING_CAPITAL_LOAN,2023-05-19,18267964.350000,332126.780000,True,CONTROLLED_SYNTHETIC
H0000748,SME002330,WORKING_CAPITAL_LOAN,2022-03-21,35802849.700000,1342693.560000,True,CONTROLLED_SYNTHETIC
H0000749,SME002331,WORKING_CAPITAL_LOAN,2021-05-08,1436292.480000,34644.010000,True,CONTROLLED_SYNTHETIC
H0000750,SME002334,WORKING_CAPITAL_LOAN,2026-02-02,1312439.140000,19084.690000,True,CONTROLLED_SYNTHETIC
H0000751,SME002335,WORKING_CAPITAL_LOAN,2022-03-26,968760.940000,44465.410000,True,CONTROLLED_SYNTHETIC
H0000752,SME002337,WORKING_CAPITAL_LOAN,2021-02-28,4336314.390000,19241.560000,True,CONTROLLED_SYNTHETIC
H0000753,SME002339,WORKING_CAPITAL_LOAN,2024-06-26,675416.570000,7108.320000,True,CONTROLLED_SYNTHETIC
H0000754,SME002340,WORKING_CAPITAL_LOAN,2023-06-09,2555310.480000,108360.360000,True,CONTROLLED_SYNTHETIC
H0000755,SME002341,WORKING_CAPITAL_LOAN,2026-01-22,14580612.270000,363101.640000,True,CONTROLLED_SYNTHETIC
H0000756,SME002342,WORKING_CAPITAL_LOAN,2025-06-08,2039868.350000,42356.500000,True,CONTROLLED_SYNTHETIC
H0000757,SME002346,WORKING_CAPITAL_LOAN,2021-09-26,534739.640000,23330.030000,True,CONTROLLED_SYNTHETIC
H0000758,SME002347,WORKING_CAPITAL_LOAN,2024-04-03,8915946.460000,348562.680000,True,CONTROLLED_SYNTHETIC
H0000759,SME002350,WORKING_CAPITAL_LOAN,2022-02-05,5134540.790000,269544.000000,True,CONTROLLED_SYNTHETIC
H0000760,SME002354,WORKING_CAPITAL_LOAN,2023-04-16,12671619.810000,237855.200000,True,CONTROLLED_SYNTHETIC
H0000761,SME002356,WORKING_CAPITAL_LOAN,2024-08-15,2697759.800000,113632.860000,True,CONTROLLED_SYNTHETIC
H0000762,SME002365,WORKING_CAPITAL_LOAN,2023-08-30,9499679.710000,379561.870000,True,CONTROLLED_SYNTHETIC
H0000763,SME002369,WORKING_CAPITAL_LOAN,2025-06-30,32438329.940000,759081.460000,True,CONTROLLED_SYNTHETIC
H0000764,SME002372,WORKING_CAPITAL_LOAN,2022-05-08,531390.610000,4159.340000,True,CONTROLLED_SYNTHETIC
H0000765,SME002376,WORKING_CAPITAL_LOAN,2026-04-01,528486.730000,18398.790000,True,CONTROLLED_SYNTHETIC
H0000766,SME002380,WORKING_CAPITAL_LOAN,2020-03-28,2318272.370000,91504.740000,True,CONTROLLED_SYNTHETIC
H0000767,SME002386,WORKING_CAPITAL_LOAN,2021-02-07,3243362.080000,134818.130000,True,CONTROLLED_SYNTHETIC
H0000768,SME002387,WORKING_CAPITAL_LOAN,2024-02-01,1008289.660000,44115.740000,True,CONTROLLED_SYNTHETIC
H0000769,SME002390,WORKING_CAPITAL_LOAN,2025-05-25,1381494.700000,12984.340000,True,CONTROLLED_SYNTHETIC
H0000770,SME002391,WORKING_CAPITAL_LOAN,2023-06-19,4438179.960000,219035.510000,True,CONTROLLED_SYNTHETIC
H0000771,SME002393,WORKING_CAPITAL_LOAN,2020-05-21,2188782.970000,81887.730000,True,CONTROLLED_SYNTHETIC
H0000772,SME002397,WORKING_CAPITAL_LOAN,2022-05-24,6372553.120000,223668.360000,True,CONTROLLED_SYNTHETIC
H0000773,SME002401,WORKING_CAPITAL_LOAN,2021-02-14,2774608.820000,50581.390000,True,CONTROLLED_SYNTHETIC
H0000774,SME002404,WORKING_CAPITAL_LOAN,2025-11-07,2396759.670000,100322.340000,True,CONTROLLED_SYNTHETIC
H0000775,SME002412,WORKING_CAPITAL_LOAN,2022-04-21,1801678.640000,34440.220000,True,CONTROLLED_SYNTHETIC
H0000776,SME002416,WORKING_CAPITAL_LOAN,2023-06-06,6507296.100000,50631.960000,True,CONTROLLED_SYNTHETIC
H0000777,SME002421,WORKING_CAPITAL_LOAN,2022-10-27,1470062.180000,28839.390000,True,CONTROLLED_SYNTHETIC
H0000778,SME002422,WORKING_CAPITAL_LOAN,2022-06-02,2629616.220000,50563.790000,True,CONTROLLED_SYNTHETIC
H0000779,SME002431,WORKING_CAPITAL_LOAN,2025-11-23,1865761.850000,20741.770000,True,CONTROLLED_SYNTHETIC
H0000780,SME002432,WORKING_CAPITAL_LOAN,2022-08-30,27445264.230000,889586.530000,True,CONTROLLED_SYNTHETIC
H0000781,SME002435,WORKING_CAPITAL_LOAN,2022-04-08,10776492.120000,488110.330000,True,CONTROLLED_SYNTHETIC
H0000782,SME002437,WORKING_CAPITAL_LOAN,2024-10-25,3438847.050000,92954.480000,True,CONTROLLED_SYNTHETIC
H0000783,SME002441,WORKING_CAPITAL_LOAN,2022-01-08,3661800.280000,162213.550000,True,CONTROLLED_SYNTHETIC
H0000784,SME002442,WORKING_CAPITAL_LOAN,2025-01-18,3292513.570000,26187.210000,True,CONTROLLED_SYNTHETIC
H0000785,SME002451,WORKING_CAPITAL_LOAN,2023-11-16,3576414.370000,114435.230000,True,CONTROLLED_SYNTHETIC
H0000786,SME002452,WORKING_CAPITAL_LOAN,2026-01-04,562958.980000,23030.150000,True,CONTROLLED_SYNTHETIC
H0000787,SME002454,WORKING_CAPITAL_LOAN,2020-02-11,1217834.900000,27202.450000,True,CONTROLLED_SYNTHETIC
H0000788,SME002455,WORKING_CAPITAL_LOAN,2020-07-24,13718301.720000,532712.210000,True,CONTROLLED_SYNTHETIC
H0000789,SME002456,WORKING_CAPITAL_LOAN,2020-05-18,487832.440000,19911.470000,True,CONTROLLED_SYNTHETIC
H0000790,SME002459,WORKING_CAPITAL_LOAN,2023-07-10,2685370.750000,91806.580000,True,CONTROLLED_SYNTHETIC
H0000791,SME002462,WORKING_CAPITAL_LOAN,2022-04-09,3056947.160000,151653.080000,True,CONTROLLED_SYNTHETIC
H0000792,SME002464,WORKING_CAPITAL_LOAN,2025-06-02,10741295.890000,66415.850000,True,CONTROLLED_SYNTHETIC
H0000793,SME002467,WORKING_CAPITAL_LOAN,2022-11-03,4488520.960000,171474.450000,True,CONTROLLED_SYNTHETIC
H0000794,SME002470,WORKING_CAPITAL_LOAN,2023-11-06,1947175.970000,105829.650000,True,CONTROLLED_SYNTHETIC
H0000795,SME002473,WORKING_CAPITAL_LOAN,2025-11-21,2517428.590000,100009.560000,True,CONTROLLED_SYNTHETIC
H0000796,SME002477,WORKING_CAPITAL_LOAN,2021-12-17,11628836.520000,561416.680000,True,CONTROLLED_SYNTHETIC
H0000797,SME002479,WORKING_CAPITAL_LOAN,2021-10-20,4875557.970000,257534.200000,True,CONTROLLED_SYNTHETIC
H0000798,SME002485,WORKING_CAPITAL_LOAN,2026-01-02,1927941.450000,80767.330000,True,CONTROLLED_SYNTHETIC
H0000799,SME002486,WORKING_CAPITAL_LOAN,2026-05-22,15115255.230000,294124.060000,True,CONTROLLED_SYNTHETIC
H0000800,SME002487,WORKING_CAPITAL_LOAN,2020-06-10,2223863.590000,49972.480000,True,CONTROLLED_SYNTHETIC
H0000801,SME002490,WORKING_CAPITAL_LOAN,2024-07-26,9663243.560000,485285.410000,True,CONTROLLED_SYNTHETIC
H0000802,SME002493,WORKING_CAPITAL_LOAN,2025-01-03,314355.090000,10786.350000,True,CONTROLLED_SYNTHETIC
H0000803,SME002494,WORKING_CAPITAL_LOAN,2024-12-07,1651680.110000,7493.460000,True,CONTROLLED_SYNTHETIC
H0000804,SME002498,WORKING_CAPITAL_LOAN,2022-04-07,352364.780000,18384.540000,True,CONTROLLED_SYNTHETIC
H0000805,SME002500,WORKING_CAPITAL_LOAN,2025-04-04,1366391.030000,37887.090000,True,CONTROLLED_SYNTHETIC
H0000806,SME002502,WORKING_CAPITAL_LOAN,2021-05-15,3530763.700000,181494.650000,True,CONTROLLED_SYNTHETIC
H0000807,SME002506,WORKING_CAPITAL_LOAN,2024-03-03,3263724.320000,101644.690000,True,CONTROLLED_SYNTHETIC
H0000808,SME002508,WORKING_CAPITAL_LOAN,2021-01-10,2549576.240000,31744.600000,True,CONTROLLED_SYNTHETIC
H0000809,SME002511,WORKING_CAPITAL_LOAN,2025-08-12,2922646.240000,136044.860000,True,CONTROLLED_SYNTHETIC
H0000810,SME002512,WORKING_CAPITAL_LOAN,2020-09-24,19973491.030000,442709.010000,True,CONTROLLED_SYNTHETIC
H0000811,SME002516,WORKING_CAPITAL_LOAN,2023-01-02,11688310.700000,77363.120000,True,CONTROLLED_SYNTHETIC
H0000812,SME002523,WORKING_CAPITAL_LOAN,2024-06-22,7422689.760000,94912.000000,True,CONTROLLED_SYNTHETIC
H0000813,SME002524,WORKING_CAPITAL_LOAN,2022-05-08,2881228.510000,120624.710000,True,CONTROLLED_SYNTHETIC
H0000814,SME002525,WORKING_CAPITAL_LOAN,2025-01-26,6460887.970000,312789.590000,True,CONTROLLED_SYNTHETIC
H0000815,SME002527,WORKING_CAPITAL_LOAN,2021-10-04,867831.470000,8678.560000,True,CONTROLLED_SYNTHETIC
H0000816,SME002531,WORKING_CAPITAL_LOAN,2024-12-11,14772389.670000,211320.050000,True,CONTROLLED_SYNTHETIC
H0000817,SME002533,WORKING_CAPITAL_LOAN,2023-07-14,5003505.570000,239832.370000,True,CONTROLLED_SYNTHETIC
H0000818,SME002535,WORKING_CAPITAL_LOAN,2025-01-04,1035582.550000,46699.410000,True,CONTROLLED_SYNTHETIC
H0000819,SME002536,WORKING_CAPITAL_LOAN,2021-06-15,500300.440000,26641.240000,True,CONTROLLED_SYNTHETIC
H0000820,SME002538,WORKING_CAPITAL_LOAN,2024-05-04,2242499.400000,29456.690000,True,CONTROLLED_SYNTHETIC
H0000821,SME002545,WORKING_CAPITAL_LOAN,2021-12-24,677527.170000,7232.550000,True,CONTROLLED_SYNTHETIC
H0000822,SME002548,WORKING_CAPITAL_LOAN,2022-04-13,1266455.230000,18181.150000,True,CONTROLLED_SYNTHETIC
H0000823,SME002550,WORKING_CAPITAL_LOAN,2020-09-22,1268571.420000,5823.640000,True,CONTROLLED_SYNTHETIC
H0000824,SME002553,WORKING_CAPITAL_LOAN,2020-04-18,1755366.820000,43343.690000,True,CONTROLLED_SYNTHETIC
H0000825,SME002556,WORKING_CAPITAL_LOAN,2022-04-26,1364226.410000,20101.830000,True,CONTROLLED_SYNTHETIC
H0000826,SME002559,WORKING_CAPITAL_LOAN,2023-06-17,990711.130000,30555.120000,True,CONTROLLED_SYNTHETIC
H0000827,SME002569,WORKING_CAPITAL_LOAN,2023-07-10,7511322.880000,119552.840000,True,CONTROLLED_SYNTHETIC
H0000828,SME002574,WORKING_CAPITAL_LOAN,2023-01-16,856515.220000,29029.080000,True,CONTROLLED_SYNTHETIC
H0000829,SME002576,WORKING_CAPITAL_LOAN,2022-07-19,4847634.370000,113523.280000,True,CONTROLLED_SYNTHETIC
H0000830,SME002585,WORKING_CAPITAL_LOAN,2024-05-17,4810530.390000,149994.670000,True,CONTROLLED_SYNTHETIC
H0000831,SME002586,WORKING_CAPITAL_LOAN,2023-04-09,8028616.100000,159072.920000,True,CONTROLLED_SYNTHETIC
H0000832,SME002593,WORKING_CAPITAL_LOAN,2022-02-26,672487.380000,29104.390000,True,CONTROLLED_SYNTHETIC
H0000833,SME002594,WORKING_CAPITAL_LOAN,2025-02-25,6778147.750000,310648.810000,True,CONTROLLED_SYNTHETIC
H0000834,SME002600,WORKING_CAPITAL_LOAN,2020-07-21,340409.290000,16987.500000,True,CONTROLLED_SYNTHETIC
H0000835,SME002601,WORKING_CAPITAL_LOAN,2026-05-09,1391549.060000,75433.800000,True,CONTROLLED_SYNTHETIC
H0000836,SME002602,WORKING_CAPITAL_LOAN,2023-09-11,1727600.060000,87404.190000,True,CONTROLLED_SYNTHETIC
H0000837,SME002605,WORKING_CAPITAL_LOAN,2024-10-11,2302871.240000,78377.240000,True,CONTROLLED_SYNTHETIC
H0000838,SME002611,WORKING_CAPITAL_LOAN,2023-09-10,6931038.360000,274132.720000,True,CONTROLLED_SYNTHETIC
H0000839,SME002612,WORKING_CAPITAL_LOAN,2020-03-07,1645664.920000,88476.180000,True,CONTROLLED_SYNTHETIC
H0000840,SME002613,WORKING_CAPITAL_LOAN,2022-05-20,623730.950000,9062.600000,True,CONTROLLED_SYNTHETIC
H0000841,SME002614,WORKING_CAPITAL_LOAN,2020-05-31,1607432.080000,31700.200000,True,CONTROLLED_SYNTHETIC
H0000842,SME002615,WORKING_CAPITAL_LOAN,2026-05-10,2499739.120000,124387.520000,True,CONTROLLED_SYNTHETIC
H0000843,SME002617,WORKING_CAPITAL_LOAN,2024-01-26,5919853.800000,182620.500000,True,CONTROLLED_SYNTHETIC
H0000844,SME002618,WORKING_CAPITAL_LOAN,2025-02-08,9946092.190000,85797.850000,True,CONTROLLED_SYNTHETIC
H0000845,SME002620,WORKING_CAPITAL_LOAN,2022-02-09,23570130.380000,1120727.790000,True,CONTROLLED_SYNTHETIC
H0000846,SME002624,WORKING_CAPITAL_LOAN,2022-01-16,1512987.250000,13355.940000,True,CONTROLLED_SYNTHETIC
H0000847,SME002625,WORKING_CAPITAL_LOAN,2021-03-21,1506756.730000,67102.760000,True,CONTROLLED_SYNTHETIC
H0000848,SME002628,WORKING_CAPITAL_LOAN,2023-01-04,1655897.480000,40985.610000,True,CONTROLLED_SYNTHETIC
H0000849,SME002629,WORKING_CAPITAL_LOAN,2022-01-25,5642159.970000,149964.890000,True,CONTROLLED_SYNTHETIC
H0000850,SME002634,WORKING_CAPITAL_LOAN,2024-05-05,10435236.490000,160741.140000,True,CONTROLLED_SYNTHETIC
H0000851,SME002636,WORKING_CAPITAL_LOAN,2025-11-17,4830133.080000,29061.800000,True,CONTROLLED_SYNTHETIC
H0000852,SME002641,WORKING_CAPITAL_LOAN,2025-02-22,5757887.510000,95222.450000,True,CONTROLLED_SYNTHETIC
H0000853,SME002642,WORKING_CAPITAL_LOAN,2025-06-10,3864641.310000,121896.900000,True,CONTROLLED_SYNTHETIC
H0000854,SME002648,WORKING_CAPITAL_LOAN,2025-02-05,906270.500000,41767.600000,True,CONTROLLED_SYNTHETIC
H0000855,SME002650,WORKING_CAPITAL_LOAN,2022-10-23,5991129.230000,186930.660000,True,CONTROLLED_SYNTHETIC
H0000856,SME002664,WORKING_CAPITAL_LOAN,2021-10-28,3833774.990000,193562.530000,True,CONTROLLED_SYNTHETIC
H0000857,SME002665,WORKING_CAPITAL_LOAN,2020-08-09,11855589.130000,363345.560000,True,CONTROLLED_SYNTHETIC
H0000858,SME002666,WORKING_CAPITAL_LOAN,2023-07-20,4118608.320000,178089.160000,True,CONTROLLED_SYNTHETIC
H0000859,SME002670,WORKING_CAPITAL_LOAN,2022-06-08,609734.720000,18816.470000,True,CONTROLLED_SYNTHETIC
H0000860,SME002671,WORKING_CAPITAL_LOAN,2020-08-21,13963083.470000,711395.440000,True,CONTROLLED_SYNTHETIC
H0000861,SME002673,WORKING_CAPITAL_LOAN,2025-10-04,6083836.420000,304710.650000,True,CONTROLLED_SYNTHETIC
H0000862,SME002679,WORKING_CAPITAL_LOAN,2020-05-20,1173728.030000,37597.790000,True,CONTROLLED_SYNTHETIC
H0000863,SME002681,WORKING_CAPITAL_LOAN,2022-01-08,2519677.450000,123672.480000,True,CONTROLLED_SYNTHETIC
H0000864,SME002683,WORKING_CAPITAL_LOAN,2024-02-25,6767735.550000,303463.530000,True,CONTROLLED_SYNTHETIC
H0000865,SME002685,WORKING_CAPITAL_LOAN,2020-03-31,4679866.620000,256570.130000,True,CONTROLLED_SYNTHETIC
H0000866,SME002689,WORKING_CAPITAL_LOAN,2023-12-15,9036280.810000,310606.730000,True,CONTROLLED_SYNTHETIC
H0000867,SME002690,WORKING_CAPITAL_LOAN,2024-11-08,2131153.830000,19547.210000,True,CONTROLLED_SYNTHETIC
H0000868,SME002695,WORKING_CAPITAL_LOAN,2023-07-24,2300624.010000,104689.830000,True,CONTROLLED_SYNTHETIC
H0000869,SME002697,WORKING_CAPITAL_LOAN,2022-05-02,2583337.380000,98892.660000,True,CONTROLLED_SYNTHETIC
H0000870,SME002698,WORKING_CAPITAL_LOAN,2026-03-19,4573122.080000,95412.660000,True,CONTROLLED_SYNTHETIC
H0000871,SME002699,WORKING_CAPITAL_LOAN,2025-03-12,1851891.300000,89285.130000,True,CONTROLLED_SYNTHETIC
H0000872,SME002704,WORKING_CAPITAL_LOAN,2025-10-30,3833443.790000,170217.690000,True,CONTROLLED_SYNTHETIC
H0000873,SME002711,WORKING_CAPITAL_LOAN,2021-05-10,1974247.550000,76882.090000,True,CONTROLLED_SYNTHETIC
H0000874,SME002714,WORKING_CAPITAL_LOAN,2023-11-07,1458939.730000,74005.650000,True,CONTROLLED_SYNTHETIC
H0000875,SME002715,WORKING_CAPITAL_LOAN,2024-06-30,11040432.840000,87123.720000,True,CONTROLLED_SYNTHETIC
H0000876,SME002717,WORKING_CAPITAL_LOAN,2022-03-19,1341531.980000,30172.720000,True,CONTROLLED_SYNTHETIC
H0000877,SME002719,WORKING_CAPITAL_LOAN,2025-01-25,2836198.920000,39581.490000,True,CONTROLLED_SYNTHETIC
H0000878,SME002721,WORKING_CAPITAL_LOAN,2022-10-06,2509196.730000,84849.780000,True,CONTROLLED_SYNTHETIC
H0000879,SME002722,WORKING_CAPITAL_LOAN,2022-04-20,3029850.420000,110728.970000,True,CONTROLLED_SYNTHETIC
H0000880,SME002727,WORKING_CAPITAL_LOAN,2026-03-25,11286555.280000,438846.000000,True,CONTROLLED_SYNTHETIC
H0000881,SME002728,WORKING_CAPITAL_LOAN,2024-12-26,4242889.880000,155238.200000,True,CONTROLLED_SYNTHETIC
H0000882,SME002734,WORKING_CAPITAL_LOAN,2025-05-06,8933286.880000,66197.230000,True,CONTROLLED_SYNTHETIC
H0000883,SME002739,WORKING_CAPITAL_LOAN,2023-01-11,37258223.720000,503191.400000,True,CONTROLLED_SYNTHETIC
H0000884,SME002744,WORKING_CAPITAL_LOAN,2023-04-09,1300690.790000,60187.360000,True,CONTROLLED_SYNTHETIC
H0000885,SME002746,WORKING_CAPITAL_LOAN,2022-06-24,267968.050000,9249.500000,True,CONTROLLED_SYNTHETIC
H0000886,SME002748,WORKING_CAPITAL_LOAN,2020-08-23,5218823.210000,107684.960000,True,CONTROLLED_SYNTHETIC
H0000887,SME002749,WORKING_CAPITAL_LOAN,2020-08-20,37429076.640000,1155154.020000,True,CONTROLLED_SYNTHETIC
H0000888,SME002756,WORKING_CAPITAL_LOAN,2022-10-17,6767161.900000,158863.570000,True,CONTROLLED_SYNTHETIC
H0000889,SME002761,WORKING_CAPITAL_LOAN,2023-08-27,4946373.420000,138148.140000,True,CONTROLLED_SYNTHETIC
H0000890,SME002762,WORKING_CAPITAL_LOAN,2023-11-14,3006912.310000,130354.240000,True,CONTROLLED_SYNTHETIC
H0000891,SME002764,WORKING_CAPITAL_LOAN,2024-01-01,4737611.910000,160645.980000,True,CONTROLLED_SYNTHETIC
H0000892,SME002769,WORKING_CAPITAL_LOAN,2021-03-05,7568128.780000,243933.350000,True,CONTROLLED_SYNTHETIC
H0000893,SME002771,WORKING_CAPITAL_LOAN,2026-03-23,1736925.720000,39082.580000,True,CONTROLLED_SYNTHETIC
H0000894,SME002772,WORKING_CAPITAL_LOAN,2020-09-10,2037355.280000,76568.890000,True,CONTROLLED_SYNTHETIC
H0000895,SME002775,WORKING_CAPITAL_LOAN,2022-12-19,2240270.170000,83425.640000,True,CONTROLLED_SYNTHETIC
H0000896,SME002781,WORKING_CAPITAL_LOAN,2023-12-15,2407865.660000,99823.450000,True,CONTROLLED_SYNTHETIC
H0000897,SME002785,WORKING_CAPITAL_LOAN,2021-10-02,895878.550000,30865.410000,True,CONTROLLED_SYNTHETIC
H0000898,SME002787,WORKING_CAPITAL_LOAN,2024-02-09,5729925.410000,280599.880000,True,CONTROLLED_SYNTHETIC
H0000899,SME002789,WORKING_CAPITAL_LOAN,2022-09-15,3998619.640000,101884.060000,True,CONTROLLED_SYNTHETIC
H0000900,SME002790,WORKING_CAPITAL_LOAN,2023-03-06,1942452.560000,62320.210000,True,CONTROLLED_SYNTHETIC
H0000901,SME002794,WORKING_CAPITAL_LOAN,2022-01-03,530852.850000,9317.960000,True,CONTROLLED_SYNTHETIC
H0000902,SME002799,WORKING_CAPITAL_LOAN,2020-04-27,1017205.730000,47885.330000,True,CONTROLLED_SYNTHETIC
H0000903,SME002801,WORKING_CAPITAL_LOAN,2022-04-21,9341505.850000,140047.100000,True,CONTROLLED_SYNTHETIC
H0000904,SME002805,WORKING_CAPITAL_LOAN,2020-11-15,13584765.040000,133341.420000,True,CONTROLLED_SYNTHETIC
H0000905,SME002809,WORKING_CAPITAL_LOAN,2021-07-09,12354666.750000,610534.930000,True,CONTROLLED_SYNTHETIC
H0000906,SME002811,WORKING_CAPITAL_LOAN,2021-12-13,516203.350000,17741.600000,True,CONTROLLED_SYNTHETIC
H0000907,SME002816,WORKING_CAPITAL_LOAN,2021-04-22,3132704.100000,25574.930000,True,CONTROLLED_SYNTHETIC
H0000908,SME002817,WORKING_CAPITAL_LOAN,2024-11-11,1013951.590000,37584.550000,True,CONTROLLED_SYNTHETIC
H0000909,SME002821,WORKING_CAPITAL_LOAN,2020-02-27,9032294.000000,435834.780000,True,CONTROLLED_SYNTHETIC
H0000910,SME002827,WORKING_CAPITAL_LOAN,2023-05-14,1475167.770000,24910.040000,True,CONTROLLED_SYNTHETIC
H0000911,SME002829,WORKING_CAPITAL_LOAN,2023-08-15,5335813.110000,75285.870000,True,CONTROLLED_SYNTHETIC
H0000912,SME002832,WORKING_CAPITAL_LOAN,2022-12-31,1994918.130000,44750.390000,True,CONTROLLED_SYNTHETIC
H0000913,SME002833,WORKING_CAPITAL_LOAN,2021-05-29,1261604.930000,18760.540000,True,CONTROLLED_SYNTHETIC
H0000914,SME002837,WORKING_CAPITAL_LOAN,2024-10-11,2880984.600000,157993.740000,True,CONTROLLED_SYNTHETIC
H0000915,SME002843,WORKING_CAPITAL_LOAN,2023-07-06,3672564.290000,155429.590000,True,CONTROLLED_SYNTHETIC
H0000916,SME002845,WORKING_CAPITAL_LOAN,2025-02-01,8103195.660000,235150.960000,True,CONTROLLED_SYNTHETIC
H0000917,SME002846,WORKING_CAPITAL_LOAN,2023-07-31,4608159.610000,218482.060000,True,CONTROLLED_SYNTHETIC
H0000918,SME002848,WORKING_CAPITAL_LOAN,2024-06-07,7344098.300000,208050.990000,True,CONTROLLED_SYNTHETIC
H0000919,SME002850,WORKING_CAPITAL_LOAN,2022-02-13,1107256.100000,45171.870000,True,CONTROLLED_SYNTHETIC
H0000920,SME002857,WORKING_CAPITAL_LOAN,2023-05-22,1304579.430000,14129.260000,True,CONTROLLED_SYNTHETIC
H0000921,SME002858,WORKING_CAPITAL_LOAN,2020-04-15,11643808.670000,360544.490000,True,CONTROLLED_SYNTHETIC
H0000922,SME002859,WORKING_CAPITAL_LOAN,2023-01-08,1384286.420000,40576.130000,True,CONTROLLED_SYNTHETIC
H0000923,SME002864,WORKING_CAPITAL_LOAN,2025-05-24,4222245.560000,197921.290000,True,CONTROLLED_SYNTHETIC
H0000924,SME002872,WORKING_CAPITAL_LOAN,2023-09-08,1254091.600000,33411.550000,True,CONTROLLED_SYNTHETIC
H0000925,SME002873,WORKING_CAPITAL_LOAN,2023-11-10,288544.290000,2304.570000,True,CONTROLLED_SYNTHETIC
H0000926,SME002875,WORKING_CAPITAL_LOAN,2021-06-10,726345.070000,5387.150000,True,CONTROLLED_SYNTHETIC
H0000927,SME002878,WORKING_CAPITAL_LOAN,2022-06-24,38639221.730000,2123175.160000,True,CONTROLLED_SYNTHETIC
H0000928,SME002879,WORKING_CAPITAL_LOAN,2021-12-05,584696.970000,19683.640000,True,CONTROLLED_SYNTHETIC
H0000929,SME002880,WORKING_CAPITAL_LOAN,2022-10-23,4591159.780000,84527.680000,True,CONTROLLED_SYNTHETIC
H0000930,SME002881,WORKING_CAPITAL_LOAN,2020-03-02,252022.740000,12423.940000,True,CONTROLLED_SYNTHETIC
H0000931,SME002883,WORKING_CAPITAL_LOAN,2021-05-30,1790979.180000,88450.280000,True,CONTROLLED_SYNTHETIC
H0000932,SME002884,WORKING_CAPITAL_LOAN,2025-01-04,27701006.620000,890758.140000,True,CONTROLLED_SYNTHETIC
H0000933,SME002885,WORKING_CAPITAL_LOAN,2022-01-14,50493709.380000,1172059.770000,True,CONTROLLED_SYNTHETIC
H0000934,SME002887,WORKING_CAPITAL_LOAN,2020-06-21,3482054.110000,79596.030000,True,CONTROLLED_SYNTHETIC
H0000935,SME002889,WORKING_CAPITAL_LOAN,2022-07-14,2207525.690000,38046.240000,True,CONTROLLED_SYNTHETIC
H0000936,SME002890,WORKING_CAPITAL_LOAN,2021-10-09,7577530.080000,199222.510000,True,CONTROLLED_SYNTHETIC
H0000937,SME002893,WORKING_CAPITAL_LOAN,2021-01-16,5321815.930000,60220.420000,True,CONTROLLED_SYNTHETIC
H0000938,SME002896,WORKING_CAPITAL_LOAN,2022-01-26,4351253.850000,181957.280000,True,CONTROLLED_SYNTHETIC
H0000939,SME002902,WORKING_CAPITAL_LOAN,2023-03-07,5347228.770000,194103.700000,True,CONTROLLED_SYNTHETIC
H0000940,SME002903,WORKING_CAPITAL_LOAN,2022-10-16,941803.800000,4113.090000,True,CONTROLLED_SYNTHETIC
H0000941,SME002904,WORKING_CAPITAL_LOAN,2021-05-23,5229656.720000,55682.170000,True,CONTROLLED_SYNTHETIC
H0000942,SME002905,WORKING_CAPITAL_LOAN,2024-10-11,23443512.920000,524527.880000,True,CONTROLLED_SYNTHETIC
H0000943,SME002911,WORKING_CAPITAL_LOAN,2022-12-30,1990162.520000,42320.060000,True,CONTROLLED_SYNTHETIC
H0000944,SME002914,WORKING_CAPITAL_LOAN,2020-07-20,7862072.880000,281024.560000,True,CONTROLLED_SYNTHETIC
H0000945,SME002923,WORKING_CAPITAL_LOAN,2020-02-19,2319525.990000,72811.250000,True,CONTROLLED_SYNTHETIC
H0000946,SME002924,WORKING_CAPITAL_LOAN,2020-10-09,14533930.940000,512874.750000,True,CONTROLLED_SYNTHETIC
H0000947,SME002926,WORKING_CAPITAL_LOAN,2025-05-03,468879.070000,8591.960000,True,CONTROLLED_SYNTHETIC
H0000948,SME002927,WORKING_CAPITAL_LOAN,2025-07-13,1547610.910000,63547.790000,True,CONTROLLED_SYNTHETIC
H0000949,SME002931,WORKING_CAPITAL_LOAN,2022-07-31,1678444.890000,45890.700000,True,CONTROLLED_SYNTHETIC
H0000950,SME002936,WORKING_CAPITAL_LOAN,2026-01-03,2692531.600000,114274.740000,True,CONTROLLED_SYNTHETIC
H0000951,SME002937,WORKING_CAPITAL_LOAN,2025-07-04,5246552.990000,170179.200000,True,CONTROLLED_SYNTHETIC
H0000952,SME002938,WORKING_CAPITAL_LOAN,2022-05-20,2347575.050000,90446.630000,True,CONTROLLED_SYNTHETIC
H0000953,SME002940,WORKING_CAPITAL_LOAN,2023-06-23,23751566.370000,98491.880000,True,CONTROLLED_SYNTHETIC
H0000954,SME002941,WORKING_CAPITAL_LOAN,2020-03-01,2911736.390000,61557.400000,True,CONTROLLED_SYNTHETIC
H0000955,SME002943,WORKING_CAPITAL_LOAN,2025-06-09,741332.340000,24234.680000,True,CONTROLLED_SYNTHETIC
H0000956,SME002944,WORKING_CAPITAL_LOAN,2024-06-17,2189104.350000,20084.080000,True,CONTROLLED_SYNTHETIC
H0000957,SME002945,WORKING_CAPITAL_LOAN,2024-12-07,8940828.280000,186234.230000,True,CONTROLLED_SYNTHETIC
H0000958,SME002953,WORKING_CAPITAL_LOAN,2026-01-02,602067.030000,25463.030000,True,CONTROLLED_SYNTHETIC
H0000959,SME002954,WORKING_CAPITAL_LOAN,2022-11-15,5937598.850000,282808.620000,True,CONTROLLED_SYNTHETIC
H0000960,SME002958,WORKING_CAPITAL_LOAN,2025-07-15,720001.200000,25969.400000,True,CONTROLLED_SYNTHETIC
H0000961,SME002963,WORKING_CAPITAL_LOAN,2021-11-11,254388.770000,10399.260000,True,CONTROLLED_SYNTHETIC
H0000962,SME002965,WORKING_CAPITAL_LOAN,2020-10-19,2406564.440000,109027.670000,True,CONTROLLED_SYNTHETIC
H0000963,SME002966,WORKING_CAPITAL_LOAN,2024-06-30,3553093.740000,32599.860000,True,CONTROLLED_SYNTHETIC
H0000964,SME002967,WORKING_CAPITAL_LOAN,2024-12-09,1538190.590000,21348.650000,True,CONTROLLED_SYNTHETIC
H0000965,SME002970,WORKING_CAPITAL_LOAN,2025-02-12,11982513.350000,469752.750000,True,CONTROLLED_SYNTHETIC
H0000966,SME002972,WORKING_CAPITAL_LOAN,2020-12-15,4860131.540000,182608.620000,True,CONTROLLED_SYNTHETIC
H0000967,SME002979,WORKING_CAPITAL_LOAN,2025-11-05,1492517.150000,36276.110000,True,CONTROLLED_SYNTHETIC
H0000968,SME002980,WORKING_CAPITAL_LOAN,2024-06-24,2286134.020000,86534.770000,True,CONTROLLED_SYNTHETIC
H0000969,SME002987,WORKING_CAPITAL_LOAN,2026-04-08,6608356.090000,195636.620000,True,CONTROLLED_SYNTHETIC
H0000970,SME002989,WORKING_CAPITAL_LOAN,2025-07-03,3315323.200000,126721.310000,True,CONTROLLED_SYNTHETIC
H0000971,SME002992,WORKING_CAPITAL_LOAN,2025-05-09,7428653.530000,169265.730000,True,CONTROLLED_SYNTHETIC
H0000972,SME002994,WORKING_CAPITAL_LOAN,2022-06-21,510903.690000,26442.870000,True,CONTROLLED_SYNTHETIC
H0000973,SME003001,WORKING_CAPITAL_LOAN,2024-07-08,3231495.050000,108385.340000,True,CONTROLLED_SYNTHETIC
H0000974,SME003004,WORKING_CAPITAL_LOAN,2021-09-17,4202073.540000,24746.800000,True,CONTROLLED_SYNTHETIC
H0000975,SME003007,WORKING_CAPITAL_LOAN,2022-06-26,2406044.770000,18869.700000,True,CONTROLLED_SYNTHETIC
H0000976,SME003008,WORKING_CAPITAL_LOAN,2021-03-18,32684694.860000,871658.240000,True,CONTROLLED_SYNTHETIC
H0000977,SME003010,WORKING_CAPITAL_LOAN,2023-11-08,1563919.790000,30105.370000,True,CONTROLLED_SYNTHETIC
H0000978,SME003012,WORKING_CAPITAL_LOAN,2021-09-29,7141682.460000,67449.670000,True,CONTROLLED_SYNTHETIC
H0000979,SME003013,WORKING_CAPITAL_LOAN,2025-09-09,1630740.150000,39793.830000,True,CONTROLLED_SYNTHETIC
H0000980,SME003017,WORKING_CAPITAL_LOAN,2021-02-26,3164521.330000,151569.890000,True,CONTROLLED_SYNTHETIC
H0000981,SME003019,WORKING_CAPITAL_LOAN,2025-12-03,2034686.130000,22882.550000,True,CONTROLLED_SYNTHETIC
H0000982,SME003020,WORKING_CAPITAL_LOAN,2024-07-22,8594858.030000,383694.180000,True,CONTROLLED_SYNTHETIC
H0000983,SME003024,WORKING_CAPITAL_LOAN,2025-01-08,15345006.780000,130430.630000,True,CONTROLLED_SYNTHETIC
H0000984,SME003041,WORKING_CAPITAL_LOAN,2020-05-17,19943766.250000,295889.310000,True,CONTROLLED_SYNTHETIC
H0000985,SME003043,WORKING_CAPITAL_LOAN,2023-02-11,2146452.180000,10416.600000,True,CONTROLLED_SYNTHETIC
H0000986,SME003044,WORKING_CAPITAL_LOAN,2021-01-15,7234801.760000,222220.010000,True,CONTROLLED_SYNTHETIC
H0000987,SME003046,WORKING_CAPITAL_LOAN,2021-11-12,51991618.460000,705307.600000,True,CONTROLLED_SYNTHETIC
H0000988,SME003050,WORKING_CAPITAL_LOAN,2026-03-18,1593064.510000,14077.300000,True,CONTROLLED_SYNTHETIC
H0000989,SME003052,WORKING_CAPITAL_LOAN,2020-04-18,5722879.680000,279290.900000,True,CONTROLLED_SYNTHETIC
H0000990,SME003058,WORKING_CAPITAL_LOAN,2025-03-21,4682399.690000,72126.830000,True,CONTROLLED_SYNTHETIC
H0000991,SME003060,WORKING_CAPITAL_LOAN,2025-08-13,6116853.030000,40000.720000,True,CONTROLLED_SYNTHETIC
H0000992,SME003066,WORKING_CAPITAL_LOAN,2022-08-31,4914615.550000,230012.770000,True,CONTROLLED_SYNTHETIC
H0000993,SME003071,WORKING_CAPITAL_LOAN,2025-01-30,2963364.210000,60084.280000,True,CONTROLLED_SYNTHETIC
H0000994,SME003074,WORKING_CAPITAL_LOAN,2023-10-13,1438688.900000,27051.380000,True,CONTROLLED_SYNTHETIC
H0000995,SME003076,WORKING_CAPITAL_LOAN,2023-11-19,21426033.410000,123475.630000,True,CONTROLLED_SYNTHETIC
H0000996,SME003077,WORKING_CAPITAL_LOAN,2020-12-08,606808.400000,32276.940000,True,CONTROLLED_SYNTHETIC
H0000997,SME003078,WORKING_CAPITAL_LOAN,2024-01-10,4067303.020000,77798.230000,True,CONTROLLED_SYNTHETIC
H0000998,SME003081,WORKING_CAPITAL_LOAN,2023-08-16,1005350.320000,11432.180000,True,CONTROLLED_SYNTHETIC
H0000999,SME003087,WORKING_CAPITAL_LOAN,2021-11-10,815061.780000,26179.880000,True,CONTROLLED_SYNTHETIC
H0001000,SME003088,WORKING_CAPITAL_LOAN,2020-02-22,4290685.930000,46327.390000,True,CONTROLLED_SYNTHETIC
H0001001,SME003089,WORKING_CAPITAL_LOAN,2021-09-29,867493.810000,40338.500000,True,CONTROLLED_SYNTHETIC
H0001002,SME003090,WORKING_CAPITAL_LOAN,2020-08-15,5060766.680000,119548.320000,True,CONTROLLED_SYNTHETIC
H0001003,SME003091,WORKING_CAPITAL_LOAN,2021-07-20,5923844.670000,210902.130000,True,CONTROLLED_SYNTHETIC
H0001004,SME003092,WORKING_CAPITAL_LOAN,2023-01-11,2352363.710000,47480.380000,True,CONTROLLED_SYNTHETIC
H0001005,SME003093,WORKING_CAPITAL_LOAN,2022-12-06,14521558.680000,83982.090000,True,CONTROLLED_SYNTHETIC
H0001006,SME003099,WORKING_CAPITAL_LOAN,2025-09-19,2787750.770000,60245.010000,True,CONTROLLED_SYNTHETIC
H0001007,SME003100,WORKING_CAPITAL_LOAN,2025-03-23,1452623.900000,26200.150000,True,CONTROLLED_SYNTHETIC
H0001008,SME003103,WORKING_CAPITAL_LOAN,2024-05-11,3066146.520000,143982.780000,True,CONTROLLED_SYNTHETIC
H0001009,SME003105,WORKING_CAPITAL_LOAN,2023-08-25,922159.190000,12107.670000,True,CONTROLLED_SYNTHETIC
H0001010,SME003106,WORKING_CAPITAL_LOAN,2021-07-13,9244824.930000,127212.630000,True,CONTROLLED_SYNTHETIC
H0001011,SME003107,WORKING_CAPITAL_LOAN,2022-06-07,1496054.980000,13750.520000,True,CONTROLLED_SYNTHETIC
H0001012,SME003109,WORKING_CAPITAL_LOAN,2023-09-01,7562223.990000,345180.090000,True,CONTROLLED_SYNTHETIC
H0001013,SME003110,WORKING_CAPITAL_LOAN,2020-07-28,1308811.410000,32620.200000,True,CONTROLLED_SYNTHETIC
H0001014,SME003111,WORKING_CAPITAL_LOAN,2025-05-07,6391276.370000,257986.570000,True,CONTROLLED_SYNTHETIC
H0001015,SME003112,WORKING_CAPITAL_LOAN,2022-09-20,1555394.440000,67237.280000,True,CONTROLLED_SYNTHETIC
H0001016,SME003114,WORKING_CAPITAL_LOAN,2024-01-22,3945959.560000,23061.650000,True,CONTROLLED_SYNTHETIC
H0001017,SME003116,WORKING_CAPITAL_LOAN,2025-07-04,3097754.210000,163136.000000,True,CONTROLLED_SYNTHETIC
H0001018,SME003121,WORKING_CAPITAL_LOAN,2025-06-12,1109332.090000,19136.540000,True,CONTROLLED_SYNTHETIC
H0001019,SME003122,WORKING_CAPITAL_LOAN,2022-10-10,3497987.030000,154215.520000,True,CONTROLLED_SYNTHETIC
H0001020,SME003125,WORKING_CAPITAL_LOAN,2023-11-03,737927.980000,13490.830000,True,CONTROLLED_SYNTHETIC
H0001021,SME003126,WORKING_CAPITAL_LOAN,2020-09-21,2685453.370000,108964.640000,True,CONTROLLED_SYNTHETIC
H0001022,SME003127,WORKING_CAPITAL_LOAN,2022-04-29,1718881.690000,41533.540000,True,CONTROLLED_SYNTHETIC
H0001023,SME003128,WORKING_CAPITAL_LOAN,2023-06-09,1797878.220000,82743.390000,True,CONTROLLED_SYNTHETIC
H0001024,SME003129,WORKING_CAPITAL_LOAN,2024-05-15,14811506.620000,691318.070000,True,CONTROLLED_SYNTHETIC
H0001025,SME003131,WORKING_CAPITAL_LOAN,2024-08-23,2909643.970000,64334.200000,True,CONTROLLED_SYNTHETIC
H0001026,SME003149,WORKING_CAPITAL_LOAN,2024-02-19,4838596.710000,94240.220000,True,CONTROLLED_SYNTHETIC
H0001027,SME003150,WORKING_CAPITAL_LOAN,2022-04-14,3589595.430000,94545.560000,True,CONTROLLED_SYNTHETIC
H0001028,SME003154,WORKING_CAPITAL_LOAN,2022-10-06,24580670.810000,523046.430000,True,CONTROLLED_SYNTHETIC
H0001029,SME003155,WORKING_CAPITAL_LOAN,2022-06-29,2343417.840000,94161.710000,True,CONTROLLED_SYNTHETIC
H0001030,SME003156,WORKING_CAPITAL_LOAN,2022-06-10,1255045.300000,64765.720000,True,CONTROLLED_SYNTHETIC
H0001031,SME003157,WORKING_CAPITAL_LOAN,2020-04-23,1013970.950000,19568.900000,True,CONTROLLED_SYNTHETIC
H0001032,SME003165,WORKING_CAPITAL_LOAN,2020-11-18,1267261.310000,22821.870000,True,CONTROLLED_SYNTHETIC
H0001033,SME003166,WORKING_CAPITAL_LOAN,2021-08-10,539011.500000,21632.610000,True,CONTROLLED_SYNTHETIC
H0001034,SME003167,WORKING_CAPITAL_LOAN,2021-03-23,220951.950000,9560.160000,True,CONTROLLED_SYNTHETIC
H0001035,SME003173,WORKING_CAPITAL_LOAN,2024-11-13,502170.320000,10093.810000,True,CONTROLLED_SYNTHETIC
H0001036,SME003178,WORKING_CAPITAL_LOAN,2023-10-17,6608017.620000,156212.020000,True,CONTROLLED_SYNTHETIC
H0001037,SME003179,WORKING_CAPITAL_LOAN,2024-10-29,1104262.780000,27124.230000,True,CONTROLLED_SYNTHETIC
H0001038,SME003180,WORKING_CAPITAL_LOAN,2022-02-12,39620401.730000,1936745.150000,True,CONTROLLED_SYNTHETIC
H0001039,SME003188,WORKING_CAPITAL_LOAN,2022-10-20,416364.400000,16333.640000,True,CONTROLLED_SYNTHETIC
H0001040,SME003189,WORKING_CAPITAL_LOAN,2022-07-03,4066712.760000,205686.840000,True,CONTROLLED_SYNTHETIC
H0001041,SME003194,WORKING_CAPITAL_LOAN,2024-05-22,3172961.800000,156487.170000,True,CONTROLLED_SYNTHETIC
H0001042,SME003197,WORKING_CAPITAL_LOAN,2024-12-03,2370598.290000,118019.170000,True,CONTROLLED_SYNTHETIC
H0001043,SME003200,WORKING_CAPITAL_LOAN,2022-11-24,3103477.650000,55141.180000,True,CONTROLLED_SYNTHETIC
H0001044,SME000003,POS_MERCHANT_ACQUIRING,2026-03-10,2848153.520000,84910.990000,True,CONTROLLED_SYNTHETIC
H0001045,SME000007,POS_MERCHANT_ACQUIRING,2025-09-27,4449384.880000,234058.680000,True,CONTROLLED_SYNTHETIC
H0001046,SME000009,POS_MERCHANT_ACQUIRING,2022-11-11,4293503.800000,122297.110000,True,CONTROLLED_SYNTHETIC
H0001047,SME000010,POS_MERCHANT_ACQUIRING,2023-10-17,7798765.120000,271574.220000,True,CONTROLLED_SYNTHETIC
H0001048,SME000012,POS_MERCHANT_ACQUIRING,2025-12-23,47560433.040000,1654023.740000,True,CONTROLLED_SYNTHETIC
H0001049,SME000013,POS_MERCHANT_ACQUIRING,2024-07-27,305648.720000,12252.360000,True,CONTROLLED_SYNTHETIC
H0001050,SME000015,POS_MERCHANT_ACQUIRING,2024-05-12,61398031.440000,1327214.940000,True,CONTROLLED_SYNTHETIC
H0001051,SME000019,POS_MERCHANT_ACQUIRING,2026-03-01,35040114.160000,680047.510000,True,CONTROLLED_SYNTHETIC
H0001052,SME000020,POS_MERCHANT_ACQUIRING,2024-06-03,2942340.720000,100862.340000,True,CONTROLLED_SYNTHETIC
H0001053,SME000022,POS_MERCHANT_ACQUIRING,2021-01-13,1171649.960000,45523.870000,True,CONTROLLED_SYNTHETIC
H0001054,SME000024,POS_MERCHANT_ACQUIRING,2026-01-05,311367.920000,3951.900000,True,CONTROLLED_SYNTHETIC
H0001055,SME000031,POS_MERCHANT_ACQUIRING,2024-07-29,3061106.160000,18056.480000,True,CONTROLLED_SYNTHETIC
H0001056,SME000033,POS_MERCHANT_ACQUIRING,2023-07-15,2863822.520000,45597.790000,True,CONTROLLED_SYNTHETIC
H0001057,SME000042,POS_MERCHANT_ACQUIRING,2023-03-31,2886979.600000,57457.800000,True,CONTROLLED_SYNTHETIC
H0001058,SME000046,POS_MERCHANT_ACQUIRING,2026-05-12,93777765.960000,3876364.990000,True,CONTROLLED_SYNTHETIC
H0001059,SME000050,POS_MERCHANT_ACQUIRING,2024-01-17,5484654.960000,256289.700000,True,CONTROLLED_SYNTHETIC
H0001060,SME000064,POS_MERCHANT_ACQUIRING,2025-08-14,214915.360000,6900.120000,True,CONTROLLED_SYNTHETIC
H0001061,SME000066,POS_MERCHANT_ACQUIRING,2025-07-01,1349461.600000,67025.220000,True,CONTROLLED_SYNTHETIC
H0001062,SME000067,POS_MERCHANT_ACQUIRING,2023-07-23,8567467.720000,315515.480000,True,CONTROLLED_SYNTHETIC
H0001063,SME000079,POS_MERCHANT_ACQUIRING,2024-02-25,477878.440000,6156.140000,True,CONTROLLED_SYNTHETIC
H0001064,SME000081,POS_MERCHANT_ACQUIRING,2023-03-16,49200333.480000,1400019.450000,True,CONTROLLED_SYNTHETIC
H0001065,SME000082,POS_MERCHANT_ACQUIRING,2024-03-19,11135832.120000,464863.740000,True,CONTROLLED_SYNTHETIC
H0001066,SME000085,POS_MERCHANT_ACQUIRING,2026-03-09,105764042.440000,2063380.820000,True,CONTROLLED_SYNTHETIC
H0001067,SME000088,POS_MERCHANT_ACQUIRING,2023-03-27,17150937.200000,323808.940000,True,CONTROLLED_SYNTHETIC
H0001068,SME000093,POS_MERCHANT_ACQUIRING,2022-12-22,4414966.680000,216878.410000,True,CONTROLLED_SYNTHETIC
H0001069,SME000097,POS_MERCHANT_ACQUIRING,2020-08-01,160272.200000,3863.580000,True,CONTROLLED_SYNTHETIC
H0001070,SME000100,POS_MERCHANT_ACQUIRING,2022-02-02,23830002.840000,298467.610000,True,CONTROLLED_SYNTHETIC
H0001071,SME000107,POS_MERCHANT_ACQUIRING,2020-08-13,500012.840000,24436.070000,True,CONTROLLED_SYNTHETIC
H0001072,SME000111,POS_MERCHANT_ACQUIRING,2025-02-23,891785.920000,40722.850000,True,CONTROLLED_SYNTHETIC
H0001073,SME000114,POS_MERCHANT_ACQUIRING,2021-03-23,217972.480000,5053.620000,True,CONTROLLED_SYNTHETIC
H0001074,SME000115,POS_MERCHANT_ACQUIRING,2022-12-26,520490.520000,8148.910000,True,CONTROLLED_SYNTHETIC
H0001075,SME000116,POS_MERCHANT_ACQUIRING,2023-11-15,11360562.000000,459324.060000,True,CONTROLLED_SYNTHETIC
H0001076,SME000121,POS_MERCHANT_ACQUIRING,2023-12-03,652128.200000,27450.150000,True,CONTROLLED_SYNTHETIC
H0001077,SME000122,POS_MERCHANT_ACQUIRING,2020-11-07,122801.120000,1194.500000,True,CONTROLLED_SYNTHETIC
H0001078,SME000135,POS_MERCHANT_ACQUIRING,2023-06-11,1477617.320000,28047.940000,True,CONTROLLED_SYNTHETIC
H0001079,SME000139,POS_MERCHANT_ACQUIRING,2020-11-10,457463.280000,3695.320000,True,CONTROLLED_SYNTHETIC
H0001080,SME000142,POS_MERCHANT_ACQUIRING,2021-12-02,12255914.640000,207819.780000,True,CONTROLLED_SYNTHETIC
H0001081,SME000144,POS_MERCHANT_ACQUIRING,2023-07-14,599856.760000,15944.250000,True,CONTROLLED_SYNTHETIC
H0001082,SME000145,POS_MERCHANT_ACQUIRING,2024-06-07,85668641.960000,3223445.190000,True,CONTROLLED_SYNTHETIC
H0001083,SME000147,POS_MERCHANT_ACQUIRING,2022-06-28,340371.640000,10716.080000,True,CONTROLLED_SYNTHETIC
H0001084,SME000149,POS_MERCHANT_ACQUIRING,2020-07-16,1685189.560000,32389.140000,True,CONTROLLED_SYNTHETIC
H0001085,SME000152,POS_MERCHANT_ACQUIRING,2025-01-19,4028407.880000,110474.590000,True,CONTROLLED_SYNTHETIC
H0001086,SME000153,POS_MERCHANT_ACQUIRING,2021-06-21,6732856.840000,35422.410000,True,CONTROLLED_SYNTHETIC
H0001087,SME000154,POS_MERCHANT_ACQUIRING,2024-11-08,293993.200000,2967.640000,True,CONTROLLED_SYNTHETIC
H0001088,SME000162,POS_MERCHANT_ACQUIRING,2023-11-23,43261301.280000,469733.330000,True,CONTROLLED_SYNTHETIC
H0001089,SME000168,POS_MERCHANT_ACQUIRING,2021-09-03,8559354.360000,203316.110000,True,CONTROLLED_SYNTHETIC
H0001090,SME000177,POS_MERCHANT_ACQUIRING,2023-11-06,445761.840000,17666.350000,True,CONTROLLED_SYNTHETIC
H0001091,SME000182,POS_MERCHANT_ACQUIRING,2025-12-24,283169.560000,6986.790000,True,CONTROLLED_SYNTHETIC
H0001092,SME000186,POS_MERCHANT_ACQUIRING,2021-04-29,1268595.560000,25891.000000,True,CONTROLLED_SYNTHETIC
H0001093,SME000207,POS_MERCHANT_ACQUIRING,2021-03-09,2812426.160000,148674.820000,True,CONTROLLED_SYNTHETIC
H0001094,SME000208,POS_MERCHANT_ACQUIRING,2025-10-17,12945587.720000,592911.610000,True,CONTROLLED_SYNTHETIC
H0001095,SME000210,POS_MERCHANT_ACQUIRING,2020-05-14,6210153.840000,205994.600000,True,CONTROLLED_SYNTHETIC
H0001096,SME000216,POS_MERCHANT_ACQUIRING,2022-05-26,6692123.040000,98607.430000,True,CONTROLLED_SYNTHETIC
H0001097,SME000217,POS_MERCHANT_ACQUIRING,2021-03-05,740370.920000,34484.260000,True,CONTROLLED_SYNTHETIC
H0001098,SME000222,POS_MERCHANT_ACQUIRING,2024-11-17,6184525.360000,113732.420000,True,CONTROLLED_SYNTHETIC
H0001099,SME000223,POS_MERCHANT_ACQUIRING,2023-02-13,6982057.960000,148900.420000,True,CONTROLLED_SYNTHETIC
H0001100,SME000224,POS_MERCHANT_ACQUIRING,2024-07-18,3744995.280000,188394.830000,True,CONTROLLED_SYNTHETIC
H0001101,SME000225,POS_MERCHANT_ACQUIRING,2025-08-03,90290898.080000,2851430.800000,True,CONTROLLED_SYNTHETIC
H0001102,SME000227,POS_MERCHANT_ACQUIRING,2020-11-30,543957.760000,10787.520000,True,CONTROLLED_SYNTHETIC
H0001103,SME000228,POS_MERCHANT_ACQUIRING,2022-10-19,1427776.480000,15870.770000,True,CONTROLLED_SYNTHETIC
H0001104,SME000229,POS_MERCHANT_ACQUIRING,2023-10-15,1675262.160000,66094.460000,True,CONTROLLED_SYNTHETIC
H0001105,SME000232,POS_MERCHANT_ACQUIRING,2023-05-31,9209300.360000,372264.860000,True,CONTROLLED_SYNTHETIC
H0001106,SME000237,POS_MERCHANT_ACQUIRING,2024-03-31,849797.560000,17284.770000,True,CONTROLLED_SYNTHETIC
H0001107,SME000238,POS_MERCHANT_ACQUIRING,2020-02-03,1163800.280000,36194.910000,True,CONTROLLED_SYNTHETIC
H0001108,SME000243,POS_MERCHANT_ACQUIRING,2024-03-15,3439193.120000,86563.360000,True,CONTROLLED_SYNTHETIC
H0001109,SME000247,POS_MERCHANT_ACQUIRING,2025-01-16,150739.040000,5189.000000,True,CONTROLLED_SYNTHETIC
H0001110,SME000248,POS_MERCHANT_ACQUIRING,2020-07-09,681513.840000,19052.050000,True,CONTROLLED_SYNTHETIC
H0001111,SME000249,POS_MERCHANT_ACQUIRING,2024-06-19,22744821.040000,390450.480000,True,CONTROLLED_SYNTHETIC
H0001112,SME000256,POS_MERCHANT_ACQUIRING,2025-03-25,10354256.000000,518301.390000,True,CONTROLLED_SYNTHETIC
H0001113,SME000257,POS_MERCHANT_ACQUIRING,2021-02-08,340605.200000,13426.490000,True,CONTROLLED_SYNTHETIC
H0001114,SME000265,POS_MERCHANT_ACQUIRING,2023-03-15,78134.480000,2118.630000,True,CONTROLLED_SYNTHETIC
H0001115,SME000267,POS_MERCHANT_ACQUIRING,2024-10-10,2467059.760000,38763.220000,True,CONTROLLED_SYNTHETIC
H0001116,SME000276,POS_MERCHANT_ACQUIRING,2022-08-09,105978.640000,5514.180000,True,CONTROLLED_SYNTHETIC
H0001117,SME000277,POS_MERCHANT_ACQUIRING,2020-12-06,339769.080000,5066.520000,True,CONTROLLED_SYNTHETIC
H0001118,SME000288,POS_MERCHANT_ACQUIRING,2024-02-14,57232675.760000,813469.990000,True,CONTROLLED_SYNTHETIC
H0001119,SME000292,POS_MERCHANT_ACQUIRING,2020-06-10,24318394.200000,153803.020000,True,CONTROLLED_SYNTHETIC
H0001120,SME000297,POS_MERCHANT_ACQUIRING,2020-08-02,1546206.320000,72452.030000,True,CONTROLLED_SYNTHETIC
H0001121,SME000302,POS_MERCHANT_ACQUIRING,2021-12-06,391855.080000,16185.510000,True,CONTROLLED_SYNTHETIC
H0001122,SME000303,POS_MERCHANT_ACQUIRING,2020-08-03,14198249.000000,174945.460000,True,CONTROLLED_SYNTHETIC
H0001123,SME000315,POS_MERCHANT_ACQUIRING,2024-05-02,2278433.880000,109447.820000,True,CONTROLLED_SYNTHETIC
H0001124,SME000324,POS_MERCHANT_ACQUIRING,2021-02-12,12031380.240000,72755.840000,True,CONTROLLED_SYNTHETIC
H0001125,SME000329,POS_MERCHANT_ACQUIRING,2021-09-25,10342017.200000,528664.370000,True,CONTROLLED_SYNTHETIC
H0001126,SME000338,POS_MERCHANT_ACQUIRING,2023-05-07,5311380.120000,274717.060000,True,CONTROLLED_SYNTHETIC
H0001127,SME000340,POS_MERCHANT_ACQUIRING,2020-12-05,2065893.640000,91720.920000,True,CONTROLLED_SYNTHETIC
H0001128,SME000342,POS_MERCHANT_ACQUIRING,2022-12-17,3857030.320000,89733.400000,True,CONTROLLED_SYNTHETIC
H0001129,SME000349,POS_MERCHANT_ACQUIRING,2023-07-26,174593550.200000,6322429.430000,True,CONTROLLED_SYNTHETIC
H0001130,SME000355,POS_MERCHANT_ACQUIRING,2023-12-15,9695450.440000,261420.160000,True,CONTROLLED_SYNTHETIC
H0001131,SME000359,POS_MERCHANT_ACQUIRING,2026-02-20,11122037.440000,270542.510000,True,CONTROLLED_SYNTHETIC
H0001132,SME000364,POS_MERCHANT_ACQUIRING,2022-11-29,204726.760000,4784.120000,True,CONTROLLED_SYNTHETIC
H0001133,SME000368,POS_MERCHANT_ACQUIRING,2025-12-21,1748734.080000,59545.800000,True,CONTROLLED_SYNTHETIC
H0001134,SME000372,POS_MERCHANT_ACQUIRING,2021-08-15,45728156.800000,1933960.610000,True,CONTROLLED_SYNTHETIC
H0001135,SME000376,POS_MERCHANT_ACQUIRING,2020-08-25,4022410.640000,191599.160000,True,CONTROLLED_SYNTHETIC
H0001136,SME000377,POS_MERCHANT_ACQUIRING,2020-07-23,2381764.800000,19546.210000,True,CONTROLLED_SYNTHETIC
H0001137,SME000381,POS_MERCHANT_ACQUIRING,2025-10-04,1988719.200000,71760.500000,True,CONTROLLED_SYNTHETIC
H0001138,SME000386,POS_MERCHANT_ACQUIRING,2021-02-23,12917267.320000,456193.650000,True,CONTROLLED_SYNTHETIC
H0001139,SME000387,POS_MERCHANT_ACQUIRING,2026-05-09,297225.520000,2269.790000,True,CONTROLLED_SYNTHETIC
H0001140,SME000388,POS_MERCHANT_ACQUIRING,2025-12-07,10826345.240000,567177.190000,True,CONTROLLED_SYNTHETIC
H0001141,SME000396,POS_MERCHANT_ACQUIRING,2023-03-01,443904.320000,19995.020000,True,CONTROLLED_SYNTHETIC
H0001142,SME000399,POS_MERCHANT_ACQUIRING,2023-06-12,72413883.520000,1245470.370000,True,CONTROLLED_SYNTHETIC
H0001143,SME000402,POS_MERCHANT_ACQUIRING,2023-09-28,6858869.320000,260957.830000,True,CONTROLLED_SYNTHETIC
H0001144,SME000404,POS_MERCHANT_ACQUIRING,2020-08-02,909230.440000,37253.250000,True,CONTROLLED_SYNTHETIC
H0001145,SME000413,POS_MERCHANT_ACQUIRING,2023-08-03,680435.520000,15386.860000,True,CONTROLLED_SYNTHETIC
H0001146,SME000416,POS_MERCHANT_ACQUIRING,2023-03-14,6248385.960000,260242.120000,True,CONTROLLED_SYNTHETIC
H0001147,SME000419,POS_MERCHANT_ACQUIRING,2025-07-25,128964.240000,5541.000000,True,CONTROLLED_SYNTHETIC
H0001148,SME000428,POS_MERCHANT_ACQUIRING,2023-02-27,6489627.240000,90538.360000,True,CONTROLLED_SYNTHETIC
H0001149,SME000434,POS_MERCHANT_ACQUIRING,2026-01-26,20931575.160000,283693.510000,True,CONTROLLED_SYNTHETIC
H0001150,SME000436,POS_MERCHANT_ACQUIRING,2023-12-10,8610524.360000,250296.910000,True,CONTROLLED_SYNTHETIC
H0001151,SME000441,POS_MERCHANT_ACQUIRING,2025-04-13,4938472.680000,48695.170000,True,CONTROLLED_SYNTHETIC
H0001152,SME000442,POS_MERCHANT_ACQUIRING,2022-08-27,1906662.040000,25091.170000,True,CONTROLLED_SYNTHETIC
H0001153,SME000444,POS_MERCHANT_ACQUIRING,2023-06-27,8446939.160000,238142.050000,True,CONTROLLED_SYNTHETIC
H0001154,SME000447,POS_MERCHANT_ACQUIRING,2020-02-22,568304.360000,23027.950000,True,CONTROLLED_SYNTHETIC
H0001155,SME000450,POS_MERCHANT_ACQUIRING,2024-10-15,5215861.280000,57375.120000,True,CONTROLLED_SYNTHETIC
H0001156,SME000454,POS_MERCHANT_ACQUIRING,2021-11-14,850806.240000,30776.970000,True,CONTROLLED_SYNTHETIC
H0001157,SME000462,POS_MERCHANT_ACQUIRING,2022-11-13,753411.200000,35095.320000,True,CONTROLLED_SYNTHETIC
H0001158,SME000464,POS_MERCHANT_ACQUIRING,2025-02-20,209189092.480000,3099477.470000,True,CONTROLLED_SYNTHETIC
H0001159,SME000466,POS_MERCHANT_ACQUIRING,2023-02-19,4159785.800000,223968.850000,True,CONTROLLED_SYNTHETIC
H0001160,SME000472,POS_MERCHANT_ACQUIRING,2021-02-26,11558296.800000,428561.620000,True,CONTROLLED_SYNTHETIC
H0001161,SME000475,POS_MERCHANT_ACQUIRING,2020-10-28,735806.960000,30018.170000,True,CONTROLLED_SYNTHETIC
H0001162,SME000476,POS_MERCHANT_ACQUIRING,2026-05-08,324882.080000,4272.380000,True,CONTROLLED_SYNTHETIC
H0001163,SME000477,POS_MERCHANT_ACQUIRING,2026-05-21,1077798.520000,46521.990000,True,CONTROLLED_SYNTHETIC
H0001164,SME000478,POS_MERCHANT_ACQUIRING,2021-01-10,432882.760000,21987.680000,True,CONTROLLED_SYNTHETIC
H0001165,SME000480,POS_MERCHANT_ACQUIRING,2024-06-09,6370503.320000,107610.130000,True,CONTROLLED_SYNTHETIC
H0001166,SME000483,POS_MERCHANT_ACQUIRING,2024-07-21,327406.640000,3287.400000,True,CONTROLLED_SYNTHETIC
H0001167,SME000484,POS_MERCHANT_ACQUIRING,2022-12-16,3486340.680000,71346.870000,True,CONTROLLED_SYNTHETIC
H0001168,SME000490,POS_MERCHANT_ACQUIRING,2023-08-17,47509049.840000,2090693.130000,True,CONTROLLED_SYNTHETIC
H0001169,SME000499,POS_MERCHANT_ACQUIRING,2026-05-11,1083714.440000,6656.260000,True,CONTROLLED_SYNTHETIC
H0001170,SME000500,POS_MERCHANT_ACQUIRING,2021-09-18,1934109.600000,25625.900000,True,CONTROLLED_SYNTHETIC
H0001171,SME000506,POS_MERCHANT_ACQUIRING,2020-05-31,24345653.640000,177019.580000,True,CONTROLLED_SYNTHETIC
H0001172,SME000513,POS_MERCHANT_ACQUIRING,2024-01-16,14316154.560000,290386.110000,True,CONTROLLED_SYNTHETIC
H0001173,SME000517,POS_MERCHANT_ACQUIRING,2022-05-15,6676110.480000,322130.970000,True,CONTROLLED_SYNTHETIC
H0001174,SME000529,POS_MERCHANT_ACQUIRING,2022-08-04,343782.000000,8817.960000,True,CONTROLLED_SYNTHETIC
H0001175,SME000531,POS_MERCHANT_ACQUIRING,2022-11-04,639904.480000,10787.120000,True,CONTROLLED_SYNTHETIC
H0001176,SME000532,POS_MERCHANT_ACQUIRING,2021-05-07,623680.880000,9284.730000,True,CONTROLLED_SYNTHETIC
H0001177,SME000533,POS_MERCHANT_ACQUIRING,2021-12-13,3602272.520000,193987.140000,True,CONTROLLED_SYNTHETIC
H0001178,SME000535,POS_MERCHANT_ACQUIRING,2020-10-05,13650998.840000,291755.720000,True,CONTROLLED_SYNTHETIC
H0001179,SME000541,POS_MERCHANT_ACQUIRING,2024-04-06,17354080.480000,735243.710000,True,CONTROLLED_SYNTHETIC
H0001180,SME000543,POS_MERCHANT_ACQUIRING,2023-04-16,366144.400000,17049.310000,True,CONTROLLED_SYNTHETIC
H0001181,SME000549,POS_MERCHANT_ACQUIRING,2026-04-16,242605.920000,10845.620000,True,CONTROLLED_SYNTHETIC
H0001182,SME000562,POS_MERCHANT_ACQUIRING,2023-07-30,8662815.040000,62324.600000,True,CONTROLLED_SYNTHETIC
H0001183,SME000565,POS_MERCHANT_ACQUIRING,2020-11-28,425999.640000,22339.010000,True,CONTROLLED_SYNTHETIC
H0001184,SME000569,POS_MERCHANT_ACQUIRING,2024-02-10,1918791.880000,91503.010000,True,CONTROLLED_SYNTHETIC
H0001185,SME000571,POS_MERCHANT_ACQUIRING,2023-07-31,271932.920000,8834.990000,True,CONTROLLED_SYNTHETIC
H0001186,SME000578,POS_MERCHANT_ACQUIRING,2021-09-18,2347940.960000,98305.220000,True,CONTROLLED_SYNTHETIC
H0001187,SME000579,POS_MERCHANT_ACQUIRING,2025-01-31,3858211.880000,131785.500000,True,CONTROLLED_SYNTHETIC
H0001188,SME000584,POS_MERCHANT_ACQUIRING,2022-06-05,78713813.960000,1873609.430000,True,CONTROLLED_SYNTHETIC
H0001189,SME000586,POS_MERCHANT_ACQUIRING,2020-08-17,829703.280000,10681.960000,True,CONTROLLED_SYNTHETIC
H0001190,SME000590,POS_MERCHANT_ACQUIRING,2025-11-08,5430805.960000,141522.530000,True,CONTROLLED_SYNTHETIC
H0001191,SME000591,POS_MERCHANT_ACQUIRING,2021-03-10,265976.720000,13007.230000,True,CONTROLLED_SYNTHETIC
H0001192,SME000593,POS_MERCHANT_ACQUIRING,2025-10-06,3633252.440000,120462.470000,True,CONTROLLED_SYNTHETIC
H0001193,SME000597,POS_MERCHANT_ACQUIRING,2021-03-25,21039002.880000,1129942.230000,True,CONTROLLED_SYNTHETIC
H0001194,SME000598,POS_MERCHANT_ACQUIRING,2022-05-16,551824.200000,18478.760000,True,CONTROLLED_SYNTHETIC
H0001195,SME000607,POS_MERCHANT_ACQUIRING,2021-01-17,45467443.840000,877305.190000,True,CONTROLLED_SYNTHETIC
H0001196,SME000608,POS_MERCHANT_ACQUIRING,2022-02-17,440953.200000,7261.870000,True,CONTROLLED_SYNTHETIC
H0001197,SME000610,POS_MERCHANT_ACQUIRING,2023-01-14,339422.240000,6260.410000,True,CONTROLLED_SYNTHETIC
H0001198,SME000612,POS_MERCHANT_ACQUIRING,2025-04-05,7572212.280000,331517.140000,True,CONTROLLED_SYNTHETIC
H0001199,SME000615,POS_MERCHANT_ACQUIRING,2021-01-12,2074174.480000,97285.800000,True,CONTROLLED_SYNTHETIC
H0001200,SME000620,POS_MERCHANT_ACQUIRING,2023-06-24,8155695.560000,144593.430000,True,CONTROLLED_SYNTHETIC
H0001201,SME000624,POS_MERCHANT_ACQUIRING,2026-05-13,22889028.480000,1022262.130000,True,CONTROLLED_SYNTHETIC
H0001202,SME000626,POS_MERCHANT_ACQUIRING,2021-02-01,625770.240000,26121.880000,True,CONTROLLED_SYNTHETIC
H0001203,SME000641,POS_MERCHANT_ACQUIRING,2023-11-10,776282.520000,41643.790000,True,CONTROLLED_SYNTHETIC
H0001204,SME000643,POS_MERCHANT_ACQUIRING,2025-08-08,6509301.840000,285182.150000,True,CONTROLLED_SYNTHETIC
H0001205,SME000645,POS_MERCHANT_ACQUIRING,2021-02-17,331077.600000,7475.710000,True,CONTROLLED_SYNTHETIC
H0001206,SME000647,POS_MERCHANT_ACQUIRING,2025-09-05,176774.800000,3302.350000,True,CONTROLLED_SYNTHETIC
H0001207,SME000655,POS_MERCHANT_ACQUIRING,2025-05-18,423625.560000,4116.270000,True,CONTROLLED_SYNTHETIC
H0001208,SME000661,POS_MERCHANT_ACQUIRING,2025-10-07,335672.240000,11233.080000,True,CONTROLLED_SYNTHETIC
H0001209,SME000667,POS_MERCHANT_ACQUIRING,2022-06-02,554913.880000,10990.460000,True,CONTROLLED_SYNTHETIC
H0001210,SME000668,POS_MERCHANT_ACQUIRING,2024-09-09,5484089.200000,262050.440000,True,CONTROLLED_SYNTHETIC
H0001211,SME000669,POS_MERCHANT_ACQUIRING,2024-04-30,1802602.000000,45698.930000,True,CONTROLLED_SYNTHETIC
H0001212,SME000673,POS_MERCHANT_ACQUIRING,2025-05-22,850649.760000,21044.140000,True,CONTROLLED_SYNTHETIC
H0001213,SME000675,POS_MERCHANT_ACQUIRING,2024-10-22,11409513.920000,204182.430000,True,CONTROLLED_SYNTHETIC
H0001214,SME000676,POS_MERCHANT_ACQUIRING,2025-12-15,32780951.920000,1088598.550000,True,CONTROLLED_SYNTHETIC
H0001215,SME000677,POS_MERCHANT_ACQUIRING,2025-03-28,279953.560000,11240.010000,True,CONTROLLED_SYNTHETIC
H0001216,SME000681,POS_MERCHANT_ACQUIRING,2021-05-16,570463.000000,23691.610000,True,CONTROLLED_SYNTHETIC
H0001217,SME000682,POS_MERCHANT_ACQUIRING,2021-09-03,4359555.160000,81262.620000,True,CONTROLLED_SYNTHETIC
H0001218,SME000683,POS_MERCHANT_ACQUIRING,2025-07-09,104648743.400000,4141220.520000,True,CONTROLLED_SYNTHETIC
H0001219,SME000685,POS_MERCHANT_ACQUIRING,2021-09-09,3442314.400000,67879.490000,True,CONTROLLED_SYNTHETIC
H0001220,SME000690,POS_MERCHANT_ACQUIRING,2021-11-17,21964347.120000,134653.510000,True,CONTROLLED_SYNTHETIC
H0001221,SME000694,POS_MERCHANT_ACQUIRING,2020-11-14,11179817.280000,224577.990000,True,CONTROLLED_SYNTHETIC
H0001222,SME000695,POS_MERCHANT_ACQUIRING,2023-05-11,1288414.960000,38007.990000,True,CONTROLLED_SYNTHETIC
H0001223,SME000696,POS_MERCHANT_ACQUIRING,2026-03-31,1191569.320000,10378.620000,True,CONTROLLED_SYNTHETIC
H0001224,SME000698,POS_MERCHANT_ACQUIRING,2025-07-02,2611445.040000,61314.870000,True,CONTROLLED_SYNTHETIC
H0001225,SME000699,POS_MERCHANT_ACQUIRING,2024-10-11,54126449.880000,658406.300000,True,CONTROLLED_SYNTHETIC
H0001226,SME000702,POS_MERCHANT_ACQUIRING,2023-08-07,20359290.600000,923624.150000,True,CONTROLLED_SYNTHETIC
H0001227,SME000706,POS_MERCHANT_ACQUIRING,2021-02-24,2198358.040000,84114.530000,True,CONTROLLED_SYNTHETIC
H0001228,SME000707,POS_MERCHANT_ACQUIRING,2022-06-04,279895.520000,13498.600000,True,CONTROLLED_SYNTHETIC
H0001229,SME000709,POS_MERCHANT_ACQUIRING,2025-03-13,5864423.920000,247193.900000,True,CONTROLLED_SYNTHETIC
H0001230,SME000713,POS_MERCHANT_ACQUIRING,2026-04-05,1937754.400000,15383.610000,True,CONTROLLED_SYNTHETIC
H0001231,SME000716,POS_MERCHANT_ACQUIRING,2021-04-11,35503418.040000,1644956.690000,True,CONTROLLED_SYNTHETIC
H0001232,SME000723,POS_MERCHANT_ACQUIRING,2025-11-10,153790.720000,3771.010000,True,CONTROLLED_SYNTHETIC
H0001233,SME000729,POS_MERCHANT_ACQUIRING,2020-02-23,2503731.520000,50751.950000,True,CONTROLLED_SYNTHETIC
H0001234,SME000730,POS_MERCHANT_ACQUIRING,2025-07-12,883049.080000,42040.890000,True,CONTROLLED_SYNTHETIC
H0001235,SME000734,POS_MERCHANT_ACQUIRING,2024-10-25,2939031.360000,23533.620000,True,CONTROLLED_SYNTHETIC
H0001236,SME000739,POS_MERCHANT_ACQUIRING,2021-05-16,6760420.080000,86978.400000,True,CONTROLLED_SYNTHETIC
H0001237,SME000744,POS_MERCHANT_ACQUIRING,2024-08-31,412615.800000,2250.390000,True,CONTROLLED_SYNTHETIC
H0001238,SME000749,POS_MERCHANT_ACQUIRING,2022-04-03,190613.040000,2667.700000,True,CONTROLLED_SYNTHETIC
H0001239,SME000752,POS_MERCHANT_ACQUIRING,2021-12-18,3867100.640000,83763.360000,True,CONTROLLED_SYNTHETIC
H0001240,SME000754,POS_MERCHANT_ACQUIRING,2025-06-27,13422143.960000,719125.110000,True,CONTROLLED_SYNTHETIC
H0001241,SME000756,POS_MERCHANT_ACQUIRING,2020-02-15,11663642.120000,553437.860000,True,CONTROLLED_SYNTHETIC
H0001242,SME000758,POS_MERCHANT_ACQUIRING,2026-04-07,75643.200000,3069.210000,True,CONTROLLED_SYNTHETIC
H0001243,SME000766,POS_MERCHANT_ACQUIRING,2024-03-18,10053396.520000,349284.150000,True,CONTROLLED_SYNTHETIC
H0001244,SME000775,POS_MERCHANT_ACQUIRING,2025-04-09,13163995.760000,183593.950000,True,CONTROLLED_SYNTHETIC
H0001245,SME000780,POS_MERCHANT_ACQUIRING,2026-01-11,60672.840000,570.410000,True,CONTROLLED_SYNTHETIC
H0001246,SME000781,POS_MERCHANT_ACQUIRING,2024-04-27,611837.920000,20433.090000,True,CONTROLLED_SYNTHETIC
H0001247,SME000782,POS_MERCHANT_ACQUIRING,2022-02-10,2102488.440000,42789.300000,True,CONTROLLED_SYNTHETIC
H0001248,SME000786,POS_MERCHANT_ACQUIRING,2020-12-28,11879799.800000,650892.730000,True,CONTROLLED_SYNTHETIC
H0001249,SME000789,POS_MERCHANT_ACQUIRING,2023-10-21,1136651.040000,22563.610000,True,CONTROLLED_SYNTHETIC
H0001250,SME000790,POS_MERCHANT_ACQUIRING,2026-04-08,2878464.320000,129727.960000,True,CONTROLLED_SYNTHETIC
H0001251,SME000792,POS_MERCHANT_ACQUIRING,2020-04-22,10902852.080000,554464.490000,True,CONTROLLED_SYNTHETIC
H0001252,SME000795,POS_MERCHANT_ACQUIRING,2025-12-13,14941592.800000,803923.420000,True,CONTROLLED_SYNTHETIC
H0001253,SME000800,POS_MERCHANT_ACQUIRING,2022-03-08,35524762.320000,1466945.340000,True,CONTROLLED_SYNTHETIC
H0001254,SME000804,POS_MERCHANT_ACQUIRING,2024-03-08,2099376.880000,42157.490000,True,CONTROLLED_SYNTHETIC
H0001255,SME000811,POS_MERCHANT_ACQUIRING,2022-07-09,2477569.880000,100764.680000,True,CONTROLLED_SYNTHETIC
H0001256,SME000816,POS_MERCHANT_ACQUIRING,2025-11-23,13413494.520000,406218.780000,True,CONTROLLED_SYNTHETIC
H0001257,SME000817,POS_MERCHANT_ACQUIRING,2024-09-05,538110.800000,24790.630000,True,CONTROLLED_SYNTHETIC
H0001258,SME000818,POS_MERCHANT_ACQUIRING,2024-11-14,1489016.480000,40897.770000,True,CONTROLLED_SYNTHETIC
H0001259,SME000820,POS_MERCHANT_ACQUIRING,2025-03-16,252692.160000,6692.030000,True,CONTROLLED_SYNTHETIC
H0001260,SME000825,POS_MERCHANT_ACQUIRING,2021-01-22,8837095.760000,319923.630000,True,CONTROLLED_SYNTHETIC
H0001261,SME000826,POS_MERCHANT_ACQUIRING,2021-03-01,4312150.040000,208525.470000,True,CONTROLLED_SYNTHETIC
H0001262,SME000830,POS_MERCHANT_ACQUIRING,2022-10-12,5093976.400000,183650.560000,True,CONTROLLED_SYNTHETIC
H0001263,SME000837,POS_MERCHANT_ACQUIRING,2025-02-04,2300454.680000,72897.920000,True,CONTROLLED_SYNTHETIC
H0001264,SME000838,POS_MERCHANT_ACQUIRING,2023-01-02,113403.600000,4396.780000,True,CONTROLLED_SYNTHETIC
H0001265,SME000839,POS_MERCHANT_ACQUIRING,2024-04-10,530674.120000,18105.250000,True,CONTROLLED_SYNTHETIC
H0001266,SME000844,POS_MERCHANT_ACQUIRING,2020-02-19,12898860.440000,433000.290000,True,CONTROLLED_SYNTHETIC
H0001267,SME000846,POS_MERCHANT_ACQUIRING,2023-12-19,809249.920000,22632.630000,True,CONTROLLED_SYNTHETIC
H0001268,SME000849,POS_MERCHANT_ACQUIRING,2022-11-11,202730.640000,7228.050000,True,CONTROLLED_SYNTHETIC
H0001269,SME000851,POS_MERCHANT_ACQUIRING,2026-04-29,8306659.560000,288684.740000,True,CONTROLLED_SYNTHETIC
H0001270,SME000852,POS_MERCHANT_ACQUIRING,2020-06-13,7370513.960000,298770.050000,True,CONTROLLED_SYNTHETIC
H0001271,SME000854,POS_MERCHANT_ACQUIRING,2025-08-15,1018655.120000,29218.440000,True,CONTROLLED_SYNTHETIC
H0001272,SME000855,POS_MERCHANT_ACQUIRING,2021-08-29,10074619.000000,491120.980000,True,CONTROLLED_SYNTHETIC
H0001273,SME000856,POS_MERCHANT_ACQUIRING,2021-08-11,402574.360000,11542.690000,True,CONTROLLED_SYNTHETIC
H0001274,SME000865,POS_MERCHANT_ACQUIRING,2025-08-06,3652132.440000,101490.690000,True,CONTROLLED_SYNTHETIC
H0001275,SME000868,POS_MERCHANT_ACQUIRING,2025-10-30,9735830.200000,108092.930000,True,CONTROLLED_SYNTHETIC
H0001276,SME000869,POS_MERCHANT_ACQUIRING,2020-08-02,1049871.640000,25641.190000,True,CONTROLLED_SYNTHETIC
H0001277,SME000871,POS_MERCHANT_ACQUIRING,2024-05-17,1932452.880000,78851.340000,True,CONTROLLED_SYNTHETIC
H0001278,SME000873,POS_MERCHANT_ACQUIRING,2023-07-30,3753550.000000,61009.090000,True,CONTROLLED_SYNTHETIC
H0001279,SME000874,POS_MERCHANT_ACQUIRING,2022-01-24,111201.960000,5537.090000,True,CONTROLLED_SYNTHETIC
H0001280,SME000881,POS_MERCHANT_ACQUIRING,2021-06-22,20665512.760000,658879.540000,True,CONTROLLED_SYNTHETIC
H0001281,SME000882,POS_MERCHANT_ACQUIRING,2023-07-31,47908665.520000,1282100.690000,True,CONTROLLED_SYNTHETIC
H0001282,SME000883,POS_MERCHANT_ACQUIRING,2024-11-05,1181756.800000,55855.050000,True,CONTROLLED_SYNTHETIC
H0001283,SME000886,POS_MERCHANT_ACQUIRING,2026-04-07,295796.960000,9672.680000,True,CONTROLLED_SYNTHETIC
H0001284,SME000890,POS_MERCHANT_ACQUIRING,2024-06-14,454540.280000,4338.550000,True,CONTROLLED_SYNTHETIC
H0001285,SME000892,POS_MERCHANT_ACQUIRING,2020-04-14,2862485.600000,59399.440000,True,CONTROLLED_SYNTHETIC
H0001286,SME000906,POS_MERCHANT_ACQUIRING,2021-08-06,518746.840000,11720.040000,True,CONTROLLED_SYNTHETIC
H0001287,SME000909,POS_MERCHANT_ACQUIRING,2025-08-25,2947936.760000,66230.750000,True,CONTROLLED_SYNTHETIC
H0001288,SME000912,POS_MERCHANT_ACQUIRING,2025-07-02,637670.360000,6626.920000,True,CONTROLLED_SYNTHETIC
H0001289,SME000914,POS_MERCHANT_ACQUIRING,2025-08-20,323062.880000,1298.830000,True,CONTROLLED_SYNTHETIC
H0001290,SME000916,POS_MERCHANT_ACQUIRING,2021-11-20,307824.880000,11419.080000,True,CONTROLLED_SYNTHETIC
H0001291,SME000924,POS_MERCHANT_ACQUIRING,2023-05-07,4452809.480000,221580.750000,True,CONTROLLED_SYNTHETIC
H0001292,SME000929,POS_MERCHANT_ACQUIRING,2025-01-28,209216045.520000,11209429.190000,True,CONTROLLED_SYNTHETIC
H0001293,SME000953,POS_MERCHANT_ACQUIRING,2025-03-31,3309281.120000,26112.150000,True,CONTROLLED_SYNTHETIC
H0001294,SME000956,POS_MERCHANT_ACQUIRING,2021-03-26,896714.520000,24838.400000,True,CONTROLLED_SYNTHETIC
H0001295,SME000967,POS_MERCHANT_ACQUIRING,2022-04-20,245458.000000,3166.130000,True,CONTROLLED_SYNTHETIC
H0001296,SME000972,POS_MERCHANT_ACQUIRING,2024-10-24,24448563.360000,294674.810000,True,CONTROLLED_SYNTHETIC
H0001297,SME000981,POS_MERCHANT_ACQUIRING,2025-09-03,1056675.800000,7636.710000,True,CONTROLLED_SYNTHETIC
H0001298,SME000986,POS_MERCHANT_ACQUIRING,2020-04-08,3771735.560000,100746.530000,True,CONTROLLED_SYNTHETIC
H0001299,SME000990,POS_MERCHANT_ACQUIRING,2025-11-16,3924655.760000,141352.100000,True,CONTROLLED_SYNTHETIC
H0001300,SME000992,POS_MERCHANT_ACQUIRING,2023-06-21,8105038.960000,85124.000000,True,CONTROLLED_SYNTHETIC
H0001301,SME000996,POS_MERCHANT_ACQUIRING,2023-04-09,5089966.040000,209332.650000,True,CONTROLLED_SYNTHETIC
H0001302,SME001001,POS_MERCHANT_ACQUIRING,2025-05-17,544257.080000,28887.630000,True,CONTROLLED_SYNTHETIC
H0001303,SME001004,POS_MERCHANT_ACQUIRING,2024-02-10,1173090.600000,24003.830000,True,CONTROLLED_SYNTHETIC
H0001304,SME001005,POS_MERCHANT_ACQUIRING,2023-06-06,649678.440000,29216.620000,True,CONTROLLED_SYNTHETIC
H0001305,SME001006,POS_MERCHANT_ACQUIRING,2025-08-15,3284085.680000,119871.640000,True,CONTROLLED_SYNTHETIC
H0001306,SME001017,POS_MERCHANT_ACQUIRING,2022-07-06,46223426.760000,941550.830000,True,CONTROLLED_SYNTHETIC
H0001307,SME001024,POS_MERCHANT_ACQUIRING,2024-06-07,2002801.160000,88200.190000,True,CONTROLLED_SYNTHETIC
H0001308,SME001025,POS_MERCHANT_ACQUIRING,2022-10-27,460199.000000,9080.090000,True,CONTROLLED_SYNTHETIC
H0001309,SME001032,POS_MERCHANT_ACQUIRING,2024-05-09,1420705.240000,42773.880000,True,CONTROLLED_SYNTHETIC
H0001310,SME001039,POS_MERCHANT_ACQUIRING,2023-04-06,4549852.680000,46670.240000,True,CONTROLLED_SYNTHETIC
H0001311,SME001041,POS_MERCHANT_ACQUIRING,2024-09-01,2723418.520000,141999.650000,True,CONTROLLED_SYNTHETIC
H0001312,SME001054,POS_MERCHANT_ACQUIRING,2022-01-25,895587.320000,45880.670000,True,CONTROLLED_SYNTHETIC
H0001313,SME001058,POS_MERCHANT_ACQUIRING,2026-05-12,278755.520000,11048.430000,True,CONTROLLED_SYNTHETIC
H0001314,SME001060,POS_MERCHANT_ACQUIRING,2024-12-17,614340.120000,11275.790000,True,CONTROLLED_SYNTHETIC
H0001315,SME001068,POS_MERCHANT_ACQUIRING,2020-06-17,375014.600000,2564.750000,True,CONTROLLED_SYNTHETIC
H0001316,SME001082,POS_MERCHANT_ACQUIRING,2023-04-26,29058145.760000,364497.870000,True,CONTROLLED_SYNTHETIC
H0001317,SME001084,POS_MERCHANT_ACQUIRING,2025-09-20,4682033.600000,72455.280000,True,CONTROLLED_SYNTHETIC
H0001318,SME001094,POS_MERCHANT_ACQUIRING,2020-02-12,778870.520000,26226.110000,True,CONTROLLED_SYNTHETIC
H0001319,SME001100,POS_MERCHANT_ACQUIRING,2021-09-21,12812554.480000,153479.330000,True,CONTROLLED_SYNTHETIC
H0001320,SME001102,POS_MERCHANT_ACQUIRING,2022-07-19,4946478.120000,32857.050000,True,CONTROLLED_SYNTHETIC
H0001321,SME001104,POS_MERCHANT_ACQUIRING,2020-10-30,15501737.920000,504781.110000,True,CONTROLLED_SYNTHETIC
H0001322,SME001105,POS_MERCHANT_ACQUIRING,2022-09-16,1433992.080000,24652.900000,True,CONTROLLED_SYNTHETIC
H0001323,SME001106,POS_MERCHANT_ACQUIRING,2022-08-23,4221801.120000,166216.220000,True,CONTROLLED_SYNTHETIC
H0001324,SME001107,POS_MERCHANT_ACQUIRING,2023-05-23,3217385.920000,160003.350000,True,CONTROLLED_SYNTHETIC
H0001325,SME001120,POS_MERCHANT_ACQUIRING,2024-04-28,1185013.440000,44636.320000,True,CONTROLLED_SYNTHETIC
H0001326,SME001123,POS_MERCHANT_ACQUIRING,2023-02-01,472692.360000,18659.460000,True,CONTROLLED_SYNTHETIC
H0001327,SME001127,POS_MERCHANT_ACQUIRING,2025-08-05,37230810.760000,1006531.670000,True,CONTROLLED_SYNTHETIC
H0001328,SME001131,POS_MERCHANT_ACQUIRING,2022-05-15,22717984.600000,176574.520000,True,CONTROLLED_SYNTHETIC
H0001329,SME001133,POS_MERCHANT_ACQUIRING,2026-03-17,7333187.640000,396202.270000,True,CONTROLLED_SYNTHETIC
H0001330,SME001138,POS_MERCHANT_ACQUIRING,2021-07-21,698219.000000,8781.540000,True,CONTROLLED_SYNTHETIC
H0001331,SME001147,POS_MERCHANT_ACQUIRING,2023-05-22,17483908.760000,683274.370000,True,CONTROLLED_SYNTHETIC
H0001332,SME001151,POS_MERCHANT_ACQUIRING,2020-03-18,938733.200000,13401.980000,True,CONTROLLED_SYNTHETIC
H0001333,SME001179,POS_MERCHANT_ACQUIRING,2024-11-03,2066708.560000,57465.860000,True,CONTROLLED_SYNTHETIC
H0001334,SME001186,POS_MERCHANT_ACQUIRING,2020-04-02,35089870.320000,1920597.690000,True,CONTROLLED_SYNTHETIC
H0001335,SME001187,POS_MERCHANT_ACQUIRING,2021-06-20,3461734.600000,44584.820000,True,CONTROLLED_SYNTHETIC
H0001336,SME001188,POS_MERCHANT_ACQUIRING,2020-08-28,5274150.760000,164019.300000,True,CONTROLLED_SYNTHETIC
H0001337,SME001190,POS_MERCHANT_ACQUIRING,2021-07-04,6928095.880000,32391.290000,True,CONTROLLED_SYNTHETIC
H0001338,SME001197,POS_MERCHANT_ACQUIRING,2023-10-21,452117.120000,16198.420000,True,CONTROLLED_SYNTHETIC
H0001339,SME001199,POS_MERCHANT_ACQUIRING,2024-05-09,415499.280000,14313.550000,True,CONTROLLED_SYNTHETIC
H0001340,SME001201,POS_MERCHANT_ACQUIRING,2024-12-01,4925801.240000,174974.420000,True,CONTROLLED_SYNTHETIC
H0001341,SME001206,POS_MERCHANT_ACQUIRING,2024-12-26,1647188.960000,16606.360000,True,CONTROLLED_SYNTHETIC
H0001342,SME001211,POS_MERCHANT_ACQUIRING,2023-01-03,1238485.120000,50580.570000,True,CONTROLLED_SYNTHETIC
H0001343,SME001216,POS_MERCHANT_ACQUIRING,2022-01-04,2445692.120000,23061.790000,True,CONTROLLED_SYNTHETIC
H0001344,SME001219,POS_MERCHANT_ACQUIRING,2020-07-19,1459355.320000,27606.670000,True,CONTROLLED_SYNTHETIC
H0001345,SME001220,POS_MERCHANT_ACQUIRING,2025-08-16,254270.320000,12778.010000,True,CONTROLLED_SYNTHETIC
H0001346,SME001223,POS_MERCHANT_ACQUIRING,2020-04-23,1297084.680000,15226.000000,True,CONTROLLED_SYNTHETIC
H0001347,SME001229,POS_MERCHANT_ACQUIRING,2021-07-19,1779535.520000,53921.350000,True,CONTROLLED_SYNTHETIC
H0001348,SME001236,POS_MERCHANT_ACQUIRING,2024-07-23,635338.080000,28748.050000,True,CONTROLLED_SYNTHETIC
H0001349,SME001241,POS_MERCHANT_ACQUIRING,2024-10-13,528840.480000,20621.800000,True,CONTROLLED_SYNTHETIC
H0001350,SME001244,POS_MERCHANT_ACQUIRING,2020-02-09,45964220.680000,1977866.230000,True,CONTROLLED_SYNTHETIC
H0001351,SME001252,POS_MERCHANT_ACQUIRING,2021-02-12,369014.120000,18900.040000,True,CONTROLLED_SYNTHETIC
H0001352,SME001256,POS_MERCHANT_ACQUIRING,2022-05-27,6602816.080000,359966.870000,True,CONTROLLED_SYNTHETIC
H0001353,SME001259,POS_MERCHANT_ACQUIRING,2021-10-06,4624843.040000,31217.140000,True,CONTROLLED_SYNTHETIC
H0001354,SME001264,POS_MERCHANT_ACQUIRING,2020-01-26,39407939.160000,909267.500000,True,CONTROLLED_SYNTHETIC
H0001355,SME001267,POS_MERCHANT_ACQUIRING,2021-04-06,1746621.480000,12536.020000,True,CONTROLLED_SYNTHETIC
H0001356,SME001275,POS_MERCHANT_ACQUIRING,2022-10-27,2470500.640000,126305.620000,True,CONTROLLED_SYNTHETIC
H0001357,SME001277,POS_MERCHANT_ACQUIRING,2023-01-11,2600549.760000,81378.640000,True,CONTROLLED_SYNTHETIC
H0001358,SME001292,POS_MERCHANT_ACQUIRING,2020-05-29,537591.000000,5360.180000,True,CONTROLLED_SYNTHETIC
H0001359,SME001300,POS_MERCHANT_ACQUIRING,2025-04-19,10853798.480000,125481.490000,True,CONTROLLED_SYNTHETIC
H0001360,SME001304,POS_MERCHANT_ACQUIRING,2025-08-17,522246.640000,18949.770000,True,CONTROLLED_SYNTHETIC
H0001361,SME001305,POS_MERCHANT_ACQUIRING,2026-01-23,81861.280000,727.100000,True,CONTROLLED_SYNTHETIC
H0001362,SME001315,POS_MERCHANT_ACQUIRING,2020-05-20,4615645.320000,157799.220000,True,CONTROLLED_SYNTHETIC
H0001363,SME001326,POS_MERCHANT_ACQUIRING,2020-08-11,887096.600000,41109.740000,True,CONTROLLED_SYNTHETIC
H0001364,SME001330,POS_MERCHANT_ACQUIRING,2023-02-02,343486.840000,11880.040000,True,CONTROLLED_SYNTHETIC
H0001365,SME001331,POS_MERCHANT_ACQUIRING,2026-04-29,1407015.840000,58500.730000,True,CONTROLLED_SYNTHETIC
H0001366,SME001337,POS_MERCHANT_ACQUIRING,2024-04-11,292846.520000,11062.710000,True,CONTROLLED_SYNTHETIC
H0001367,SME001342,POS_MERCHANT_ACQUIRING,2022-07-17,22961366.760000,292946.980000,True,CONTROLLED_SYNTHETIC
H0001368,SME001348,POS_MERCHANT_ACQUIRING,2025-06-20,75506095.320000,4034173.940000,True,CONTROLLED_SYNTHETIC
H0001369,SME001354,POS_MERCHANT_ACQUIRING,2024-08-08,1472592.160000,69259.400000,True,CONTROLLED_SYNTHETIC
H0001370,SME001358,POS_MERCHANT_ACQUIRING,2020-09-18,931740.560000,6870.790000,True,CONTROLLED_SYNTHETIC
H0001371,SME001365,POS_MERCHANT_ACQUIRING,2025-08-17,4140525.160000,114549.190000,True,CONTROLLED_SYNTHETIC
H0001372,SME001371,POS_MERCHANT_ACQUIRING,2025-07-16,12334830.920000,247102.970000,True,CONTROLLED_SYNTHETIC
H0001373,SME001373,POS_MERCHANT_ACQUIRING,2022-06-10,2821535.480000,103092.430000,True,CONTROLLED_SYNTHETIC
H0001374,SME001374,POS_MERCHANT_ACQUIRING,2021-10-27,1141289.720000,33341.360000,True,CONTROLLED_SYNTHETIC
H0001375,SME001383,POS_MERCHANT_ACQUIRING,2022-09-15,23405.880000,922.210000,True,CONTROLLED_SYNTHETIC
H0001376,SME001384,POS_MERCHANT_ACQUIRING,2021-02-25,6906143.480000,104373.350000,True,CONTROLLED_SYNTHETIC
H0001377,SME001391,POS_MERCHANT_ACQUIRING,2025-02-22,160959.240000,8643.830000,True,CONTROLLED_SYNTHETIC
H0001378,SME001395,POS_MERCHANT_ACQUIRING,2026-05-07,380261.800000,6172.260000,True,CONTROLLED_SYNTHETIC
H0001379,SME001399,POS_MERCHANT_ACQUIRING,2026-02-10,4467916.600000,110398.230000,True,CONTROLLED_SYNTHETIC
H0001380,SME001403,POS_MERCHANT_ACQUIRING,2024-02-05,218618.760000,5180.590000,True,CONTROLLED_SYNTHETIC
H0001381,SME001406,POS_MERCHANT_ACQUIRING,2026-02-23,5443796.320000,131833.960000,True,CONTROLLED_SYNTHETIC
H0001382,SME001407,POS_MERCHANT_ACQUIRING,2022-03-12,479537.920000,14391.070000,True,CONTROLLED_SYNTHETIC
H0001383,SME001412,POS_MERCHANT_ACQUIRING,2020-02-15,1686615.880000,18610.140000,True,CONTROLLED_SYNTHETIC
H0001384,SME001415,POS_MERCHANT_ACQUIRING,2025-10-13,126116.360000,4254.040000,True,CONTROLLED_SYNTHETIC
H0001385,SME001416,POS_MERCHANT_ACQUIRING,2020-05-10,576529.720000,5672.290000,True,CONTROLLED_SYNTHETIC
H0001386,SME001418,POS_MERCHANT_ACQUIRING,2022-07-13,584404.400000,11915.070000,True,CONTROLLED_SYNTHETIC
H0001387,SME001423,POS_MERCHANT_ACQUIRING,2020-06-24,630403.960000,15083.660000,True,CONTROLLED_SYNTHETIC
H0001388,SME001431,POS_MERCHANT_ACQUIRING,2021-12-25,29144666.720000,919784.690000,True,CONTROLLED_SYNTHETIC
H0001389,SME001441,POS_MERCHANT_ACQUIRING,2023-07-06,73458451.440000,3256222.490000,True,CONTROLLED_SYNTHETIC
H0001390,SME001447,POS_MERCHANT_ACQUIRING,2023-05-25,575011.320000,18133.630000,True,CONTROLLED_SYNTHETIC
H0001391,SME001448,POS_MERCHANT_ACQUIRING,2022-05-14,574734.200000,12816.560000,True,CONTROLLED_SYNTHETIC
H0001392,SME001458,POS_MERCHANT_ACQUIRING,2024-09-10,174375298.960000,2531459.260000,True,CONTROLLED_SYNTHETIC
H0001393,SME001464,POS_MERCHANT_ACQUIRING,2023-05-02,1205472.520000,36160.580000,True,CONTROLLED_SYNTHETIC
H0001394,SME001465,POS_MERCHANT_ACQUIRING,2021-03-15,578263.200000,29530.300000,True,CONTROLLED_SYNTHETIC
H0001395,SME001473,POS_MERCHANT_ACQUIRING,2021-11-12,14698965.720000,793800.310000,True,CONTROLLED_SYNTHETIC
H0001396,SME001475,POS_MERCHANT_ACQUIRING,2023-11-04,45824046.160000,1715739.240000,True,CONTROLLED_SYNTHETIC
H0001397,SME001477,POS_MERCHANT_ACQUIRING,2022-04-08,1992525.800000,72482.450000,True,CONTROLLED_SYNTHETIC
H0001398,SME001480,POS_MERCHANT_ACQUIRING,2024-04-24,441254.040000,15216.790000,True,CONTROLLED_SYNTHETIC
H0001399,SME001483,POS_MERCHANT_ACQUIRING,2020-08-19,557054.400000,12697.100000,True,CONTROLLED_SYNTHETIC
H0001400,SME001489,POS_MERCHANT_ACQUIRING,2023-12-22,253858.320000,6116.640000,True,CONTROLLED_SYNTHETIC
H0001401,SME001491,POS_MERCHANT_ACQUIRING,2021-07-29,602693.160000,24323.970000,True,CONTROLLED_SYNTHETIC
H0001402,SME001497,POS_MERCHANT_ACQUIRING,2025-09-05,235600.080000,2716.290000,True,CONTROLLED_SYNTHETIC
H0001403,SME001499,POS_MERCHANT_ACQUIRING,2025-03-18,7718990.760000,235955.380000,True,CONTROLLED_SYNTHETIC
H0001404,SME001505,POS_MERCHANT_ACQUIRING,2025-04-07,314803.640000,1433.830000,True,CONTROLLED_SYNTHETIC
H0001405,SME001511,POS_MERCHANT_ACQUIRING,2021-10-09,7020080.000000,297362.220000,True,CONTROLLED_SYNTHETIC
H0001406,SME001513,POS_MERCHANT_ACQUIRING,2023-04-26,5761332.800000,192885.470000,True,CONTROLLED_SYNTHETIC
H0001407,SME001515,POS_MERCHANT_ACQUIRING,2021-11-26,5759026.280000,314583.130000,True,CONTROLLED_SYNTHETIC
H0001408,SME001516,POS_MERCHANT_ACQUIRING,2024-04-10,627326.040000,22396.750000,True,CONTROLLED_SYNTHETIC
H0001409,SME001517,POS_MERCHANT_ACQUIRING,2020-06-21,3642115.680000,27689.310000,True,CONTROLLED_SYNTHETIC
H0001410,SME001518,POS_MERCHANT_ACQUIRING,2021-02-24,1967080.920000,21912.600000,True,CONTROLLED_SYNTHETIC
H0001411,SME001519,POS_MERCHANT_ACQUIRING,2023-11-21,1450155.880000,37828.320000,True,CONTROLLED_SYNTHETIC
H0001412,SME001525,POS_MERCHANT_ACQUIRING,2023-08-26,666204.400000,24627.790000,True,CONTROLLED_SYNTHETIC
H0001413,SME001528,POS_MERCHANT_ACQUIRING,2022-07-23,379484.560000,7976.970000,True,CONTROLLED_SYNTHETIC
H0001414,SME001530,POS_MERCHANT_ACQUIRING,2021-10-12,7142781.640000,360973.910000,True,CONTROLLED_SYNTHETIC
H0001415,SME001532,POS_MERCHANT_ACQUIRING,2025-06-26,1102684.440000,41193.990000,True,CONTROLLED_SYNTHETIC
H0001416,SME001533,POS_MERCHANT_ACQUIRING,2023-11-24,4751255.760000,234374.770000,True,CONTROLLED_SYNTHETIC
H0001417,SME001535,POS_MERCHANT_ACQUIRING,2021-01-21,7307918.920000,306178.510000,True,CONTROLLED_SYNTHETIC
H0001418,SME001538,POS_MERCHANT_ACQUIRING,2024-04-12,12117346.320000,173590.710000,True,CONTROLLED_SYNTHETIC
H0001419,SME001540,POS_MERCHANT_ACQUIRING,2022-05-14,1052877.240000,30382.860000,True,CONTROLLED_SYNTHETIC
H0001420,SME001553,POS_MERCHANT_ACQUIRING,2025-06-13,659388.720000,21597.410000,True,CONTROLLED_SYNTHETIC
H0001421,SME001562,POS_MERCHANT_ACQUIRING,2023-09-27,14553475.040000,615286.940000,True,CONTROLLED_SYNTHETIC
H0001422,SME001565,POS_MERCHANT_ACQUIRING,2026-03-20,857011.440000,46379.340000,True,CONTROLLED_SYNTHETIC
H0001423,SME001569,POS_MERCHANT_ACQUIRING,2024-10-06,2527492.200000,60954.790000,True,CONTROLLED_SYNTHETIC
H0001424,SME001576,POS_MERCHANT_ACQUIRING,2020-05-17,416072.520000,13173.630000,True,CONTROLLED_SYNTHETIC
H0001425,SME001581,POS_MERCHANT_ACQUIRING,2023-09-09,779009.280000,29037.140000,True,CONTROLLED_SYNTHETIC
H0001426,SME001582,POS_MERCHANT_ACQUIRING,2026-02-08,891176.120000,30028.990000,True,CONTROLLED_SYNTHETIC
H0001427,SME001583,POS_MERCHANT_ACQUIRING,2025-01-13,1647635.280000,18308.400000,True,CONTROLLED_SYNTHETIC
H0001428,SME001587,POS_MERCHANT_ACQUIRING,2020-11-11,375149.960000,6118.540000,True,CONTROLLED_SYNTHETIC
H0001429,SME001588,POS_MERCHANT_ACQUIRING,2024-03-14,37658.120000,862.050000,True,CONTROLLED_SYNTHETIC
H0001430,SME001590,POS_MERCHANT_ACQUIRING,2025-03-02,1454181.520000,10454.320000,True,CONTROLLED_SYNTHETIC
H0001431,SME001592,POS_MERCHANT_ACQUIRING,2021-05-06,1206183.120000,17312.830000,True,CONTROLLED_SYNTHETIC
H0001432,SME001594,POS_MERCHANT_ACQUIRING,2021-03-05,1180661.760000,30176.310000,True,CONTROLLED_SYNTHETIC
H0001433,SME001608,POS_MERCHANT_ACQUIRING,2022-06-18,2807810.720000,104080.360000,True,CONTROLLED_SYNTHETIC
H0001434,SME001611,POS_MERCHANT_ACQUIRING,2023-04-12,941738.040000,10054.040000,True,CONTROLLED_SYNTHETIC
H0001435,SME001612,POS_MERCHANT_ACQUIRING,2020-08-05,2145669.280000,49643.500000,True,CONTROLLED_SYNTHETIC
H0001436,SME001614,POS_MERCHANT_ACQUIRING,2023-02-02,1108558.680000,19569.460000,True,CONTROLLED_SYNTHETIC
H0001437,SME001617,POS_MERCHANT_ACQUIRING,2025-10-30,15659534.560000,158772.220000,True,CONTROLLED_SYNTHETIC
H0001438,SME001622,POS_MERCHANT_ACQUIRING,2022-06-25,118615.440000,5418.020000,True,CONTROLLED_SYNTHETIC
H0001439,SME001623,POS_MERCHANT_ACQUIRING,2024-11-22,1217828.000000,52816.200000,True,CONTROLLED_SYNTHETIC
H0001440,SME001626,POS_MERCHANT_ACQUIRING,2023-08-10,4221094.640000,107006.820000,True,CONTROLLED_SYNTHETIC
H0001441,SME001627,POS_MERCHANT_ACQUIRING,2022-12-16,3017702.760000,61595.740000,True,CONTROLLED_SYNTHETIC
H0001442,SME001628,POS_MERCHANT_ACQUIRING,2020-11-06,974889.440000,23948.870000,True,CONTROLLED_SYNTHETIC
H0001443,SME001630,POS_MERCHANT_ACQUIRING,2023-06-13,947587.800000,41632.340000,True,CONTROLLED_SYNTHETIC
H0001444,SME001631,POS_MERCHANT_ACQUIRING,2023-04-23,4132530.640000,23249.190000,True,CONTROLLED_SYNTHETIC
H0001445,SME001636,POS_MERCHANT_ACQUIRING,2020-02-19,1245920.040000,47183.700000,True,CONTROLLED_SYNTHETIC
H0001446,SME001638,POS_MERCHANT_ACQUIRING,2024-04-27,491097.320000,15730.590000,True,CONTROLLED_SYNTHETIC
H0001447,SME001647,POS_MERCHANT_ACQUIRING,2023-06-29,8225566.960000,123855.380000,True,CONTROLLED_SYNTHETIC
H0001448,SME001649,POS_MERCHANT_ACQUIRING,2023-04-27,1029012.400000,41001.220000,True,CONTROLLED_SYNTHETIC
H0001449,SME001651,POS_MERCHANT_ACQUIRING,2023-01-03,2591932.560000,129544.630000,True,CONTROLLED_SYNTHETIC
H0001450,SME001654,POS_MERCHANT_ACQUIRING,2021-10-04,5132308.760000,138586.980000,True,CONTROLLED_SYNTHETIC
H0001451,SME001661,POS_MERCHANT_ACQUIRING,2025-01-25,11041267.120000,511156.160000,True,CONTROLLED_SYNTHETIC
H0001452,SME001663,POS_MERCHANT_ACQUIRING,2022-08-26,147207.680000,2164.910000,True,CONTROLLED_SYNTHETIC
H0001453,SME001682,POS_MERCHANT_ACQUIRING,2024-11-03,254041.640000,5558.960000,True,CONTROLLED_SYNTHETIC
H0001454,SME001684,POS_MERCHANT_ACQUIRING,2022-01-14,635902.960000,29782.270000,True,CONTROLLED_SYNTHETIC
H0001455,SME001687,POS_MERCHANT_ACQUIRING,2020-02-06,2104814.760000,89761.370000,True,CONTROLLED_SYNTHETIC
H0001456,SME001695,POS_MERCHANT_ACQUIRING,2025-04-09,417477.800000,9486.170000,True,CONTROLLED_SYNTHETIC
H0001457,SME001701,POS_MERCHANT_ACQUIRING,2023-09-07,546700.480000,20859.780000,True,CONTROLLED_SYNTHETIC
H0001458,SME001702,POS_MERCHANT_ACQUIRING,2020-04-27,1175641.000000,6345.980000,True,CONTROLLED_SYNTHETIC
H0001459,SME001707,POS_MERCHANT_ACQUIRING,2025-03-12,1995658.680000,98052.160000,True,CONTROLLED_SYNTHETIC
H0001460,SME001714,POS_MERCHANT_ACQUIRING,2026-05-16,2866583.240000,26060.040000,True,CONTROLLED_SYNTHETIC
H0001461,SME001716,POS_MERCHANT_ACQUIRING,2026-04-03,754431.240000,8891.290000,True,CONTROLLED_SYNTHETIC
H0001462,SME001719,POS_MERCHANT_ACQUIRING,2026-01-13,9067967.360000,184160.470000,True,CONTROLLED_SYNTHETIC
H0001463,SME001721,POS_MERCHANT_ACQUIRING,2025-12-09,1471963.720000,58050.500000,True,CONTROLLED_SYNTHETIC
H0001464,SME001724,POS_MERCHANT_ACQUIRING,2024-03-30,4305352.880000,103586.400000,True,CONTROLLED_SYNTHETIC
H0001465,SME001725,POS_MERCHANT_ACQUIRING,2024-07-13,555921.040000,22041.630000,True,CONTROLLED_SYNTHETIC
H0001466,SME001726,POS_MERCHANT_ACQUIRING,2024-11-11,897736.640000,41361.550000,True,CONTROLLED_SYNTHETIC
H0001467,SME001731,POS_MERCHANT_ACQUIRING,2024-01-15,4186875.080000,89298.300000,True,CONTROLLED_SYNTHETIC
H0001468,SME001734,POS_MERCHANT_ACQUIRING,2021-07-25,940841.000000,6568.780000,True,CONTROLLED_SYNTHETIC
H0001469,SME001736,POS_MERCHANT_ACQUIRING,2025-06-25,245184.880000,2192.000000,True,CONTROLLED_SYNTHETIC
H0001470,SME001737,POS_MERCHANT_ACQUIRING,2025-08-14,36663352.440000,1198443.540000,True,CONTROLLED_SYNTHETIC
H0001471,SME001738,POS_MERCHANT_ACQUIRING,2021-09-20,12650313.440000,102576.650000,True,CONTROLLED_SYNTHETIC
H0001472,SME001742,POS_MERCHANT_ACQUIRING,2023-08-26,155672.000000,7520.080000,True,CONTROLLED_SYNTHETIC
H0001473,SME001743,POS_MERCHANT_ACQUIRING,2024-03-22,677891.080000,28880.190000,True,CONTROLLED_SYNTHETIC
H0001474,SME001747,POS_MERCHANT_ACQUIRING,2026-02-18,3721210.320000,84966.750000,True,CONTROLLED_SYNTHETIC
H0001475,SME001749,POS_MERCHANT_ACQUIRING,2023-03-17,215399.720000,3813.340000,True,CONTROLLED_SYNTHETIC
H0001476,SME001756,POS_MERCHANT_ACQUIRING,2023-03-06,973037.480000,49566.380000,True,CONTROLLED_SYNTHETIC
H0001477,SME001765,POS_MERCHANT_ACQUIRING,2025-01-20,91433.400000,1413.010000,True,CONTROLLED_SYNTHETIC
H0001478,SME001769,POS_MERCHANT_ACQUIRING,2020-06-09,1938920.320000,26002.260000,True,CONTROLLED_SYNTHETIC
H0001479,SME001776,POS_MERCHANT_ACQUIRING,2020-06-15,93614.200000,777.390000,True,CONTROLLED_SYNTHETIC
H0001480,SME001786,POS_MERCHANT_ACQUIRING,2022-01-29,7172197.040000,50779.140000,True,CONTROLLED_SYNTHETIC
H0001481,SME001791,POS_MERCHANT_ACQUIRING,2026-02-04,536905.040000,15431.330000,True,CONTROLLED_SYNTHETIC
H0001482,SME001794,POS_MERCHANT_ACQUIRING,2020-12-13,656880.400000,15323.860000,True,CONTROLLED_SYNTHETIC
H0001483,SME001799,POS_MERCHANT_ACQUIRING,2020-07-07,10849970.600000,156717.680000,True,CONTROLLED_SYNTHETIC
H0001484,SME001806,POS_MERCHANT_ACQUIRING,2024-07-09,22631502.320000,834155.100000,True,CONTROLLED_SYNTHETIC
H0001485,SME001816,POS_MERCHANT_ACQUIRING,2023-07-16,1431490.520000,68040.080000,True,CONTROLLED_SYNTHETIC
H0001486,SME001817,POS_MERCHANT_ACQUIRING,2020-10-01,1472119.880000,67329.270000,True,CONTROLLED_SYNTHETIC
H0001487,SME001821,POS_MERCHANT_ACQUIRING,2020-02-11,984824.320000,19321.690000,True,CONTROLLED_SYNTHETIC
H0001488,SME001824,POS_MERCHANT_ACQUIRING,2024-02-22,1312227.600000,17965.000000,True,CONTROLLED_SYNTHETIC
H0001489,SME001825,POS_MERCHANT_ACQUIRING,2022-07-01,7034095.640000,43343.790000,True,CONTROLLED_SYNTHETIC
H0001490,SME001827,POS_MERCHANT_ACQUIRING,2022-05-08,934420.040000,46779.810000,True,CONTROLLED_SYNTHETIC
H0001491,SME001834,POS_MERCHANT_ACQUIRING,2024-05-27,6854074.400000,230248.300000,True,CONTROLLED_SYNTHETIC
H0001492,SME001836,POS_MERCHANT_ACQUIRING,2022-07-06,4129808.280000,219310.980000,True,CONTROLLED_SYNTHETIC
H0001493,SME001837,POS_MERCHANT_ACQUIRING,2025-02-12,9517969.240000,401453.150000,True,CONTROLLED_SYNTHETIC
H0001494,SME001839,POS_MERCHANT_ACQUIRING,2020-03-06,659707.400000,14851.990000,True,CONTROLLED_SYNTHETIC
H0001495,SME001841,POS_MERCHANT_ACQUIRING,2024-08-24,85358920.600000,3720662.980000,True,CONTROLLED_SYNTHETIC
H0001496,SME001842,POS_MERCHANT_ACQUIRING,2022-08-12,2904622.440000,30875.040000,True,CONTROLLED_SYNTHETIC
H0001497,SME001843,POS_MERCHANT_ACQUIRING,2025-03-22,1968475.880000,83497.500000,True,CONTROLLED_SYNTHETIC
H0001498,SME001845,POS_MERCHANT_ACQUIRING,2020-08-07,355700.840000,14922.200000,True,CONTROLLED_SYNTHETIC
H0001499,SME001855,POS_MERCHANT_ACQUIRING,2022-10-18,6902367.840000,180426.220000,True,CONTROLLED_SYNTHETIC
H0001500,SME001859,POS_MERCHANT_ACQUIRING,2022-11-03,6707749.360000,166732.240000,True,CONTROLLED_SYNTHETIC
H0001501,SME001868,POS_MERCHANT_ACQUIRING,2025-12-11,19498134.120000,718028.680000,True,CONTROLLED_SYNTHETIC
H0001502,SME001869,POS_MERCHANT_ACQUIRING,2025-12-21,21769717.760000,1107982.920000,True,CONTROLLED_SYNTHETIC
H0001503,SME001872,POS_MERCHANT_ACQUIRING,2022-02-19,1862330.760000,42530.200000,True,CONTROLLED_SYNTHETIC
H0001504,SME001877,POS_MERCHANT_ACQUIRING,2024-08-29,17665206.240000,204583.740000,True,CONTROLLED_SYNTHETIC
H0001505,SME001879,POS_MERCHANT_ACQUIRING,2022-11-11,6102839.880000,53620.330000,True,CONTROLLED_SYNTHETIC
H0001506,SME001883,POS_MERCHANT_ACQUIRING,2025-05-07,878672.600000,4131.650000,True,CONTROLLED_SYNTHETIC
H0001507,SME001890,POS_MERCHANT_ACQUIRING,2024-11-09,99920.680000,714.710000,True,CONTROLLED_SYNTHETIC
H0001508,SME001891,POS_MERCHANT_ACQUIRING,2022-11-09,9521447.120000,277089.200000,True,CONTROLLED_SYNTHETIC
H0001509,SME001895,POS_MERCHANT_ACQUIRING,2025-08-28,3433242.600000,132934.810000,True,CONTROLLED_SYNTHETIC
H0001510,SME001898,POS_MERCHANT_ACQUIRING,2023-07-23,6986506.960000,29222.930000,True,CONTROLLED_SYNTHETIC
H0001511,SME001908,POS_MERCHANT_ACQUIRING,2022-11-30,78648.640000,1507.430000,True,CONTROLLED_SYNTHETIC
H0001512,SME001911,POS_MERCHANT_ACQUIRING,2025-09-16,10721436.400000,534563.380000,True,CONTROLLED_SYNTHETIC
H0001513,SME001913,POS_MERCHANT_ACQUIRING,2021-10-30,34476571.920000,1145462.300000,True,CONTROLLED_SYNTHETIC
H0001514,SME001916,POS_MERCHANT_ACQUIRING,2020-05-08,250203.920000,7603.820000,True,CONTROLLED_SYNTHETIC
H0001515,SME001922,POS_MERCHANT_ACQUIRING,2025-08-12,4591951.520000,136212.790000,True,CONTROLLED_SYNTHETIC
H0001516,SME001937,POS_MERCHANT_ACQUIRING,2024-10-22,502598.320000,25584.990000,True,CONTROLLED_SYNTHETIC
H0001517,SME001939,POS_MERCHANT_ACQUIRING,2025-09-28,973293.760000,10025.180000,True,CONTROLLED_SYNTHETIC
H0001518,SME001957,POS_MERCHANT_ACQUIRING,2023-10-04,662843.560000,34838.650000,True,CONTROLLED_SYNTHETIC
H0001519,SME001964,POS_MERCHANT_ACQUIRING,2023-06-05,4200773.760000,188346.160000,True,CONTROLLED_SYNTHETIC
H0001520,SME001973,POS_MERCHANT_ACQUIRING,2021-09-03,910081.960000,7136.500000,True,CONTROLLED_SYNTHETIC
H0001521,SME001974,POS_MERCHANT_ACQUIRING,2025-04-12,636689.040000,33373.190000,True,CONTROLLED_SYNTHETIC
H0001522,SME001977,POS_MERCHANT_ACQUIRING,2025-12-18,347947.400000,8879.390000,True,CONTROLLED_SYNTHETIC
H0001523,SME001978,POS_MERCHANT_ACQUIRING,2025-09-24,4294640.360000,136665.250000,True,CONTROLLED_SYNTHETIC
H0001524,SME001982,POS_MERCHANT_ACQUIRING,2024-01-26,31758829.600000,246412.920000,True,CONTROLLED_SYNTHETIC
H0001525,SME001992,POS_MERCHANT_ACQUIRING,2023-08-16,611776.400000,14701.680000,True,CONTROLLED_SYNTHETIC
H0001526,SME001993,POS_MERCHANT_ACQUIRING,2022-04-12,957223.440000,27879.450000,True,CONTROLLED_SYNTHETIC
H0001527,SME001994,POS_MERCHANT_ACQUIRING,2023-11-26,1871833.000000,76689.840000,True,CONTROLLED_SYNTHETIC
H0001528,SME001995,POS_MERCHANT_ACQUIRING,2024-12-26,370130.360000,6693.480000,True,CONTROLLED_SYNTHETIC
H0001529,SME001997,POS_MERCHANT_ACQUIRING,2021-04-21,211955.600000,6876.100000,True,CONTROLLED_SYNTHETIC
H0001530,SME001998,POS_MERCHANT_ACQUIRING,2024-03-25,8304322.440000,319522.520000,True,CONTROLLED_SYNTHETIC
H0001531,SME002003,POS_MERCHANT_ACQUIRING,2023-10-31,2637370.920000,89124.140000,True,CONTROLLED_SYNTHETIC
H0001532,SME002012,POS_MERCHANT_ACQUIRING,2022-09-22,12100404.640000,408464.150000,True,CONTROLLED_SYNTHETIC
H0001533,SME002016,POS_MERCHANT_ACQUIRING,2023-02-15,1249948.600000,32803.110000,True,CONTROLLED_SYNTHETIC
H0001534,SME002020,POS_MERCHANT_ACQUIRING,2023-06-27,18187891.080000,576989.150000,True,CONTROLLED_SYNTHETIC
H0001535,SME002022,POS_MERCHANT_ACQUIRING,2020-07-03,2232036.520000,112552.520000,True,CONTROLLED_SYNTHETIC
H0001536,SME002023,POS_MERCHANT_ACQUIRING,2024-10-06,17127311.760000,163323.730000,True,CONTROLLED_SYNTHETIC
H0001537,SME002025,POS_MERCHANT_ACQUIRING,2024-04-12,2887043.760000,96712.550000,True,CONTROLLED_SYNTHETIC
H0001538,SME002027,POS_MERCHANT_ACQUIRING,2024-10-08,8410283.960000,452218.500000,True,CONTROLLED_SYNTHETIC
H0001539,SME002028,POS_MERCHANT_ACQUIRING,2020-11-21,537572.640000,15989.880000,True,CONTROLLED_SYNTHETIC
H0001540,SME002029,POS_MERCHANT_ACQUIRING,2025-09-07,1289222.560000,66168.140000,True,CONTROLLED_SYNTHETIC
H0001541,SME002033,POS_MERCHANT_ACQUIRING,2026-03-31,460229.200000,5353.930000,True,CONTROLLED_SYNTHETIC
H0001542,SME002037,POS_MERCHANT_ACQUIRING,2025-12-08,1457762.600000,56895.040000,True,CONTROLLED_SYNTHETIC
H0001543,SME002047,POS_MERCHANT_ACQUIRING,2022-08-27,88376757.600000,2267593.240000,True,CONTROLLED_SYNTHETIC
H0001544,SME002048,POS_MERCHANT_ACQUIRING,2024-05-14,88209543.720000,762043.140000,True,CONTROLLED_SYNTHETIC
H0001545,SME002059,POS_MERCHANT_ACQUIRING,2022-01-21,14774799.680000,226378.690000,True,CONTROLLED_SYNTHETIC
H0001546,SME002062,POS_MERCHANT_ACQUIRING,2024-03-31,2234229.520000,76357.820000,True,CONTROLLED_SYNTHETIC
H0001547,SME002063,POS_MERCHANT_ACQUIRING,2020-03-16,1576915.720000,46483.170000,True,CONTROLLED_SYNTHETIC
H0001548,SME002064,POS_MERCHANT_ACQUIRING,2021-03-04,3736066.160000,36920.030000,True,CONTROLLED_SYNTHETIC
H0001549,SME002071,POS_MERCHANT_ACQUIRING,2021-08-05,664249.040000,20862.500000,True,CONTROLLED_SYNTHETIC
H0001550,SME002073,POS_MERCHANT_ACQUIRING,2022-12-23,1554823.760000,77752.790000,True,CONTROLLED_SYNTHETIC
H0001551,SME002074,POS_MERCHANT_ACQUIRING,2025-04-29,1522100.200000,53748.850000,True,CONTROLLED_SYNTHETIC
H0001552,SME002078,POS_MERCHANT_ACQUIRING,2021-08-10,1179402.640000,19234.300000,True,CONTROLLED_SYNTHETIC
H0001553,SME002079,POS_MERCHANT_ACQUIRING,2023-03-03,11923375.400000,206689.090000,True,CONTROLLED_SYNTHETIC
H0001554,SME002080,POS_MERCHANT_ACQUIRING,2022-04-05,2378736.720000,24353.150000,True,CONTROLLED_SYNTHETIC
H0001555,SME002086,POS_MERCHANT_ACQUIRING,2020-10-03,487029.560000,8669.740000,True,CONTROLLED_SYNTHETIC
H0001556,SME002092,POS_MERCHANT_ACQUIRING,2022-11-29,2655839.360000,106120.880000,True,CONTROLLED_SYNTHETIC
H0001557,SME002097,POS_MERCHANT_ACQUIRING,2020-06-05,284357.080000,13228.970000,True,CONTROLLED_SYNTHETIC
H0001558,SME002098,POS_MERCHANT_ACQUIRING,2026-05-06,1284151.360000,57495.130000,True,CONTROLLED_SYNTHETIC
H0001559,SME002102,POS_MERCHANT_ACQUIRING,2026-02-23,43323625.360000,1478780.760000,True,CONTROLLED_SYNTHETIC
H0001560,SME002103,POS_MERCHANT_ACQUIRING,2024-07-18,9131134.160000,393721.270000,True,CONTROLLED_SYNTHETIC
H0001561,SME002107,POS_MERCHANT_ACQUIRING,2023-02-02,1574097.840000,38774.080000,True,CONTROLLED_SYNTHETIC
H0001562,SME002117,POS_MERCHANT_ACQUIRING,2022-04-27,2352922.640000,88423.700000,True,CONTROLLED_SYNTHETIC
H0001563,SME002119,POS_MERCHANT_ACQUIRING,2023-02-09,103418.960000,3206.200000,True,CONTROLLED_SYNTHETIC
H0001564,SME002120,POS_MERCHANT_ACQUIRING,2020-05-08,292125.760000,3020.740000,True,CONTROLLED_SYNTHETIC
H0001565,SME002132,POS_MERCHANT_ACQUIRING,2024-04-10,1297727.200000,50165.250000,True,CONTROLLED_SYNTHETIC
H0001566,SME002134,POS_MERCHANT_ACQUIRING,2023-01-22,226385.360000,12349.730000,True,CONTROLLED_SYNTHETIC
H0001567,SME002135,POS_MERCHANT_ACQUIRING,2024-06-13,2933052.280000,98542.630000,True,CONTROLLED_SYNTHETIC
H0001568,SME002143,POS_MERCHANT_ACQUIRING,2026-02-22,2275952.480000,118458.750000,True,CONTROLLED_SYNTHETIC
H0001569,SME002145,POS_MERCHANT_ACQUIRING,2024-06-04,20841615.680000,1031828.650000,True,CONTROLLED_SYNTHETIC
H0001570,SME002151,POS_MERCHANT_ACQUIRING,2023-11-29,342743.800000,14786.560000,True,CONTROLLED_SYNTHETIC
H0001571,SME002152,POS_MERCHANT_ACQUIRING,2024-05-15,758654.360000,4123.610000,True,CONTROLLED_SYNTHETIC
H0001572,SME002155,POS_MERCHANT_ACQUIRING,2022-08-28,3701956.880000,98287.250000,True,CONTROLLED_SYNTHETIC
H0001573,SME002162,POS_MERCHANT_ACQUIRING,2024-07-19,59714231.080000,289967.550000,True,CONTROLLED_SYNTHETIC
H0001574,SME002164,POS_MERCHANT_ACQUIRING,2022-07-07,1711891.640000,20843.080000,True,CONTROLLED_SYNTHETIC
H0001575,SME002180,POS_MERCHANT_ACQUIRING,2021-07-29,14704668.280000,299851.100000,True,CONTROLLED_SYNTHETIC
H0001576,SME002181,POS_MERCHANT_ACQUIRING,2026-02-09,7551760.520000,334869.130000,True,CONTROLLED_SYNTHETIC
H0001577,SME002196,POS_MERCHANT_ACQUIRING,2022-09-03,1065506.680000,18132.780000,True,CONTROLLED_SYNTHETIC
H0001578,SME002199,POS_MERCHANT_ACQUIRING,2025-08-10,18848893.240000,482977.860000,True,CONTROLLED_SYNTHETIC
H0001579,SME002201,POS_MERCHANT_ACQUIRING,2022-05-20,37483567.040000,1211327.400000,True,CONTROLLED_SYNTHETIC
H0001580,SME002202,POS_MERCHANT_ACQUIRING,2023-01-09,11964317.120000,124165.730000,True,CONTROLLED_SYNTHETIC
H0001581,SME002205,POS_MERCHANT_ACQUIRING,2026-01-27,28384330.160000,745167.480000,True,CONTROLLED_SYNTHETIC
H0001582,SME002212,POS_MERCHANT_ACQUIRING,2024-12-31,7435742.640000,194479.070000,True,CONTROLLED_SYNTHETIC
H0001583,SME002222,POS_MERCHANT_ACQUIRING,2025-02-13,9490678.160000,210154.380000,True,CONTROLLED_SYNTHETIC
H0001584,SME002223,POS_MERCHANT_ACQUIRING,2023-02-28,314252.840000,11671.820000,True,CONTROLLED_SYNTHETIC
H0001585,SME002227,POS_MERCHANT_ACQUIRING,2020-06-10,4392248.840000,29361.050000,True,CONTROLLED_SYNTHETIC
H0001586,SME002228,POS_MERCHANT_ACQUIRING,2020-12-06,12592739.280000,55513.610000,True,CONTROLLED_SYNTHETIC
H0001587,SME002233,POS_MERCHANT_ACQUIRING,2023-10-31,208649.160000,4192.940000,True,CONTROLLED_SYNTHETIC
H0001588,SME002240,POS_MERCHANT_ACQUIRING,2023-01-07,6318112.960000,271354.750000,True,CONTROLLED_SYNTHETIC
H0001589,SME002241,POS_MERCHANT_ACQUIRING,2022-05-28,2024767.200000,87937.610000,True,CONTROLLED_SYNTHETIC
H0001590,SME002251,POS_MERCHANT_ACQUIRING,2024-02-21,205117.280000,1414.800000,True,CONTROLLED_SYNTHETIC
H0001591,SME002256,POS_MERCHANT_ACQUIRING,2024-03-07,27896137.640000,1286117.910000,True,CONTROLLED_SYNTHETIC
H0001592,SME002259,POS_MERCHANT_ACQUIRING,2020-08-13,918209.320000,46067.230000,True,CONTROLLED_SYNTHETIC
H0001593,SME002265,POS_MERCHANT_ACQUIRING,2021-08-30,51992772.000000,1415517.310000,True,CONTROLLED_SYNTHETIC
H0001594,SME002273,POS_MERCHANT_ACQUIRING,2023-08-20,3759365.440000,152441.920000,True,CONTROLLED_SYNTHETIC
H0001595,SME002275,POS_MERCHANT_ACQUIRING,2025-07-29,1005953.120000,39206.900000,True,CONTROLLED_SYNTHETIC
H0001596,SME002276,POS_MERCHANT_ACQUIRING,2026-01-31,214727.920000,7963.320000,True,CONTROLLED_SYNTHETIC
H0001597,SME002280,POS_MERCHANT_ACQUIRING,2022-04-26,160286.480000,871.160000,True,CONTROLLED_SYNTHETIC
H0001598,SME002286,POS_MERCHANT_ACQUIRING,2022-05-14,1645736.200000,88362.950000,True,CONTROLLED_SYNTHETIC
H0001599,SME002295,POS_MERCHANT_ACQUIRING,2022-12-30,4039131.400000,178371.350000,True,CONTROLLED_SYNTHETIC
H0001600,SME002296,POS_MERCHANT_ACQUIRING,2023-04-22,3254644.320000,155067.380000,True,CONTROLLED_SYNTHETIC
H0001601,SME002307,POS_MERCHANT_ACQUIRING,2025-09-12,514999.560000,12394.720000,True,CONTROLLED_SYNTHETIC
H0001602,SME002310,POS_MERCHANT_ACQUIRING,2020-10-07,2805866.560000,61485.950000,True,CONTROLLED_SYNTHETIC
H0001603,SME002311,POS_MERCHANT_ACQUIRING,2025-09-06,2682185.040000,18272.230000,True,CONTROLLED_SYNTHETIC
H0001604,SME002313,POS_MERCHANT_ACQUIRING,2025-10-09,517331.840000,19868.770000,True,CONTROLLED_SYNTHETIC
H0001605,SME002316,POS_MERCHANT_ACQUIRING,2021-05-19,1293921.800000,38240.840000,True,CONTROLLED_SYNTHETIC
H0001606,SME002326,POS_MERCHANT_ACQUIRING,2024-02-27,298084.760000,11503.700000,True,CONTROLLED_SYNTHETIC
H0001607,SME002327,POS_MERCHANT_ACQUIRING,2025-02-22,6353070.720000,286252.250000,True,CONTROLLED_SYNTHETIC
H0001608,SME002333,POS_MERCHANT_ACQUIRING,2024-01-29,1432324.720000,42405.190000,True,CONTROLLED_SYNTHETIC
H0001609,SME002334,POS_MERCHANT_ACQUIRING,2022-01-16,10647031.800000,510961.600000,True,CONTROLLED_SYNTHETIC
H0001610,SME002338,POS_MERCHANT_ACQUIRING,2024-08-28,1298408.760000,19339.750000,True,CONTROLLED_SYNTHETIC
H0001611,SME002341,POS_MERCHANT_ACQUIRING,2021-04-05,3482665.880000,108287.290000,True,CONTROLLED_SYNTHETIC
H0001612,SME002344,POS_MERCHANT_ACQUIRING,2022-09-07,4037433.440000,132903.040000,True,CONTROLLED_SYNTHETIC
H0001613,SME002345,POS_MERCHANT_ACQUIRING,2025-02-13,47564515.040000,2390895.110000,True,CONTROLLED_SYNTHETIC
H0001614,SME002346,POS_MERCHANT_ACQUIRING,2025-10-20,139624.800000,907.370000,True,CONTROLLED_SYNTHETIC
H0001615,SME002347,POS_MERCHANT_ACQUIRING,2024-07-14,3712815.440000,185899.810000,True,CONTROLLED_SYNTHETIC
H0001616,SME002351,POS_MERCHANT_ACQUIRING,2022-04-19,199030.040000,10083.200000,True,CONTROLLED_SYNTHETIC
H0001617,SME002357,POS_MERCHANT_ACQUIRING,2025-06-28,5666266.240000,239016.590000,True,CONTROLLED_SYNTHETIC
H0001618,SME002358,POS_MERCHANT_ACQUIRING,2021-04-24,2991529.040000,48604.820000,True,CONTROLLED_SYNTHETIC
H0001619,SME002359,POS_MERCHANT_ACQUIRING,2024-12-25,55211349.240000,570140.850000,True,CONTROLLED_SYNTHETIC
H0001620,SME002360,POS_MERCHANT_ACQUIRING,2023-07-28,320768.560000,4556.620000,True,CONTROLLED_SYNTHETIC
H0001621,SME002363,POS_MERCHANT_ACQUIRING,2021-11-29,227607.600000,2880.770000,True,CONTROLLED_SYNTHETIC
H0001622,SME002364,POS_MERCHANT_ACQUIRING,2022-01-02,113216014.280000,1074115.250000,True,CONTROLLED_SYNTHETIC
H0001623,SME002368,POS_MERCHANT_ACQUIRING,2021-06-13,1100695.040000,26021.100000,True,CONTROLLED_SYNTHETIC
H0001624,SME002370,POS_MERCHANT_ACQUIRING,2025-06-22,9279061.560000,137992.500000,True,CONTROLLED_SYNTHETIC
H0001625,SME002373,POS_MERCHANT_ACQUIRING,2020-08-30,595498.400000,9959.770000,True,CONTROLLED_SYNTHETIC
H0001626,SME002376,POS_MERCHANT_ACQUIRING,2025-08-22,354899.440000,10979.920000,True,CONTROLLED_SYNTHETIC
H0001627,SME002377,POS_MERCHANT_ACQUIRING,2021-03-03,680230.640000,31373.520000,True,CONTROLLED_SYNTHETIC
H0001628,SME002380,POS_MERCHANT_ACQUIRING,2026-03-20,8120335.160000,377660.180000,True,CONTROLLED_SYNTHETIC
H0001629,SME002381,POS_MERCHANT_ACQUIRING,2023-03-06,494333.760000,27120.950000,True,CONTROLLED_SYNTHETIC
H0001630,SME002383,POS_MERCHANT_ACQUIRING,2026-03-23,5029133.760000,267668.350000,True,CONTROLLED_SYNTHETIC
H0001631,SME002390,POS_MERCHANT_ACQUIRING,2023-12-14,4448262.040000,48362.690000,True,CONTROLLED_SYNTHETIC
H0001632,SME002404,POS_MERCHANT_ACQUIRING,2023-03-17,525452.600000,14667.580000,True,CONTROLLED_SYNTHETIC
H0001633,SME002409,POS_MERCHANT_ACQUIRING,2024-11-03,3225433.320000,109622.850000,True,CONTROLLED_SYNTHETIC
H0001634,SME002413,POS_MERCHANT_ACQUIRING,2020-02-01,13070294.240000,321717.780000,True,CONTROLLED_SYNTHETIC
H0001635,SME002415,POS_MERCHANT_ACQUIRING,2020-06-21,277933.760000,2192.770000,True,CONTROLLED_SYNTHETIC
H0001636,SME002421,POS_MERCHANT_ACQUIRING,2024-09-24,418526.480000,13744.310000,True,CONTROLLED_SYNTHETIC
H0001637,SME002422,POS_MERCHANT_ACQUIRING,2021-03-16,443666.960000,8836.680000,True,CONTROLLED_SYNTHETIC
H0001638,SME002426,POS_MERCHANT_ACQUIRING,2020-08-25,205032.200000,9320.090000,True,CONTROLLED_SYNTHETIC
H0001639,SME002429,POS_MERCHANT_ACQUIRING,2025-06-03,824286.280000,25026.810000,True,CONTROLLED_SYNTHETIC
H0001640,SME002433,POS_MERCHANT_ACQUIRING,2024-03-05,17850602.440000,495487.860000,True,CONTROLLED_SYNTHETIC
H0001641,SME002440,POS_MERCHANT_ACQUIRING,2024-12-01,29352309.760000,520594.020000,True,CONTROLLED_SYNTHETIC
H0001642,SME002441,POS_MERCHANT_ACQUIRING,2022-02-17,6637532.160000,308144.750000,True,CONTROLLED_SYNTHETIC
H0001643,SME002445,POS_MERCHANT_ACQUIRING,2025-12-03,5467273.560000,228062.300000,True,CONTROLLED_SYNTHETIC
H0001644,SME002447,POS_MERCHANT_ACQUIRING,2022-07-11,291736.400000,6985.600000,True,CONTROLLED_SYNTHETIC
H0001645,SME002450,POS_MERCHANT_ACQUIRING,2021-01-17,3086836.280000,68900.890000,True,CONTROLLED_SYNTHETIC
H0001646,SME002452,POS_MERCHANT_ACQUIRING,2024-06-22,99385.200000,4687.890000,True,CONTROLLED_SYNTHETIC
H0001647,SME002458,POS_MERCHANT_ACQUIRING,2024-02-19,724763.200000,36739.130000,True,CONTROLLED_SYNTHETIC
H0001648,SME002465,POS_MERCHANT_ACQUIRING,2021-09-03,2091577.160000,36754.330000,True,CONTROLLED_SYNTHETIC
H0001649,SME002466,POS_MERCHANT_ACQUIRING,2025-10-26,414504.920000,14431.270000,True,CONTROLLED_SYNTHETIC
H0001650,SME002468,POS_MERCHANT_ACQUIRING,2020-05-02,6391934.960000,33863.800000,True,CONTROLLED_SYNTHETIC
H0001651,SME002469,POS_MERCHANT_ACQUIRING,2024-12-09,403213.480000,14198.430000,True,CONTROLLED_SYNTHETIC
H0001652,SME002479,POS_MERCHANT_ACQUIRING,2024-08-03,1461877.480000,71439.940000,True,CONTROLLED_SYNTHETIC
H0001653,SME002481,POS_MERCHANT_ACQUIRING,2021-03-06,3997879.400000,139666.730000,True,CONTROLLED_SYNTHETIC
H0001654,SME002488,POS_MERCHANT_ACQUIRING,2021-11-07,108653.800000,3185.460000,True,CONTROLLED_SYNTHETIC
H0001655,SME002490,POS_MERCHANT_ACQUIRING,2024-11-30,2311457.880000,53695.080000,True,CONTROLLED_SYNTHETIC
H0001656,SME002491,POS_MERCHANT_ACQUIRING,2025-03-13,169637.200000,7081.710000,True,CONTROLLED_SYNTHETIC
H0001657,SME002494,POS_MERCHANT_ACQUIRING,2020-10-18,3488102.800000,114168.620000,True,CONTROLLED_SYNTHETIC
H0001658,SME002500,POS_MERCHANT_ACQUIRING,2025-05-14,385783.320000,11594.230000,True,CONTROLLED_SYNTHETIC
H0001659,SME002503,POS_MERCHANT_ACQUIRING,2025-08-04,4040584.040000,125615.560000,True,CONTROLLED_SYNTHETIC
H0001660,SME002521,POS_MERCHANT_ACQUIRING,2024-05-30,73302037.080000,2618237.160000,True,CONTROLLED_SYNTHETIC
H0001661,SME002522,POS_MERCHANT_ACQUIRING,2025-06-05,44392143.080000,535476.870000,True,CONTROLLED_SYNTHETIC
H0001662,SME002524,POS_MERCHANT_ACQUIRING,2024-10-19,1049186.840000,46746.080000,True,CONTROLLED_SYNTHETIC
H0001663,SME002531,POS_MERCHANT_ACQUIRING,2020-04-13,7786589.000000,414971.980000,True,CONTROLLED_SYNTHETIC
H0001664,SME002537,POS_MERCHANT_ACQUIRING,2022-03-03,8364167.400000,42291.250000,True,CONTROLLED_SYNTHETIC
H0001665,SME002547,POS_MERCHANT_ACQUIRING,2024-07-22,316275.120000,13510.430000,True,CONTROLLED_SYNTHETIC
H0001666,SME002548,POS_MERCHANT_ACQUIRING,2025-03-10,8078304.160000,222004.090000,True,CONTROLLED_SYNTHETIC
H0001667,SME002549,POS_MERCHANT_ACQUIRING,2022-11-05,25600614.280000,148803.400000,True,CONTROLLED_SYNTHETIC
H0001668,SME002552,POS_MERCHANT_ACQUIRING,2020-04-01,423813.160000,19839.050000,True,CONTROLLED_SYNTHETIC
H0001669,SME002554,POS_MERCHANT_ACQUIRING,2020-12-09,1813210.120000,59005.500000,True,CONTROLLED_SYNTHETIC
H0001670,SME002556,POS_MERCHANT_ACQUIRING,2020-07-15,603091.440000,13546.530000,True,CONTROLLED_SYNTHETIC
H0001671,SME002562,POS_MERCHANT_ACQUIRING,2023-02-05,748415.040000,7944.070000,True,CONTROLLED_SYNTHETIC
H0001672,SME002563,POS_MERCHANT_ACQUIRING,2022-08-03,1644894.320000,26587.010000,True,CONTROLLED_SYNTHETIC
H0001673,SME002564,POS_MERCHANT_ACQUIRING,2022-05-17,15724996.720000,748600.630000,True,CONTROLLED_SYNTHETIC
H0001674,SME002565,POS_MERCHANT_ACQUIRING,2026-01-04,2997706.080000,56864.040000,True,CONTROLLED_SYNTHETIC
H0001675,SME002566,POS_MERCHANT_ACQUIRING,2024-11-19,10875610.800000,419227.360000,True,CONTROLLED_SYNTHETIC
H0001676,SME002570,POS_MERCHANT_ACQUIRING,2023-09-18,27020192.760000,157177.600000,True,CONTROLLED_SYNTHETIC
H0001677,SME002575,POS_MERCHANT_ACQUIRING,2020-12-12,4678932.000000,250850.480000,True,CONTROLLED_SYNTHETIC
H0001678,SME002584,POS_MERCHANT_ACQUIRING,2022-11-03,98110.000000,3545.010000,True,CONTROLLED_SYNTHETIC
H0001679,SME002588,POS_MERCHANT_ACQUIRING,2026-05-01,14890405.720000,196750.210000,True,CONTROLLED_SYNTHETIC
H0001680,SME002598,POS_MERCHANT_ACQUIRING,2021-04-13,11509938.760000,219107.530000,True,CONTROLLED_SYNTHETIC
H0001681,SME002602,POS_MERCHANT_ACQUIRING,2025-07-21,899096.600000,34727.050000,True,CONTROLLED_SYNTHETIC
H0001682,SME002604,POS_MERCHANT_ACQUIRING,2022-09-18,102548485.840000,5309901.110000,True,CONTROLLED_SYNTHETIC
H0001683,SME002606,POS_MERCHANT_ACQUIRING,2020-06-02,37171015.880000,1468765.840000,True,CONTROLLED_SYNTHETIC
H0001684,SME002609,POS_MERCHANT_ACQUIRING,2024-02-23,4939385.480000,201293.360000,True,CONTROLLED_SYNTHETIC
H0001685,SME002616,POS_MERCHANT_ACQUIRING,2022-03-05,6713950.160000,75711.660000,True,CONTROLLED_SYNTHETIC
H0001686,SME002621,POS_MERCHANT_ACQUIRING,2025-08-03,2662435.080000,112575.820000,True,CONTROLLED_SYNTHETIC
H0001687,SME002627,POS_MERCHANT_ACQUIRING,2026-01-26,328634.920000,1628.020000,True,CONTROLLED_SYNTHETIC
H0001688,SME002634,POS_MERCHANT_ACQUIRING,2025-12-17,19118567.200000,232769.690000,True,CONTROLLED_SYNTHETIC
H0001689,SME002636,POS_MERCHANT_ACQUIRING,2026-02-08,11408130.120000,52788.060000,True,CONTROLLED_SYNTHETIC
H0001690,SME002637,POS_MERCHANT_ACQUIRING,2023-04-27,20592798.800000,489601.380000,True,CONTROLLED_SYNTHETIC
H0001691,SME002640,POS_MERCHANT_ACQUIRING,2025-03-14,2928100.840000,69637.540000,True,CONTROLLED_SYNTHETIC
H0001692,SME002646,POS_MERCHANT_ACQUIRING,2021-11-07,1128089.440000,16348.930000,True,CONTROLLED_SYNTHETIC
H0001693,SME002650,POS_MERCHANT_ACQUIRING,2021-11-17,831994.200000,20858.240000,True,CONTROLLED_SYNTHETIC
H0001694,SME002653,POS_MERCHANT_ACQUIRING,2023-08-28,8817213.760000,182439.560000,True,CONTROLLED_SYNTHETIC
H0001695,SME002655,POS_MERCHANT_ACQUIRING,2021-04-05,1679726.800000,48942.640000,True,CONTROLLED_SYNTHETIC
H0001696,SME002656,POS_MERCHANT_ACQUIRING,2020-10-14,407040.000000,2626.110000,True,CONTROLLED_SYNTHETIC
H0001697,SME002658,POS_MERCHANT_ACQUIRING,2021-04-28,11281019.560000,219371.040000,True,CONTROLLED_SYNTHETIC
H0001698,SME002660,POS_MERCHANT_ACQUIRING,2023-05-18,31496630.040000,1142940.800000,True,CONTROLLED_SYNTHETIC
H0001699,SME002661,POS_MERCHANT_ACQUIRING,2020-11-28,24142033.240000,1179227.700000,True,CONTROLLED_SYNTHETIC
H0001700,SME002662,POS_MERCHANT_ACQUIRING,2023-01-26,294378.320000,15087.870000,True,CONTROLLED_SYNTHETIC
H0001701,SME002664,POS_MERCHANT_ACQUIRING,2022-03-03,1190485.560000,43326.770000,True,CONTROLLED_SYNTHETIC
H0001702,SME002671,POS_MERCHANT_ACQUIRING,2025-06-10,7329764.080000,365165.800000,True,CONTROLLED_SYNTHETIC
H0001703,SME002672,POS_MERCHANT_ACQUIRING,2023-08-11,4526003.680000,51892.940000,True,CONTROLLED_SYNTHETIC
H0001704,SME002673,POS_MERCHANT_ACQUIRING,2020-05-25,5120702.960000,201278.360000,True,CONTROLLED_SYNTHETIC
H0001705,SME002675,POS_MERCHANT_ACQUIRING,2026-01-03,13243644.120000,281597.410000,True,CONTROLLED_SYNTHETIC
H0001706,SME002681,POS_MERCHANT_ACQUIRING,2025-11-25,861477.400000,17138.000000,True,CONTROLLED_SYNTHETIC
H0001707,SME002688,POS_MERCHANT_ACQUIRING,2021-05-19,2368883.680000,125516.260000,True,CONTROLLED_SYNTHETIC
H0001708,SME002690,POS_MERCHANT_ACQUIRING,2022-06-16,457933.360000,11287.190000,True,CONTROLLED_SYNTHETIC
H0001709,SME002694,POS_MERCHANT_ACQUIRING,2024-07-20,30731361.960000,1019615.310000,True,CONTROLLED_SYNTHETIC
H0001710,SME002699,POS_MERCHANT_ACQUIRING,2020-02-03,5316663.640000,153140.050000,True,CONTROLLED_SYNTHETIC
H0001711,SME002709,POS_MERCHANT_ACQUIRING,2023-03-09,203823.920000,11201.850000,True,CONTROLLED_SYNTHETIC
H0001712,SME002710,POS_MERCHANT_ACQUIRING,2025-02-09,9929454.560000,257438.230000,True,CONTROLLED_SYNTHETIC
H0001713,SME002716,POS_MERCHANT_ACQUIRING,2025-02-17,14371714.240000,282965.240000,True,CONTROLLED_SYNTHETIC
H0001714,SME002722,POS_MERCHANT_ACQUIRING,2021-01-06,5493365.000000,90745.160000,True,CONTROLLED_SYNTHETIC
H0001715,SME002724,POS_MERCHANT_ACQUIRING,2020-11-06,9646625.280000,314221.080000,True,CONTROLLED_SYNTHETIC
H0001716,SME002725,POS_MERCHANT_ACQUIRING,2024-11-20,4323366.800000,229292.540000,True,CONTROLLED_SYNTHETIC
H0001717,SME002726,POS_MERCHANT_ACQUIRING,2021-05-31,14313334.920000,117933.900000,True,CONTROLLED_SYNTHETIC
H0001718,SME002733,POS_MERCHANT_ACQUIRING,2023-08-14,298133.280000,3750.760000,True,CONTROLLED_SYNTHETIC
H0001719,SME002734,POS_MERCHANT_ACQUIRING,2026-01-16,25591663.400000,204730.220000,True,CONTROLLED_SYNTHETIC
H0001720,SME002737,POS_MERCHANT_ACQUIRING,2026-04-20,5137480.360000,36034.250000,True,CONTROLLED_SYNTHETIC
H0001721,SME002740,POS_MERCHANT_ACQUIRING,2025-06-20,857123.840000,5824.430000,True,CONTROLLED_SYNTHETIC
H0001722,SME002742,POS_MERCHANT_ACQUIRING,2025-06-19,11735422.240000,210440.670000,True,CONTROLLED_SYNTHETIC
H0001723,SME002744,POS_MERCHANT_ACQUIRING,2025-11-14,10561225.000000,158773.460000,True,CONTROLLED_SYNTHETIC
H0001724,SME002746,POS_MERCHANT_ACQUIRING,2026-05-15,1005465.400000,7434.530000,True,CONTROLLED_SYNTHETIC
H0001725,SME002751,POS_MERCHANT_ACQUIRING,2020-12-14,1524986.280000,58573.280000,True,CONTROLLED_SYNTHETIC
H0001726,SME002752,POS_MERCHANT_ACQUIRING,2025-04-29,1532820.520000,64652.160000,True,CONTROLLED_SYNTHETIC
H0001727,SME002754,POS_MERCHANT_ACQUIRING,2022-07-06,1385838.600000,27558.690000,True,CONTROLLED_SYNTHETIC
H0001728,SME002755,POS_MERCHANT_ACQUIRING,2023-02-21,10347969.400000,515121.520000,True,CONTROLLED_SYNTHETIC
H0001729,SME002758,POS_MERCHANT_ACQUIRING,2023-12-28,3998489.840000,213235.050000,True,CONTROLLED_SYNTHETIC
H0001730,SME002761,POS_MERCHANT_ACQUIRING,2024-11-14,12972818.760000,298769.760000,True,CONTROLLED_SYNTHETIC
H0001731,SME002767,POS_MERCHANT_ACQUIRING,2020-09-18,528238.360000,12075.440000,True,CONTROLLED_SYNTHETIC
H0001732,SME002769,POS_MERCHANT_ACQUIRING,2021-09-21,1414708.000000,30139.120000,True,CONTROLLED_SYNTHETIC
H0001733,SME002771,POS_MERCHANT_ACQUIRING,2025-04-22,10902849.360000,416297.620000,True,CONTROLLED_SYNTHETIC
H0001734,SME002780,POS_MERCHANT_ACQUIRING,2022-08-11,2127620.440000,82974.130000,True,CONTROLLED_SYNTHETIC
H0001735,SME002784,POS_MERCHANT_ACQUIRING,2021-04-07,7158150.560000,158988.850000,True,CONTROLLED_SYNTHETIC
H0001736,SME002785,POS_MERCHANT_ACQUIRING,2020-06-29,739331.960000,6349.700000,True,CONTROLLED_SYNTHETIC
H0001737,SME002788,POS_MERCHANT_ACQUIRING,2023-10-26,777981.440000,5339.350000,True,CONTROLLED_SYNTHETIC
H0001738,SME002792,POS_MERCHANT_ACQUIRING,2021-05-20,10563904.080000,534015.840000,True,CONTROLLED_SYNTHETIC
H0001739,SME002795,POS_MERCHANT_ACQUIRING,2024-12-14,3104585.040000,165558.170000,True,CONTROLLED_SYNTHETIC
H0001740,SME002805,POS_MERCHANT_ACQUIRING,2022-08-24,40912619.240000,1500849.000000,True,CONTROLLED_SYNTHETIC
H0001741,SME002811,POS_MERCHANT_ACQUIRING,2021-01-11,154932.200000,3467.730000,True,CONTROLLED_SYNTHETIC
H0001742,SME002817,POS_MERCHANT_ACQUIRING,2020-05-23,925680.920000,41355.490000,True,CONTROLLED_SYNTHETIC
H0001743,SME002818,POS_MERCHANT_ACQUIRING,2021-06-27,5523561.160000,215510.470000,True,CONTROLLED_SYNTHETIC
H0001744,SME002828,POS_MERCHANT_ACQUIRING,2024-05-04,24600183.000000,1289004.710000,True,CONTROLLED_SYNTHETIC
H0001745,SME002835,POS_MERCHANT_ACQUIRING,2020-05-05,441836.200000,4843.800000,True,CONTROLLED_SYNTHETIC
H0001746,SME002837,POS_MERCHANT_ACQUIRING,2021-04-07,6043390.280000,186358.410000,True,CONTROLLED_SYNTHETIC
H0001747,SME002838,POS_MERCHANT_ACQUIRING,2023-10-02,7269746.720000,104801.970000,True,CONTROLLED_SYNTHETIC
H0001748,SME002843,POS_MERCHANT_ACQUIRING,2020-12-10,3432319.600000,91593.330000,True,CONTROLLED_SYNTHETIC
H0001749,SME002846,POS_MERCHANT_ACQUIRING,2026-03-31,11481742.640000,547897.330000,True,CONTROLLED_SYNTHETIC
H0001750,SME002848,POS_MERCHANT_ACQUIRING,2023-12-15,28225751.160000,1396836.370000,True,CONTROLLED_SYNTHETIC
H0001751,SME002862,POS_MERCHANT_ACQUIRING,2026-04-26,939696.920000,11174.140000,True,CONTROLLED_SYNTHETIC
H0001752,SME002875,POS_MERCHANT_ACQUIRING,2023-12-20,4904817.360000,86363.680000,True,CONTROLLED_SYNTHETIC
H0001753,SME002879,POS_MERCHANT_ACQUIRING,2026-03-11,5025195.120000,76385.990000,True,CONTROLLED_SYNTHETIC
H0001754,SME002887,POS_MERCHANT_ACQUIRING,2020-02-22,590667.960000,18739.870000,True,CONTROLLED_SYNTHETIC
H0001755,SME002896,POS_MERCHANT_ACQUIRING,2021-09-03,22482643.520000,291021.170000,True,CONTROLLED_SYNTHETIC
H0001756,SME002897,POS_MERCHANT_ACQUIRING,2025-12-07,33937318.360000,325757.020000,True,CONTROLLED_SYNTHETIC
H0001757,SME002905,POS_MERCHANT_ACQUIRING,2022-12-05,74868280.080000,2212770.250000,True,CONTROLLED_SYNTHETIC
H0001758,SME002913,POS_MERCHANT_ACQUIRING,2020-07-15,4282845.880000,84917.940000,True,CONTROLLED_SYNTHETIC
H0001759,SME002914,POS_MERCHANT_ACQUIRING,2024-10-10,2474990.400000,59351.180000,True,CONTROLLED_SYNTHETIC
H0001760,SME002918,POS_MERCHANT_ACQUIRING,2024-06-19,245113.080000,9578.700000,True,CONTROLLED_SYNTHETIC
H0001761,SME002919,POS_MERCHANT_ACQUIRING,2023-01-20,5785402.640000,97129.420000,True,CONTROLLED_SYNTHETIC
H0001762,SME002920,POS_MERCHANT_ACQUIRING,2025-01-31,25789378.080000,619503.700000,True,CONTROLLED_SYNTHETIC
H0001763,SME002924,POS_MERCHANT_ACQUIRING,2024-04-03,2130195.320000,74918.650000,True,CONTROLLED_SYNTHETIC
H0001764,SME002925,POS_MERCHANT_ACQUIRING,2020-12-02,6228974.720000,301627.180000,True,CONTROLLED_SYNTHETIC
H0001765,SME002936,POS_MERCHANT_ACQUIRING,2020-09-03,20988074.640000,502031.800000,True,CONTROLLED_SYNTHETIC
H0001766,SME002940,POS_MERCHANT_ACQUIRING,2023-11-13,115174993.960000,5380505.130000,True,CONTROLLED_SYNTHETIC
H0001767,SME002945,POS_MERCHANT_ACQUIRING,2025-12-15,22093553.800000,576066.460000,True,CONTROLLED_SYNTHETIC
H0001768,SME002946,POS_MERCHANT_ACQUIRING,2022-07-21,19936987.040000,497114.360000,True,CONTROLLED_SYNTHETIC
H0001769,SME002949,POS_MERCHANT_ACQUIRING,2026-04-22,1643076.360000,9636.830000,True,CONTROLLED_SYNTHETIC
H0001770,SME002952,POS_MERCHANT_ACQUIRING,2023-02-04,80386167.040000,1657540.100000,True,CONTROLLED_SYNTHETIC
H0001771,SME002959,POS_MERCHANT_ACQUIRING,2024-09-22,321835.440000,13277.280000,True,CONTROLLED_SYNTHETIC
H0001772,SME002962,POS_MERCHANT_ACQUIRING,2026-02-07,3034662.720000,85955.950000,True,CONTROLLED_SYNTHETIC
H0001773,SME002968,POS_MERCHANT_ACQUIRING,2022-07-24,3704191.320000,56608.510000,True,CONTROLLED_SYNTHETIC
H0001774,SME002969,POS_MERCHANT_ACQUIRING,2020-10-17,9424900.520000,160489.150000,True,CONTROLLED_SYNTHETIC
H0001775,SME002970,POS_MERCHANT_ACQUIRING,2022-10-31,3861542.480000,160678.370000,True,CONTROLLED_SYNTHETIC
H0001776,SME002971,POS_MERCHANT_ACQUIRING,2024-06-03,1926190.760000,45287.630000,True,CONTROLLED_SYNTHETIC
H0001777,SME002974,POS_MERCHANT_ACQUIRING,2021-11-07,645256.800000,16634.860000,True,CONTROLLED_SYNTHETIC
H0001778,SME002976,POS_MERCHANT_ACQUIRING,2020-11-14,1841244.360000,42245.330000,True,CONTROLLED_SYNTHETIC
H0001779,SME002978,POS_MERCHANT_ACQUIRING,2021-01-23,2053611.320000,86088.230000,True,CONTROLLED_SYNTHETIC
H0001780,SME002979,POS_MERCHANT_ACQUIRING,2020-04-18,239412.880000,10945.910000,True,CONTROLLED_SYNTHETIC
H0001781,SME002983,POS_MERCHANT_ACQUIRING,2020-04-01,2524887.840000,21683.970000,True,CONTROLLED_SYNTHETIC
H0001782,SME002985,POS_MERCHANT_ACQUIRING,2021-08-27,5229715.400000,183689.440000,True,CONTROLLED_SYNTHETIC
H0001783,SME002986,POS_MERCHANT_ACQUIRING,2023-05-07,771991.440000,40631.380000,True,CONTROLLED_SYNTHETIC
H0001784,SME002989,POS_MERCHANT_ACQUIRING,2025-07-14,29751151.720000,748739.310000,True,CONTROLLED_SYNTHETIC
H0001785,SME002990,POS_MERCHANT_ACQUIRING,2023-05-06,36485722.040000,992968.260000,True,CONTROLLED_SYNTHETIC
H0001786,SME002993,POS_MERCHANT_ACQUIRING,2023-01-25,357332.320000,18100.350000,True,CONTROLLED_SYNTHETIC
H0001787,SME002994,POS_MERCHANT_ACQUIRING,2024-10-13,2593316.720000,59102.800000,True,CONTROLLED_SYNTHETIC
H0001788,SME002996,POS_MERCHANT_ACQUIRING,2023-07-28,1771096.400000,29597.740000,True,CONTROLLED_SYNTHETIC
H0001789,SME002997,POS_MERCHANT_ACQUIRING,2023-11-08,4790634.040000,179567.750000,True,CONTROLLED_SYNTHETIC
H0001790,SME002998,POS_MERCHANT_ACQUIRING,2023-02-04,14773713.720000,224679.430000,True,CONTROLLED_SYNTHETIC
H0001791,SME003002,POS_MERCHANT_ACQUIRING,2020-09-12,1469054.040000,41319.350000,True,CONTROLLED_SYNTHETIC
H0001792,SME003003,POS_MERCHANT_ACQUIRING,2025-03-15,1935694.040000,48005.150000,True,CONTROLLED_SYNTHETIC
H0001793,SME003005,POS_MERCHANT_ACQUIRING,2024-04-25,2553450.680000,80743.290000,True,CONTROLLED_SYNTHETIC
H0001794,SME003006,POS_MERCHANT_ACQUIRING,2023-09-01,2790179.280000,96701.070000,True,CONTROLLED_SYNTHETIC
H0001795,SME003009,POS_MERCHANT_ACQUIRING,2025-10-17,2198336.840000,97184.610000,True,CONTROLLED_SYNTHETIC
H0001796,SME003012,POS_MERCHANT_ACQUIRING,2024-05-31,19369413.200000,217816.120000,True,CONTROLLED_SYNTHETIC
H0001797,SME003013,POS_MERCHANT_ACQUIRING,2021-12-22,378731.760000,17443.750000,True,CONTROLLED_SYNTHETIC
H0001798,SME003021,POS_MERCHANT_ACQUIRING,2026-03-09,17800167.560000,944776.060000,True,CONTROLLED_SYNTHETIC
H0001799,SME003026,POS_MERCHANT_ACQUIRING,2024-05-09,7789991.440000,34681.750000,True,CONTROLLED_SYNTHETIC
H0001800,SME003027,POS_MERCHANT_ACQUIRING,2025-02-14,15119444.560000,776474.480000,True,CONTROLLED_SYNTHETIC
H0001801,SME003028,POS_MERCHANT_ACQUIRING,2021-08-05,143195.600000,2751.410000,True,CONTROLLED_SYNTHETIC
H0001802,SME003029,POS_MERCHANT_ACQUIRING,2023-03-09,1804142.840000,41013.910000,True,CONTROLLED_SYNTHETIC
H0001803,SME003032,POS_MERCHANT_ACQUIRING,2020-07-09,21546938.800000,753310.970000,True,CONTROLLED_SYNTHETIC
H0001804,SME003042,POS_MERCHANT_ACQUIRING,2024-09-10,239908.080000,1372.590000,True,CONTROLLED_SYNTHETIC
H0001805,SME003047,POS_MERCHANT_ACQUIRING,2020-07-04,8094322.400000,176451.270000,True,CONTROLLED_SYNTHETIC
H0001806,SME003048,POS_MERCHANT_ACQUIRING,2021-06-15,16236855.160000,246641.780000,True,CONTROLLED_SYNTHETIC
H0001807,SME003052,POS_MERCHANT_ACQUIRING,2021-01-01,12499843.440000,139929.910000,True,CONTROLLED_SYNTHETIC
H0001808,SME003054,POS_MERCHANT_ACQUIRING,2020-05-30,83793.600000,4120.210000,True,CONTROLLED_SYNTHETIC
H0001809,SME003056,POS_MERCHANT_ACQUIRING,2023-01-10,11707497.920000,58824.530000,True,CONTROLLED_SYNTHETIC
H0001810,SME003059,POS_MERCHANT_ACQUIRING,2020-09-04,89322.200000,2631.300000,True,CONTROLLED_SYNTHETIC
H0001811,SME003060,POS_MERCHANT_ACQUIRING,2024-06-15,2808797.600000,20299.800000,True,CONTROLLED_SYNTHETIC
H0001812,SME003064,POS_MERCHANT_ACQUIRING,2025-05-10,8009087.640000,436888.810000,True,CONTROLLED_SYNTHETIC
H0001813,SME003068,POS_MERCHANT_ACQUIRING,2026-01-02,3520722.920000,186391.860000,True,CONTROLLED_SYNTHETIC
H0001814,SME003077,POS_MERCHANT_ACQUIRING,2024-11-22,314114.000000,2140.060000,True,CONTROLLED_SYNTHETIC
H0001815,SME003082,POS_MERCHANT_ACQUIRING,2026-03-28,17066807.120000,566690.360000,True,CONTROLLED_SYNTHETIC
H0001816,SME003086,POS_MERCHANT_ACQUIRING,2025-08-15,701199.560000,26326.590000,True,CONTROLLED_SYNTHETIC
H0001817,SME003088,POS_MERCHANT_ACQUIRING,2021-01-03,1720941.200000,41879.400000,True,CONTROLLED_SYNTHETIC
H0001818,SME003090,POS_MERCHANT_ACQUIRING,2020-07-29,1254659.080000,40028.670000,True,CONTROLLED_SYNTHETIC
H0001819,SME003095,POS_MERCHANT_ACQUIRING,2021-03-06,10388801.480000,228172.520000,True,CONTROLLED_SYNTHETIC
H0001820,SME003100,POS_MERCHANT_ACQUIRING,2026-04-20,553397.520000,11356.280000,True,CONTROLLED_SYNTHETIC
H0001821,SME003101,POS_MERCHANT_ACQUIRING,2023-03-25,26787257.560000,1158634.720000,True,CONTROLLED_SYNTHETIC
H0001822,SME003104,POS_MERCHANT_ACQUIRING,2020-12-26,166573.600000,7873.060000,True,CONTROLLED_SYNTHETIC
H0001823,SME003106,POS_MERCHANT_ACQUIRING,2023-05-01,2694600.360000,76354.780000,True,CONTROLLED_SYNTHETIC
H0001824,SME003108,POS_MERCHANT_ACQUIRING,2026-02-10,2583830.520000,85824.710000,True,CONTROLLED_SYNTHETIC
H0001825,SME003115,POS_MERCHANT_ACQUIRING,2023-01-24,4579621.960000,206864.320000,True,CONTROLLED_SYNTHETIC
H0001826,SME003118,POS_MERCHANT_ACQUIRING,2026-03-15,8613673.600000,203157.110000,True,CONTROLLED_SYNTHETIC
H0001827,SME003122,POS_MERCHANT_ACQUIRING,2022-01-23,796698.280000,18230.610000,True,CONTROLLED_SYNTHETIC
H0001828,SME003124,POS_MERCHANT_ACQUIRING,2020-06-21,863364.720000,20162.740000,True,CONTROLLED_SYNTHETIC
H0001829,SME003127,POS_MERCHANT_ACQUIRING,2024-05-17,893284.320000,26742.670000,True,CONTROLLED_SYNTHETIC
H0001830,SME003137,POS_MERCHANT_ACQUIRING,2023-07-30,6800288.080000,204371.280000,True,CONTROLLED_SYNTHETIC
H0001831,SME003140,POS_MERCHANT_ACQUIRING,2023-09-03,1520860.920000,22468.650000,True,CONTROLLED_SYNTHETIC
H0001832,SME003141,POS_MERCHANT_ACQUIRING,2022-01-11,508370.760000,25622.220000,True,CONTROLLED_SYNTHETIC
H0001833,SME003147,POS_MERCHANT_ACQUIRING,2025-02-01,1227567.960000,65972.260000,True,CONTROLLED_SYNTHETIC
H0001834,SME003151,POS_MERCHANT_ACQUIRING,2021-03-18,590903.080000,13699.620000,True,CONTROLLED_SYNTHETIC
H0001835,SME003153,POS_MERCHANT_ACQUIRING,2022-04-29,37319.120000,802.040000,True,CONTROLLED_SYNTHETIC
H0001836,SME003161,POS_MERCHANT_ACQUIRING,2023-03-17,1494150.040000,20767.640000,True,CONTROLLED_SYNTHETIC
H0001837,SME003162,POS_MERCHANT_ACQUIRING,2021-06-22,5485951.400000,48380.680000,True,CONTROLLED_SYNTHETIC
H0001838,SME003167,POS_MERCHANT_ACQUIRING,2022-08-10,79473.520000,812.050000,True,CONTROLLED_SYNTHETIC
H0001839,SME003178,POS_MERCHANT_ACQUIRING,2023-10-11,23988337.720000,1191959.900000,True,CONTROLLED_SYNTHETIC
H0001840,SME003185,POS_MERCHANT_ACQUIRING,2021-10-01,33878599.800000,767180.460000,True,CONTROLLED_SYNTHETIC
H0001841,SME003186,POS_MERCHANT_ACQUIRING,2025-05-12,1005413.640000,37572.790000,True,CONTROLLED_SYNTHETIC
H0001842,SME003188,POS_MERCHANT_ACQUIRING,2020-12-21,327142.560000,13959.780000,True,CONTROLLED_SYNTHETIC
H0001843,SME000007,BUSINESS_CREDIT_CARD,2023-11-28,3688454.020000,29946.740000,True,CONTROLLED_SYNTHETIC
H0001844,SME000008,BUSINESS_CREDIT_CARD,2021-05-20,174467.580000,3656.340000,True,CONTROLLED_SYNTHETIC
H0001845,SME000009,BUSINESS_CREDIT_CARD,2026-01-13,164185.810000,3249.810000,True,CONTROLLED_SYNTHETIC
H0001846,SME000010,BUSINESS_CREDIT_CARD,2025-01-12,495453.960000,19990.270000,True,CONTROLLED_SYNTHETIC
H0001847,SME000014,BUSINESS_CREDIT_CARD,2024-09-13,179374.620000,8283.450000,True,CONTROLLED_SYNTHETIC
H0001848,SME000017,BUSINESS_CREDIT_CARD,2025-07-05,91373.970000,4775.460000,True,CONTROLLED_SYNTHETIC
H0001849,SME000019,BUSINESS_CREDIT_CARD,2022-11-18,2098493.290000,56628.110000,True,CONTROLLED_SYNTHETIC
H0001850,SME000025,BUSINESS_CREDIT_CARD,2020-05-16,193201.490000,9592.420000,True,CONTROLLED_SYNTHETIC
H0001851,SME000029,BUSINESS_CREDIT_CARD,2024-10-11,3202187.420000,121955.830000,True,CONTROLLED_SYNTHETIC
H0001852,SME000032,BUSINESS_CREDIT_CARD,2022-11-30,184127.540000,2835.110000,True,CONTROLLED_SYNTHETIC
H0001853,SME000033,BUSINESS_CREDIT_CARD,2020-09-29,934264.260000,19063.450000,True,CONTROLLED_SYNTHETIC
H0001854,SME000037,BUSINESS_CREDIT_CARD,2020-09-26,207819.360000,8727.010000,True,CONTROLLED_SYNTHETIC
H0001855,SME000040,BUSINESS_CREDIT_CARD,2025-01-09,43498.500000,1819.040000,True,CONTROLLED_SYNTHETIC
H0001856,SME000044,BUSINESS_CREDIT_CARD,2022-04-24,829934.660000,25786.460000,True,CONTROLLED_SYNTHETIC
H0001857,SME000046,BUSINESS_CREDIT_CARD,2023-11-27,3133586.490000,91597.040000,True,CONTROLLED_SYNTHETIC
H0001858,SME000048,BUSINESS_CREDIT_CARD,2021-10-10,505554.080000,27259.560000,True,CONTROLLED_SYNTHETIC
H0001859,SME000051,BUSINESS_CREDIT_CARD,2024-11-23,92131.630000,3005.320000,True,CONTROLLED_SYNTHETIC
H0001860,SME000053,BUSINESS_CREDIT_CARD,2021-01-22,1199034.630000,47407.120000,True,CONTROLLED_SYNTHETIC
H0001861,SME000056,BUSINESS_CREDIT_CARD,2021-04-14,77085.850000,2222.220000,True,CONTROLLED_SYNTHETIC
H0001862,SME000057,BUSINESS_CREDIT_CARD,2025-02-18,222417.830000,3492.610000,True,CONTROLLED_SYNTHETIC
H0001863,SME000058,BUSINESS_CREDIT_CARD,2024-06-21,1296438.580000,45485.170000,True,CONTROLLED_SYNTHETIC
H0001864,SME000060,BUSINESS_CREDIT_CARD,2020-07-06,341139.960000,9277.100000,True,CONTROLLED_SYNTHETIC
H0001865,SME000062,BUSINESS_CREDIT_CARD,2023-07-13,226925.320000,9538.250000,True,CONTROLLED_SYNTHETIC
H0001866,SME000063,BUSINESS_CREDIT_CARD,2023-10-05,853275.100000,31307.450000,True,CONTROLLED_SYNTHETIC
H0001867,SME000066,BUSINESS_CREDIT_CARD,2021-11-20,250293.190000,5212.900000,True,CONTROLLED_SYNTHETIC
H0001868,SME000068,BUSINESS_CREDIT_CARD,2025-04-25,44707.870000,2134.290000,True,CONTROLLED_SYNTHETIC
H0001869,SME000069,BUSINESS_CREDIT_CARD,2023-03-23,2521648.930000,96599.430000,True,CONTROLLED_SYNTHETIC
H0001870,SME000071,BUSINESS_CREDIT_CARD,2024-06-03,812077.760000,29447.120000,True,CONTROLLED_SYNTHETIC
H0001871,SME000073,BUSINESS_CREDIT_CARD,2020-02-29,198446.100000,4433.430000,True,CONTROLLED_SYNTHETIC
H0001872,SME000074,BUSINESS_CREDIT_CARD,2025-05-30,542431.010000,5417.710000,True,CONTROLLED_SYNTHETIC
H0001873,SME000078,BUSINESS_CREDIT_CARD,2025-10-23,1074934.630000,40410.820000,True,CONTROLLED_SYNTHETIC
H0001874,SME000080,BUSINESS_CREDIT_CARD,2022-08-27,763189.810000,3208.450000,True,CONTROLLED_SYNTHETIC
H0001875,SME000082,BUSINESS_CREDIT_CARD,2022-09-28,217370.560000,3588.490000,True,CONTROLLED_SYNTHETIC
H0001876,SME000087,BUSINESS_CREDIT_CARD,2025-08-27,348910.900000,8083.000000,True,CONTROLLED_SYNTHETIC
H0001877,SME000088,BUSINESS_CREDIT_CARD,2025-06-23,367529.270000,17431.570000,True,CONTROLLED_SYNTHETIC
H0001878,SME000091,BUSINESS_CREDIT_CARD,2026-04-24,146490.300000,3104.100000,True,CONTROLLED_SYNTHETIC
H0001879,SME000098,BUSINESS_CREDIT_CARD,2021-02-23,3008966.560000,136031.350000,True,CONTROLLED_SYNTHETIC
H0001880,SME000101,BUSINESS_CREDIT_CARD,2024-06-29,294567.190000,2815.800000,True,CONTROLLED_SYNTHETIC
H0001881,SME000102,BUSINESS_CREDIT_CARD,2026-01-04,2521299.950000,117409.290000,True,CONTROLLED_SYNTHETIC
H0001882,SME000103,BUSINESS_CREDIT_CARD,2024-03-23,194970.770000,6564.410000,True,CONTROLLED_SYNTHETIC
H0001883,SME000107,BUSINESS_CREDIT_CARD,2022-03-20,168195.630000,3804.400000,True,CONTROLLED_SYNTHETIC
H0001884,SME000111,BUSINESS_CREDIT_CARD,2024-10-23,1053537.180000,48397.630000,True,CONTROLLED_SYNTHETIC
H0001885,SME000116,BUSINESS_CREDIT_CARD,2025-03-27,337851.670000,4711.630000,True,CONTROLLED_SYNTHETIC
H0001886,SME000124,BUSINESS_CREDIT_CARD,2023-04-06,6990323.740000,257852.330000,True,CONTROLLED_SYNTHETIC
H0001887,SME000129,BUSINESS_CREDIT_CARD,2026-03-01,222509.740000,1008.440000,True,CONTROLLED_SYNTHETIC
H0001888,SME000133,BUSINESS_CREDIT_CARD,2026-03-31,293525.900000,5286.760000,True,CONTROLLED_SYNTHETIC
H0001889,SME000134,BUSINESS_CREDIT_CARD,2025-06-16,35539.840000,1017.710000,True,CONTROLLED_SYNTHETIC
H0001890,SME000139,BUSINESS_CREDIT_CARD,2024-06-07,142406.530000,931.760000,True,CONTROLLED_SYNTHETIC
H0001891,SME000144,BUSINESS_CREDIT_CARD,2022-10-17,411998.220000,9438.960000,True,CONTROLLED_SYNTHETIC
H0001892,SME000149,BUSINESS_CREDIT_CARD,2024-10-27,861391.370000,7436.100000,True,CONTROLLED_SYNTHETIC
H0001893,SME000150,BUSINESS_CREDIT_CARD,2025-10-01,572719.050000,3994.800000,True,CONTROLLED_SYNTHETIC
H0001894,SME000153,BUSINESS_CREDIT_CARD,2022-10-25,313180.250000,8565.750000,True,CONTROLLED_SYNTHETIC
H0001895,SME000157,BUSINESS_CREDIT_CARD,2026-03-30,1048261.400000,12968.180000,True,CONTROLLED_SYNTHETIC
H0001896,SME000158,BUSINESS_CREDIT_CARD,2023-05-13,265336.250000,11252.650000,True,CONTROLLED_SYNTHETIC
H0001897,SME000159,BUSINESS_CREDIT_CARD,2023-12-05,579244.400000,19578.360000,True,CONTROLLED_SYNTHETIC
H0001898,SME000160,BUSINESS_CREDIT_CARD,2025-01-23,43439.560000,1722.060000,True,CONTROLLED_SYNTHETIC
H0001899,SME000162,BUSINESS_CREDIT_CARD,2021-12-20,1701090.910000,65422.910000,True,CONTROLLED_SYNTHETIC
H0001900,SME000168,BUSINESS_CREDIT_CARD,2020-10-10,280238.940000,1314.010000,True,CONTROLLED_SYNTHETIC
H0001901,SME000170,BUSINESS_CREDIT_CARD,2021-05-24,2219310.750000,111517.340000,True,CONTROLLED_SYNTHETIC
H0001902,SME000171,BUSINESS_CREDIT_CARD,2024-12-12,93751.440000,2999.520000,True,CONTROLLED_SYNTHETIC
H0001903,SME000174,BUSINESS_CREDIT_CARD,2023-03-01,1937860.150000,65999.850000,True,CONTROLLED_SYNTHETIC
H0001904,SME000175,BUSINESS_CREDIT_CARD,2026-02-10,294701.950000,13023.700000,True,CONTROLLED_SYNTHETIC
H0001905,SME000180,BUSINESS_CREDIT_CARD,2020-02-16,155207.550000,2172.780000,True,CONTROLLED_SYNTHETIC
H0001906,SME000184,BUSINESS_CREDIT_CARD,2024-09-29,348813.830000,11920.680000,True,CONTROLLED_SYNTHETIC
H0001907,SME000186,BUSINESS_CREDIT_CARD,2022-12-20,574950.750000,9376.760000,True,CONTROLLED_SYNTHETIC
H0001908,SME000188,BUSINESS_CREDIT_CARD,2020-05-05,281183.690000,3590.420000,True,CONTROLLED_SYNTHETIC
H0001909,SME000189,BUSINESS_CREDIT_CARD,2020-03-26,226702.110000,12261.650000,True,CONTROLLED_SYNTHETIC
H0001910,SME000190,BUSINESS_CREDIT_CARD,2023-10-28,36089.280000,879.440000,True,CONTROLLED_SYNTHETIC
H0001911,SME000192,BUSINESS_CREDIT_CARD,2023-05-31,75010.940000,1408.050000,True,CONTROLLED_SYNTHETIC
H0001912,SME000193,BUSINESS_CREDIT_CARD,2023-06-06,243381.760000,7686.500000,True,CONTROLLED_SYNTHETIC
H0001913,SME000200,BUSINESS_CREDIT_CARD,2020-09-25,205945.540000,5443.950000,True,CONTROLLED_SYNTHETIC
H0001914,SME000203,BUSINESS_CREDIT_CARD,2022-05-30,877408.530000,11667.000000,True,CONTROLLED_SYNTHETIC
H0001915,SME000206,BUSINESS_CREDIT_CARD,2024-07-24,4843440.280000,134806.470000,True,CONTROLLED_SYNTHETIC
H0001916,SME000208,BUSINESS_CREDIT_CARD,2024-03-09,5330153.120000,290265.880000,True,CONTROLLED_SYNTHETIC
H0001917,SME000211,BUSINESS_CREDIT_CARD,2024-04-17,1185809.110000,6397.860000,True,CONTROLLED_SYNTHETIC
H0001918,SME000216,BUSINESS_CREDIT_CARD,2024-11-10,179501.810000,7619.850000,True,CONTROLLED_SYNTHETIC
H0001919,SME000217,BUSINESS_CREDIT_CARD,2024-05-10,203826.270000,9172.640000,True,CONTROLLED_SYNTHETIC
H0001920,SME000219,BUSINESS_CREDIT_CARD,2023-03-07,323100.560000,17195.940000,True,CONTROLLED_SYNTHETIC
H0001921,SME000220,BUSINESS_CREDIT_CARD,2024-02-21,37494.210000,1145.140000,True,CONTROLLED_SYNTHETIC
H0001922,SME000222,BUSINESS_CREDIT_CARD,2026-03-21,98414.900000,2126.780000,True,CONTROLLED_SYNTHETIC
H0001923,SME000223,BUSINESS_CREDIT_CARD,2022-04-11,106867.020000,921.220000,True,CONTROLLED_SYNTHETIC
H0001924,SME000224,BUSINESS_CREDIT_CARD,2023-04-21,989483.580000,20111.520000,True,CONTROLLED_SYNTHETIC
H0001925,SME000230,BUSINESS_CREDIT_CARD,2023-08-01,21949.550000,728.740000,True,CONTROLLED_SYNTHETIC
H0001926,SME000233,BUSINESS_CREDIT_CARD,2023-07-18,334477.260000,11191.530000,True,CONTROLLED_SYNTHETIC
H0001927,SME000237,BUSINESS_CREDIT_CARD,2023-05-07,63625.190000,2329.480000,True,CONTROLLED_SYNTHETIC
H0001928,SME000239,BUSINESS_CREDIT_CARD,2025-10-19,4081089.370000,146385.590000,True,CONTROLLED_SYNTHETIC
H0001929,SME000246,BUSINESS_CREDIT_CARD,2025-12-29,887756.690000,40770.640000,True,CONTROLLED_SYNTHETIC
H0001930,SME000248,BUSINESS_CREDIT_CARD,2022-06-13,81141.470000,1151.670000,True,CONTROLLED_SYNTHETIC
H0001931,SME000250,BUSINESS_CREDIT_CARD,2022-09-01,995571.000000,24962.050000,True,CONTROLLED_SYNTHETIC
H0001932,SME000252,BUSINESS_CREDIT_CARD,2022-08-09,90540.460000,4290.120000,True,CONTROLLED_SYNTHETIC
H0001933,SME000253,BUSINESS_CREDIT_CARD,2020-08-18,136035.830000,5692.380000,True,CONTROLLED_SYNTHETIC
H0001934,SME000255,BUSINESS_CREDIT_CARD,2023-03-12,1938017.670000,98511.120000,True,CONTROLLED_SYNTHETIC
H0001935,SME000258,BUSINESS_CREDIT_CARD,2022-08-13,451041.390000,2744.210000,True,CONTROLLED_SYNTHETIC
H0001936,SME000262,BUSINESS_CREDIT_CARD,2026-03-04,32348.370000,685.890000,True,CONTROLLED_SYNTHETIC
H0001937,SME000263,BUSINESS_CREDIT_CARD,2024-09-30,147651.180000,6450.880000,True,CONTROLLED_SYNTHETIC
H0001938,SME000266,BUSINESS_CREDIT_CARD,2022-01-17,788349.920000,43278.200000,True,CONTROLLED_SYNTHETIC
H0001939,SME000268,BUSINESS_CREDIT_CARD,2026-02-28,143371.040000,3188.640000,True,CONTROLLED_SYNTHETIC
H0001940,SME000274,BUSINESS_CREDIT_CARD,2021-10-20,2100274.820000,102423.520000,True,CONTROLLED_SYNTHETIC
H0001941,SME000275,BUSINESS_CREDIT_CARD,2022-11-14,367209.610000,19588.470000,True,CONTROLLED_SYNTHETIC
H0001942,SME000283,BUSINESS_CREDIT_CARD,2025-11-15,745621.290000,38620.580000,True,CONTROLLED_SYNTHETIC
H0001943,SME000284,BUSINESS_CREDIT_CARD,2021-03-11,687293.420000,24511.210000,True,CONTROLLED_SYNTHETIC
H0001944,SME000286,BUSINESS_CREDIT_CARD,2020-09-27,214377.820000,9749.420000,True,CONTROLLED_SYNTHETIC
H0001945,SME000288,BUSINESS_CREDIT_CARD,2024-04-28,1059929.510000,54971.640000,True,CONTROLLED_SYNTHETIC
H0001946,SME000289,BUSINESS_CREDIT_CARD,2022-12-22,97016.730000,3688.970000,True,CONTROLLED_SYNTHETIC
H0001947,SME000292,BUSINESS_CREDIT_CARD,2022-01-30,1834866.400000,42905.220000,True,CONTROLLED_SYNTHETIC
H0001948,SME000296,BUSINESS_CREDIT_CARD,2024-05-11,68013.130000,2429.020000,True,CONTROLLED_SYNTHETIC
H0001949,SME000297,BUSINESS_CREDIT_CARD,2023-01-20,30205.260000,633.130000,True,CONTROLLED_SYNTHETIC
H0001950,SME000298,BUSINESS_CREDIT_CARD,2024-10-31,1633086.890000,30863.770000,True,CONTROLLED_SYNTHETIC
H0001951,SME000310,BUSINESS_CREDIT_CARD,2022-01-29,913839.060000,33888.580000,True,CONTROLLED_SYNTHETIC
H0001952,SME000311,BUSINESS_CREDIT_CARD,2024-06-07,122719.960000,4493.970000,True,CONTROLLED_SYNTHETIC
H0001953,SME000316,BUSINESS_CREDIT_CARD,2020-01-25,5366796.730000,132381.080000,True,CONTROLLED_SYNTHETIC
H0001954,SME000318,BUSINESS_CREDIT_CARD,2024-09-30,808220.760000,26753.730000,True,CONTROLLED_SYNTHETIC
H0001955,SME000322,BUSINESS_CREDIT_CARD,2024-02-27,449568.850000,22226.460000,True,CONTROLLED_SYNTHETIC
H0001956,SME000323,BUSINESS_CREDIT_CARD,2023-04-23,527540.440000,12176.480000,True,CONTROLLED_SYNTHETIC
H0001957,SME000326,BUSINESS_CREDIT_CARD,2020-12-10,654582.250000,33362.890000,True,CONTROLLED_SYNTHETIC
H0001958,SME000327,BUSINESS_CREDIT_CARD,2023-06-12,6203941.730000,158418.770000,True,CONTROLLED_SYNTHETIC
H0001959,SME000328,BUSINESS_CREDIT_CARD,2020-05-07,2921170.390000,38874.770000,True,CONTROLLED_SYNTHETIC
H0001960,SME000329,BUSINESS_CREDIT_CARD,2026-05-10,580840.070000,19626.150000,True,CONTROLLED_SYNTHETIC
H0001961,SME000333,BUSINESS_CREDIT_CARD,2024-03-18,1395452.890000,46183.950000,True,CONTROLLED_SYNTHETIC
H0001962,SME000334,BUSINESS_CREDIT_CARD,2023-05-29,2187803.470000,17998.260000,True,CONTROLLED_SYNTHETIC
H0001963,SME000343,BUSINESS_CREDIT_CARD,2026-02-08,28877.710000,609.110000,True,CONTROLLED_SYNTHETIC
H0001964,SME000344,BUSINESS_CREDIT_CARD,2023-03-23,260572.800000,10623.380000,True,CONTROLLED_SYNTHETIC
H0001965,SME000345,BUSINESS_CREDIT_CARD,2026-04-16,57645.370000,1229.080000,True,CONTROLLED_SYNTHETIC
H0001966,SME000351,BUSINESS_CREDIT_CARD,2022-11-23,143938.560000,2687.230000,True,CONTROLLED_SYNTHETIC
H0001967,SME000352,BUSINESS_CREDIT_CARD,2025-05-10,1227886.550000,14064.150000,True,CONTROLLED_SYNTHETIC
H0001968,SME000356,BUSINESS_CREDIT_CARD,2023-03-23,653142.300000,24781.430000,True,CONTROLLED_SYNTHETIC
H0001969,SME000358,BUSINESS_CREDIT_CARD,2025-07-24,417703.960000,6414.250000,True,CONTROLLED_SYNTHETIC
H0001970,SME000359,BUSINESS_CREDIT_CARD,2023-06-28,119113.400000,5904.780000,True,CONTROLLED_SYNTHETIC
H0001971,SME000360,BUSINESS_CREDIT_CARD,2021-09-21,421888.580000,13603.270000,True,CONTROLLED_SYNTHETIC
H0001972,SME000361,BUSINESS_CREDIT_CARD,2025-04-19,90695.140000,1533.720000,True,CONTROLLED_SYNTHETIC
H0001973,SME000363,BUSINESS_CREDIT_CARD,2022-11-12,56793.910000,2116.430000,True,CONTROLLED_SYNTHETIC
H0001974,SME000364,BUSINESS_CREDIT_CARD,2021-05-22,27972.860000,1497.270000,True,CONTROLLED_SYNTHETIC
H0001975,SME000365,BUSINESS_CREDIT_CARD,2025-05-19,255010.910000,9400.570000,True,CONTROLLED_SYNTHETIC
H0001976,SME000366,BUSINESS_CREDIT_CARD,2022-04-08,149879.490000,2772.240000,True,CONTROLLED_SYNTHETIC
H0001977,SME000369,BUSINESS_CREDIT_CARD,2026-03-23,960479.510000,18469.130000,True,CONTROLLED_SYNTHETIC
H0001978,SME000370,BUSINESS_CREDIT_CARD,2024-01-26,681876.050000,23793.740000,True,CONTROLLED_SYNTHETIC
H0001979,SME000373,BUSINESS_CREDIT_CARD,2021-07-10,246397.010000,8116.270000,True,CONTROLLED_SYNTHETIC
H0001980,SME000376,BUSINESS_CREDIT_CARD,2025-04-22,166628.340000,1797.930000,True,CONTROLLED_SYNTHETIC
H0001981,SME000378,BUSINESS_CREDIT_CARD,2021-12-09,1049134.080000,5734.550000,True,CONTROLLED_SYNTHETIC
H0001982,SME000384,BUSINESS_CREDIT_CARD,2021-06-08,62495.340000,2563.950000,True,CONTROLLED_SYNTHETIC
H0001983,SME000387,BUSINESS_CREDIT_CARD,2026-01-06,287033.950000,13569.930000,True,CONTROLLED_SYNTHETIC
H0001984,SME000389,BUSINESS_CREDIT_CARD,2023-11-30,1185743.180000,20276.610000,True,CONTROLLED_SYNTHETIC
H0001985,SME000390,BUSINESS_CREDIT_CARD,2024-02-11,115021.880000,3208.330000,True,CONTROLLED_SYNTHETIC
H0001986,SME000392,BUSINESS_CREDIT_CARD,2020-10-30,775951.140000,29814.910000,True,CONTROLLED_SYNTHETIC
H0001987,SME000393,BUSINESS_CREDIT_CARD,2020-12-05,152055.790000,1277.060000,True,CONTROLLED_SYNTHETIC
H0001988,SME000395,BUSINESS_CREDIT_CARD,2021-12-08,115339.100000,5144.700000,True,CONTROLLED_SYNTHETIC
H0001989,SME000397,BUSINESS_CREDIT_CARD,2024-06-11,438089.360000,15766.610000,True,CONTROLLED_SYNTHETIC
H0001990,SME000398,BUSINESS_CREDIT_CARD,2020-08-15,45650.990000,2509.450000,True,CONTROLLED_SYNTHETIC
H0001991,SME000399,BUSINESS_CREDIT_CARD,2023-12-13,3855581.620000,103662.620000,True,CONTROLLED_SYNTHETIC
H0001992,SME000401,BUSINESS_CREDIT_CARD,2025-03-25,114288.610000,5421.980000,True,CONTROLLED_SYNTHETIC
H0001993,SME000411,BUSINESS_CREDIT_CARD,2020-09-12,326181.680000,7317.980000,True,CONTROLLED_SYNTHETIC
H0001994,SME000412,BUSINESS_CREDIT_CARD,2023-08-21,160456.280000,1600.040000,True,CONTROLLED_SYNTHETIC
H0001995,SME000413,BUSINESS_CREDIT_CARD,2024-08-27,198840.860000,10650.840000,True,CONTROLLED_SYNTHETIC
H0001996,SME000416,BUSINESS_CREDIT_CARD,2021-02-10,1528214.510000,9119.030000,True,CONTROLLED_SYNTHETIC
H0001997,SME000417,BUSINESS_CREDIT_CARD,2024-04-06,242014.600000,10394.670000,True,CONTROLLED_SYNTHETIC
H0001998,SME000418,BUSINESS_CREDIT_CARD,2023-08-19,954771.900000,17201.270000,True,CONTROLLED_SYNTHETIC
H0001999,SME000420,BUSINESS_CREDIT_CARD,2025-07-22,881780.240000,36536.560000,True,CONTROLLED_SYNTHETIC
H0002000,SME000424,BUSINESS_CREDIT_CARD,2020-08-31,2172965.160000,36985.140000,True,CONTROLLED_SYNTHETIC
H0002001,SME000425,BUSINESS_CREDIT_CARD,2024-11-27,264376.000000,6664.760000,True,CONTROLLED_SYNTHETIC
H0002002,SME000426,BUSINESS_CREDIT_CARD,2024-09-22,1554962.680000,34433.880000,True,CONTROLLED_SYNTHETIC
H0002003,SME000428,BUSINESS_CREDIT_CARD,2021-09-17,269540.650000,12581.950000,True,CONTROLLED_SYNTHETIC
H0002004,SME000436,BUSINESS_CREDIT_CARD,2023-12-28,311466.670000,11187.790000,True,CONTROLLED_SYNTHETIC
H0002005,SME000440,BUSINESS_CREDIT_CARD,2023-01-18,272907.080000,7829.390000,True,CONTROLLED_SYNTHETIC
H0002006,SME000442,BUSINESS_CREDIT_CARD,2023-04-05,222915.390000,4227.380000,True,CONTROLLED_SYNTHETIC
H0002007,SME000443,BUSINESS_CREDIT_CARD,2024-05-16,128197.970000,2894.970000,True,CONTROLLED_SYNTHETIC
H0002008,SME000445,BUSINESS_CREDIT_CARD,2025-04-25,615557.310000,22974.180000,True,CONTROLLED_SYNTHETIC
H0002009,SME000446,BUSINESS_CREDIT_CARD,2026-01-29,1193588.350000,49997.480000,True,CONTROLLED_SYNTHETIC
H0002010,SME000447,BUSINESS_CREDIT_CARD,2021-02-09,163675.540000,8453.160000,True,CONTROLLED_SYNTHETIC
H0002011,SME000448,BUSINESS_CREDIT_CARD,2022-12-05,526999.050000,5913.200000,True,CONTROLLED_SYNTHETIC
H0002012,SME000451,BUSINESS_CREDIT_CARD,2025-07-31,70358.200000,1098.520000,True,CONTROLLED_SYNTHETIC
H0002013,SME000453,BUSINESS_CREDIT_CARD,2025-04-01,121414.350000,3853.720000,True,CONTROLLED_SYNTHETIC
H0002014,SME000454,BUSINESS_CREDIT_CARD,2022-05-12,1245614.070000,24124.870000,True,CONTROLLED_SYNTHETIC
H0002015,SME000458,BUSINESS_CREDIT_CARD,2021-08-02,169815.670000,1390.440000,True,CONTROLLED_SYNTHETIC
H0002016,SME000463,BUSINESS_CREDIT_CARD,2021-05-07,1213489.220000,25341.800000,True,CONTROLLED_SYNTHETIC
H0002017,SME000466,BUSINESS_CREDIT_CARD,2022-06-20,511888.910000,5115.720000,True,CONTROLLED_SYNTHETIC
H0002018,SME000467,BUSINESS_CREDIT_CARD,2024-08-02,348255.290000,18209.920000,True,CONTROLLED_SYNTHETIC
H0002019,SME000468,BUSINESS_CREDIT_CARD,2022-08-12,254484.560000,7107.230000,True,CONTROLLED_SYNTHETIC
H0002020,SME000474,BUSINESS_CREDIT_CARD,2025-02-06,3251991.940000,43867.390000,True,CONTROLLED_SYNTHETIC
H0002021,SME000475,BUSINESS_CREDIT_CARD,2024-04-27,252402.220000,3508.770000,True,CONTROLLED_SYNTHETIC
H0002022,SME000478,BUSINESS_CREDIT_CARD,2020-08-28,144905.150000,2362.720000,True,CONTROLLED_SYNTHETIC
H0002023,SME000479,BUSINESS_CREDIT_CARD,2026-03-09,3121733.520000,85823.010000,True,CONTROLLED_SYNTHETIC
H0002024,SME000480,BUSINESS_CREDIT_CARD,2023-01-12,113457.500000,1834.990000,True,CONTROLLED_SYNTHETIC
H0002025,SME000482,BUSINESS_CREDIT_CARD,2020-12-29,337413.180000,9681.270000,True,CONTROLLED_SYNTHETIC
H0002026,SME000484,BUSINESS_CREDIT_CARD,2020-12-04,89511.020000,4255.270000,True,CONTROLLED_SYNTHETIC
H0002027,SME000486,BUSINESS_CREDIT_CARD,2021-09-18,5854518.280000,75229.950000,True,CONTROLLED_SYNTHETIC
H0002028,SME000487,BUSINESS_CREDIT_CARD,2022-10-17,1617693.730000,53110.350000,True,CONTROLLED_SYNTHETIC
H0002029,SME000488,BUSINESS_CREDIT_CARD,2023-10-23,55618.650000,554.000000,True,CONTROLLED_SYNTHETIC
H0002030,SME000492,BUSINESS_CREDIT_CARD,2025-03-25,42381.290000,1792.880000,True,CONTROLLED_SYNTHETIC
H0002031,SME000493,BUSINESS_CREDIT_CARD,2026-05-20,278588.100000,10742.140000,True,CONTROLLED_SYNTHETIC
H0002032,SME000495,BUSINESS_CREDIT_CARD,2023-02-23,276418.000000,13473.800000,True,CONTROLLED_SYNTHETIC
H0002033,SME000496,BUSINESS_CREDIT_CARD,2026-02-21,6756789.570000,82941.520000,True,CONTROLLED_SYNTHETIC
H0002034,SME000499,BUSINESS_CREDIT_CARD,2020-04-22,695539.650000,7788.800000,True,CONTROLLED_SYNTHETIC
H0002035,SME000502,BUSINESS_CREDIT_CARD,2021-12-16,136480.080000,1864.870000,True,CONTROLLED_SYNTHETIC
H0002036,SME000505,BUSINESS_CREDIT_CARD,2020-09-06,594654.110000,29719.530000,True,CONTROLLED_SYNTHETIC
H0002037,SME000508,BUSINESS_CREDIT_CARD,2025-03-31,4167296.020000,37870.350000,True,CONTROLLED_SYNTHETIC
H0002038,SME000509,BUSINESS_CREDIT_CARD,2020-11-17,174728.640000,4241.360000,True,CONTROLLED_SYNTHETIC
H0002039,SME000511,BUSINESS_CREDIT_CARD,2020-07-10,51201.590000,992.720000,True,CONTROLLED_SYNTHETIC
H0002040,SME000515,BUSINESS_CREDIT_CARD,2025-12-24,225403.560000,11888.090000,True,CONTROLLED_SYNTHETIC
H0002041,SME000516,BUSINESS_CREDIT_CARD,2024-03-07,929225.080000,48640.780000,True,CONTROLLED_SYNTHETIC
H0002042,SME000517,BUSINESS_CREDIT_CARD,2022-06-09,209430.120000,1430.710000,True,CONTROLLED_SYNTHETIC
H0002043,SME000520,BUSINESS_CREDIT_CARD,2025-06-16,230495.400000,1570.970000,True,CONTROLLED_SYNTHETIC
H0002044,SME000523,BUSINESS_CREDIT_CARD,2024-12-29,911442.480000,22997.860000,True,CONTROLLED_SYNTHETIC
H0002045,SME000524,BUSINESS_CREDIT_CARD,2021-09-20,1380811.100000,7368.960000,True,CONTROLLED_SYNTHETIC
H0002046,SME000525,BUSINESS_CREDIT_CARD,2024-07-28,147353.000000,4846.010000,True,CONTROLLED_SYNTHETIC
H0002047,SME000527,BUSINESS_CREDIT_CARD,2022-01-15,236050.270000,9353.870000,True,CONTROLLED_SYNTHETIC
H0002048,SME000530,BUSINESS_CREDIT_CARD,2026-02-13,306805.990000,12459.810000,True,CONTROLLED_SYNTHETIC
H0002049,SME000531,BUSINESS_CREDIT_CARD,2021-08-19,185002.130000,1173.000000,True,CONTROLLED_SYNTHETIC
H0002050,SME000532,BUSINESS_CREDIT_CARD,2023-11-23,195461.460000,3102.260000,True,CONTROLLED_SYNTHETIC
H0002051,SME000533,BUSINESS_CREDIT_CARD,2023-12-16,43672.980000,2398.160000,True,CONTROLLED_SYNTHETIC
H0002052,SME000535,BUSINESS_CREDIT_CARD,2026-04-26,544819.770000,23207.940000,True,CONTROLLED_SYNTHETIC
H0002053,SME000540,BUSINESS_CREDIT_CARD,2022-12-31,347863.960000,10515.700000,True,CONTROLLED_SYNTHETIC
H0002054,SME000548,BUSINESS_CREDIT_CARD,2022-03-12,779179.660000,26377.460000,True,CONTROLLED_SYNTHETIC
H0002055,SME000549,BUSINESS_CREDIT_CARD,2025-01-28,41308.750000,462.250000,True,CONTROLLED_SYNTHETIC
H0002056,SME000550,BUSINESS_CREDIT_CARD,2021-06-28,172242.540000,6536.610000,True,CONTROLLED_SYNTHETIC
H0002057,SME000558,BUSINESS_CREDIT_CARD,2024-08-09,1298998.070000,21819.520000,True,CONTROLLED_SYNTHETIC
H0002058,SME000560,BUSINESS_CREDIT_CARD,2023-01-01,876711.470000,7831.150000,True,CONTROLLED_SYNTHETIC
H0002059,SME000561,BUSINESS_CREDIT_CARD,2026-02-14,37257.740000,1480.530000,True,CONTROLLED_SYNTHETIC
H0002060,SME000565,BUSINESS_CREDIT_CARD,2025-02-28,111199.070000,2040.220000,True,CONTROLLED_SYNTHETIC
H0002061,SME000567,BUSINESS_CREDIT_CARD,2021-10-04,295879.230000,8896.310000,True,CONTROLLED_SYNTHETIC
H0002062,SME000568,BUSINESS_CREDIT_CARD,2025-11-03,998563.880000,42715.000000,True,CONTROLLED_SYNTHETIC
H0002063,SME000574,BUSINESS_CREDIT_CARD,2026-05-15,174939.300000,8782.770000,True,CONTROLLED_SYNTHETIC
H0002064,SME000575,BUSINESS_CREDIT_CARD,2021-06-25,2095767.700000,27757.570000,True,CONTROLLED_SYNTHETIC
H0002065,SME000576,BUSINESS_CREDIT_CARD,2025-11-04,52722.110000,2504.640000,True,CONTROLLED_SYNTHETIC
H0002066,SME000579,BUSINESS_CREDIT_CARD,2022-09-05,96544.770000,3159.090000,True,CONTROLLED_SYNTHETIC
H0002067,SME000581,BUSINESS_CREDIT_CARD,2023-06-18,188590.600000,6933.370000,True,CONTROLLED_SYNTHETIC
H0002068,SME000586,BUSINESS_CREDIT_CARD,2020-10-16,405121.730000,6200.970000,True,CONTROLLED_SYNTHETIC
H0002069,SME000590,BUSINESS_CREDIT_CARD,2024-04-11,154044.180000,791.080000,True,CONTROLLED_SYNTHETIC
H0002070,SME000594,BUSINESS_CREDIT_CARD,2020-11-29,192141.620000,7840.330000,True,CONTROLLED_SYNTHETIC
H0002071,SME000602,BUSINESS_CREDIT_CARD,2024-09-01,131573.310000,1589.750000,True,CONTROLLED_SYNTHETIC
H0002072,SME000604,BUSINESS_CREDIT_CARD,2021-07-24,191284.490000,1807.410000,True,CONTROLLED_SYNTHETIC
H0002073,SME000606,BUSINESS_CREDIT_CARD,2022-07-13,94552.970000,669.050000,True,CONTROLLED_SYNTHETIC
H0002074,SME000613,BUSINESS_CREDIT_CARD,2020-12-29,228205.780000,4654.260000,True,CONTROLLED_SYNTHETIC
H0002075,SME000616,BUSINESS_CREDIT_CARD,2023-03-02,660124.090000,15701.180000,True,CONTROLLED_SYNTHETIC
H0002076,SME000617,BUSINESS_CREDIT_CARD,2024-10-04,271807.800000,10245.590000,True,CONTROLLED_SYNTHETIC
H0002077,SME000618,BUSINESS_CREDIT_CARD,2020-12-28,123227.650000,2290.550000,True,CONTROLLED_SYNTHETIC
H0002078,SME000623,BUSINESS_CREDIT_CARD,2023-01-26,84449.240000,4622.720000,True,CONTROLLED_SYNTHETIC
H0002079,SME000625,BUSINESS_CREDIT_CARD,2025-04-12,31060.800000,248.550000,True,CONTROLLED_SYNTHETIC
H0002080,SME000626,BUSINESS_CREDIT_CARD,2025-05-05,223785.710000,10126.990000,True,CONTROLLED_SYNTHETIC
H0002081,SME000628,BUSINESS_CREDIT_CARD,2025-06-02,598613.840000,9462.280000,True,CONTROLLED_SYNTHETIC
H0002082,SME000630,BUSINESS_CREDIT_CARD,2024-04-27,834276.610000,37523.590000,True,CONTROLLED_SYNTHETIC
H0002083,SME000631,BUSINESS_CREDIT_CARD,2023-09-12,1284235.010000,40059.350000,True,CONTROLLED_SYNTHETIC
H0002084,SME000632,BUSINESS_CREDIT_CARD,2025-11-11,52772.400000,398.970000,True,CONTROLLED_SYNTHETIC
H0002085,SME000636,BUSINESS_CREDIT_CARD,2026-03-28,143286.760000,2206.160000,True,CONTROLLED_SYNTHETIC
H0002086,SME000637,BUSINESS_CREDIT_CARD,2020-06-26,441709.720000,17893.990000,True,CONTROLLED_SYNTHETIC
H0002087,SME000639,BUSINESS_CREDIT_CARD,2023-08-05,375799.450000,2388.030000,True,CONTROLLED_SYNTHETIC
H0002088,SME000640,BUSINESS_CREDIT_CARD,2024-06-12,267029.430000,10425.240000,True,CONTROLLED_SYNTHETIC
H0002089,SME000647,BUSINESS_CREDIT_CARD,2022-09-26,168616.930000,4062.390000,True,CONTROLLED_SYNTHETIC
H0002090,SME000649,BUSINESS_CREDIT_CARD,2020-02-02,57568.140000,812.920000,True,CONTROLLED_SYNTHETIC
H0002091,SME000650,BUSINESS_CREDIT_CARD,2025-07-01,1343079.800000,61895.310000,True,CONTROLLED_SYNTHETIC
H0002092,SME000651,BUSINESS_CREDIT_CARD,2022-08-16,2559420.240000,138668.210000,True,CONTROLLED_SYNTHETIC
H0002093,SME000652,BUSINESS_CREDIT_CARD,2021-04-05,431200.660000,6769.830000,True,CONTROLLED_SYNTHETIC
H0002094,SME000659,BUSINESS_CREDIT_CARD,2024-06-02,87331.800000,1395.990000,True,CONTROLLED_SYNTHETIC
H0002095,SME000661,BUSINESS_CREDIT_CARD,2026-05-08,219109.460000,7636.990000,True,CONTROLLED_SYNTHETIC
H0002096,SME000662,BUSINESS_CREDIT_CARD,2021-08-16,294643.810000,3286.590000,True,CONTROLLED_SYNTHETIC
H0002097,SME000663,BUSINESS_CREDIT_CARD,2021-04-02,650570.370000,26891.330000,True,CONTROLLED_SYNTHETIC
H0002098,SME000664,BUSINESS_CREDIT_CARD,2020-05-18,498382.500000,27321.180000,True,CONTROLLED_SYNTHETIC
H0002099,SME000665,BUSINESS_CREDIT_CARD,2024-02-12,46090.110000,1206.230000,True,CONTROLLED_SYNTHETIC
H0002100,SME000667,BUSINESS_CREDIT_CARD,2026-01-23,181329.740000,1853.220000,True,CONTROLLED_SYNTHETIC
H0002101,SME000671,BUSINESS_CREDIT_CARD,2025-10-08,256228.360000,13249.480000,True,CONTROLLED_SYNTHETIC
H0002102,SME000672,BUSINESS_CREDIT_CARD,2021-06-14,308779.420000,14755.030000,True,CONTROLLED_SYNTHETIC
H0002103,SME000675,BUSINESS_CREDIT_CARD,2025-09-13,522457.940000,17208.480000,True,CONTROLLED_SYNTHETIC
H0002104,SME000677,BUSINESS_CREDIT_CARD,2025-08-19,41041.520000,1212.220000,True,CONTROLLED_SYNTHETIC
H0002105,SME000678,BUSINESS_CREDIT_CARD,2022-06-29,79791.610000,3932.480000,True,CONTROLLED_SYNTHETIC
H0002106,SME000682,BUSINESS_CREDIT_CARD,2026-03-01,2061510.300000,75350.010000,True,CONTROLLED_SYNTHETIC
H0002107,SME000688,BUSINESS_CREDIT_CARD,2025-06-21,121122.020000,5155.150000,True,CONTROLLED_SYNTHETIC
H0002108,SME000689,BUSINESS_CREDIT_CARD,2021-06-02,296646.760000,2851.480000,True,CONTROLLED_SYNTHETIC
H0002109,SME000690,BUSINESS_CREDIT_CARD,2022-10-20,951212.530000,35578.820000,True,CONTROLLED_SYNTHETIC
H0002110,SME000692,BUSINESS_CREDIT_CARD,2022-10-11,244776.930000,8096.080000,True,CONTROLLED_SYNTHETIC
H0002111,SME000695,BUSINESS_CREDIT_CARD,2021-05-09,16915.650000,764.530000,True,CONTROLLED_SYNTHETIC
H0002112,SME000703,BUSINESS_CREDIT_CARD,2025-12-11,2074159.290000,48460.660000,True,CONTROLLED_SYNTHETIC
H0002113,SME000704,BUSINESS_CREDIT_CARD,2023-12-02,161217.120000,8188.680000,True,CONTROLLED_SYNTHETIC
H0002114,SME000706,BUSINESS_CREDIT_CARD,2022-01-03,539886.360000,23394.600000,True,CONTROLLED_SYNTHETIC
H0002115,SME000715,BUSINESS_CREDIT_CARD,2020-05-15,231373.170000,4327.350000,True,CONTROLLED_SYNTHETIC
H0002116,SME000716,BUSINESS_CREDIT_CARD,2024-11-19,1936643.600000,73424.600000,True,CONTROLLED_SYNTHETIC
H0002117,SME000718,BUSINESS_CREDIT_CARD,2023-05-18,189122.690000,7747.940000,True,CONTROLLED_SYNTHETIC
H0002118,SME000719,BUSINESS_CREDIT_CARD,2026-01-25,1005138.610000,50819.740000,True,CONTROLLED_SYNTHETIC
H0002119,SME000723,BUSINESS_CREDIT_CARD,2021-08-25,94619.300000,1467.850000,True,CONTROLLED_SYNTHETIC
H0002120,SME000724,BUSINESS_CREDIT_CARD,2022-03-25,158055.090000,3600.160000,True,CONTROLLED_SYNTHETIC
H0002121,SME000726,BUSINESS_CREDIT_CARD,2024-08-08,6372135.190000,79953.700000,True,CONTROLLED_SYNTHETIC
H0002122,SME000728,BUSINESS_CREDIT_CARD,2025-12-24,367607.390000,4868.920000,True,CONTROLLED_SYNTHETIC
H0002123,SME000731,BUSINESS_CREDIT_CARD,2025-02-20,738757.380000,38312.300000,True,CONTROLLED_SYNTHETIC
H0002124,SME000732,BUSINESS_CREDIT_CARD,2024-05-24,440380.750000,12665.210000,True,CONTROLLED_SYNTHETIC
H0002125,SME000739,BUSINESS_CREDIT_CARD,2023-07-25,492035.010000,10638.360000,True,CONTROLLED_SYNTHETIC
H0002126,SME000748,BUSINESS_CREDIT_CARD,2022-05-15,671307.790000,8292.380000,True,CONTROLLED_SYNTHETIC
H0002127,SME000752,BUSINESS_CREDIT_CARD,2025-01-26,353916.780000,16674.910000,True,CONTROLLED_SYNTHETIC
H0002128,SME000755,BUSINESS_CREDIT_CARD,2021-01-27,713654.070000,35479.230000,True,CONTROLLED_SYNTHETIC
H0002129,SME000757,BUSINESS_CREDIT_CARD,2022-01-06,85755.790000,4589.790000,True,CONTROLLED_SYNTHETIC
H0002130,SME000762,BUSINESS_CREDIT_CARD,2023-07-19,226485.410000,6264.100000,True,CONTROLLED_SYNTHETIC
H0002131,SME000770,BUSINESS_CREDIT_CARD,2020-08-03,373155.090000,9324.240000,True,CONTROLLED_SYNTHETIC
H0002132,SME000772,BUSINESS_CREDIT_CARD,2020-08-22,517076.260000,18628.950000,True,CONTROLLED_SYNTHETIC
H0002133,SME000775,BUSINESS_CREDIT_CARD,2022-08-12,1009329.960000,28589.820000,True,CONTROLLED_SYNTHETIC
H0002134,SME000780,BUSINESS_CREDIT_CARD,2024-01-01,70450.480000,395.310000,True,CONTROLLED_SYNTHETIC
H0002135,SME000784,BUSINESS_CREDIT_CARD,2021-02-09,366792.980000,15012.860000,True,CONTROLLED_SYNTHETIC
H0002136,SME000786,BUSINESS_CREDIT_CARD,2023-12-06,141410.870000,6119.480000,True,CONTROLLED_SYNTHETIC
H0002137,SME000792,BUSINESS_CREDIT_CARD,2025-02-06,231587.250000,3758.320000,True,CONTROLLED_SYNTHETIC
H0002138,SME000798,BUSINESS_CREDIT_CARD,2022-05-25,120926.220000,3286.890000,True,CONTROLLED_SYNTHETIC
H0002139,SME000800,BUSINESS_CREDIT_CARD,2023-10-23,938151.330000,14462.610000,True,CONTROLLED_SYNTHETIC
H0002140,SME000801,BUSINESS_CREDIT_CARD,2023-12-01,530587.430000,28362.880000,True,CONTROLLED_SYNTHETIC
H0002141,SME000804,BUSINESS_CREDIT_CARD,2024-01-21,795158.340000,28800.830000,True,CONTROLLED_SYNTHETIC
H0002142,SME000805,BUSINESS_CREDIT_CARD,2023-10-20,2471124.040000,90568.610000,True,CONTROLLED_SYNTHETIC
H0002143,SME000808,BUSINESS_CREDIT_CARD,2020-12-25,260219.760000,3710.280000,True,CONTROLLED_SYNTHETIC
H0002144,SME000810,BUSINESS_CREDIT_CARD,2025-10-12,115339.570000,3446.890000,True,CONTROLLED_SYNTHETIC
H0002145,SME000815,BUSINESS_CREDIT_CARD,2025-12-21,73203.510000,3038.230000,True,CONTROLLED_SYNTHETIC
H0002146,SME000818,BUSINESS_CREDIT_CARD,2022-03-07,814381.270000,42260.140000,True,CONTROLLED_SYNTHETIC
H0002147,SME000823,BUSINESS_CREDIT_CARD,2022-06-10,165373.610000,5303.160000,True,CONTROLLED_SYNTHETIC
H0002148,SME000828,BUSINESS_CREDIT_CARD,2023-08-08,82583.690000,3940.320000,True,CONTROLLED_SYNTHETIC
H0002149,SME000829,BUSINESS_CREDIT_CARD,2024-05-04,39815.170000,658.560000,True,CONTROLLED_SYNTHETIC
H0002150,SME000830,BUSINESS_CREDIT_CARD,2025-12-25,208270.180000,1083.490000,True,CONTROLLED_SYNTHETIC
H0002151,SME000831,BUSINESS_CREDIT_CARD,2020-12-06,223276.340000,3586.660000,True,CONTROLLED_SYNTHETIC
H0002152,SME000833,BUSINESS_CREDIT_CARD,2022-06-11,1099557.630000,15620.700000,True,CONTROLLED_SYNTHETIC
H0002153,SME000836,BUSINESS_CREDIT_CARD,2020-06-12,248146.110000,7247.630000,True,CONTROLLED_SYNTHETIC
H0002154,SME000838,BUSINESS_CREDIT_CARD,2025-08-05,43638.510000,210.510000,True,CONTROLLED_SYNTHETIC
H0002155,SME000845,BUSINESS_CREDIT_CARD,2024-11-30,196239.790000,8660.940000,True,CONTROLLED_SYNTHETIC
H0002156,SME000847,BUSINESS_CREDIT_CARD,2020-06-02,194827.330000,1318.730000,True,CONTROLLED_SYNTHETIC
H0002157,SME000848,BUSINESS_CREDIT_CARD,2022-08-14,64975.530000,2026.940000,True,CONTROLLED_SYNTHETIC
H0002158,SME000853,BUSINESS_CREDIT_CARD,2024-05-25,670662.680000,25296.830000,True,CONTROLLED_SYNTHETIC
H0002159,SME000855,BUSINESS_CREDIT_CARD,2021-09-09,4334839.900000,215527.320000,True,CONTROLLED_SYNTHETIC
H0002160,SME000857,BUSINESS_CREDIT_CARD,2021-05-24,198961.040000,7497.950000,True,CONTROLLED_SYNTHETIC
H0002161,SME000858,BUSINESS_CREDIT_CARD,2024-01-10,248829.640000,4450.050000,True,CONTROLLED_SYNTHETIC
H0002162,SME000861,BUSINESS_CREDIT_CARD,2024-02-15,98138.250000,3911.390000,True,CONTROLLED_SYNTHETIC
H0002163,SME000868,BUSINESS_CREDIT_CARD,2023-11-15,86281.720000,2734.350000,True,CONTROLLED_SYNTHETIC
H0002164,SME000870,BUSINESS_CREDIT_CARD,2021-05-04,260108.660000,8159.820000,True,CONTROLLED_SYNTHETIC
H0002165,SME000878,BUSINESS_CREDIT_CARD,2024-06-26,272453.620000,5088.400000,True,CONTROLLED_SYNTHETIC
H0002166,SME000879,BUSINESS_CREDIT_CARD,2021-01-29,2115282.170000,99172.020000,True,CONTROLLED_SYNTHETIC
H0002167,SME000882,BUSINESS_CREDIT_CARD,2025-06-29,2145117.590000,41228.830000,True,CONTROLLED_SYNTHETIC
H0002168,SME000884,BUSINESS_CREDIT_CARD,2023-10-30,2315990.070000,61860.260000,True,CONTROLLED_SYNTHETIC
H0002169,SME000888,BUSINESS_CREDIT_CARD,2024-07-03,185927.290000,4102.810000,True,CONTROLLED_SYNTHETIC
H0002170,SME000890,BUSINESS_CREDIT_CARD,2025-07-31,62798.870000,2303.040000,True,CONTROLLED_SYNTHETIC
H0002171,SME000893,BUSINESS_CREDIT_CARD,2022-11-01,52177.620000,2446.420000,True,CONTROLLED_SYNTHETIC
H0002172,SME000900,BUSINESS_CREDIT_CARD,2025-11-04,379540.610000,13784.830000,True,CONTROLLED_SYNTHETIC
H0002173,SME000901,BUSINESS_CREDIT_CARD,2023-11-21,188407.860000,1487.950000,True,CONTROLLED_SYNTHETIC
H0002174,SME000903,BUSINESS_CREDIT_CARD,2020-03-25,453820.440000,21415.240000,True,CONTROLLED_SYNTHETIC
H0002175,SME000904,BUSINESS_CREDIT_CARD,2020-11-05,2352803.660000,69352.470000,True,CONTROLLED_SYNTHETIC
H0002176,SME000908,BUSINESS_CREDIT_CARD,2023-04-28,49163.480000,2201.050000,True,CONTROLLED_SYNTHETIC
H0002177,SME000911,BUSINESS_CREDIT_CARD,2023-09-19,669535.320000,29504.690000,True,CONTROLLED_SYNTHETIC
H0002178,SME000912,BUSINESS_CREDIT_CARD,2020-07-10,144422.900000,6828.840000,True,CONTROLLED_SYNTHETIC
H0002179,SME000914,BUSINESS_CREDIT_CARD,2022-02-07,115107.670000,1110.470000,True,CONTROLLED_SYNTHETIC
H0002180,SME000917,BUSINESS_CREDIT_CARD,2021-02-07,353274.440000,3014.970000,True,CONTROLLED_SYNTHETIC
H0002181,SME000931,BUSINESS_CREDIT_CARD,2024-07-12,2748090.700000,42058.940000,True,CONTROLLED_SYNTHETIC
H0002182,SME000934,BUSINESS_CREDIT_CARD,2026-04-15,437224.000000,19326.110000,True,CONTROLLED_SYNTHETIC
H0002183,SME000945,BUSINESS_CREDIT_CARD,2024-02-26,106743.690000,4685.180000,True,CONTROLLED_SYNTHETIC
H0002184,SME000949,BUSINESS_CREDIT_CARD,2021-03-11,950984.650000,47896.290000,True,CONTROLLED_SYNTHETIC
H0002185,SME000950,BUSINESS_CREDIT_CARD,2021-12-31,180901.390000,8970.380000,True,CONTROLLED_SYNTHETIC
H0002186,SME000952,BUSINESS_CREDIT_CARD,2020-03-04,248929.480000,6842.500000,True,CONTROLLED_SYNTHETIC
H0002187,SME000955,BUSINESS_CREDIT_CARD,2022-04-08,181445.300000,1535.650000,True,CONTROLLED_SYNTHETIC
H0002188,SME000960,BUSINESS_CREDIT_CARD,2025-05-23,179905.190000,2183.760000,True,CONTROLLED_SYNTHETIC
H0002189,SME000961,BUSINESS_CREDIT_CARD,2020-08-02,1399440.870000,71551.890000,True,CONTROLLED_SYNTHETIC
H0002190,SME000963,BUSINESS_CREDIT_CARD,2025-03-13,361271.910000,2094.920000,True,CONTROLLED_SYNTHETIC
H0002191,SME000964,BUSINESS_CREDIT_CARD,2020-07-12,615785.920000,14257.980000,True,CONTROLLED_SYNTHETIC
H0002192,SME000966,BUSINESS_CREDIT_CARD,2021-10-20,716405.740000,34115.510000,True,CONTROLLED_SYNTHETIC
H0002193,SME000970,BUSINESS_CREDIT_CARD,2023-01-13,79982.930000,3752.460000,True,CONTROLLED_SYNTHETIC
H0002194,SME000971,BUSINESS_CREDIT_CARD,2023-04-22,934733.010000,7430.810000,True,CONTROLLED_SYNTHETIC
H0002195,SME000972,BUSINESS_CREDIT_CARD,2024-05-14,968445.330000,41921.710000,True,CONTROLLED_SYNTHETIC
H0002196,SME000975,BUSINESS_CREDIT_CARD,2020-09-07,253627.350000,8192.640000,True,CONTROLLED_SYNTHETIC
H0002197,SME000976,BUSINESS_CREDIT_CARD,2022-07-24,463759.510000,5668.470000,True,CONTROLLED_SYNTHETIC
H0002198,SME000979,BUSINESS_CREDIT_CARD,2024-10-08,419815.580000,3512.430000,True,CONTROLLED_SYNTHETIC
H0002199,SME000982,BUSINESS_CREDIT_CARD,2024-10-31,612120.610000,30492.940000,True,CONTROLLED_SYNTHETIC
H0002200,SME000988,BUSINESS_CREDIT_CARD,2023-10-12,264362.160000,5037.040000,True,CONTROLLED_SYNTHETIC
H0002201,SME000990,BUSINESS_CREDIT_CARD,2021-05-05,211748.270000,4209.430000,True,CONTROLLED_SYNTHETIC
H0002202,SME000995,BUSINESS_CREDIT_CARD,2020-11-02,206008.930000,10827.280000,True,CONTROLLED_SYNTHETIC
H0002203,SME000996,BUSINESS_CREDIT_CARD,2025-02-08,2314802.850000,65410.150000,True,CONTROLLED_SYNTHETIC
H0002204,SME000997,BUSINESS_CREDIT_CARD,2023-01-13,890207.860000,20312.730000,True,CONTROLLED_SYNTHETIC
H0002205,SME001001,BUSINESS_CREDIT_CARD,2023-05-15,198634.920000,2463.930000,True,CONTROLLED_SYNTHETIC
H0002206,SME001004,BUSINESS_CREDIT_CARD,2021-02-07,265719.090000,2915.060000,True,CONTROLLED_SYNTHETIC
H0002207,SME001010,BUSINESS_CREDIT_CARD,2022-08-21,1436997.970000,20129.930000,True,CONTROLLED_SYNTHETIC
H0002208,SME001014,BUSINESS_CREDIT_CARD,2024-12-17,421800.160000,13588.660000,True,CONTROLLED_SYNTHETIC
H0002209,SME001015,BUSINESS_CREDIT_CARD,2024-12-10,64539.750000,2360.190000,True,CONTROLLED_SYNTHETIC
H0002210,SME001017,BUSINESS_CREDIT_CARD,2025-06-01,1902438.790000,21566.960000,True,CONTROLLED_SYNTHETIC
H0002211,SME001018,BUSINESS_CREDIT_CARD,2020-10-29,3931565.250000,203631.030000,True,CONTROLLED_SYNTHETIC
H0002212,SME001020,BUSINESS_CREDIT_CARD,2024-04-14,1824697.170000,25119.820000,True,CONTROLLED_SYNTHETIC
H0002213,SME001022,BUSINESS_CREDIT_CARD,2023-04-03,2212512.840000,101631.150000,True,CONTROLLED_SYNTHETIC
H0002214,SME001028,BUSINESS_CREDIT_CARD,2020-03-09,433486.960000,2827.760000,True,CONTROLLED_SYNTHETIC
H0002215,SME001030,BUSINESS_CREDIT_CARD,2020-06-13,1539710.400000,15292.260000,True,CONTROLLED_SYNTHETIC
H0002216,SME001033,BUSINESS_CREDIT_CARD,2025-12-28,136943.220000,6494.390000,True,CONTROLLED_SYNTHETIC
H0002217,SME001037,BUSINESS_CREDIT_CARD,2025-02-21,173272.800000,3645.470000,True,CONTROLLED_SYNTHETIC
H0002218,SME001043,BUSINESS_CREDIT_CARD,2023-09-28,208139.080000,855.930000,True,CONTROLLED_SYNTHETIC
H0002219,SME001044,BUSINESS_CREDIT_CARD,2023-02-18,755196.200000,5828.580000,True,CONTROLLED_SYNTHETIC
H0002220,SME001045,BUSINESS_CREDIT_CARD,2021-01-31,79394.860000,4335.040000,True,CONTROLLED_SYNTHETIC
H0002221,SME001049,BUSINESS_CREDIT_CARD,2026-01-11,222160.480000,5851.510000,True,CONTROLLED_SYNTHETIC
H0002222,SME001055,BUSINESS_CREDIT_CARD,2021-08-11,247993.570000,1981.960000,True,CONTROLLED_SYNTHETIC
H0002223,SME001059,BUSINESS_CREDIT_CARD,2026-04-16,54295.080000,2759.740000,True,CONTROLLED_SYNTHETIC
H0002224,SME001060,BUSINESS_CREDIT_CARD,2025-03-06,104691.230000,3261.030000,True,CONTROLLED_SYNTHETIC
H0002225,SME001061,BUSINESS_CREDIT_CARD,2020-09-21,324574.430000,12954.050000,True,CONTROLLED_SYNTHETIC
H0002226,SME001069,BUSINESS_CREDIT_CARD,2021-01-13,1619257.730000,54229.630000,True,CONTROLLED_SYNTHETIC
H0002227,SME001070,BUSINESS_CREDIT_CARD,2026-02-12,1847177.360000,75524.000000,True,CONTROLLED_SYNTHETIC
H0002228,SME001072,BUSINESS_CREDIT_CARD,2020-09-24,455107.330000,4454.270000,True,CONTROLLED_SYNTHETIC
H0002229,SME001073,BUSINESS_CREDIT_CARD,2025-10-23,1135501.330000,37056.070000,True,CONTROLLED_SYNTHETIC
H0002230,SME001074,BUSINESS_CREDIT_CARD,2022-11-10,438829.910000,21814.720000,True,CONTROLLED_SYNTHETIC
H0002231,SME001075,BUSINESS_CREDIT_CARD,2021-05-08,1526318.580000,19100.340000,True,CONTROLLED_SYNTHETIC
H0002232,SME001077,BUSINESS_CREDIT_CARD,2026-04-17,404335.360000,10209.610000,True,CONTROLLED_SYNTHETIC
H0002233,SME001078,BUSINESS_CREDIT_CARD,2020-08-26,1402006.740000,12945.800000,True,CONTROLLED_SYNTHETIC
H0002234,SME001082,BUSINESS_CREDIT_CARD,2024-10-17,365275.830000,13637.880000,True,CONTROLLED_SYNTHETIC
H0002235,SME001083,BUSINESS_CREDIT_CARD,2024-09-08,745845.910000,9312.710000,True,CONTROLLED_SYNTHETIC
H0002236,SME001087,BUSINESS_CREDIT_CARD,2024-05-31,1834383.120000,23317.240000,True,CONTROLLED_SYNTHETIC
H0002237,SME001092,BUSINESS_CREDIT_CARD,2022-05-24,304217.090000,3148.730000,True,CONTROLLED_SYNTHETIC
H0002238,SME001096,BUSINESS_CREDIT_CARD,2020-12-26,219025.480000,2401.270000,True,CONTROLLED_SYNTHETIC
H0002239,SME001100,BUSINESS_CREDIT_CARD,2025-10-05,346493.010000,5005.410000,True,CONTROLLED_SYNTHETIC
H0002240,SME001101,BUSINESS_CREDIT_CARD,2020-09-22,245271.570000,10281.770000,True,CONTROLLED_SYNTHETIC
H0002241,SME001102,BUSINESS_CREDIT_CARD,2022-03-21,3551756.260000,56137.890000,True,CONTROLLED_SYNTHETIC
H0002242,SME001103,BUSINESS_CREDIT_CARD,2021-11-02,218617.790000,9058.950000,True,CONTROLLED_SYNTHETIC
H0002243,SME001108,BUSINESS_CREDIT_CARD,2024-06-01,2523454.370000,78261.300000,True,CONTROLLED_SYNTHETIC
H0002244,SME001109,BUSINESS_CREDIT_CARD,2020-07-22,215687.450000,9267.260000,True,CONTROLLED_SYNTHETIC
H0002245,SME001110,BUSINESS_CREDIT_CARD,2025-02-27,164932.010000,7061.400000,True,CONTROLLED_SYNTHETIC
H0002246,SME001112,BUSINESS_CREDIT_CARD,2020-09-23,186210.030000,10239.290000,True,CONTROLLED_SYNTHETIC
H0002247,SME001113,BUSINESS_CREDIT_CARD,2020-03-06,57991.550000,3185.280000,True,CONTROLLED_SYNTHETIC
H0002248,SME001115,BUSINESS_CREDIT_CARD,2020-11-29,839147.870000,20861.790000,True,CONTROLLED_SYNTHETIC
H0002249,SME001116,BUSINESS_CREDIT_CARD,2025-04-02,317234.520000,16542.200000,True,CONTROLLED_SYNTHETIC
H0002250,SME001118,BUSINESS_CREDIT_CARD,2022-07-07,1949764.210000,13895.090000,True,CONTROLLED_SYNTHETIC
H0002251,SME001120,BUSINESS_CREDIT_CARD,2026-01-08,242068.290000,6593.100000,True,CONTROLLED_SYNTHETIC
H0002252,SME001123,BUSINESS_CREDIT_CARD,2021-07-05,623641.370000,30121.250000,True,CONTROLLED_SYNTHETIC
H0002253,SME001125,BUSINESS_CREDIT_CARD,2022-04-10,1006551.600000,10268.510000,True,CONTROLLED_SYNTHETIC
H0002254,SME001127,BUSINESS_CREDIT_CARD,2021-02-10,1255006.480000,65780.960000,True,CONTROLLED_SYNTHETIC
H0002255,SME001130,BUSINESS_CREDIT_CARD,2022-06-10,2355914.770000,103965.190000,True,CONTROLLED_SYNTHETIC
H0002256,SME001131,BUSINESS_CREDIT_CARD,2023-11-08,764434.430000,37785.220000,True,CONTROLLED_SYNTHETIC
H0002257,SME001132,BUSINESS_CREDIT_CARD,2023-01-25,2466961.470000,68724.070000,True,CONTROLLED_SYNTHETIC
H0002258,SME001139,BUSINESS_CREDIT_CARD,2022-05-12,564858.790000,21490.730000,True,CONTROLLED_SYNTHETIC
H0002259,SME001143,BUSINESS_CREDIT_CARD,2023-07-19,276654.310000,8674.460000,True,CONTROLLED_SYNTHETIC
H0002260,SME001144,BUSINESS_CREDIT_CARD,2020-03-02,144414.570000,1619.340000,True,CONTROLLED_SYNTHETIC
H0002261,SME001147,BUSINESS_CREDIT_CARD,2022-01-12,785610.760000,16165.410000,True,CONTROLLED_SYNTHETIC
H0002262,SME001149,BUSINESS_CREDIT_CARD,2023-03-18,531010.070000,17211.000000,True,CONTROLLED_SYNTHETIC
H0002263,SME001150,BUSINESS_CREDIT_CARD,2024-04-27,98646.060000,1326.090000,True,CONTROLLED_SYNTHETIC
H0002264,SME001151,BUSINESS_CREDIT_CARD,2020-04-14,485975.000000,14266.300000,True,CONTROLLED_SYNTHETIC
H0002265,SME001153,BUSINESS_CREDIT_CARD,2025-05-31,1990341.530000,36190.690000,True,CONTROLLED_SYNTHETIC
H0002266,SME001157,BUSINESS_CREDIT_CARD,2023-11-10,738105.670000,25654.720000,True,CONTROLLED_SYNTHETIC
H0002267,SME001159,BUSINESS_CREDIT_CARD,2022-12-18,1472483.870000,40782.180000,True,CONTROLLED_SYNTHETIC
H0002268,SME001169,BUSINESS_CREDIT_CARD,2021-05-19,328375.380000,17561.190000,True,CONTROLLED_SYNTHETIC
H0002269,SME001171,BUSINESS_CREDIT_CARD,2021-07-18,164774.270000,3916.740000,True,CONTROLLED_SYNTHETIC
H0002270,SME001172,BUSINESS_CREDIT_CARD,2024-12-14,219522.520000,11273.070000,True,CONTROLLED_SYNTHETIC
H0002271,SME001175,BUSINESS_CREDIT_CARD,2025-11-30,472454.050000,7674.540000,True,CONTROLLED_SYNTHETIC
H0002272,SME001176,BUSINESS_CREDIT_CARD,2020-09-08,252941.620000,1794.070000,True,CONTROLLED_SYNTHETIC
H0002273,SME001177,BUSINESS_CREDIT_CARD,2024-09-18,87837.670000,3024.480000,True,CONTROLLED_SYNTHETIC
H0002274,SME001180,BUSINESS_CREDIT_CARD,2024-11-16,292213.540000,9735.400000,True,CONTROLLED_SYNTHETIC
H0002275,SME001183,BUSINESS_CREDIT_CARD,2024-07-29,1131927.440000,26916.300000,True,CONTROLLED_SYNTHETIC
H0002276,SME001188,BUSINESS_CREDIT_CARD,2026-02-28,3105826.840000,142097.840000,True,CONTROLLED_SYNTHETIC
H0002277,SME001189,BUSINESS_CREDIT_CARD,2023-12-22,263306.220000,8038.830000,True,CONTROLLED_SYNTHETIC
H0002278,SME001194,BUSINESS_CREDIT_CARD,2022-10-23,239262.810000,9750.600000,True,CONTROLLED_SYNTHETIC
H0002279,SME001198,BUSINESS_CREDIT_CARD,2020-02-19,117379.050000,1792.660000,True,CONTROLLED_SYNTHETIC
H0002280,SME001203,BUSINESS_CREDIT_CARD,2022-03-02,2489849.210000,37380.970000,True,CONTROLLED_SYNTHETIC
H0002281,SME001204,BUSINESS_CREDIT_CARD,2022-08-11,66741.610000,1912.780000,True,CONTROLLED_SYNTHETIC
H0002282,SME001206,BUSINESS_CREDIT_CARD,2021-12-22,857383.770000,36307.920000,True,CONTROLLED_SYNTHETIC
H0002283,SME001209,BUSINESS_CREDIT_CARD,2020-12-20,1945203.060000,31086.890000,True,CONTROLLED_SYNTHETIC
H0002284,SME001211,BUSINESS_CREDIT_CARD,2020-05-27,235753.410000,8235.370000,True,CONTROLLED_SYNTHETIC
H0002285,SME001217,BUSINESS_CREDIT_CARD,2025-03-23,172133.140000,4572.190000,True,CONTROLLED_SYNTHETIC
H0002286,SME001220,BUSINESS_CREDIT_CARD,2022-07-17,119278.180000,5486.550000,True,CONTROLLED_SYNTHETIC
H0002287,SME001221,BUSINESS_CREDIT_CARD,2025-06-28,379221.800000,13468.360000,True,CONTROLLED_SYNTHETIC
H0002288,SME001224,BUSINESS_CREDIT_CARD,2021-11-20,706201.200000,11636.020000,True,CONTROLLED_SYNTHETIC
H0002289,SME001228,BUSINESS_CREDIT_CARD,2025-03-08,31746.800000,164.690000,True,CONTROLLED_SYNTHETIC
H0002290,SME001230,BUSINESS_CREDIT_CARD,2023-10-09,117668.490000,4858.950000,True,CONTROLLED_SYNTHETIC
H0002291,SME001232,BUSINESS_CREDIT_CARD,2024-10-02,162849.230000,8142.380000,True,CONTROLLED_SYNTHETIC
H0002292,SME001234,BUSINESS_CREDIT_CARD,2020-08-11,2384347.700000,59875.950000,True,CONTROLLED_SYNTHETIC
H0002293,SME001238,BUSINESS_CREDIT_CARD,2024-08-26,228553.990000,4533.070000,True,CONTROLLED_SYNTHETIC
H0002294,SME001241,BUSINESS_CREDIT_CARD,2023-10-25,232516.480000,3708.930000,True,CONTROLLED_SYNTHETIC
H0002295,SME001244,BUSINESS_CREDIT_CARD,2022-01-10,993757.580000,45023.800000,True,CONTROLLED_SYNTHETIC
H0002296,SME001246,BUSINESS_CREDIT_CARD,2024-03-23,115731.030000,1817.260000,True,CONTROLLED_SYNTHETIC
H0002297,SME001247,BUSINESS_CREDIT_CARD,2022-04-10,315453.380000,2724.850000,True,CONTROLLED_SYNTHETIC
H0002298,SME001251,BUSINESS_CREDIT_CARD,2025-06-25,602797.290000,19921.610000,True,CONTROLLED_SYNTHETIC
H0002299,SME001253,BUSINESS_CREDIT_CARD,2020-12-22,1164965.330000,7476.950000,True,CONTROLLED_SYNTHETIC
H0002300,SME001254,BUSINESS_CREDIT_CARD,2023-01-13,97908.740000,1515.150000,True,CONTROLLED_SYNTHETIC
H0002301,SME001255,BUSINESS_CREDIT_CARD,2025-06-29,1151986.630000,13913.630000,True,CONTROLLED_SYNTHETIC
H0002302,SME001256,BUSINESS_CREDIT_CARD,2025-03-30,305068.110000,6941.580000,True,CONTROLLED_SYNTHETIC
H0002303,SME001261,BUSINESS_CREDIT_CARD,2020-09-28,1597181.390000,63641.480000,True,CONTROLLED_SYNTHETIC
H0002304,SME001263,BUSINESS_CREDIT_CARD,2023-03-30,635767.830000,19982.990000,True,CONTROLLED_SYNTHETIC
H0002305,SME001265,BUSINESS_CREDIT_CARD,2023-12-27,103732.080000,2019.530000,True,CONTROLLED_SYNTHETIC
H0002306,SME001266,BUSINESS_CREDIT_CARD,2020-05-03,66590.330000,3463.260000,True,CONTROLLED_SYNTHETIC
H0002307,SME001270,BUSINESS_CREDIT_CARD,2023-12-12,32180.180000,1629.370000,True,CONTROLLED_SYNTHETIC
H0002308,SME001274,BUSINESS_CREDIT_CARD,2024-10-28,883965.460000,39715.500000,True,CONTROLLED_SYNTHETIC
H0002309,SME001275,BUSINESS_CREDIT_CARD,2026-01-14,59206.940000,2753.910000,True,CONTROLLED_SYNTHETIC
H0002310,SME001279,BUSINESS_CREDIT_CARD,2025-01-05,3242099.890000,14406.500000,True,CONTROLLED_SYNTHETIC
H0002311,SME001281,BUSINESS_CREDIT_CARD,2022-06-11,397236.020000,2327.050000,True,CONTROLLED_SYNTHETIC
H0002312,SME001283,BUSINESS_CREDIT_CARD,2024-06-16,48748.100000,1307.000000,True,CONTROLLED_SYNTHETIC
H0002313,SME001284,BUSINESS_CREDIT_CARD,2020-02-02,142232.860000,3848.080000,True,CONTROLLED_SYNTHETIC
H0002314,SME001287,BUSINESS_CREDIT_CARD,2025-09-30,161231.170000,2065.150000,True,CONTROLLED_SYNTHETIC
H0002315,SME001289,BUSINESS_CREDIT_CARD,2022-05-18,1290477.980000,69351.750000,True,CONTROLLED_SYNTHETIC
H0002316,SME001292,BUSINESS_CREDIT_CARD,2022-01-05,261114.610000,4441.340000,True,CONTROLLED_SYNTHETIC
H0002317,SME001293,BUSINESS_CREDIT_CARD,2021-06-01,83456.580000,1739.000000,True,CONTROLLED_SYNTHETIC
H0002318,SME001297,BUSINESS_CREDIT_CARD,2025-01-16,820281.330000,28502.750000,True,CONTROLLED_SYNTHETIC
H0002319,SME001301,BUSINESS_CREDIT_CARD,2023-06-12,164472.530000,8738.620000,True,CONTROLLED_SYNTHETIC
H0002320,SME001303,BUSINESS_CREDIT_CARD,2026-03-15,2446130.200000,18029.270000,True,CONTROLLED_SYNTHETIC
H0002321,SME001304,BUSINESS_CREDIT_CARD,2023-05-04,274616.330000,2368.240000,True,CONTROLLED_SYNTHETIC
H0002322,SME001313,BUSINESS_CREDIT_CARD,2025-04-28,94504.930000,3956.460000,True,CONTROLLED_SYNTHETIC
H0002323,SME001315,BUSINESS_CREDIT_CARD,2024-10-11,235307.880000,1668.130000,True,CONTROLLED_SYNTHETIC
H0002324,SME001316,BUSINESS_CREDIT_CARD,2021-09-14,325909.540000,4936.720000,True,CONTROLLED_SYNTHETIC
H0002325,SME001318,BUSINESS_CREDIT_CARD,2022-11-02,440897.700000,11357.900000,True,CONTROLLED_SYNTHETIC
H0002326,SME001319,BUSINESS_CREDIT_CARD,2022-03-06,45926.750000,2367.350000,True,CONTROLLED_SYNTHETIC
H0002327,SME001321,BUSINESS_CREDIT_CARD,2024-05-30,897581.490000,31248.410000,True,CONTROLLED_SYNTHETIC
H0002328,SME001328,BUSINESS_CREDIT_CARD,2023-01-13,635741.630000,16050.190000,True,CONTROLLED_SYNTHETIC
H0002329,SME001330,BUSINESS_CREDIT_CARD,2021-01-14,58800.140000,1949.600000,True,CONTROLLED_SYNTHETIC
H0002330,SME001336,BUSINESS_CREDIT_CARD,2021-09-10,363166.730000,14660.420000,True,CONTROLLED_SYNTHETIC
H0002331,SME001338,BUSINESS_CREDIT_CARD,2021-01-24,1019444.080000,14769.330000,True,CONTROLLED_SYNTHETIC
H0002332,SME001339,BUSINESS_CREDIT_CARD,2020-09-25,1774643.260000,38625.800000,True,CONTROLLED_SYNTHETIC
H0002333,SME001340,BUSINESS_CREDIT_CARD,2025-07-10,2788694.640000,127918.270000,True,CONTROLLED_SYNTHETIC
H0002334,SME001343,BUSINESS_CREDIT_CARD,2026-05-18,489218.990000,2486.520000,True,CONTROLLED_SYNTHETIC
H0002335,SME001344,BUSINESS_CREDIT_CARD,2022-12-11,33311.030000,1522.200000,True,CONTROLLED_SYNTHETIC
H0002336,SME001346,BUSINESS_CREDIT_CARD,2024-12-23,340786.650000,16276.930000,True,CONTROLLED_SYNTHETIC
H0002337,SME001347,BUSINESS_CREDIT_CARD,2022-06-02,352128.480000,7781.860000,True,CONTROLLED_SYNTHETIC
H0002338,SME001348,BUSINESS_CREDIT_CARD,2026-03-26,2031251.610000,75552.800000,True,CONTROLLED_SYNTHETIC
H0002339,SME001349,BUSINESS_CREDIT_CARD,2020-12-26,123519.230000,3842.780000,True,CONTROLLED_SYNTHETIC
H0002340,SME001350,BUSINESS_CREDIT_CARD,2024-06-03,214577.470000,1861.260000,True,CONTROLLED_SYNTHETIC
H0002341,SME001351,BUSINESS_CREDIT_CARD,2022-01-18,689841.550000,16210.770000,True,CONTROLLED_SYNTHETIC
H0002342,SME001352,BUSINESS_CREDIT_CARD,2021-10-27,74292.020000,1015.660000,True,CONTROLLED_SYNTHETIC
H0002343,SME001354,BUSINESS_CREDIT_CARD,2024-08-31,824254.980000,14272.210000,True,CONTROLLED_SYNTHETIC
H0002344,SME001356,BUSINESS_CREDIT_CARD,2023-09-23,471061.050000,2197.080000,True,CONTROLLED_SYNTHETIC
H0002345,SME001357,BUSINESS_CREDIT_CARD,2023-06-09,442150.790000,10908.910000,True,CONTROLLED_SYNTHETIC
H0002346,SME001358,BUSINESS_CREDIT_CARD,2023-08-08,198056.020000,1389.360000,True,CONTROLLED_SYNTHETIC
H0002347,SME001360,BUSINESS_CREDIT_CARD,2020-08-11,9543819.950000,323026.100000,True,CONTROLLED_SYNTHETIC
H0002348,SME001361,BUSINESS_CREDIT_CARD,2023-09-15,1801414.910000,88495.130000,True,CONTROLLED_SYNTHETIC
H0002349,SME001365,BUSINESS_CREDIT_CARD,2021-06-10,192916.480000,8264.040000,True,CONTROLLED_SYNTHETIC
H0002350,SME001369,BUSINESS_CREDIT_CARD,2025-04-30,1833394.340000,53597.510000,True,CONTROLLED_SYNTHETIC
H0002351,SME001371,BUSINESS_CREDIT_CARD,2025-05-20,318155.170000,2546.780000,True,CONTROLLED_SYNTHETIC
H0002352,SME001373,BUSINESS_CREDIT_CARD,2024-06-04,601113.080000,28841.300000,True,CONTROLLED_SYNTHETIC
H0002353,SME001375,BUSINESS_CREDIT_CARD,2022-04-19,326762.790000,13995.250000,True,CONTROLLED_SYNTHETIC
H0002354,SME001377,BUSINESS_CREDIT_CARD,2023-08-31,637345.150000,22303.400000,True,CONTROLLED_SYNTHETIC
H0002355,SME001378,BUSINESS_CREDIT_CARD,2023-11-01,228065.030000,12279.750000,True,CONTROLLED_SYNTHETIC
H0002356,SME001380,BUSINESS_CREDIT_CARD,2022-12-31,20866.480000,1057.570000,True,CONTROLLED_SYNTHETIC
H0002357,SME001382,BUSINESS_CREDIT_CARD,2020-11-17,789133.170000,17825.180000,True,CONTROLLED_SYNTHETIC
H0002358,SME001383,BUSINESS_CREDIT_CARD,2025-08-28,87837.860000,2744.770000,True,CONTROLLED_SYNTHETIC
H0002359,SME001386,BUSINESS_CREDIT_CARD,2020-01-29,669474.310000,16764.930000,True,CONTROLLED_SYNTHETIC
H0002360,SME001391,BUSINESS_CREDIT_CARD,2025-06-30,77536.930000,1055.850000,True,CONTROLLED_SYNTHETIC
H0002361,SME001392,BUSINESS_CREDIT_CARD,2022-01-24,41932.070000,810.130000,True,CONTROLLED_SYNTHETIC
H0002362,SME001397,BUSINESS_CREDIT_CARD,2024-08-24,33293.930000,1239.480000,True,CONTROLLED_SYNTHETIC
H0002363,SME001409,BUSINESS_CREDIT_CARD,2022-01-17,294586.360000,12360.760000,True,CONTROLLED_SYNTHETIC
H0002364,SME001410,BUSINESS_CREDIT_CARD,2026-03-07,857476.770000,16018.430000,True,CONTROLLED_SYNTHETIC
H0002365,SME001411,BUSINESS_CREDIT_CARD,2025-12-15,291519.230000,2395.630000,True,CONTROLLED_SYNTHETIC
H0002366,SME001413,BUSINESS_CREDIT_CARD,2021-05-21,913994.410000,48659.650000,True,CONTROLLED_SYNTHETIC
H0002367,SME001414,BUSINESS_CREDIT_CARD,2024-08-02,497223.070000,5461.150000,True,CONTROLLED_SYNTHETIC
H0002368,SME001416,BUSINESS_CREDIT_CARD,2021-04-28,603555.050000,12170.360000,True,CONTROLLED_SYNTHETIC
H0002369,SME001421,BUSINESS_CREDIT_CARD,2024-05-17,22667.340000,112.560000,True,CONTROLLED_SYNTHETIC
H0002370,SME001425,BUSINESS_CREDIT_CARD,2023-05-12,300813.470000,1996.300000,True,CONTROLLED_SYNTHETIC
H0002371,SME001427,BUSINESS_CREDIT_CARD,2023-06-29,61778.640000,769.900000,True,CONTROLLED_SYNTHETIC
H0002372,SME001430,BUSINESS_CREDIT_CARD,2020-07-23,554571.780000,3529.250000,True,CONTROLLED_SYNTHETIC
H0002373,SME001431,BUSINESS_CREDIT_CARD,2020-06-26,871462.530000,5039.290000,True,CONTROLLED_SYNTHETIC
H0002374,SME001432,BUSINESS_CREDIT_CARD,2021-11-13,70195.770000,396.030000,True,CONTROLLED_SYNTHETIC
H0002375,SME001433,BUSINESS_CREDIT_CARD,2026-01-22,101727.310000,2280.960000,True,CONTROLLED_SYNTHETIC
H0002376,SME001439,BUSINESS_CREDIT_CARD,2025-09-13,1402831.250000,15108.490000,True,CONTROLLED_SYNTHETIC
H0002377,SME001441,BUSINESS_CREDIT_CARD,2022-07-01,3248198.520000,22732.110000,True,CONTROLLED_SYNTHETIC
H0002378,SME001447,BUSINESS_CREDIT_CARD,2023-09-28,399192.760000,16090.470000,True,CONTROLLED_SYNTHETIC
H0002379,SME001449,BUSINESS_CREDIT_CARD,2023-03-12,270384.260000,7774.420000,True,CONTROLLED_SYNTHETIC
H0002380,SME001450,BUSINESS_CREDIT_CARD,2023-08-16,485086.960000,24901.470000,True,CONTROLLED_SYNTHETIC
H0002381,SME001451,BUSINESS_CREDIT_CARD,2023-09-11,65632.650000,3404.910000,True,CONTROLLED_SYNTHETIC
H0002382,SME001453,BUSINESS_CREDIT_CARD,2023-02-05,766693.040000,10625.250000,True,CONTROLLED_SYNTHETIC
H0002383,SME001456,BUSINESS_CREDIT_CARD,2021-04-26,146126.310000,3488.240000,True,CONTROLLED_SYNTHETIC
H0002384,SME001462,BUSINESS_CREDIT_CARD,2023-09-28,474879.640000,21070.880000,True,CONTROLLED_SYNTHETIC
H0002385,SME001466,BUSINESS_CREDIT_CARD,2022-12-01,330270.960000,17550.090000,True,CONTROLLED_SYNTHETIC
H0002386,SME001468,BUSINESS_CREDIT_CARD,2023-07-14,117436.860000,1653.270000,True,CONTROLLED_SYNTHETIC
H0002387,SME001470,BUSINESS_CREDIT_CARD,2022-03-14,147494.210000,4771.730000,True,CONTROLLED_SYNTHETIC
H0002388,SME001471,BUSINESS_CREDIT_CARD,2023-10-30,525916.020000,17103.820000,True,CONTROLLED_SYNTHETIC
H0002389,SME001473,BUSINESS_CREDIT_CARD,2025-10-01,656231.130000,15453.800000,True,CONTROLLED_SYNTHETIC
H0002390,SME001476,BUSINESS_CREDIT_CARD,2022-03-23,243044.770000,4337.570000,True,CONTROLLED_SYNTHETIC
H0002391,SME001478,BUSINESS_CREDIT_CARD,2026-05-22,281994.740000,14984.400000,True,CONTROLLED_SYNTHETIC
H0002392,SME001479,BUSINESS_CREDIT_CARD,2026-01-22,504092.420000,23531.380000,True,CONTROLLED_SYNTHETIC
H0002393,SME001480,BUSINESS_CREDIT_CARD,2025-04-20,132428.370000,5376.180000,True,CONTROLLED_SYNTHETIC
H0002394,SME001482,BUSINESS_CREDIT_CARD,2021-03-28,180150.270000,3233.100000,True,CONTROLLED_SYNTHETIC
H0002395,SME001483,BUSINESS_CREDIT_CARD,2022-04-20,267052.890000,1162.830000,True,CONTROLLED_SYNTHETIC
H0002396,SME001484,BUSINESS_CREDIT_CARD,2025-12-20,125450.680000,1020.740000,True,CONTROLLED_SYNTHETIC
H0002397,SME001485,BUSINESS_CREDIT_CARD,2022-06-21,73433.100000,3306.150000,True,CONTROLLED_SYNTHETIC
H0002398,SME001491,BUSINESS_CREDIT_CARD,2025-02-23,246997.450000,10422.480000,True,CONTROLLED_SYNTHETIC
H0002399,SME001492,BUSINESS_CREDIT_CARD,2025-12-26,2643810.720000,55701.950000,True,CONTROLLED_SYNTHETIC
H0002400,SME001494,BUSINESS_CREDIT_CARD,2022-07-23,1553631.260000,28707.740000,True,CONTROLLED_SYNTHETIC
H0002401,SME001495,BUSINESS_CREDIT_CARD,2020-01-27,235129.440000,6793.550000,True,CONTROLLED_SYNTHETIC
H0002402,SME001497,BUSINESS_CREDIT_CARD,2023-06-25,30526.650000,1576.470000,True,CONTROLLED_SYNTHETIC
H0002403,SME001499,BUSINESS_CREDIT_CARD,2020-06-28,2412481.260000,12459.570000,True,CONTROLLED_SYNTHETIC
H0002404,SME001504,BUSINESS_CREDIT_CARD,2020-09-05,292681.710000,5672.680000,True,CONTROLLED_SYNTHETIC
H0002405,SME001510,BUSINESS_CREDIT_CARD,2021-12-05,270310.740000,11715.220000,True,CONTROLLED_SYNTHETIC
H0002406,SME001511,BUSINESS_CREDIT_CARD,2025-12-06,390367.410000,19087.920000,True,CONTROLLED_SYNTHETIC
H0002407,SME001512,BUSINESS_CREDIT_CARD,2025-05-04,499243.320000,11726.470000,True,CONTROLLED_SYNTHETIC
H0002408,SME001515,BUSINESS_CREDIT_CARD,2024-11-25,402439.520000,9733.240000,True,CONTROLLED_SYNTHETIC
H0002409,SME001516,BUSINESS_CREDIT_CARD,2025-01-10,69851.160000,495.960000,True,CONTROLLED_SYNTHETIC
H0002410,SME001519,BUSINESS_CREDIT_CARD,2020-12-10,854947.960000,27615.550000,True,CONTROLLED_SYNTHETIC
H0002411,SME001520,BUSINESS_CREDIT_CARD,2022-12-10,536973.070000,26947.770000,True,CONTROLLED_SYNTHETIC
H0002412,SME001521,BUSINESS_CREDIT_CARD,2022-08-26,904563.330000,26991.300000,True,CONTROLLED_SYNTHETIC
H0002413,SME001522,BUSINESS_CREDIT_CARD,2024-11-27,476249.750000,8043.210000,True,CONTROLLED_SYNTHETIC
H0002414,SME001524,BUSINESS_CREDIT_CARD,2023-05-07,791676.150000,37298.900000,True,CONTROLLED_SYNTHETIC
H0002415,SME001525,BUSINESS_CREDIT_CARD,2022-05-31,290544.570000,8388.560000,True,CONTROLLED_SYNTHETIC
H0002416,SME001528,BUSINESS_CREDIT_CARD,2024-12-16,134978.850000,3988.700000,True,CONTROLLED_SYNTHETIC
H0002417,SME001530,BUSINESS_CREDIT_CARD,2020-10-12,382991.560000,16317.940000,True,CONTROLLED_SYNTHETIC
H0002418,SME001535,BUSINESS_CREDIT_CARD,2026-04-04,137880.870000,1938.210000,True,CONTROLLED_SYNTHETIC
H0002419,SME001537,BUSINESS_CREDIT_CARD,2022-04-08,101281.310000,1002.460000,True,CONTROLLED_SYNTHETIC
H0002420,SME001539,BUSINESS_CREDIT_CARD,2022-11-23,1817558.620000,71594.010000,True,CONTROLLED_SYNTHETIC
H0002421,SME001541,BUSINESS_CREDIT_CARD,2021-11-09,504596.860000,19589.800000,True,CONTROLLED_SYNTHETIC
H0002422,SME001548,BUSINESS_CREDIT_CARD,2022-07-26,9044682.090000,95157.140000,True,CONTROLLED_SYNTHETIC
H0002423,SME001549,BUSINESS_CREDIT_CARD,2020-05-18,2588280.520000,82569.640000,True,CONTROLLED_SYNTHETIC
H0002424,SME001550,BUSINESS_CREDIT_CARD,2024-05-22,103816.550000,4940.710000,True,CONTROLLED_SYNTHETIC
H0002425,SME001553,BUSINESS_CREDIT_CARD,2022-05-21,514421.160000,5276.710000,True,CONTROLLED_SYNTHETIC
H0002426,SME001558,BUSINESS_CREDIT_CARD,2021-12-27,184736.120000,8146.880000,True,CONTROLLED_SYNTHETIC
H0002427,SME001559,BUSINESS_CREDIT_CARD,2024-08-28,686474.660000,31295.810000,True,CONTROLLED_SYNTHETIC
H0002428,SME001560,BUSINESS_CREDIT_CARD,2023-04-01,560127.860000,8507.850000,True,CONTROLLED_SYNTHETIC
H0002429,SME001562,BUSINESS_CREDIT_CARD,2022-05-11,519599.790000,26638.390000,True,CONTROLLED_SYNTHETIC
H0002430,SME001563,BUSINESS_CREDIT_CARD,2024-04-04,74813.350000,3928.460000,True,CONTROLLED_SYNTHETIC
H0002431,SME001565,BUSINESS_CREDIT_CARD,2025-02-12,111084.020000,1985.980000,True,CONTROLLED_SYNTHETIC
H0002432,SME001567,BUSINESS_CREDIT_CARD,2020-08-04,199176.180000,8355.840000,True,CONTROLLED_SYNTHETIC
H0002433,SME001568,BUSINESS_CREDIT_CARD,2024-12-07,265177.730000,1522.840000,True,CONTROLLED_SYNTHETIC
H0002434,SME001570,BUSINESS_CREDIT_CARD,2021-10-24,1363773.610000,36228.420000,True,CONTROLLED_SYNTHETIC
H0002435,SME001573,BUSINESS_CREDIT_CARD,2023-01-06,116183.980000,5417.560000,True,CONTROLLED_SYNTHETIC
H0002436,SME001574,BUSINESS_CREDIT_CARD,2026-04-26,1773778.490000,60378.600000,True,CONTROLLED_SYNTHETIC
H0002437,SME001575,BUSINESS_CREDIT_CARD,2024-04-22,227031.310000,5012.920000,True,CONTROLLED_SYNTHETIC
H0002438,SME001576,BUSINESS_CREDIT_CARD,2022-02-09,127590.040000,2267.280000,True,CONTROLLED_SYNTHETIC
H0002439,SME001577,BUSINESS_CREDIT_CARD,2023-01-31,673415.860000,10717.430000,True,CONTROLLED_SYNTHETIC
H0002440,SME001579,BUSINESS_CREDIT_CARD,2022-09-10,318203.490000,3969.290000,True,CONTROLLED_SYNTHETIC
H0002441,SME001584,BUSINESS_CREDIT_CARD,2021-06-24,106960.980000,2491.740000,True,CONTROLLED_SYNTHETIC
H0002442,SME001585,BUSINESS_CREDIT_CARD,2024-12-07,87566.840000,4459.580000,True,CONTROLLED_SYNTHETIC
H0002443,SME001588,BUSINESS_CREDIT_CARD,2026-03-27,17851.040000,520.860000,True,CONTROLLED_SYNTHETIC
H0002444,SME001591,BUSINESS_CREDIT_CARD,2026-03-17,451029.040000,7292.690000,True,CONTROLLED_SYNTHETIC
H0002445,SME001593,BUSINESS_CREDIT_CARD,2025-04-06,63770.860000,1113.030000,True,CONTROLLED_SYNTHETIC
H0002446,SME001594,BUSINESS_CREDIT_CARD,2023-06-03,294813.390000,5802.620000,True,CONTROLLED_SYNTHETIC
H0002447,SME001596,BUSINESS_CREDIT_CARD,2021-01-18,677224.610000,20743.960000,True,CONTROLLED_SYNTHETIC
H0002448,SME001597,BUSINESS_CREDIT_CARD,2022-06-29,6050849.740000,77155.160000,True,CONTROLLED_SYNTHETIC
H0002449,SME001601,BUSINESS_CREDIT_CARD,2024-08-15,101993.190000,4964.360000,True,CONTROLLED_SYNTHETIC
H0002450,SME001603,BUSINESS_CREDIT_CARD,2026-04-16,171760.780000,1670.330000,True,CONTROLLED_SYNTHETIC
H0002451,SME001604,BUSINESS_CREDIT_CARD,2024-03-09,33021.120000,1529.850000,True,CONTROLLED_SYNTHETIC
H0002452,SME001605,BUSINESS_CREDIT_CARD,2023-05-09,420565.110000,6710.790000,True,CONTROLLED_SYNTHETIC
H0002453,SME001606,BUSINESS_CREDIT_CARD,2020-04-07,340405.450000,15972.750000,True,CONTROLLED_SYNTHETIC
H0002454,SME001607,BUSINESS_CREDIT_CARD,2020-11-06,108738.110000,3680.040000,True,CONTROLLED_SYNTHETIC
H0002455,SME001614,BUSINESS_CREDIT_CARD,2024-02-19,557719.320000,25707.520000,True,CONTROLLED_SYNTHETIC
H0002456,SME001615,BUSINESS_CREDIT_CARD,2021-05-28,500856.780000,24940.090000,True,CONTROLLED_SYNTHETIC
H0002457,SME001619,BUSINESS_CREDIT_CARD,2024-09-29,104320.300000,4478.870000,True,CONTROLLED_SYNTHETIC
H0002458,SME001621,BUSINESS_CREDIT_CARD,2024-07-31,1920077.350000,49194.370000,True,CONTROLLED_SYNTHETIC
H0002459,SME001624,BUSINESS_CREDIT_CARD,2026-05-18,57175.730000,1097.940000,True,CONTROLLED_SYNTHETIC
H0002460,SME001625,BUSINESS_CREDIT_CARD,2023-12-27,242403.290000,7141.000000,True,CONTROLLED_SYNTHETIC
H0002461,SME001627,BUSINESS_CREDIT_CARD,2024-06-12,2170655.230000,95301.560000,True,CONTROLLED_SYNTHETIC
H0002462,SME001629,BUSINESS_CREDIT_CARD,2024-02-21,534228.290000,6321.350000,True,CONTROLLED_SYNTHETIC
H0002463,SME001630,BUSINESS_CREDIT_CARD,2020-02-17,713499.300000,6610.800000,True,CONTROLLED_SYNTHETIC
H0002464,SME001632,BUSINESS_CREDIT_CARD,2025-02-04,778077.090000,6736.900000,True,CONTROLLED_SYNTHETIC
H0002465,SME001635,BUSINESS_CREDIT_CARD,2022-09-04,263788.330000,2241.840000,True,CONTROLLED_SYNTHETIC
H0002466,SME001637,BUSINESS_CREDIT_CARD,2020-06-17,1708306.270000,44357.680000,True,CONTROLLED_SYNTHETIC
H0002467,SME001649,BUSINESS_CREDIT_CARD,2023-07-03,672050.430000,17927.520000,True,CONTROLLED_SYNTHETIC
H0002468,SME001653,BUSINESS_CREDIT_CARD,2026-02-14,194563.240000,10639.560000,True,CONTROLLED_SYNTHETIC
H0002469,SME001655,BUSINESS_CREDIT_CARD,2025-07-26,213083.350000,5519.440000,True,CONTROLLED_SYNTHETIC
H0002470,SME001662,BUSINESS_CREDIT_CARD,2023-10-16,589855.970000,20767.130000,True,CONTROLLED_SYNTHETIC
H0002471,SME001663,BUSINESS_CREDIT_CARD,2024-03-02,91190.760000,2151.060000,True,CONTROLLED_SYNTHETIC
H0002472,SME001668,BUSINESS_CREDIT_CARD,2021-03-04,1816342.450000,48416.790000,True,CONTROLLED_SYNTHETIC
H0002473,SME001672,BUSINESS_CREDIT_CARD,2023-06-02,103740.670000,5343.940000,True,CONTROLLED_SYNTHETIC
H0002474,SME001673,BUSINESS_CREDIT_CARD,2022-05-22,376104.030000,7363.400000,True,CONTROLLED_SYNTHETIC
H0002475,SME001677,BUSINESS_CREDIT_CARD,2024-03-11,576578.720000,5819.930000,True,CONTROLLED_SYNTHETIC
H0002476,SME001681,BUSINESS_CREDIT_CARD,2023-08-30,608733.490000,22510.000000,True,CONTROLLED_SYNTHETIC
H0002477,SME001686,BUSINESS_CREDIT_CARD,2022-04-11,98320.000000,2773.850000,True,CONTROLLED_SYNTHETIC
H0002478,SME001687,BUSINESS_CREDIT_CARD,2020-05-31,1216901.040000,41929.440000,True,CONTROLLED_SYNTHETIC
H0002479,SME001690,BUSINESS_CREDIT_CARD,2024-01-18,3204345.260000,81203.360000,True,CONTROLLED_SYNTHETIC
H0002480,SME001693,BUSINESS_CREDIT_CARD,2024-07-04,740552.160000,6766.330000,True,CONTROLLED_SYNTHETIC
H0002481,SME001696,BUSINESS_CREDIT_CARD,2022-06-14,492463.760000,3212.670000,True,CONTROLLED_SYNTHETIC
H0002482,SME001702,BUSINESS_CREDIT_CARD,2023-03-24,440536.710000,15060.050000,True,CONTROLLED_SYNTHETIC
H0002483,SME001703,BUSINESS_CREDIT_CARD,2025-02-10,310804.720000,13010.970000,True,CONTROLLED_SYNTHETIC
H0002484,SME001706,BUSINESS_CREDIT_CARD,2024-08-14,410337.190000,19466.980000,True,CONTROLLED_SYNTHETIC
H0002485,SME001707,BUSINESS_CREDIT_CARD,2025-12-21,553464.180000,27233.190000,True,CONTROLLED_SYNTHETIC
H0002486,SME001708,BUSINESS_CREDIT_CARD,2023-03-04,1291595.320000,12998.780000,True,CONTROLLED_SYNTHETIC
H0002487,SME001713,BUSINESS_CREDIT_CARD,2020-04-21,2500612.950000,39019.500000,True,CONTROLLED_SYNTHETIC
H0002488,SME001715,BUSINESS_CREDIT_CARD,2022-12-14,646856.300000,31082.560000,True,CONTROLLED_SYNTHETIC
H0002489,SME001718,BUSINESS_CREDIT_CARD,2024-12-20,219080.080000,5307.030000,True,CONTROLLED_SYNTHETIC
H0002490,SME001719,BUSINESS_CREDIT_CARD,2024-01-01,342268.510000,17942.470000,True,CONTROLLED_SYNTHETIC
H0002491,SME001720,BUSINESS_CREDIT_CARD,2022-08-30,45202.850000,643.810000,True,CONTROLLED_SYNTHETIC
H0002492,SME001722,BUSINESS_CREDIT_CARD,2021-08-17,2080497.480000,42880.910000,True,CONTROLLED_SYNTHETIC
H0002493,SME001723,BUSINESS_CREDIT_CARD,2026-04-11,268388.840000,4478.000000,True,CONTROLLED_SYNTHETIC
H0002494,SME001724,BUSINESS_CREDIT_CARD,2022-06-03,67255.520000,2486.180000,True,CONTROLLED_SYNTHETIC
H0002495,SME001740,BUSINESS_CREDIT_CARD,2020-12-04,338897.620000,4679.600000,True,CONTROLLED_SYNTHETIC
H0002496,SME001744,BUSINESS_CREDIT_CARD,2025-10-18,6772669.560000,221737.090000,True,CONTROLLED_SYNTHETIC
H0002497,SME001746,BUSINESS_CREDIT_CARD,2021-08-22,953069.370000,33578.900000,True,CONTROLLED_SYNTHETIC
H0002498,SME001747,BUSINESS_CREDIT_CARD,2024-02-07,210340.340000,4449.790000,True,CONTROLLED_SYNTHETIC
H0002499,SME001749,BUSINESS_CREDIT_CARD,2022-07-14,86932.460000,4119.080000,True,CONTROLLED_SYNTHETIC
H0002500,SME001750,BUSINESS_CREDIT_CARD,2020-09-19,843184.620000,36420.200000,True,CONTROLLED_SYNTHETIC
H0002501,SME001751,BUSINESS_CREDIT_CARD,2025-10-28,5919082.270000,189823.560000,True,CONTROLLED_SYNTHETIC
H0002502,SME001752,BUSINESS_CREDIT_CARD,2026-04-27,119813.680000,1873.290000,True,CONTROLLED_SYNTHETIC
H0002503,SME001753,BUSINESS_CREDIT_CARD,2024-03-03,84434.970000,2303.730000,True,CONTROLLED_SYNTHETIC
H0002504,SME001755,BUSINESS_CREDIT_CARD,2024-07-23,1328688.110000,48622.690000,True,CONTROLLED_SYNTHETIC
H0002505,SME001756,BUSINESS_CREDIT_CARD,2020-09-19,394322.410000,10209.170000,True,CONTROLLED_SYNTHETIC
H0002506,SME001757,BUSINESS_CREDIT_CARD,2024-05-29,43227.720000,1432.380000,True,CONTROLLED_SYNTHETIC
H0002507,SME001758,BUSINESS_CREDIT_CARD,2024-07-12,111819.180000,5108.510000,True,CONTROLLED_SYNTHETIC
H0002508,SME001761,BUSINESS_CREDIT_CARD,2025-03-28,273716.920000,8739.280000,True,CONTROLLED_SYNTHETIC
H0002509,SME001763,BUSINESS_CREDIT_CARD,2023-09-28,784905.310000,39827.340000,True,CONTROLLED_SYNTHETIC
H0002510,SME001764,BUSINESS_CREDIT_CARD,2022-07-09,111409.230000,2270.670000,True,CONTROLLED_SYNTHETIC
H0002511,SME001771,BUSINESS_CREDIT_CARD,2025-09-22,2881767.340000,70974.870000,True,CONTROLLED_SYNTHETIC
H0002512,SME001773,BUSINESS_CREDIT_CARD,2020-10-11,58509.000000,849.250000,True,CONTROLLED_SYNTHETIC
H0002513,SME001778,BUSINESS_CREDIT_CARD,2022-08-04,458028.640000,19742.620000,True,CONTROLLED_SYNTHETIC
H0002514,SME001780,BUSINESS_CREDIT_CARD,2023-11-25,151614.870000,8144.290000,True,CONTROLLED_SYNTHETIC
H0002515,SME001782,BUSINESS_CREDIT_CARD,2025-10-30,65802.010000,2012.920000,True,CONTROLLED_SYNTHETIC
H0002516,SME001788,BUSINESS_CREDIT_CARD,2026-02-24,236268.560000,1945.550000,True,CONTROLLED_SYNTHETIC
H0002517,SME001801,BUSINESS_CREDIT_CARD,2020-05-13,217591.760000,4448.720000,True,CONTROLLED_SYNTHETIC
H0002518,SME001805,BUSINESS_CREDIT_CARD,2025-04-30,110080.610000,5627.090000,True,CONTROLLED_SYNTHETIC
H0002519,SME001808,BUSINESS_CREDIT_CARD,2022-10-17,197231.550000,9519.590000,True,CONTROLLED_SYNTHETIC
H0002520,SME001812,BUSINESS_CREDIT_CARD,2022-06-01,166331.260000,2963.420000,True,CONTROLLED_SYNTHETIC
H0002521,SME001814,BUSINESS_CREDIT_CARD,2020-03-15,459098.790000,6357.260000,True,CONTROLLED_SYNTHETIC
H0002522,SME001820,BUSINESS_CREDIT_CARD,2021-04-15,2128143.970000,29402.720000,True,CONTROLLED_SYNTHETIC
H0002523,SME001821,BUSINESS_CREDIT_CARD,2024-11-21,261870.520000,6400.150000,True,CONTROLLED_SYNTHETIC
H0002524,SME001824,BUSINESS_CREDIT_CARD,2020-05-26,436167.010000,4460.670000,True,CONTROLLED_SYNTHETIC
H0002525,SME001828,BUSINESS_CREDIT_CARD,2026-05-03,405121.690000,1750.880000,True,CONTROLLED_SYNTHETIC
H0002526,SME001830,BUSINESS_CREDIT_CARD,2021-10-14,460713.630000,22491.970000,True,CONTROLLED_SYNTHETIC
H0002527,SME001832,BUSINESS_CREDIT_CARD,2024-07-17,106384.180000,1322.730000,True,CONTROLLED_SYNTHETIC
H0002528,SME001833,BUSINESS_CREDIT_CARD,2025-09-25,563256.510000,10529.810000,True,CONTROLLED_SYNTHETIC
H0002529,SME001837,BUSINESS_CREDIT_CARD,2021-05-13,2157477.240000,96350.350000,True,CONTROLLED_SYNTHETIC
H0002530,SME001838,BUSINESS_CREDIT_CARD,2026-01-24,88365.220000,2869.390000,True,CONTROLLED_SYNTHETIC
H0002531,SME001839,BUSINESS_CREDIT_CARD,2025-05-20,237472.050000,9291.640000,True,CONTROLLED_SYNTHETIC
H0002532,SME001841,BUSINESS_CREDIT_CARD,2022-08-30,2659294.240000,80771.260000,True,CONTROLLED_SYNTHETIC
H0002533,SME001859,BUSINESS_CREDIT_CARD,2025-05-03,213548.440000,10231.760000,True,CONTROLLED_SYNTHETIC
H0002534,SME001860,BUSINESS_CREDIT_CARD,2022-10-06,8986977.340000,229478.880000,True,CONTROLLED_SYNTHETIC
H0002535,SME001862,BUSINESS_CREDIT_CARD,2025-02-12,291898.690000,9670.100000,True,CONTROLLED_SYNTHETIC
H0002536,SME001864,BUSINESS_CREDIT_CARD,2023-04-15,1689375.670000,22073.140000,True,CONTROLLED_SYNTHETIC
H0002537,SME001867,BUSINESS_CREDIT_CARD,2022-09-27,138106.120000,3485.650000,True,CONTROLLED_SYNTHETIC
H0002538,SME001870,BUSINESS_CREDIT_CARD,2021-09-19,342170.390000,8364.580000,True,CONTROLLED_SYNTHETIC
H0002539,SME001871,BUSINESS_CREDIT_CARD,2025-05-30,65078.140000,2203.870000,True,CONTROLLED_SYNTHETIC
H0002540,SME001872,BUSINESS_CREDIT_CARD,2022-07-06,686083.000000,24083.620000,True,CONTROLLED_SYNTHETIC
H0002541,SME001873,BUSINESS_CREDIT_CARD,2024-09-28,237916.620000,12213.140000,True,CONTROLLED_SYNTHETIC
H0002542,SME001876,BUSINESS_CREDIT_CARD,2024-05-09,40233.820000,516.410000,True,CONTROLLED_SYNTHETIC
H0002543,SME001886,BUSINESS_CREDIT_CARD,2025-01-17,996629.150000,5433.480000,True,CONTROLLED_SYNTHETIC
H0002544,SME001888,BUSINESS_CREDIT_CARD,2025-06-07,1923407.380000,23303.740000,True,CONTROLLED_SYNTHETIC
H0002545,SME001889,BUSINESS_CREDIT_CARD,2025-09-03,751263.490000,33392.880000,True,CONTROLLED_SYNTHETIC
H0002546,SME001893,BUSINESS_CREDIT_CARD,2025-01-04,520315.870000,25719.910000,True,CONTROLLED_SYNTHETIC
H0002547,SME001894,BUSINESS_CREDIT_CARD,2024-05-05,230273.810000,12269.570000,True,CONTROLLED_SYNTHETIC
H0002548,SME001898,BUSINESS_CREDIT_CARD,2023-08-15,115880.210000,2716.470000,True,CONTROLLED_SYNTHETIC
H0002549,SME001901,BUSINESS_CREDIT_CARD,2025-09-26,174480.950000,8183.510000,True,CONTROLLED_SYNTHETIC
H0002550,SME001902,BUSINESS_CREDIT_CARD,2025-09-17,79800.990000,4156.130000,True,CONTROLLED_SYNTHETIC
H0002551,SME001910,BUSINESS_CREDIT_CARD,2020-12-13,3714212.170000,121778.590000,True,CONTROLLED_SYNTHETIC
H0002552,SME001911,BUSINESS_CREDIT_CARD,2026-03-22,536333.550000,3221.950000,True,CONTROLLED_SYNTHETIC
H0002553,SME001912,BUSINESS_CREDIT_CARD,2022-11-03,176053.870000,1673.940000,True,CONTROLLED_SYNTHETIC
H0002554,SME001915,BUSINESS_CREDIT_CARD,2026-05-19,90071.110000,2076.880000,True,CONTROLLED_SYNTHETIC
H0002555,SME001927,BUSINESS_CREDIT_CARD,2024-09-04,205118.280000,2817.510000,True,CONTROLLED_SYNTHETIC
H0002556,SME001928,BUSINESS_CREDIT_CARD,2021-01-22,225007.590000,4081.430000,True,CONTROLLED_SYNTHETIC
H0002557,SME001929,BUSINESS_CREDIT_CARD,2020-05-20,299693.610000,2191.960000,True,CONTROLLED_SYNTHETIC
H0002558,SME001932,BUSINESS_CREDIT_CARD,2020-07-15,616311.260000,7419.750000,True,CONTROLLED_SYNTHETIC
H0002559,SME001936,BUSINESS_CREDIT_CARD,2023-05-14,457640.580000,7015.040000,True,CONTROLLED_SYNTHETIC
H0002560,SME001937,BUSINESS_CREDIT_CARD,2022-01-21,256395.910000,10105.730000,True,CONTROLLED_SYNTHETIC
H0002561,SME001938,BUSINESS_CREDIT_CARD,2026-01-11,154536.360000,7955.060000,True,CONTROLLED_SYNTHETIC
H0002562,SME001940,BUSINESS_CREDIT_CARD,2022-02-26,154310.520000,5455.080000,True,CONTROLLED_SYNTHETIC
H0002563,SME001943,BUSINESS_CREDIT_CARD,2020-12-10,1101747.540000,54328.600000,True,CONTROLLED_SYNTHETIC
H0002564,SME001944,BUSINESS_CREDIT_CARD,2020-08-21,830334.830000,44593.190000,True,CONTROLLED_SYNTHETIC
H0002565,SME001946,BUSINESS_CREDIT_CARD,2025-10-07,809703.250000,25923.200000,True,CONTROLLED_SYNTHETIC
H0002566,SME001955,BUSINESS_CREDIT_CARD,2025-07-13,60184.820000,2213.060000,True,CONTROLLED_SYNTHETIC
H0002567,SME001958,BUSINESS_CREDIT_CARD,2023-07-21,1332687.710000,39746.380000,True,CONTROLLED_SYNTHETIC
H0002568,SME001961,BUSINESS_CREDIT_CARD,2025-10-22,43503.370000,271.420000,True,CONTROLLED_SYNTHETIC
H0002569,SME001964,BUSINESS_CREDIT_CARD,2022-02-25,92271.260000,3973.600000,True,CONTROLLED_SYNTHETIC
H0002570,SME001966,BUSINESS_CREDIT_CARD,2025-12-29,149878.310000,2204.210000,True,CONTROLLED_SYNTHETIC
H0002571,SME001968,BUSINESS_CREDIT_CARD,2025-12-13,896235.900000,40413.290000,True,CONTROLLED_SYNTHETIC
H0002572,SME001969,BUSINESS_CREDIT_CARD,2022-01-17,1892587.070000,43743.070000,True,CONTROLLED_SYNTHETIC
H0002573,SME001975,BUSINESS_CREDIT_CARD,2022-07-13,1809240.110000,10593.670000,True,CONTROLLED_SYNTHETIC
H0002574,SME001976,BUSINESS_CREDIT_CARD,2023-04-27,107858.830000,1485.340000,True,CONTROLLED_SYNTHETIC
H0002575,SME001979,BUSINESS_CREDIT_CARD,2021-02-07,457849.950000,13187.990000,True,CONTROLLED_SYNTHETIC
H0002576,SME001983,BUSINESS_CREDIT_CARD,2022-10-08,447765.200000,19067.880000,True,CONTROLLED_SYNTHETIC
H0002577,SME001987,BUSINESS_CREDIT_CARD,2025-08-17,566540.600000,15940.290000,True,CONTROLLED_SYNTHETIC
H0002578,SME001990,BUSINESS_CREDIT_CARD,2024-01-29,96366.770000,752.730000,True,CONTROLLED_SYNTHETIC
H0002579,SME001995,BUSINESS_CREDIT_CARD,2023-09-25,179346.480000,2105.920000,True,CONTROLLED_SYNTHETIC
H0002580,SME001996,BUSINESS_CREDIT_CARD,2020-06-30,882685.530000,33417.030000,True,CONTROLLED_SYNTHETIC
H0002581,SME002002,BUSINESS_CREDIT_CARD,2025-02-15,68030.430000,1062.990000,True,CONTROLLED_SYNTHETIC
H0002582,SME002003,BUSINESS_CREDIT_CARD,2026-01-29,514316.580000,8875.500000,True,CONTROLLED_SYNTHETIC
H0002583,SME002007,BUSINESS_CREDIT_CARD,2024-12-02,2392464.630000,89898.620000,True,CONTROLLED_SYNTHETIC
H0002584,SME002009,BUSINESS_CREDIT_CARD,2024-03-15,520668.250000,12424.530000,True,CONTROLLED_SYNTHETIC
H0002585,SME002021,BUSINESS_CREDIT_CARD,2020-02-05,557148.710000,18235.280000,True,CONTROLLED_SYNTHETIC
H0002586,SME002024,BUSINESS_CREDIT_CARD,2026-04-25,482561.170000,25735.650000,True,CONTROLLED_SYNTHETIC
H0002587,SME002029,BUSINESS_CREDIT_CARD,2022-04-27,357954.180000,3874.560000,True,CONTROLLED_SYNTHETIC
H0002588,SME002032,BUSINESS_CREDIT_CARD,2023-01-02,469320.100000,4746.980000,True,CONTROLLED_SYNTHETIC
H0002589,SME002037,BUSINESS_CREDIT_CARD,2025-08-25,194165.310000,8283.690000,True,CONTROLLED_SYNTHETIC
H0002590,SME002041,BUSINESS_CREDIT_CARD,2025-08-26,87208.050000,2392.440000,True,CONTROLLED_SYNTHETIC
H0002591,SME002042,BUSINESS_CREDIT_CARD,2026-04-02,441335.070000,16457.060000,True,CONTROLLED_SYNTHETIC
H0002592,SME002043,BUSINESS_CREDIT_CARD,2021-05-28,3982706.580000,104012.070000,True,CONTROLLED_SYNTHETIC
H0002593,SME002046,BUSINESS_CREDIT_CARD,2024-09-15,570384.260000,26844.420000,True,CONTROLLED_SYNTHETIC
H0002594,SME002048,BUSINESS_CREDIT_CARD,2023-04-04,3911697.600000,46923.800000,True,CONTROLLED_SYNTHETIC
H0002595,SME002051,BUSINESS_CREDIT_CARD,2026-04-12,109851.300000,3357.800000,True,CONTROLLED_SYNTHETIC
H0002596,SME002052,BUSINESS_CREDIT_CARD,2025-01-24,273886.830000,10612.910000,True,CONTROLLED_SYNTHETIC
H0002597,SME002055,BUSINESS_CREDIT_CARD,2020-02-12,305650.680000,14035.770000,True,CONTROLLED_SYNTHETIC
H0002598,SME002057,BUSINESS_CREDIT_CARD,2021-04-13,455278.410000,18547.970000,True,CONTROLLED_SYNTHETIC
H0002599,SME002060,BUSINESS_CREDIT_CARD,2026-01-24,328447.740000,14368.070000,True,CONTROLLED_SYNTHETIC
H0002600,SME002061,BUSINESS_CREDIT_CARD,2024-05-29,328453.190000,10943.690000,True,CONTROLLED_SYNTHETIC
H0002601,SME002066,BUSINESS_CREDIT_CARD,2020-12-03,559751.060000,5362.470000,True,CONTROLLED_SYNTHETIC
H0002602,SME002068,BUSINESS_CREDIT_CARD,2020-10-16,170899.510000,4118.810000,True,CONTROLLED_SYNTHETIC
H0002603,SME002069,BUSINESS_CREDIT_CARD,2020-03-25,220998.060000,3236.070000,True,CONTROLLED_SYNTHETIC
H0002604,SME002071,BUSINESS_CREDIT_CARD,2026-04-21,461922.430000,2119.330000,True,CONTROLLED_SYNTHETIC
H0002605,SME002072,BUSINESS_CREDIT_CARD,2025-11-19,1474530.930000,61995.050000,True,CONTROLLED_SYNTHETIC
H0002606,SME002073,BUSINESS_CREDIT_CARD,2020-07-07,1141471.200000,4685.780000,True,CONTROLLED_SYNTHETIC
H0002607,SME002076,BUSINESS_CREDIT_CARD,2025-04-30,451948.840000,13161.030000,True,CONTROLLED_SYNTHETIC
H0002608,SME002077,BUSINESS_CREDIT_CARD,2020-10-31,119052.550000,5908.190000,True,CONTROLLED_SYNTHETIC
H0002609,SME002078,BUSINESS_CREDIT_CARD,2024-09-08,833389.380000,44107.770000,True,CONTROLLED_SYNTHETIC
H0002610,SME002082,BUSINESS_CREDIT_CARD,2024-10-08,146321.420000,3660.180000,True,CONTROLLED_SYNTHETIC
H0002611,SME002086,BUSINESS_CREDIT_CARD,2025-02-03,274624.940000,4634.900000,True,CONTROLLED_SYNTHETIC
H0002612,SME002090,BUSINESS_CREDIT_CARD,2020-03-03,3245749.600000,108738.500000,True,CONTROLLED_SYNTHETIC
H0002613,SME002093,BUSINESS_CREDIT_CARD,2024-10-02,123941.700000,3288.500000,True,CONTROLLED_SYNTHETIC
H0002614,SME002094,BUSINESS_CREDIT_CARD,2024-07-28,545926.780000,14157.440000,True,CONTROLLED_SYNTHETIC
H0002615,SME002095,BUSINESS_CREDIT_CARD,2025-01-26,1650107.710000,53456.630000,True,CONTROLLED_SYNTHETIC
H0002616,SME002097,BUSINESS_CREDIT_CARD,2024-02-28,131820.530000,6005.560000,True,CONTROLLED_SYNTHETIC
H0002617,SME002098,BUSINESS_CREDIT_CARD,2020-05-01,782394.650000,6826.930000,True,CONTROLLED_SYNTHETIC
H0002618,SME002099,BUSINESS_CREDIT_CARD,2022-03-26,137356.910000,5956.240000,True,CONTROLLED_SYNTHETIC
H0002619,SME002101,BUSINESS_CREDIT_CARD,2020-03-01,129249.960000,4341.750000,True,CONTROLLED_SYNTHETIC
H0002620,SME002103,BUSINESS_CREDIT_CARD,2025-10-01,543225.850000,13028.380000,True,CONTROLLED_SYNTHETIC
H0002621,SME002105,BUSINESS_CREDIT_CARD,2020-12-01,131741.650000,4105.280000,True,CONTROLLED_SYNTHETIC
H0002622,SME002106,BUSINESS_CREDIT_CARD,2024-05-06,1065382.970000,19049.000000,True,CONTROLLED_SYNTHETIC
H0002623,SME002112,BUSINESS_CREDIT_CARD,2025-04-16,1618793.900000,66453.280000,True,CONTROLLED_SYNTHETIC
H0002624,SME002114,BUSINESS_CREDIT_CARD,2021-04-26,160459.820000,1134.620000,True,CONTROLLED_SYNTHETIC
H0002625,SME002115,BUSINESS_CREDIT_CARD,2021-05-18,589961.930000,13732.670000,True,CONTROLLED_SYNTHETIC
H0002626,SME002116,BUSINESS_CREDIT_CARD,2020-09-25,3387202.680000,182713.940000,True,CONTROLLED_SYNTHETIC
H0002627,SME002117,BUSINESS_CREDIT_CARD,2022-07-16,134684.390000,2929.530000,True,CONTROLLED_SYNTHETIC
H0002628,SME002124,BUSINESS_CREDIT_CARD,2024-02-14,336157.000000,2773.610000,True,CONTROLLED_SYNTHETIC
H0002629,SME002125,BUSINESS_CREDIT_CARD,2026-02-17,843535.900000,3511.680000,True,CONTROLLED_SYNTHETIC
H0002630,SME002127,BUSINESS_CREDIT_CARD,2021-07-04,2416685.940000,41436.910000,True,CONTROLLED_SYNTHETIC
H0002631,SME002130,BUSINESS_CREDIT_CARD,2025-12-27,101171.460000,430.510000,True,CONTROLLED_SYNTHETIC
H0002632,SME002143,BUSINESS_CREDIT_CARD,2025-05-23,421112.120000,8127.580000,True,CONTROLLED_SYNTHETIC
H0002633,SME002145,BUSINESS_CREDIT_CARD,2021-02-12,952334.690000,42829.970000,True,CONTROLLED_SYNTHETIC
H0002634,SME002147,BUSINESS_CREDIT_CARD,2025-08-05,27534.080000,1332.040000,True,CONTROLLED_SYNTHETIC
H0002635,SME002149,BUSINESS_CREDIT_CARD,2022-09-05,148032.100000,2672.730000,True,CONTROLLED_SYNTHETIC
H0002636,SME002154,BUSINESS_CREDIT_CARD,2023-04-26,158413.230000,3434.190000,True,CONTROLLED_SYNTHETIC
H0002637,SME002155,BUSINESS_CREDIT_CARD,2024-07-03,536317.600000,15908.780000,True,CONTROLLED_SYNTHETIC
H0002638,SME002158,BUSINESS_CREDIT_CARD,2025-05-25,128375.990000,2546.560000,True,CONTROLLED_SYNTHETIC
H0002639,SME002161,BUSINESS_CREDIT_CARD,2021-12-20,791078.390000,13616.570000,True,CONTROLLED_SYNTHETIC
H0002640,SME002162,BUSINESS_CREDIT_CARD,2022-10-06,811840.150000,10014.150000,True,CONTROLLED_SYNTHETIC
H0002641,SME002168,BUSINESS_CREDIT_CARD,2025-11-07,626490.800000,31781.210000,True,CONTROLLED_SYNTHETIC
H0002642,SME002178,BUSINESS_CREDIT_CARD,2020-02-06,84647.650000,821.550000,True,CONTROLLED_SYNTHETIC
H0002643,SME002179,BUSINESS_CREDIT_CARD,2021-12-31,673809.420000,36832.690000,True,CONTROLLED_SYNTHETIC
H0002644,SME002180,BUSINESS_CREDIT_CARD,2025-10-02,262979.900000,4429.220000,True,CONTROLLED_SYNTHETIC
H0002645,SME002183,BUSINESS_CREDIT_CARD,2020-10-28,194313.320000,5309.490000,True,CONTROLLED_SYNTHETIC
H0002646,SME002185,BUSINESS_CREDIT_CARD,2020-03-28,931037.760000,35706.000000,True,CONTROLLED_SYNTHETIC
H0002647,SME002186,BUSINESS_CREDIT_CARD,2026-03-03,303347.730000,3184.260000,True,CONTROLLED_SYNTHETIC
H0002648,SME002188,BUSINESS_CREDIT_CARD,2023-11-21,73735.340000,2000.760000,True,CONTROLLED_SYNTHETIC
H0002649,SME002194,BUSINESS_CREDIT_CARD,2022-05-24,108763.930000,2358.060000,True,CONTROLLED_SYNTHETIC
H0002650,SME002196,BUSINESS_CREDIT_CARD,2020-10-16,449435.840000,22423.110000,True,CONTROLLED_SYNTHETIC
H0002651,SME002197,BUSINESS_CREDIT_CARD,2021-01-08,780990.090000,38852.870000,True,CONTROLLED_SYNTHETIC
H0002652,SME002200,BUSINESS_CREDIT_CARD,2021-03-06,76692.170000,1055.230000,True,CONTROLLED_SYNTHETIC
H0002653,SME002204,BUSINESS_CREDIT_CARD,2024-03-05,968734.030000,4516.800000,True,CONTROLLED_SYNTHETIC
H0002654,SME002205,BUSINESS_CREDIT_CARD,2023-02-13,5003253.750000,199052.030000,True,CONTROLLED_SYNTHETIC
H0002655,SME002206,BUSINESS_CREDIT_CARD,2020-04-25,332381.830000,10961.120000,True,CONTROLLED_SYNTHETIC
H0002656,SME002209,BUSINESS_CREDIT_CARD,2026-03-21,4815219.510000,85693.290000,True,CONTROLLED_SYNTHETIC
H0002657,SME002212,BUSINESS_CREDIT_CARD,2024-01-15,351606.460000,13606.220000,True,CONTROLLED_SYNTHETIC
H0002658,SME002213,BUSINESS_CREDIT_CARD,2022-12-09,189178.160000,7240.610000,True,CONTROLLED_SYNTHETIC
H0002659,SME002216,BUSINESS_CREDIT_CARD,2024-01-31,563406.700000,3441.920000,True,CONTROLLED_SYNTHETIC
H0002660,SME002220,BUSINESS_CREDIT_CARD,2022-03-26,53558.880000,1914.250000,True,CONTROLLED_SYNTHETIC
H0002661,SME002221,BUSINESS_CREDIT_CARD,2024-04-10,2367987.570000,92443.950000,True,CONTROLLED_SYNTHETIC
H0002662,SME002223,BUSINESS_CREDIT_CARD,2021-04-10,252818.550000,10990.510000,True,CONTROLLED_SYNTHETIC
H0002663,SME002224,BUSINESS_CREDIT_CARD,2023-07-31,167610.340000,1991.340000,True,CONTROLLED_SYNTHETIC
H0002664,SME002228,BUSINESS_CREDIT_CARD,2025-10-17,489105.540000,23031.010000,True,CONTROLLED_SYNTHETIC
H0002665,SME002229,BUSINESS_CREDIT_CARD,2026-04-08,790234.800000,24327.140000,True,CONTROLLED_SYNTHETIC
H0002666,SME002230,BUSINESS_CREDIT_CARD,2023-08-06,602125.980000,30236.320000,True,CONTROLLED_SYNTHETIC
H0002667,SME002233,BUSINESS_CREDIT_CARD,2025-07-22,204131.280000,5246.290000,True,CONTROLLED_SYNTHETIC
H0002668,SME002234,BUSINESS_CREDIT_CARD,2022-12-10,146168.500000,7639.060000,True,CONTROLLED_SYNTHETIC
H0002669,SME002236,BUSINESS_CREDIT_CARD,2023-01-29,2234855.760000,46595.900000,True,CONTROLLED_SYNTHETIC
H0002670,SME002245,BUSINESS_CREDIT_CARD,2024-06-16,839943.140000,41838.830000,True,CONTROLLED_SYNTHETIC
H0002671,SME002247,BUSINESS_CREDIT_CARD,2025-05-18,255203.170000,9321.670000,True,CONTROLLED_SYNTHETIC
H0002672,SME002248,BUSINESS_CREDIT_CARD,2026-03-23,252561.850000,7756.180000,True,CONTROLLED_SYNTHETIC
H0002673,SME002250,BUSINESS_CREDIT_CARD,2020-02-25,1071176.780000,34424.550000,True,CONTROLLED_SYNTHETIC
H0002674,SME002253,BUSINESS_CREDIT_CARD,2025-04-17,705991.340000,35019.140000,True,CONTROLLED_SYNTHETIC
H0002675,SME002255,BUSINESS_CREDIT_CARD,2025-06-05,904223.300000,30594.800000,True,CONTROLLED_SYNTHETIC
H0002676,SME002256,BUSINESS_CREDIT_CARD,2020-07-09,835373.110000,11387.310000,True,CONTROLLED_SYNTHETIC
H0002677,SME002257,BUSINESS_CREDIT_CARD,2022-12-03,66684.860000,416.550000,True,CONTROLLED_SYNTHETIC
H0002678,SME002262,BUSINESS_CREDIT_CARD,2020-10-26,1634351.190000,10392.530000,True,CONTROLLED_SYNTHETIC
H0002679,SME002271,BUSINESS_CREDIT_CARD,2021-09-26,161107.380000,1703.330000,True,CONTROLLED_SYNTHETIC
H0002680,SME002273,BUSINESS_CREDIT_CARD,2024-08-11,2183672.110000,109954.340000,True,CONTROLLED_SYNTHETIC
H0002681,SME002279,BUSINESS_CREDIT_CARD,2024-09-24,636630.050000,28705.300000,True,CONTROLLED_SYNTHETIC
H0002682,SME002282,BUSINESS_CREDIT_CARD,2020-04-17,1648854.900000,14445.030000,True,CONTROLLED_SYNTHETIC
H0002683,SME002286,BUSINESS_CREDIT_CARD,2025-06-21,30569.340000,1533.050000,True,CONTROLLED_SYNTHETIC
H0002684,SME002287,BUSINESS_CREDIT_CARD,2020-06-27,1982909.730000,97135.160000,True,CONTROLLED_SYNTHETIC
H0002685,SME002291,BUSINESS_CREDIT_CARD,2020-03-02,285349.560000,8543.590000,True,CONTROLLED_SYNTHETIC
H0002686,SME002292,BUSINESS_CREDIT_CARD,2021-08-03,196805.520000,10459.200000,True,CONTROLLED_SYNTHETIC
H0002687,SME002303,BUSINESS_CREDIT_CARD,2023-11-12,178077.890000,3591.100000,True,CONTROLLED_SYNTHETIC
H0002688,SME002304,BUSINESS_CREDIT_CARD,2023-04-27,233195.300000,8438.370000,True,CONTROLLED_SYNTHETIC
H0002689,SME002305,BUSINESS_CREDIT_CARD,2025-05-21,264655.030000,7927.670000,True,CONTROLLED_SYNTHETIC
H0002690,SME002307,BUSINESS_CREDIT_CARD,2020-12-12,66949.820000,2204.950000,True,CONTROLLED_SYNTHETIC
H0002691,SME002308,BUSINESS_CREDIT_CARD,2023-01-01,2323273.950000,19694.520000,True,CONTROLLED_SYNTHETIC
H0002692,SME002310,BUSINESS_CREDIT_CARD,2025-09-29,76383.790000,3146.340000,True,CONTROLLED_SYNTHETIC
H0002693,SME002311,BUSINESS_CREDIT_CARD,2025-09-25,360118.880000,8198.900000,True,CONTROLLED_SYNTHETIC
H0002694,SME002312,BUSINESS_CREDIT_CARD,2021-01-09,242591.120000,10473.270000,True,CONTROLLED_SYNTHETIC
H0002695,SME002314,BUSINESS_CREDIT_CARD,2021-03-22,108758.000000,5099.550000,True,CONTROLLED_SYNTHETIC
H0002696,SME002315,BUSINESS_CREDIT_CARD,2021-10-25,1119140.400000,15877.880000,True,CONTROLLED_SYNTHETIC
H0002697,SME002317,BUSINESS_CREDIT_CARD,2022-03-29,652188.440000,28389.050000,True,CONTROLLED_SYNTHETIC
H0002698,SME002320,BUSINESS_CREDIT_CARD,2026-03-28,66469.640000,294.000000,True,CONTROLLED_SYNTHETIC
H0002699,SME002330,BUSINESS_CREDIT_CARD,2023-10-31,7281562.840000,71953.700000,True,CONTROLLED_SYNTHETIC
H0002700,SME002331,BUSINESS_CREDIT_CARD,2025-12-16,58130.030000,1149.000000,True,CONTROLLED_SYNTHETIC
H0002701,SME002332,BUSINESS_CREDIT_CARD,2024-07-18,320003.460000,8190.600000,True,CONTROLLED_SYNTHETIC
H0002702,SME002336,BUSINESS_CREDIT_CARD,2025-08-27,473554.250000,14521.050000,True,CONTROLLED_SYNTHETIC
H0002703,SME002338,BUSINESS_CREDIT_CARD,2021-03-30,147173.920000,6884.590000,True,CONTROLLED_SYNTHETIC
H0002704,SME002339,BUSINESS_CREDIT_CARD,2023-02-13,38273.280000,934.390000,True,CONTROLLED_SYNTHETIC
H0002705,SME002340,BUSINESS_CREDIT_CARD,2024-10-25,317328.020000,11478.500000,True,CONTROLLED_SYNTHETIC
H0002706,SME002341,BUSINESS_CREDIT_CARD,2020-09-01,2277096.760000,30705.210000,True,CONTROLLED_SYNTHETIC
H0002707,SME002345,BUSINESS_CREDIT_CARD,2020-07-02,1266608.930000,20691.240000,True,CONTROLLED_SYNTHETIC
H0002708,SME002349,BUSINESS_CREDIT_CARD,2020-02-29,1488153.290000,51872.220000,True,CONTROLLED_SYNTHETIC
H0002709,SME002355,BUSINESS_CREDIT_CARD,2023-10-23,1684227.390000,74219.960000,True,CONTROLLED_SYNTHETIC
H0002710,SME002356,BUSINESS_CREDIT_CARD,2022-01-11,333027.400000,13658.280000,True,CONTROLLED_SYNTHETIC
H0002711,SME002357,BUSINESS_CREDIT_CARD,2025-01-26,98313.100000,3378.290000,True,CONTROLLED_SYNTHETIC
H0002712,SME002361,BUSINESS_CREDIT_CARD,2021-06-24,80822.260000,3824.400000,True,CONTROLLED_SYNTHETIC
H0002713,SME002364,BUSINESS_CREDIT_CARD,2020-09-08,5766344.640000,100594.570000,True,CONTROLLED_SYNTHETIC
H0002714,SME002366,BUSINESS_CREDIT_CARD,2020-03-15,700149.880000,18171.670000,True,CONTROLLED_SYNTHETIC
H0002715,SME002371,BUSINESS_CREDIT_CARD,2025-01-10,154750.380000,1989.440000,True,CONTROLLED_SYNTHETIC
H0002716,SME002376,BUSINESS_CREDIT_CARD,2025-10-23,50329.720000,1323.990000,True,CONTROLLED_SYNTHETIC
H0002717,SME002377,BUSINESS_CREDIT_CARD,2023-12-21,748663.670000,21566.200000,True,CONTROLLED_SYNTHETIC
H0002718,SME002380,BUSINESS_CREDIT_CARD,2022-02-15,372903.390000,18763.480000,True,CONTROLLED_SYNTHETIC
H0002719,SME002381,BUSINESS_CREDIT_CARD,2024-01-25,74220.170000,1870.000000,True,CONTROLLED_SYNTHETIC
H0002720,SME002382,BUSINESS_CREDIT_CARD,2021-07-25,266974.890000,5403.570000,True,CONTROLLED_SYNTHETIC
H0002721,SME002390,BUSINESS_CREDIT_CARD,2024-09-01,194170.670000,8728.370000,True,CONTROLLED_SYNTHETIC
H0002722,SME002391,BUSINESS_CREDIT_CARD,2021-05-01,1248637.370000,21829.200000,True,CONTROLLED_SYNTHETIC
H0002723,SME002393,BUSINESS_CREDIT_CARD,2021-06-30,136227.650000,1517.510000,True,CONTROLLED_SYNTHETIC
H0002724,SME002399,BUSINESS_CREDIT_CARD,2021-05-31,251504.680000,9768.620000,True,CONTROLLED_SYNTHETIC
H0002725,SME002404,BUSINESS_CREDIT_CARD,2022-05-15,282849.880000,14327.910000,True,CONTROLLED_SYNTHETIC
H0002726,SME002405,BUSINESS_CREDIT_CARD,2023-12-23,4550511.610000,174874.280000,True,CONTROLLED_SYNTHETIC
H0002727,SME002406,BUSINESS_CREDIT_CARD,2025-08-17,507080.420000,2304.960000,True,CONTROLLED_SYNTHETIC
H0002728,SME002408,BUSINESS_CREDIT_CARD,2020-07-23,1647638.320000,21479.210000,True,CONTROLLED_SYNTHETIC
H0002729,SME002410,BUSINESS_CREDIT_CARD,2025-12-19,1460988.780000,21832.690000,True,CONTROLLED_SYNTHETIC
H0002730,SME002411,BUSINESS_CREDIT_CARD,2022-04-07,221733.260000,5977.040000,True,CONTROLLED_SYNTHETIC
H0002731,SME002413,BUSINESS_CREDIT_CARD,2020-07-01,416145.680000,10046.670000,True,CONTROLLED_SYNTHETIC
H0002732,SME002414,BUSINESS_CREDIT_CARD,2025-04-15,59912.650000,2554.580000,True,CONTROLLED_SYNTHETIC
H0002733,SME002420,BUSINESS_CREDIT_CARD,2022-01-22,1530053.170000,19644.450000,True,CONTROLLED_SYNTHETIC
H0002734,SME002421,BUSINESS_CREDIT_CARD,2021-09-24,276705.440000,12925.190000,True,CONTROLLED_SYNTHETIC
H0002735,SME002426,BUSINESS_CREDIT_CARD,2022-06-10,289747.550000,13201.340000,True,CONTROLLED_SYNTHETIC
H0002736,SME002430,BUSINESS_CREDIT_CARD,2025-04-10,1480709.200000,46287.160000,True,CONTROLLED_SYNTHETIC
H0002737,SME002433,BUSINESS_CREDIT_CARD,2022-09-01,643926.410000,22096.970000,True,CONTROLLED_SYNTHETIC
H0002738,SME002436,BUSINESS_CREDIT_CARD,2024-02-11,1267008.930000,64673.200000,True,CONTROLLED_SYNTHETIC
H0002739,SME002437,BUSINESS_CREDIT_CARD,2022-04-03,997672.810000,33135.900000,True,CONTROLLED_SYNTHETIC
H0002740,SME002438,BUSINESS_CREDIT_CARD,2021-04-16,436972.070000,3873.780000,True,CONTROLLED_SYNTHETIC
H0002741,SME002444,BUSINESS_CREDIT_CARD,2021-09-20,89248.110000,954.190000,True,CONTROLLED_SYNTHETIC
H0002742,SME002446,BUSINESS_CREDIT_CARD,2021-07-21,1025879.040000,52402.280000,True,CONTROLLED_SYNTHETIC
H0002743,SME002449,BUSINESS_CREDIT_CARD,2020-12-16,129210.450000,3835.750000,True,CONTROLLED_SYNTHETIC
H0002744,SME002452,BUSINESS_CREDIT_CARD,2025-06-24,69582.130000,2471.780000,True,CONTROLLED_SYNTHETIC
H0002745,SME002453,BUSINESS_CREDIT_CARD,2025-04-26,2180813.020000,36558.610000,True,CONTROLLED_SYNTHETIC
H0002746,SME002455,BUSINESS_CREDIT_CARD,2025-01-07,940711.690000,32656.070000,True,CONTROLLED_SYNTHETIC
H0002747,SME002457,BUSINESS_CREDIT_CARD,2022-07-30,277495.280000,2814.700000,True,CONTROLLED_SYNTHETIC
H0002748,SME002459,BUSINESS_CREDIT_CARD,2020-12-20,1556693.930000,62581.320000,True,CONTROLLED_SYNTHETIC
H0002749,SME002462,BUSINESS_CREDIT_CARD,2022-05-01,905385.850000,21975.730000,True,CONTROLLED_SYNTHETIC
H0002750,SME002464,BUSINESS_CREDIT_CARD,2021-02-12,897118.600000,29048.950000,True,CONTROLLED_SYNTHETIC
H0002751,SME002465,BUSINESS_CREDIT_CARD,2022-04-04,1258469.090000,29939.320000,True,CONTROLLED_SYNTHETIC
H0002752,SME002467,BUSINESS_CREDIT_CARD,2023-01-25,554618.500000,14238.630000,True,CONTROLLED_SYNTHETIC
H0002753,SME002468,BUSINESS_CREDIT_CARD,2026-04-06,718347.410000,21051.730000,True,CONTROLLED_SYNTHETIC
H0002754,SME002469,BUSINESS_CREDIT_CARD,2023-04-08,177510.980000,8902.340000,True,CONTROLLED_SYNTHETIC
H0002755,SME002472,BUSINESS_CREDIT_CARD,2022-09-26,375285.890000,20339.530000,True,CONTROLLED_SYNTHETIC
H0002756,SME002480,BUSINESS_CREDIT_CARD,2024-11-06,1188027.660000,15063.860000,True,CONTROLLED_SYNTHETIC
H0002757,SME002482,BUSINESS_CREDIT_CARD,2023-05-14,1451491.380000,7446.000000,True,CONTROLLED_SYNTHETIC
H0002758,SME002487,BUSINESS_CREDIT_CARD,2025-09-28,371674.940000,9564.060000,True,CONTROLLED_SYNTHETIC
H0002759,SME002493,BUSINESS_CREDIT_CARD,2022-11-28,28406.910000,355.440000,True,CONTROLLED_SYNTHETIC
H0002760,SME002495,BUSINESS_CREDIT_CARD,2024-02-29,660581.960000,25246.650000,True,CONTROLLED_SYNTHETIC
H0002761,SME002497,BUSINESS_CREDIT_CARD,2026-02-05,139339.290000,2136.120000,True,CONTROLLED_SYNTHETIC
H0002762,SME002498,BUSINESS_CREDIT_CARD,2023-06-05,10294.730000,350.820000,True,CONTROLLED_SYNTHETIC
H0002763,SME002500,BUSINESS_CREDIT_CARD,2024-11-09,302515.650000,15809.130000,True,CONTROLLED_SYNTHETIC
H0002764,SME002501,BUSINESS_CREDIT_CARD,2023-01-18,851553.410000,12528.380000,True,CONTROLLED_SYNTHETIC
H0002765,SME002502,BUSINESS_CREDIT_CARD,2023-12-12,111856.690000,2548.830000,True,CONTROLLED_SYNTHETIC
H0002766,SME002503,BUSINESS_CREDIT_CARD,2020-04-12,30386.750000,1175.990000,True,CONTROLLED_SYNTHETIC
H0002767,SME002504,BUSINESS_CREDIT_CARD,2021-09-26,78263.870000,2043.380000,True,CONTROLLED_SYNTHETIC
H0002768,SME002506,BUSINESS_CREDIT_CARD,2021-01-18,378645.500000,12317.280000,True,CONTROLLED_SYNTHETIC
H0002769,SME002510,BUSINESS_CREDIT_CARD,2025-09-22,160077.480000,5863.130000,True,CONTROLLED_SYNTHETIC
H0002770,SME002512,BUSINESS_CREDIT_CARD,2020-11-15,1832526.820000,21400.620000,True,CONTROLLED_SYNTHETIC
H0002771,SME002514,BUSINESS_CREDIT_CARD,2024-08-01,256365.710000,13726.160000,True,CONTROLLED_SYNTHETIC
H0002772,SME002515,BUSINESS_CREDIT_CARD,2025-06-05,131330.880000,4045.840000,True,CONTROLLED_SYNTHETIC
H0002773,SME002522,BUSINESS_CREDIT_CARD,2024-02-12,710439.550000,16125.180000,True,CONTROLLED_SYNTHETIC
H0002774,SME002523,BUSINESS_CREDIT_CARD,2021-06-13,1378973.430000,60509.430000,True,CONTROLLED_SYNTHETIC
H0002775,SME002525,BUSINESS_CREDIT_CARD,2022-01-03,819709.450000,9860.120000,True,CONTROLLED_SYNTHETIC
H0002776,SME002528,BUSINESS_CREDIT_CARD,2020-06-26,131970.600000,1390.130000,True,CONTROLLED_SYNTHETIC
H0002777,SME002531,BUSINESS_CREDIT_CARD,2023-10-03,3478321.990000,81291.030000,True,CONTROLLED_SYNTHETIC
H0002778,SME002533,BUSINESS_CREDIT_CARD,2025-03-20,251429.170000,5179.150000,True,CONTROLLED_SYNTHETIC
H0002779,SME002542,BUSINESS_CREDIT_CARD,2021-04-08,289874.900000,2563.240000,True,CONTROLLED_SYNTHETIC
H0002780,SME002543,BUSINESS_CREDIT_CARD,2023-04-12,6360595.360000,56338.280000,True,CONTROLLED_SYNTHETIC
H0002781,SME002546,BUSINESS_CREDIT_CARD,2023-11-19,1164178.490000,56536.930000,True,CONTROLLED_SYNTHETIC
H0002782,SME002548,BUSINESS_CREDIT_CARD,2021-09-29,428156.340000,3541.290000,True,CONTROLLED_SYNTHETIC
H0002783,SME002551,BUSINESS_CREDIT_CARD,2025-06-25,1327513.440000,50678.200000,True,CONTROLLED_SYNTHETIC
H0002784,SME002555,BUSINESS_CREDIT_CARD,2023-03-01,316875.120000,13711.620000,True,CONTROLLED_SYNTHETIC
H0002785,SME002556,BUSINESS_CREDIT_CARD,2020-02-25,127683.350000,3797.680000,True,CONTROLLED_SYNTHETIC
H0002786,SME002561,BUSINESS_CREDIT_CARD,2024-11-14,372629.240000,3024.190000,True,CONTROLLED_SYNTHETIC
H0002787,SME002562,BUSINESS_CREDIT_CARD,2025-05-30,173517.100000,2353.590000,True,CONTROLLED_SYNTHETIC
H0002788,SME002563,BUSINESS_CREDIT_CARD,2025-02-13,803820.320000,29518.250000,True,CONTROLLED_SYNTHETIC
H0002789,SME002566,BUSINESS_CREDIT_CARD,2021-12-17,1161766.150000,11807.730000,True,CONTROLLED_SYNTHETIC
H0002790,SME002567,BUSINESS_CREDIT_CARD,2021-11-10,141854.820000,3461.900000,True,CONTROLLED_SYNTHETIC
H0002791,SME002568,BUSINESS_CREDIT_CARD,2020-09-24,95305.940000,2234.560000,True,CONTROLLED_SYNTHETIC
H0002792,SME002574,BUSINESS_CREDIT_CARD,2025-10-12,104330.100000,579.460000,True,CONTROLLED_SYNTHETIC
H0002793,SME002575,BUSINESS_CREDIT_CARD,2020-06-13,220681.430000,1996.330000,True,CONTROLLED_SYNTHETIC
H0002794,SME002582,BUSINESS_CREDIT_CARD,2021-02-12,117756.740000,5615.540000,True,CONTROLLED_SYNTHETIC
H0002795,SME002588,BUSINESS_CREDIT_CARD,2024-10-01,5457033.180000,76140.950000,True,CONTROLLED_SYNTHETIC
H0002796,SME002591,BUSINESS_CREDIT_CARD,2021-07-16,502520.070000,12695.850000,True,CONTROLLED_SYNTHETIC
H0002797,SME002594,BUSINESS_CREDIT_CARD,2020-07-26,1526851.570000,23656.390000,True,CONTROLLED_SYNTHETIC
H0002798,SME002595,BUSINESS_CREDIT_CARD,2022-09-21,615487.950000,18670.480000,True,CONTROLLED_SYNTHETIC
H0002799,SME002597,BUSINESS_CREDIT_CARD,2023-03-01,319227.780000,4143.340000,True,CONTROLLED_SYNTHETIC
H0002800,SME002599,BUSINESS_CREDIT_CARD,2026-04-01,405985.330000,5022.840000,True,CONTROLLED_SYNTHETIC
H0002801,SME002605,BUSINESS_CREDIT_CARD,2023-09-08,470081.920000,12545.330000,True,CONTROLLED_SYNTHETIC
H0002802,SME002609,BUSINESS_CREDIT_CARD,2023-02-02,837413.310000,42567.850000,True,CONTROLLED_SYNTHETIC
H0002803,SME002611,BUSINESS_CREDIT_CARD,2025-12-23,563419.030000,20239.030000,True,CONTROLLED_SYNTHETIC
H0002804,SME002612,BUSINESS_CREDIT_CARD,2024-12-02,216158.540000,11695.150000,True,CONTROLLED_SYNTHETIC
H0002805,SME002614,BUSINESS_CREDIT_CARD,2025-12-22,242408.890000,7645.250000,True,CONTROLLED_SYNTHETIC
H0002806,SME002616,BUSINESS_CREDIT_CARD,2025-01-20,2448202.510000,63532.450000,True,CONTROLLED_SYNTHETIC
H0002807,SME002618,BUSINESS_CREDIT_CARD,2023-04-19,1618107.940000,57591.870000,True,CONTROLLED_SYNTHETIC
H0002808,SME002620,BUSINESS_CREDIT_CARD,2022-10-22,1956967.930000,47501.270000,True,CONTROLLED_SYNTHETIC
H0002809,SME002621,BUSINESS_CREDIT_CARD,2024-12-16,1278212.980000,10912.820000,True,CONTROLLED_SYNTHETIC
H0002810,SME002623,BUSINESS_CREDIT_CARD,2023-02-17,56038.000000,1187.530000,True,CONTROLLED_SYNTHETIC
H0002811,SME002626,BUSINESS_CREDIT_CARD,2025-09-21,332681.970000,7204.010000,True,CONTROLLED_SYNTHETIC
H0002812,SME002628,BUSINESS_CREDIT_CARD,2020-03-16,46208.280000,533.130000,True,CONTROLLED_SYNTHETIC
H0002813,SME002631,BUSINESS_CREDIT_CARD,2024-12-13,551724.410000,2999.340000,True,CONTROLLED_SYNTHETIC
H0002814,SME002632,BUSINESS_CREDIT_CARD,2023-12-14,206700.640000,4132.290000,True,CONTROLLED_SYNTHETIC
H0002815,SME002633,BUSINESS_CREDIT_CARD,2021-10-18,88278.120000,3903.320000,True,CONTROLLED_SYNTHETIC
H0002816,SME002637,BUSINESS_CREDIT_CARD,2022-05-01,5199912.430000,41738.590000,True,CONTROLLED_SYNTHETIC
H0002817,SME002641,BUSINESS_CREDIT_CARD,2022-09-19,285729.850000,2486.060000,True,CONTROLLED_SYNTHETIC
H0002818,SME002643,BUSINESS_CREDIT_CARD,2025-08-11,338278.220000,5670.230000,True,CONTROLLED_SYNTHETIC
H0002819,SME002647,BUSINESS_CREDIT_CARD,2026-05-06,498865.930000,23122.740000,True,CONTROLLED_SYNTHETIC
H0002820,SME002650,BUSINESS_CREDIT_CARD,2025-12-03,1403767.260000,10811.700000,True,CONTROLLED_SYNTHETIC
H0002821,SME002652,BUSINESS_CREDIT_CARD,2024-03-06,254327.000000,11817.240000,True,CONTROLLED_SYNTHETIC
H0002822,SME002653,BUSINESS_CREDIT_CARD,2025-01-14,239185.500000,3581.880000,True,CONTROLLED_SYNTHETIC
H0002823,SME002657,BUSINESS_CREDIT_CARD,2022-08-21,427900.890000,11992.230000,True,CONTROLLED_SYNTHETIC
H0002824,SME002667,BUSINESS_CREDIT_CARD,2025-11-03,112858.800000,4071.660000,True,CONTROLLED_SYNTHETIC
H0002825,SME002671,BUSINESS_CREDIT_CARD,2026-05-09,2975128.840000,53765.630000,True,CONTROLLED_SYNTHETIC
H0002826,SME002672,BUSINESS_CREDIT_CARD,2021-08-21,87114.640000,1934.460000,True,CONTROLLED_SYNTHETIC
H0002827,SME002677,BUSINESS_CREDIT_CARD,2021-03-03,4049985.510000,17610.240000,True,CONTROLLED_SYNTHETIC
H0002828,SME002678,BUSINESS_CREDIT_CARD,2021-10-17,239178.200000,1811.500000,True,CONTROLLED_SYNTHETIC
H0002829,SME002679,BUSINESS_CREDIT_CARD,2025-09-23,174287.110000,7983.510000,True,CONTROLLED_SYNTHETIC
H0002830,SME002682,BUSINESS_CREDIT_CARD,2022-07-13,22790.580000,377.780000,True,CONTROLLED_SYNTHETIC
H0002831,SME002687,BUSINESS_CREDIT_CARD,2022-02-18,181394.510000,8223.950000,True,CONTROLLED_SYNTHETIC
H0002832,SME002688,BUSINESS_CREDIT_CARD,2026-03-23,138531.630000,6964.080000,True,CONTROLLED_SYNTHETIC
H0002833,SME002691,BUSINESS_CREDIT_CARD,2024-03-05,578314.730000,31255.980000,True,CONTROLLED_SYNTHETIC
H0002834,SME002692,BUSINESS_CREDIT_CARD,2021-03-20,51685.480000,787.770000,True,CONTROLLED_SYNTHETIC
H0002835,SME002693,BUSINESS_CREDIT_CARD,2020-04-30,64696.640000,480.220000,True,CONTROLLED_SYNTHETIC
H0002836,SME002695,BUSINESS_CREDIT_CARD,2020-03-18,123749.470000,772.000000,True,CONTROLLED_SYNTHETIC
H0002837,SME002696,BUSINESS_CREDIT_CARD,2026-03-16,624395.110000,33335.030000,True,CONTROLLED_SYNTHETIC
H0002838,SME002697,BUSINESS_CREDIT_CARD,2021-10-29,144194.790000,3446.280000,True,CONTROLLED_SYNTHETIC
H0002839,SME002698,BUSINESS_CREDIT_CARD,2025-10-23,420729.560000,2681.010000,True,CONTROLLED_SYNTHETIC
H0002840,SME002700,BUSINESS_CREDIT_CARD,2020-07-03,1696633.430000,40404.590000,True,CONTROLLED_SYNTHETIC
H0002841,SME002701,BUSINESS_CREDIT_CARD,2026-03-03,832449.140000,11274.630000,True,CONTROLLED_SYNTHETIC
H0002842,SME002715,BUSINESS_CREDIT_CARD,2020-10-15,1114953.600000,12806.670000,True,CONTROLLED_SYNTHETIC
H0002843,SME002718,BUSINESS_CREDIT_CARD,2021-10-29,431906.250000,7364.650000,True,CONTROLLED_SYNTHETIC
H0002844,SME002719,BUSINESS_CREDIT_CARD,2022-06-16,1055695.350000,29277.910000,True,CONTROLLED_SYNTHETIC
H0002845,SME002722,BUSINESS_CREDIT_CARD,2023-01-05,298046.750000,12889.980000,True,CONTROLLED_SYNTHETIC
H0002846,SME002729,BUSINESS_CREDIT_CARD,2021-11-17,41589.300000,400.230000,True,CONTROLLED_SYNTHETIC
H0002847,SME002731,BUSINESS_CREDIT_CARD,2022-10-01,1026609.180000,41827.400000,True,CONTROLLED_SYNTHETIC
H0002848,SME002734,BUSINESS_CREDIT_CARD,2021-10-24,243954.530000,10398.980000,True,CONTROLLED_SYNTHETIC
H0002849,SME002744,BUSINESS_CREDIT_CARD,2026-03-20,588827.330000,15087.330000,True,CONTROLLED_SYNTHETIC
H0002850,SME002751,BUSINESS_CREDIT_CARD,2025-12-14,394128.500000,3470.130000,True,CONTROLLED_SYNTHETIC
H0002851,SME002752,BUSINESS_CREDIT_CARD,2020-04-27,663017.030000,6713.420000,True,CONTROLLED_SYNTHETIC
H0002852,SME002754,BUSINESS_CREDIT_CARD,2025-08-30,145984.370000,928.570000,True,CONTROLLED_SYNTHETIC
H0002853,SME002756,BUSINESS_CREDIT_CARD,2021-08-08,1150283.500000,24718.560000,True,CONTROLLED_SYNTHETIC
H0002854,SME002758,BUSINESS_CREDIT_CARD,2021-01-26,1636395.990000,49624.890000,True,CONTROLLED_SYNTHETIC
H0002855,SME002763,BUSINESS_CREDIT_CARD,2026-05-07,121554.470000,4005.490000,True,CONTROLLED_SYNTHETIC
H0002856,SME002766,BUSINESS_CREDIT_CARD,2023-06-17,246196.050000,3196.430000,True,CONTROLLED_SYNTHETIC
H0002857,SME002769,BUSINESS_CREDIT_CARD,2026-02-01,687218.920000,34998.830000,True,CONTROLLED_SYNTHETIC
H0002858,SME002775,BUSINESS_CREDIT_CARD,2022-10-28,307236.830000,1371.540000,True,CONTROLLED_SYNTHETIC
H0002859,SME002776,BUSINESS_CREDIT_CARD,2026-03-14,175972.750000,8511.750000,True,CONTROLLED_SYNTHETIC
H0002860,SME002777,BUSINESS_CREDIT_CARD,2025-03-09,330412.170000,13627.720000,True,CONTROLLED_SYNTHETIC
H0002861,SME002780,BUSINESS_CREDIT_CARD,2022-10-02,381797.590000,16469.350000,True,CONTROLLED_SYNTHETIC
H0002862,SME002784,BUSINESS_CREDIT_CARD,2021-05-04,103600.490000,731.260000,True,CONTROLLED_SYNTHETIC
H0002863,SME002785,BUSINESS_CREDIT_CARD,2021-05-12,215676.700000,5826.670000,True,CONTROLLED_SYNTHETIC
H0002864,SME002786,BUSINESS_CREDIT_CARD,2023-07-29,144560.910000,5483.130000,True,CONTROLLED_SYNTHETIC
H0002865,SME002787,BUSINESS_CREDIT_CARD,2023-05-19,1540480.280000,41478.530000,True,CONTROLLED_SYNTHETIC
H0002866,SME002788,BUSINESS_CREDIT_CARD,2024-08-05,250340.260000,7816.390000,True,CONTROLLED_SYNTHETIC
H0002867,SME002791,BUSINESS_CREDIT_CARD,2022-02-07,46847.000000,1173.230000,True,CONTROLLED_SYNTHETIC
H0002868,SME002793,BUSINESS_CREDIT_CARD,2021-09-03,223194.920000,11433.290000,True,CONTROLLED_SYNTHETIC
H0002869,SME002794,BUSINESS_CREDIT_CARD,2020-10-25,138304.980000,3087.480000,True,CONTROLLED_SYNTHETIC
H0002870,SME002795,BUSINESS_CREDIT_CARD,2022-01-29,2135580.900000,88395.880000,True,CONTROLLED_SYNTHETIC
H0002871,SME002799,BUSINESS_CREDIT_CARD,2024-07-19,230028.370000,1238.420000,True,CONTROLLED_SYNTHETIC
H0002872,SME002801,BUSINESS_CREDIT_CARD,2020-11-17,3758804.290000,37174.730000,True,CONTROLLED_SYNTHETIC
H0002873,SME002802,BUSINESS_CREDIT_CARD,2024-02-10,585714.320000,26679.750000,True,CONTROLLED_SYNTHETIC
H0002874,SME002809,BUSINESS_CREDIT_CARD,2021-06-01,452436.480000,17879.000000,True,CONTROLLED_SYNTHETIC
H0002875,SME002810,BUSINESS_CREDIT_CARD,2022-10-29,4410189.290000,160674.570000,True,CONTROLLED_SYNTHETIC
H0002876,SME002812,BUSINESS_CREDIT_CARD,2023-09-12,127425.770000,2039.740000,True,CONTROLLED_SYNTHETIC
H0002877,SME002815,BUSINESS_CREDIT_CARD,2021-02-17,233674.440000,9316.590000,True,CONTROLLED_SYNTHETIC
H0002878,SME002816,BUSINESS_CREDIT_CARD,2023-11-30,1951942.270000,84099.020000,True,CONTROLLED_SYNTHETIC
H0002879,SME002817,BUSINESS_CREDIT_CARD,2022-01-28,193318.860000,4237.890000,True,CONTROLLED_SYNTHETIC
H0002880,SME002818,BUSINESS_CREDIT_CARD,2025-09-16,215360.580000,10554.810000,True,CONTROLLED_SYNTHETIC
H0002881,SME002824,BUSINESS_CREDIT_CARD,2020-07-31,337331.810000,6302.180000,True,CONTROLLED_SYNTHETIC
H0002882,SME002828,BUSINESS_CREDIT_CARD,2024-03-27,796769.820000,16251.530000,True,CONTROLLED_SYNTHETIC
H0002883,SME002830,BUSINESS_CREDIT_CARD,2025-01-21,184442.420000,1539.310000,True,CONTROLLED_SYNTHETIC
H0002884,SME002833,BUSINESS_CREDIT_CARD,2024-03-29,224585.540000,5141.310000,True,CONTROLLED_SYNTHETIC
H0002885,SME002836,BUSINESS_CREDIT_CARD,2025-06-13,1664384.170000,70751.290000,True,CONTROLLED_SYNTHETIC
H0002886,SME002837,BUSINESS_CREDIT_CARD,2022-07-11,263251.930000,6971.900000,True,CONTROLLED_SYNTHETIC
H0002887,SME002838,BUSINESS_CREDIT_CARD,2021-10-11,1471526.440000,71404.540000,True,CONTROLLED_SYNTHETIC
H0002888,SME002844,BUSINESS_CREDIT_CARD,2026-01-16,675351.830000,6587.030000,True,CONTROLLED_SYNTHETIC
H0002889,SME002845,BUSINESS_CREDIT_CARD,2022-03-08,446477.800000,18809.870000,True,CONTROLLED_SYNTHETIC
H0002890,SME002849,BUSINESS_CREDIT_CARD,2022-12-14,100439.630000,4133.330000,True,CONTROLLED_SYNTHETIC
H0002891,SME002854,BUSINESS_CREDIT_CARD,2020-05-10,94585.380000,1152.850000,True,CONTROLLED_SYNTHETIC
H0002892,SME002855,BUSINESS_CREDIT_CARD,2020-10-26,128435.130000,5662.970000,True,CONTROLLED_SYNTHETIC
H0002893,SME002856,BUSINESS_CREDIT_CARD,2022-02-15,1317559.090000,16081.390000,True,CONTROLLED_SYNTHETIC
H0002894,SME002857,BUSINESS_CREDIT_CARD,2021-07-21,82033.050000,2899.000000,True,CONTROLLED_SYNTHETIC
H0002895,SME002861,BUSINESS_CREDIT_CARD,2026-02-15,153874.300000,1465.750000,True,CONTROLLED_SYNTHETIC
H0002896,SME002865,BUSINESS_CREDIT_CARD,2023-10-19,1007193.340000,22139.420000,True,CONTROLLED_SYNTHETIC
H0002897,SME002867,BUSINESS_CREDIT_CARD,2021-02-10,3018567.580000,82592.560000,True,CONTROLLED_SYNTHETIC
H0002898,SME002868,BUSINESS_CREDIT_CARD,2025-04-06,120558.580000,2792.590000,True,CONTROLLED_SYNTHETIC
H0002899,SME002869,BUSINESS_CREDIT_CARD,2021-08-27,100492.080000,3845.970000,True,CONTROLLED_SYNTHETIC
H0002900,SME002872,BUSINESS_CREDIT_CARD,2021-07-28,202047.970000,5535.400000,True,CONTROLLED_SYNTHETIC
H0002901,SME002876,BUSINESS_CREDIT_CARD,2023-09-16,3064773.530000,23658.540000,True,CONTROLLED_SYNTHETIC
H0002902,SME002878,BUSINESS_CREDIT_CARD,2022-07-04,4423524.180000,233697.650000,True,CONTROLLED_SYNTHETIC
H0002903,SME002879,BUSINESS_CREDIT_CARD,2020-06-13,102105.610000,1938.210000,True,CONTROLLED_SYNTHETIC
H0002904,SME002880,BUSINESS_CREDIT_CARD,2023-07-22,166740.430000,1077.060000,True,CONTROLLED_SYNTHETIC
H0002905,SME002882,BUSINESS_CREDIT_CARD,2024-11-26,434588.800000,11813.740000,True,CONTROLLED_SYNTHETIC
H0002906,SME002883,BUSINESS_CREDIT_CARD,2025-01-16,112737.110000,4750.410000,True,CONTROLLED_SYNTHETIC
H0002907,SME002890,BUSINESS_CREDIT_CARD,2026-03-31,2120912.080000,79605.860000,True,CONTROLLED_SYNTHETIC
H0002908,SME002891,BUSINESS_CREDIT_CARD,2026-05-04,566420.220000,4366.450000,True,CONTROLLED_SYNTHETIC
H0002909,SME002895,BUSINESS_CREDIT_CARD,2023-11-10,231876.060000,9662.490000,True,CONTROLLED_SYNTHETIC
H0002910,SME002896,BUSINESS_CREDIT_CARD,2022-04-15,782056.590000,4188.490000,True,CONTROLLED_SYNTHETIC
H0002911,SME002897,BUSINESS_CREDIT_CARD,2021-11-25,1673647.680000,72525.960000,True,CONTROLLED_SYNTHETIC
H0002912,SME002899,BUSINESS_CREDIT_CARD,2025-05-22,476867.440000,6998.160000,True,CONTROLLED_SYNTHETIC
H0002913,SME002901,BUSINESS_CREDIT_CARD,2022-08-03,134087.230000,4568.360000,True,CONTROLLED_SYNTHETIC
H0002914,SME002904,BUSINESS_CREDIT_CARD,2025-02-12,405419.070000,8719.820000,True,CONTROLLED_SYNTHETIC
H0002915,SME002906,BUSINESS_CREDIT_CARD,2021-11-12,62104.820000,534.980000,True,CONTROLLED_SYNTHETIC
H0002916,SME002915,BUSINESS_CREDIT_CARD,2021-11-09,26300.250000,1018.630000,True,CONTROLLED_SYNTHETIC
H0002917,SME002916,BUSINESS_CREDIT_CARD,2020-10-28,1359789.780000,20416.880000,True,CONTROLLED_SYNTHETIC
H0002918,SME002918,BUSINESS_CREDIT_CARD,2023-01-07,64265.810000,1778.290000,True,CONTROLLED_SYNTHETIC
H0002919,SME002919,BUSINESS_CREDIT_CARD,2020-10-18,1554964.200000,12764.130000,True,CONTROLLED_SYNTHETIC
H0002920,SME002921,BUSINESS_CREDIT_CARD,2025-02-12,5070760.310000,48646.900000,True,CONTROLLED_SYNTHETIC
H0002921,SME002924,BUSINESS_CREDIT_CARD,2022-07-09,2134806.930000,35242.380000,True,CONTROLLED_SYNTHETIC
H0002922,SME002929,BUSINESS_CREDIT_CARD,2020-05-06,70025.250000,1692.450000,True,CONTROLLED_SYNTHETIC
H0002923,SME002931,BUSINESS_CREDIT_CARD,2022-08-25,163720.570000,7292.130000,True,CONTROLLED_SYNTHETIC
H0002924,SME002935,BUSINESS_CREDIT_CARD,2025-08-25,523855.890000,20183.490000,True,CONTROLLED_SYNTHETIC
H0002925,SME002939,BUSINESS_CREDIT_CARD,2024-05-31,375114.650000,18931.350000,True,CONTROLLED_SYNTHETIC
H0002926,SME002940,BUSINESS_CREDIT_CARD,2022-09-04,2004861.910000,43357.530000,True,CONTROLLED_SYNTHETIC
H0002927,SME002943,BUSINESS_CREDIT_CARD,2020-01-26,109785.080000,3672.630000,True,CONTROLLED_SYNTHETIC
H0002928,SME002949,BUSINESS_CREDIT_CARD,2022-07-19,789664.420000,40860.700000,True,CONTROLLED_SYNTHETIC
H0002929,SME002951,BUSINESS_CREDIT_CARD,2020-03-06,86721.780000,4132.790000,True,CONTROLLED_SYNTHETIC
H0002930,SME002955,BUSINESS_CREDIT_CARD,2020-05-01,268095.310000,12360.190000,True,CONTROLLED_SYNTHETIC
H0002931,SME002957,BUSINESS_CREDIT_CARD,2020-12-03,139647.780000,1253.240000,True,CONTROLLED_SYNTHETIC
H0002932,SME002958,BUSINESS_CREDIT_CARD,2020-04-04,80676.010000,1977.670000,True,CONTROLLED_SYNTHETIC
H0002933,SME002962,BUSINESS_CREDIT_CARD,2021-09-24,793139.770000,9873.150000,True,CONTROLLED_SYNTHETIC
H0002934,SME002969,BUSINESS_CREDIT_CARD,2020-07-31,507703.770000,11997.850000,True,CONTROLLED_SYNTHETIC
H0002935,SME002971,BUSINESS_CREDIT_CARD,2025-12-05,29952.110000,1523.960000,True,CONTROLLED_SYNTHETIC
H0002936,SME002982,BUSINESS_CREDIT_CARD,2026-04-23,412813.010000,16575.960000,True,CONTROLLED_SYNTHETIC
H0002937,SME002985,BUSINESS_CREDIT_CARD,2024-04-11,185667.140000,9082.410000,True,CONTROLLED_SYNTHETIC
H0002938,SME002987,BUSINESS_CREDIT_CARD,2024-03-30,821613.720000,12976.870000,True,CONTROLLED_SYNTHETIC
H0002939,SME002989,BUSINESS_CREDIT_CARD,2020-03-25,1284354.260000,22400.370000,True,CONTROLLED_SYNTHETIC
H0002940,SME002991,BUSINESS_CREDIT_CARD,2020-12-19,93516.410000,2843.350000,True,CONTROLLED_SYNTHETIC
H0002941,SME002998,BUSINESS_CREDIT_CARD,2025-07-12,725299.400000,33766.420000,True,CONTROLLED_SYNTHETIC
H0002942,SME002999,BUSINESS_CREDIT_CARD,2020-02-17,1013514.790000,19931.490000,True,CONTROLLED_SYNTHETIC
H0002943,SME003005,BUSINESS_CREDIT_CARD,2026-04-22,277081.510000,8957.070000,True,CONTROLLED_SYNTHETIC
H0002944,SME003007,BUSINESS_CREDIT_CARD,2022-02-25,952717.310000,48438.810000,True,CONTROLLED_SYNTHETIC
H0002945,SME003008,BUSINESS_CREDIT_CARD,2023-07-31,1049909.730000,31671.650000,True,CONTROLLED_SYNTHETIC
H0002946,SME003009,BUSINESS_CREDIT_CARD,2023-04-08,1187010.450000,51679.760000,True,CONTROLLED_SYNTHETIC
H0002947,SME003012,BUSINESS_CREDIT_CARD,2025-06-19,514856.380000,10336.330000,True,CONTROLLED_SYNTHETIC
H0002948,SME003019,BUSINESS_CREDIT_CARD,2025-06-23,161530.290000,8570.830000,True,CONTROLLED_SYNTHETIC
H0002949,SME003022,BUSINESS_CREDIT_CARD,2023-10-19,459125.220000,10255.550000,True,CONTROLLED_SYNTHETIC
H0002950,SME003024,BUSINESS_CREDIT_CARD,2020-11-24,9403560.960000,150855.390000,True,CONTROLLED_SYNTHETIC
H0002951,SME003026,BUSINESS_CREDIT_CARD,2021-10-31,388366.040000,13615.770000,True,CONTROLLED_SYNTHETIC
H0002952,SME003029,BUSINESS_CREDIT_CARD,2024-09-12,463957.780000,21240.440000,True,CONTROLLED_SYNTHETIC
H0002953,SME003033,BUSINESS_CREDIT_CARD,2021-08-25,340545.710000,16183.270000,True,CONTROLLED_SYNTHETIC
H0002954,SME003035,BUSINESS_CREDIT_CARD,2021-01-19,68205.660000,694.980000,True,CONTROLLED_SYNTHETIC
H0002955,SME003036,BUSINESS_CREDIT_CARD,2020-05-21,643632.900000,2908.350000,True,CONTROLLED_SYNTHETIC
H0002956,SME003038,BUSINESS_CREDIT_CARD,2024-04-07,47102.220000,1680.180000,True,CONTROLLED_SYNTHETIC
H0002957,SME003040,BUSINESS_CREDIT_CARD,2020-05-15,1032036.260000,45085.900000,True,CONTROLLED_SYNTHETIC
H0002958,SME003044,BUSINESS_CREDIT_CARD,2026-04-02,882057.640000,35279.980000,True,CONTROLLED_SYNTHETIC
H0002959,SME003045,BUSINESS_CREDIT_CARD,2025-05-22,287761.630000,3087.250000,True,CONTROLLED_SYNTHETIC
H0002960,SME003048,BUSINESS_CREDIT_CARD,2023-05-11,711569.380000,31198.950000,True,CONTROLLED_SYNTHETIC
H0002961,SME003050,BUSINESS_CREDIT_CARD,2024-01-20,47045.970000,1621.390000,True,CONTROLLED_SYNTHETIC
H0002962,SME003051,BUSINESS_CREDIT_CARD,2023-11-07,68820.010000,2173.430000,True,CONTROLLED_SYNTHETIC
H0002963,SME003055,BUSINESS_CREDIT_CARD,2020-09-24,248930.380000,8481.950000,True,CONTROLLED_SYNTHETIC
H0002964,SME003056,BUSINESS_CREDIT_CARD,2023-07-23,3681699.810000,32045.390000,True,CONTROLLED_SYNTHETIC
H0002965,SME003058,BUSINESS_CREDIT_CARD,2020-08-20,407527.910000,15869.820000,True,CONTROLLED_SYNTHETIC
H0002966,SME003067,BUSINESS_CREDIT_CARD,2024-09-20,523509.030000,4624.600000,True,CONTROLLED_SYNTHETIC
H0002967,SME003071,BUSINESS_CREDIT_CARD,2020-02-06,1156608.270000,26457.350000,True,CONTROLLED_SYNTHETIC
H0002968,SME003077,BUSINESS_CREDIT_CARD,2025-10-02,56447.700000,1097.670000,True,CONTROLLED_SYNTHETIC
H0002969,SME003079,BUSINESS_CREDIT_CARD,2023-11-01,285046.710000,2828.980000,True,CONTROLLED_SYNTHETIC
H0002970,SME003084,BUSINESS_CREDIT_CARD,2023-08-28,313361.590000,10611.700000,True,CONTROLLED_SYNTHETIC
H0002971,SME003085,BUSINESS_CREDIT_CARD,2020-03-06,363732.340000,9559.340000,True,CONTROLLED_SYNTHETIC
H0002972,SME003087,BUSINESS_CREDIT_CARD,2021-04-27,30361.870000,549.880000,True,CONTROLLED_SYNTHETIC
H0002973,SME003088,BUSINESS_CREDIT_CARD,2022-05-27,1433333.820000,42757.130000,True,CONTROLLED_SYNTHETIC
H0002974,SME003094,BUSINESS_CREDIT_CARD,2022-08-18,978220.210000,19999.400000,True,CONTROLLED_SYNTHETIC
H0002975,SME003097,BUSINESS_CREDIT_CARD,2022-01-05,2320719.410000,9940.460000,True,CONTROLLED_SYNTHETIC
H0002976,SME003101,BUSINESS_CREDIT_CARD,2024-09-17,1197720.540000,44727.080000,True,CONTROLLED_SYNTHETIC
H0002977,SME003102,BUSINESS_CREDIT_CARD,2021-05-29,10085894.570000,84187.930000,True,CONTROLLED_SYNTHETIC
H0002978,SME003103,BUSINESS_CREDIT_CARD,2024-07-14,919474.010000,46608.690000,True,CONTROLLED_SYNTHETIC
H0002979,SME003105,BUSINESS_CREDIT_CARD,2023-06-17,287408.150000,1383.640000,True,CONTROLLED_SYNTHETIC
H0002980,SME003106,BUSINESS_CREDIT_CARD,2020-07-06,484297.280000,25891.760000,True,CONTROLLED_SYNTHETIC
H0002981,SME003107,BUSINESS_CREDIT_CARD,2022-11-27,236735.220000,4427.210000,True,CONTROLLED_SYNTHETIC
H0002982,SME003108,BUSINESS_CREDIT_CARD,2023-05-30,1221119.730000,15380.960000,True,CONTROLLED_SYNTHETIC
H0002983,SME003113,BUSINESS_CREDIT_CARD,2023-08-11,210444.620000,2507.180000,True,CONTROLLED_SYNTHETIC
H0002984,SME003114,BUSINESS_CREDIT_CARD,2020-11-19,1685606.450000,16657.920000,True,CONTROLLED_SYNTHETIC
H0002985,SME003115,BUSINESS_CREDIT_CARD,2021-02-05,269476.540000,4497.000000,True,CONTROLLED_SYNTHETIC
H0002986,SME003119,BUSINESS_CREDIT_CARD,2025-02-14,75143.560000,2786.960000,True,CONTROLLED_SYNTHETIC
H0002987,SME003120,BUSINESS_CREDIT_CARD,2021-08-15,537170.490000,14579.170000,True,CONTROLLED_SYNTHETIC
H0002988,SME003127,BUSINESS_CREDIT_CARD,2025-02-06,123496.440000,1195.280000,True,CONTROLLED_SYNTHETIC
H0002989,SME003128,BUSINESS_CREDIT_CARD,2023-03-08,57732.070000,1777.700000,True,CONTROLLED_SYNTHETIC
H0002990,SME003129,BUSINESS_CREDIT_CARD,2025-09-08,3025217.180000,120838.030000,True,CONTROLLED_SYNTHETIC
H0002991,SME003130,BUSINESS_CREDIT_CARD,2021-08-25,490113.200000,16473.320000,True,CONTROLLED_SYNTHETIC
H0002992,SME003133,BUSINESS_CREDIT_CARD,2022-09-20,122890.320000,3937.190000,True,CONTROLLED_SYNTHETIC
H0002993,SME003135,BUSINESS_CREDIT_CARD,2024-06-19,221057.590000,1518.570000,True,CONTROLLED_SYNTHETIC
H0002994,SME003137,BUSINESS_CREDIT_CARD,2025-04-09,239035.500000,1577.650000,True,CONTROLLED_SYNTHETIC
H0002995,SME003139,BUSINESS_CREDIT_CARD,2024-12-21,122587.560000,2567.840000,True,CONTROLLED_SYNTHETIC
H0002996,SME003140,BUSINESS_CREDIT_CARD,2021-01-17,665542.350000,27949.530000,True,CONTROLLED_SYNTHETIC
H0002997,SME003146,BUSINESS_CREDIT_CARD,2024-03-31,1778592.760000,61884.900000,True,CONTROLLED_SYNTHETIC
H0002998,SME003155,BUSINESS_CREDIT_CARD,2022-07-31,234907.730000,1533.500000,True,CONTROLLED_SYNTHETIC
H0002999,SME003156,BUSINESS_CREDIT_CARD,2020-04-22,247621.140000,4548.900000,True,CONTROLLED_SYNTHETIC
H0003000,SME003158,BUSINESS_CREDIT_CARD,2023-03-11,465536.280000,20216.140000,True,CONTROLLED_SYNTHETIC
H0003001,SME003159,BUSINESS_CREDIT_CARD,2024-01-16,263500.040000,10560.930000,True,CONTROLLED_SYNTHETIC
H0003002,SME003163,BUSINESS_CREDIT_CARD,2022-02-16,51023.350000,1510.210000,True,CONTROLLED_SYNTHETIC
H0003003,SME003164,BUSINESS_CREDIT_CARD,2023-01-14,996758.950000,11930.730000,True,CONTROLLED_SYNTHETIC
H0003004,SME003166,BUSINESS_CREDIT_CARD,2021-02-24,352383.600000,3199.430000,True,CONTROLLED_SYNTHETIC
H0003005,SME003168,BUSINESS_CREDIT_CARD,2023-05-30,898743.550000,24442.350000,True,CONTROLLED_SYNTHETIC
H0003006,SME003171,BUSINESS_CREDIT_CARD,2022-01-24,61497.710000,575.800000,True,CONTROLLED_SYNTHETIC
H0003007,SME003172,BUSINESS_CREDIT_CARD,2021-11-02,592604.760000,2499.700000,True,CONTROLLED_SYNTHETIC
H0003008,SME003176,BUSINESS_CREDIT_CARD,2025-08-05,290197.850000,3612.350000,True,CONTROLLED_SYNTHETIC
H0003009,SME003177,BUSINESS_CREDIT_CARD,2020-12-30,183760.830000,754.360000,True,CONTROLLED_SYNTHETIC
H0003010,SME003178,BUSINESS_CREDIT_CARD,2023-09-18,1283282.310000,48453.270000,True,CONTROLLED_SYNTHETIC
H0003011,SME003183,BUSINESS_CREDIT_CARD,2021-09-17,6181017.040000,211776.850000,True,CONTROLLED_SYNTHETIC
H0003012,SME003184,BUSINESS_CREDIT_CARD,2020-05-27,250431.590000,10312.590000,True,CONTROLLED_SYNTHETIC
H0003013,SME003191,BUSINESS_CREDIT_CARD,2023-12-28,1443884.840000,12344.230000,True,CONTROLLED_SYNTHETIC
H0003014,SME003192,BUSINESS_CREDIT_CARD,2020-03-31,488906.770000,9464.880000,True,CONTROLLED_SYNTHETIC
H0003015,SME003194,BUSINESS_CREDIT_CARD,2023-10-01,786620.210000,40193.210000,True,CONTROLLED_SYNTHETIC
H0003016,SME003196,BUSINESS_CREDIT_CARD,2022-07-26,233226.290000,8381.880000,True,CONTROLLED_SYNTHETIC
H0003017,SME003197,BUSINESS_CREDIT_CARD,2022-07-21,161192.710000,4819.970000,True,CONTROLLED_SYNTHETIC
H0003018,SME003198,BUSINESS_CREDIT_CARD,2025-12-18,2371433.780000,68114.020000,True,CONTROLLED_SYNTHETIC
H0003019,SME000004,PAYROLL_SERVICES,2024-05-02,15779217.280000,289337.630000,True,CONTROLLED_SYNTHETIC
H0003020,SME000005,PAYROLL_SERVICES,2024-03-19,2960857.080000,135258.380000,True,CONTROLLED_SYNTHETIC
H0003021,SME000006,PAYROLL_SERVICES,2025-08-03,17068700.120000,801657.020000,True,CONTROLLED_SYNTHETIC
H0003022,SME000007,PAYROLL_SERVICES,2022-01-11,77753229.760000,877618.310000,True,CONTROLLED_SYNTHETIC
H0003023,SME000016,PAYROLL_SERVICES,2025-10-12,2697939.360000,122070.660000,True,CONTROLLED_SYNTHETIC
H0003024,SME000020,PAYROLL_SERVICES,2023-10-03,4243758.680000,102016.990000,True,CONTROLLED_SYNTHETIC
H0003025,SME000029,PAYROLL_SERVICES,2023-02-21,134398923.120000,7290127.140000,True,CONTROLLED_SYNTHETIC
H0003026,SME000034,PAYROLL_SERVICES,2021-12-10,2460768.320000,57216.120000,True,CONTROLLED_SYNTHETIC
H0003027,SME000036,PAYROLL_SERVICES,2026-01-18,3835136.880000,30187.320000,True,CONTROLLED_SYNTHETIC
H0003028,SME000038,PAYROLL_SERVICES,2021-10-26,18770868.840000,139253.250000,True,CONTROLLED_SYNTHETIC
H0003029,SME000042,PAYROLL_SERVICES,2020-10-27,20009314.480000,982932.880000,True,CONTROLLED_SYNTHETIC
H0003030,SME000046,PAYROLL_SERVICES,2025-11-12,60433369.480000,1080384.900000,True,CONTROLLED_SYNTHETIC
H0003031,SME000051,PAYROLL_SERVICES,2023-08-26,3516147.480000,131580.640000,True,CONTROLLED_SYNTHETIC
H0003032,SME000052,PAYROLL_SERVICES,2021-09-12,785989.200000,39361.870000,True,CONTROLLED_SYNTHETIC
H0003033,SME000057,PAYROLL_SERVICES,2025-08-21,2241208.960000,19900.830000,True,CONTROLLED_SYNTHETIC
H0003034,SME000058,PAYROLL_SERVICES,2022-06-09,69936849.200000,2827618.820000,True,CONTROLLED_SYNTHETIC
H0003035,SME000063,PAYROLL_SERVICES,2022-12-30,65333931.600000,2077436.200000,True,CONTROLLED_SYNTHETIC
H0003036,SME000064,PAYROLL_SERVICES,2022-09-17,2935663.880000,141158.430000,True,CONTROLLED_SYNTHETIC
H0003037,SME000065,PAYROLL_SERVICES,2021-02-10,83814085.280000,1628916.030000,True,CONTROLLED_SYNTHETIC
H0003038,SME000067,PAYROLL_SERVICES,2025-06-30,13719116.040000,336412.190000,True,CONTROLLED_SYNTHETIC
H0003039,SME000074,PAYROLL_SERVICES,2023-08-28,101415631.720000,3815246.260000,True,CONTROLLED_SYNTHETIC
H0003040,SME000077,PAYROLL_SERVICES,2025-02-21,11929818.200000,293137.230000,True,CONTROLLED_SYNTHETIC
H0003041,SME000080,PAYROLL_SERVICES,2024-01-29,19364575.440000,922191.040000,True,CONTROLLED_SYNTHETIC
H0003042,SME000085,PAYROLL_SERVICES,2022-08-04,55994767.280000,869401.530000,True,CONTROLLED_SYNTHETIC
H0003043,SME000087,PAYROLL_SERVICES,2022-08-16,11452385.880000,401920.690000,True,CONTROLLED_SYNTHETIC
H0003044,SME000089,PAYROLL_SERVICES,2021-08-13,11890076.560000,466222.570000,True,CONTROLLED_SYNTHETIC
H0003045,SME000090,PAYROLL_SERVICES,2023-08-07,16590687.640000,402707.460000,True,CONTROLLED_SYNTHETIC
H0003046,SME000094,PAYROLL_SERVICES,2020-05-03,69415543.080000,2695417.790000,True,CONTROLLED_SYNTHETIC
H0003047,SME000095,PAYROLL_SERVICES,2025-02-06,3877444.480000,161731.500000,True,CONTROLLED_SYNTHETIC
H0003048,SME000102,PAYROLL_SERVICES,2022-03-18,18409900.960000,655970.010000,True,CONTROLLED_SYNTHETIC
H0003049,SME000105,PAYROLL_SERVICES,2022-06-11,102249516.160000,5467419.230000,True,CONTROLLED_SYNTHETIC
H0003050,SME000113,PAYROLL_SERVICES,2024-07-08,81501687.320000,4435133.340000,True,CONTROLLED_SYNTHETIC
H0003051,SME000126,PAYROLL_SERVICES,2023-07-29,98679935.920000,4288451.920000,True,CONTROLLED_SYNTHETIC
H0003052,SME000132,PAYROLL_SERVICES,2021-11-16,26266997.960000,796937.730000,True,CONTROLLED_SYNTHETIC
H0003053,SME000133,PAYROLL_SERVICES,2021-06-03,2123729.560000,38719.470000,True,CONTROLLED_SYNTHETIC
H0003054,SME000135,PAYROLL_SERVICES,2024-04-27,11302176.040000,102573.430000,True,CONTROLLED_SYNTHETIC
H0003055,SME000142,PAYROLL_SERVICES,2022-10-10,2047883.560000,21665.960000,True,CONTROLLED_SYNTHETIC
H0003056,SME000144,PAYROLL_SERVICES,2023-05-21,17066129.320000,623385.540000,True,CONTROLLED_SYNTHETIC
H0003057,SME000145,PAYROLL_SERVICES,2020-04-29,76661078.760000,1817475.480000,True,CONTROLLED_SYNTHETIC
H0003058,SME000150,PAYROLL_SERVICES,2022-06-08,7962548.040000,111572.610000,True,CONTROLLED_SYNTHETIC
H0003059,SME000152,PAYROLL_SERVICES,2023-07-24,2624430.560000,52872.170000,True,CONTROLLED_SYNTHETIC
H0003060,SME000154,PAYROLL_SERVICES,2021-09-26,1798386.680000,44516.220000,True,CONTROLLED_SYNTHETIC
H0003061,SME000156,PAYROLL_SERVICES,2024-10-21,16641548.400000,90844.920000,True,CONTROLLED_SYNTHETIC
H0003062,SME000157,PAYROLL_SERVICES,2021-10-01,8471104.800000,437795.160000,True,CONTROLLED_SYNTHETIC
H0003063,SME000158,PAYROLL_SERVICES,2025-04-22,6379766.080000,132902.540000,True,CONTROLLED_SYNTHETIC
H0003064,SME000160,PAYROLL_SERVICES,2023-03-15,3317730.080000,149603.840000,True,CONTROLLED_SYNTHETIC
H0003065,SME000161,PAYROLL_SERVICES,2020-01-26,3479604.000000,29154.470000,True,CONTROLLED_SYNTHETIC
H0003066,SME000162,PAYROLL_SERVICES,2020-06-23,70512111.080000,3719531.310000,True,CONTROLLED_SYNTHETIC
H0003067,SME000164,PAYROLL_SERVICES,2022-02-16,12802908.880000,335561.540000,True,CONTROLLED_SYNTHETIC
H0003068,SME000167,PAYROLL_SERVICES,2025-05-21,3797763.720000,88821.210000,True,CONTROLLED_SYNTHETIC
H0003069,SME000171,PAYROLL_SERVICES,2023-03-13,2414607.600000,29977.950000,True,CONTROLLED_SYNTHETIC
H0003070,SME000172,PAYROLL_SERVICES,2024-10-06,953087.160000,40765.030000,True,CONTROLLED_SYNTHETIC
H0003071,SME000176,PAYROLL_SERVICES,2025-12-31,3162822.880000,13728.380000,True,CONTROLLED_SYNTHETIC
H0003072,SME000177,PAYROLL_SERVICES,2024-07-13,3971532.840000,139921.510000,True,CONTROLLED_SYNTHETIC
H0003073,SME000179,PAYROLL_SERVICES,2020-11-15,6741297.800000,113646.250000,True,CONTROLLED_SYNTHETIC
H0003074,SME000184,PAYROLL_SERVICES,2024-02-22,11197628.040000,288785.160000,True,CONTROLLED_SYNTHETIC
H0003075,SME000190,PAYROLL_SERVICES,2022-04-17,3264553.520000,72423.810000,True,CONTROLLED_SYNTHETIC
H0003076,SME000192,PAYROLL_SERVICES,2020-09-27,2450326.080000,106801.960000,True,CONTROLLED_SYNTHETIC
H0003077,SME000194,PAYROLL_SERVICES,2022-10-16,3581791.920000,41863.090000,True,CONTROLLED_SYNTHETIC
H0003078,SME000202,PAYROLL_SERVICES,2025-08-18,17840082.080000,274023.090000,True,CONTROLLED_SYNTHETIC
H0003079,SME000204,PAYROLL_SERVICES,2021-08-24,18453780.040000,1011491.260000,True,CONTROLLED_SYNTHETIC
H0003080,SME000205,PAYROLL_SERVICES,2021-12-17,67481212.720000,732915.160000,True,CONTROLLED_SYNTHETIC
H0003081,SME000206,PAYROLL_SERVICES,2021-05-05,60412010.920000,2329364.460000,True,CONTROLLED_SYNTHETIC
H0003082,SME000207,PAYROLL_SERVICES,2025-10-27,12015569.720000,421427.130000,True,CONTROLLED_SYNTHETIC
H0003083,SME000208,PAYROLL_SERVICES,2020-10-22,41071259.560000,605443.210000,True,CONTROLLED_SYNTHETIC
H0003084,SME000220,PAYROLL_SERVICES,2024-11-25,3560540.560000,51749.650000,True,CONTROLLED_SYNTHETIC
H0003085,SME000221,PAYROLL_SERVICES,2022-01-17,8138012.920000,121479.590000,True,CONTROLLED_SYNTHETIC
H0003086,SME000226,PAYROLL_SERVICES,2023-08-24,9773089.920000,181382.200000,True,CONTROLLED_SYNTHETIC
H0003087,SME000227,PAYROLL_SERVICES,2024-12-16,3454371.760000,130706.170000,True,CONTROLLED_SYNTHETIC
H0003088,SME000228,PAYROLL_SERVICES,2022-07-11,3066555.720000,16263.320000,True,CONTROLLED_SYNTHETIC
H0003089,SME000231,PAYROLL_SERVICES,2021-05-01,36329126.600000,1402397.780000,True,CONTROLLED_SYNTHETIC
H0003090,SME000245,PAYROLL_SERVICES,2022-08-09,898205.200000,9269.350000,True,CONTROLLED_SYNTHETIC
H0003091,SME000252,PAYROLL_SERVICES,2025-05-05,1620312.920000,88442.500000,True,CONTROLLED_SYNTHETIC
H0003092,SME000254,PAYROLL_SERVICES,2020-08-02,75942256.680000,4089654.530000,True,CONTROLLED_SYNTHETIC
H0003093,SME000257,PAYROLL_SERVICES,2020-07-22,1254458.920000,64599.860000,True,CONTROLLED_SYNTHETIC
H0003094,SME000258,PAYROLL_SERVICES,2025-03-14,13420074.400000,717276.350000,True,CONTROLLED_SYNTHETIC
H0003095,SME000260,PAYROLL_SERVICES,2024-06-03,1230837.800000,23988.590000,True,CONTROLLED_SYNTHETIC
H0003096,SME000262,PAYROLL_SERVICES,2025-01-06,2758168.840000,60184.560000,True,CONTROLLED_SYNTHETIC
H0003097,SME000264,PAYROLL_SERVICES,2021-05-27,11653776.920000,392616.990000,True,CONTROLLED_SYNTHETIC
H0003098,SME000270,PAYROLL_SERVICES,2022-04-24,3242810.000000,39184.750000,True,CONTROLLED_SYNTHETIC
H0003099,SME000271,PAYROLL_SERVICES,2022-03-18,11999592.800000,171921.360000,True,CONTROLLED_SYNTHETIC
H0003100,SME000284,PAYROLL_SERVICES,2020-04-04,16754065.360000,762359.390000,True,CONTROLLED_SYNTHETIC
H0003101,SME000288,PAYROLL_SERVICES,2025-09-22,80945709.560000,1256365.790000,True,CONTROLLED_SYNTHETIC
H0003102,SME000297,PAYROLL_SERVICES,2022-05-05,3263414.640000,60091.770000,True,CONTROLLED_SYNTHETIC
H0003103,SME000299,PAYROLL_SERVICES,2023-05-25,2485774.160000,22393.040000,True,CONTROLLED_SYNTHETIC
H0003104,SME000300,PAYROLL_SERVICES,2024-04-25,2740783.120000,27023.640000,True,CONTROLLED_SYNTHETIC
H0003105,SME000308,PAYROLL_SERVICES,2023-04-14,18717824.560000,307206.160000,True,CONTROLLED_SYNTHETIC
H0003106,SME000309,PAYROLL_SERVICES,2026-02-16,18319733.840000,730504.080000,True,CONTROLLED_SYNTHETIC
H0003107,SME000317,PAYROLL_SERVICES,2023-06-26,1163326.280000,42274.560000,True,CONTROLLED_SYNTHETIC
H0003108,SME000319,PAYROLL_SERVICES,2021-10-07,3071409.240000,104852.090000,True,CONTROLLED_SYNTHETIC
H0003109,SME000330,PAYROLL_SERVICES,2023-07-27,48856549.400000,2073317.790000,True,CONTROLLED_SYNTHETIC
H0003110,SME000331,PAYROLL_SERVICES,2021-02-17,13826259.800000,173464.290000,True,CONTROLLED_SYNTHETIC
H0003111,SME000333,PAYROLL_SERVICES,2025-02-12,13148291.040000,674951.280000,True,CONTROLLED_SYNTHETIC
H0003112,SME000335,PAYROLL_SERVICES,2024-02-26,26886482.440000,1175867.510000,True,CONTROLLED_SYNTHETIC
H0003113,SME000343,PAYROLL_SERVICES,2020-04-02,2077373.520000,84634.480000,True,CONTROLLED_SYNTHETIC
H0003114,SME000345,PAYROLL_SERVICES,2023-04-14,3349926.040000,95767.240000,True,CONTROLLED_SYNTHETIC
H0003115,SME000346,PAYROLL_SERVICES,2021-02-11,12679054.800000,232979.280000,True,CONTROLLED_SYNTHETIC
H0003116,SME000347,PAYROLL_SERVICES,2026-05-12,3645018.720000,25522.180000,True,CONTROLLED_SYNTHETIC
H0003117,SME000356,PAYROLL_SERVICES,2024-01-29,5154673.880000,67239.890000,True,CONTROLLED_SYNTHETIC
H0003118,SME000357,PAYROLL_SERVICES,2023-07-19,4627158.280000,30341.640000,True,CONTROLLED_SYNTHETIC
H0003119,SME000362,PAYROLL_SERVICES,2021-11-11,2307554.520000,110659.670000,True,CONTROLLED_SYNTHETIC
H0003120,SME000364,PAYROLL_SERVICES,2024-10-08,14918303.000000,585024.960000,True,CONTROLLED_SYNTHETIC
H0003121,SME000365,PAYROLL_SERVICES,2022-03-30,1824942.520000,44838.110000,True,CONTROLLED_SYNTHETIC
H0003122,SME000371,PAYROLL_SERVICES,2020-07-15,1435788.240000,23970.550000,True,CONTROLLED_SYNTHETIC
H0003123,SME000373,PAYROLL_SERVICES,2021-11-03,8742903.760000,411791.770000,True,CONTROLLED_SYNTHETIC
H0003124,SME000374,PAYROLL_SERVICES,2022-04-15,19530450.160000,512720.690000,True,CONTROLLED_SYNTHETIC
H0003125,SME000378,PAYROLL_SERVICES,2022-11-26,60859338.280000,1188458.170000,True,CONTROLLED_SYNTHETIC
H0003126,SME000380,PAYROLL_SERVICES,2026-03-08,3843088.080000,108660.160000,True,CONTROLLED_SYNTHETIC
H0003127,SME000383,PAYROLL_SERVICES,2024-11-18,11995030.800000,524164.520000,True,CONTROLLED_SYNTHETIC
H0003128,SME000385,PAYROLL_SERVICES,2023-07-31,16363354.960000,113521.590000,True,CONTROLLED_SYNTHETIC
H0003129,SME000397,PAYROLL_SERVICES,2022-02-21,17424515.720000,227555.730000,True,CONTROLLED_SYNTHETIC
H0003130,SME000399,PAYROLL_SERVICES,2022-12-13,24601376.160000,924841.850000,True,CONTROLLED_SYNTHETIC
H0003131,SME000401,PAYROLL_SERVICES,2025-12-04,15694075.040000,697409.880000,True,CONTROLLED_SYNTHETIC
H0003132,SME000403,PAYROLL_SERVICES,2023-01-09,20090819.520000,985330.120000,True,CONTROLLED_SYNTHETIC
H0003133,SME000404,PAYROLL_SERVICES,2025-03-13,12409403.880000,211074.680000,True,CONTROLLED_SYNTHETIC
H0003134,SME000407,PAYROLL_SERVICES,2026-04-27,14472935.960000,539427.060000,True,CONTROLLED_SYNTHETIC
H0003135,SME000408,PAYROLL_SERVICES,2020-11-08,15733255.400000,198138.740000,True,CONTROLLED_SYNTHETIC
H0003136,SME000413,PAYROLL_SERVICES,2025-12-21,1861944.760000,21278.160000,True,CONTROLLED_SYNTHETIC
H0003137,SME000421,PAYROLL_SERVICES,2023-03-11,1022412.400000,24814.290000,True,CONTROLLED_SYNTHETIC
H0003138,SME000423,PAYROLL_SERVICES,2021-03-21,3683406.480000,115673.790000,True,CONTROLLED_SYNTHETIC
H0003139,SME000424,PAYROLL_SERVICES,2025-05-07,83387042.280000,1948574.110000,True,CONTROLLED_SYNTHETIC
H0003140,SME000426,PAYROLL_SERVICES,2023-05-28,60257458.000000,1045492.870000,True,CONTROLLED_SYNTHETIC
H0003141,SME000427,PAYROLL_SERVICES,2025-02-24,4106680.600000,143176.420000,True,CONTROLLED_SYNTHETIC
H0003142,SME000434,PAYROLL_SERVICES,2023-01-10,16746909.480000,877507.340000,True,CONTROLLED_SYNTHETIC
H0003143,SME000436,PAYROLL_SERVICES,2025-10-14,13143166.800000,614366.730000,True,CONTROLLED_SYNTHETIC
H0003144,SME000442,PAYROLL_SERVICES,2024-07-31,8287796.320000,102710.410000,True,CONTROLLED_SYNTHETIC
H0003145,SME000444,PAYROLL_SERVICES,2023-08-22,19467641.800000,593762.680000,True,CONTROLLED_SYNTHETIC
H0003146,SME000445,PAYROLL_SERVICES,2021-11-13,10523724.840000,157193.930000,True,CONTROLLED_SYNTHETIC
H0003147,SME000446,PAYROLL_SERVICES,2026-01-26,22370898.720000,988369.960000,True,CONTROLLED_SYNTHETIC
H0003148,SME000448,PAYROLL_SERVICES,2021-02-07,16444297.760000,300019.190000,True,CONTROLLED_SYNTHETIC
H0003149,SME000450,PAYROLL_SERVICES,2020-03-15,11959963.000000,622976.440000,True,CONTROLLED_SYNTHETIC
H0003150,SME000454,PAYROLL_SERVICES,2021-01-09,6819873.280000,111774.160000,True,CONTROLLED_SYNTHETIC
H0003151,SME000456,PAYROLL_SERVICES,2022-12-27,2765868.280000,70528.860000,True,CONTROLLED_SYNTHETIC
H0003152,SME000460,PAYROLL_SERVICES,2023-07-02,14515513.320000,396402.490000,True,CONTROLLED_SYNTHETIC
H0003153,SME000461,PAYROLL_SERVICES,2026-04-17,12009723.960000,523598.260000,True,CONTROLLED_SYNTHETIC
H0003154,SME000462,PAYROLL_SERVICES,2020-06-26,3404508.200000,77901.280000,True,CONTROLLED_SYNTHETIC
H0003155,SME000463,PAYROLL_SERVICES,2023-02-27,13277043.040000,94124.810000,True,CONTROLLED_SYNTHETIC
H0003156,SME000466,PAYROLL_SERVICES,2024-11-08,6617223.160000,253424.910000,True,CONTROLLED_SYNTHETIC
H0003157,SME000468,PAYROLL_SERVICES,2021-02-24,2801076.560000,111667.810000,True,CONTROLLED_SYNTHETIC
H0003158,SME000469,PAYROLL_SERVICES,2024-05-07,3085202.480000,95203.390000,True,CONTROLLED_SYNTHETIC
H0003159,SME000474,PAYROLL_SERVICES,2021-08-20,50427022.760000,1633098.800000,True,CONTROLLED_SYNTHETIC
H0003160,SME000475,PAYROLL_SERVICES,2024-07-15,3986433.000000,172506.020000,True,CONTROLLED_SYNTHETIC
H0003161,SME000476,PAYROLL_SERVICES,2020-02-19,1400918.240000,76749.790000,True,CONTROLLED_SYNTHETIC
H0003162,SME000477,PAYROLL_SERVICES,2024-08-25,20854678.160000,667719.410000,True,CONTROLLED_SYNTHETIC
H0003163,SME000481,PAYROLL_SERVICES,2022-04-28,7919195.120000,265877.200000,True,CONTROLLED_SYNTHETIC
H0003164,SME000484,PAYROLL_SERVICES,2023-12-06,1104292.400000,34456.150000,True,CONTROLLED_SYNTHETIC
H0003165,SME000485,PAYROLL_SERVICES,2021-03-03,2159476.480000,115755.720000,True,CONTROLLED_SYNTHETIC
H0003166,SME000487,PAYROLL_SERVICES,2022-11-16,6383218.600000,166537.740000,True,CONTROLLED_SYNTHETIC
H0003167,SME000488,PAYROLL_SERVICES,2025-12-13,3857538.960000,194262.530000,True,CONTROLLED_SYNTHETIC
H0003168,SME000489,PAYROLL_SERVICES,2021-05-08,3816050.160000,143716.440000,True,CONTROLLED_SYNTHETIC
H0003169,SME000492,PAYROLL_SERVICES,2025-02-24,1396293.280000,42471.920000,True,CONTROLLED_SYNTHETIC
H0003170,SME000493,PAYROLL_SERVICES,2024-01-13,3752992.680000,109613.100000,True,CONTROLLED_SYNTHETIC
H0003171,SME000495,PAYROLL_SERVICES,2023-07-28,10147712.760000,194367.540000,True,CONTROLLED_SYNTHETIC
H0003172,SME000496,PAYROLL_SERVICES,2020-08-30,54063147.360000,1407351.630000,True,CONTROLLED_SYNTHETIC
H0003173,SME000497,PAYROLL_SERVICES,2022-08-28,15116347.440000,757040.800000,True,CONTROLLED_SYNTHETIC
H0003174,SME000498,PAYROLL_SERVICES,2023-05-25,821598.760000,12494.730000,True,CONTROLLED_SYNTHETIC
H0003175,SME000499,PAYROLL_SERVICES,2024-02-20,7772817.360000,250846.530000,True,CONTROLLED_SYNTHETIC
H0003176,SME000503,PAYROLL_SERVICES,2026-04-23,15813309.680000,66725.600000,True,CONTROLLED_SYNTHETIC
H0003177,SME000505,PAYROLL_SERVICES,2022-07-03,19805386.080000,242643.660000,True,CONTROLLED_SYNTHETIC
H0003178,SME000506,PAYROLL_SERVICES,2026-01-01,72708155.360000,3723922.990000,True,CONTROLLED_SYNTHETIC
H0003179,SME000512,PAYROLL_SERVICES,2023-05-06,2526399.160000,123587.440000,True,CONTROLLED_SYNTHETIC
H0003180,SME000516,PAYROLL_SERVICES,2023-08-10,6733473.840000,228459.590000,True,CONTROLLED_SYNTHETIC
H0003181,SME000527,PAYROLL_SERVICES,2022-09-22,10503886.480000,546099.480000,True,CONTROLLED_SYNTHETIC
H0003182,SME000528,PAYROLL_SERVICES,2021-01-18,3385250.640000,177737.700000,True,CONTROLLED_SYNTHETIC
H0003183,SME000529,PAYROLL_SERVICES,2024-03-28,2307288.280000,81381.380000,True,CONTROLLED_SYNTHETIC
H0003184,SME000531,PAYROLL_SERVICES,2023-10-12,2227007.760000,118512.810000,True,CONTROLLED_SYNTHETIC
H0003185,SME000536,PAYROLL_SERVICES,2026-01-11,1610686.160000,61764.720000,True,CONTROLLED_SYNTHETIC
H0003186,SME000539,PAYROLL_SERVICES,2023-01-22,1411956.520000,73799.080000,True,CONTROLLED_SYNTHETIC
H0003187,SME000544,PAYROLL_SERVICES,2020-06-08,16339965.000000,343231.280000,True,CONTROLLED_SYNTHETIC
H0003188,SME000549,PAYROLL_SERVICES,2021-06-16,1280356.120000,59736.770000,True,CONTROLLED_SYNTHETIC
H0003189,SME000558,PAYROLL_SERVICES,2023-07-11,52057648.160000,2063265.490000,True,CONTROLLED_SYNTHETIC
H0003190,SME000559,PAYROLL_SERVICES,2022-08-20,17864638.360000,906443.150000,True,CONTROLLED_SYNTHETIC
H0003191,SME000561,PAYROLL_SERVICES,2022-10-01,3259494.320000,115691.630000,True,CONTROLLED_SYNTHETIC
H0003192,SME000563,PAYROLL_SERVICES,2024-11-24,1958633.440000,56484.700000,True,CONTROLLED_SYNTHETIC
H0003193,SME000564,PAYROLL_SERVICES,2023-07-30,17564598.640000,826151.840000,True,CONTROLLED_SYNTHETIC
H0003194,SME000565,PAYROLL_SERVICES,2022-10-16,12593382.880000,603892.700000,True,CONTROLLED_SYNTHETIC
H0003195,SME000584,PAYROLL_SERVICES,2020-11-20,8004306.360000,359612.220000,True,CONTROLLED_SYNTHETIC
H0003196,SME000588,PAYROLL_SERVICES,2022-02-23,4106924.960000,30525.730000,True,CONTROLLED_SYNTHETIC
H0003197,SME000589,PAYROLL_SERVICES,2022-07-26,20581682.200000,521164.800000,True,CONTROLLED_SYNTHETIC
H0003198,SME000592,PAYROLL_SERVICES,2023-03-15,18844153.400000,366531.060000,True,CONTROLLED_SYNTHETIC
H0003199,SME000594,PAYROLL_SERVICES,2020-10-28,14003721.920000,270071.570000,True,CONTROLLED_SYNTHETIC
H0003200,SME000597,PAYROLL_SERVICES,2026-03-25,18311690.160000,563646.950000,True,CONTROLLED_SYNTHETIC
H0003201,SME000599,PAYROLL_SERVICES,2024-03-24,3381350.440000,143844.890000,True,CONTROLLED_SYNTHETIC
H0003202,SME000602,PAYROLL_SERVICES,2021-06-01,9276783.840000,437315.270000,True,CONTROLLED_SYNTHETIC
H0003203,SME000603,PAYROLL_SERVICES,2021-04-29,11663065.760000,606015.080000,True,CONTROLLED_SYNTHETIC
H0003204,SME000605,PAYROLL_SERVICES,2024-06-01,18319584.560000,448648.380000,True,CONTROLLED_SYNTHETIC
H0003205,SME000606,PAYROLL_SERVICES,2026-04-13,1583784.920000,56826.870000,True,CONTROLLED_SYNTHETIC
H0003206,SME000609,PAYROLL_SERVICES,2021-10-31,2395406.600000,82250.030000,True,CONTROLLED_SYNTHETIC
H0003207,SME000613,PAYROLL_SERVICES,2022-07-08,3425276.640000,36786.520000,True,CONTROLLED_SYNTHETIC
H0003208,SME000618,PAYROLL_SERVICES,2021-07-13,3299517.800000,61189.830000,True,CONTROLLED_SYNTHETIC
H0003209,SME000623,PAYROLL_SERVICES,2025-06-26,3594730.160000,42155.840000,True,CONTROLLED_SYNTHETIC
H0003210,SME000624,PAYROLL_SERVICES,2020-04-16,20875812.920000,413192.850000,True,CONTROLLED_SYNTHETIC
H0003211,SME000632,PAYROLL_SERVICES,2020-06-22,1195486.800000,47857.270000,True,CONTROLLED_SYNTHETIC
H0003212,SME000646,PAYROLL_SERVICES,2022-11-08,9820644.960000,245700.960000,True,CONTROLLED_SYNTHETIC
H0003213,SME000648,PAYROLL_SERVICES,2021-02-06,19201489.400000,389065.590000,True,CONTROLLED_SYNTHETIC
H0003214,SME000649,PAYROLL_SERVICES,2021-10-18,9077521.920000,445720.520000,True,CONTROLLED_SYNTHETIC
H0003215,SME000656,PAYROLL_SERVICES,2024-03-18,1818524.040000,11242.300000,True,CONTROLLED_SYNTHETIC
H0003216,SME000660,PAYROLL_SERVICES,2022-05-23,18520776.600000,145522.120000,True,CONTROLLED_SYNTHETIC
H0003217,SME000661,PAYROLL_SERVICES,2021-05-22,4208408.520000,107684.430000,True,CONTROLLED_SYNTHETIC
H0003218,SME000662,PAYROLL_SERVICES,2021-04-20,7428744.520000,75723.080000,True,CONTROLLED_SYNTHETIC
H0003219,SME000664,PAYROLL_SERVICES,2026-03-22,3468868.600000,89950.410000,True,CONTROLLED_SYNTHETIC
H0003220,SME000667,PAYROLL_SERVICES,2021-01-30,12339085.160000,601308.200000,True,CONTROLLED_SYNTHETIC
H0003221,SME000671,PAYROLL_SERVICES,2025-06-19,3415643.480000,143310.230000,True,CONTROLLED_SYNTHETIC
H0003222,SME000672,PAYROLL_SERVICES,2022-02-23,1993041.680000,49231.310000,True,CONTROLLED_SYNTHETIC
H0003223,SME000675,PAYROLL_SERVICES,2023-09-06,17044432.200000,132276.780000,True,CONTROLLED_SYNTHETIC
H0003224,SME000681,PAYROLL_SERVICES,2025-10-14,13603836.360000,193325.890000,True,CONTROLLED_SYNTHETIC
H0003225,SME000682,PAYROLL_SERVICES,2024-12-10,69874780.880000,2868304.110000,True,CONTROLLED_SYNTHETIC
H0003226,SME000684,PAYROLL_SERVICES,2025-12-02,7023823.720000,279507.620000,True,CONTROLLED_SYNTHETIC
H0003227,SME000685,PAYROLL_SERVICES,2023-12-30,86563062.840000,3669585.550000,True,CONTROLLED_SYNTHETIC
H0003228,SME000688,PAYROLL_SERVICES,2025-06-11,2476368.280000,120601.350000,True,CONTROLLED_SYNTHETIC
H0003229,SME000691,PAYROLL_SERVICES,2021-10-28,17468644.720000,844878.720000,True,CONTROLLED_SYNTHETIC
H0003230,SME000693,PAYROLL_SERVICES,2024-08-16,17130325.600000,639271.440000,True,CONTROLLED_SYNTHETIC
H0003231,SME000696,PAYROLL_SERVICES,2021-11-30,14912684.840000,814643.740000,True,CONTROLLED_SYNTHETIC
H0003232,SME000701,PAYROLL_SERVICES,2020-04-02,63416006.400000,1737690.360000,True,CONTROLLED_SYNTHETIC
H0003233,SME000702,PAYROLL_SERVICES,2022-05-09,3157613.720000,146840.730000,True,CONTROLLED_SYNTHETIC
H0003234,SME000704,PAYROLL_SERVICES,2024-09-21,14246409.760000,84742.290000,True,CONTROLLED_SYNTHETIC
H0003235,SME000707,PAYROLL_SERVICES,2020-06-05,1343590.720000,13088.000000,True,CONTROLLED_SYNTHETIC
H0003236,SME000708,PAYROLL_SERVICES,2020-11-09,9001312.720000,78975.030000,True,CONTROLLED_SYNTHETIC
H0003237,SME000713,PAYROLL_SERVICES,2025-06-29,8738830.680000,341163.480000,True,CONTROLLED_SYNTHETIC
H0003238,SME000715,PAYROLL_SERVICES,2020-03-26,12157420.920000,473385.260000,True,CONTROLLED_SYNTHETIC
H0003239,SME000717,PAYROLL_SERVICES,2023-06-23,933137.080000,48171.040000,True,CONTROLLED_SYNTHETIC
H0003240,SME000722,PAYROLL_SERVICES,2022-12-20,19299331.800000,351169.180000,True,CONTROLLED_SYNTHETIC
H0003241,SME000724,PAYROLL_SERVICES,2025-09-23,1910341.320000,59057.070000,True,CONTROLLED_SYNTHETIC
H0003242,SME000727,PAYROLL_SERVICES,2023-10-22,16024479.680000,690474.150000,True,CONTROLLED_SYNTHETIC
H0003243,SME000741,PAYROLL_SERVICES,2024-01-31,5764771.520000,158039.560000,True,CONTROLLED_SYNTHETIC
H0003244,SME000746,PAYROLL_SERVICES,2021-12-27,12991626.400000,683519.990000,True,CONTROLLED_SYNTHETIC
H0003245,SME000759,PAYROLL_SERVICES,2021-08-29,20842841.800000,661935.510000,True,CONTROLLED_SYNTHETIC
H0003246,SME000760,PAYROLL_SERVICES,2025-08-09,36664662.520000,1356301.710000,True,CONTROLLED_SYNTHETIC
H0003247,SME000765,PAYROLL_SERVICES,2023-06-04,7824443.080000,410035.340000,True,CONTROLLED_SYNTHETIC
H0003248,SME000770,PAYROLL_SERVICES,2021-06-05,9182619.320000,164617.760000,True,CONTROLLED_SYNTHETIC
H0003249,SME000777,PAYROLL_SERVICES,2022-07-06,14825163.320000,105594.640000,True,CONTROLLED_SYNTHETIC
H0003250,SME000780,PAYROLL_SERVICES,2025-07-20,3521633.560000,136633.740000,True,CONTROLLED_SYNTHETIC
H0003251,SME000781,PAYROLL_SERVICES,2025-10-20,1753864.280000,26310.250000,True,CONTROLLED_SYNTHETIC
H0003252,SME000783,PAYROLL_SERVICES,2020-11-28,935135.960000,5784.340000,True,CONTROLLED_SYNTHETIC
H0003253,SME000788,PAYROLL_SERVICES,2023-12-21,19715007.800000,209175.140000,True,CONTROLLED_SYNTHETIC
H0003254,SME000789,PAYROLL_SERVICES,2025-11-01,17978608.720000,346447.840000,True,CONTROLLED_SYNTHETIC
H0003255,SME000792,PAYROLL_SERVICES,2026-01-28,3388267.600000,31993.060000,True,CONTROLLED_SYNTHETIC
H0003256,SME000793,PAYROLL_SERVICES,2023-12-15,20537121.840000,490568.780000,True,CONTROLLED_SYNTHETIC
H0003257,SME000794,PAYROLL_SERVICES,2024-07-17,15399386.480000,329733.300000,True,CONTROLLED_SYNTHETIC
H0003258,SME000797,PAYROLL_SERVICES,2024-06-11,2702059.400000,18542.290000,True,CONTROLLED_SYNTHETIC
H0003259,SME000804,PAYROLL_SERVICES,2023-10-22,12482579.960000,408357.680000,True,CONTROLLED_SYNTHETIC
H0003260,SME000806,PAYROLL_SERVICES,2022-12-25,1575520.640000,57055.900000,True,CONTROLLED_SYNTHETIC
H0003261,SME000807,PAYROLL_SERVICES,2022-01-03,109605886.000000,1520591.710000,True,CONTROLLED_SYNTHETIC
H0003262,SME000808,PAYROLL_SERVICES,2022-07-05,884620.080000,20860.630000,True,CONTROLLED_SYNTHETIC
H0003263,SME000812,PAYROLL_SERVICES,2025-12-31,21441073.920000,957661.360000,True,CONTROLLED_SYNTHETIC
H0003264,SME000814,PAYROLL_SERVICES,2025-05-12,79519442.000000,2363792.070000,True,CONTROLLED_SYNTHETIC
H0003265,SME000816,PAYROLL_SERVICES,2020-02-21,4019909.720000,210855.280000,True,CONTROLLED_SYNTHETIC
H0003266,SME000818,PAYROLL_SERVICES,2020-11-19,16358438.040000,637351.370000,True,CONTROLLED_SYNTHETIC
H0003267,SME000823,PAYROLL_SERVICES,2020-03-18,3599951.120000,146384.130000,True,CONTROLLED_SYNTHETIC
H0003268,SME000824,PAYROLL_SERVICES,2022-09-24,3394703.520000,140421.330000,True,CONTROLLED_SYNTHETIC
H0003269,SME000826,PAYROLL_SERVICES,2025-12-30,2814691.480000,106723.590000,True,CONTROLLED_SYNTHETIC
H0003270,SME000831,PAYROLL_SERVICES,2026-03-27,1514854.960000,32606.730000,True,CONTROLLED_SYNTHETIC
H0003271,SME000832,PAYROLL_SERVICES,2020-02-24,9258101.240000,201409.160000,True,CONTROLLED_SYNTHETIC
H0003272,SME000838,PAYROLL_SERVICES,2024-09-24,1351506.160000,42017.860000,True,CONTROLLED_SYNTHETIC
H0003273,SME000842,PAYROLL_SERVICES,2022-08-14,19958750.400000,549273.830000,True,CONTROLLED_SYNTHETIC
H0003274,SME000846,PAYROLL_SERVICES,2021-12-06,12778866.320000,370704.800000,True,CONTROLLED_SYNTHETIC
H0003275,SME000850,PAYROLL_SERVICES,2020-03-17,6334627.560000,106821.980000,True,CONTROLLED_SYNTHETIC
H0003276,SME000851,PAYROLL_SERVICES,2022-11-22,14696034.400000,103629.080000,True,CONTROLLED_SYNTHETIC
H0003277,SME000852,PAYROLL_SERVICES,2023-11-25,842603.560000,35584.510000,True,CONTROLLED_SYNTHETIC
H0003278,SME000859,PAYROLL_SERVICES,2022-12-13,24726176.520000,1198179.950000,True,CONTROLLED_SYNTHETIC
H0003279,SME000861,PAYROLL_SERVICES,2020-12-09,2260020.040000,77334.050000,True,CONTROLLED_SYNTHETIC
H0003280,SME000867,PAYROLL_SERVICES,2025-09-15,19300869.680000,613101.910000,True,CONTROLLED_SYNTHETIC
H0003281,SME000870,PAYROLL_SERVICES,2021-06-29,9581614.120000,118895.780000,True,CONTROLLED_SYNTHETIC
H0003282,SME000871,PAYROLL_SERVICES,2025-12-21,12036746.080000,300778.870000,True,CONTROLLED_SYNTHETIC
H0003283,SME000873,PAYROLL_SERVICES,2020-03-31,30519914.320000,1114112.560000,True,CONTROLLED_SYNTHETIC
H0003284,SME000874,PAYROLL_SERVICES,2020-01-31,4175286.840000,118733.810000,True,CONTROLLED_SYNTHETIC
H0003285,SME000879,PAYROLL_SERVICES,2021-09-09,74649984.040000,3763080.540000,True,CONTROLLED_SYNTHETIC
H0003286,SME000882,PAYROLL_SERVICES,2024-10-22,31772248.520000,771991.660000,True,CONTROLLED_SYNTHETIC
H0003287,SME000884,PAYROLL_SERVICES,2020-02-20,22999865.200000,836009.230000,True,CONTROLLED_SYNTHETIC
H0003288,SME000885,PAYROLL_SERVICES,2021-06-16,3350085.200000,137502.540000,True,CONTROLLED_SYNTHETIC
H0003289,SME000886,PAYROLL_SERVICES,2020-10-18,17600088.440000,274703.220000,True,CONTROLLED_SYNTHETIC
H0003290,SME000889,PAYROLL_SERVICES,2021-04-03,7758561.280000,113729.550000,True,CONTROLLED_SYNTHETIC
H0003291,SME000891,PAYROLL_SERVICES,2024-10-11,30175825.040000,625397.750000,True,CONTROLLED_SYNTHETIC
H0003292,SME000894,PAYROLL_SERVICES,2022-10-18,4822505.320000,35862.920000,True,CONTROLLED_SYNTHETIC
H0003293,SME000897,PAYROLL_SERVICES,2024-01-05,20226857.480000,124938.840000,True,CONTROLLED_SYNTHETIC
H0003294,SME000899,PAYROLL_SERVICES,2020-05-12,2434420.000000,58682.150000,True,CONTROLLED_SYNTHETIC
H0003295,SME000908,PAYROLL_SERVICES,2023-05-18,1131087.080000,58633.070000,True,CONTROLLED_SYNTHETIC
H0003296,SME000909,PAYROLL_SERVICES,2020-07-21,6900906.560000,38801.570000,True,CONTROLLED_SYNTHETIC
H0003297,SME000910,PAYROLL_SERVICES,2020-09-12,52118284.160000,562022.720000,True,CONTROLLED_SYNTHETIC
H0003298,SME000913,PAYROLL_SERVICES,2021-05-20,2823552.760000,64430.770000,True,CONTROLLED_SYNTHETIC
H0003299,SME000917,PAYROLL_SERVICES,2023-04-21,1005668.920000,4875.480000,True,CONTROLLED_SYNTHETIC
H0003300,SME000918,PAYROLL_SERVICES,2023-07-09,1589841.800000,78194.490000,True,CONTROLLED_SYNTHETIC
H0003301,SME000920,PAYROLL_SERVICES,2021-02-23,2005516.000000,14841.310000,True,CONTROLLED_SYNTHETIC
H0003302,SME000921,PAYROLL_SERVICES,2026-04-22,3830442.240000,210186.990000,True,CONTROLLED_SYNTHETIC
H0003303,SME000924,PAYROLL_SERVICES,2025-10-18,36741502.080000,1313512.330000,True,CONTROLLED_SYNTHETIC
H0003304,SME000927,PAYROLL_SERVICES,2022-06-26,19224446.480000,389184.300000,True,CONTROLLED_SYNTHETIC
H0003305,SME000929,PAYROLL_SERVICES,2022-09-28,47013037.320000,2042833.600000,True,CONTROLLED_SYNTHETIC
H0003306,SME000931,PAYROLL_SERVICES,2023-03-07,45265113.000000,1998012.840000,True,CONTROLLED_SYNTHETIC
H0003307,SME000932,PAYROLL_SERVICES,2021-10-10,19799584.240000,426437.970000,True,CONTROLLED_SYNTHETIC
H0003308,SME000933,PAYROLL_SERVICES,2022-10-08,10297083.720000,362599.170000,True,CONTROLLED_SYNTHETIC
H0003309,SME000938,PAYROLL_SERVICES,2023-04-02,3999925.000000,133100.370000,True,CONTROLLED_SYNTHETIC
H0003310,SME000946,PAYROLL_SERVICES,2023-10-07,12433021.000000,114253.160000,True,CONTROLLED_SYNTHETIC
H0003311,SME000951,PAYROLL_SERVICES,2020-10-28,21874256.920000,1053365.600000,True,CONTROLLED_SYNTHETIC
H0003312,SME000952,PAYROLL_SERVICES,2023-07-15,2095879.520000,112791.510000,True,CONTROLLED_SYNTHETIC
H0003313,SME000954,PAYROLL_SERVICES,2024-02-07,2369001.440000,69160.880000,True,CONTROLLED_SYNTHETIC
H0003314,SME000955,PAYROLL_SERVICES,2020-04-10,4438058.600000,141598.610000,True,CONTROLLED_SYNTHETIC
H0003315,SME000968,PAYROLL_SERVICES,2026-03-22,19783348.600000,580999.090000,True,CONTROLLED_SYNTHETIC
H0003316,SME000972,PAYROLL_SERVICES,2024-02-09,4652785.520000,190728.510000,True,CONTROLLED_SYNTHETIC
H0003317,SME000973,PAYROLL_SERVICES,2025-03-04,1924114.720000,73938.820000,True,CONTROLLED_SYNTHETIC
H0003318,SME000976,PAYROLL_SERVICES,2025-01-20,20360185.000000,601592.340000,True,CONTROLLED_SYNTHETIC
H0003319,SME000981,PAYROLL_SERVICES,2024-05-28,2263847.600000,121804.310000,True,CONTROLLED_SYNTHETIC
H0003320,SME000986,PAYROLL_SERVICES,2022-02-01,13234873.480000,699495.360000,True,CONTROLLED_SYNTHETIC
H0003321,SME000987,PAYROLL_SERVICES,2020-07-18,2454543.760000,121099.530000,True,CONTROLLED_SYNTHETIC
H0003322,SME000990,PAYROLL_SERVICES,2025-05-08,3373075.120000,131763.190000,True,CONTROLLED_SYNTHETIC
H0003323,SME000994,PAYROLL_SERVICES,2025-08-29,2016974.840000,9203.510000,True,CONTROLLED_SYNTHETIC
H0003324,SME000997,PAYROLL_SERVICES,2023-09-10,6414869.240000,271826.710000,True,CONTROLLED_SYNTHETIC
H0003325,SME001001,PAYROLL_SERVICES,2023-11-07,10941293.160000,435159.650000,True,CONTROLLED_SYNTHETIC
H0003326,SME001002,PAYROLL_SERVICES,2024-07-05,3056918.400000,101033.030000,True,CONTROLLED_SYNTHETIC
H0003327,SME001005,PAYROLL_SERVICES,2025-03-29,567409.320000,18067.100000,True,CONTROLLED_SYNTHETIC
H0003328,SME001009,PAYROLL_SERVICES,2022-04-24,10473676.280000,77961.000000,True,CONTROLLED_SYNTHETIC
H0003329,SME001010,PAYROLL_SERVICES,2026-01-13,52290641.040000,1925716.830000,True,CONTROLLED_SYNTHETIC
H0003330,SME001019,PAYROLL_SERVICES,2022-11-13,21040149.280000,742872.400000,True,CONTROLLED_SYNTHETIC
H0003331,SME001023,PAYROLL_SERVICES,2024-05-19,3336925.880000,74090.970000,True,CONTROLLED_SYNTHETIC
H0003332,SME001028,PAYROLL_SERVICES,2021-04-06,11861346.680000,609467.820000,True,CONTROLLED_SYNTHETIC
H0003333,SME001029,PAYROLL_SERVICES,2024-02-28,8472454.440000,342884.360000,True,CONTROLLED_SYNTHETIC
H0003334,SME001031,PAYROLL_SERVICES,2021-05-27,8910706.640000,433745.400000,True,CONTROLLED_SYNTHETIC
H0003335,SME001034,PAYROLL_SERVICES,2024-01-15,115351861.560000,5139745.200000,True,CONTROLLED_SYNTHETIC
H0003336,SME001035,PAYROLL_SERVICES,2020-12-30,89687557.640000,3018751.740000,True,CONTROLLED_SYNTHETIC
H0003337,SME001036,PAYROLL_SERVICES,2024-02-18,15544678.200000,80632.430000,True,CONTROLLED_SYNTHETIC
H0003338,SME001042,PAYROLL_SERVICES,2024-12-29,3161170.440000,47188.920000,True,CONTROLLED_SYNTHETIC
H0003339,SME001043,PAYROLL_SERVICES,2023-08-10,1022199.280000,25806.310000,True,CONTROLLED_SYNTHETIC
H0003340,SME001045,PAYROLL_SERVICES,2025-07-27,1654214.440000,82237.150000,True,CONTROLLED_SYNTHETIC
H0003341,SME001052,PAYROLL_SERVICES,2020-11-27,5177126.760000,254000.720000,True,CONTROLLED_SYNTHETIC
H0003342,SME001056,PAYROLL_SERVICES,2023-10-22,14433460.480000,662988.350000,True,CONTROLLED_SYNTHETIC
H0003343,SME001059,PAYROLL_SERVICES,2025-09-03,1361658.480000,35172.810000,True,CONTROLLED_SYNTHETIC
H0003344,SME001060,PAYROLL_SERVICES,2020-11-22,9163841.120000,468106.410000,True,CONTROLLED_SYNTHETIC
H0003345,SME001065,PAYROLL_SERVICES,2020-05-16,1040670.040000,30436.930000,True,CONTROLLED_SYNTHETIC
H0003346,SME001076,PAYROLL_SERVICES,2022-06-26,3167675.360000,131055.380000,True,CONTROLLED_SYNTHETIC
H0003347,SME001077,PAYROLL_SERVICES,2026-05-20,1607143.680000,60642.470000,True,CONTROLLED_SYNTHETIC
H0003348,SME001078,PAYROLL_SERVICES,2021-01-08,47502289.040000,1951586.570000,True,CONTROLLED_SYNTHETIC
H0003349,SME001079,PAYROLL_SERVICES,2024-12-11,15598078.800000,330142.090000,True,CONTROLLED_SYNTHETIC
H0003350,SME001081,PAYROLL_SERVICES,2024-11-23,18960005.080000,250792.890000,True,CONTROLLED_SYNTHETIC
H0003351,SME001089,PAYROLL_SERVICES,2022-12-01,12503483.800000,310583.900000,True,CONTROLLED_SYNTHETIC
H0003352,SME001090,PAYROLL_SERVICES,2020-03-04,20190052.840000,291169.660000,True,CONTROLLED_SYNTHETIC
H0003353,SME001091,PAYROLL_SERVICES,2020-04-19,17444588.360000,844550.440000,True,CONTROLLED_SYNTHETIC
H0003354,SME001096,PAYROLL_SERVICES,2022-04-05,14571740.320000,380998.550000,True,CONTROLLED_SYNTHETIC
H0003355,SME001097,PAYROLL_SERVICES,2023-07-31,4428185.840000,116610.680000,True,CONTROLLED_SYNTHETIC
H0003356,SME001098,PAYROLL_SERVICES,2024-02-08,15809352.000000,446116.900000,True,CONTROLLED_SYNTHETIC
H0003357,SME001099,PAYROLL_SERVICES,2020-12-02,12619161.000000,192845.040000,True,CONTROLLED_SYNTHETIC
H0003358,SME001105,PAYROLL_SERVICES,2022-12-15,11304355.920000,454932.730000,True,CONTROLLED_SYNTHETIC
H0003359,SME001108,PAYROLL_SERVICES,2026-02-20,17572925.520000,914546.110000,True,CONTROLLED_SYNTHETIC
H0003360,SME001120,PAYROLL_SERVICES,2023-08-16,8262114.720000,388712.270000,True,CONTROLLED_SYNTHETIC
H0003361,SME001124,PAYROLL_SERVICES,2023-04-28,18581027.680000,659431.550000,True,CONTROLLED_SYNTHETIC
H0003362,SME001125,PAYROLL_SERVICES,2022-12-30,22967731.240000,1020301.230000,True,CONTROLLED_SYNTHETIC
H0003363,SME001126,PAYROLL_SERVICES,2022-09-04,85296447.440000,2354462.740000,True,CONTROLLED_SYNTHETIC
H0003364,SME001130,PAYROLL_SERVICES,2023-11-01,8275982.400000,48275.670000,True,CONTROLLED_SYNTHETIC
H0003365,SME001132,PAYROLL_SERVICES,2024-07-20,47414467.720000,1025804.280000,True,CONTROLLED_SYNTHETIC
H0003366,SME001138,PAYROLL_SERVICES,2022-10-03,3390186.520000,184393.490000,True,CONTROLLED_SYNTHETIC
H0003367,SME001139,PAYROLL_SERVICES,2020-04-13,5239210.240000,149396.370000,True,CONTROLLED_SYNTHETIC
H0003368,SME001140,PAYROLL_SERVICES,2024-06-09,2340104.760000,60092.270000,True,CONTROLLED_SYNTHETIC
H0003369,SME001142,PAYROLL_SERVICES,2024-04-28,2321244.240000,110092.080000,True,CONTROLLED_SYNTHETIC
H0003370,SME001143,PAYROLL_SERVICES,2021-10-28,19126507.840000,613370.040000,True,CONTROLLED_SYNTHETIC
H0003371,SME001148,PAYROLL_SERVICES,2021-09-02,53563380.440000,2297663.220000,True,CONTROLLED_SYNTHETIC
H0003372,SME001149,PAYROLL_SERVICES,2025-12-26,1983585.000000,9208.810000,True,CONTROLLED_SYNTHETIC
H0003373,SME001152,PAYROLL_SERVICES,2023-09-27,20004875.160000,511930.530000,True,CONTROLLED_SYNTHETIC
H0003374,SME001155,PAYROLL_SERVICES,2026-04-20,11844246.400000,276851.600000,True,CONTROLLED_SYNTHETIC
H0003375,SME001157,PAYROLL_SERVICES,2023-04-26,22901672.760000,932724.370000,True,CONTROLLED_SYNTHETIC
H0003376,SME001162,PAYROLL_SERVICES,2021-12-28,13272240.280000,456279.330000,True,CONTROLLED_SYNTHETIC
H0003377,SME001166,PAYROLL_SERVICES,2021-08-28,5005173.440000,61592.480000,True,CONTROLLED_SYNTHETIC
H0003378,SME001167,PAYROLL_SERVICES,2024-11-18,24756170.000000,906406.690000,True,CONTROLLED_SYNTHETIC
H0003379,SME001169,PAYROLL_SERVICES,2021-09-30,10867435.560000,552275.590000,True,CONTROLLED_SYNTHETIC
H0003380,SME001175,PAYROLL_SERVICES,2021-08-17,17260716.440000,253446.120000,True,CONTROLLED_SYNTHETIC
H0003381,SME001177,PAYROLL_SERVICES,2025-03-01,1437264.600000,37761.320000,True,CONTROLLED_SYNTHETIC
H0003382,SME001180,PAYROLL_SERVICES,2023-05-07,1612104.800000,27548.930000,True,CONTROLLED_SYNTHETIC
H0003383,SME001181,PAYROLL_SERVICES,2026-01-29,15182584.560000,176229.320000,True,CONTROLLED_SYNTHETIC
H0003384,SME001186,PAYROLL_SERVICES,2021-01-13,79880481.960000,577539.360000,True,CONTROLLED_SYNTHETIC
H0003385,SME001187,PAYROLL_SERVICES,2024-08-30,16501921.080000,713526.470000,True,CONTROLLED_SYNTHETIC
H0003386,SME001188,PAYROLL_SERVICES,2020-09-12,102523959.280000,5351033.650000,True,CONTROLLED_SYNTHETIC
H0003387,SME001190,PAYROLL_SERVICES,2021-01-18,18737142.800000,248688.820000,True,CONTROLLED_SYNTHETIC
H0003388,SME001194,PAYROLL_SERVICES,2023-06-06,1501737.720000,54019.470000,True,CONTROLLED_SYNTHETIC
H0003389,SME001195,PAYROLL_SERVICES,2025-07-19,102587488.560000,1120703.040000,True,CONTROLLED_SYNTHETIC
H0003390,SME001203,PAYROLL_SERVICES,2020-03-16,13793401.560000,300035.950000,True,CONTROLLED_SYNTHETIC
H0003391,SME001204,PAYROLL_SERVICES,2020-07-16,1588027.480000,51286.080000,True,CONTROLLED_SYNTHETIC
H0003392,SME001205,PAYROLL_SERVICES,2025-08-20,32190698.320000,515886.890000,True,CONTROLLED_SYNTHETIC
H0003393,SME001207,PAYROLL_SERVICES,2025-02-10,58691004.520000,2214505.810000,True,CONTROLLED_SYNTHETIC
H0003394,SME001210,PAYROLL_SERVICES,2021-08-21,19161782.960000,571062.610000,True,CONTROLLED_SYNTHETIC
H0003395,SME001214,PAYROLL_SERVICES,2024-02-27,102454145.760000,3253896.650000,True,CONTROLLED_SYNTHETIC
H0003396,SME001215,PAYROLL_SERVICES,2022-04-11,15895396.520000,523488.860000,True,CONTROLLED_SYNTHETIC
H0003397,SME001217,PAYROLL_SERVICES,2023-05-17,10602536.000000,548170.810000,True,CONTROLLED_SYNTHETIC
H0003398,SME001219,PAYROLL_SERVICES,2021-06-06,20975083.040000,409607.530000,True,CONTROLLED_SYNTHETIC
H0003399,SME001223,PAYROLL_SERVICES,2024-06-25,17943885.480000,903664.620000,True,CONTROLLED_SYNTHETIC
H0003400,SME001225,PAYROLL_SERVICES,2020-08-29,3316116.800000,64821.700000,True,CONTROLLED_SYNTHETIC
H0003401,SME001226,PAYROLL_SERVICES,2024-09-07,18669898.240000,850446.530000,True,CONTROLLED_SYNTHETIC
H0003402,SME001239,PAYROLL_SERVICES,2024-04-06,18070849.920000,779345.160000,True,CONTROLLED_SYNTHETIC
H0003403,SME001241,PAYROLL_SERVICES,2022-08-18,3907332.720000,176180.390000,True,CONTROLLED_SYNTHETIC
H0003404,SME001243,PAYROLL_SERVICES,2025-02-05,18143640.160000,667653.820000,True,CONTROLLED_SYNTHETIC
H0003405,SME001248,PAYROLL_SERVICES,2020-12-15,2243528.160000,61488.130000,True,CONTROLLED_SYNTHETIC
H0003406,SME001250,PAYROLL_SERVICES,2022-05-28,18039470.640000,567047.810000,True,CONTROLLED_SYNTHETIC
H0003407,SME001251,PAYROLL_SERVICES,2025-05-19,96109823.440000,3241625.080000,True,CONTROLLED_SYNTHETIC
H0003408,SME001255,PAYROLL_SERVICES,2025-01-27,17140654.400000,819152.750000,True,CONTROLLED_SYNTHETIC
H0003409,SME001256,PAYROLL_SERVICES,2020-05-25,3981185.400000,38127.570000,True,CONTROLLED_SYNTHETIC
H0003410,SME001258,PAYROLL_SERVICES,2021-06-01,79220775.920000,2599595.740000,True,CONTROLLED_SYNTHETIC
H0003411,SME001259,PAYROLL_SERVICES,2020-07-31,1964340.000000,79331.060000,True,CONTROLLED_SYNTHETIC
H0003412,SME001262,PAYROLL_SERVICES,2021-12-15,13913358.080000,686858.800000,True,CONTROLLED_SYNTHETIC
H0003413,SME001266,PAYROLL_SERVICES,2022-08-22,1668674.480000,63044.010000,True,CONTROLLED_SYNTHETIC
H0003414,SME001267,PAYROLL_SERVICES,2021-10-21,17312895.600000,482166.770000,True,CONTROLLED_SYNTHETIC
H0003415,SME001268,PAYROLL_SERVICES,2021-06-04,22071209.520000,606096.330000,True,CONTROLLED_SYNTHETIC
H0003416,SME001279,PAYROLL_SERVICES,2023-09-11,63063730.960000,2717864.860000,True,CONTROLLED_SYNTHETIC
H0003417,SME001280,PAYROLL_SERVICES,2023-10-26,1754157.640000,28999.600000,True,CONTROLLED_SYNTHETIC
H0003418,SME001286,PAYROLL_SERVICES,2024-09-04,15422153.360000,245114.260000,True,CONTROLLED_SYNTHETIC
H0003419,SME001288,PAYROLL_SERVICES,2023-10-06,2367187.840000,95724.890000,True,CONTROLLED_SYNTHETIC
H0003420,SME001289,PAYROLL_SERVICES,2024-10-12,15882829.040000,668016.680000,True,CONTROLLED_SYNTHETIC
H0003421,SME001291,PAYROLL_SERVICES,2020-03-25,10471133.240000,348126.470000,True,CONTROLLED_SYNTHETIC
H0003422,SME001298,PAYROLL_SERVICES,2022-01-07,18177352.840000,353248.510000,True,CONTROLLED_SYNTHETIC
H0003423,SME001299,PAYROLL_SERVICES,2020-11-19,797691.080000,7643.460000,True,CONTROLLED_SYNTHETIC
H0003424,SME001304,PAYROLL_SERVICES,2021-12-21,10635896.720000,508728.120000,True,CONTROLLED_SYNTHETIC
H0003425,SME001305,PAYROLL_SERVICES,2021-05-21,3480232.520000,90383.750000,True,CONTROLLED_SYNTHETIC
H0003426,SME001310,PAYROLL_SERVICES,2020-03-05,645878.760000,18852.360000,True,CONTROLLED_SYNTHETIC
H0003427,SME001312,PAYROLL_SERVICES,2023-04-22,23193060.120000,602760.920000,True,CONTROLLED_SYNTHETIC
H0003428,SME001315,PAYROLL_SERVICES,2021-03-19,1129809.120000,46763.960000,True,CONTROLLED_SYNTHETIC
H0003429,SME001320,PAYROLL_SERVICES,2020-12-13,102685851.080000,1961087.750000,True,CONTROLLED_SYNTHETIC
H0003430,SME001325,PAYROLL_SERVICES,2026-03-08,84266746.960000,1618358.170000,True,CONTROLLED_SYNTHETIC
H0003431,SME001326,PAYROLL_SERVICES,2025-10-01,10967479.880000,163063.260000,True,CONTROLLED_SYNTHETIC
H0003432,SME001328,PAYROLL_SERVICES,2023-09-22,18115420.400000,734304.940000,True,CONTROLLED_SYNTHETIC
H0003433,SME001329,PAYROLL_SERVICES,2020-02-06,11481197.800000,528268.370000,True,CONTROLLED_SYNTHETIC
H0003434,SME001335,PAYROLL_SERVICES,2023-07-12,4154332.920000,74335.630000,True,CONTROLLED_SYNTHETIC
H0003435,SME001337,PAYROLL_SERVICES,2022-08-08,4631334.920000,210766.470000,True,CONTROLLED_SYNTHETIC
H0003436,SME001340,PAYROLL_SERVICES,2020-07-25,40670235.800000,1822152.060000,True,CONTROLLED_SYNTHETIC
H0003437,SME001341,PAYROLL_SERVICES,2024-12-04,16931095.400000,553705.980000,True,CONTROLLED_SYNTHETIC
H0003438,SME001343,PAYROLL_SERVICES,2021-06-06,13091018.680000,542953.500000,True,CONTROLLED_SYNTHETIC
H0003439,SME001346,PAYROLL_SERVICES,2020-04-13,2175723.400000,73081.310000,True,CONTROLLED_SYNTHETIC
H0003440,SME001347,PAYROLL_SERVICES,2026-05-19,18492921.720000,307781.540000,True,CONTROLLED_SYNTHETIC
H0003441,SME001351,PAYROLL_SERVICES,2021-12-05,90113290.200000,1534346.420000,True,CONTROLLED_SYNTHETIC
H0003442,SME001354,PAYROLL_SERVICES,2023-02-27,3104775.680000,85395.980000,True,CONTROLLED_SYNTHETIC
H0003443,SME001356,PAYROLL_SERVICES,2021-08-20,8738930.800000,169473.780000,True,CONTROLLED_SYNTHETIC
H0003444,SME001358,PAYROLL_SERVICES,2024-05-20,3931807.800000,150924.120000,True,CONTROLLED_SYNTHETIC
H0003445,SME001361,PAYROLL_SERVICES,2023-08-24,85136004.520000,1291101.910000,True,CONTROLLED_SYNTHETIC
H0003446,SME001363,PAYROLL_SERVICES,2024-06-30,3961923.160000,99189.570000,True,CONTROLLED_SYNTHETIC
H0003447,SME001365,PAYROLL_SERVICES,2021-06-12,1285612.920000,30506.220000,True,CONTROLLED_SYNTHETIC
H0003448,SME001366,PAYROLL_SERVICES,2025-11-06,4236841.920000,57314.760000,True,CONTROLLED_SYNTHETIC
H0003449,SME001367,PAYROLL_SERVICES,2024-01-03,3312753.640000,21720.680000,True,CONTROLLED_SYNTHETIC
H0003450,SME001369,PAYROLL_SERVICES,2021-06-01,22288182.960000,758517.250000,True,CONTROLLED_SYNTHETIC
H0003451,SME001371,PAYROLL_SERVICES,2020-11-07,2871515.160000,81738.160000,True,CONTROLLED_SYNTHETIC
H0003452,SME001374,PAYROLL_SERVICES,2024-06-01,2920819.360000,33298.590000,True,CONTROLLED_SYNTHETIC
H0003453,SME001380,PAYROLL_SERVICES,2021-02-07,2955097.600000,114668.930000,True,CONTROLLED_SYNTHETIC
H0003454,SME001386,PAYROLL_SERVICES,2022-03-13,5484606.600000,248739.410000,True,CONTROLLED_SYNTHETIC
H0003455,SME001388,PAYROLL_SERVICES,2020-05-24,80368105.400000,525940.760000,True,CONTROLLED_SYNTHETIC
H0003456,SME001392,PAYROLL_SERVICES,2021-05-21,3153770.400000,70551.500000,True,CONTROLLED_SYNTHETIC
H0003457,SME001393,PAYROLL_SERVICES,2020-02-25,19582715.440000,544569.840000,True,CONTROLLED_SYNTHETIC
H0003458,SME001396,PAYROLL_SERVICES,2025-12-28,46353087.920000,616900.900000,True,CONTROLLED_SYNTHETIC
H0003459,SME001401,PAYROLL_SERVICES,2025-08-05,20411276.400000,353954.290000,True,CONTROLLED_SYNTHETIC
H0003460,SME001403,PAYROLL_SERVICES,2022-05-29,3603568.120000,53378.120000,True,CONTROLLED_SYNTHETIC
H0003461,SME001411,PAYROLL_SERVICES,2025-01-13,880768.760000,10025.180000,True,CONTROLLED_SYNTHETIC
H0003462,SME001417,PAYROLL_SERVICES,2021-03-15,15693561.880000,202971.590000,True,CONTROLLED_SYNTHETIC
H0003463,SME001422,PAYROLL_SERVICES,2024-04-26,13478755.120000,727726.040000,True,CONTROLLED_SYNTHETIC
H0003464,SME001423,PAYROLL_SERVICES,2020-10-03,4183007.120000,110894.830000,True,CONTROLLED_SYNTHETIC
H0003465,SME001427,PAYROLL_SERVICES,2024-01-23,17904028.440000,296753.210000,True,CONTROLLED_SYNTHETIC
H0003466,SME001429,PAYROLL_SERVICES,2024-03-08,12405415.280000,319786.100000,True,CONTROLLED_SYNTHETIC
H0003467,SME001432,PAYROLL_SERVICES,2022-08-20,14285826.280000,166805.410000,True,CONTROLLED_SYNTHETIC
H0003468,SME001436,PAYROLL_SERVICES,2022-10-03,3208004.640000,113172.400000,True,CONTROLLED_SYNTHETIC
H0003469,SME001437,PAYROLL_SERVICES,2022-11-30,2008116.480000,86049.140000,True,CONTROLLED_SYNTHETIC
H0003470,SME001440,PAYROLL_SERVICES,2024-09-29,5636612.360000,105702.450000,True,CONTROLLED_SYNTHETIC
H0003471,SME001444,PAYROLL_SERVICES,2020-03-04,2684954.680000,81196.650000,True,CONTROLLED_SYNTHETIC
H0003472,SME001446,PAYROLL_SERVICES,2025-03-04,87049881.400000,1878227.050000,True,CONTROLLED_SYNTHETIC
H0003473,SME001447,PAYROLL_SERVICES,2024-02-20,2127522.480000,61042.430000,True,CONTROLLED_SYNTHETIC
H0003474,SME001449,PAYROLL_SERVICES,2020-08-30,8181304.960000,425393.340000,True,CONTROLLED_SYNTHETIC
H0003475,SME001452,PAYROLL_SERVICES,2021-02-03,3436719.960000,52507.700000,True,CONTROLLED_SYNTHETIC
H0003476,SME001455,PAYROLL_SERVICES,2021-09-07,1711453.760000,75791.890000,True,CONTROLLED_SYNTHETIC
H0003477,SME001456,PAYROLL_SERVICES,2024-10-14,4238231.360000,205939.160000,True,CONTROLLED_SYNTHETIC
H0003478,SME001458,PAYROLL_SERVICES,2022-04-26,92887169.120000,4694282.200000,True,CONTROLLED_SYNTHETIC
H0003479,SME001461,PAYROLL_SERVICES,2022-12-31,4592040.440000,139350.490000,True,CONTROLLED_SYNTHETIC
H0003480,SME001463,PAYROLL_SERVICES,2021-06-12,17138086.080000,412035.570000,True,CONTROLLED_SYNTHETIC
H0003481,SME001465,PAYROLL_SERVICES,2021-11-16,17533432.280000,106815.250000,True,CONTROLLED_SYNTHETIC
H0003482,SME001466,PAYROLL_SERVICES,2021-08-17,2372399.240000,21863.510000,True,CONTROLLED_SYNTHETIC
H0003483,SME001467,PAYROLL_SERVICES,2026-02-26,2062299.120000,98545.050000,True,CONTROLLED_SYNTHETIC
H0003484,SME001471,PAYROLL_SERVICES,2022-10-01,3784268.720000,80598.510000,True,CONTROLLED_SYNTHETIC
H0003485,SME001472,PAYROLL_SERVICES,2023-03-10,3240354.200000,167275.040000,True,CONTROLLED_SYNTHETIC
H0003486,SME001474,PAYROLL_SERVICES,2021-03-23,12674783.880000,641477.270000,True,CONTROLLED_SYNTHETIC
H0003487,SME001476,PAYROLL_SERVICES,2026-02-25,3402738.960000,73568.570000,True,CONTROLLED_SYNTHETIC
H0003488,SME001480,PAYROLL_SERVICES,2025-11-13,18275204.960000,153701.820000,True,CONTROLLED_SYNTHETIC
H0003489,SME001484,PAYROLL_SERVICES,2021-04-28,1277586.960000,20809.530000,True,CONTROLLED_SYNTHETIC
H0003490,SME001487,PAYROLL_SERVICES,2020-12-04,12753526.800000,387173.250000,True,CONTROLLED_SYNTHETIC
H0003491,SME001494,PAYROLL_SERVICES,2020-06-16,60290991.280000,1293458.330000,True,CONTROLLED_SYNTHETIC
H0003492,SME001496,PAYROLL_SERVICES,2021-08-01,10332868.200000,440428.290000,True,CONTROLLED_SYNTHETIC
H0003493,SME001497,PAYROLL_SERVICES,2025-09-10,2596464.240000,116221.690000,True,CONTROLLED_SYNTHETIC
H0003494,SME001501,PAYROLL_SERVICES,2021-07-18,49930086.520000,1267198.350000,True,CONTROLLED_SYNTHETIC
H0003495,SME001502,PAYROLL_SERVICES,2021-03-27,3760860.280000,24292.640000,True,CONTROLLED_SYNTHETIC
H0003496,SME001518,PAYROLL_SERVICES,2026-05-15,12319191.280000,360912.930000,True,CONTROLLED_SYNTHETIC
H0003497,SME001520,PAYROLL_SERVICES,2023-06-13,1869682.560000,27855.940000,True,CONTROLLED_SYNTHETIC
H0003498,SME001521,PAYROLL_SERVICES,2026-04-07,7998931.280000,245225.350000,True,CONTROLLED_SYNTHETIC
H0003499,SME001527,PAYROLL_SERVICES,2021-09-02,1414744.560000,29933.930000,True,CONTROLLED_SYNTHETIC
H0003500,SME001535,PAYROLL_SERVICES,2024-06-20,16415108.120000,755563.670000,True,CONTROLLED_SYNTHETIC
H0003501,SME001537,PAYROLL_SERVICES,2020-05-17,2048616.640000,106012.400000,True,CONTROLLED_SYNTHETIC
H0003502,SME001539,PAYROLL_SERVICES,2023-12-21,99307210.280000,2458382.290000,True,CONTROLLED_SYNTHETIC
H0003503,SME001540,PAYROLL_SERVICES,2024-09-23,2055640.840000,74001.320000,True,CONTROLLED_SYNTHETIC
H0003504,SME001548,PAYROLL_SERVICES,2020-11-28,113685812.560000,3063724.480000,True,CONTROLLED_SYNTHETIC
H0003505,SME001552,PAYROLL_SERVICES,2020-10-14,21811647.480000,881078.240000,True,CONTROLLED_SYNTHETIC
H0003506,SME001554,PAYROLL_SERVICES,2024-10-24,50211055.640000,2692942.580000,True,CONTROLLED_SYNTHETIC
H0003507,SME001555,PAYROLL_SERVICES,2021-01-18,746396.360000,20492.230000,True,CONTROLLED_SYNTHETIC
H0003508,SME001556,PAYROLL_SERVICES,2021-05-03,1707040.280000,59052.050000,True,CONTROLLED_SYNTHETIC
H0003509,SME001557,PAYROLL_SERVICES,2023-05-14,9478766.240000,295920.200000,True,CONTROLLED_SYNTHETIC
H0003510,SME001562,PAYROLL_SERVICES,2021-07-17,10159996.040000,539834.670000,True,CONTROLLED_SYNTHETIC
H0003511,SME001565,PAYROLL_SERVICES,2022-06-13,9618540.400000,149958.080000,True,CONTROLLED_SYNTHETIC
H0003512,SME001568,PAYROLL_SERVICES,2026-03-03,3143634.800000,41920.510000,True,CONTROLLED_SYNTHETIC
H0003513,SME001572,PAYROLL_SERVICES,2021-07-26,2432757.280000,19759.340000,True,CONTROLLED_SYNTHETIC
H0003514,SME001575,PAYROLL_SERVICES,2020-03-13,13328540.480000,178003.450000,True,CONTROLLED_SYNTHETIC
H0003515,SME001576,PAYROLL_SERVICES,2025-10-17,2316839.720000,89149.320000,True,CONTROLLED_SYNTHETIC
H0003516,SME001578,PAYROLL_SERVICES,2021-10-26,17994055.800000,650557.360000,True,CONTROLLED_SYNTHETIC
H0003517,SME001580,PAYROLL_SERVICES,2020-12-27,2427956.720000,36099.580000,True,CONTROLLED_SYNTHETIC
H0003518,SME001583,PAYROLL_SERVICES,2023-12-12,2378664.760000,15117.900000,True,CONTROLLED_SYNTHETIC
H0003519,SME001587,PAYROLL_SERVICES,2023-09-22,3544931.520000,82150.370000,True,CONTROLLED_SYNTHETIC
H0003520,SME001589,PAYROLL_SERVICES,2021-04-01,2759265.120000,70682.580000,True,CONTROLLED_SYNTHETIC
H0003521,SME001590,PAYROLL_SERVICES,2021-11-22,14751102.120000,522328.830000,True,CONTROLLED_SYNTHETIC
H0003522,SME001593,PAYROLL_SERVICES,2021-09-14,1427376.320000,63077.940000,True,CONTROLLED_SYNTHETIC
H0003523,SME001597,PAYROLL_SERVICES,2020-10-08,77086250.560000,4145291.850000,True,CONTROLLED_SYNTHETIC
H0003524,SME001598,PAYROLL_SERVICES,2025-04-18,3158166.160000,168965.520000,True,CONTROLLED_SYNTHETIC
H0003525,SME001600,PAYROLL_SERVICES,2020-04-29,2168829.160000,106944.180000,True,CONTROLLED_SYNTHETIC
H0003526,SME001602,PAYROLL_SERVICES,2020-03-27,1879537.000000,9547.470000,True,CONTROLLED_SYNTHETIC
H0003527,SME001607,PAYROLL_SERVICES,2025-02-02,3616301.760000,131173.360000,True,CONTROLLED_SYNTHETIC
H0003528,SME001608,PAYROLL_SERVICES,2021-02-09,19621940.840000,857702.650000,True,CONTROLLED_SYNTHETIC
H0003529,SME001612,PAYROLL_SERVICES,2025-12-20,3537488.480000,46951.530000,True,CONTROLLED_SYNTHETIC
H0003530,SME001614,PAYROLL_SERVICES,2021-03-23,17373984.720000,483929.350000,True,CONTROLLED_SYNTHETIC
H0003531,SME001615,PAYROLL_SERVICES,2025-07-03,1734754.960000,60348.720000,True,CONTROLLED_SYNTHETIC
H0003532,SME001624,PAYROLL_SERVICES,2023-06-26,4008240.040000,110116.650000,True,CONTROLLED_SYNTHETIC
H0003533,SME001629,PAYROLL_SERVICES,2023-07-25,18333257.360000,688454.070000,True,CONTROLLED_SYNTHETIC
H0003534,SME001632,PAYROLL_SERVICES,2022-10-20,70554888.880000,351450.630000,True,CONTROLLED_SYNTHETIC
H0003535,SME001635,PAYROLL_SERVICES,2022-02-28,3905870.120000,29668.800000,True,CONTROLLED_SYNTHETIC
H0003536,SME001639,PAYROLL_SERVICES,2020-08-20,3164392.320000,20696.850000,True,CONTROLLED_SYNTHETIC
H0003537,SME001640,PAYROLL_SERVICES,2025-03-22,24578356.840000,1339923.190000,True,CONTROLLED_SYNTHETIC
H0003538,SME001653,PAYROLL_SERVICES,2022-12-19,13030867.960000,106889.260000,True,CONTROLLED_SYNTHETIC
H0003539,SME001654,PAYROLL_SERVICES,2025-11-23,82418489.200000,1977705.300000,True,CONTROLLED_SYNTHETIC
H0003540,SME001655,PAYROLL_SERVICES,2024-12-01,3714294.000000,182086.510000,True,CONTROLLED_SYNTHETIC
H0003541,SME001657,PAYROLL_SERVICES,2024-01-24,13746987.760000,268883.930000,True,CONTROLLED_SYNTHETIC
H0003542,SME001668,PAYROLL_SERVICES,2026-04-25,95183230.160000,638575.490000,True,CONTROLLED_SYNTHETIC
H0003543,SME001669,PAYROLL_SERVICES,2021-03-03,41935925.080000,551559.080000,True,CONTROLLED_SYNTHETIC
H0003544,SME001671,PAYROLL_SERVICES,2021-01-01,3587272.040000,116378.010000,True,CONTROLLED_SYNTHETIC
H0003545,SME001677,PAYROLL_SERVICES,2021-05-25,13539733.240000,455372.350000,True,CONTROLLED_SYNTHETIC
H0003546,SME001684,PAYROLL_SERVICES,2025-03-20,6184481.400000,133633.820000,True,CONTROLLED_SYNTHETIC
H0003547,SME001687,PAYROLL_SERVICES,2022-01-26,14956041.520000,434637.460000,True,CONTROLLED_SYNTHETIC
H0003548,SME001688,PAYROLL_SERVICES,2025-10-03,5453787.400000,35117.150000,True,CONTROLLED_SYNTHETIC
H0003549,SME001692,PAYROLL_SERVICES,2022-04-04,12070840.520000,68568.960000,True,CONTROLLED_SYNTHETIC
H0003550,SME001694,PAYROLL_SERVICES,2022-10-28,3298006.960000,62336.210000,True,CONTROLLED_SYNTHETIC
H0003551,SME001695,PAYROLL_SERVICES,2021-10-16,2186478.320000,84906.460000,True,CONTROLLED_SYNTHETIC
H0003552,SME001696,PAYROLL_SERVICES,2024-09-16,20605857.120000,993866.240000,True,CONTROLLED_SYNTHETIC
H0003553,SME001698,PAYROLL_SERVICES,2022-09-14,3920308.040000,69172.000000,True,CONTROLLED_SYNTHETIC
H0003554,SME001700,PAYROLL_SERVICES,2022-01-15,2286743.960000,45009.010000,True,CONTROLLED_SYNTHETIC
H0003555,SME001701,PAYROLL_SERVICES,2021-06-20,1168629.600000,51138.000000,True,CONTROLLED_SYNTHETIC
H0003556,SME001703,PAYROLL_SERVICES,2022-07-28,1309512.960000,64926.720000,True,CONTROLLED_SYNTHETIC
H0003557,SME001717,PAYROLL_SERVICES,2022-08-12,7826604.160000,401194.880000,True,CONTROLLED_SYNTHETIC
H0003558,SME001724,PAYROLL_SERVICES,2022-09-04,5001674.480000,36570.320000,True,CONTROLLED_SYNTHETIC
H0003559,SME001735,PAYROLL_SERVICES,2025-10-04,14589741.360000,325171.930000,True,CONTROLLED_SYNTHETIC
H0003560,SME001736,PAYROLL_SERVICES,2022-05-12,2734275.480000,104353.000000,True,CONTROLLED_SYNTHETIC
H0003561,SME001740,PAYROLL_SERVICES,2021-06-15,9872786.080000,453470.700000,True,CONTROLLED_SYNTHETIC
H0003562,SME001741,PAYROLL_SERVICES,2022-10-08,11443845.840000,561272.360000,True,CONTROLLED_SYNTHETIC
H0003563,SME001742,PAYROLL_SERVICES,2024-07-25,3815282.320000,50068.990000,True,CONTROLLED_SYNTHETIC
H0003564,SME001743,PAYROLL_SERVICES,2022-08-15,22802745.720000,707610.740000,True,CONTROLLED_SYNTHETIC
H0003565,SME001745,PAYROLL_SERVICES,2024-10-12,2444219.040000,26038.920000,True,CONTROLLED_SYNTHETIC
H0003566,SME001758,PAYROLL_SERVICES,2025-09-23,2663157.920000,136821.990000,True,CONTROLLED_SYNTHETIC
H0003567,SME001759,PAYROLL_SERVICES,2023-03-25,13329806.880000,136488.770000,True,CONTROLLED_SYNTHETIC
H0003568,SME001764,PAYROLL_SERVICES,2025-06-25,3533708.560000,180846.520000,True,CONTROLLED_SYNTHETIC
H0003569,SME001769,PAYROLL_SERVICES,2023-09-05,14816894.440000,220339.560000,True,CONTROLLED_SYNTHETIC
H0003570,SME001773,PAYROLL_SERVICES,2024-02-15,2863314.120000,108239.850000,True,CONTROLLED_SYNTHETIC
H0003571,SME001776,PAYROLL_SERVICES,2021-04-23,2940829.440000,67038.940000,True,CONTROLLED_SYNTHETIC
H0003572,SME001778,PAYROLL_SERVICES,2020-02-19,13038671.280000,257994.540000,True,CONTROLLED_SYNTHETIC
H0003573,SME001781,PAYROLL_SERVICES,2024-03-07,13993870.560000,380734.670000,True,CONTROLLED_SYNTHETIC
H0003574,SME001783,PAYROLL_SERVICES,2024-03-21,11616657.760000,382359.760000,True,CONTROLLED_SYNTHETIC
H0003575,SME001787,PAYROLL_SERVICES,2026-04-28,55462124.080000,1884430.840000,True,CONTROLLED_SYNTHETIC
H0003576,SME001789,PAYROLL_SERVICES,2026-01-31,1803817.760000,7470.490000,True,CONTROLLED_SYNTHETIC
H0003577,SME001790,PAYROLL_SERVICES,2023-08-09,2709511.600000,82416.970000,True,CONTROLLED_SYNTHETIC
H0003578,SME001796,PAYROLL_SERVICES,2023-03-15,19991288.160000,510371.930000,True,CONTROLLED_SYNTHETIC
H0003579,SME001797,PAYROLL_SERVICES,2023-10-09,3136585.640000,140640.510000,True,CONTROLLED_SYNTHETIC
H0003580,SME001798,PAYROLL_SERVICES,2025-08-08,94301949.800000,4316529.370000,True,CONTROLLED_SYNTHETIC
H0003581,SME001802,PAYROLL_SERVICES,2023-12-24,43835206.880000,252893.310000,True,CONTROLLED_SYNTHETIC
H0003582,SME001804,PAYROLL_SERVICES,2021-03-10,10627882.560000,462987.840000,True,CONTROLLED_SYNTHETIC
H0003583,SME001808,PAYROLL_SERVICES,2021-04-19,3923401.800000,166105.240000,True,CONTROLLED_SYNTHETIC
H0003584,SME001809,PAYROLL_SERVICES,2021-05-17,16060211.160000,604103.200000,True,CONTROLLED_SYNTHETIC
H0003585,SME001810,PAYROLL_SERVICES,2020-05-19,877921.840000,23270.210000,True,CONTROLLED_SYNTHETIC
H0003586,SME001816,PAYROLL_SERVICES,2022-10-04,4606063.960000,59241.210000,True,CONTROLLED_SYNTHETIC
H0003587,SME001823,PAYROLL_SERVICES,2023-01-15,9170762.960000,320717.650000,True,CONTROLLED_SYNTHETIC
H0003588,SME001826,PAYROLL_SERVICES,2024-02-22,2974958.640000,151180.390000,True,CONTROLLED_SYNTHETIC
H0003589,SME001827,PAYROLL_SERVICES,2025-01-15,4020591.160000,92303.100000,True,CONTROLLED_SYNTHETIC
H0003590,SME001830,PAYROLL_SERVICES,2023-06-27,19589441.520000,700024.660000,True,CONTROLLED_SYNTHETIC
H0003591,SME001835,PAYROLL_SERVICES,2022-10-12,4031982.000000,183138.440000,True,CONTROLLED_SYNTHETIC
H0003592,SME001839,PAYROLL_SERVICES,2025-04-09,1423532.200000,11177.750000,True,CONTROLLED_SYNTHETIC
H0003593,SME001841,PAYROLL_SERVICES,2023-09-27,102945738.920000,5564492.300000,True,CONTROLLED_SYNTHETIC
H0003594,SME001842,PAYROLL_SERVICES,2020-06-18,18339986.400000,684686.580000,True,CONTROLLED_SYNTHETIC
H0003595,SME001844,PAYROLL_SERVICES,2023-09-02,2239464.560000,111532.440000,True,CONTROLLED_SYNTHETIC
H0003596,SME001845,PAYROLL_SERVICES,2026-03-01,1888386.160000,41902.110000,True,CONTROLLED_SYNTHETIC
H0003597,SME001846,PAYROLL_SERVICES,2021-03-16,3978154.480000,117270.540000,True,CONTROLLED_SYNTHETIC
H0003598,SME001853,PAYROLL_SERVICES,2024-02-06,1369463.000000,10868.990000,True,CONTROLLED_SYNTHETIC
H0003599,SME001856,PAYROLL_SERVICES,2025-04-22,1896561.200000,76719.420000,True,CONTROLLED_SYNTHETIC
H0003600,SME001863,PAYROLL_SERVICES,2022-11-29,4399307.640000,83262.070000,True,CONTROLLED_SYNTHETIC
H0003601,SME001864,PAYROLL_SERVICES,2024-08-03,8177772.760000,238734.110000,True,CONTROLLED_SYNTHETIC
H0003602,SME001867,PAYROLL_SERVICES,2021-06-28,809601.000000,19663.220000,True,CONTROLLED_SYNTHETIC
H0003603,SME001870,PAYROLL_SERVICES,2026-01-15,17647142.920000,848789.790000,True,CONTROLLED_SYNTHETIC
H0003604,SME001875,PAYROLL_SERVICES,2021-08-24,12417476.960000,593620.590000,True,CONTROLLED_SYNTHETIC
H0003605,SME001878,PAYROLL_SERVICES,2022-12-02,9327292.840000,320294.690000,True,CONTROLLED_SYNTHETIC
H0003606,SME001880,PAYROLL_SERVICES,2023-11-02,3442822.640000,172456.380000,True,CONTROLLED_SYNTHETIC
H0003607,SME001883,PAYROLL_SERVICES,2023-02-06,3866638.040000,33931.890000,True,CONTROLLED_SYNTHETIC
H0003608,SME001884,PAYROLL_SERVICES,2024-03-06,13457812.680000,518615.020000,True,CONTROLLED_SYNTHETIC
H0003609,SME001886,PAYROLL_SERVICES,2020-11-08,65003133.600000,2640482.830000,True,CONTROLLED_SYNTHETIC
H0003610,SME001889,PAYROLL_SERVICES,2024-11-22,4615585.280000,190031.450000,True,CONTROLLED_SYNTHETIC
H0003611,SME001892,PAYROLL_SERVICES,2021-11-07,11925081.000000,253467.270000,True,CONTROLLED_SYNTHETIC
H0003612,SME001893,PAYROLL_SERVICES,2023-04-02,8970155.240000,249441.690000,True,CONTROLLED_SYNTHETIC
H0003613,SME001901,PAYROLL_SERVICES,2020-11-11,19720564.960000,1048080.110000,True,CONTROLLED_SYNTHETIC
H0003614,SME001902,PAYROLL_SERVICES,2021-06-01,1148633.480000,44129.620000,True,CONTROLLED_SYNTHETIC
H0003615,SME001905,PAYROLL_SERVICES,2026-01-17,2355376.120000,70461.580000,True,CONTROLLED_SYNTHETIC
H0003616,SME001906,PAYROLL_SERVICES,2024-05-26,1352102.600000,72591.380000,True,CONTROLLED_SYNTHETIC
H0003617,SME001907,PAYROLL_SERVICES,2026-03-01,14376998.360000,706399.960000,True,CONTROLLED_SYNTHETIC
H0003618,SME001909,PAYROLL_SERVICES,2025-08-25,1198146.200000,37612.690000,True,CONTROLLED_SYNTHETIC
H0003619,SME001910,PAYROLL_SERVICES,2024-03-16,98687386.760000,4338330.760000,True,CONTROLLED_SYNTHETIC
H0003620,SME001912,PAYROLL_SERVICES,2023-02-22,12228052.040000,579820.160000,True,CONTROLLED_SYNTHETIC
H0003621,SME001914,PAYROLL_SERVICES,2021-06-20,17479983.840000,584710.500000,True,CONTROLLED_SYNTHETIC
H0003622,SME001915,PAYROLL_SERVICES,2023-02-07,4866357.240000,234602.190000,True,CONTROLLED_SYNTHETIC
H0003623,SME001920,PAYROLL_SERVICES,2026-04-14,6543841.600000,136552.590000,True,CONTROLLED_SYNTHETIC
H0003624,SME001921,PAYROLL_SERVICES,2026-04-19,14395574.400000,632268.940000,True,CONTROLLED_SYNTHETIC
H0003625,SME001927,PAYROLL_SERVICES,2023-01-10,2742177.080000,55626.720000,True,CONTROLLED_SYNTHETIC
H0003626,SME001929,PAYROLL_SERVICES,2021-12-20,17490087.520000,959354.030000,True,CONTROLLED_SYNTHETIC
H0003627,SME001934,PAYROLL_SERVICES,2023-11-19,87858063.520000,4220578.270000,True,CONTROLLED_SYNTHETIC
H0003628,SME001939,PAYROLL_SERVICES,2024-09-09,13383053.640000,250330.480000,True,CONTROLLED_SYNTHETIC
H0003629,SME001941,PAYROLL_SERVICES,2020-04-05,3163050.960000,109855.860000,True,CONTROLLED_SYNTHETIC
H0003630,SME001943,PAYROLL_SERVICES,2020-04-18,22673646.760000,1074611.920000,True,CONTROLLED_SYNTHETIC
H0003631,SME001946,PAYROLL_SERVICES,2023-06-16,4160714.240000,186015.930000,True,CONTROLLED_SYNTHETIC
H0003632,SME001954,PAYROLL_SERVICES,2025-12-05,24159997.000000,1169651.680000,True,CONTROLLED_SYNTHETIC
H0003633,SME001962,PAYROLL_SERVICES,2025-08-07,1776508.920000,39571.270000,True,CONTROLLED_SYNTHETIC
H0003634,SME001969,PAYROLL_SERVICES,2024-09-08,64735542.720000,2638590.190000,True,CONTROLLED_SYNTHETIC
H0003635,SME001970,PAYROLL_SERVICES,2024-11-25,9472432.960000,397376.160000,True,CONTROLLED_SYNTHETIC
H0003636,SME001972,PAYROLL_SERVICES,2023-10-11,54524716.360000,2400825.460000,True,CONTROLLED_SYNTHETIC
H0003637,SME001975,PAYROLL_SERVICES,2025-11-28,11970220.760000,606882.400000,True,CONTROLLED_SYNTHETIC
H0003638,SME001978,PAYROLL_SERVICES,2021-08-26,11977383.400000,131312.870000,True,CONTROLLED_SYNTHETIC
H0003639,SME001979,PAYROLL_SERVICES,2020-06-26,4120215.080000,22148.950000,True,CONTROLLED_SYNTHETIC
H0003640,SME001982,PAYROLL_SERVICES,2024-05-09,32066044.160000,697379.380000,True,CONTROLLED_SYNTHETIC
H0003641,SME001983,PAYROLL_SERVICES,2022-01-22,1039653.960000,18750.050000,True,CONTROLLED_SYNTHETIC
H0003642,SME001994,PAYROLL_SERVICES,2024-06-30,16521625.160000,760282.970000,True,CONTROLLED_SYNTHETIC
H0003643,SME001997,PAYROLL_SERVICES,2025-05-17,3882766.840000,198631.540000,True,CONTROLLED_SYNTHETIC
H0003644,SME001998,PAYROLL_SERVICES,2024-11-10,41517089.000000,1722238.310000,True,CONTROLLED_SYNTHETIC
H0003645,SME002000,PAYROLL_SERVICES,2020-07-29,3840375.520000,150328.850000,True,CONTROLLED_SYNTHETIC
H0003646,SME002002,PAYROLL_SERVICES,2021-11-23,3742743.440000,62571.310000,True,CONTROLLED_SYNTHETIC
H0003647,SME002004,PAYROLL_SERVICES,2024-04-08,15828437.440000,774385.640000,True,CONTROLLED_SYNTHETIC
H0003648,SME002007,PAYROLL_SERVICES,2024-12-09,11278990.200000,173970.340000,True,CONTROLLED_SYNTHETIC
H0003649,SME002009,PAYROLL_SERVICES,2020-04-13,4007667.360000,60643.510000,True,CONTROLLED_SYNTHETIC
H0003650,SME002010,PAYROLL_SERVICES,2026-04-05,16036643.560000,750281.080000,True,CONTROLLED_SYNTHETIC
H0003651,SME002014,PAYROLL_SERVICES,2023-08-25,1449932.480000,67515.250000,True,CONTROLLED_SYNTHETIC
H0003652,SME002016,PAYROLL_SERVICES,2025-11-30,17031857.400000,131076.150000,True,CONTROLLED_SYNTHETIC
H0003653,SME002018,PAYROLL_SERVICES,2020-06-01,12422640.600000,343791.480000,True,CONTROLLED_SYNTHETIC
H0003654,SME002019,PAYROLL_SERVICES,2024-04-08,10295969.360000,216485.890000,True,CONTROLLED_SYNTHETIC
H0003655,SME002027,PAYROLL_SERVICES,2025-10-10,8936018.600000,149683.420000,True,CONTROLLED_SYNTHETIC
H0003656,SME002033,PAYROLL_SERVICES,2024-07-26,7568388.920000,98475.820000,True,CONTROLLED_SYNTHETIC
H0003657,SME002034,PAYROLL_SERVICES,2022-11-06,14327146.320000,764338.110000,True,CONTROLLED_SYNTHETIC
H0003658,SME002035,PAYROLL_SERVICES,2023-01-14,11702591.720000,147588.990000,True,CONTROLLED_SYNTHETIC
H0003659,SME002039,PAYROLL_SERVICES,2024-07-13,6226969.720000,151080.830000,True,CONTROLLED_SYNTHETIC
H0003660,SME002042,PAYROLL_SERVICES,2022-03-11,8466658.800000,423455.900000,True,CONTROLLED_SYNTHETIC
H0003661,SME002045,PAYROLL_SERVICES,2023-12-16,11659548.400000,548524.230000,True,CONTROLLED_SYNTHETIC
H0003662,SME002049,PAYROLL_SERVICES,2024-04-07,15027028.600000,527970.340000,True,CONTROLLED_SYNTHETIC
H0003663,SME002054,PAYROLL_SERVICES,2022-08-29,8814640.440000,353378.800000,True,CONTROLLED_SYNTHETIC
H0003664,SME002056,PAYROLL_SERVICES,2020-02-26,3490455.640000,184745.440000,True,CONTROLLED_SYNTHETIC
H0003665,SME002061,PAYROLL_SERVICES,2022-10-11,16443090.240000,423753.700000,True,CONTROLLED_SYNTHETIC
H0003666,SME002063,PAYROLL_SERVICES,2020-04-05,11613239.480000,233698.660000,True,CONTROLLED_SYNTHETIC
H0003667,SME002066,PAYROLL_SERVICES,2023-03-09,6839868.720000,234706.930000,True,CONTROLLED_SYNTHETIC
H0003668,SME002068,PAYROLL_SERVICES,2025-06-24,3838505.240000,210727.360000,True,CONTROLLED_SYNTHETIC
H0003669,SME002070,PAYROLL_SERVICES,2021-04-09,2519396.240000,103248.340000,True,CONTROLLED_SYNTHETIC
H0003670,SME002072,PAYROLL_SERVICES,2020-08-13,59563153.680000,2998805.500000,True,CONTROLLED_SYNTHETIC
H0003671,SME002076,PAYROLL_SERVICES,2020-05-17,44794940.160000,410977.980000,True,CONTROLLED_SYNTHETIC
H0003672,SME002079,PAYROLL_SERVICES,2023-02-07,16234727.640000,370774.670000,True,CONTROLLED_SYNTHETIC
H0003673,SME002082,PAYROLL_SERVICES,2025-04-28,2470381.960000,15105.320000,True,CONTROLLED_SYNTHETIC
H0003674,SME002085,PAYROLL_SERVICES,2025-07-14,19804590.720000,390223.700000,True,CONTROLLED_SYNTHETIC
H0003675,SME002088,PAYROLL_SERVICES,2021-01-16,1852251.440000,74521.270000,True,CONTROLLED_SYNTHETIC
H0003676,SME002092,PAYROLL_SERVICES,2026-05-16,1294815.080000,59243.560000,True,CONTROLLED_SYNTHETIC
H0003677,SME002094,PAYROLL_SERVICES,2021-08-26,13928133.880000,558284.890000,True,CONTROLLED_SYNTHETIC
H0003678,SME002098,PAYROLL_SERVICES,2025-07-22,20459467.280000,1054219.620000,True,CONTROLLED_SYNTHETIC
H0003679,SME002101,PAYROLL_SERVICES,2020-02-17,3042037.160000,163541.030000,True,CONTROLLED_SYNTHETIC
H0003680,SME002105,PAYROLL_SERVICES,2023-07-18,13329604.680000,586573.150000,True,CONTROLLED_SYNTHETIC
H0003681,SME002107,PAYROLL_SERVICES,2025-11-23,7869880.840000,242075.320000,True,CONTROLLED_SYNTHETIC
H0003682,SME002109,PAYROLL_SERVICES,2025-08-12,106284611.480000,5297585.990000,True,CONTROLLED_SYNTHETIC
H0003683,SME002110,PAYROLL_SERVICES,2020-09-01,15945107.520000,443909.660000,True,CONTROLLED_SYNTHETIC
H0003684,SME002112,PAYROLL_SERVICES,2026-05-05,10389905.560000,283684.840000,True,CONTROLLED_SYNTHETIC
H0003685,SME002113,PAYROLL_SERVICES,2021-01-31,720486.120000,31566.400000,True,CONTROLLED_SYNTHETIC
H0003686,SME002116,PAYROLL_SERVICES,2021-07-17,77405656.600000,3031488.100000,True,CONTROLLED_SYNTHETIC
H0003687,SME002122,PAYROLL_SERVICES,2025-07-22,79720811.040000,2389372.960000,True,CONTROLLED_SYNTHETIC
H0003688,SME002129,PAYROLL_SERVICES,2021-05-22,3881115.440000,23903.100000,True,CONTROLLED_SYNTHETIC
H0003689,SME002133,PAYROLL_SERVICES,2023-10-26,1467467.320000,33581.110000,True,CONTROLLED_SYNTHETIC
H0003690,SME002135,PAYROLL_SERVICES,2022-11-10,2077552.720000,51286.100000,True,CONTROLLED_SYNTHETIC
H0003691,SME002137,PAYROLL_SERVICES,2023-08-22,22044236.440000,290599.680000,True,CONTROLLED_SYNTHETIC
H0003692,SME002139,PAYROLL_SERVICES,2025-06-17,4031902.560000,97099.750000,True,CONTROLLED_SYNTHETIC
H0003693,SME002143,PAYROLL_SERVICES,2020-03-03,17838809.760000,795496.420000,True,CONTROLLED_SYNTHETIC
H0003694,SME002144,PAYROLL_SERVICES,2023-03-02,1413557.640000,45866.720000,True,CONTROLLED_SYNTHETIC
H0003695,SME002149,PAYROLL_SERVICES,2024-12-27,3819223.560000,85483.570000,True,CONTROLLED_SYNTHETIC
H0003696,SME002152,PAYROLL_SERVICES,2024-10-12,22171274.120000,376156.240000,True,CONTROLLED_SYNTHETIC
H0003697,SME002156,PAYROLL_SERVICES,2020-05-15,15526470.320000,710900.310000,True,CONTROLLED_SYNTHETIC
H0003698,SME002158,PAYROLL_SERVICES,2025-05-26,4223116.040000,84267.520000,True,CONTROLLED_SYNTHETIC
H0003699,SME002159,PAYROLL_SERVICES,2022-06-17,7275847.160000,93150.830000,True,CONTROLLED_SYNTHETIC
H0003700,SME002164,PAYROLL_SERVICES,2022-08-17,14607807.880000,109237.900000,True,CONTROLLED_SYNTHETIC
H0003701,SME002166,PAYROLL_SERVICES,2023-11-22,1876955.400000,67972.370000,True,CONTROLLED_SYNTHETIC
H0003702,SME002167,PAYROLL_SERVICES,2021-10-11,13027650.120000,465851.520000,True,CONTROLLED_SYNTHETIC
H0003703,SME002168,PAYROLL_SERVICES,2024-07-20,2498193.000000,130789.380000,True,CONTROLLED_SYNTHETIC
H0003704,SME002175,PAYROLL_SERVICES,2024-02-09,4676660.400000,105381.990000,True,CONTROLLED_SYNTHETIC
H0003705,SME002181,PAYROLL_SERVICES,2021-09-06,54779314.120000,610540.140000,True,CONTROLLED_SYNTHETIC
H0003706,SME002185,PAYROLL_SERVICES,2020-03-16,15738744.040000,556934.300000,True,CONTROLLED_SYNTHETIC
H0003707,SME002187,PAYROLL_SERVICES,2021-07-09,2750094.560000,102390.100000,True,CONTROLLED_SYNTHETIC
H0003708,SME002189,PAYROLL_SERVICES,2020-07-15,22044631.400000,850159.740000,True,CONTROLLED_SYNTHETIC
H0003709,SME002191,PAYROLL_SERVICES,2024-08-18,1443859.440000,18198.740000,True,CONTROLLED_SYNTHETIC
H0003710,SME002192,PAYROLL_SERVICES,2022-03-03,3233604.800000,109156.530000,True,CONTROLLED_SYNTHETIC
H0003711,SME002196,PAYROLL_SERVICES,2021-07-06,1698983.760000,10780.020000,True,CONTROLLED_SYNTHETIC
H0003712,SME002197,PAYROLL_SERVICES,2020-10-11,8288517.280000,432119.210000,True,CONTROLLED_SYNTHETIC
H0003713,SME002203,PAYROLL_SERVICES,2024-10-27,14170628.360000,409130.290000,True,CONTROLLED_SYNTHETIC
H0003714,SME002207,PAYROLL_SERVICES,2020-02-11,3493433.280000,110157.760000,True,CONTROLLED_SYNTHETIC
H0003715,SME002211,PAYROLL_SERVICES,2026-02-21,2402721.040000,70047.060000,True,CONTROLLED_SYNTHETIC
H0003716,SME002213,PAYROLL_SERVICES,2021-01-19,13813284.360000,310193.390000,True,CONTROLLED_SYNTHETIC
H0003717,SME002215,PAYROLL_SERVICES,2022-10-30,95058707.080000,1272671.810000,True,CONTROLLED_SYNTHETIC
H0003718,SME002217,PAYROLL_SERVICES,2021-04-24,8336491.120000,157702.190000,True,CONTROLLED_SYNTHETIC
H0003719,SME002219,PAYROLL_SERVICES,2026-05-04,16653103.200000,479720.440000,True,CONTROLLED_SYNTHETIC
H0003720,SME002220,PAYROLL_SERVICES,2020-09-11,3637028.800000,124145.100000,True,CONTROLLED_SYNTHETIC
H0003721,SME002221,PAYROLL_SERVICES,2022-10-30,102739744.960000,1598995.150000,True,CONTROLLED_SYNTHETIC
H0003722,SME002225,PAYROLL_SERVICES,2024-01-12,78697383.120000,459868.870000,True,CONTROLLED_SYNTHETIC
H0003723,SME002227,PAYROLL_SERVICES,2021-05-31,27875596.680000,1371771.960000,True,CONTROLLED_SYNTHETIC
H0003724,SME002231,PAYROLL_SERVICES,2020-12-24,19358584.800000,644867.360000,True,CONTROLLED_SYNTHETIC
H0003725,SME002233,PAYROLL_SERVICES,2025-08-18,2656055.800000,13987.740000,True,CONTROLLED_SYNTHETIC
H0003726,SME002235,PAYROLL_SERVICES,2023-11-23,10019639.200000,471419.600000,True,CONTROLLED_SYNTHETIC
H0003727,SME002236,PAYROLL_SERVICES,2022-03-23,46800400.080000,963419.040000,True,CONTROLLED_SYNTHETIC
H0003728,SME002239,PAYROLL_SERVICES,2025-12-24,1819067.080000,41882.040000,True,CONTROLLED_SYNTHETIC
H0003729,SME002245,PAYROLL_SERVICES,2023-12-02,73059352.440000,3072326.800000,True,CONTROLLED_SYNTHETIC
H0003730,SME002247,PAYROLL_SERVICES,2020-08-22,2177245.600000,60013.960000,True,CONTROLLED_SYNTHETIC
H0003731,SME002249,PAYROLL_SERVICES,2022-02-07,1038018.280000,28786.760000,True,CONTROLLED_SYNTHETIC
H0003732,SME002250,PAYROLL_SERVICES,2025-11-08,120919102.520000,4843835.250000,True,CONTROLLED_SYNTHETIC
H0003733,SME002252,PAYROLL_SERVICES,2024-03-14,18246332.400000,598550.320000,True,CONTROLLED_SYNTHETIC
H0003734,SME002255,PAYROLL_SERVICES,2025-07-06,17969149.440000,585404.210000,True,CONTROLLED_SYNTHETIC
H0003735,SME002256,PAYROLL_SERVICES,2025-02-08,46304685.760000,2037097.740000,True,CONTROLLED_SYNTHETIC
H0003736,SME002259,PAYROLL_SERVICES,2021-11-25,11351067.160000,227278.220000,True,CONTROLLED_SYNTHETIC
H0003737,SME002260,PAYROLL_SERVICES,2023-11-16,19438300.280000,398479.940000,True,CONTROLLED_SYNTHETIC
H0003738,SME002265,PAYROLL_SERVICES,2024-02-13,48079547.600000,2367838.050000,True,CONTROLLED_SYNTHETIC
H0003739,SME002270,PAYROLL_SERVICES,2025-11-30,6177501.040000,89749.970000,True,CONTROLLED_SYNTHETIC
H0003740,SME002275,PAYROLL_SERVICES,2025-07-06,3461662.560000,41345.110000,True,CONTROLLED_SYNTHETIC
H0003741,SME002278,PAYROLL_SERVICES,2020-06-26,81027296.160000,1215385.690000,True,CONTROLLED_SYNTHETIC
H0003742,SME002279,PAYROLL_SERVICES,2023-01-13,16453857.680000,627825.970000,True,CONTROLLED_SYNTHETIC
H0003743,SME002286,PAYROLL_SERVICES,2025-04-10,2357740.800000,49422.220000,True,CONTROLLED_SYNTHETIC
H0003744,SME002290,PAYROLL_SERVICES,2023-02-09,15107340.640000,713316.660000,True,CONTROLLED_SYNTHETIC
H0003745,SME002291,PAYROLL_SERVICES,2021-12-13,9300298.680000,449278.350000,True,CONTROLLED_SYNTHETIC
H0003746,SME002292,PAYROLL_SERVICES,2026-04-29,10697958.640000,563155.810000,True,CONTROLLED_SYNTHETIC
H0003747,SME002293,PAYROLL_SERVICES,2020-08-31,16435391.320000,104122.730000,True,CONTROLLED_SYNTHETIC
H0003748,SME002294,PAYROLL_SERVICES,2024-03-23,3066039.240000,32187.710000,True,CONTROLLED_SYNTHETIC
H0003749,SME002299,PAYROLL_SERVICES,2022-07-27,8158333.040000,329606.320000,True,CONTROLLED_SYNTHETIC
H0003750,SME002301,PAYROLL_SERVICES,2021-10-03,18509067.960000,917599.550000,True,CONTROLLED_SYNTHETIC
H0003751,SME002302,PAYROLL_SERVICES,2021-04-27,3178011.720000,165264.290000,True,CONTROLLED_SYNTHETIC
H0003752,SME002306,PAYROLL_SERVICES,2020-05-04,1317806.520000,10934.970000,True,CONTROLLED_SYNTHETIC
H0003753,SME002307,PAYROLL_SERVICES,2021-10-25,3794660.000000,193063.120000,True,CONTROLLED_SYNTHETIC
H0003754,SME002308,PAYROLL_SERVICES,2025-03-03,35385305.120000,1061673.230000,True,CONTROLLED_SYNTHETIC
H0003755,SME002311,PAYROLL_SERVICES,2026-03-30,54124669.600000,247640.470000,True,CONTROLLED_SYNTHETIC
H0003756,SME002315,PAYROLL_SERVICES,2023-03-29,20363423.840000,651627.600000,True,CONTROLLED_SYNTHETIC
H0003757,SME002320,PAYROLL_SERVICES,2025-11-20,1356845.400000,17641.900000,True,CONTROLLED_SYNTHETIC
H0003758,SME002321,PAYROLL_SERVICES,2025-09-25,112476720.280000,2793754.790000,True,CONTROLLED_SYNTHETIC
H0003759,SME002323,PAYROLL_SERVICES,2021-03-19,2467156.640000,22378.690000,True,CONTROLLED_SYNTHETIC
H0003760,SME002325,PAYROLL_SERVICES,2026-02-25,2031249.760000,108660.210000,True,CONTROLLED_SYNTHETIC
H0003761,SME002330,PAYROLL_SERVICES,2022-10-12,44232718.640000,2308297.160000,True,CONTROLLED_SYNTHETIC
H0003762,SME002331,PAYROLL_SERVICES,2024-09-11,2817386.920000,148042.920000,True,CONTROLLED_SYNTHETIC
H0003763,SME002333,PAYROLL_SERVICES,2025-11-10,13003354.840000,650413.340000,True,CONTROLLED_SYNTHETIC
H0003764,SME002341,PAYROLL_SERVICES,2025-07-13,46627231.400000,2229411.190000,True,CONTROLLED_SYNTHETIC
H0003765,SME002343,PAYROLL_SERVICES,2026-03-18,119524259.520000,3736639.500000,True,CONTROLLED_SYNTHETIC
H0003766,SME002347,PAYROLL_SERVICES,2025-01-28,31506569.880000,919638.940000,True,CONTROLLED_SYNTHETIC
H0003767,SME002348,PAYROLL_SERVICES,2021-10-22,111546314.520000,3993202.780000,True,CONTROLLED_SYNTHETIC
H0003768,SME002349,PAYROLL_SERVICES,2021-06-22,8870411.360000,282830.120000,True,CONTROLLED_SYNTHETIC
H0003769,SME002350,PAYROLL_SERVICES,2025-01-22,9907963.440000,435174.540000,True,CONTROLLED_SYNTHETIC
H0003770,SME002351,PAYROLL_SERVICES,2025-07-22,2750343.520000,54245.220000,True,CONTROLLED_SYNTHETIC
H0003771,SME002365,PAYROLL_SERVICES,2021-02-27,55007710.520000,2727363.830000,True,CONTROLLED_SYNTHETIC
H0003772,SME002367,PAYROLL_SERVICES,2021-07-05,3131061.760000,15952.090000,True,CONTROLLED_SYNTHETIC
H0003773,SME002368,PAYROLL_SERVICES,2024-05-03,919922.840000,49688.580000,True,CONTROLLED_SYNTHETIC
H0003774,SME002369,PAYROLL_SERVICES,2022-10-14,38314960.640000,1988061.250000,True,CONTROLLED_SYNTHETIC
H0003775,SME002375,PAYROLL_SERVICES,2022-11-10,91728592.360000,1433037.440000,True,CONTROLLED_SYNTHETIC
H0003776,SME002377,PAYROLL_SERVICES,2022-12-12,18139519.320000,975227.410000,True,CONTROLLED_SYNTHETIC
H0003777,SME002378,PAYROLL_SERVICES,2024-01-16,4347846.760000,80805.380000,True,CONTROLLED_SYNTHETIC
H0003778,SME002379,PAYROLL_SERVICES,2022-03-21,22152066.240000,828511.360000,True,CONTROLLED_SYNTHETIC
H0003779,SME002383,PAYROLL_SERVICES,2022-01-01,2307140.840000,23903.590000,True,CONTROLLED_SYNTHETIC
H0003780,SME002396,PAYROLL_SERVICES,2021-12-22,15909295.760000,597397.190000,True,CONTROLLED_SYNTHETIC
H0003781,SME002398,PAYROLL_SERVICES,2022-03-25,3093280.720000,139140.870000,True,CONTROLLED_SYNTHETIC
H0003782,SME002399,PAYROLL_SERVICES,2022-10-13,2165277.720000,31270.030000,True,CONTROLLED_SYNTHETIC
H0003783,SME002407,PAYROLL_SERVICES,2023-09-01,1857889.320000,64040.430000,True,CONTROLLED_SYNTHETIC
H0003784,SME002408,PAYROLL_SERVICES,2023-06-18,19587736.000000,738495.760000,True,CONTROLLED_SYNTHETIC
H0003785,SME002409,PAYROLL_SERVICES,2020-11-06,2544254.280000,50001.540000,True,CONTROLLED_SYNTHETIC
H0003786,SME002416,PAYROLL_SERVICES,2025-02-20,53514835.160000,2174643.670000,True,CONTROLLED_SYNTHETIC
H0003787,SME002421,PAYROLL_SERVICES,2021-09-01,3448157.600000,121375.230000,True,CONTROLLED_SYNTHETIC
H0003788,SME002425,PAYROLL_SERVICES,2024-06-28,1513128.400000,42367.990000,True,CONTROLLED_SYNTHETIC
H0003789,SME002426,PAYROLL_SERVICES,2025-02-23,3364862.600000,106787.060000,True,CONTROLLED_SYNTHETIC
H0003790,SME002427,PAYROLL_SERVICES,2021-09-04,18418795.240000,431833.970000,True,CONTROLLED_SYNTHETIC
H0003791,SME002430,PAYROLL_SERVICES,2022-06-15,43964991.800000,513298.180000,True,CONTROLLED_SYNTHETIC
H0003792,SME002431,PAYROLL_SERVICES,2024-09-11,775702.840000,24952.060000,True,CONTROLLED_SYNTHETIC
H0003793,SME002433,PAYROLL_SERVICES,2022-02-19,11230049.960000,115021.600000,True,CONTROLLED_SYNTHETIC
H0003794,SME002442,PAYROLL_SERVICES,2024-06-01,7956581.200000,434521.240000,True,CONTROLLED_SYNTHETIC
H0003795,SME002443,PAYROLL_SERVICES,2023-01-26,897905.840000,39125.030000,True,CONTROLLED_SYNTHETIC
H0003796,SME002448,PAYROLL_SERVICES,2021-06-14,82466759.560000,4418513.760000,True,CONTROLLED_SYNTHETIC
H0003797,SME002450,PAYROLL_SERVICES,2026-03-15,3819234.920000,150134.050000,True,CONTROLLED_SYNTHETIC
H0003798,SME002453,PAYROLL_SERVICES,2024-11-17,74523184.800000,3362150.430000,True,CONTROLLED_SYNTHETIC
H0003799,SME002456,PAYROLL_SERVICES,2023-07-27,1912870.920000,83948.440000,True,CONTROLLED_SYNTHETIC
H0003800,SME002457,PAYROLL_SERVICES,2024-04-20,21432393.000000,736976.020000,True,CONTROLLED_SYNTHETIC
H0003801,SME002458,PAYROLL_SERVICES,2025-01-27,7956682.720000,175301.900000,True,CONTROLLED_SYNTHETIC
H0003802,SME002461,PAYROLL_SERVICES,2022-09-16,3198760.280000,16642.670000,True,CONTROLLED_SYNTHETIC
H0003803,SME002466,PAYROLL_SERVICES,2020-12-11,701451.120000,5164.130000,True,CONTROLLED_SYNTHETIC
H0003804,SME002468,PAYROLL_SERVICES,2024-12-24,110222098.680000,3061810.390000,True,CONTROLLED_SYNTHETIC
H0003805,SME002472,PAYROLL_SERVICES,2025-11-05,3329667.920000,157028.410000,True,CONTROLLED_SYNTHETIC
H0003806,SME002473,PAYROLL_SERVICES,2024-03-27,73154173.800000,2978109.500000,True,CONTROLLED_SYNTHETIC
H0003807,SME002474,PAYROLL_SERVICES,2021-10-06,14234135.800000,302578.810000,True,CONTROLLED_SYNTHETIC
H0003808,SME002475,PAYROLL_SERVICES,2022-05-05,17486250.800000,555879.850000,True,CONTROLLED_SYNTHETIC
H0003809,SME002476,PAYROLL_SERVICES,2022-12-30,3141662.960000,100132.490000,True,CONTROLLED_SYNTHETIC
H0003810,SME002477,PAYROLL_SERVICES,2022-08-14,12696340.160000,280663.520000,True,CONTROLLED_SYNTHETIC
H0003811,SME002483,PAYROLL_SERVICES,2022-04-25,1520501.960000,57071.650000,True,CONTROLLED_SYNTHETIC
H0003812,SME002486,PAYROLL_SERVICES,2025-06-22,5405075.080000,171688.790000,True,CONTROLLED_SYNTHETIC
H0003813,SME002487,PAYROLL_SERVICES,2021-01-29,10784927.920000,450935.430000,True,CONTROLLED_SYNTHETIC
H0003814,SME002488,PAYROLL_SERVICES,2023-04-11,2863372.800000,154369.460000,True,CONTROLLED_SYNTHETIC
H0003815,SME002496,PAYROLL_SERVICES,2023-01-13,3751017.120000,188040.220000,True,CONTROLLED_SYNTHETIC
H0003816,SME002498,PAYROLL_SERVICES,2024-09-22,3473027.120000,159389.680000,True,CONTROLLED_SYNTHETIC
H0003817,SME002503,PAYROLL_SERVICES,2020-05-16,4911098.880000,61599.440000,True,CONTROLLED_SYNTHETIC
H0003818,SME002506,PAYROLL_SERVICES,2021-08-17,58710712.000000,289250.700000,True,CONTROLLED_SYNTHETIC
H0003819,SME002507,PAYROLL_SERVICES,2025-11-05,17322183.880000,334448.720000,True,CONTROLLED_SYNTHETIC
H0003820,SME002510,PAYROLL_SERVICES,2025-08-21,2906768.440000,82773.000000,True,CONTROLLED_SYNTHETIC
H0003821,SME002511,PAYROLL_SERVICES,2026-05-09,2008816.080000,22577.890000,True,CONTROLLED_SYNTHETIC
H0003822,SME002512,PAYROLL_SERVICES,2025-04-07,67462063.520000,1541030.410000,True,CONTROLLED_SYNTHETIC
H0003823,SME002517,PAYROLL_SERVICES,2026-03-10,4002478.520000,95549.560000,True,CONTROLLED_SYNTHETIC
H0003824,SME002519,PAYROLL_SERVICES,2023-12-14,3397006.960000,174310.380000,True,CONTROLLED_SYNTHETIC
H0003825,SME002520,PAYROLL_SERVICES,2022-03-02,2590303.880000,85750.990000,True,CONTROLLED_SYNTHETIC
H0003826,SME002523,PAYROLL_SERVICES,2020-06-07,55096973.320000,1158283.930000,True,CONTROLLED_SYNTHETIC
H0003827,SME002525,PAYROLL_SERVICES,2026-04-04,5842800.760000,302756.890000,True,CONTROLLED_SYNTHETIC
H0003828,SME002531,PAYROLL_SERVICES,2026-05-14,95273643.360000,3744668.320000,True,CONTROLLED_SYNTHETIC
H0003829,SME002533,PAYROLL_SERVICES,2020-07-21,923564.160000,18338.420000,True,CONTROLLED_SYNTHETIC
H0003830,SME002539,PAYROLL_SERVICES,2022-10-08,4325751.200000,68918.950000,True,CONTROLLED_SYNTHETIC
H0003831,SME002541,PAYROLL_SERVICES,2023-03-11,99678346.880000,5051618.380000,True,CONTROLLED_SYNTHETIC
H0003832,SME002542,PAYROLL_SERVICES,2023-10-07,15513009.280000,605989.400000,True,CONTROLLED_SYNTHETIC
H0003833,SME002544,PAYROLL_SERVICES,2021-02-01,12827955.640000,609716.510000,True,CONTROLLED_SYNTHETIC
H0003834,SME002545,PAYROLL_SERVICES,2023-01-24,706601.920000,10834.460000,True,CONTROLLED_SYNTHETIC
H0003835,SME002547,PAYROLL_SERVICES,2023-07-23,3490230.320000,19019.550000,True,CONTROLLED_SYNTHETIC
H0003836,SME002549,PAYROLL_SERVICES,2022-02-06,67006176.080000,823422.750000,True,CONTROLLED_SYNTHETIC
H0003837,SME002561,PAYROLL_SERVICES,2023-08-15,22281576.200000,910928.560000,True,CONTROLLED_SYNTHETIC
H0003838,SME002562,PAYROLL_SERVICES,2020-12-20,19649619.600000,149309.960000,True,CONTROLLED_SYNTHETIC
H0003839,SME002565,PAYROLL_SERVICES,2020-03-27,807269.720000,19567.990000,True,CONTROLLED_SYNTHETIC
H0003840,SME002566,PAYROLL_SERVICES,2024-03-09,21818123.120000,1046892.430000,True,CONTROLLED_SYNTHETIC
H0003841,SME002570,PAYROLL_SERVICES,2020-03-21,48983165.520000,1468790.690000,True,CONTROLLED_SYNTHETIC
H0003842,SME002580,PAYROLL_SERVICES,2025-06-16,3541031.080000,59938.120000,True,CONTROLLED_SYNTHETIC
H0003843,SME002582,PAYROLL_SERVICES,2023-02-03,3883079.800000,177853.210000,True,CONTROLLED_SYNTHETIC
H0003844,SME002584,PAYROLL_SERVICES,2023-08-31,2493189.920000,46353.080000,True,CONTROLLED_SYNTHETIC
H0003845,SME002585,PAYROLL_SERVICES,2022-09-04,94471345.400000,2253121.820000,True,CONTROLLED_SYNTHETIC
H0003846,SME002591,PAYROLL_SERVICES,2020-04-17,7942071.960000,57358.580000,True,CONTROLLED_SYNTHETIC
H0003847,SME002592,PAYROLL_SERVICES,2020-12-18,709070.400000,23367.280000,True,CONTROLLED_SYNTHETIC
H0003848,SME002593,PAYROLL_SERVICES,2021-02-25,2253036.880000,63327.960000,True,CONTROLLED_SYNTHETIC
H0003849,SME002597,PAYROLL_SERVICES,2024-05-11,3601669.480000,126932.990000,True,CONTROLLED_SYNTHETIC
H0003850,SME002598,PAYROLL_SERVICES,2023-07-10,4632600.240000,109184.800000,True,CONTROLLED_SYNTHETIC
H0003851,SME002600,PAYROLL_SERVICES,2023-09-23,2851257.680000,16597.030000,True,CONTROLLED_SYNTHETIC
H0003852,SME002601,PAYROLL_SERVICES,2022-04-23,3234498.520000,97049.740000,True,CONTROLLED_SYNTHETIC
H0003853,SME002607,PAYROLL_SERVICES,2026-01-06,1904003.760000,66072.550000,True,CONTROLLED_SYNTHETIC
H0003854,SME002608,PAYROLL_SERVICES,2023-11-12,834089.760000,30961.950000,True,CONTROLLED_SYNTHETIC
H0003855,SME002609,PAYROLL_SERVICES,2025-05-26,54906434.200000,322140.580000,True,CONTROLLED_SYNTHETIC
H0003856,SME002610,PAYROLL_SERVICES,2021-08-24,10543139.080000,551655.290000,True,CONTROLLED_SYNTHETIC
H0003857,SME002611,PAYROLL_SERVICES,2021-03-07,17391950.480000,607009.990000,True,CONTROLLED_SYNTHETIC
H0003858,SME002616,PAYROLL_SERVICES,2024-04-25,52864869.960000,1961274.360000,True,CONTROLLED_SYNTHETIC
H0003859,SME002622,PAYROLL_SERVICES,2024-12-27,12904629.520000,375458.130000,True,CONTROLLED_SYNTHETIC
H0003860,SME002623,PAYROLL_SERVICES,2024-05-22,2913726.240000,55153.950000,True,CONTROLLED_SYNTHETIC
H0003861,SME002625,PAYROLL_SERVICES,2020-10-26,2976441.080000,137046.370000,True,CONTROLLED_SYNTHETIC
H0003862,SME002628,PAYROLL_SERVICES,2023-12-18,2972022.240000,163312.950000,True,CONTROLLED_SYNTHETIC
H0003863,SME002630,PAYROLL_SERVICES,2021-09-16,122046513.040000,5966422.240000,True,CONTROLLED_SYNTHETIC
H0003864,SME002635,PAYROLL_SERVICES,2026-04-01,12224255.720000,201368.980000,True,CONTROLLED_SYNTHETIC
H0003865,SME002639,PAYROLL_SERVICES,2022-05-14,2234764.760000,90990.550000,True,CONTROLLED_SYNTHETIC
H0003866,SME002640,PAYROLL_SERVICES,2023-09-08,2552340.160000,59659.690000,True,CONTROLLED_SYNTHETIC
H0003867,SME002644,PAYROLL_SERVICES,2025-02-12,98687238.360000,633025.650000,True,CONTROLLED_SYNTHETIC
H0003868,SME002646,PAYROLL_SERVICES,2023-01-09,1321634.400000,7746.880000,True,CONTROLLED_SYNTHETIC
H0003869,SME002651,PAYROLL_SERVICES,2023-05-16,2110961.840000,9380.500000,True,CONTROLLED_SYNTHETIC
H0003870,SME002654,PAYROLL_SERVICES,2022-12-20,11644922.760000,151806.440000,True,CONTROLLED_SYNTHETIC
H0003871,SME002657,PAYROLL_SERVICES,2022-10-12,20272879.880000,903522.080000,True,CONTROLLED_SYNTHETIC
H0003872,SME002659,PAYROLL_SERVICES,2020-05-30,5845745.760000,104422.060000,True,CONTROLLED_SYNTHETIC
H0003873,SME002660,PAYROLL_SERVICES,2022-11-29,7959882.920000,279164.840000,True,CONTROLLED_SYNTHETIC
H0003874,SME002663,PAYROLL_SERVICES,2021-01-07,4020799.800000,189391.290000,True,CONTROLLED_SYNTHETIC
H0003875,SME002667,PAYROLL_SERVICES,2026-02-02,3027930.560000,40158.400000,True,CONTROLLED_SYNTHETIC
H0003876,SME002670,PAYROLL_SERVICES,2022-02-27,1464293.240000,73259.850000,True,CONTROLLED_SYNTHETIC
H0003877,SME002675,PAYROLL_SERVICES,2021-12-19,48823418.720000,2015175.320000,True,CONTROLLED_SYNTHETIC
H0003878,SME002680,PAYROLL_SERVICES,2022-04-16,3968808.680000,93985.030000,True,CONTROLLED_SYNTHETIC
H0003879,SME002689,PAYROLL_SERVICES,2025-09-06,20579960.720000,971170.680000,True,CONTROLLED_SYNTHETIC
H0003880,SME002691,PAYROLL_SERVICES,2025-08-22,20138609.120000,1052664.290000,True,CONTROLLED_SYNTHETIC
H0003881,SME002692,PAYROLL_SERVICES,2020-06-13,2394422.840000,14244.700000,True,CONTROLLED_SYNTHETIC
H0003882,SME002697,PAYROLL_SERVICES,2022-04-10,7334726.080000,78276.280000,True,CONTROLLED_SYNTHETIC
H0003883,SME002699,PAYROLL_SERVICES,2023-08-03,3372663.040000,165659.160000,True,CONTROLLED_SYNTHETIC
H0003884,SME002705,PAYROLL_SERVICES,2026-03-06,1113547.920000,22331.820000,True,CONTROLLED_SYNTHETIC
H0003885,SME002714,PAYROLL_SERVICES,2020-05-27,3648798.720000,32441.840000,True,CONTROLLED_SYNTHETIC
H0003886,SME002715,PAYROLL_SERVICES,2024-06-27,8957691.640000,156129.210000,True,CONTROLLED_SYNTHETIC
H0003887,SME002718,PAYROLL_SERVICES,2022-10-20,17417999.560000,92070.920000,True,CONTROLLED_SYNTHETIC
H0003888,SME002719,PAYROLL_SERVICES,2025-07-28,17771640.920000,860447.680000,True,CONTROLLED_SYNTHETIC
H0003889,SME002721,PAYROLL_SERVICES,2026-05-07,15561277.360000,227135.300000,True,CONTROLLED_SYNTHETIC
H0003890,SME002724,PAYROLL_SERVICES,2025-10-23,18946118.480000,900055.080000,True,CONTROLLED_SYNTHETIC
H0003891,SME002727,PAYROLL_SERVICES,2024-07-18,89328214.000000,2353922.710000,True,CONTROLLED_SYNTHETIC
H0003892,SME002728,PAYROLL_SERVICES,2024-06-06,2027398.080000,74537.190000,True,CONTROLLED_SYNTHETIC
H0003893,SME002730,PAYROLL_SERVICES,2024-05-13,13238933.640000,411486.830000,True,CONTROLLED_SYNTHETIC
H0003894,SME002739,PAYROLL_SERVICES,2025-01-06,83502187.760000,2657347.820000,True,CONTROLLED_SYNTHETIC
H0003895,SME002741,PAYROLL_SERVICES,2026-01-02,107859461.320000,3546864.550000,True,CONTROLLED_SYNTHETIC
H0003896,SME002743,PAYROLL_SERVICES,2024-11-26,2607082.960000,122516.810000,True,CONTROLLED_SYNTHETIC
H0003897,SME002749,PAYROLL_SERVICES,2020-08-13,67716025.600000,1694476.040000,True,CONTROLLED_SYNTHETIC
H0003898,SME002758,PAYROLL_SERVICES,2022-07-06,38207267.880000,538653.320000,True,CONTROLLED_SYNTHETIC
H0003899,SME002764,PAYROLL_SERVICES,2025-01-01,13256549.840000,425910.240000,True,CONTROLLED_SYNTHETIC
H0003900,SME002769,PAYROLL_SERVICES,2024-03-19,5663472.000000,36071.800000,True,CONTROLLED_SYNTHETIC
H0003901,SME002770,PAYROLL_SERVICES,2023-06-04,1634990.000000,49074.590000,True,CONTROLLED_SYNTHETIC
H0003902,SME002775,PAYROLL_SERVICES,2023-01-09,1858356.360000,97850.590000,True,CONTROLLED_SYNTHETIC
H0003903,SME002780,PAYROLL_SERVICES,2023-02-09,5468632.800000,221869.830000,True,CONTROLLED_SYNTHETIC
H0003904,SME002783,PAYROLL_SERVICES,2025-04-23,60955329.720000,712517.010000,True,CONTROLLED_SYNTHETIC
H0003905,SME002786,PAYROLL_SERVICES,2025-07-19,1144104.360000,22039.520000,True,CONTROLLED_SYNTHETIC
H0003906,SME002787,PAYROLL_SERVICES,2022-11-19,5440745.160000,90064.580000,True,CONTROLLED_SYNTHETIC
H0003907,SME002788,PAYROLL_SERVICES,2020-06-10,2573473.800000,82379.040000,True,CONTROLLED_SYNTHETIC
H0003908,SME002790,PAYROLL_SERVICES,2024-08-09,2899724.360000,40372.910000,True,CONTROLLED_SYNTHETIC
H0003909,SME002791,PAYROLL_SERVICES,2020-04-16,24829298.720000,990192.840000,True,CONTROLLED_SYNTHETIC
H0003910,SME002797,PAYROLL_SERVICES,2020-06-14,1766014.800000,76470.470000,True,CONTROLLED_SYNTHETIC
H0003911,SME002798,PAYROLL_SERVICES,2024-05-23,1254968.080000,11687.300000,True,CONTROLLED_SYNTHETIC
H0003912,SME002799,PAYROLL_SERVICES,2025-06-08,2127061.920000,83893.270000,True,CONTROLLED_SYNTHETIC
H0003913,SME002800,PAYROLL_SERVICES,2024-03-13,57708977.480000,279674.550000,True,CONTROLLED_SYNTHETIC
H0003914,SME002807,PAYROLL_SERVICES,2022-10-05,33527781.880000,200265.150000,True,CONTROLLED_SYNTHETIC
H0003915,SME002810,PAYROLL_SERVICES,2021-08-03,61976879.400000,1506078.260000,True,CONTROLLED_SYNTHETIC
H0003916,SME002815,PAYROLL_SERVICES,2024-08-18,14713942.840000,270827.210000,True,CONTROLLED_SYNTHETIC
H0003917,SME002816,PAYROLL_SERVICES,2020-05-11,3054537.400000,27701.780000,True,CONTROLLED_SYNTHETIC
H0003918,SME002820,PAYROLL_SERVICES,2024-03-24,3404048.000000,114758.710000,True,CONTROLLED_SYNTHETIC
H0003919,SME002822,PAYROLL_SERVICES,2021-08-15,11181809.000000,233511.320000,True,CONTROLLED_SYNTHETIC
H0003920,SME002825,PAYROLL_SERVICES,2024-09-26,3975744.280000,110123.180000,True,CONTROLLED_SYNTHETIC
H0003921,SME002834,PAYROLL_SERVICES,2023-03-13,5664522.920000,240057.210000,True,CONTROLLED_SYNTHETIC
H0003922,SME002835,PAYROLL_SERVICES,2023-03-02,2462550.560000,34670.280000,True,CONTROLLED_SYNTHETIC
H0003923,SME002840,PAYROLL_SERVICES,2024-05-03,3017406.600000,88115.240000,True,CONTROLLED_SYNTHETIC
H0003924,SME002842,PAYROLL_SERVICES,2024-02-13,3228974.440000,15953.880000,True,CONTROLLED_SYNTHETIC
H0003925,SME002843,PAYROLL_SERVICES,2024-08-05,15027899.280000,635956.500000,True,CONTROLLED_SYNTHETIC
H0003926,SME002844,PAYROLL_SERVICES,2020-03-21,7382723.080000,66458.000000,True,CONTROLLED_SYNTHETIC
H0003927,SME002847,PAYROLL_SERVICES,2022-02-14,14500965.680000,655275.830000,True,CONTROLLED_SYNTHETIC
H0003928,SME002852,PAYROLL_SERVICES,2021-03-21,2529428.800000,52506.420000,True,CONTROLLED_SYNTHETIC
H0003929,SME002853,PAYROLL_SERVICES,2023-03-20,5130916.720000,41739.030000,True,CONTROLLED_SYNTHETIC
H0003930,SME002856,PAYROLL_SERVICES,2025-05-28,14637341.920000,738557.190000,True,CONTROLLED_SYNTHETIC
H0003931,SME002858,PAYROLL_SERVICES,2024-05-16,17935513.560000,242086.490000,True,CONTROLLED_SYNTHETIC
H0003932,SME002859,PAYROLL_SERVICES,2023-04-09,4879920.160000,239609.970000,True,CONTROLLED_SYNTHETIC
H0003933,SME002864,PAYROLL_SERVICES,2024-10-23,1307793.960000,60725.910000,True,CONTROLLED_SYNTHETIC
H0003934,SME002867,PAYROLL_SERVICES,2022-10-22,104795268.680000,957343.600000,True,CONTROLLED_SYNTHETIC
H0003935,SME002872,PAYROLL_SERVICES,2024-05-12,3075035.160000,92967.460000,True,CONTROLLED_SYNTHETIC
H0003936,SME002873,PAYROLL_SERVICES,2025-04-08,1780787.160000,76212.170000,True,CONTROLLED_SYNTHETIC
H0003937,SME002875,PAYROLL_SERVICES,2022-08-18,3630330.240000,105975.740000,True,CONTROLLED_SYNTHETIC
H0003938,SME002876,PAYROLL_SERVICES,2023-11-25,51406006.560000,615480.140000,True,CONTROLLED_SYNTHETIC
H0003939,SME002880,PAYROLL_SERVICES,2021-06-18,13919178.720000,128724.160000,True,CONTROLLED_SYNTHETIC
H0003940,SME002884,PAYROLL_SERVICES,2025-10-01,42718805.000000,619123.670000,True,CONTROLLED_SYNTHETIC
H0003941,SME002885,PAYROLL_SERVICES,2021-04-11,19379725.640000,143111.720000,True,CONTROLLED_SYNTHETIC
H0003942,SME002887,PAYROLL_SERVICES,2023-05-10,849559.680000,24604.350000,True,CONTROLLED_SYNTHETIC
H0003943,SME002889,PAYROLL_SERVICES,2021-06-12,3516425.840000,82725.310000,True,CONTROLLED_SYNTHETIC
H0003944,SME002890,PAYROLL_SERVICES,2024-12-15,76782173.000000,3315111.460000,True,CONTROLLED_SYNTHETIC
H0003945,SME002896,PAYROLL_SERVICES,2022-01-29,20853375.640000,235860.340000,True,CONTROLLED_SYNTHETIC
H0003946,SME002897,PAYROLL_SERVICES,2022-12-02,70070985.840000,2252351.480000,True,CONTROLLED_SYNTHETIC
H0003947,SME002899,PAYROLL_SERVICES,2026-04-07,3261848.720000,159697.710000,True,CONTROLLED_SYNTHETIC
H0003948,SME002903,PAYROLL_SERVICES,2021-11-21,2971278.880000,57105.710000,True,CONTROLLED_SYNTHETIC
H0003949,SME002909,PAYROLL_SERVICES,2025-12-25,3551432.720000,31799.450000,True,CONTROLLED_SYNTHETIC
H0003950,SME002912,PAYROLL_SERVICES,2025-12-23,7942688.560000,55193.370000,True,CONTROLLED_SYNTHETIC
H0003951,SME002914,PAYROLL_SERVICES,2025-06-26,8555266.880000,86143.050000,True,CONTROLLED_SYNTHETIC
H0003952,SME002915,PAYROLL_SERVICES,2025-08-03,1090800.240000,25701.750000,True,CONTROLLED_SYNTHETIC
H0003953,SME002917,PAYROLL_SERVICES,2021-12-20,34348858.320000,165894.050000,True,CONTROLLED_SYNTHETIC
H0003954,SME002918,PAYROLL_SERVICES,2020-03-19,2218439.680000,114395.080000,True,CONTROLLED_SYNTHETIC
H0003955,SME002919,PAYROLL_SERVICES,2020-08-03,73503273.200000,2686933.290000,True,CONTROLLED_SYNTHETIC
H0003956,SME002922,PAYROLL_SERVICES,2020-06-29,4716905.560000,231085.460000,True,CONTROLLED_SYNTHETIC
H0003957,SME002924,PAYROLL_SERVICES,2021-12-04,89999320.680000,1783867.650000,True,CONTROLLED_SYNTHETIC
H0003958,SME002933,PAYROLL_SERVICES,2023-10-08,17562016.800000,290964.560000,True,CONTROLLED_SYNTHETIC
H0003959,SME002935,PAYROLL_SERVICES,2024-11-04,24882823.480000,1038703.270000,True,CONTROLLED_SYNTHETIC
H0003960,SME002937,PAYROLL_SERVICES,2024-10-13,12820858.080000,311264.880000,True,CONTROLLED_SYNTHETIC
H0003961,SME002939,PAYROLL_SERVICES,2026-05-11,5909874.120000,240898.850000,True,CONTROLLED_SYNTHETIC
H0003962,SME002940,PAYROLL_SERVICES,2022-04-20,51129815.200000,1014678.230000,True,CONTROLLED_SYNTHETIC
H0003963,SME002942,PAYROLL_SERVICES,2025-12-03,3266664.440000,154662.500000,True,CONTROLLED_SYNTHETIC
H0003964,SME002944,PAYROLL_SERVICES,2021-02-04,1543070.320000,63635.460000,True,CONTROLLED_SYNTHETIC
H0003965,SME002949,PAYROLL_SERVICES,2022-07-05,8062793.360000,45576.320000,True,CONTROLLED_SYNTHETIC
H0003966,SME002951,PAYROLL_SERVICES,2022-04-22,3301859.120000,174068.560000,True,CONTROLLED_SYNTHETIC
H0003967,SME002962,PAYROLL_SERVICES,2024-02-20,51075044.880000,1916939.420000,True,CONTROLLED_SYNTHETIC
H0003968,SME002966,PAYROLL_SERVICES,2023-07-28,13715835.080000,562312.530000,True,CONTROLLED_SYNTHETIC
H0003969,SME002971,PAYROLL_SERVICES,2020-12-31,1192801.240000,59790.530000,True,CONTROLLED_SYNTHETIC
H0003970,SME002972,PAYROLL_SERVICES,2020-04-10,8663471.400000,335506.070000,True,CONTROLLED_SYNTHETIC
H0003971,SME002978,PAYROLL_SERVICES,2025-06-10,9613461.320000,252465.480000,True,CONTROLLED_SYNTHETIC
H0003972,SME002983,PAYROLL_SERVICES,2020-09-08,3824870.720000,70248.020000,True,CONTROLLED_SYNTHETIC
H0003973,SME002990,PAYROLL_SERVICES,2026-03-16,7981034.000000,136078.790000,True,CONTROLLED_SYNTHETIC
H0003974,SME002995,PAYROLL_SERVICES,2025-07-03,2524837.600000,65353.520000,True,CONTROLLED_SYNTHETIC
H0003975,SME002998,PAYROLL_SERVICES,2024-06-05,18773058.640000,544114.540000,True,CONTROLLED_SYNTHETIC
H0003976,SME003000,PAYROLL_SERVICES,2021-03-31,68672403.160000,1115747.640000,True,CONTROLLED_SYNTHETIC
H0003977,SME003001,PAYROLL_SERVICES,2023-01-30,24657044.840000,313254.400000,True,CONTROLLED_SYNTHETIC
H0003978,SME003005,PAYROLL_SERVICES,2021-05-04,11598935.960000,444932.690000,True,CONTROLLED_SYNTHETIC
H0003979,SME003006,PAYROLL_SERVICES,2023-06-20,1321145.520000,61642.580000,True,CONTROLLED_SYNTHETIC
H0003980,SME003007,PAYROLL_SERVICES,2023-12-30,8331869.920000,424725.230000,True,CONTROLLED_SYNTHETIC
H0003981,SME003011,PAYROLL_SERVICES,2024-06-05,55328709.920000,824416.870000,True,CONTROLLED_SYNTHETIC
H0003982,SME003016,PAYROLL_SERVICES,2021-05-29,11396876.520000,176359.740000,True,CONTROLLED_SYNTHETIC
H0003983,SME003022,PAYROLL_SERVICES,2025-09-01,4868084.080000,70921.400000,True,CONTROLLED_SYNTHETIC
H0003984,SME003027,PAYROLL_SERVICES,2020-07-05,13895724.160000,330269.100000,True,CONTROLLED_SYNTHETIC
H0003985,SME003029,PAYROLL_SERVICES,2025-01-18,50492052.200000,1880287.300000,True,CONTROLLED_SYNTHETIC
H0003986,SME003031,PAYROLL_SERVICES,2025-02-01,13186753.520000,480753.610000,True,CONTROLLED_SYNTHETIC
H0003987,SME003033,PAYROLL_SERVICES,2021-06-27,2606210.960000,48692.700000,True,CONTROLLED_SYNTHETIC
H0003988,SME003049,PAYROLL_SERVICES,2026-02-22,4564901.600000,222233.790000,True,CONTROLLED_SYNTHETIC
H0003989,SME003052,PAYROLL_SERVICES,2025-02-22,60086432.560000,1994531.500000,True,CONTROLLED_SYNTHETIC
H0003990,SME003059,PAYROLL_SERVICES,2022-12-10,1542791.040000,35027.480000,True,CONTROLLED_SYNTHETIC
H0003991,SME003060,PAYROLL_SERVICES,2023-07-04,20026338.800000,163731.150000,True,CONTROLLED_SYNTHETIC
H0003992,SME003061,PAYROLL_SERVICES,2026-03-29,17458517.520000,610361.800000,True,CONTROLLED_SYNTHETIC
H0003993,SME003068,PAYROLL_SERVICES,2024-07-17,2236967.120000,21991.920000,True,CONTROLLED_SYNTHETIC
H0003994,SME003069,PAYROLL_SERVICES,2024-09-07,2277595.800000,28813.910000,True,CONTROLLED_SYNTHETIC
H0003995,SME003072,PAYROLL_SERVICES,2022-08-16,63763355.800000,1388987.090000,True,CONTROLLED_SYNTHETIC
H0003996,SME003075,PAYROLL_SERVICES,2021-11-28,19088334.840000,939162.490000,True,CONTROLLED_SYNTHETIC
H0003997,SME003079,PAYROLL_SERVICES,2024-07-20,3036390.760000,101578.090000,True,CONTROLLED_SYNTHETIC
H0003998,SME003082,PAYROLL_SERVICES,2021-06-12,8726168.480000,302374.600000,True,CONTROLLED_SYNTHETIC
H0003999,SME003084,PAYROLL_SERVICES,2023-06-29,4214864.120000,171996.990000,True,CONTROLLED_SYNTHETIC
H0004000,SME003085,PAYROLL_SERVICES,2023-04-15,793245.240000,40890.490000,True,CONTROLLED_SYNTHETIC
H0004001,SME003091,PAYROLL_SERVICES,2024-12-13,9695129.120000,105620.550000,True,CONTROLLED_SYNTHETIC
H0004002,SME003092,PAYROLL_SERVICES,2024-07-01,14902574.640000,442363.390000,True,CONTROLLED_SYNTHETIC
H0004003,SME003093,PAYROLL_SERVICES,2022-09-15,42459230.800000,744335.380000,True,CONTROLLED_SYNTHETIC
H0004004,SME003094,PAYROLL_SERVICES,2026-03-15,46119387.240000,1103909.860000,True,CONTROLLED_SYNTHETIC
H0004005,SME003097,PAYROLL_SERVICES,2020-04-18,49281232.160000,2349951.350000,True,CONTROLLED_SYNTHETIC
H0004006,SME003101,PAYROLL_SERVICES,2024-06-08,11725464.240000,353354.630000,True,CONTROLLED_SYNTHETIC
H0004007,SME003110,PAYROLL_SERVICES,2024-02-09,3680652.960000,101281.580000,True,CONTROLLED_SYNTHETIC
H0004008,SME003111,PAYROLL_SERVICES,2021-02-08,65286123.080000,1422885.040000,True,CONTROLLED_SYNTHETIC
H0004009,SME003113,PAYROLL_SERVICES,2020-10-05,2828404.000000,55947.130000,True,CONTROLLED_SYNTHETIC
H0004010,SME003115,PAYROLL_SERVICES,2025-08-08,2272304.200000,114447.300000,True,CONTROLLED_SYNTHETIC
H0004011,SME003119,PAYROLL_SERVICES,2025-10-28,3330424.560000,28906.150000,True,CONTROLLED_SYNTHETIC
H0004012,SME003121,PAYROLL_SERVICES,2021-08-27,3562401.560000,116151.540000,True,CONTROLLED_SYNTHETIC
H0004013,SME003124,PAYROLL_SERVICES,2025-05-12,13043994.920000,509935.810000,True,CONTROLLED_SYNTHETIC
H0004014,SME003127,PAYROLL_SERVICES,2020-02-27,13937881.920000,611587.790000,True,CONTROLLED_SYNTHETIC
H0004015,SME003136,PAYROLL_SERVICES,2021-06-10,27184268.200000,950154.040000,True,CONTROLLED_SYNTHETIC
H0004016,SME003137,PAYROLL_SERVICES,2021-03-21,19815168.760000,783735.440000,True,CONTROLLED_SYNTHETIC
H0004017,SME003139,PAYROLL_SERVICES,2021-06-11,3421983.520000,122368.250000,True,CONTROLLED_SYNTHETIC
H0004018,SME003140,PAYROLL_SERVICES,2023-02-05,5523380.960000,125948.590000,True,CONTROLLED_SYNTHETIC
H0004019,SME003142,PAYROLL_SERVICES,2022-11-09,4539348.000000,229624.270000,True,CONTROLLED_SYNTHETIC
H0004020,SME003143,PAYROLL_SERVICES,2024-12-26,27252078.320000,1410874.200000,True,CONTROLLED_SYNTHETIC
H0004021,SME003144,PAYROLL_SERVICES,2022-10-20,4115735.080000,160773.950000,True,CONTROLLED_SYNTHETIC
H0004022,SME003148,PAYROLL_SERVICES,2026-04-13,942141.040000,36022.920000,True,CONTROLLED_SYNTHETIC
H0004023,SME003150,PAYROLL_SERVICES,2020-09-14,9214918.360000,96339.430000,True,CONTROLLED_SYNTHETIC
H0004024,SME003151,PAYROLL_SERVICES,2022-05-01,1147647.760000,26874.970000,True,CONTROLLED_SYNTHETIC
H0004025,SME003153,PAYROLL_SERVICES,2022-03-30,3818147.480000,41108.760000,True,CONTROLLED_SYNTHETIC
H0004026,SME003159,PAYROLL_SERVICES,2026-01-08,1743691.000000,95694.610000,True,CONTROLLED_SYNTHETIC
H0004027,SME003163,PAYROLL_SERVICES,2021-06-28,3142529.280000,118801.850000,True,CONTROLLED_SYNTHETIC
H0004028,SME003166,PAYROLL_SERVICES,2025-09-11,1977114.440000,34724.440000,True,CONTROLLED_SYNTHETIC
H0004029,SME003169,PAYROLL_SERVICES,2020-01-28,3572697.480000,39672.310000,True,CONTROLLED_SYNTHETIC
H0004030,SME003170,PAYROLL_SERVICES,2026-03-19,13812615.320000,94243.030000,True,CONTROLLED_SYNTHETIC
H0004031,SME003174,PAYROLL_SERVICES,2023-09-19,10990967.880000,113583.890000,True,CONTROLLED_SYNTHETIC
H0004032,SME003175,PAYROLL_SERVICES,2022-09-24,3662182.240000,34737.920000,True,CONTROLLED_SYNTHETIC
H0004033,SME003181,PAYROLL_SERVICES,2025-10-19,779394.960000,17973.330000,True,CONTROLLED_SYNTHETIC
H0004034,SME003183,PAYROLL_SERVICES,2021-02-10,55071777.040000,2012906.130000,True,CONTROLLED_SYNTHETIC
H0004035,SME003187,PAYROLL_SERVICES,2024-12-02,11649395.600000,122803.410000,True,CONTROLLED_SYNTHETIC
H0004036,SME003189,PAYROLL_SERVICES,2024-11-29,12112323.080000,326579.520000,True,CONTROLLED_SYNTHETIC
H0004037,SME003190,PAYROLL_SERVICES,2026-02-20,2379720.440000,37373.770000,True,CONTROLLED_SYNTHETIC
H0004038,SME003191,PAYROLL_SERVICES,2021-12-11,15997230.760000,778797.800000,True,CONTROLLED_SYNTHETIC
H0004039,SME003192,PAYROLL_SERVICES,2023-07-28,19746310.200000,580213.280000,True,CONTROLLED_SYNTHETIC
H0004040,SME003195,PAYROLL_SERVICES,2020-11-22,4115475.800000,210261.220000,True,CONTROLLED_SYNTHETIC
H0004041,SME003197,PAYROLL_SERVICES,2022-06-22,16482646.560000,334608.750000,True,CONTROLLED_SYNTHETIC
H0004042,SME003200,PAYROLL_SERVICES,2025-11-02,16469071.920000,518295.800000,True,CONTROLLED_SYNTHETIC
H0004043,SME000003,CASH_MANAGEMENT,2024-04-06,172038447.640000,6670404.810000,True,CONTROLLED_SYNTHETIC
H0004044,SME000004,CASH_MANAGEMENT,2025-02-27,99041507.280000,4132678.680000,True,CONTROLLED_SYNTHETIC
H0004045,SME000006,CASH_MANAGEMENT,2020-10-25,17041888.960000,282896.830000,True,CONTROLLED_SYNTHETIC
H0004046,SME000007,CASH_MANAGEMENT,2024-10-23,112460404.040000,5112435.020000,True,CONTROLLED_SYNTHETIC
H0004047,SME000012,CASH_MANAGEMENT,2021-08-15,97096055.880000,2680470.860000,True,CONTROLLED_SYNTHETIC
H0004048,SME000022,CASH_MANAGEMENT,2021-12-26,14477443.920000,466737.930000,True,CONTROLLED_SYNTHETIC
H0004049,SME000023,CASH_MANAGEMENT,2023-04-28,16461191.680000,100751.910000,True,CONTROLLED_SYNTHETIC
H0004050,SME000024,CASH_MANAGEMENT,2022-12-30,11562377.920000,454656.730000,True,CONTROLLED_SYNTHETIC
H0004051,SME000025,CASH_MANAGEMENT,2024-04-23,9637994.760000,235893.290000,True,CONTROLLED_SYNTHETIC
H0004052,SME000026,CASH_MANAGEMENT,2023-11-03,5072642.640000,129388.250000,True,CONTROLLED_SYNTHETIC
H0004053,SME000028,CASH_MANAGEMENT,2022-10-09,44203328.680000,2341587.220000,True,CONTROLLED_SYNTHETIC
H0004054,SME000029,CASH_MANAGEMENT,2023-06-20,119220782.240000,3753952.150000,True,CONTROLLED_SYNTHETIC
H0004055,SME000030,CASH_MANAGEMENT,2021-04-04,1471599.440000,14070.630000,True,CONTROLLED_SYNTHETIC
H0004056,SME000031,CASH_MANAGEMENT,2024-12-05,96529632.960000,4236275.630000,True,CONTROLLED_SYNTHETIC
H0004057,SME000034,CASH_MANAGEMENT,2026-01-02,3289993.800000,97096.480000,True,CONTROLLED_SYNTHETIC
H0004058,SME000035,CASH_MANAGEMENT,2021-08-15,69868547.960000,546157.950000,True,CONTROLLED_SYNTHETIC
H0004059,SME000040,CASH_MANAGEMENT,2025-12-27,6619636.240000,104828.420000,True,CONTROLLED_SYNTHETIC
H0004060,SME000042,CASH_MANAGEMENT,2025-08-15,60718751.480000,3050154.230000,True,CONTROLLED_SYNTHETIC
H0004061,SME000044,CASH_MANAGEMENT,2023-03-26,28791475.800000,331497.750000,True,CONTROLLED_SYNTHETIC
H0004062,SME000048,CASH_MANAGEMENT,2022-12-10,15869197.280000,271265.620000,True,CONTROLLED_SYNTHETIC
H0004063,SME000051,CASH_MANAGEMENT,2025-01-21,2627234.320000,65372.070000,True,CONTROLLED_SYNTHETIC
H0004064,SME000052,CASH_MANAGEMENT,2020-10-07,3833636.560000,149301.710000,True,CONTROLLED_SYNTHETIC
H0004065,SME000054,CASH_MANAGEMENT,2023-06-26,7785525.760000,391871.420000,True,CONTROLLED_SYNTHETIC
H0004066,SME000055,CASH_MANAGEMENT,2022-01-28,68280851.760000,670765.460000,True,CONTROLLED_SYNTHETIC
H0004067,SME000056,CASH_MANAGEMENT,2025-05-13,9170934.800000,169937.260000,True,CONTROLLED_SYNTHETIC
H0004068,SME000057,CASH_MANAGEMENT,2025-11-01,6758099.360000,89621.430000,True,CONTROLLED_SYNTHETIC
H0004069,SME000058,CASH_MANAGEMENT,2022-01-19,90650543.480000,2199562.960000,True,CONTROLLED_SYNTHETIC
H0004070,SME000060,CASH_MANAGEMENT,2024-05-14,14708932.040000,555510.180000,True,CONTROLLED_SYNTHETIC
H0004071,SME000061,CASH_MANAGEMENT,2025-07-22,32245710.760000,1501932.980000,True,CONTROLLED_SYNTHETIC
H0004072,SME000064,CASH_MANAGEMENT,2024-05-03,4102399.080000,98129.570000,True,CONTROLLED_SYNTHETIC
H0004073,SME000065,CASH_MANAGEMENT,2024-10-07,72379365.960000,3627587.400000,True,CONTROLLED_SYNTHETIC
H0004074,SME000067,CASH_MANAGEMENT,2020-06-12,14511819.440000,420742.220000,True,CONTROLLED_SYNTHETIC
H0004075,SME000068,CASH_MANAGEMENT,2024-05-26,4693524.080000,155685.670000,True,CONTROLLED_SYNTHETIC
H0004076,SME000070,CASH_MANAGEMENT,2020-10-13,31508273.400000,949312.850000,True,CONTROLLED_SYNTHETIC
H0004077,SME000071,CASH_MANAGEMENT,2025-01-01,43939786.920000,1928769.470000,True,CONTROLLED_SYNTHETIC
H0004078,SME000072,CASH_MANAGEMENT,2023-06-13,7212511.760000,291428.390000,True,CONTROLLED_SYNTHETIC
H0004079,SME000074,CASH_MANAGEMENT,2025-02-05,114396221.200000,829095.490000,True,CONTROLLED_SYNTHETIC
H0004080,SME000077,CASH_MANAGEMENT,2025-10-08,35309588.040000,1643537.800000,True,CONTROLLED_SYNTHETIC
H0004081,SME000079,CASH_MANAGEMENT,2023-10-16,6025560.840000,126966.300000,True,CONTROLLED_SYNTHETIC
H0004082,SME000081,CASH_MANAGEMENT,2022-01-05,87346570.960000,3746209.980000,True,CONTROLLED_SYNTHETIC
H0004083,SME000082,CASH_MANAGEMENT,2026-01-12,14680926.880000,186710.410000,True,CONTROLLED_SYNTHETIC
H0004084,SME000090,CASH_MANAGEMENT,2025-05-19,22838263.800000,638622.730000,True,CONTROLLED_SYNTHETIC
H0004085,SME000091,CASH_MANAGEMENT,2021-11-29,30955084.200000,1465115.650000,True,CONTROLLED_SYNTHETIC
H0004086,SME000092,CASH_MANAGEMENT,2020-07-05,86816870.520000,1724264.530000,True,CONTROLLED_SYNTHETIC
H0004087,SME000095,CASH_MANAGEMENT,2024-01-22,4296970.000000,77690.930000,True,CONTROLLED_SYNTHETIC
H0004088,SME000103,CASH_MANAGEMENT,2021-04-24,5685995.680000,102558.630000,True,CONTROLLED_SYNTHETIC
H0004089,SME000105,CASH_MANAGEMENT,2025-01-09,82063978.600000,2099326.930000,True,CONTROLLED_SYNTHETIC
H0004090,SME000107,CASH_MANAGEMENT,2023-06-28,8418515.320000,270147.220000,True,CONTROLLED_SYNTHETIC
H0004091,SME000109,CASH_MANAGEMENT,2020-05-30,89114184.120000,2052727.520000,True,CONTROLLED_SYNTHETIC
H0004092,SME000113,CASH_MANAGEMENT,2024-10-05,125673278.040000,4648612.260000,True,CONTROLLED_SYNTHETIC
H0004093,SME000116,CASH_MANAGEMENT,2023-09-23,18008483.200000,199779.210000,True,CONTROLLED_SYNTHETIC
H0004094,SME000117,CASH_MANAGEMENT,2022-03-27,32549423.280000,1329933.190000,True,CONTROLLED_SYNTHETIC
H0004095,SME000119,CASH_MANAGEMENT,2021-03-23,7017163.200000,328880.070000,True,CONTROLLED_SYNTHETIC
H0004096,SME000120,CASH_MANAGEMENT,2024-12-24,38084073.960000,1267836.980000,True,CONTROLLED_SYNTHETIC
H0004097,SME000121,CASH_MANAGEMENT,2022-02-08,10046984.480000,238706.600000,True,CONTROLLED_SYNTHETIC
H0004098,SME000123,CASH_MANAGEMENT,2025-01-02,125012434.960000,943577.280000,True,CONTROLLED_SYNTHETIC
H0004099,SME000125,CASH_MANAGEMENT,2021-03-05,7168303.360000,166151.110000,True,CONTROLLED_SYNTHETIC
H0004100,SME000127,CASH_MANAGEMENT,2022-12-12,5028772.920000,276161.800000,True,CONTROLLED_SYNTHETIC
H0004101,SME000129,CASH_MANAGEMENT,2020-03-19,28274571.560000,481320.390000,True,CONTROLLED_SYNTHETIC
H0004102,SME000132,CASH_MANAGEMENT,2024-04-18,38988640.960000,685008.880000,True,CONTROLLED_SYNTHETIC
H0004103,SME000133,CASH_MANAGEMENT,2023-08-20,8901038.040000,318346.850000,True,CONTROLLED_SYNTHETIC
H0004104,SME000138,CASH_MANAGEMENT,2022-11-28,253449606.600000,5719862.810000,True,CONTROLLED_SYNTHETIC
H0004105,SME000139,CASH_MANAGEMENT,2026-05-03,7924140.840000,71627.540000,True,CONTROLLED_SYNTHETIC
H0004106,SME000141,CASH_MANAGEMENT,2023-05-15,11359664.040000,331027.080000,True,CONTROLLED_SYNTHETIC
H0004107,SME000142,CASH_MANAGEMENT,2020-11-27,31049310.560000,543832.200000,True,CONTROLLED_SYNTHETIC
H0004108,SME000146,CASH_MANAGEMENT,2020-08-04,73617944.560000,2418325.270000,True,CONTROLLED_SYNTHETIC
H0004109,SME000147,CASH_MANAGEMENT,2023-05-10,3819761.120000,42567.140000,True,CONTROLLED_SYNTHETIC
H0004110,SME000149,CASH_MANAGEMENT,2025-03-06,69831158.000000,1374926.000000,True,CONTROLLED_SYNTHETIC
H0004111,SME000154,CASH_MANAGEMENT,2022-01-02,6739810.840000,217890.190000,True,CONTROLLED_SYNTHETIC
H0004112,SME000155,CASH_MANAGEMENT,2025-09-20,12419399.440000,70638.200000,True,CONTROLLED_SYNTHETIC
H0004113,SME000156,CASH_MANAGEMENT,2024-06-05,39472383.240000,1581246.030000,True,CONTROLLED_SYNTHETIC
H0004114,SME000159,CASH_MANAGEMENT,2023-04-24,41428791.080000,740880.920000,True,CONTROLLED_SYNTHETIC
H0004115,SME000162,CASH_MANAGEMENT,2022-08-31,49280906.280000,2329864.520000,True,CONTROLLED_SYNTHETIC
H0004116,SME000165,CASH_MANAGEMENT,2022-04-03,10448203.160000,270709.920000,True,CONTROLLED_SYNTHETIC
H0004117,SME000166,CASH_MANAGEMENT,2024-06-15,65798022.120000,1661408.320000,True,CONTROLLED_SYNTHETIC
H0004118,SME000169,CASH_MANAGEMENT,2024-06-25,15898462.800000,515316.740000,True,CONTROLLED_SYNTHETIC
H0004119,SME000170,CASH_MANAGEMENT,2021-12-04,144695573.880000,5050971.720000,True,CONTROLLED_SYNTHETIC
H0004120,SME000171,CASH_MANAGEMENT,2022-09-06,3862587.800000,203923.020000,True,CONTROLLED_SYNTHETIC
H0004121,SME000175,CASH_MANAGEMENT,2020-02-12,9088790.800000,263168.340000,True,CONTROLLED_SYNTHETIC
H0004122,SME000176,CASH_MANAGEMENT,2020-12-07,4062339.720000,45797.210000,True,CONTROLLED_SYNTHETIC
H0004123,SME000180,CASH_MANAGEMENT,2020-08-10,6725119.360000,258355.490000,True,CONTROLLED_SYNTHETIC
H0004124,SME000187,CASH_MANAGEMENT,2020-04-15,21181885.240000,1150032.600000,True,CONTROLLED_SYNTHETIC
H0004125,SME000188,CASH_MANAGEMENT,2024-12-08,12608076.320000,426217.630000,True,CONTROLLED_SYNTHETIC
H0004126,SME000192,CASH_MANAGEMENT,2020-09-13,3191818.480000,149852.440000,True,CONTROLLED_SYNTHETIC
H0004127,SME000194,CASH_MANAGEMENT,2022-05-31,7677608.720000,194334.510000,True,CONTROLLED_SYNTHETIC
H0004128,SME000196,CASH_MANAGEMENT,2022-03-07,6663759.160000,67723.470000,True,CONTROLLED_SYNTHETIC
H0004129,SME000201,CASH_MANAGEMENT,2022-12-12,15050270.400000,170847.310000,True,CONTROLLED_SYNTHETIC
H0004130,SME000206,CASH_MANAGEMENT,2023-10-15,177222398.680000,8473401.940000,True,CONTROLLED_SYNTHETIC
H0004131,SME000207,CASH_MANAGEMENT,2022-02-10,43451138.520000,530669.770000,True,CONTROLLED_SYNTHETIC
H0004132,SME000208,CASH_MANAGEMENT,2022-11-24,146799924.240000,3580752.700000,True,CONTROLLED_SYNTHETIC
H0004133,SME000210,CASH_MANAGEMENT,2025-10-23,155022509.800000,1958512.770000,True,CONTROLLED_SYNTHETIC
H0004134,SME000211,CASH_MANAGEMENT,2020-07-05,59947583.800000,2441748.820000,True,CONTROLLED_SYNTHETIC
H0004135,SME000213,CASH_MANAGEMENT,2021-01-29,11894633.960000,405328.580000,True,CONTROLLED_SYNTHETIC
H0004136,SME000217,CASH_MANAGEMENT,2020-06-15,7378285.360000,302474.040000,True,CONTROLLED_SYNTHETIC
H0004137,SME000221,CASH_MANAGEMENT,2020-06-29,14384821.120000,291870.900000,True,CONTROLLED_SYNTHETIC
H0004138,SME000224,CASH_MANAGEMENT,2023-11-12,44665146.040000,2209492.050000,True,CONTROLLED_SYNTHETIC
H0004139,SME000225,CASH_MANAGEMENT,2025-11-22,152743314.880000,7090190.240000,True,CONTROLLED_SYNTHETIC
H0004140,SME000226,CASH_MANAGEMENT,2023-04-17,27624997.000000,118397.770000,True,CONTROLLED_SYNTHETIC
H0004141,SME000230,CASH_MANAGEMENT,2024-10-14,3475198.960000,95630.720000,True,CONTROLLED_SYNTHETIC
H0004142,SME000233,CASH_MANAGEMENT,2024-09-17,14226233.960000,171573.490000,True,CONTROLLED_SYNTHETIC
H0004143,SME000235,CASH_MANAGEMENT,2021-01-21,24470858.280000,768633.050000,True,CONTROLLED_SYNTHETIC
H0004144,SME000240,CASH_MANAGEMENT,2023-03-21,13797915.440000,430231.220000,True,CONTROLLED_SYNTHETIC
H0004145,SME000247,CASH_MANAGEMENT,2023-12-10,6507247.400000,67991.560000,True,CONTROLLED_SYNTHETIC
H0004146,SME000248,CASH_MANAGEMENT,2026-01-01,8316657.400000,245757.180000,True,CONTROLLED_SYNTHETIC
H0004147,SME000250,CASH_MANAGEMENT,2020-07-15,47268641.840000,446947.910000,True,CONTROLLED_SYNTHETIC
H0004148,SME000253,CASH_MANAGEMENT,2020-07-06,4635319.240000,156515.720000,True,CONTROLLED_SYNTHETIC
H0004149,SME000255,CASH_MANAGEMENT,2021-11-11,246978842.760000,9770698.480000,True,CONTROLLED_SYNTHETIC
H0004150,SME000258,CASH_MANAGEMENT,2024-12-03,28219367.720000,1252210.830000,True,CONTROLLED_SYNTHETIC
H0004151,SME000261,CASH_MANAGEMENT,2020-03-26,18991834.800000,697851.970000,True,CONTROLLED_SYNTHETIC
H0004152,SME000266,CASH_MANAGEMENT,2022-10-22,43236045.560000,1152711.120000,True,CONTROLLED_SYNTHETIC
H0004153,SME000267,CASH_MANAGEMENT,2021-06-24,6342712.680000,291542.970000,True,CONTROLLED_SYNTHETIC
H0004154,SME000269,CASH_MANAGEMENT,2025-09-19,21025044.960000,926869.880000,True,CONTROLLED_SYNTHETIC
H0004155,SME000276,CASH_MANAGEMENT,2021-07-31,2210234.440000,55073.140000,True,CONTROLLED_SYNTHETIC
H0004156,SME000280,CASH_MANAGEMENT,2022-05-28,28088239.400000,402271.800000,True,CONTROLLED_SYNTHETIC
H0004157,SME000281,CASH_MANAGEMENT,2021-08-23,66755341.880000,2006306.620000,True,CONTROLLED_SYNTHETIC
H0004158,SME000286,CASH_MANAGEMENT,2020-07-14,14507603.160000,321727.950000,True,CONTROLLED_SYNTHETIC
H0004159,SME000290,CASH_MANAGEMENT,2023-09-07,22021861.200000,456889.490000,True,CONTROLLED_SYNTHETIC
H0004160,SME000293,CASH_MANAGEMENT,2022-04-02,22960165.600000,220222.730000,True,CONTROLLED_SYNTHETIC
H0004161,SME000300,CASH_MANAGEMENT,2025-09-08,16338719.080000,233732.500000,True,CONTROLLED_SYNTHETIC
H0004162,SME000303,CASH_MANAGEMENT,2026-05-21,28168193.520000,1233493.030000,True,CONTROLLED_SYNTHETIC
H0004163,SME000306,CASH_MANAGEMENT,2021-12-20,23118940.320000,1243998.130000,True,CONTROLLED_SYNTHETIC
H0004164,SME000312,CASH_MANAGEMENT,2020-09-26,73373284.560000,4003253.530000,True,CONTROLLED_SYNTHETIC
H0004165,SME000317,CASH_MANAGEMENT,2026-01-11,12352390.120000,512490.220000,True,CONTROLLED_SYNTHETIC
H0004166,SME000320,CASH_MANAGEMENT,2025-10-01,15864765.240000,791617.440000,True,CONTROLLED_SYNTHETIC
H0004167,SME000321,CASH_MANAGEMENT,2022-04-25,11162802.760000,363050.610000,True,CONTROLLED_SYNTHETIC
H0004168,SME000322,CASH_MANAGEMENT,2024-10-03,14180700.880000,640918.830000,True,CONTROLLED_SYNTHETIC
H0004169,SME000326,CASH_MANAGEMENT,2020-07-11,27174394.200000,938012.620000,True,CONTROLLED_SYNTHETIC
H0004170,SME000327,CASH_MANAGEMENT,2022-06-07,198222984.400000,8308998.720000,True,CONTROLLED_SYNTHETIC
H0004171,SME000332,CASH_MANAGEMENT,2022-01-16,12277626.200000,314587.060000,True,CONTROLLED_SYNTHETIC
H0004172,SME000335,CASH_MANAGEMENT,2021-12-05,123931266.080000,4289700.250000,True,CONTROLLED_SYNTHETIC
H0004173,SME000338,CASH_MANAGEMENT,2026-02-12,10709781.040000,495583.780000,True,CONTROLLED_SYNTHETIC
H0004174,SME000343,CASH_MANAGEMENT,2025-09-25,4303885.840000,173777.440000,True,CONTROLLED_SYNTHETIC
H0004175,SME000348,CASH_MANAGEMENT,2025-11-20,27569513.720000,552977.890000,True,CONTROLLED_SYNTHETIC
H0004176,SME000349,CASH_MANAGEMENT,2020-04-16,277684312.920000,10975423.220000,True,CONTROLLED_SYNTHETIC
H0004177,SME000351,CASH_MANAGEMENT,2022-03-17,5696416.760000,93010.570000,True,CONTROLLED_SYNTHETIC
H0004178,SME000352,CASH_MANAGEMENT,2025-01-05,38741025.640000,1765996.640000,True,CONTROLLED_SYNTHETIC
H0004179,SME000354,CASH_MANAGEMENT,2021-03-14,6495912.160000,136256.180000,True,CONTROLLED_SYNTHETIC
H0004180,SME000355,CASH_MANAGEMENT,2023-09-03,17326726.200000,108475.570000,True,CONTROLLED_SYNTHETIC
H0004181,SME000356,CASH_MANAGEMENT,2023-12-19,47271750.520000,905673.650000,True,CONTROLLED_SYNTHETIC
H0004182,SME000359,CASH_MANAGEMENT,2020-03-24,15896147.920000,388873.950000,True,CONTROLLED_SYNTHETIC
H0004183,SME000360,CASH_MANAGEMENT,2023-06-23,51366342.520000,2494828.680000,True,CONTROLLED_SYNTHETIC
H0004184,SME000362,CASH_MANAGEMENT,2020-06-07,5749345.360000,78622.580000,True,CONTROLLED_SYNTHETIC
H0004185,SME000363,CASH_MANAGEMENT,2020-09-10,2207915.640000,26088.270000,True,CONTROLLED_SYNTHETIC
H0004186,SME000364,CASH_MANAGEMENT,2021-09-15,4103062.000000,120585.130000,True,CONTROLLED_SYNTHETIC
H0004187,SME000368,CASH_MANAGEMENT,2020-04-17,18500844.120000,426398.980000,True,CONTROLLED_SYNTHETIC
H0004188,SME000369,CASH_MANAGEMENT,2020-02-25,28840370.840000,1307213.830000,True,CONTROLLED_SYNTHETIC
H0004189,SME000372,CASH_MANAGEMENT,2024-12-23,66018458.800000,1756506.000000,True,CONTROLLED_SYNTHETIC
H0004190,SME000376,CASH_MANAGEMENT,2024-04-06,8339075.920000,86348.840000,True,CONTROLLED_SYNTHETIC
H0004191,SME000382,CASH_MANAGEMENT,2024-10-30,77565756.080000,3687778.670000,True,CONTROLLED_SYNTHETIC
H0004192,SME000386,CASH_MANAGEMENT,2024-06-25,21379067.760000,780195.080000,True,CONTROLLED_SYNTHETIC
H0004193,SME000390,CASH_MANAGEMENT,2022-02-04,23424042.600000,313611.570000,True,CONTROLLED_SYNTHETIC
H0004194,SME000392,CASH_MANAGEMENT,2021-10-29,34397589.000000,1713582.580000,True,CONTROLLED_SYNTHETIC
H0004195,SME000393,CASH_MANAGEMENT,2020-03-24,4669006.920000,174490.950000,True,CONTROLLED_SYNTHETIC
H0004196,SME000394,CASH_MANAGEMENT,2022-03-09,11875112.520000,161107.920000,True,CONTROLLED_SYNTHETIC
H0004197,SME000395,CASH_MANAGEMENT,2022-07-13,7214397.720000,270928.440000,True,CONTROLLED_SYNTHETIC
H0004198,SME000399,CASH_MANAGEMENT,2024-07-09,138497233.960000,3598610.560000,True,CONTROLLED_SYNTHETIC
H0004199,SME000405,CASH_MANAGEMENT,2024-09-01,27386863.880000,504356.200000,True,CONTROLLED_SYNTHETIC
H0004200,SME000406,CASH_MANAGEMENT,2025-03-29,20162222.600000,753544.590000,True,CONTROLLED_SYNTHETIC
H0004201,SME000415,CASH_MANAGEMENT,2022-03-30,6282782.160000,284233.350000,True,CONTROLLED_SYNTHETIC
H0004202,SME000419,CASH_MANAGEMENT,2023-11-05,2519521.360000,133887.100000,True,CONTROLLED_SYNTHETIC
H0004203,SME000423,CASH_MANAGEMENT,2024-04-05,6809932.640000,149993.710000,True,CONTROLLED_SYNTHETIC
H0004204,SME000425,CASH_MANAGEMENT,2022-10-11,8840595.840000,479966.860000,True,CONTROLLED_SYNTHETIC
H0004205,SME000430,CASH_MANAGEMENT,2020-08-29,10280397.080000,46377.050000,True,CONTROLLED_SYNTHETIC
H0004206,SME000432,CASH_MANAGEMENT,2023-02-20,35004281.280000,757802.290000,True,CONTROLLED_SYNTHETIC
H0004207,SME000433,CASH_MANAGEMENT,2020-01-31,32693475.120000,1080085.490000,True,CONTROLLED_SYNTHETIC
H0004208,SME000434,CASH_MANAGEMENT,2021-12-09,34804752.240000,419458.690000,True,CONTROLLED_SYNTHETIC
H0004209,SME000435,CASH_MANAGEMENT,2024-10-03,4659073.360000,235912.560000,True,CONTROLLED_SYNTHETIC
H0004210,SME000437,CASH_MANAGEMENT,2026-03-28,71626172.800000,310512.950000,True,CONTROLLED_SYNTHETIC
H0004211,SME000438,CASH_MANAGEMENT,2020-05-03,13915324.000000,174171.070000,True,CONTROLLED_SYNTHETIC
H0004212,SME000446,CASH_MANAGEMENT,2022-01-31,56732195.920000,3022525.000000,True,CONTROLLED_SYNTHETIC
H0004213,SME000448,CASH_MANAGEMENT,2021-10-03,41181152.320000,816307.120000,True,CONTROLLED_SYNTHETIC
H0004214,SME000452,CASH_MANAGEMENT,2022-08-14,5313282.600000,177379.510000,True,CONTROLLED_SYNTHETIC
H0004215,SME000455,CASH_MANAGEMENT,2024-02-17,121308700.800000,570421.790000,True,CONTROLLED_SYNTHETIC
H0004216,SME000459,CASH_MANAGEMENT,2021-04-22,40653565.600000,1531651.560000,True,CONTROLLED_SYNTHETIC
H0004217,SME000463,CASH_MANAGEMENT,2025-04-05,45761220.480000,1282708.950000,True,CONTROLLED_SYNTHETIC
H0004218,SME000464,CASH_MANAGEMENT,2024-01-18,310779414.760000,16853231.050000,True,CONTROLLED_SYNTHETIC
H0004219,SME000469,CASH_MANAGEMENT,2022-08-16,17503878.000000,683454.250000,True,CONTROLLED_SYNTHETIC
H0004220,SME000472,CASH_MANAGEMENT,2025-03-25,33124619.400000,1744789.560000,True,CONTROLLED_SYNTHETIC
H0004221,SME000473,CASH_MANAGEMENT,2025-11-30,16800790.400000,429508.560000,True,CONTROLLED_SYNTHETIC
H0004222,SME000477,CASH_MANAGEMENT,2026-01-18,16834046.960000,396601.700000,True,CONTROLLED_SYNTHETIC
H0004223,SME000479,CASH_MANAGEMENT,2021-09-22,79285449.880000,1235263.070000,True,CONTROLLED_SYNTHETIC
H0004224,SME000480,CASH_MANAGEMENT,2021-08-01,11115885.000000,518634.080000,True,CONTROLLED_SYNTHETIC
H0004225,SME000481,CASH_MANAGEMENT,2023-07-27,20050048.280000,461704.700000,True,CONTROLLED_SYNTHETIC
H0004226,SME000484,CASH_MANAGEMENT,2022-06-11,5653261.920000,239322.650000,True,CONTROLLED_SYNTHETIC
H0004227,SME000485,CASH_MANAGEMENT,2021-03-28,15705163.120000,553116.480000,True,CONTROLLED_SYNTHETIC
H0004228,SME000486,CASH_MANAGEMENT,2026-04-02,177126854.720000,3604899.890000,True,CONTROLLED_SYNTHETIC
H0004229,SME000490,CASH_MANAGEMENT,2023-04-02,66734940.680000,1377063.250000,True,CONTROLLED_SYNTHETIC
H0004230,SME000491,CASH_MANAGEMENT,2024-11-30,30344813.640000,1610776.980000,True,CONTROLLED_SYNTHETIC
H0004231,SME000492,CASH_MANAGEMENT,2025-10-15,2288540.280000,124493.560000,True,CONTROLLED_SYNTHETIC
H0004232,SME000496,CASH_MANAGEMENT,2020-02-09,255081469.960000,3670696.380000,True,CONTROLLED_SYNTHETIC
H0004233,SME000497,CASH_MANAGEMENT,2024-09-21,45202626.680000,1786998.450000,True,CONTROLLED_SYNTHETIC
H0004234,SME000500,CASH_MANAGEMENT,2023-02-14,47067297.760000,382801.660000,True,CONTROLLED_SYNTHETIC
H0004235,SME000501,CASH_MANAGEMENT,2022-08-15,17261020.760000,377236.040000,True,CONTROLLED_SYNTHETIC
H0004236,SME000503,CASH_MANAGEMENT,2023-08-14,33150462.040000,282873.430000,True,CONTROLLED_SYNTHETIC
H0004237,SME000504,CASH_MANAGEMENT,2023-10-08,100770451.920000,4630426.730000,True,CONTROLLED_SYNTHETIC
H0004238,SME000507,CASH_MANAGEMENT,2020-02-12,58458500.960000,1818197.620000,True,CONTROLLED_SYNTHETIC
H0004239,SME000508,CASH_MANAGEMENT,2025-04-27,129396466.640000,5464148.650000,True,CONTROLLED_SYNTHETIC
H0004240,SME000511,CASH_MANAGEMENT,2026-02-10,2428000.600000,114252.950000,True,CONTROLLED_SYNTHETIC
H0004241,SME000512,CASH_MANAGEMENT,2024-01-23,14759878.400000,237918.750000,True,CONTROLLED_SYNTHETIC
H0004242,SME000515,CASH_MANAGEMENT,2020-09-03,7401666.360000,231697.880000,True,CONTROLLED_SYNTHETIC
H0004243,SME000518,CASH_MANAGEMENT,2024-02-17,17634591.200000,305601.550000,True,CONTROLLED_SYNTHETIC
H0004244,SME000519,CASH_MANAGEMENT,2023-05-10,4581988.800000,250291.650000,True,CONTROLLED_SYNTHETIC
H0004245,SME000524,CASH_MANAGEMENT,2026-03-12,47789303.880000,1566339.450000,True,CONTROLLED_SYNTHETIC
H0004246,SME000525,CASH_MANAGEMENT,2021-07-10,6137921.680000,44204.650000,True,CONTROLLED_SYNTHETIC
H0004247,SME000526,CASH_MANAGEMENT,2024-03-15,65550002.920000,1156715.830000,True,CONTROLLED_SYNTHETIC
H0004248,SME000529,CASH_MANAGEMENT,2023-12-03,4992082.400000,36185.570000,True,CONTROLLED_SYNTHETIC
H0004249,SME000531,CASH_MANAGEMENT,2020-04-15,9465747.960000,64667.310000,True,CONTROLLED_SYNTHETIC
H0004250,SME000532,CASH_MANAGEMENT,2021-08-22,18414395.920000,751171.390000,True,CONTROLLED_SYNTHETIC
H0004251,SME000534,CASH_MANAGEMENT,2023-06-02,5670107.720000,107822.010000,True,CONTROLLED_SYNTHETIC
H0004252,SME000539,CASH_MANAGEMENT,2021-11-16,12316676.560000,595965.560000,True,CONTROLLED_SYNTHETIC
H0004253,SME000541,CASH_MANAGEMENT,2020-09-12,32420591.400000,675821.560000,True,CONTROLLED_SYNTHETIC
H0004254,SME000543,CASH_MANAGEMENT,2021-04-13,8243614.920000,242945.340000,True,CONTROLLED_SYNTHETIC
H0004255,SME000545,CASH_MANAGEMENT,2023-11-28,15810393.920000,348959.940000,True,CONTROLLED_SYNTHETIC
H0004256,SME000547,CASH_MANAGEMENT,2022-01-13,4374362.920000,155968.980000,True,CONTROLLED_SYNTHETIC
H0004257,SME000549,CASH_MANAGEMENT,2021-10-19,7090000.000000,182212.700000,True,CONTROLLED_SYNTHETIC
H0004258,SME000550,CASH_MANAGEMENT,2023-06-28,20594497.160000,524647.190000,True,CONTROLLED_SYNTHETIC
H0004259,SME000552,CASH_MANAGEMENT,2023-05-08,34928281.640000,642948.220000,True,CONTROLLED_SYNTHETIC
H0004260,SME000553,CASH_MANAGEMENT,2020-07-28,2360713.320000,117339.090000,True,CONTROLLED_SYNTHETIC
H0004261,SME000554,CASH_MANAGEMENT,2024-04-21,56261655.920000,2300436.710000,True,CONTROLLED_SYNTHETIC
H0004262,SME000559,CASH_MANAGEMENT,2022-10-19,20764733.440000,990606.200000,True,CONTROLLED_SYNTHETIC
H0004263,SME000560,CASH_MANAGEMENT,2020-10-27,41899837.680000,1973632.530000,True,CONTROLLED_SYNTHETIC
H0004264,SME000561,CASH_MANAGEMENT,2020-03-06,2463403.240000,57329.840000,True,CONTROLLED_SYNTHETIC
H0004265,SME000562,CASH_MANAGEMENT,2022-07-12,15252769.200000,571152.550000,True,CONTROLLED_SYNTHETIC
H0004266,SME000563,CASH_MANAGEMENT,2021-09-06,15120523.200000,441192.340000,True,CONTROLLED_SYNTHETIC
H0004267,SME000564,CASH_MANAGEMENT,2021-06-08,9567462.560000,298393.240000,True,CONTROLLED_SYNTHETIC
H0004268,SME000565,CASH_MANAGEMENT,2024-04-12,6781475.120000,336043.620000,True,CONTROLLED_SYNTHETIC
H0004269,SME000570,CASH_MANAGEMENT,2025-12-03,170519844.040000,3011512.000000,True,CONTROLLED_SYNTHETIC
H0004270,SME000576,CASH_MANAGEMENT,2020-04-05,6012373.680000,50240.250000,True,CONTROLLED_SYNTHETIC
H0004271,SME000579,CASH_MANAGEMENT,2023-01-07,7280653.280000,255811.400000,True,CONTROLLED_SYNTHETIC
H0004272,SME000587,CASH_MANAGEMENT,2021-03-18,10715602.120000,294730.220000,True,CONTROLLED_SYNTHETIC
H0004273,SME000591,CASH_MANAGEMENT,2023-05-05,5111150.520000,233610.060000,True,CONTROLLED_SYNTHETIC
H0004274,SME000594,CASH_MANAGEMENT,2023-12-07,16531836.280000,340060.050000,True,CONTROLLED_SYNTHETIC
H0004275,SME000595,CASH_MANAGEMENT,2024-07-03,20522126.160000,169117.650000,True,CONTROLLED_SYNTHETIC
H0004276,SME000596,CASH_MANAGEMENT,2023-02-10,16911021.240000,167190.940000,True,CONTROLLED_SYNTHETIC
H0004277,SME000597,CASH_MANAGEMENT,2025-11-04,30260143.840000,1066950.870000,True,CONTROLLED_SYNTHETIC
H0004278,SME000598,CASH_MANAGEMENT,2021-06-01,9309766.680000,315822.860000,True,CONTROLLED_SYNTHETIC
H0004279,SME000599,CASH_MANAGEMENT,2026-04-03,23778191.160000,846022.130000,True,CONTROLLED_SYNTHETIC
H0004280,SME000601,CASH_MANAGEMENT,2024-11-02,43972174.640000,1465483.290000,True,CONTROLLED_SYNTHETIC
H0004281,SME000607,CASH_MANAGEMENT,2022-06-30,73787425.600000,1033472.090000,True,CONTROLLED_SYNTHETIC
H0004282,SME000610,CASH_MANAGEMENT,2022-01-28,7075853.880000,142949.140000,True,CONTROLLED_SYNTHETIC
H0004283,SME000612,CASH_MANAGEMENT,2020-12-18,12119194.480000,522349.990000,True,CONTROLLED_SYNTHETIC
H0004284,SME000617,CASH_MANAGEMENT,2025-03-21,11244702.360000,517042.420000,True,CONTROLLED_SYNTHETIC
H0004285,SME000621,CASH_MANAGEMENT,2021-05-04,13841518.160000,401518.130000,True,CONTROLLED_SYNTHETIC
H0004286,SME000622,CASH_MANAGEMENT,2020-09-30,9415219.360000,224529.990000,True,CONTROLLED_SYNTHETIC
H0004287,SME000626,CASH_MANAGEMENT,2024-03-21,9542130.400000,391968.340000,True,CONTROLLED_SYNTHETIC
H0004288,SME000627,CASH_MANAGEMENT,2025-08-08,114289691.600000,2705766.180000,True,CONTROLLED_SYNTHETIC
H0004289,SME000632,CASH_MANAGEMENT,2025-08-07,2422187.360000,31125.580000,True,CONTROLLED_SYNTHETIC
H0004290,SME000635,CASH_MANAGEMENT,2020-02-03,264561906.880000,9164368.780000,True,CONTROLLED_SYNTHETIC
H0004291,SME000636,CASH_MANAGEMENT,2024-01-23,5534772.200000,49233.540000,True,CONTROLLED_SYNTHETIC
H0004292,SME000639,CASH_MANAGEMENT,2022-08-28,63364804.360000,2288033.800000,True,CONTROLLED_SYNTHETIC
H0004293,SME000641,CASH_MANAGEMENT,2021-04-06,18468450.320000,498068.370000,True,CONTROLLED_SYNTHETIC
H0004294,SME000644,CASH_MANAGEMENT,2021-08-14,15543992.640000,62460.500000,True,CONTROLLED_SYNTHETIC
H0004295,SME000645,CASH_MANAGEMENT,2025-03-25,10187387.840000,274365.070000,True,CONTROLLED_SYNTHETIC
H0004296,SME000648,CASH_MANAGEMENT,2026-01-13,18886166.760000,929424.380000,True,CONTROLLED_SYNTHETIC
H0004297,SME000649,CASH_MANAGEMENT,2023-07-25,11541911.240000,129243.600000,True,CONTROLLED_SYNTHETIC
H0004298,SME000653,CASH_MANAGEMENT,2020-04-01,116414563.200000,4683776.460000,True,CONTROLLED_SYNTHETIC
H0004299,SME000655,CASH_MANAGEMENT,2025-06-24,7683358.240000,398935.990000,True,CONTROLLED_SYNTHETIC
H0004300,SME000659,CASH_MANAGEMENT,2021-03-21,9830341.800000,155138.910000,True,CONTROLLED_SYNTHETIC
H0004301,SME000660,CASH_MANAGEMENT,2025-12-02,16084026.160000,439971.520000,True,CONTROLLED_SYNTHETIC
H0004302,SME000665,CASH_MANAGEMENT,2024-12-08,6013618.080000,171752.100000,True,CONTROLLED_SYNTHETIC
H0004303,SME000668,CASH_MANAGEMENT,2020-03-10,13293828.600000,367120.500000,True,CONTROLLED_SYNTHETIC
H0004304,SME000671,CASH_MANAGEMENT,2020-09-20,32282098.400000,1160723.990000,True,CONTROLLED_SYNTHETIC
H0004305,SME000672,CASH_MANAGEMENT,2020-10-04,15688747.040000,515424.700000,True,CONTROLLED_SYNTHETIC
H0004306,SME000677,CASH_MANAGEMENT,2023-08-14,4411758.000000,116441.930000,True,CONTROLLED_SYNTHETIC
H0004307,SME000679,CASH_MANAGEMENT,2020-06-24,8487507.440000,166884.750000,True,CONTROLLED_SYNTHETIC
H0004308,SME000680,CASH_MANAGEMENT,2021-06-04,9324205.280000,403937.230000,True,CONTROLLED_SYNTHETIC
H0004309,SME000682,CASH_MANAGEMENT,2022-03-02,62665065.560000,1049059.220000,True,CONTROLLED_SYNTHETIC
H0004310,SME000685,CASH_MANAGEMENT,2020-09-17,61533839.200000,1845820.140000,True,CONTROLLED_SYNTHETIC
H0004311,SME000689,CASH_MANAGEMENT,2023-08-22,14349844.960000,741055.200000,True,CONTROLLED_SYNTHETIC
H0004312,SME000693,CASH_MANAGEMENT,2024-04-25,12491879.200000,52579.550000,True,CONTROLLED_SYNTHETIC
H0004313,SME000706,CASH_MANAGEMENT,2025-08-27,23295667.240000,850796.890000,True,CONTROLLED_SYNTHETIC
H0004314,SME000707,CASH_MANAGEMENT,2026-03-22,5037264.840000,80577.950000,True,CONTROLLED_SYNTHETIC
H0004315,SME000709,CASH_MANAGEMENT,2023-04-26,70381155.600000,362164.890000,True,CONTROLLED_SYNTHETIC
H0004316,SME000710,CASH_MANAGEMENT,2023-10-20,14766700.520000,331494.180000,True,CONTROLLED_SYNTHETIC
H0004317,SME000711,CASH_MANAGEMENT,2025-02-15,27445017.600000,555122.540000,True,CONTROLLED_SYNTHETIC
H0004318,SME000712,CASH_MANAGEMENT,2021-12-06,9027932.440000,89103.120000,True,CONTROLLED_SYNTHETIC
H0004319,SME000713,CASH_MANAGEMENT,2021-02-14,23591219.360000,810467.300000,True,CONTROLLED_SYNTHETIC
H0004320,SME000715,CASH_MANAGEMENT,2025-12-13,20077020.840000,309121.060000,True,CONTROLLED_SYNTHETIC
H0004321,SME000718,CASH_MANAGEMENT,2026-04-18,27568527.400000,1052841.940000,True,CONTROLLED_SYNTHETIC
H0004322,SME000719,CASH_MANAGEMENT,2025-01-20,28252531.040000,1083651.590000,True,CONTROLLED_SYNTHETIC
H0004323,SME000721,CASH_MANAGEMENT,2025-03-01,129826873.360000,6606990.840000,True,CONTROLLED_SYNTHETIC
H0004324,SME000729,CASH_MANAGEMENT,2023-07-31,4154811.280000,209868.500000,True,CONTROLLED_SYNTHETIC
H0004325,SME000730,CASH_MANAGEMENT,2021-05-19,31862415.640000,603679.740000,True,CONTROLLED_SYNTHETIC
H0004326,SME000731,CASH_MANAGEMENT,2024-09-20,46560898.120000,957956.670000,True,CONTROLLED_SYNTHETIC
H0004327,SME000733,CASH_MANAGEMENT,2026-04-24,122924404.400000,2728620.840000,True,CONTROLLED_SYNTHETIC
H0004328,SME000735,CASH_MANAGEMENT,2026-01-30,16074000.240000,763316.540000,True,CONTROLLED_SYNTHETIC
H0004329,SME000736,CASH_MANAGEMENT,2021-01-04,62531765.840000,3202925.120000,True,CONTROLLED_SYNTHETIC
H0004330,SME000740,CASH_MANAGEMENT,2024-12-26,89194123.160000,1430051.520000,True,CONTROLLED_SYNTHETIC
H0004331,SME000745,CASH_MANAGEMENT,2023-10-14,68482572.880000,1539320.880000,True,CONTROLLED_SYNTHETIC
H0004332,SME000750,CASH_MANAGEMENT,2022-06-14,26877919.880000,749385.550000,True,CONTROLLED_SYNTHETIC
H0004333,SME000754,CASH_MANAGEMENT,2023-04-23,24363624.920000,1215912.620000,True,CONTROLLED_SYNTHETIC
H0004334,SME000758,CASH_MANAGEMENT,2023-05-19,2573206.920000,82109.000000,True,CONTROLLED_SYNTHETIC
H0004335,SME000759,CASH_MANAGEMENT,2024-11-17,18678995.480000,310739.820000,True,CONTROLLED_SYNTHETIC
H0004336,SME000761,CASH_MANAGEMENT,2026-04-11,19618367.120000,789473.540000,True,CONTROLLED_SYNTHETIC
H0004337,SME000762,CASH_MANAGEMENT,2021-12-27,40451092.720000,946038.060000,True,CONTROLLED_SYNTHETIC
H0004338,SME000763,CASH_MANAGEMENT,2022-04-12,14193900.160000,775721.600000,True,CONTROLLED_SYNTHETIC
H0004339,SME000768,CASH_MANAGEMENT,2021-05-28,121832153.440000,2162112.210000,True,CONTROLLED_SYNTHETIC
H0004340,SME000772,CASH_MANAGEMENT,2023-05-09,23839384.000000,460027.520000,True,CONTROLLED_SYNTHETIC
H0004341,SME000774,CASH_MANAGEMENT,2020-02-09,8945393.680000,292024.110000,True,CONTROLLED_SYNTHETIC
H0004342,SME000776,CASH_MANAGEMENT,2022-07-04,6489221.160000,191496.350000,True,CONTROLLED_SYNTHETIC
H0004343,SME000779,CASH_MANAGEMENT,2021-07-25,50145430.760000,827309.660000,True,CONTROLLED_SYNTHETIC
H0004344,SME000781,CASH_MANAGEMENT,2021-06-11,8352006.520000,281424.100000,True,CONTROLLED_SYNTHETIC
H0004345,SME000782,CASH_MANAGEMENT,2022-10-13,4590248.840000,134988.720000,True,CONTROLLED_SYNTHETIC
H0004346,SME000787,CASH_MANAGEMENT,2024-08-11,29404984.240000,405282.920000,True,CONTROLLED_SYNTHETIC
H0004347,SME000789,CASH_MANAGEMENT,2020-03-25,27862307.640000,1386046.600000,True,CONTROLLED_SYNTHETIC
H0004348,SME000791,CASH_MANAGEMENT,2023-07-13,33691237.360000,1676173.300000,True,CONTROLLED_SYNTHETIC
H0004349,SME000793,CASH_MANAGEMENT,2020-01-27,16409195.000000,893621.570000,True,CONTROLLED_SYNTHETIC
H0004350,SME000794,CASH_MANAGEMENT,2023-05-22,24686797.640000,719308.650000,True,CONTROLLED_SYNTHETIC
H0004351,SME000796,CASH_MANAGEMENT,2025-09-12,65497276.040000,987600.140000,True,CONTROLLED_SYNTHETIC
H0004352,SME000799,CASH_MANAGEMENT,2021-06-08,11054036.480000,61681.640000,True,CONTROLLED_SYNTHETIC
H0004353,SME000800,CASH_MANAGEMENT,2023-04-29,75905966.600000,774482.840000,True,CONTROLLED_SYNTHETIC
H0004354,SME000806,CASH_MANAGEMENT,2020-03-22,4077228.800000,162143.420000,True,CONTROLLED_SYNTHETIC
H0004355,SME000807,CASH_MANAGEMENT,2025-07-14,274977948.600000,11693535.320000,True,CONTROLLED_SYNTHETIC
H0004356,SME000814,CASH_MANAGEMENT,2020-12-27,38636311.640000,1263860.340000,True,CONTROLLED_SYNTHETIC
H0004357,SME000827,CASH_MANAGEMENT,2020-05-24,11867395.480000,53647.310000,True,CONTROLLED_SYNTHETIC
H0004358,SME000829,CASH_MANAGEMENT,2026-01-22,1514296.240000,75056.920000,True,CONTROLLED_SYNTHETIC
H0004359,SME000833,CASH_MANAGEMENT,2022-09-21,27499978.640000,718852.030000,True,CONTROLLED_SYNTHETIC
H0004360,SME000837,CASH_MANAGEMENT,2024-04-13,6406445.720000,232106.610000,True,CONTROLLED_SYNTHETIC
H0004361,SME000838,CASH_MANAGEMENT,2020-07-06,5566857.960000,280870.890000,True,CONTROLLED_SYNTHETIC
H0004362,SME000839,CASH_MANAGEMENT,2024-08-31,6534916.320000,28240.870000,True,CONTROLLED_SYNTHETIC
H0004363,SME000843,CASH_MANAGEMENT,2020-11-03,2884340.600000,111789.710000,True,CONTROLLED_SYNTHETIC
H0004364,SME000846,CASH_MANAGEMENT,2020-11-24,23276523.080000,153043.690000,True,CONTROLLED_SYNTHETIC
H0004365,SME000847,CASH_MANAGEMENT,2022-09-09,7564248.400000,89031.430000,True,CONTROLLED_SYNTHETIC
H0004366,SME000852,CASH_MANAGEMENT,2024-05-02,12464811.440000,559344.770000,True,CONTROLLED_SYNTHETIC
H0004367,SME000853,CASH_MANAGEMENT,2023-08-07,18384437.360000,321072.950000,True,CONTROLLED_SYNTHETIC
H0004368,SME000854,CASH_MANAGEMENT,2024-05-02,14972498.840000,139959.250000,True,CONTROLLED_SYNTHETIC
H0004369,SME000855,CASH_MANAGEMENT,2023-07-12,143336986.920000,7047702.980000,True,CONTROLLED_SYNTHETIC
H0004370,SME000858,CASH_MANAGEMENT,2023-03-05,46287013.720000,2323829.400000,True,CONTROLLED_SYNTHETIC
H0004371,SME000861,CASH_MANAGEMENT,2023-01-22,7342229.000000,211578.840000,True,CONTROLLED_SYNTHETIC
H0004372,SME000865,CASH_MANAGEMENT,2021-04-11,6584483.040000,244053.950000,True,CONTROLLED_SYNTHETIC
H0004373,SME000868,CASH_MANAGEMENT,2023-08-08,13403412.840000,63562.200000,True,CONTROLLED_SYNTHETIC
H0004374,SME000869,CASH_MANAGEMENT,2025-09-23,22949096.200000,709270.580000,True,CONTROLLED_SYNTHETIC
H0004375,SME000870,CASH_MANAGEMENT,2022-07-27,15490776.440000,477498.500000,True,CONTROLLED_SYNTHETIC
H0004376,SME000871,CASH_MANAGEMENT,2021-09-17,46006563.000000,2314888.830000,True,CONTROLLED_SYNTHETIC
H0004377,SME000872,CASH_MANAGEMENT,2024-11-15,13840725.480000,158125.710000,True,CONTROLLED_SYNTHETIC
H0004378,SME000874,CASH_MANAGEMENT,2025-06-19,2389812.560000,51008.390000,True,CONTROLLED_SYNTHETIC
H0004379,SME000877,CASH_MANAGEMENT,2023-08-17,6345921.120000,302555.520000,True,CONTROLLED_SYNTHETIC
H0004380,SME000878,CASH_MANAGEMENT,2026-01-04,19551189.000000,135931.150000,True,CONTROLLED_SYNTHETIC
H0004381,SME000879,CASH_MANAGEMENT,2024-03-10,159389662.280000,8258820.480000,True,CONTROLLED_SYNTHETIC
H0004382,SME000884,CASH_MANAGEMENT,2023-03-24,130969598.480000,5934714.230000,True,CONTROLLED_SYNTHETIC
H0004383,SME000886,CASH_MANAGEMENT,2025-10-31,4234672.840000,213935.090000,True,CONTROLLED_SYNTHETIC
H0004384,SME000888,CASH_MANAGEMENT,2022-04-13,6408288.480000,32745.080000,True,CONTROLLED_SYNTHETIC
H0004385,SME000893,CASH_MANAGEMENT,2020-11-10,4593510.280000,92484.210000,True,CONTROLLED_SYNTHETIC
H0004386,SME000902,CASH_MANAGEMENT,2021-08-10,6715884.480000,333214.950000,True,CONTROLLED_SYNTHETIC
H0004387,SME000904,CASH_MANAGEMENT,2021-12-23,88913801.840000,1739152.790000,True,CONTROLLED_SYNTHETIC
H0004388,SME000906,CASH_MANAGEMENT,2021-04-21,12552374.880000,597165.970000,True,CONTROLLED_SYNTHETIC
H0004389,SME000910,CASH_MANAGEMENT,2022-10-29,45073552.760000,1864963.060000,True,CONTROLLED_SYNTHETIC
H0004390,SME000912,CASH_MANAGEMENT,2024-05-02,11365479.200000,54159.650000,True,CONTROLLED_SYNTHETIC
H0004391,SME000919,CASH_MANAGEMENT,2025-03-01,4588384.560000,146980.740000,True,CONTROLLED_SYNTHETIC
H0004392,SME000920,CASH_MANAGEMENT,2020-11-22,7284640.240000,42138.970000,True,CONTROLLED_SYNTHETIC
H0004393,SME000924,CASH_MANAGEMENT,2020-06-01,88092665.080000,2939783.090000,True,CONTROLLED_SYNTHETIC
H0004394,SME000925,CASH_MANAGEMENT,2021-11-22,147554157.640000,3624444.160000,True,CONTROLLED_SYNTHETIC
H0004395,SME000928,CASH_MANAGEMENT,2023-09-30,7957603.520000,238568.590000,True,CONTROLLED_SYNTHETIC
H0004396,SME000931,CASH_MANAGEMENT,2020-07-11,83897608.240000,3265444.960000,True,CONTROLLED_SYNTHETIC
H0004397,SME000933,CASH_MANAGEMENT,2025-11-29,26491800.560000,437578.960000,True,CONTROLLED_SYNTHETIC
H0004398,SME000939,CASH_MANAGEMENT,2022-12-06,37309691.960000,307812.720000,True,CONTROLLED_SYNTHETIC
H0004399,SME000940,CASH_MANAGEMENT,2024-11-29,10278024.240000,62797.460000,True,CONTROLLED_SYNTHETIC
H0004400,SME000944,CASH_MANAGEMENT,2023-07-16,18369820.640000,392991.700000,True,CONTROLLED_SYNTHETIC
H0004401,SME000945,CASH_MANAGEMENT,2020-12-24,9874693.200000,355350.210000,True,CONTROLLED_SYNTHETIC
H0004402,SME000947,CASH_MANAGEMENT,2023-10-06,16932430.920000,383808.750000,True,CONTROLLED_SYNTHETIC
H0004403,SME000951,CASH_MANAGEMENT,2021-10-27,20771121.160000,427566.830000,True,CONTROLLED_SYNTHETIC
H0004404,SME000959,CASH_MANAGEMENT,2025-11-24,9499958.000000,250070.410000,True,CONTROLLED_SYNTHETIC
H0004405,SME000960,CASH_MANAGEMENT,2022-10-08,20042271.680000,477415.360000,True,CONTROLLED_SYNTHETIC
H0004406,SME000966,CASH_MANAGEMENT,2025-05-02,33404516.520000,321627.240000,True,CONTROLLED_SYNTHETIC
H0004407,SME000968,CASH_MANAGEMENT,2023-11-24,65294373.360000,1542910.560000,True,CONTROLLED_SYNTHETIC
H0004408,SME000971,CASH_MANAGEMENT,2020-04-26,59600370.840000,2835621.010000,True,CONTROLLED_SYNTHETIC
H0004409,SME000972,CASH_MANAGEMENT,2023-05-15,40481215.360000,1888917.280000,True,CONTROLLED_SYNTHETIC
H0004410,SME000973,CASH_MANAGEMENT,2021-05-10,7299611.040000,118198.540000,True,CONTROLLED_SYNTHETIC
H0004411,SME000985,CASH_MANAGEMENT,2024-05-14,259925183.680000,6454437.560000,True,CONTROLLED_SYNTHETIC
H0004412,SME000986,CASH_MANAGEMENT,2026-04-04,54805471.520000,2427291.280000,True,CONTROLLED_SYNTHETIC
H0004413,SME000988,CASH_MANAGEMENT,2025-07-31,24791483.440000,1115654.290000,True,CONTROLLED_SYNTHETIC
H0004414,SME000990,CASH_MANAGEMENT,2023-01-10,5788315.840000,46894.330000,True,CONTROLLED_SYNTHETIC
H0004415,SME000992,CASH_MANAGEMENT,2021-11-27,15458762.520000,213379.750000,True,CONTROLLED_SYNTHETIC
H0004416,SME000993,CASH_MANAGEMENT,2020-06-20,6154973.840000,100223.860000,True,CONTROLLED_SYNTHETIC
H0004417,SME000996,CASH_MANAGEMENT,2023-12-12,74779247.600000,1073996.990000,True,CONTROLLED_SYNTHETIC
H0004418,SME000999,CASH_MANAGEMENT,2026-02-10,7298847.600000,367622.390000,True,CONTROLLED_SYNTHETIC
H0004419,SME001000,CASH_MANAGEMENT,2025-04-18,64581459.000000,705118.820000,True,CONTROLLED_SYNTHETIC
H0004420,SME001004,CASH_MANAGEMENT,2023-09-16,13878181.960000,641853.040000,True,CONTROLLED_SYNTHETIC
H0004421,SME001006,CASH_MANAGEMENT,2021-06-25,80274978.800000,3037997.740000,True,CONTROLLED_SYNTHETIC
H0004422,SME001007,CASH_MANAGEMENT,2022-05-20,2872793.600000,144614.070000,True,CONTROLLED_SYNTHETIC
H0004423,SME001008,CASH_MANAGEMENT,2021-11-01,28467890.040000,600898.330000,True,CONTROLLED_SYNTHETIC
H0004424,SME001009,CASH_MANAGEMENT,2021-03-15,43796552.720000,770194.750000,True,CONTROLLED_SYNTHETIC
H0004425,SME001013,CASH_MANAGEMENT,2024-08-07,12001822.440000,604093.690000,True,CONTROLLED_SYNTHETIC
H0004426,SME001015,CASH_MANAGEMENT,2023-11-04,7901996.760000,416384.340000,True,CONTROLLED_SYNTHETIC
H0004427,SME001017,CASH_MANAGEMENT,2022-06-27,96010134.720000,3552555.440000,True,CONTROLLED_SYNTHETIC
H0004428,SME001018,CASH_MANAGEMENT,2020-05-02,109086831.120000,4657635.460000,True,CONTROLLED_SYNTHETIC
H0004429,SME001027,CASH_MANAGEMENT,2023-08-24,25508969.400000,985084.570000,True,CONTROLLED_SYNTHETIC
H0004430,SME001028,CASH_MANAGEMENT,2023-03-27,41676942.240000,1694491.250000,True,CONTROLLED_SYNTHETIC
H0004431,SME001029,CASH_MANAGEMENT,2022-09-10,9356199.920000,160541.450000,True,CONTROLLED_SYNTHETIC
H0004432,SME001030,CASH_MANAGEMENT,2026-03-13,115424206.640000,1556483.880000,True,CONTROLLED_SYNTHETIC
H0004433,SME001032,CASH_MANAGEMENT,2024-01-04,39161693.280000,977104.630000,True,CONTROLLED_SYNTHETIC
H0004434,SME001039,CASH_MANAGEMENT,2022-03-22,66091370.120000,2302153.030000,True,CONTROLLED_SYNTHETIC
H0004435,SME001045,CASH_MANAGEMENT,2020-03-31,2779681.880000,76023.360000,True,CONTROLLED_SYNTHETIC
H0004436,SME001046,CASH_MANAGEMENT,2024-09-15,21565341.880000,636493.500000,True,CONTROLLED_SYNTHETIC
H0004437,SME001051,CASH_MANAGEMENT,2024-12-15,9962415.920000,131966.320000,True,CONTROLLED_SYNTHETIC
H0004438,SME001052,CASH_MANAGEMENT,2021-07-14,30093385.000000,144766.400000,True,CONTROLLED_SYNTHETIC
H0004439,SME001055,CASH_MANAGEMENT,2020-12-22,12282402.920000,358292.930000,True,CONTROLLED_SYNTHETIC
H0004440,SME001057,CASH_MANAGEMENT,2022-10-12,85467199.760000,4457834.450000,True,CONTROLLED_SYNTHETIC
H0004441,SME001067,CASH_MANAGEMENT,2020-07-30,4866879.800000,56626.640000,True,CONTROLLED_SYNTHETIC
H0004442,SME001069,CASH_MANAGEMENT,2025-08-07,75583036.320000,1097590.100000,True,CONTROLLED_SYNTHETIC
H0004443,SME001070,CASH_MANAGEMENT,2022-03-14,63248723.000000,1411506.660000,True,CONTROLLED_SYNTHETIC
H0004444,SME001072,CASH_MANAGEMENT,2024-05-26,11307547.600000,434640.730000,True,CONTROLLED_SYNTHETIC
H0004445,SME001074,CASH_MANAGEMENT,2022-12-27,26733064.880000,1249545.390000,True,CONTROLLED_SYNTHETIC
H0004446,SME001075,CASH_MANAGEMENT,2023-12-20,89306020.000000,3638913.110000,True,CONTROLLED_SYNTHETIC
H0004447,SME001076,CASH_MANAGEMENT,2022-03-27,5631965.120000,57020.520000,True,CONTROLLED_SYNTHETIC
H0004448,SME001083,CASH_MANAGEMENT,2023-08-24,71221527.960000,3789845.680000,True,CONTROLLED_SYNTHETIC
H0004449,SME001086,CASH_MANAGEMENT,2024-05-23,15100466.000000,121144.870000,True,CONTROLLED_SYNTHETIC
H0004450,SME001087,CASH_MANAGEMENT,2020-04-16,50861920.640000,527479.960000,True,CONTROLLED_SYNTHETIC
H0004451,SME001088,CASH_MANAGEMENT,2025-02-11,14641137.320000,435106.950000,True,CONTROLLED_SYNTHETIC
H0004452,SME001089,CASH_MANAGEMENT,2022-11-20,65173541.000000,3475967.970000,True,CONTROLLED_SYNTHETIC
H0004453,SME001091,CASH_MANAGEMENT,2020-02-01,43214866.400000,915634.340000,True,CONTROLLED_SYNTHETIC
H0004454,SME001094,CASH_MANAGEMENT,2022-01-29,18770698.560000,224389.030000,True,CONTROLLED_SYNTHETIC
H0004455,SME001095,CASH_MANAGEMENT,2021-07-06,136490628.200000,826348.820000,True,CONTROLLED_SYNTHETIC
H0004456,SME001097,CASH_MANAGEMENT,2024-12-26,16893212.680000,179099.550000,True,CONTROLLED_SYNTHETIC
H0004457,SME001102,CASH_MANAGEMENT,2024-02-01,163966172.200000,2260466.860000,True,CONTROLLED_SYNTHETIC
H0004458,SME001105,CASH_MANAGEMENT,2024-12-11,34599668.320000,1661641.210000,True,CONTROLLED_SYNTHETIC
H0004459,SME001106,CASH_MANAGEMENT,2024-08-19,6742762.280000,179218.300000,True,CONTROLLED_SYNTHETIC
H0004460,SME001109,CASH_MANAGEMENT,2023-09-10,19736691.800000,106720.210000,True,CONTROLLED_SYNTHETIC
H0004461,SME001112,CASH_MANAGEMENT,2025-08-21,8945357.120000,133527.930000,True,CONTROLLED_SYNTHETIC
H0004462,SME001118,CASH_MANAGEMENT,2022-03-24,48337159.880000,2548633.180000,True,CONTROLLED_SYNTHETIC
H0004463,SME001121,CASH_MANAGEMENT,2021-07-23,38858611.360000,1857006.210000,True,CONTROLLED_SYNTHETIC
H0004464,SME001125,CASH_MANAGEMENT,2023-12-19,47193832.880000,2463196.620000,True,CONTROLLED_SYNTHETIC
H0004465,SME001126,CASH_MANAGEMENT,2024-07-25,75150739.960000,3486122.840000,True,CONTROLLED_SYNTHETIC
H0004466,SME001131,CASH_MANAGEMENT,2026-04-22,34891691.760000,210903.710000,True,CONTROLLED_SYNTHETIC
H0004467,SME001132,CASH_MANAGEMENT,2025-12-26,159013861.000000,5553420.140000,True,CONTROLLED_SYNTHETIC
H0004468,SME001134,CASH_MANAGEMENT,2023-06-22,12575478.840000,99637.040000,True,CONTROLLED_SYNTHETIC
H0004469,SME001141,CASH_MANAGEMENT,2022-05-01,103755058.880000,2182871.020000,True,CONTROLLED_SYNTHETIC
H0004470,SME001142,CASH_MANAGEMENT,2023-02-25,7286076.520000,328262.140000,True,CONTROLLED_SYNTHETIC
H0004471,SME001143,CASH_MANAGEMENT,2021-06-23,13503539.920000,360877.790000,True,CONTROLLED_SYNTHETIC
H0004472,SME001145,CASH_MANAGEMENT,2020-12-11,23851329.760000,181265.370000,True,CONTROLLED_SYNTHETIC
H0004473,SME001147,CASH_MANAGEMENT,2025-06-05,33735338.720000,682149.460000,True,CONTROLLED_SYNTHETIC
H0004474,SME001148,CASH_MANAGEMENT,2025-08-06,51741830.280000,1438475.840000,True,CONTROLLED_SYNTHETIC
H0004475,SME001151,CASH_MANAGEMENT,2022-05-25,16042977.040000,513586.440000,True,CONTROLLED_SYNTHETIC
H0004476,SME001154,CASH_MANAGEMENT,2023-08-25,19011951.720000,334319.030000,True,CONTROLLED_SYNTHETIC
H0004477,SME001155,CASH_MANAGEMENT,2021-03-27,35251388.240000,449410.520000,True,CONTROLLED_SYNTHETIC
H0004478,SME001156,CASH_MANAGEMENT,2023-10-02,17919803.320000,957510.160000,True,CONTROLLED_SYNTHETIC
H0004479,SME001161,CASH_MANAGEMENT,2024-03-02,27297761.840000,1332160.030000,True,CONTROLLED_SYNTHETIC
H0004480,SME001162,CASH_MANAGEMENT,2023-09-14,5337999.240000,282737.970000,True,CONTROLLED_SYNTHETIC
H0004481,SME001163,CASH_MANAGEMENT,2025-11-03,9047381.760000,181519.810000,True,CONTROLLED_SYNTHETIC
H0004482,SME001164,CASH_MANAGEMENT,2026-04-27,25875285.240000,345865.570000,True,CONTROLLED_SYNTHETIC
H0004483,SME001170,CASH_MANAGEMENT,2020-04-14,63721357.920000,2842876.470000,True,CONTROLLED_SYNTHETIC
H0004484,SME001173,CASH_MANAGEMENT,2021-08-16,43223617.800000,1256458.110000,True,CONTROLLED_SYNTHETIC
H0004485,SME001174,CASH_MANAGEMENT,2022-09-10,1537745.360000,69635.180000,True,CONTROLLED_SYNTHETIC
H0004486,SME001177,CASH_MANAGEMENT,2026-04-15,11237239.240000,134963.090000,True,CONTROLLED_SYNTHETIC
H0004487,SME001181,CASH_MANAGEMENT,2020-02-29,46932809.160000,2189860.660000,True,CONTROLLED_SYNTHETIC
H0004488,SME001183,CASH_MANAGEMENT,2022-09-11,32841008.800000,724580.620000,True,CONTROLLED_SYNTHETIC
H0004489,SME001185,CASH_MANAGEMENT,2026-04-10,85432551.440000,2274812.430000,True,CONTROLLED_SYNTHETIC
H0004490,SME001186,CASH_MANAGEMENT,2025-03-17,72304126.840000,1834468.260000,True,CONTROLLED_SYNTHETIC
H0004491,SME001188,CASH_MANAGEMENT,2023-05-16,139690484.320000,5276454.060000,True,CONTROLLED_SYNTHETIC
H0004492,SME001189,CASH_MANAGEMENT,2024-11-16,13437262.000000,605399.760000,True,CONTROLLED_SYNTHETIC
H0004493,SME001190,CASH_MANAGEMENT,2025-01-11,14473059.640000,215890.640000,True,CONTROLLED_SYNTHETIC
H0004494,SME001193,CASH_MANAGEMENT,2024-07-20,6008446.720000,161140.370000,True,CONTROLLED_SYNTHETIC
H0004495,SME001199,CASH_MANAGEMENT,2022-09-27,5243867.920000,27280.930000,True,CONTROLLED_SYNTHETIC
H0004496,SME001200,CASH_MANAGEMENT,2022-03-19,10863740.080000,246202.230000,True,CONTROLLED_SYNTHETIC
H0004497,SME001201,CASH_MANAGEMENT,2024-01-28,8143415.120000,286977.470000,True,CONTROLLED_SYNTHETIC
H0004498,SME001205,CASH_MANAGEMENT,2026-04-10,149571019.760000,6820555.020000,True,CONTROLLED_SYNTHETIC
H0004499,SME001207,CASH_MANAGEMENT,2022-02-21,39571608.080000,1576982.940000,True,CONTROLLED_SYNTHETIC
H0004500,SME001209,CASH_MANAGEMENT,2024-11-16,76857303.200000,1201685.760000,True,CONTROLLED_SYNTHETIC
H0004501,SME001213,CASH_MANAGEMENT,2021-08-12,58304729.200000,3072554.780000,True,CONTROLLED_SYNTHETIC
H0004502,SME001214,CASH_MANAGEMENT,2020-04-10,123206150.040000,5098085.620000,True,CONTROLLED_SYNTHETIC
H0004503,SME001216,CASH_MANAGEMENT,2020-04-13,41218111.440000,1606457.610000,True,CONTROLLED_SYNTHETIC
H0004504,SME001217,CASH_MANAGEMENT,2025-04-12,16340461.640000,675207.500000,True,CONTROLLED_SYNTHETIC
H0004505,SME001221,CASH_MANAGEMENT,2022-11-01,33540339.920000,1710724.870000,True,CONTROLLED_SYNTHETIC
H0004506,SME001222,CASH_MANAGEMENT,2023-07-06,199866062.440000,6579891.000000,True,CONTROLLED_SYNTHETIC
H0004507,SME001224,CASH_MANAGEMENT,2025-07-05,27500462.960000,1271184.030000,True,CONTROLLED_SYNTHETIC
H0004508,SME001226,CASH_MANAGEMENT,2025-03-30,43309215.920000,1457524.020000,True,CONTROLLED_SYNTHETIC
H0004509,SME001228,CASH_MANAGEMENT,2022-11-09,5763137.960000,267270.510000,True,CONTROLLED_SYNTHETIC
H0004510,SME001229,CASH_MANAGEMENT,2025-10-04,25292253.280000,730318.510000,True,CONTROLLED_SYNTHETIC
H0004511,SME001232,CASH_MANAGEMENT,2025-12-10,4131019.280000,101691.880000,True,CONTROLLED_SYNTHETIC
H0004512,SME001234,CASH_MANAGEMENT,2021-06-03,86344620.840000,3254444.560000,True,CONTROLLED_SYNTHETIC
H0004513,SME001237,CASH_MANAGEMENT,2024-10-16,66041168.360000,745336.240000,True,CONTROLLED_SYNTHETIC
H0004514,SME001239,CASH_MANAGEMENT,2020-10-30,23013653.560000,459775.610000,True,CONTROLLED_SYNTHETIC
H0004515,SME001240,CASH_MANAGEMENT,2020-05-03,138865727.760000,3025698.100000,True,CONTROLLED_SYNTHETIC
H0004516,SME001242,CASH_MANAGEMENT,2024-03-13,17808818.320000,713567.530000,True,CONTROLLED_SYNTHETIC
H0004517,SME001247,CASH_MANAGEMENT,2020-03-08,11908677.240000,69021.180000,True,CONTROLLED_SYNTHETIC
H0004518,SME001249,CASH_MANAGEMENT,2022-10-17,22283806.080000,203321.660000,True,CONTROLLED_SYNTHETIC
H0004519,SME001255,CASH_MANAGEMENT,2026-05-15,53266777.720000,581208.590000,True,CONTROLLED_SYNTHETIC
H0004520,SME001256,CASH_MANAGEMENT,2021-08-27,8486645.640000,370578.070000,True,CONTROLLED_SYNTHETIC
H0004521,SME001257,CASH_MANAGEMENT,2025-06-14,199263181.400000,5502900.540000,True,CONTROLLED_SYNTHETIC
H0004522,SME001258,CASH_MANAGEMENT,2022-03-25,265101353.200000,3326868.380000,True,CONTROLLED_SYNTHETIC
H0004523,SME001260,CASH_MANAGEMENT,2026-01-28,6780902.840000,176810.820000,True,CONTROLLED_SYNTHETIC
H0004524,SME001261,CASH_MANAGEMENT,2022-08-19,58994690.720000,1327776.570000,True,CONTROLLED_SYNTHETIC
H0004525,SME001262,CASH_MANAGEMENT,2022-05-16,31218686.440000,651888.590000,True,CONTROLLED_SYNTHETIC
H0004526,SME001263,CASH_MANAGEMENT,2025-06-13,23236161.080000,264995.980000,True,CONTROLLED_SYNTHETIC
H0004527,SME001267,CASH_MANAGEMENT,2025-05-19,17940555.560000,328948.550000,True,CONTROLLED_SYNTHETIC
H0004528,SME001269,CASH_MANAGEMENT,2021-07-31,5300236.680000,75348.450000,True,CONTROLLED_SYNTHETIC
H0004529,SME001272,CASH_MANAGEMENT,2024-10-04,43697951.600000,1807938.780000,True,CONTROLLED_SYNTHETIC
H0004530,SME001273,CASH_MANAGEMENT,2020-09-20,28802478.360000,1430795.440000,True,CONTROLLED_SYNTHETIC
H0004531,SME001274,CASH_MANAGEMENT,2021-06-04,24422657.120000,683270.830000,True,CONTROLLED_SYNTHETIC
H0004532,SME001281,CASH_MANAGEMENT,2025-02-25,10981601.080000,72481.920000,True,CONTROLLED_SYNTHETIC
H0004533,SME001282,CASH_MANAGEMENT,2025-05-15,11083788.400000,355924.060000,True,CONTROLLED_SYNTHETIC
H0004534,SME001284,CASH_MANAGEMENT,2023-11-17,3055022.440000,156251.300000,True,CONTROLLED_SYNTHETIC
H0004535,SME001286,CASH_MANAGEMENT,2021-11-21,3326654.880000,49500.470000,True,CONTROLLED_SYNTHETIC
H0004536,SME001287,CASH_MANAGEMENT,2022-11-25,15621271.240000,678267.130000,True,CONTROLLED_SYNTHETIC
H0004537,SME001295,CASH_MANAGEMENT,2023-02-02,85884424.200000,3331343.920000,True,CONTROLLED_SYNTHETIC
H0004538,SME001303,CASH_MANAGEMENT,2023-07-26,82414207.360000,681094.890000,True,CONTROLLED_SYNTHETIC
H0004539,SME001304,CASH_MANAGEMENT,2026-01-23,7330252.880000,162770.710000,True,CONTROLLED_SYNTHETIC
H0004540,SME001311,CASH_MANAGEMENT,2026-01-28,54832690.480000,945954.290000,True,CONTROLLED_SYNTHETIC
H0004541,SME001312,CASH_MANAGEMENT,2025-10-23,28271954.840000,1411861.120000,True,CONTROLLED_SYNTHETIC
H0004542,SME001315,CASH_MANAGEMENT,2020-02-06,7594605.160000,72667.130000,True,CONTROLLED_SYNTHETIC
H0004543,SME001321,CASH_MANAGEMENT,2023-11-10,33697016.240000,1106309.390000,True,CONTROLLED_SYNTHETIC
H0004544,SME001322,CASH_MANAGEMENT,2025-01-27,5847696.080000,56803.910000,True,CONTROLLED_SYNTHETIC
H0004545,SME001323,CASH_MANAGEMENT,2022-07-26,39080670.640000,1487522.110000,True,CONTROLLED_SYNTHETIC
H0004546,SME001324,CASH_MANAGEMENT,2024-05-29,4655822.120000,119407.440000,True,CONTROLLED_SYNTHETIC
H0004547,SME001330,CASH_MANAGEMENT,2023-10-20,4958805.560000,202170.860000,True,CONTROLLED_SYNTHETIC
H0004548,SME001331,CASH_MANAGEMENT,2025-08-18,23422799.520000,794570.580000,True,CONTROLLED_SYNTHETIC
H0004549,SME001332,CASH_MANAGEMENT,2020-07-02,25139921.520000,1301891.890000,True,CONTROLLED_SYNTHETIC
H0004550,SME001336,CASH_MANAGEMENT,2022-09-06,11661156.320000,362259.740000,True,CONTROLLED_SYNTHETIC
H0004551,SME001337,CASH_MANAGEMENT,2025-08-31,3322722.280000,47660.690000,True,CONTROLLED_SYNTHETIC
H0004552,SME001338,CASH_MANAGEMENT,2020-10-30,47833683.040000,1533393.100000,True,CONTROLLED_SYNTHETIC
H0004553,SME001342,CASH_MANAGEMENT,2026-04-02,36663638.840000,1902007.090000,True,CONTROLLED_SYNTHETIC
H0004554,SME001343,CASH_MANAGEMENT,2024-12-13,16077300.440000,658370.750000,True,CONTROLLED_SYNTHETIC
H0004555,SME001344,CASH_MANAGEMENT,2026-01-11,6122316.680000,250027.910000,True,CONTROLLED_SYNTHETIC
H0004556,SME001347,CASH_MANAGEMENT,2021-10-30,22400280.680000,476720.330000,True,CONTROLLED_SYNTHETIC
H0004557,SME001349,CASH_MANAGEMENT,2020-11-14,10599697.120000,320680.010000,True,CONTROLLED_SYNTHETIC
H0004558,SME001350,CASH_MANAGEMENT,2024-11-08,30188592.320000,1524662.140000,True,CONTROLLED_SYNTHETIC
H0004559,SME001352,CASH_MANAGEMENT,2023-02-06,5490991.200000,296058.390000,True,CONTROLLED_SYNTHETIC
H0004560,SME001358,CASH_MANAGEMENT,2022-08-08,19050359.840000,795834.770000,True,CONTROLLED_SYNTHETIC
H0004561,SME001361,CASH_MANAGEMENT,2022-03-27,80470054.080000,690682.920000,True,CONTROLLED_SYNTHETIC
H0004562,SME001362,CASH_MANAGEMENT,2025-03-15,7196224.360000,81691.380000,True,CONTROLLED_SYNTHETIC
H0004563,SME001366,CASH_MANAGEMENT,2021-10-01,31199724.400000,1366736.330000,True,CONTROLLED_SYNTHETIC
H0004564,SME001369,CASH_MANAGEMENT,2025-11-21,57905343.840000,540439.960000,True,CONTROLLED_SYNTHETIC
H0004565,SME001372,CASH_MANAGEMENT,2022-04-17,28468213.040000,1404777.810000,True,CONTROLLED_SYNTHETIC
H0004566,SME001374,CASH_MANAGEMENT,2022-03-08,2279883.080000,96735.300000,True,CONTROLLED_SYNTHETIC
H0004567,SME001376,CASH_MANAGEMENT,2022-04-19,34070749.760000,468462.570000,True,CONTROLLED_SYNTHETIC
H0004568,SME001377,CASH_MANAGEMENT,2025-10-25,54348027.400000,2798884.450000,True,CONTROLLED_SYNTHETIC
H0004569,SME001380,CASH_MANAGEMENT,2022-03-04,3703485.920000,132617.990000,True,CONTROLLED_SYNTHETIC
H0004570,SME001381,CASH_MANAGEMENT,2024-07-29,15743045.160000,516806.110000,True,CONTROLLED_SYNTHETIC
H0004571,SME001385,CASH_MANAGEMENT,2023-12-19,11149273.000000,179861.530000,True,CONTROLLED_SYNTHETIC
H0004572,SME001387,CASH_MANAGEMENT,2020-08-25,14091376.120000,356788.550000,True,CONTROLLED_SYNTHETIC
H0004573,SME001388,CASH_MANAGEMENT,2023-03-28,33612854.080000,1722407.150000,True,CONTROLLED_SYNTHETIC
H0004574,SME001391,CASH_MANAGEMENT,2022-03-27,3567191.480000,85245.870000,True,CONTROLLED_SYNTHETIC
H0004575,SME001396,CASH_MANAGEMENT,2021-02-10,72958078.040000,2794908.830000,True,CONTROLLED_SYNTHETIC
H0004576,SME001399,CASH_MANAGEMENT,2024-05-02,6859689.400000,41853.250000,True,CONTROLLED_SYNTHETIC
H0004577,SME001401,CASH_MANAGEMENT,2022-03-01,31106030.920000,938995.970000,True,CONTROLLED_SYNTHETIC
H0004578,SME001406,CASH_MANAGEMENT,2021-03-20,10371139.040000,372271.180000,True,CONTROLLED_SYNTHETIC
H0004579,SME001408,CASH_MANAGEMENT,2021-10-28,8366195.200000,320071.520000,True,CONTROLLED_SYNTHETIC
H0004580,SME001409,CASH_MANAGEMENT,2023-01-23,7433973.280000,263191.640000,True,CONTROLLED_SYNTHETIC
H0004581,SME001416,CASH_MANAGEMENT,2022-03-07,15498940.320000,484852.160000,True,CONTROLLED_SYNTHETIC
H0004582,SME001418,CASH_MANAGEMENT,2024-01-27,7848324.160000,303761.800000,True,CONTROLLED_SYNTHETIC
H0004583,SME001422,CASH_MANAGEMENT,2024-05-02,24885294.640000,471376.220000,True,CONTROLLED_SYNTHETIC
H0004584,SME001425,CASH_MANAGEMENT,2021-12-22,19890483.720000,1069687.030000,True,CONTROLLED_SYNTHETIC
H0004585,SME001427,CASH_MANAGEMENT,2025-12-28,10429242.720000,199568.370000,True,CONTROLLED_SYNTHETIC
H0004586,SME001428,CASH_MANAGEMENT,2024-01-19,54565222.960000,774367.130000,True,CONTROLLED_SYNTHETIC
H0004587,SME001430,CASH_MANAGEMENT,2025-05-23,17021567.560000,395590.400000,True,CONTROLLED_SYNTHETIC
H0004588,SME001434,CASH_MANAGEMENT,2025-03-17,173434766.720000,8989698.990000,True,CONTROLLED_SYNTHETIC
H0004589,SME001436,CASH_MANAGEMENT,2022-03-01,11057737.160000,359516.640000,True,CONTROLLED_SYNTHETIC
H0004590,SME001438,CASH_MANAGEMENT,2026-05-15,91392280.240000,1420851.070000,True,CONTROLLED_SYNTHETIC
H0004591,SME001439,CASH_MANAGEMENT,2020-05-20,114298297.680000,2661786.490000,True,CONTROLLED_SYNTHETIC
H0004592,SME001441,CASH_MANAGEMENT,2025-02-12,114524343.720000,5766371.360000,True,CONTROLLED_SYNTHETIC
H0004593,SME001444,CASH_MANAGEMENT,2025-10-06,6205796.680000,27016.680000,True,CONTROLLED_SYNTHETIC
H0004594,SME001447,CASH_MANAGEMENT,2025-12-30,10594016.880000,553708.530000,True,CONTROLLED_SYNTHETIC
H0004595,SME001451,CASH_MANAGEMENT,2020-10-27,3650072.280000,87632.780000,True,CONTROLLED_SYNTHETIC
H0004596,SME001454,CASH_MANAGEMENT,2026-05-05,82713188.280000,569202.870000,True,CONTROLLED_SYNTHETIC
H0004597,SME001459,CASH_MANAGEMENT,2022-02-07,4595260.000000,193561.940000,True,CONTROLLED_SYNTHETIC
H0004598,SME001466,CASH_MANAGEMENT,2024-11-27,14454103.200000,457618.760000,True,CONTROLLED_SYNTHETIC
H0004599,SME001479,CASH_MANAGEMENT,2020-05-04,16964284.920000,711444.240000,True,CONTROLLED_SYNTHETIC
H0004600,SME001480,CASH_MANAGEMENT,2022-06-20,7808181.840000,291328.720000,True,CONTROLLED_SYNTHETIC
H0004601,SME001482,CASH_MANAGEMENT,2021-11-09,9099220.480000,457692.100000,True,CONTROLLED_SYNTHETIC
H0004602,SME001483,CASH_MANAGEMENT,2024-09-18,11367272.320000,311822.410000,True,CONTROLLED_SYNTHETIC
H0004603,SME001484,CASH_MANAGEMENT,2021-04-25,5155350.120000,283068.230000,True,CONTROLLED_SYNTHETIC
H0004604,SME001486,CASH_MANAGEMENT,2023-11-28,5920613.960000,69377.120000,True,CONTROLLED_SYNTHETIC
H0004605,SME001494,CASH_MANAGEMENT,2020-11-26,69528285.840000,1437610.650000,True,CONTROLLED_SYNTHETIC
H0004606,SME001497,CASH_MANAGEMENT,2023-04-05,4012066.320000,213538.620000,True,CONTROLLED_SYNTHETIC
H0004607,SME001498,CASH_MANAGEMENT,2020-04-28,8711543.560000,122259.250000,True,CONTROLLED_SYNTHETIC
H0004608,SME001499,CASH_MANAGEMENT,2020-06-04,308388659.920000,1309356.560000,True,CONTROLLED_SYNTHETIC
H0004609,SME001500,CASH_MANAGEMENT,2022-11-15,44441523.800000,285435.120000,True,CONTROLLED_SYNTHETIC
H0004610,SME001501,CASH_MANAGEMENT,2023-11-13,39091169.920000,365371.260000,True,CONTROLLED_SYNTHETIC
H0004611,SME001505,CASH_MANAGEMENT,2024-12-06,3671750.280000,176423.030000,True,CONTROLLED_SYNTHETIC
H0004612,SME001507,CASH_MANAGEMENT,2021-07-05,7684431.000000,409668.880000,True,CONTROLLED_SYNTHETIC
H0004613,SME001509,CASH_MANAGEMENT,2020-05-10,13729471.120000,129110.580000,True,CONTROLLED_SYNTHETIC
H0004614,SME001512,CASH_MANAGEMENT,2023-05-03,17807039.320000,628407.350000,True,CONTROLLED_SYNTHETIC
H0004615,SME001516,CASH_MANAGEMENT,2026-02-19,7389500.960000,390213.440000,True,CONTROLLED_SYNTHETIC
H0004616,SME001517,CASH_MANAGEMENT,2022-10-14,6638524.600000,206269.440000,True,CONTROLLED_SYNTHETIC
H0004617,SME001521,CASH_MANAGEMENT,2020-11-18,44412340.840000,1897386.130000,True,CONTROLLED_SYNTHETIC
H0004618,SME001525,CASH_MANAGEMENT,2020-08-03,10380663.360000,375560.900000,True,CONTROLLED_SYNTHETIC
H0004619,SME001526,CASH_MANAGEMENT,2024-05-18,57686339.880000,1255824.340000,True,CONTROLLED_SYNTHETIC
H0004620,SME001527,CASH_MANAGEMENT,2024-12-11,3882574.320000,186510.360000,True,CONTROLLED_SYNTHETIC
H0004621,SME001529,CASH_MANAGEMENT,2021-11-21,15728968.440000,506272.920000,True,CONTROLLED_SYNTHETIC
H0004622,SME001530,CASH_MANAGEMENT,2021-11-22,15140298.720000,445927.690000,True,CONTROLLED_SYNTHETIC
H0004623,SME001535,CASH_MANAGEMENT,2025-08-25,10780022.840000,56921.050000,True,CONTROLLED_SYNTHETIC
H0004624,SME001536,CASH_MANAGEMENT,2026-02-13,59262835.800000,1812043.340000,True,CONTROLLED_SYNTHETIC
H0004625,SME001538,CASH_MANAGEMENT,2020-07-22,19894480.840000,134829.050000,True,CONTROLLED_SYNTHETIC
H0004626,SME001539,CASH_MANAGEMENT,2025-10-24,51960794.000000,884539.810000,True,CONTROLLED_SYNTHETIC
H0004627,SME001542,CASH_MANAGEMENT,2021-04-10,14188452.240000,715339.010000,True,CONTROLLED_SYNTHETIC
H0004628,SME001543,CASH_MANAGEMENT,2023-06-30,11775761.880000,216302.540000,True,CONTROLLED_SYNTHETIC
H0004629,SME001544,CASH_MANAGEMENT,2021-11-29,34095530.880000,1201435.880000,True,CONTROLLED_SYNTHETIC
H0004630,SME001546,CASH_MANAGEMENT,2020-04-17,20485706.360000,734720.930000,True,CONTROLLED_SYNTHETIC
H0004631,SME001551,CASH_MANAGEMENT,2026-04-06,151914722.720000,2101076.650000,True,CONTROLLED_SYNTHETIC
H0004632,SME001552,CASH_MANAGEMENT,2023-08-07,46983627.960000,1984098.540000,True,CONTROLLED_SYNTHETIC
H0004633,SME001554,CASH_MANAGEMENT,2021-05-25,209774551.600000,9483024.970000,True,CONTROLLED_SYNTHETIC
H0004634,SME001556,CASH_MANAGEMENT,2021-03-11,27687762.680000,484199.400000,True,CONTROLLED_SYNTHETIC
H0004635,SME001557,CASH_MANAGEMENT,2025-07-01,17866975.640000,428394.780000,True,CONTROLLED_SYNTHETIC
H0004636,SME001560,CASH_MANAGEMENT,2026-03-29,35479401.960000,920309.720000,True,CONTROLLED_SYNTHETIC
H0004637,SME001562,CASH_MANAGEMENT,2020-04-29,25354105.800000,1150445.070000,True,CONTROLLED_SYNTHETIC
H0004638,SME001564,CASH_MANAGEMENT,2025-01-16,8148481.440000,441208.850000,True,CONTROLLED_SYNTHETIC
H0004639,SME001566,CASH_MANAGEMENT,2023-10-22,26875591.960000,972164.730000,True,CONTROLLED_SYNTHETIC
H0004640,SME001575,CASH_MANAGEMENT,2022-07-31,25570961.320000,524156.070000,True,CONTROLLED_SYNTHETIC
H0004641,SME001582,CASH_MANAGEMENT,2021-10-14,15470289.640000,267812.930000,True,CONTROLLED_SYNTHETIC
H0004642,SME001583,CASH_MANAGEMENT,2022-10-10,2527831.160000,21497.710000,True,CONTROLLED_SYNTHETIC
H0004643,SME001584,CASH_MANAGEMENT,2024-01-22,15525165.640000,712212.070000,True,CONTROLLED_SYNTHETIC
H0004644,SME001585,CASH_MANAGEMENT,2021-03-01,14015440.880000,189153.930000,True,CONTROLLED_SYNTHETIC
H0004645,SME001586,CASH_MANAGEMENT,2023-03-17,27282804.280000,745956.320000,True,CONTROLLED_SYNTHETIC
H0004646,SME001588,CASH_MANAGEMENT,2020-05-11,975278.520000,29510.760000,True,CONTROLLED_SYNTHETIC
H0004647,SME001591,CASH_MANAGEMENT,2024-02-23,21023007.520000,277493.800000,True,CONTROLLED_SYNTHETIC
H0004648,SME001595,CASH_MANAGEMENT,2022-09-03,36106459.960000,371197.570000,True,CONTROLLED_SYNTHETIC
H0004649,SME001596,CASH_MANAGEMENT,2025-09-01,132166834.720000,6652687.210000,True,CONTROLLED_SYNTHETIC
H0004650,SME001597,CASH_MANAGEMENT,2024-02-04,235353108.920000,10624517.870000,True,CONTROLLED_SYNTHETIC
H0004651,SME001602,CASH_MANAGEMENT,2020-11-05,3282872.040000,38561.390000,True,CONTROLLED_SYNTHETIC
H0004652,SME001608,CASH_MANAGEMENT,2020-03-04,36127462.560000,1854256.540000,True,CONTROLLED_SYNTHETIC
H0004653,SME001611,CASH_MANAGEMENT,2021-02-08,21802698.200000,95452.750000,True,CONTROLLED_SYNTHETIC
H0004654,SME001613,CASH_MANAGEMENT,2022-11-23,43195286.960000,1754016.450000,True,CONTROLLED_SYNTHETIC
H0004655,SME001616,CASH_MANAGEMENT,2022-03-23,11017981.360000,165973.460000,True,CONTROLLED_SYNTHETIC
H0004656,SME001621,CASH_MANAGEMENT,2021-04-07,66780442.920000,474385.510000,True,CONTROLLED_SYNTHETIC
H0004657,SME001622,CASH_MANAGEMENT,2024-03-03,1741956.040000,8067.980000,True,CONTROLLED_SYNTHETIC
H0004658,SME001623,CASH_MANAGEMENT,2021-06-06,2132605.240000,96992.130000,True,CONTROLLED_SYNTHETIC
H0004659,SME001624,CASH_MANAGEMENT,2020-06-25,4451493.720000,67886.120000,True,CONTROLLED_SYNTHETIC
H0004660,SME001626,CASH_MANAGEMENT,2023-02-12,7454941.200000,147178.300000,True,CONTROLLED_SYNTHETIC
H0004661,SME001628,CASH_MANAGEMENT,2022-12-05,16499008.440000,721072.050000,True,CONTROLLED_SYNTHETIC
H0004662,SME001630,CASH_MANAGEMENT,2023-03-29,21198529.080000,604986.690000,True,CONTROLLED_SYNTHETIC
H0004663,SME001631,CASH_MANAGEMENT,2022-06-21,8963018.360000,237163.210000,True,CONTROLLED_SYNTHETIC
H0004664,SME001632,CASH_MANAGEMENT,2026-03-16,45113159.520000,545677.830000,True,CONTROLLED_SYNTHETIC
H0004665,SME001639,CASH_MANAGEMENT,2021-04-10,7080036.080000,203887.380000,True,CONTROLLED_SYNTHETIC
H0004666,SME001640,CASH_MANAGEMENT,2022-01-22,21121507.920000,1002263.350000,True,CONTROLLED_SYNTHETIC
H0004667,SME001641,CASH_MANAGEMENT,2024-07-22,41831662.760000,1286980.370000,True,CONTROLLED_SYNTHETIC
H0004668,SME001643,CASH_MANAGEMENT,2020-05-18,32772720.640000,350194.520000,True,CONTROLLED_SYNTHETIC
H0004669,SME001646,CASH_MANAGEMENT,2021-11-04,59683086.320000,1755688.130000,True,CONTROLLED_SYNTHETIC
H0004670,SME001647,CASH_MANAGEMENT,2020-06-03,14178979.040000,164666.740000,True,CONTROLLED_SYNTHETIC
H0004671,SME001648,CASH_MANAGEMENT,2025-08-26,10182392.360000,304508.750000,True,CONTROLLED_SYNTHETIC
H0004672,SME001650,CASH_MANAGEMENT,2025-05-27,14311816.680000,537532.040000,True,CONTROLLED_SYNTHETIC
H0004673,SME001651,CASH_MANAGEMENT,2022-08-17,49062057.360000,2374408.900000,True,CONTROLLED_SYNTHETIC
H0004674,SME001654,CASH_MANAGEMENT,2021-07-18,57737411.560000,1451802.250000,True,CONTROLLED_SYNTHETIC
H0004675,SME001658,CASH_MANAGEMENT,2022-05-14,29670369.560000,946177.300000,True,CONTROLLED_SYNTHETIC
H0004676,SME001661,CASH_MANAGEMENT,2021-11-14,265691317.560000,13609897.840000,True,CONTROLLED_SYNTHETIC
H0004677,SME001663,CASH_MANAGEMENT,2026-01-28,3138545.960000,38703.940000,True,CONTROLLED_SYNTHETIC
H0004678,SME001664,CASH_MANAGEMENT,2023-09-09,8729076.400000,281882.510000,True,CONTROLLED_SYNTHETIC
H0004679,SME001665,CASH_MANAGEMENT,2025-10-12,105251326.640000,3483862.000000,True,CONTROLLED_SYNTHETIC
H0004680,SME001666,CASH_MANAGEMENT,2021-04-02,23776646.240000,746810.490000,True,CONTROLLED_SYNTHETIC
H0004681,SME001668,CASH_MANAGEMENT,2025-11-11,54678444.800000,2965162.970000,True,CONTROLLED_SYNTHETIC
H0004682,SME001670,CASH_MANAGEMENT,2023-08-14,2224111.480000,98135.420000,True,CONTROLLED_SYNTHETIC
H0004683,SME001671,CASH_MANAGEMENT,2024-02-22,9500552.640000,54864.000000,True,CONTROLLED_SYNTHETIC
H0004684,SME001673,CASH_MANAGEMENT,2025-09-05,15485880.520000,369082.660000,True,CONTROLLED_SYNTHETIC
H0004685,SME001676,CASH_MANAGEMENT,2023-02-20,64564243.480000,397192.200000,True,CONTROLLED_SYNTHETIC
H0004686,SME001678,CASH_MANAGEMENT,2022-05-09,87908853.480000,3286026.500000,True,CONTROLLED_SYNTHETIC
H0004687,SME001679,CASH_MANAGEMENT,2024-06-20,8365245.080000,238157.110000,True,CONTROLLED_SYNTHETIC
H0004688,SME001683,CASH_MANAGEMENT,2022-09-27,5919240.000000,67322.570000,True,CONTROLLED_SYNTHETIC
H0004689,SME001684,CASH_MANAGEMENT,2022-02-04,7790126.080000,322834.120000,True,CONTROLLED_SYNTHETIC
H0004690,SME001685,CASH_MANAGEMENT,2023-09-16,9040648.640000,460378.010000,True,CONTROLLED_SYNTHETIC
H0004691,SME001692,CASH_MANAGEMENT,2026-04-10,17975319.360000,697646.410000,True,CONTROLLED_SYNTHETIC
H0004692,SME001695,CASH_MANAGEMENT,2021-08-12,8179752.240000,435598.470000,True,CONTROLLED_SYNTHETIC
H0004693,SME001697,CASH_MANAGEMENT,2025-03-29,290965066.560000,12159528.750000,True,CONTROLLED_SYNTHETIC
H0004694,SME001698,CASH_MANAGEMENT,2021-09-01,9214419.720000,287094.450000,True,CONTROLLED_SYNTHETIC
H0004695,SME001700,CASH_MANAGEMENT,2025-11-27,17061328.520000,342200.570000,True,CONTROLLED_SYNTHETIC
H0004696,SME001701,CASH_MANAGEMENT,2023-11-09,8606032.480000,298204.720000,True,CONTROLLED_SYNTHETIC
H0004697,SME001708,CASH_MANAGEMENT,2024-10-05,37263189.520000,282813.200000,True,CONTROLLED_SYNTHETIC
H0004698,SME001712,CASH_MANAGEMENT,2022-11-16,23278807.000000,929271.400000,True,CONTROLLED_SYNTHETIC
H0004699,SME001714,CASH_MANAGEMENT,2021-08-21,4993656.360000,70055.970000,True,CONTROLLED_SYNTHETIC
H0004700,SME001719,CASH_MANAGEMENT,2022-10-15,17372797.280000,554930.730000,True,CONTROLLED_SYNTHETIC
H0004701,SME001722,CASH_MANAGEMENT,2021-11-28,57738121.320000,1846124.500000,True,CONTROLLED_SYNTHETIC
H0004702,SME001724,CASH_MANAGEMENT,2026-01-23,9608976.240000,378396.220000,True,CONTROLLED_SYNTHETIC
H0004703,SME001726,CASH_MANAGEMENT,2020-12-02,13412982.600000,558562.750000,True,CONTROLLED_SYNTHETIC
H0004704,SME001727,CASH_MANAGEMENT,2024-05-08,55655512.480000,1039948.980000,True,CONTROLLED_SYNTHETIC
H0004705,SME001735,CASH_MANAGEMENT,2025-01-29,17816144.080000,725341.550000,True,CONTROLLED_SYNTHETIC
H0004706,SME001737,CASH_MANAGEMENT,2021-02-22,98894928.560000,3267590.910000,True,CONTROLLED_SYNTHETIC
H0004707,SME001738,CASH_MANAGEMENT,2023-11-28,29284410.840000,1512824.260000,True,CONTROLLED_SYNTHETIC
H0004708,SME001742,CASH_MANAGEMENT,2022-09-15,3550370.120000,72699.410000,True,CONTROLLED_SYNTHETIC
H0004709,SME001745,CASH_MANAGEMENT,2021-11-26,2574131.320000,67077.560000,True,CONTROLLED_SYNTHETIC
H0004710,SME001751,CASH_MANAGEMENT,2025-01-30,255899518.240000,6600909.100000,True,CONTROLLED_SYNTHETIC
H0004711,SME001753,CASH_MANAGEMENT,2022-08-17,4010454.760000,140976.580000,True,CONTROLLED_SYNTHETIC
H0004712,SME001754,CASH_MANAGEMENT,2025-03-01,12286569.560000,610719.450000,True,CONTROLLED_SYNTHETIC
H0004713,SME001757,CASH_MANAGEMENT,2024-08-17,5907228.800000,294620.940000,True,CONTROLLED_SYNTHETIC
H0004714,SME001759,CASH_MANAGEMENT,2023-12-28,16960026.640000,92355.820000,True,CONTROLLED_SYNTHETIC
H0004715,SME001760,CASH_MANAGEMENT,2024-07-02,64794887.800000,493916.490000,True,CONTROLLED_SYNTHETIC
H0004716,SME001762,CASH_MANAGEMENT,2021-07-08,2046629.040000,99342.860000,True,CONTROLLED_SYNTHETIC
H0004717,SME001766,CASH_MANAGEMENT,2025-11-19,4530417.720000,191945.260000,True,CONTROLLED_SYNTHETIC
H0004718,SME001769,CASH_MANAGEMENT,2025-06-16,32946405.840000,680721.570000,True,CONTROLLED_SYNTHETIC
H0004719,SME001770,CASH_MANAGEMENT,2024-08-25,132701510.280000,4072809.450000,True,CONTROLLED_SYNTHETIC
H0004720,SME001774,CASH_MANAGEMENT,2021-01-19,54614671.840000,876619.160000,True,CONTROLLED_SYNTHETIC
H0004721,SME001775,CASH_MANAGEMENT,2022-03-28,12465875.200000,170080.360000,True,CONTROLLED_SYNTHETIC
H0004722,SME001777,CASH_MANAGEMENT,2024-11-24,11330680.480000,196899.040000,True,CONTROLLED_SYNTHETIC
H0004723,SME001778,CASH_MANAGEMENT,2021-09-08,33431823.160000,226489.340000,True,CONTROLLED_SYNTHETIC
H0004724,SME001783,CASH_MANAGEMENT,2025-01-07,18138343.000000,144056.560000,True,CONTROLLED_SYNTHETIC
H0004725,SME001784,CASH_MANAGEMENT,2021-10-04,31842716.800000,1101093.990000,True,CONTROLLED_SYNTHETIC
H0004726,SME001789,CASH_MANAGEMENT,2022-11-11,23512799.600000,836849.450000,True,CONTROLLED_SYNTHETIC
H0004727,SME001793,CASH_MANAGEMENT,2020-12-14,26690066.480000,201651.210000,True,CONTROLLED_SYNTHETIC
H0004728,SME001796,CASH_MANAGEMENT,2025-07-03,23627985.440000,265129.190000,True,CONTROLLED_SYNTHETIC
H0004729,SME001800,CASH_MANAGEMENT,2024-03-28,19118843.280000,236808.230000,True,CONTROLLED_SYNTHETIC
H0004730,SME001803,CASH_MANAGEMENT,2021-08-29,53122323.920000,785523.230000,True,CONTROLLED_SYNTHETIC
H0004731,SME001810,CASH_MANAGEMENT,2024-03-13,14417733.280000,98388.810000,True,CONTROLLED_SYNTHETIC
H0004732,SME001811,CASH_MANAGEMENT,2025-03-16,5274176.160000,115221.380000,True,CONTROLLED_SYNTHETIC
H0004733,SME001812,CASH_MANAGEMENT,2025-02-21,5293133.320000,101349.910000,True,CONTROLLED_SYNTHETIC
H0004734,SME001813,CASH_MANAGEMENT,2023-02-26,25674211.480000,1355364.250000,True,CONTROLLED_SYNTHETIC
H0004735,SME001814,CASH_MANAGEMENT,2020-09-15,21019726.200000,743787.510000,True,CONTROLLED_SYNTHETIC
H0004736,SME001816,CASH_MANAGEMENT,2021-12-15,22325117.360000,97048.020000,True,CONTROLLED_SYNTHETIC
H0004737,SME001817,CASH_MANAGEMENT,2025-05-02,20513491.160000,927003.430000,True,CONTROLLED_SYNTHETIC
H0004738,SME001819,CASH_MANAGEMENT,2020-12-05,16222289.880000,157037.460000,True,CONTROLLED_SYNTHETIC
H0004739,SME001822,CASH_MANAGEMENT,2021-04-02,12854345.240000,500493.360000,True,CONTROLLED_SYNTHETIC
H0004740,SME001824,CASH_MANAGEMENT,2020-11-25,19350032.560000,708238.990000,True,CONTROLLED_SYNTHETIC
H0004741,SME001825,CASH_MANAGEMENT,2023-03-11,13504519.160000,296404.890000,True,CONTROLLED_SYNTHETIC
H0004742,SME001827,CASH_MANAGEMENT,2022-12-06,30902090.720000,1290069.450000,True,CONTROLLED_SYNTHETIC
H0004743,SME001831,CASH_MANAGEMENT,2024-03-01,16791622.840000,835810.820000,True,CONTROLLED_SYNTHETIC
H0004744,SME001833,CASH_MANAGEMENT,2020-06-01,31403691.600000,528551.080000,True,CONTROLLED_SYNTHETIC
H0004745,SME001834,CASH_MANAGEMENT,2022-04-23,13181821.080000,715981.370000,True,CONTROLLED_SYNTHETIC
H0004746,SME001839,CASH_MANAGEMENT,2021-02-22,10364530.400000,483226.910000,True,CONTROLLED_SYNTHETIC
H0004747,SME001840,CASH_MANAGEMENT,2024-07-25,8818642.960000,228751.410000,True,CONTROLLED_SYNTHETIC
H0004748,SME001842,CASH_MANAGEMENT,2025-08-18,55762054.360000,565400.000000,True,CONTROLLED_SYNTHETIC
H0004749,SME001843,CASH_MANAGEMENT,2024-12-10,26886914.040000,364037.140000,True,CONTROLLED_SYNTHETIC
H0004750,SME001846,CASH_MANAGEMENT,2023-11-05,7222275.280000,39294.650000,True,CONTROLLED_SYNTHETIC
H0004751,SME001857,CASH_MANAGEMENT,2020-07-04,8659662.200000,424894.830000,True,CONTROLLED_SYNTHETIC
H0004752,SME001860,CASH_MANAGEMENT,2020-05-10,278625401.000000,13952942.970000,True,CONTROLLED_SYNTHETIC
H0004753,SME001864,CASH_MANAGEMENT,2021-03-15,190024802.840000,7322205.820000,True,CONTROLLED_SYNTHETIC
H0004754,SME001867,CASH_MANAGEMENT,2026-02-09,6942045.480000,46707.070000,True,CONTROLLED_SYNTHETIC
H0004755,SME001868,CASH_MANAGEMENT,2021-09-20,37348566.680000,1418912.260000,True,CONTROLLED_SYNTHETIC
H0004756,SME001870,CASH_MANAGEMENT,2022-12-05,23928207.600000,928034.900000,True,CONTROLLED_SYNTHETIC
H0004757,SME001872,CASH_MANAGEMENT,2023-10-25,28351774.640000,271639.970000,True,CONTROLLED_SYNTHETIC
H0004758,SME001876,CASH_MANAGEMENT,2022-03-25,2832907.360000,77657.960000,True,CONTROLLED_SYNTHETIC
H0004759,SME001878,CASH_MANAGEMENT,2025-11-29,5499566.520000,74469.130000,True,CONTROLLED_SYNTHETIC
H0004760,SME001879,CASH_MANAGEMENT,2021-02-13,126353149.840000,6325812.600000,True,CONTROLLED_SYNTHETIC
H0004761,SME001882,CASH_MANAGEMENT,2021-10-29,29021291.680000,1047843.680000,True,CONTROLLED_SYNTHETIC
H0004762,SME001885,CASH_MANAGEMENT,2024-12-20,36248837.040000,1379394.510000,True,CONTROLLED_SYNTHETIC
H0004763,SME001886,CASH_MANAGEMENT,2024-01-27,114149989.360000,1076835.560000,True,CONTROLLED_SYNTHETIC
H0004764,SME001888,CASH_MANAGEMENT,2022-04-09,96870785.600000,1934851.170000,True,CONTROLLED_SYNTHETIC
H0004765,SME001895,CASH_MANAGEMENT,2023-09-13,42668348.280000,1763022.570000,True,CONTROLLED_SYNTHETIC
H0004766,SME001896,CASH_MANAGEMENT,2020-07-03,14604902.000000,357780.740000,True,CONTROLLED_SYNTHETIC
H0004767,SME001898,CASH_MANAGEMENT,2023-10-25,11582053.360000,174202.640000,True,CONTROLLED_SYNTHETIC
H0004768,SME001905,CASH_MANAGEMENT,2023-05-17,3976801.600000,107663.230000,True,CONTROLLED_SYNTHETIC
H0004769,SME001907,CASH_MANAGEMENT,2025-09-28,38824975.720000,369382.170000,True,CONTROLLED_SYNTHETIC
H0004770,SME001919,CASH_MANAGEMENT,2020-07-03,25486182.880000,867938.910000,True,CONTROLLED_SYNTHETIC
H0004771,SME001922,CASH_MANAGEMENT,2023-04-09,6700966.400000,357329.660000,True,CONTROLLED_SYNTHETIC
H0004772,SME001927,CASH_MANAGEMENT,2025-07-17,5189645.320000,102978.750000,True,CONTROLLED_SYNTHETIC
H0004773,SME001928,CASH_MANAGEMENT,2020-08-16,8584161.440000,167224.630000,True,CONTROLLED_SYNTHETIC
H0004774,SME001930,CASH_MANAGEMENT,2025-08-04,14939782.080000,470915.270000,True,CONTROLLED_SYNTHETIC
H0004775,SME001932,CASH_MANAGEMENT,2022-10-28,28518155.360000,126541.370000,True,CONTROLLED_SYNTHETIC
H0004776,SME001933,CASH_MANAGEMENT,2021-04-24,7290538.360000,311020.440000,True,CONTROLLED_SYNTHETIC
H0004777,SME001934,CASH_MANAGEMENT,2024-02-04,241293075.360000,11509845.280000,True,CONTROLLED_SYNTHETIC
H0004778,SME001937,CASH_MANAGEMENT,2021-11-29,9464168.000000,512619.590000,True,CONTROLLED_SYNTHETIC
H0004779,SME001938,CASH_MANAGEMENT,2020-08-20,5379490.280000,148899.170000,True,CONTROLLED_SYNTHETIC
H0004780,SME001941,CASH_MANAGEMENT,2022-01-26,22599472.720000,1064487.400000,True,CONTROLLED_SYNTHETIC
H0004781,SME001944,CASH_MANAGEMENT,2020-04-10,39538741.440000,1387022.510000,True,CONTROLLED_SYNTHETIC
H0004782,SME001946,CASH_MANAGEMENT,2020-09-15,31794107.320000,1039018.390000,True,CONTROLLED_SYNTHETIC
H0004783,SME001947,CASH_MANAGEMENT,2024-12-12,6844969.240000,203184.760000,True,CONTROLLED_SYNTHETIC
H0004784,SME001950,CASH_MANAGEMENT,2025-10-30,13867908.040000,642990.900000,True,CONTROLLED_SYNTHETIC
H0004785,SME001953,CASH_MANAGEMENT,2022-07-02,35955084.600000,371809.340000,True,CONTROLLED_SYNTHETIC
H0004786,SME001954,CASH_MANAGEMENT,2024-02-09,32486267.360000,1255212.330000,True,CONTROLLED_SYNTHETIC
H0004787,SME001959,CASH_MANAGEMENT,2023-02-09,7180053.120000,182304.020000,True,CONTROLLED_SYNTHETIC
H0004788,SME001963,CASH_MANAGEMENT,2024-10-10,3799205.480000,172935.110000,True,CONTROLLED_SYNTHETIC
H0004789,SME001965,CASH_MANAGEMENT,2022-04-08,17969303.880000,465427.180000,True,CONTROLLED_SYNTHETIC
H0004790,SME001967,CASH_MANAGEMENT,2021-11-26,22710110.360000,345818.820000,True,CONTROLLED_SYNTHETIC
H0004791,SME001968,CASH_MANAGEMENT,2024-06-29,43489179.120000,1226277.540000,True,CONTROLLED_SYNTHETIC
H0004792,SME001970,CASH_MANAGEMENT,2024-09-04,17626896.880000,485493.250000,True,CONTROLLED_SYNTHETIC
H0004793,SME001973,CASH_MANAGEMENT,2025-05-16,13455221.360000,717010.580000,True,CONTROLLED_SYNTHETIC
H0004794,SME001974,CASH_MANAGEMENT,2023-09-07,6653811.920000,294546.790000,True,CONTROLLED_SYNTHETIC
H0004795,SME001976,CASH_MANAGEMENT,2026-03-16,6264905.800000,133353.650000,True,CONTROLLED_SYNTHETIC
H0004796,SME001978,CASH_MANAGEMENT,2020-07-10,9454987.680000,373910.860000,True,CONTROLLED_SYNTHETIC
H0004797,SME001979,CASH_MANAGEMENT,2025-11-13,22677377.480000,231759.170000,True,CONTROLLED_SYNTHETIC
H0004798,SME001982,CASH_MANAGEMENT,2020-10-08,44383227.520000,1119118.200000,True,CONTROLLED_SYNTHETIC
H0004799,SME001988,CASH_MANAGEMENT,2023-10-12,31358953.120000,275496.900000,True,CONTROLLED_SYNTHETIC
H0004800,SME001989,CASH_MANAGEMENT,2020-06-04,104128274.160000,2632366.730000,True,CONTROLLED_SYNTHETIC
H0004801,SME001991,CASH_MANAGEMENT,2024-07-24,24348404.440000,246057.280000,True,CONTROLLED_SYNTHETIC
H0004802,SME001994,CASH_MANAGEMENT,2024-05-24,27681652.120000,1283488.410000,True,CONTROLLED_SYNTHETIC
H0004803,SME001997,CASH_MANAGEMENT,2023-07-25,3103635.120000,158148.440000,True,CONTROLLED_SYNTHETIC
H0004804,SME001998,CASH_MANAGEMENT,2023-07-16,106406765.680000,1875833.720000,True,CONTROLLED_SYNTHETIC
H0004805,SME002001,CASH_MANAGEMENT,2023-06-23,16663555.360000,287492.220000,True,CONTROLLED_SYNTHETIC
H0004806,SME002003,CASH_MANAGEMENT,2026-01-30,40733238.480000,216909.910000,True,CONTROLLED_SYNTHETIC
H0004807,SME002005,CASH_MANAGEMENT,2025-05-28,15462395.320000,757357.810000,True,CONTROLLED_SYNTHETIC
H0004808,SME002007,CASH_MANAGEMENT,2022-03-06,78714058.960000,3503606.040000,True,CONTROLLED_SYNTHETIC
H0004809,SME002012,CASH_MANAGEMENT,2024-08-22,21143509.280000,477330.640000,True,CONTROLLED_SYNTHETIC
H0004810,SME002013,CASH_MANAGEMENT,2021-09-25,18230638.640000,730697.480000,True,CONTROLLED_SYNTHETIC
H0004811,SME002015,CASH_MANAGEMENT,2022-04-18,85903731.800000,4714611.350000,True,CONTROLLED_SYNTHETIC
H0004812,SME002019,CASH_MANAGEMENT,2025-04-25,11019329.080000,270710.790000,True,CONTROLLED_SYNTHETIC
H0004813,SME002027,CASH_MANAGEMENT,2025-03-23,18254656.000000,893011.060000,True,CONTROLLED_SYNTHETIC
H0004814,SME002039,CASH_MANAGEMENT,2024-06-05,14844011.200000,663717.900000,True,CONTROLLED_SYNTHETIC
H0004815,SME002041,CASH_MANAGEMENT,2021-05-11,2541399.200000,54681.020000,True,CONTROLLED_SYNTHETIC
H0004816,SME002042,CASH_MANAGEMENT,2020-10-16,81201425.360000,3883682.310000,True,CONTROLLED_SYNTHETIC
H0004817,SME002043,CASH_MANAGEMENT,2023-05-28,117137588.040000,4312500.380000,True,CONTROLLED_SYNTHETIC
H0004818,SME002044,CASH_MANAGEMENT,2022-03-18,14693171.760000,475716.070000,True,CONTROLLED_SYNTHETIC
H0004819,SME002046,CASH_MANAGEMENT,2025-06-07,46417497.800000,1676672.240000,True,CONTROLLED_SYNTHETIC
H0004820,SME002048,CASH_MANAGEMENT,2021-11-17,137734103.600000,2463241.900000,True,CONTROLLED_SYNTHETIC
H0004821,SME002049,CASH_MANAGEMENT,2025-03-24,36602058.680000,762468.450000,True,CONTROLLED_SYNTHETIC
H0004822,SME002050,CASH_MANAGEMENT,2022-11-06,34881906.160000,444283.100000,True,CONTROLLED_SYNTHETIC
H0004823,SME002051,CASH_MANAGEMENT,2026-05-19,13794487.320000,516490.550000,True,CONTROLLED_SYNTHETIC
H0004824,SME002059,CASH_MANAGEMENT,2023-10-06,269946827.360000,10340235.840000,True,CONTROLLED_SYNTHETIC
H0004825,SME002060,CASH_MANAGEMENT,2024-12-23,9649775.440000,54011.710000,True,CONTROLLED_SYNTHETIC
H0004826,SME002065,CASH_MANAGEMENT,2020-04-15,52705882.840000,1384540.290000,True,CONTROLLED_SYNTHETIC
H0004827,SME002066,CASH_MANAGEMENT,2024-06-02,18702082.280000,630627.910000,True,CONTROLLED_SYNTHETIC
H0004828,SME002067,CASH_MANAGEMENT,2024-04-10,10952292.800000,451963.380000,True,CONTROLLED_SYNTHETIC
H0004829,SME002068,CASH_MANAGEMENT,2025-05-17,11862874.440000,77001.320000,True,CONTROLLED_SYNTHETIC
H0004830,SME002070,CASH_MANAGEMENT,2023-02-02,6773748.720000,110194.730000,True,CONTROLLED_SYNTHETIC
H0004831,SME002071,CASH_MANAGEMENT,2021-06-25,13129145.360000,53508.480000,True,CONTROLLED_SYNTHETIC
H0004832,SME002073,CASH_MANAGEMENT,2024-12-14,40661139.080000,1597007.270000,True,CONTROLLED_SYNTHETIC
H0004833,SME002077,CASH_MANAGEMENT,2024-02-27,12379828.880000,516573.110000,True,CONTROLLED_SYNTHETIC
H0004834,SME002080,CASH_MANAGEMENT,2025-10-27,35457047.280000,1591979.550000,True,CONTROLLED_SYNTHETIC
H0004835,SME002081,CASH_MANAGEMENT,2021-11-04,20042614.720000,609624.030000,True,CONTROLLED_SYNTHETIC
H0004836,SME002083,CASH_MANAGEMENT,2024-08-20,26154394.000000,1153218.650000,True,CONTROLLED_SYNTHETIC
H0004837,SME002093,CASH_MANAGEMENT,2020-12-24,4079907.520000,82651.470000,True,CONTROLLED_SYNTHETIC
H0004838,SME002094,CASH_MANAGEMENT,2021-11-18,22210892.000000,992545.750000,True,CONTROLLED_SYNTHETIC
H0004839,SME002096,CASH_MANAGEMENT,2022-03-01,6632166.720000,168954.600000,True,CONTROLLED_SYNTHETIC
H0004840,SME002106,CASH_MANAGEMENT,2021-04-01,50257419.400000,1263365.060000,True,CONTROLLED_SYNTHETIC
H0004841,SME002107,CASH_MANAGEMENT,2022-01-22,22158515.200000,816098.730000,True,CONTROLLED_SYNTHETIC
H0004842,SME002110,CASH_MANAGEMENT,2024-12-16,12204953.720000,439792.570000,True,CONTROLLED_SYNTHETIC
H0004843,SME002111,CASH_MANAGEMENT,2022-12-24,8098956.720000,219948.240000,True,CONTROLLED_SYNTHETIC
H0004844,SME002115,CASH_MANAGEMENT,2024-10-30,26249216.160000,955919.320000,True,CONTROLLED_SYNTHETIC
H0004845,SME002116,CASH_MANAGEMENT,2020-12-08,301926555.200000,5177698.060000,True,CONTROLLED_SYNTHETIC
H0004846,SME002117,CASH_MANAGEMENT,2020-07-09,4267744.280000,228191.080000,True,CONTROLLED_SYNTHETIC
H0004847,SME002118,CASH_MANAGEMENT,2023-01-22,12519423.720000,230875.450000,True,CONTROLLED_SYNTHETIC
H0004848,SME002119,CASH_MANAGEMENT,2022-10-21,22813275.480000,147079.050000,True,CONTROLLED_SYNTHETIC
H0004849,SME002122,CASH_MANAGEMENT,2024-02-28,177236814.560000,5955624.360000,True,CONTROLLED_SYNTHETIC
H0004850,SME002123,CASH_MANAGEMENT,2023-06-22,13894821.840000,639013.000000,True,CONTROLLED_SYNTHETIC
H0004851,SME002124,CASH_MANAGEMENT,2021-03-12,10087303.720000,482836.700000,True,CONTROLLED_SYNTHETIC
H0004852,SME002128,CASH_MANAGEMENT,2023-04-02,37500499.640000,502961.740000,True,CONTROLLED_SYNTHETIC
H0004853,SME002134,CASH_MANAGEMENT,2021-12-09,3141448.320000,134092.760000,True,CONTROLLED_SYNTHETIC
H0004854,SME002137,CASH_MANAGEMENT,2024-01-15,18600128.200000,477349.900000,True,CONTROLLED_SYNTHETIC
H0004855,SME002141,CASH_MANAGEMENT,2025-02-03,19356036.640000,733764.010000,True,CONTROLLED_SYNTHETIC
H0004856,SME002144,CASH_MANAGEMENT,2022-08-17,6382738.240000,201787.810000,True,CONTROLLED_SYNTHETIC
H0004857,SME002146,CASH_MANAGEMENT,2023-05-31,7704761.480000,104650.410000,True,CONTROLLED_SYNTHETIC
H0004858,SME002149,CASH_MANAGEMENT,2020-08-27,15214592.480000,210394.710000,True,CONTROLLED_SYNTHETIC
H0004859,SME002151,CASH_MANAGEMENT,2026-05-04,5241075.000000,96467.160000,True,CONTROLLED_SYNTHETIC
H0004860,SME002156,CASH_MANAGEMENT,2020-12-17,17396320.360000,166121.860000,True,CONTROLLED_SYNTHETIC
H0004861,SME002157,CASH_MANAGEMENT,2025-12-24,18194711.560000,108529.310000,True,CONTROLLED_SYNTHETIC
H0004862,SME002161,CASH_MANAGEMENT,2023-05-01,18506662.200000,670708.800000,True,CONTROLLED_SYNTHETIC
H0004863,SME002162,CASH_MANAGEMENT,2022-06-05,91811573.600000,2596316.870000,True,CONTROLLED_SYNTHETIC
H0004864,SME002163,CASH_MANAGEMENT,2025-06-05,10852307.640000,333991.150000,True,CONTROLLED_SYNTHETIC
H0004865,SME002167,CASH_MANAGEMENT,2023-06-29,9827885.000000,289040.490000,True,CONTROLLED_SYNTHETIC
H0004866,SME002169,CASH_MANAGEMENT,2023-02-01,12640054.960000,664264.460000,True,CONTROLLED_SYNTHETIC
H0004867,SME002171,CASH_MANAGEMENT,2023-03-21,9365715.280000,261627.320000,True,CONTROLLED_SYNTHETIC
H0004868,SME002172,CASH_MANAGEMENT,2023-04-19,89975597.840000,4783832.170000,True,CONTROLLED_SYNTHETIC
H0004869,SME002173,CASH_MANAGEMENT,2024-10-23,6107428.000000,314826.820000,True,CONTROLLED_SYNTHETIC
H0004870,SME002175,CASH_MANAGEMENT,2020-05-16,21089277.680000,148199.760000,True,CONTROLLED_SYNTHETIC
H0004871,SME002177,CASH_MANAGEMENT,2024-04-06,28171587.800000,1155081.460000,True,CONTROLLED_SYNTHETIC
H0004872,SME002179,CASH_MANAGEMENT,2025-12-07,45503254.680000,1221810.520000,True,CONTROLLED_SYNTHETIC
H0004873,SME002181,CASH_MANAGEMENT,2025-02-04,164834611.480000,5414446.180000,True,CONTROLLED_SYNTHETIC
H0004874,SME002182,CASH_MANAGEMENT,2024-03-18,9032910.280000,98164.350000,True,CONTROLLED_SYNTHETIC
H0004875,SME002183,CASH_MANAGEMENT,2025-09-01,21672128.760000,1002435.280000,True,CONTROLLED_SYNTHETIC
H0004876,SME002187,CASH_MANAGEMENT,2022-12-04,4921317.440000,54438.740000,True,CONTROLLED_SYNTHETIC
H0004877,SME002188,CASH_MANAGEMENT,2022-06-21,8174979.680000,431608.180000,True,CONTROLLED_SYNTHETIC
H0004878,SME002190,CASH_MANAGEMENT,2021-06-28,8666467.000000,448749.770000,True,CONTROLLED_SYNTHETIC
H0004879,SME002191,CASH_MANAGEMENT,2021-01-06,14826091.280000,759799.840000,True,CONTROLLED_SYNTHETIC
H0004880,SME002195,CASH_MANAGEMENT,2024-03-28,10224793.280000,559632.720000,True,CONTROLLED_SYNTHETIC
H0004881,SME002198,CASH_MANAGEMENT,2025-06-22,4407451.640000,145297.120000,True,CONTROLLED_SYNTHETIC
H0004882,SME002201,CASH_MANAGEMENT,2022-07-22,63424734.720000,517678.480000,True,CONTROLLED_SYNTHETIC
H0004883,SME002204,CASH_MANAGEMENT,2023-08-05,55454750.520000,1419092.070000,True,CONTROLLED_SYNTHETIC
H0004884,SME002205,CASH_MANAGEMENT,2020-04-25,486027071.680000,16997465.360000,True,CONTROLLED_SYNTHETIC
H0004885,SME002206,CASH_MANAGEMENT,2026-01-07,14547000.840000,772770.550000,True,CONTROLLED_SYNTHETIC
H0004886,SME002207,CASH_MANAGEMENT,2025-12-05,15724770.680000,288499.840000,True,CONTROLLED_SYNTHETIC
H0004887,SME002210,CASH_MANAGEMENT,2024-04-19,6191379.440000,46683.840000,True,CONTROLLED_SYNTHETIC
H0004888,SME002211,CASH_MANAGEMENT,2022-05-13,3888397.120000,34262.540000,True,CONTROLLED_SYNTHETIC
H0004889,SME002212,CASH_MANAGEMENT,2022-07-06,10977668.000000,55730.100000,True,CONTROLLED_SYNTHETIC
H0004890,SME002218,CASH_MANAGEMENT,2023-01-25,17203349.080000,791800.800000,True,CONTROLLED_SYNTHETIC
H0004891,SME002220,CASH_MANAGEMENT,2022-04-15,2483667.400000,135435.070000,True,CONTROLLED_SYNTHETIC
H0004892,SME002222,CASH_MANAGEMENT,2025-07-10,157814803.600000,4499693.590000,True,CONTROLLED_SYNTHETIC
H0004893,SME002224,CASH_MANAGEMENT,2021-11-17,12589730.240000,270107.830000,True,CONTROLLED_SYNTHETIC
H0004894,SME002226,CASH_MANAGEMENT,2020-05-24,82472354.720000,1743865.500000,True,CONTROLLED_SYNTHETIC
H0004895,SME002228,CASH_MANAGEMENT,2025-04-24,24331175.760000,314714.160000,True,CONTROLLED_SYNTHETIC
H0004896,SME002236,CASH_MANAGEMENT,2023-11-11,97960474.400000,4787052.030000,True,CONTROLLED_SYNTHETIC
H0004897,SME002241,CASH_MANAGEMENT,2026-05-20,32542192.160000,1437118.730000,True,CONTROLLED_SYNTHETIC
H0004898,SME002242,CASH_MANAGEMENT,2020-03-26,1776855.320000,17182.250000,True,CONTROLLED_SYNTHETIC
H0004899,SME002247,CASH_MANAGEMENT,2023-10-12,9645276.320000,140301.090000,True,CONTROLLED_SYNTHETIC
H0004900,SME002248,CASH_MANAGEMENT,2025-10-27,10856584.120000,323675.050000,True,CONTROLLED_SYNTHETIC
H0004901,SME002251,CASH_MANAGEMENT,2024-01-06,2572672.360000,78519.800000,True,CONTROLLED_SYNTHETIC
H0004902,SME002252,CASH_MANAGEMENT,2025-09-05,12544371.480000,631877.870000,True,CONTROLLED_SYNTHETIC
H0004903,SME002256,CASH_MANAGEMENT,2024-10-24,44776570.960000,1481367.400000,True,CONTROLLED_SYNTHETIC
H0004904,SME002259,CASH_MANAGEMENT,2025-12-17,12918541.120000,174739.050000,True,CONTROLLED_SYNTHETIC
H0004905,SME002262,CASH_MANAGEMENT,2022-10-12,44093966.560000,833070.890000,True,CONTROLLED_SYNTHETIC
H0004906,SME002263,CASH_MANAGEMENT,2021-01-08,16170528.520000,575524.370000,True,CONTROLLED_SYNTHETIC
H0004907,SME002264,CASH_MANAGEMENT,2021-11-09,76185515.680000,2682582.070000,True,CONTROLLED_SYNTHETIC
H0004908,SME002265,CASH_MANAGEMENT,2024-01-04,85929525.720000,1556341.460000,True,CONTROLLED_SYNTHETIC
H0004909,SME002268,CASH_MANAGEMENT,2023-05-06,13653504.840000,310018.980000,True,CONTROLLED_SYNTHETIC
H0004910,SME002269,CASH_MANAGEMENT,2024-05-02,9492281.520000,480761.930000,True,CONTROLLED_SYNTHETIC
H0004911,SME002271,CASH_MANAGEMENT,2021-02-25,11558862.720000,272130.420000,True,CONTROLLED_SYNTHETIC
H0004912,SME002272,CASH_MANAGEMENT,2023-04-07,60838346.480000,890224.340000,True,CONTROLLED_SYNTHETIC
H0004913,SME002274,CASH_MANAGEMENT,2024-02-17,95872416.120000,4269562.300000,True,CONTROLLED_SYNTHETIC
H0004914,SME002278,CASH_MANAGEMENT,2024-03-27,74821578.000000,3387555.110000,True,CONTROLLED_SYNTHETIC
H0004915,SME002279,CASH_MANAGEMENT,2025-09-17,21581928.600000,612271.020000,True,CONTROLLED_SYNTHETIC
H0004916,SME002284,CASH_MANAGEMENT,2022-02-16,30642162.640000,626193.270000,True,CONTROLLED_SYNTHETIC
H0004917,SME002285,CASH_MANAGEMENT,2022-03-17,38076637.040000,1455351.430000,True,CONTROLLED_SYNTHETIC
H0004918,SME002289,CASH_MANAGEMENT,2023-03-06,11387202.960000,79847.650000,True,CONTROLLED_SYNTHETIC
H0004919,SME002290,CASH_MANAGEMENT,2024-05-02,16642566.880000,638865.210000,True,CONTROLLED_SYNTHETIC
H0004920,SME002291,CASH_MANAGEMENT,2024-09-26,47817852.040000,1751467.810000,True,CONTROLLED_SYNTHETIC
H0004921,SME002293,CASH_MANAGEMENT,2023-08-08,88416466.160000,1829924.660000,True,CONTROLLED_SYNTHETIC
H0004922,SME002296,CASH_MANAGEMENT,2025-06-14,6458859.440000,154662.590000,True,CONTROLLED_SYNTHETIC
H0004923,SME002305,CASH_MANAGEMENT,2020-09-17,8320462.560000,288921.140000,True,CONTROLLED_SYNTHETIC
H0004924,SME002307,CASH_MANAGEMENT,2021-07-27,8770686.400000,74399.820000,True,CONTROLLED_SYNTHETIC
H0004925,SME002316,CASH_MANAGEMENT,2021-11-20,23844837.480000,111025.480000,True,CONTROLLED_SYNTHETIC
H0004926,SME002317,CASH_MANAGEMENT,2021-03-30,75663415.320000,2283837.610000,True,CONTROLLED_SYNTHETIC
H0004927,SME002318,CASH_MANAGEMENT,2020-07-03,4082301.600000,89160.150000,True,CONTROLLED_SYNTHETIC
H0004928,SME002319,CASH_MANAGEMENT,2020-03-08,36156001.680000,945367.290000,True,CONTROLLED_SYNTHETIC
H0004929,SME002320,CASH_MANAGEMENT,2024-09-14,3035988.160000,60634.720000,True,CONTROLLED_SYNTHETIC
H0004930,SME002322,CASH_MANAGEMENT,2020-08-13,81945529.320000,2539039.030000,True,CONTROLLED_SYNTHETIC
H0004931,SME002324,CASH_MANAGEMENT,2023-08-28,9077813.480000,191122.350000,True,CONTROLLED_SYNTHETIC
H0004932,SME002327,CASH_MANAGEMENT,2024-10-04,105005876.560000,786093.630000,True,CONTROLLED_SYNTHETIC
H0004933,SME002328,CASH_MANAGEMENT,2022-04-30,44780194.240000,1457798.870000,True,CONTROLLED_SYNTHETIC
H0004934,SME002329,CASH_MANAGEMENT,2026-02-14,16024743.120000,545524.130000,True,CONTROLLED_SYNTHETIC
H0004935,SME002330,CASH_MANAGEMENT,2024-01-22,190355885.360000,4824245.380000,True,CONTROLLED_SYNTHETIC
H0004936,SME002335,CASH_MANAGEMENT,2025-11-20,17529097.200000,378336.530000,True,CONTROLLED_SYNTHETIC
H0004937,SME002336,CASH_MANAGEMENT,2021-02-03,20198498.440000,90453.160000,True,CONTROLLED_SYNTHETIC
H0004938,SME002346,CASH_MANAGEMENT,2021-07-28,2713848.920000,148040.190000,True,CONTROLLED_SYNTHETIC
H0004939,SME002347,CASH_MANAGEMENT,2021-03-20,39814283.160000,1625913.800000,True,CONTROLLED_SYNTHETIC
H0004940,SME002353,CASH_MANAGEMENT,2020-08-31,22941807.680000,306722.720000,True,CONTROLLED_SYNTHETIC
H0004941,SME002355,CASH_MANAGEMENT,2023-05-13,89718587.600000,4922589.370000,True,CONTROLLED_SYNTHETIC
H0004942,SME002358,CASH_MANAGEMENT,2022-10-31,73461860.440000,1355448.010000,True,CONTROLLED_SYNTHETIC
H0004943,SME002364,CASH_MANAGEMENT,2020-07-20,157756267.840000,3547754.220000,True,CONTROLLED_SYNTHETIC
H0004944,SME002365,CASH_MANAGEMENT,2021-12-01,42477167.640000,2331244.560000,True,CONTROLLED_SYNTHETIC
H0004945,SME002366,CASH_MANAGEMENT,2022-12-20,19054545.520000,313797.770000,True,CONTROLLED_SYNTHETIC
H0004946,SME002374,CASH_MANAGEMENT,2024-01-01,365214205.560000,4639082.060000,True,CONTROLLED_SYNTHETIC
H0004947,SME002376,CASH_MANAGEMENT,2026-04-28,5204405.360000,228258.990000,True,CONTROLLED_SYNTHETIC
H0004948,SME002379,CASH_MANAGEMENT,2022-12-04,53037835.040000,1752184.460000,True,CONTROLLED_SYNTHETIC
H0004949,SME002380,CASH_MANAGEMENT,2020-06-04,14410289.560000,375899.740000,True,CONTROLLED_SYNTHETIC
H0004950,SME002381,CASH_MANAGEMENT,2023-07-05,11815509.160000,615112.410000,True,CONTROLLED_SYNTHETIC
H0004951,SME002388,CASH_MANAGEMENT,2026-03-31,14873913.320000,329707.440000,True,CONTROLLED_SYNTHETIC
H0004952,SME002390,CASH_MANAGEMENT,2024-02-02,8691457.720000,78175.200000,True,CONTROLLED_SYNTHETIC
H0004953,SME002393,CASH_MANAGEMENT,2023-04-20,18719469.840000,173741.300000,True,CONTROLLED_SYNTHETIC
H0004954,SME002396,CASH_MANAGEMENT,2024-10-19,28624858.960000,1391203.400000,True,CONTROLLED_SYNTHETIC
H0004955,SME002397,CASH_MANAGEMENT,2026-01-25,21318752.840000,961219.710000,True,CONTROLLED_SYNTHETIC
H0004956,SME002398,CASH_MANAGEMENT,2024-06-01,6155062.720000,158974.640000,True,CONTROLLED_SYNTHETIC
H0004957,SME002399,CASH_MANAGEMENT,2022-01-04,9472922.080000,191673.290000,True,CONTROLLED_SYNTHETIC
H0004958,SME002402,CASH_MANAGEMENT,2023-09-08,12934895.880000,257517.930000,True,CONTROLLED_SYNTHETIC
H0004959,SME002403,CASH_MANAGEMENT,2020-10-09,3353291.680000,87860.440000,True,CONTROLLED_SYNTHETIC
H0004960,SME002404,CASH_MANAGEMENT,2025-07-18,11220618.880000,537590.790000,True,CONTROLLED_SYNTHETIC
H0004961,SME002406,CASH_MANAGEMENT,2024-01-25,66764757.120000,756190.890000,True,CONTROLLED_SYNTHETIC
H0004962,SME002408,CASH_MANAGEMENT,2022-09-01,49265523.320000,2414713.110000,True,CONTROLLED_SYNTHETIC
H0004963,SME002413,CASH_MANAGEMENT,2021-09-22,23334331.760000,1273974.890000,True,CONTROLLED_SYNTHETIC
H0004964,SME002414,CASH_MANAGEMENT,2022-02-24,8345796.880000,53043.420000,True,CONTROLLED_SYNTHETIC
H0004965,SME002417,CASH_MANAGEMENT,2025-03-06,27439764.520000,990013.800000,True,CONTROLLED_SYNTHETIC
H0004966,SME002419,CASH_MANAGEMENT,2020-03-07,4378494.400000,31768.080000,True,CONTROLLED_SYNTHETIC
H0004967,SME002426,CASH_MANAGEMENT,2023-02-23,7909638.200000,75335.020000,True,CONTROLLED_SYNTHETIC
H0004968,SME002433,CASH_MANAGEMENT,2022-01-14,28617824.040000,118217.530000,True,CONTROLLED_SYNTHETIC
H0004969,SME002437,CASH_MANAGEMENT,2022-02-01,37768772.320000,1730576.860000,True,CONTROLLED_SYNTHETIC
H0004970,SME002439,CASH_MANAGEMENT,2020-02-05,51992790.360000,287216.280000,True,CONTROLLED_SYNTHETIC
H0004971,SME002442,CASH_MANAGEMENT,2025-09-14,17937580.720000,763003.970000,True,CONTROLLED_SYNTHETIC
H0004972,SME002445,CASH_MANAGEMENT,2024-09-08,11281028.640000,115687.620000,True,CONTROLLED_SYNTHETIC
H0004973,SME002448,CASH_MANAGEMENT,2021-11-09,96909054.160000,3168028.600000,True,CONTROLLED_SYNTHETIC
H0004974,SME002452,CASH_MANAGEMENT,2021-02-01,1832003.040000,29549.440000,True,CONTROLLED_SYNTHETIC
H0004975,SME002453,CASH_MANAGEMENT,2024-04-05,71895645.800000,3925592.630000,True,CONTROLLED_SYNTHETIC
H0004976,SME002457,CASH_MANAGEMENT,2025-09-16,17274517.320000,538800.220000,True,CONTROLLED_SYNTHETIC
H0004977,SME002458,CASH_MANAGEMENT,2023-12-07,10479202.560000,433125.960000,True,CONTROLLED_SYNTHETIC
H0004978,SME002459,CASH_MANAGEMENT,2020-02-26,53607484.240000,1803207.260000,True,CONTROLLED_SYNTHETIC
H0004979,SME002460,CASH_MANAGEMENT,2020-03-30,8732301.760000,57174.510000,True,CONTROLLED_SYNTHETIC
H0004980,SME002469,CASH_MANAGEMENT,2021-11-11,7840110.640000,348423.220000,True,CONTROLLED_SYNTHETIC
H0004981,SME002470,CASH_MANAGEMENT,2023-04-16,6657662.240000,298908.110000,True,CONTROLLED_SYNTHETIC
H0004982,SME002474,CASH_MANAGEMENT,2022-06-11,21708294.680000,509598.650000,True,CONTROLLED_SYNTHETIC
H0004983,SME002475,CASH_MANAGEMENT,2023-06-06,15434617.760000,420099.700000,True,CONTROLLED_SYNTHETIC
H0004984,SME002481,CASH_MANAGEMENT,2026-02-04,97508065.800000,3495970.960000,True,CONTROLLED_SYNTHETIC
H0004985,SME002484,CASH_MANAGEMENT,2025-05-28,21657963.680000,961092.270000,True,CONTROLLED_SYNTHETIC
H0004986,SME002485,CASH_MANAGEMENT,2022-01-05,19510994.080000,656893.270000,True,CONTROLLED_SYNTHETIC
H0004987,SME002492,CASH_MANAGEMENT,2021-11-10,1863179.360000,89629.030000,True,CONTROLLED_SYNTHETIC
H0004988,SME002493,CASH_MANAGEMENT,2024-11-19,3424067.800000,110719.110000,True,CONTROLLED_SYNTHETIC
H0004989,SME002496,CASH_MANAGEMENT,2020-03-06,4219038.320000,179211.760000,True,CONTROLLED_SYNTHETIC
H0004990,SME002499,CASH_MANAGEMENT,2025-10-28,41598312.000000,363505.540000,True,CONTROLLED_SYNTHETIC
H0004991,SME002503,CASH_MANAGEMENT,2023-10-24,5994892.440000,111702.240000,True,CONTROLLED_SYNTHETIC
H0004992,SME002506,CASH_MANAGEMENT,2023-04-09,63027929.840000,2601091.870000,True,CONTROLLED_SYNTHETIC
H0004993,SME002511,CASH_MANAGEMENT,2021-01-20,15849825.280000,123002.750000,True,CONTROLLED_SYNTHETIC
H0004994,SME002512,CASH_MANAGEMENT,2024-11-03,162282402.400000,6519016.860000,True,CONTROLLED_SYNTHETIC
H0004995,SME002513,CASH_MANAGEMENT,2021-12-28,9507377.240000,389286.340000,True,CONTROLLED_SYNTHETIC
H0004996,SME002516,CASH_MANAGEMENT,2025-12-29,102971584.480000,1019103.070000,True,CONTROLLED_SYNTHETIC
H0004997,SME002517,CASH_MANAGEMENT,2022-12-23,3490070.400000,98818.160000,True,CONTROLLED_SYNTHETIC
H0004998,SME002519,CASH_MANAGEMENT,2020-12-24,2699086.840000,77988.360000,True,CONTROLLED_SYNTHETIC
H0004999,SME002521,CASH_MANAGEMENT,2021-04-18,128711828.360000,1322069.950000,True,CONTROLLED_SYNTHETIC
H0005000,SME002529,CASH_MANAGEMENT,2020-05-31,12864291.280000,242578.360000,True,CONTROLLED_SYNTHETIC
H0005001,SME002531,CASH_MANAGEMENT,2024-05-03,104448993.800000,4882507.240000,True,CONTROLLED_SYNTHETIC
H0005002,SME002532,CASH_MANAGEMENT,2024-08-27,13181951.040000,201996.530000,True,CONTROLLED_SYNTHETIC
H0005003,SME002534,CASH_MANAGEMENT,2023-11-20,25687522.040000,1227258.050000,True,CONTROLLED_SYNTHETIC
H0005004,SME002535,CASH_MANAGEMENT,2026-03-02,5841472.600000,224684.500000,True,CONTROLLED_SYNTHETIC
H0005005,SME002536,CASH_MANAGEMENT,2022-06-13,5701029.600000,268947.590000,True,CONTROLLED_SYNTHETIC
H0005006,SME002542,CASH_MANAGEMENT,2025-04-26,18877427.280000,771604.430000,True,CONTROLLED_SYNTHETIC
H0005007,SME002545,CASH_MANAGEMENT,2020-08-13,11367826.120000,285063.070000,True,CONTROLLED_SYNTHETIC
H0005008,SME002547,CASH_MANAGEMENT,2023-08-11,5689240.240000,305299.790000,True,CONTROLLED_SYNTHETIC
H0005009,SME002549,CASH_MANAGEMENT,2025-03-26,38941947.160000,810325.810000,True,CONTROLLED_SYNTHETIC
H0005010,SME002550,CASH_MANAGEMENT,2022-11-19,15291132.760000,324864.110000,True,CONTROLLED_SYNTHETIC
H0005011,SME002553,CASH_MANAGEMENT,2020-05-17,7763760.520000,92413.400000,True,CONTROLLED_SYNTHETIC
H0005012,SME002555,CASH_MANAGEMENT,2021-02-14,44142265.360000,2254073.390000,True,CONTROLLED_SYNTHETIC
H0005013,SME002556,CASH_MANAGEMENT,2022-07-24,6122206.160000,255574.980000,True,CONTROLLED_SYNTHETIC
H0005014,SME002559,CASH_MANAGEMENT,2020-06-21,12251786.800000,444245.620000,True,CONTROLLED_SYNTHETIC
H0005015,SME002561,CASH_MANAGEMENT,2023-08-02,42616703.400000,386126.710000,True,CONTROLLED_SYNTHETIC
H0005016,SME002563,CASH_MANAGEMENT,2026-01-22,64926533.520000,1083147.960000,True,CONTROLLED_SYNTHETIC
H0005017,SME002568,CASH_MANAGEMENT,2022-08-26,4354517.560000,92134.190000,True,CONTROLLED_SYNTHETIC
H0005018,SME002569,CASH_MANAGEMENT,2021-09-29,43446541.000000,1189941.550000,True,CONTROLLED_SYNTHETIC
H0005019,SME002573,CASH_MANAGEMENT,2021-11-24,42973587.760000,2011822.460000,True,CONTROLLED_SYNTHETIC
H0005020,SME002574,CASH_MANAGEMENT,2021-07-10,6658057.840000,166720.320000,True,CONTROLLED_SYNTHETIC
H0005021,SME002578,CASH_MANAGEMENT,2022-10-02,41700463.560000,1679166.480000,True,CONTROLLED_SYNTHETIC
H0005022,SME002579,CASH_MANAGEMENT,2024-07-13,6823280.120000,373503.560000,True,CONTROLLED_SYNTHETIC
H0005023,SME002584,CASH_MANAGEMENT,2023-01-08,2079646.560000,37942.150000,True,CONTROLLED_SYNTHETIC
H0005024,SME002589,CASH_MANAGEMENT,2025-03-13,23531161.440000,1098854.820000,True,CONTROLLED_SYNTHETIC
H0005025,SME002593,CASH_MANAGEMENT,2023-11-27,10041251.480000,280885.210000,True,CONTROLLED_SYNTHETIC
H0005026,SME002596,CASH_MANAGEMENT,2022-02-12,9635958.120000,125775.310000,True,CONTROLLED_SYNTHETIC
H0005027,SME002598,CASH_MANAGEMENT,2025-10-02,22529114.920000,258734.000000,True,CONTROLLED_SYNTHETIC
H0005028,SME002600,CASH_MANAGEMENT,2026-04-20,3663378.960000,63879.830000,True,CONTROLLED_SYNTHETIC
H0005029,SME002601,CASH_MANAGEMENT,2023-03-30,5208731.400000,154304.440000,True,CONTROLLED_SYNTHETIC
H0005030,SME002602,CASH_MANAGEMENT,2023-07-17,24749048.360000,710773.150000,True,CONTROLLED_SYNTHETIC
H0005031,SME002609,CASH_MANAGEMENT,2021-04-14,143921837.840000,6723663.300000,True,CONTROLLED_SYNTHETIC
H0005032,SME002610,CASH_MANAGEMENT,2024-10-19,27364600.960000,1209735.330000,True,CONTROLLED_SYNTHETIC
H0005033,SME002615,CASH_MANAGEMENT,2024-09-08,15487198.360000,62428.660000,True,CONTROLLED_SYNTHETIC
H0005034,SME002617,CASH_MANAGEMENT,2025-04-27,27920795.040000,479940.130000,True,CONTROLLED_SYNTHETIC
H0005035,SME002620,CASH_MANAGEMENT,2023-08-04,105575937.000000,3911174.010000,True,CONTROLLED_SYNTHETIC
H0005036,SME002624,CASH_MANAGEMENT,2022-03-24,24265635.480000,1010177.560000,True,CONTROLLED_SYNTHETIC
H0005037,SME002625,CASH_MANAGEMENT,2022-10-27,8051959.440000,137901.050000,True,CONTROLLED_SYNTHETIC
H0005038,SME002626,CASH_MANAGEMENT,2023-11-27,9276508.920000,448371.830000,True,CONTROLLED_SYNTHETIC
H0005039,SME002627,CASH_MANAGEMENT,2021-06-18,6569517.880000,44305.620000,True,CONTROLLED_SYNTHETIC
H0005040,SME002630,CASH_MANAGEMENT,2025-02-14,54038029.840000,781780.470000,True,CONTROLLED_SYNTHETIC
H0005041,SME002631,CASH_MANAGEMENT,2025-01-25,45620227.960000,490646.120000,True,CONTROLLED_SYNTHETIC
H0005042,SME002636,CASH_MANAGEMENT,2026-02-05,17117551.680000,459439.200000,True,CONTROLLED_SYNTHETIC
H0005043,SME002638,CASH_MANAGEMENT,2022-06-21,7546017.880000,94875.560000,True,CONTROLLED_SYNTHETIC
H0005044,SME002641,CASH_MANAGEMENT,2026-01-30,20396393.160000,1039937.590000,True,CONTROLLED_SYNTHETIC
H0005045,SME002642,CASH_MANAGEMENT,2025-09-01,14149564.680000,133898.110000,True,CONTROLLED_SYNTHETIC
H0005046,SME002648,CASH_MANAGEMENT,2023-08-04,7533640.080000,314652.850000,True,CONTROLLED_SYNTHETIC
H0005047,SME002655,CASH_MANAGEMENT,2023-07-27,15867456.080000,777658.830000,True,CONTROLLED_SYNTHETIC
H0005048,SME002656,CASH_MANAGEMENT,2022-11-15,6888539.400000,242081.250000,True,CONTROLLED_SYNTHETIC
H0005049,SME002658,CASH_MANAGEMENT,2022-12-02,16096906.720000,687192.110000,True,CONTROLLED_SYNTHETIC
H0005050,SME002662,CASH_MANAGEMENT,2025-09-03,5116238.400000,118343.250000,True,CONTROLLED_SYNTHETIC
H0005051,SME002664,CASH_MANAGEMENT,2023-12-26,13733055.560000,593469.970000,True,CONTROLLED_SYNTHETIC
H0005052,SME002665,CASH_MANAGEMENT,2024-08-26,40802538.680000,1454266.280000,True,CONTROLLED_SYNTHETIC
H0005053,SME002668,CASH_MANAGEMENT,2020-11-28,35380676.920000,179480.680000,True,CONTROLLED_SYNTHETIC
H0005054,SME002669,CASH_MANAGEMENT,2024-03-12,15973428.920000,731097.720000,True,CONTROLLED_SYNTHETIC
H0005055,SME002671,CASH_MANAGEMENT,2026-04-21,81101198.480000,2376932.450000,True,CONTROLLED_SYNTHETIC
H0005056,SME002672,CASH_MANAGEMENT,2021-09-20,8576672.760000,207642.080000,True,CONTROLLED_SYNTHETIC
H0005057,SME002673,CASH_MANAGEMENT,2023-07-14,109244604.280000,1979475.910000,True,CONTROLLED_SYNTHETIC
H0005058,SME002677,CASH_MANAGEMENT,2023-03-31,150947454.480000,4335250.670000,True,CONTROLLED_SYNTHETIC
H0005059,SME002683,CASH_MANAGEMENT,2022-12-16,31040178.960000,1598065.480000,True,CONTROLLED_SYNTHETIC
H0005060,SME002684,CASH_MANAGEMENT,2022-12-13,12944329.360000,515254.390000,True,CONTROLLED_SYNTHETIC
H0005061,SME002685,CASH_MANAGEMENT,2025-05-06,33623292.640000,915531.590000,True,CONTROLLED_SYNTHETIC
H0005062,SME002687,CASH_MANAGEMENT,2024-09-21,5276903.000000,47615.140000,True,CONTROLLED_SYNTHETIC
H0005063,SME002694,CASH_MANAGEMENT,2023-03-25,45785961.200000,1894514.490000,True,CONTROLLED_SYNTHETIC
H0005064,SME002698,CASH_MANAGEMENT,2020-07-27,28600490.120000,213893.300000,True,CONTROLLED_SYNTHETIC
H0005065,SME002703,CASH_MANAGEMENT,2022-01-30,15960355.720000,481304.880000,True,CONTROLLED_SYNTHETIC
H0005066,SME002707,CASH_MANAGEMENT,2024-12-24,70580801.880000,3317364.600000,True,CONTROLLED_SYNTHETIC
H0005067,SME002708,CASH_MANAGEMENT,2022-06-11,4648759.160000,113188.920000,True,CONTROLLED_SYNTHETIC
H0005068,SME002710,CASH_MANAGEMENT,2021-12-19,18676404.360000,277968.590000,True,CONTROLLED_SYNTHETIC
H0005069,SME002712,CASH_MANAGEMENT,2022-04-17,12788899.000000,461427.870000,True,CONTROLLED_SYNTHETIC
H0005070,SME002715,CASH_MANAGEMENT,2022-04-24,55742755.280000,2550779.140000,True,CONTROLLED_SYNTHETIC
H0005071,SME002716,CASH_MANAGEMENT,2020-08-04,24953416.800000,784157.120000,True,CONTROLLED_SYNTHETIC
H0005072,SME002717,CASH_MANAGEMENT,2020-04-20,11768856.000000,206711.610000,True,CONTROLLED_SYNTHETIC
H0005073,SME002719,CASH_MANAGEMENT,2021-01-29,40704436.440000,326858.580000,True,CONTROLLED_SYNTHETIC
H0005074,SME002721,CASH_MANAGEMENT,2024-12-29,47269937.800000,1005225.930000,True,CONTROLLED_SYNTHETIC
H0005075,SME002723,CASH_MANAGEMENT,2023-03-08,15028523.000000,256546.850000,True,CONTROLLED_SYNTHETIC
H0005076,SME002727,CASH_MANAGEMENT,2023-09-10,65288292.200000,3300596.560000,True,CONTROLLED_SYNTHETIC
H0005077,SME002729,CASH_MANAGEMENT,2025-09-03,4307470.320000,109877.970000,True,CONTROLLED_SYNTHETIC
H0005078,SME002730,CASH_MANAGEMENT,2025-06-14,12252342.440000,443661.780000,True,CONTROLLED_SYNTHETIC
H0005079,SME002734,CASH_MANAGEMENT,2023-09-09,38883339.200000,2060109.500000,True,CONTROLLED_SYNTHETIC
H0005080,SME002735,CASH_MANAGEMENT,2025-10-19,17511014.280000,306870.350000,True,CONTROLLED_SYNTHETIC
H0005081,SME002736,CASH_MANAGEMENT,2020-02-03,8124227.240000,367520.830000,True,CONTROLLED_SYNTHETIC
H0005082,SME002737,CASH_MANAGEMENT,2023-09-09,7888837.680000,270507.060000,True,CONTROLLED_SYNTHETIC
H0005083,SME002741,CASH_MANAGEMENT,2025-11-16,82609834.240000,1605210.670000,True,CONTROLLED_SYNTHETIC
H0005084,SME002742,CASH_MANAGEMENT,2023-10-22,23428423.720000,1233926.000000,True,CONTROLLED_SYNTHETIC
H0005085,SME002743,CASH_MANAGEMENT,2026-03-25,23216838.880000,1060235.520000,True,CONTROLLED_SYNTHETIC
H0005086,SME002745,CASH_MANAGEMENT,2023-09-07,19766311.080000,797132.470000,True,CONTROLLED_SYNTHETIC
H0005087,SME002749,CASH_MANAGEMENT,2025-03-27,131868295.000000,3114348.050000,True,CONTROLLED_SYNTHETIC
H0005088,SME002752,CASH_MANAGEMENT,2023-03-22,21900735.480000,581372.230000,True,CONTROLLED_SYNTHETIC
H0005089,SME002761,CASH_MANAGEMENT,2026-03-29,25673693.760000,807599.910000,True,CONTROLLED_SYNTHETIC
H0005090,SME002762,CASH_MANAGEMENT,2023-12-20,16226541.120000,351582.430000,True,CONTROLLED_SYNTHETIC
H0005091,SME002770,CASH_MANAGEMENT,2025-01-11,10390760.920000,429067.980000,True,CONTROLLED_SYNTHETIC
H0005092,SME002772,CASH_MANAGEMENT,2025-12-19,14617178.560000,345277.020000,True,CONTROLLED_SYNTHETIC
H0005093,SME002777,CASH_MANAGEMENT,2020-01-26,10562652.320000,188887.210000,True,CONTROLLED_SYNTHETIC
H0005094,SME002780,CASH_MANAGEMENT,2022-07-29,29996479.360000,564652.630000,True,CONTROLLED_SYNTHETIC
H0005095,SME002781,CASH_MANAGEMENT,2026-03-04,24682631.440000,227383.330000,True,CONTROLLED_SYNTHETIC
H0005096,SME002782,CASH_MANAGEMENT,2023-05-18,3105524.480000,42592.650000,True,CONTROLLED_SYNTHETIC
H0005097,SME002789,CASH_MANAGEMENT,2021-08-19,27357652.640000,953045.090000,True,CONTROLLED_SYNTHETIC
H0005098,SME002794,CASH_MANAGEMENT,2025-06-12,5640598.640000,109450.590000,True,CONTROLLED_SYNTHETIC
H0005099,SME002795,CASH_MANAGEMENT,2023-10-08,74206217.520000,3859903.520000,True,CONTROLLED_SYNTHETIC
H0005100,SME002800,CASH_MANAGEMENT,2023-12-21,36097592.880000,860722.400000,True,CONTROLLED_SYNTHETIC
H0005101,SME002801,CASH_MANAGEMENT,2026-01-27,123321948.200000,2533198.880000,True,CONTROLLED_SYNTHETIC
H0005102,SME002809,CASH_MANAGEMENT,2023-08-24,87215905.280000,3570345.840000,True,CONTROLLED_SYNTHETIC
H0005103,SME002810,CASH_MANAGEMENT,2024-10-31,164438341.360000,3034310.710000,True,CONTROLLED_SYNTHETIC
H0005104,SME002816,CASH_MANAGEMENT,2023-12-09,46706324.000000,2344270.190000,True,CONTROLLED_SYNTHETIC
H0005105,SME002817,CASH_MANAGEMENT,2024-06-02,13217497.240000,212776.890000,True,CONTROLLED_SYNTHETIC
H0005106,SME002818,CASH_MANAGEMENT,2023-04-08,7932407.160000,409567.370000,True,CONTROLLED_SYNTHETIC
H0005107,SME002819,CASH_MANAGEMENT,2026-01-25,8591021.000000,211678.820000,True,CONTROLLED_SYNTHETIC
H0005108,SME002822,CASH_MANAGEMENT,2021-02-09,38771456.720000,736430.000000,True,CONTROLLED_SYNTHETIC
H0005109,SME002828,CASH_MANAGEMENT,2025-09-15,51796460.280000,314940.910000,True,CONTROLLED_SYNTHETIC
H0005110,SME002832,CASH_MANAGEMENT,2024-04-08,20436832.720000,464338.120000,True,CONTROLLED_SYNTHETIC
H0005111,SME002833,CASH_MANAGEMENT,2025-06-06,6769667.200000,194316.230000,True,CONTROLLED_SYNTHETIC
H0005112,SME002834,CASH_MANAGEMENT,2021-12-11,48080123.320000,1368967.440000,True,CONTROLLED_SYNTHETIC
H0005113,SME002836,CASH_MANAGEMENT,2026-02-02,96903804.720000,4134432.620000,True,CONTROLLED_SYNTHETIC
H0005114,SME002841,CASH_MANAGEMENT,2021-06-23,16520493.840000,529937.540000,True,CONTROLLED_SYNTHETIC
H0005115,SME002844,CASH_MANAGEMENT,2023-01-03,16503293.920000,620925.830000,True,CONTROLLED_SYNTHETIC
H0005116,SME002845,CASH_MANAGEMENT,2024-08-10,28143259.800000,1385566.920000,True,CONTROLLED_SYNTHETIC
H0005117,SME002847,CASH_MANAGEMENT,2023-12-18,16909700.360000,727110.760000,True,CONTROLLED_SYNTHETIC
H0005118,SME002851,CASH_MANAGEMENT,2021-03-02,22298360.280000,1171287.950000,True,CONTROLLED_SYNTHETIC
H0005119,SME002856,CASH_MANAGEMENT,2022-01-05,41008129.320000,617079.010000,True,CONTROLLED_SYNTHETIC
H0005120,SME002859,CASH_MANAGEMENT,2021-07-21,17342203.640000,119597.980000,True,CONTROLLED_SYNTHETIC
H0005121,SME002862,CASH_MANAGEMENT,2021-12-02,10429822.320000,173371.310000,True,CONTROLLED_SYNTHETIC
H0005122,SME002863,CASH_MANAGEMENT,2020-05-30,50744714.440000,1606640.540000,True,CONTROLLED_SYNTHETIC
H0005123,SME002868,CASH_MANAGEMENT,2025-05-06,5578986.600000,264364.440000,True,CONTROLLED_SYNTHETIC
H0005124,SME002872,CASH_MANAGEMENT,2026-02-18,7608215.240000,286819.030000,True,CONTROLLED_SYNTHETIC
H0005125,SME002873,CASH_MANAGEMENT,2024-06-19,3665450.240000,44842.860000,True,CONTROLLED_SYNTHETIC
H0005126,SME002878,CASH_MANAGEMENT,2026-05-15,227666771.040000,1235022.190000,True,CONTROLLED_SYNTHETIC
H0005127,SME002880,CASH_MANAGEMENT,2025-09-27,26174304.760000,767341.220000,True,CONTROLLED_SYNTHETIC
H0005128,SME002882,CASH_MANAGEMENT,2024-11-29,45691681.240000,863112.830000,True,CONTROLLED_SYNTHETIC
H0005129,SME002884,CASH_MANAGEMENT,2022-02-12,155565598.200000,2001021.560000,True,CONTROLLED_SYNTHETIC
H0005130,SME002885,CASH_MANAGEMENT,2024-10-06,246744389.720000,11387654.910000,True,CONTROLLED_SYNTHETIC
H0005131,SME002886,CASH_MANAGEMENT,2022-06-15,14501747.800000,497183.020000,True,CONTROLLED_SYNTHETIC
H0005132,SME002888,CASH_MANAGEMENT,2021-03-08,12405830.160000,292479.410000,True,CONTROLLED_SYNTHETIC
H0005133,SME002891,CASH_MANAGEMENT,2022-11-25,16713173.160000,382029.880000,True,CONTROLLED_SYNTHETIC
H0005134,SME002896,CASH_MANAGEMENT,2021-05-01,33525599.840000,813711.130000,True,CONTROLLED_SYNTHETIC
H0005135,SME002897,CASH_MANAGEMENT,2020-03-19,62376188.680000,2346877.810000,True,CONTROLLED_SYNTHETIC
H0005136,SME002899,CASH_MANAGEMENT,2021-07-11,16592020.360000,165245.310000,True,CONTROLLED_SYNTHETIC
H0005137,SME002900,CASH_MANAGEMENT,2023-04-09,7162108.360000,379478.640000,True,CONTROLLED_SYNTHETIC
H0005138,SME002903,CASH_MANAGEMENT,2023-02-20,6558006.240000,126300.280000,True,CONTROLLED_SYNTHETIC
H0005139,SME002905,CASH_MANAGEMENT,2023-11-22,110122305.920000,1644167.520000,True,CONTROLLED_SYNTHETIC
H0005140,SME002908,CASH_MANAGEMENT,2021-10-23,21354594.640000,310818.140000,True,CONTROLLED_SYNTHETIC
H0005141,SME002909,CASH_MANAGEMENT,2023-08-26,20679295.320000,915844.330000,True,CONTROLLED_SYNTHETIC
H0005142,SME002913,CASH_MANAGEMENT,2020-03-10,8638687.000000,299141.230000,True,CONTROLLED_SYNTHETIC
H0005143,SME002914,CASH_MANAGEMENT,2021-10-07,71618693.960000,2186131.560000,True,CONTROLLED_SYNTHETIC
H0005144,SME002915,CASH_MANAGEMENT,2021-08-26,4639899.720000,245762.430000,True,CONTROLLED_SYNTHETIC
H0005145,SME002916,CASH_MANAGEMENT,2022-05-14,32777049.760000,1268637.900000,True,CONTROLLED_SYNTHETIC
H0005146,SME002918,CASH_MANAGEMENT,2025-10-07,2726913.960000,61153.300000,True,CONTROLLED_SYNTHETIC
H0005147,SME002922,CASH_MANAGEMENT,2022-04-23,41506374.800000,692969.280000,True,CONTROLLED_SYNTHETIC
H0005148,SME002926,CASH_MANAGEMENT,2026-01-17,2724279.480000,83435.640000,True,CONTROLLED_SYNTHETIC
H0005149,SME002930,CASH_MANAGEMENT,2024-02-25,10339378.560000,306687.580000,True,CONTROLLED_SYNTHETIC
H0005150,SME002931,CASH_MANAGEMENT,2025-10-20,13502935.400000,257999.120000,True,CONTROLLED_SYNTHETIC
H0005151,SME002932,CASH_MANAGEMENT,2023-05-28,5594539.400000,282598.190000,True,CONTROLLED_SYNTHETIC
H0005152,SME002935,CASH_MANAGEMENT,2020-02-14,79414740.840000,2775354.170000,True,CONTROLLED_SYNTHETIC
H0005153,SME002940,CASH_MANAGEMENT,2022-02-17,168908444.440000,2971364.050000,True,CONTROLLED_SYNTHETIC
H0005154,SME002945,CASH_MANAGEMENT,2020-08-09,34144185.080000,1399649.290000,True,CONTROLLED_SYNTHETIC
H0005155,SME002946,CASH_MANAGEMENT,2023-11-18,36990751.720000,1513888.290000,True,CONTROLLED_SYNTHETIC
H0005156,SME002947,CASH_MANAGEMENT,2020-09-25,34920484.520000,1429354.020000,True,CONTROLLED_SYNTHETIC
H0005157,SME002948,CASH_MANAGEMENT,2021-07-27,49402110.320000,1492236.310000,True,CONTROLLED_SYNTHETIC
H0005158,SME002953,CASH_MANAGEMENT,2023-06-30,6935841.560000,272236.260000,True,CONTROLLED_SYNTHETIC
H0005159,SME002958,CASH_MANAGEMENT,2025-11-20,4625909.800000,147048.860000,True,CONTROLLED_SYNTHETIC
H0005160,SME002961,CASH_MANAGEMENT,2026-01-26,10406972.440000,266750.120000,True,CONTROLLED_SYNTHETIC
H0005161,SME002962,CASH_MANAGEMENT,2022-03-29,35931332.320000,866953.730000,True,CONTROLLED_SYNTHETIC
H0005162,SME002963,CASH_MANAGEMENT,2023-05-04,3112081.640000,86194.610000,True,CONTROLLED_SYNTHETIC
H0005163,SME002965,CASH_MANAGEMENT,2025-07-01,11580052.360000,308896.740000,True,CONTROLLED_SYNTHETIC
H0005164,SME002967,CASH_MANAGEMENT,2023-06-23,7939903.800000,39015.460000,True,CONTROLLED_SYNTHETIC
H0005165,SME002969,CASH_MANAGEMENT,2026-03-27,13733855.320000,564863.230000,True,CONTROLLED_SYNTHETIC
H0005166,SME002970,CASH_MANAGEMENT,2023-06-28,83266283.480000,3953227.840000,True,CONTROLLED_SYNTHETIC
H0005167,SME002971,CASH_MANAGEMENT,2025-08-18,4230056.960000,175101.050000,True,CONTROLLED_SYNTHETIC
H0005168,SME002973,CASH_MANAGEMENT,2022-12-13,22544728.880000,924832.220000,True,CONTROLLED_SYNTHETIC
H0005169,SME002980,CASH_MANAGEMENT,2025-09-03,19481151.080000,437812.730000,True,CONTROLLED_SYNTHETIC
H0005170,SME002983,CASH_MANAGEMENT,2024-05-18,4720920.640000,100508.300000,True,CONTROLLED_SYNTHETIC
H0005171,SME002986,CASH_MANAGEMENT,2021-01-08,18387951.720000,995102.800000,True,CONTROLLED_SYNTHETIC
H0005172,SME002987,CASH_MANAGEMENT,2026-03-06,21335460.280000,974644.240000,True,CONTROLLED_SYNTHETIC
H0005173,SME002992,CASH_MANAGEMENT,2025-08-22,29180151.440000,1146107.370000,True,CONTROLLED_SYNTHETIC
H0005174,SME002997,CASH_MANAGEMENT,2021-10-24,7118028.680000,127581.830000,True,CONTROLLED_SYNTHETIC
H0005175,SME003001,CASH_MANAGEMENT,2021-02-23,26913580.800000,1298847.330000,True,CONTROLLED_SYNTHETIC
H0005176,SME003003,CASH_MANAGEMENT,2022-12-24,36077068.880000,1094618.890000,True,CONTROLLED_SYNTHETIC
H0005177,SME003004,CASH_MANAGEMENT,2024-10-19,20540189.960000,329993.100000,True,CONTROLLED_SYNTHETIC
H0005178,SME003005,CASH_MANAGEMENT,2024-09-02,35464314.600000,409215.080000,True,CONTROLLED_SYNTHETIC
H0005179,SME003008,CASH_MANAGEMENT,2024-11-20,150993710.880000,6672826.490000,True,CONTROLLED_SYNTHETIC
H0005180,SME003012,CASH_MANAGEMENT,2021-11-07,27404235.680000,984839.930000,True,CONTROLLED_SYNTHETIC
H0005181,SME003014,CASH_MANAGEMENT,2022-02-01,6275102.040000,231192.090000,True,CONTROLLED_SYNTHETIC
H0005182,SME003020,CASH_MANAGEMENT,2023-05-01,31040933.640000,949196.350000,True,CONTROLLED_SYNTHETIC
H0005183,SME003024,CASH_MANAGEMENT,2022-07-23,253964128.480000,1727542.960000,True,CONTROLLED_SYNTHETIC
H0005184,SME003026,CASH_MANAGEMENT,2024-07-14,12787156.520000,362956.860000,True,CONTROLLED_SYNTHETIC
H0005185,SME003028,CASH_MANAGEMENT,2025-03-02,6889249.240000,181845.090000,True,CONTROLLED_SYNTHETIC
H0005186,SME003032,CASH_MANAGEMENT,2020-10-28,35339805.880000,1329298.030000,True,CONTROLLED_SYNTHETIC
H0005187,SME003034,CASH_MANAGEMENT,2023-03-01,6137770.880000,311038.650000,True,CONTROLLED_SYNTHETIC
H0005188,SME003035,CASH_MANAGEMENT,2025-09-26,2016440.440000,48309.370000,True,CONTROLLED_SYNTHETIC
H0005189,SME003036,CASH_MANAGEMENT,2021-11-23,29581941.280000,1517726.970000,True,CONTROLLED_SYNTHETIC
H0005190,SME003037,CASH_MANAGEMENT,2020-10-05,6721599.200000,233286.570000,True,CONTROLLED_SYNTHETIC
H0005191,SME003038,CASH_MANAGEMENT,2021-02-18,2899363.720000,44259.730000,True,CONTROLLED_SYNTHETIC
H0005192,SME003040,CASH_MANAGEMENT,2023-10-20,45213069.840000,1398219.380000,True,CONTROLLED_SYNTHETIC
H0005193,SME003041,CASH_MANAGEMENT,2024-09-01,91935004.520000,2441713.970000,True,CONTROLLED_SYNTHETIC
H0005194,SME003046,CASH_MANAGEMENT,2021-07-04,158010441.840000,6029494.150000,True,CONTROLLED_SYNTHETIC
H0005195,SME003047,CASH_MANAGEMENT,2020-05-16,11885343.640000,213271.210000,True,CONTROLLED_SYNTHETIC
H0005196,SME003053,CASH_MANAGEMENT,2023-01-07,35592633.320000,839633.670000,True,CONTROLLED_SYNTHETIC
H0005197,SME003054,CASH_MANAGEMENT,2025-07-26,2732318.640000,128249.910000,True,CONTROLLED_SYNTHETIC
H0005198,SME003057,CASH_MANAGEMENT,2025-08-15,51358869.840000,484079.950000,True,CONTROLLED_SYNTHETIC
H0005199,SME003058,CASH_MANAGEMENT,2021-09-23,40491229.600000,1593185.610000,True,CONTROLLED_SYNTHETIC
H0005200,SME003060,CASH_MANAGEMENT,2022-11-25,27130411.160000,326138.140000,True,CONTROLLED_SYNTHETIC
H0005201,SME003068,CASH_MANAGEMENT,2021-04-14,7931131.520000,433459.370000,True,CONTROLLED_SYNTHETIC
H0005202,SME003078,CASH_MANAGEMENT,2023-06-02,13985292.040000,430116.310000,True,CONTROLLED_SYNTHETIC
H0005203,SME003082,CASH_MANAGEMENT,2026-02-23,27401818.560000,635572.260000,True,CONTROLLED_SYNTHETIC
H0005204,SME003085,CASH_MANAGEMENT,2021-08-21,10378558.640000,377082.300000,True,CONTROLLED_SYNTHETIC
H0005205,SME003088,CASH_MANAGEMENT,2022-02-13,50933946.560000,2773667.670000,True,CONTROLLED_SYNTHETIC
H0005206,SME003091,CASH_MANAGEMENT,2020-06-13,23112143.680000,182715.480000,True,CONTROLLED_SYNTHETIC
H0005207,SME003092,CASH_MANAGEMENT,2022-11-26,8496824.440000,365341.770000,True,CONTROLLED_SYNTHETIC
H0005208,SME003094,CASH_MANAGEMENT,2021-07-15,27430393.040000,1088199.900000,True,CONTROLLED_SYNTHETIC
H0005209,SME003097,CASH_MANAGEMENT,2021-05-05,191010963.120000,5680770.350000,True,CONTROLLED_SYNTHETIC
H0005210,SME003099,CASH_MANAGEMENT,2023-10-23,47066983.760000,462217.780000,True,CONTROLLED_SYNTHETIC
H0005211,SME003105,CASH_MANAGEMENT,2024-03-31,11132802.480000,308175.300000,True,CONTROLLED_SYNTHETIC
H0005212,SME003108,CASH_MANAGEMENT,2023-10-05,53570474.800000,2167829.470000,True,CONTROLLED_SYNTHETIC
H0005213,SME003109,CASH_MANAGEMENT,2020-03-12,31809045.680000,889412.650000,True,CONTROLLED_SYNTHETIC
H0005214,SME003110,CASH_MANAGEMENT,2024-06-22,6408619.800000,62439.270000,True,CONTROLLED_SYNTHETIC
H0005215,SME003111,CASH_MANAGEMENT,2023-03-24,62514726.000000,904001.410000,True,CONTROLLED_SYNTHETIC
H0005216,SME003116,CASH_MANAGEMENT,2025-12-03,12146247.400000,195283.970000,True,CONTROLLED_SYNTHETIC
H0005217,SME003118,CASH_MANAGEMENT,2023-05-06,15375932.240000,98927.560000,True,CONTROLLED_SYNTHETIC
H0005218,SME003122,CASH_MANAGEMENT,2024-08-19,13130758.800000,594522.090000,True,CONTROLLED_SYNTHETIC
H0005219,SME003124,CASH_MANAGEMENT,2026-01-17,12370779.520000,504264.260000,True,CONTROLLED_SYNTHETIC
H0005220,SME003125,CASH_MANAGEMENT,2025-08-14,6728579.520000,159726.140000,True,CONTROLLED_SYNTHETIC
H0005221,SME003127,CASH_MANAGEMENT,2021-08-01,9629755.480000,91430.810000,True,CONTROLLED_SYNTHETIC
H0005222,SME003128,CASH_MANAGEMENT,2021-06-28,6313553.400000,271847.680000,True,CONTROLLED_SYNTHETIC
H0005223,SME003134,CASH_MANAGEMENT,2021-07-29,12638020.480000,679054.900000,True,CONTROLLED_SYNTHETIC
H0005224,SME003136,CASH_MANAGEMENT,2020-10-04,124666377.760000,5374276.050000,True,CONTROLLED_SYNTHETIC
H0005225,SME003137,CASH_MANAGEMENT,2025-01-21,9422131.960000,95591.300000,True,CONTROLLED_SYNTHETIC
H0005226,SME003140,CASH_MANAGEMENT,2023-11-23,28955342.040000,1223197.560000,True,CONTROLLED_SYNTHETIC
H0005227,SME003147,CASH_MANAGEMENT,2024-04-25,18302075.480000,530530.090000,True,CONTROLLED_SYNTHETIC
H0005228,SME003149,CASH_MANAGEMENT,2021-07-05,20105644.920000,397634.230000,True,CONTROLLED_SYNTHETIC
H0005229,SME003151,CASH_MANAGEMENT,2022-05-07,9689908.000000,319686.480000,True,CONTROLLED_SYNTHETIC
H0005230,SME003152,CASH_MANAGEMENT,2021-03-30,40723367.840000,718498.400000,True,CONTROLLED_SYNTHETIC
H0005231,SME003162,CASH_MANAGEMENT,2023-03-22,126105829.560000,2147402.650000,True,CONTROLLED_SYNTHETIC
H0005232,SME003163,CASH_MANAGEMENT,2020-05-02,4100439.520000,17022.300000,True,CONTROLLED_SYNTHETIC
H0005233,SME003166,CASH_MANAGEMENT,2021-11-24,9471634.760000,166348.750000,True,CONTROLLED_SYNTHETIC
H0005234,SME003168,CASH_MANAGEMENT,2024-06-11,22292441.800000,310212.020000,True,CONTROLLED_SYNTHETIC
H0005235,SME003169,CASH_MANAGEMENT,2022-05-29,3662563.000000,34308.170000,True,CONTROLLED_SYNTHETIC
H0005236,SME003170,CASH_MANAGEMENT,2020-09-14,19807785.920000,831342.210000,True,CONTROLLED_SYNTHETIC
H0005237,SME003172,CASH_MANAGEMENT,2021-10-17,19778689.960000,583957.290000,True,CONTROLLED_SYNTHETIC
H0005238,SME003173,CASH_MANAGEMENT,2025-07-22,4551830.280000,34614.880000,True,CONTROLLED_SYNTHETIC
H0005239,SME003176,CASH_MANAGEMENT,2023-05-05,9586687.800000,347670.350000,True,CONTROLLED_SYNTHETIC
H0005240,SME003180,CASH_MANAGEMENT,2022-08-29,110350014.000000,6036552.410000,True,CONTROLLED_SYNTHETIC
H0005241,SME003181,CASH_MANAGEMENT,2023-05-16,9193213.520000,164169.840000,True,CONTROLLED_SYNTHETIC
H0005242,SME003182,CASH_MANAGEMENT,2022-02-26,345574098.640000,13707708.190000,True,CONTROLLED_SYNTHETIC
H0005243,SME003185,CASH_MANAGEMENT,2023-11-10,57773135.040000,1463420.900000,True,CONTROLLED_SYNTHETIC
H0005244,SME003189,CASH_MANAGEMENT,2022-06-19,25803841.960000,315771.140000,True,CONTROLLED_SYNTHETIC
H0005245,SME003190,CASH_MANAGEMENT,2020-09-09,12298606.600000,622316.630000,True,CONTROLLED_SYNTHETIC
H0005246,SME003191,CASH_MANAGEMENT,2026-05-09,29262788.880000,1057312.590000,True,CONTROLLED_SYNTHETIC
H0005247,SME003193,CASH_MANAGEMENT,2020-04-08,11895448.840000,194888.100000,True,CONTROLLED_SYNTHETIC
H0005248,SME003195,CASH_MANAGEMENT,2023-04-01,4568866.280000,35113.220000,True,CONTROLLED_SYNTHETIC
H0005249,SME003197,CASH_MANAGEMENT,2021-12-20,20856696.240000,683033.730000,True,CONTROLLED_SYNTHETIC
H0005250,SME003198,CASH_MANAGEMENT,2022-02-16,109148922.200000,3753405.700000,True,CONTROLLED_SYNTHETIC
H0005251,SME003199,CASH_MANAGEMENT,2021-04-23,5012626.920000,274027.930000,True,CONTROLLED_SYNTHETIC
H0005252,SME003200,CASH_MANAGEMENT,2026-03-12,15542821.000000,291834.330000,True,CONTROLLED_SYNTHETIC
H0005253,SME000003,TRADE_FINANCE,2022-09-05,92286421.960000,2559916.400000,True,CONTROLLED_SYNTHETIC
H0005254,SME000021,TRADE_FINANCE,2023-01-22,34042165.360000,251605.440000,True,CONTROLLED_SYNTHETIC
H0005255,SME000035,TRADE_FINANCE,2024-08-15,0.000000,0.000000,True,CONTROLLED_SYNTHETIC
H0005256,SME000051,TRADE_FINANCE,2020-05-02,510499.480000,11919.870000,True,CONTROLLED_SYNTHETIC
H0005257,SME000053,TRADE_FINANCE,2023-04-22,7345686.360000,47096.040000,True,CONTROLLED_SYNTHETIC
H0005258,SME000057,TRADE_FINANCE,2021-03-29,930022.560000,41725.590000,True,CONTROLLED_SYNTHETIC
H0005259,SME000058,TRADE_FINANCE,2025-08-23,22745739.880000,826169.330000,True,CONTROLLED_SYNTHETIC
H0005260,SME000059,TRADE_FINANCE,2020-06-08,0.000000,0.000000,True,CONTROLLED_SYNTHETIC
H0005261,SME000066,TRADE_FINANCE,2020-11-17,0.000000,0.000000,True,CONTROLLED_SYNTHETIC
H0005262,SME000070,TRADE_FINANCE,2023-07-19,0.000000,0.000000,True,CONTROLLED_SYNTHETIC
H0005263,SME000074,TRADE_FINANCE,2022-07-06,24358930.200000,266965.860000,True,CONTROLLED_SYNTHETIC
H0005264,SME000077,TRADE_FINANCE,2025-06-23,0.000000,0.000000,True,CONTROLLED_SYNTHETIC
H0005265,SME000086,TRADE_FINANCE,2021-08-14,2383503.880000,80039.340000,True,CONTROLLED_SYNTHETIC
H0005266,SME000087,TRADE_FINANCE,2023-02-20,5361949.840000,179643.480000,True,CONTROLLED_SYNTHETIC
H0005267,SME000090,TRADE_FINANCE,2026-02-16,0.000000,0.000000,True,CONTROLLED_SYNTHETIC
H0005268,SME000110,TRADE_FINANCE,2022-04-28,0.000000,0.000000,True,CONTROLLED_SYNTHETIC
H0005269,SME000121,TRADE_FINANCE,2025-12-29,2635085.000000,13442.900000,True,CONTROLLED_SYNTHETIC
H0005270,SME000125,TRADE_FINANCE,2024-07-31,0.000000,0.000000,True,CONTROLLED_SYNTHETIC
H0005271,SME000143,TRADE_FINANCE,2026-01-21,1392366.040000,73780.990000,True,CONTROLLED_SYNTHETIC
H0005272,SME000145,TRADE_FINANCE,2025-04-12,15923239.520000,166045.330000,True,CONTROLLED_SYNTHETIC
H0005273,SME000147,TRADE_FINANCE,2022-01-02,835880.280000,33754.910000,True,CONTROLLED_SYNTHETIC
H0005274,SME000148,TRADE_FINANCE,2021-11-02,0.000000,0.000000,True,CONTROLLED_SYNTHETIC
H0005275,SME000155,TRADE_FINANCE,2024-04-24,0.000000,0.000000,True,CONTROLLED_SYNTHETIC
H0005276,SME000156,TRADE_FINANCE,2020-09-12,0.000000,0.000000,True,CONTROLLED_SYNTHETIC
H0005277,SME000163,TRADE_FINANCE,2021-08-31,10034181.640000,141183.640000,True,CONTROLLED_SYNTHETIC
H0005278,SME000174,TRADE_FINANCE,2024-10-02,0.000000,0.000000,True,CONTROLLED_SYNTHETIC
H0005279,SME000177,TRADE_FINANCE,2022-02-18,1711802.320000,70339.860000,True,CONTROLLED_SYNTHETIC
H0005280,SME000186,TRADE_FINANCE,2025-01-11,2637440.760000,42104.600000,True,CONTROLLED_SYNTHETIC
H0005281,SME000198,TRADE_FINANCE,2022-08-12,0.000000,0.000000,True,CONTROLLED_SYNTHETIC
H0005282,SME000206,TRADE_FINANCE,2021-01-13,0.000000,0.000000,True,CONTROLLED_SYNTHETIC
H0005283,SME000207,TRADE_FINANCE,2020-12-29,0.000000,0.000000,True,CONTROLLED_SYNTHETIC
H0005284,SME000209,TRADE_FINANCE,2025-11-30,0.000000,0.000000,True,CONTROLLED_SYNTHETIC
H0005285,SME000216,TRADE_FINANCE,2021-06-22,1681912.520000,89899.510000,True,CONTROLLED_SYNTHETIC
H0005286,SME000218,TRADE_FINANCE,2023-01-23,5621672.800000,278203.940000,True,CONTROLLED_SYNTHETIC
H0005287,SME000221,TRADE_FINANCE,2025-02-14,0.000000,0.000000,True,CONTROLLED_SYNTHETIC
H0005288,SME000225,TRADE_FINANCE,2023-10-02,18585616.720000,349805.170000,True,CONTROLLED_SYNTHETIC
H0005289,SME000231,TRADE_FINANCE,2020-11-08,29428738.400000,584020.080000,True,CONTROLLED_SYNTHETIC
H0005290,SME000232,TRADE_FINANCE,2023-01-10,34035150.560000,1624817.940000,True,CONTROLLED_SYNTHETIC
H0005291,SME000236,TRADE_FINANCE,2024-03-29,29540779.760000,675476.400000,True,CONTROLLED_SYNTHETIC
H0005292,SME000238,TRADE_FINANCE,2022-06-15,10983986.960000,432343.630000,True,CONTROLLED_SYNTHETIC
H0005293,SME000239,TRADE_FINANCE,2024-09-26,13340676.360000,360026.640000,True,CONTROLLED_SYNTHETIC
H0005294,SME000266,TRADE_FINANCE,2024-03-24,0.000000,0.000000,True,CONTROLLED_SYNTHETIC
H0005295,SME000278,TRADE_FINANCE,2022-06-07,3741337.120000,120932.440000,True,CONTROLLED_SYNTHETIC
H0005296,SME000283,TRADE_FINANCE,2024-09-20,8289190.000000,98126.030000,True,CONTROLLED_SYNTHETIC
H0005297,SME000285,TRADE_FINANCE,2022-08-28,0.000000,0.000000,True,CONTROLLED_SYNTHETIC
H0005298,SME000293,TRADE_FINANCE,2022-02-21,0.000000,0.000000,True,CONTROLLED_SYNTHETIC
H0005299,SME000297,TRADE_FINANCE,2021-11-12,332386.280000,12214.560000,True,CONTROLLED_SYNTHETIC
H0005300,SME000300,TRADE_FINANCE,2021-06-13,2152826.800000,71997.100000,True,CONTROLLED_SYNTHETIC
H0005301,SME000301,TRADE_FINANCE,2020-12-02,961208.520000,51981.880000,True,CONTROLLED_SYNTHETIC
H0005302,SME000303,TRADE_FINANCE,2021-07-28,3400879.760000,78168.550000,True,CONTROLLED_SYNTHETIC
H0005303,SME000307,TRADE_FINANCE,2024-06-10,9915438.200000,533695.590000,True,CONTROLLED_SYNTHETIC
H0005304,SME000330,TRADE_FINANCE,2026-01-07,18527527.280000,430710.060000,True,CONTROLLED_SYNTHETIC
H0005305,SME000333,TRADE_FINANCE,2022-08-16,0.000000,0.000000,True,CONTROLLED_SYNTHETIC
H0005306,SME000335,TRADE_FINANCE,2026-04-29,14539424.360000,309127.150000,True,CONTROLLED_SYNTHETIC
H0005307,SME000340,TRADE_FINANCE,2022-09-07,0.000000,0.000000,True,CONTROLLED_SYNTHETIC
H0005308,SME000346,TRADE_FINANCE,2025-05-22,0.000000,0.000000,True,CONTROLLED_SYNTHETIC
H0005309,SME000353,TRADE_FINANCE,2024-12-05,0.000000,0.000000,True,CONTROLLED_SYNTHETIC
H0005310,SME000354,TRADE_FINANCE,2020-09-13,0.000000,0.000000,True,CONTROLLED_SYNTHETIC
H0005311,SME000365,TRADE_FINANCE,2023-07-16,0.000000,0.000000,True,CONTROLLED_SYNTHETIC
H0005312,SME000367,TRADE_FINANCE,2026-04-12,2609728.400000,47821.950000,True,CONTROLLED_SYNTHETIC
H0005313,SME000369,TRADE_FINANCE,2022-08-11,4751082.000000,206483.380000,True,CONTROLLED_SYNTHETIC
H0005314,SME000382,TRADE_FINANCE,2023-10-23,17942210.840000,534617.200000,True,CONTROLLED_SYNTHETIC
H0005315,SME000383,TRADE_FINANCE,2023-09-06,3617280.440000,38985.610000,True,CONTROLLED_SYNTHETIC
H0005316,SME000384,TRADE_FINANCE,2023-07-30,2398724.200000,63930.580000,True,CONTROLLED_SYNTHETIC
H0005317,SME000388,TRADE_FINANCE,2022-02-12,0.000000,0.000000,True,CONTROLLED_SYNTHETIC
H0005318,SME000400,TRADE_FINANCE,2020-04-25,3551335.040000,137416.800000,True,CONTROLLED_SYNTHETIC
H0005319,SME000425,TRADE_FINANCE,2021-07-17,0.000000,0.000000,True,CONTROLLED_SYNTHETIC
H0005320,SME000426,TRADE_FINANCE,2024-01-25,0.000000,0.000000,True,CONTROLLED_SYNTHETIC
H0005321,SME000428,TRADE_FINANCE,2025-12-29,2435704.040000,47992.990000,True,CONTROLLED_SYNTHETIC
H0005322,SME000436,TRADE_FINANCE,2026-03-31,2531463.280000,131559.750000,True,CONTROLLED_SYNTHETIC
H0005323,SME000444,TRADE_FINANCE,2025-06-20,2234487.840000,94916.340000,True,CONTROLLED_SYNTHETIC
H0005324,SME000451,TRADE_FINANCE,2025-07-01,865488.480000,7947.000000,True,CONTROLLED_SYNTHETIC
H0005325,SME000458,TRADE_FINANCE,2024-04-23,0.000000,0.000000,True,CONTROLLED_SYNTHETIC
H0005326,SME000461,TRADE_FINANCE,2025-01-13,0.000000,0.000000,True,CONTROLLED_SYNTHETIC
H0005327,SME000463,TRADE_FINANCE,2021-03-18,0.000000,0.000000,True,CONTROLLED_SYNTHETIC
H0005328,SME000470,TRADE_FINANCE,2023-04-13,0.000000,0.000000,True,CONTROLLED_SYNTHETIC
H0005329,SME000479,TRADE_FINANCE,2022-04-09,0.000000,0.000000,True,CONTROLLED_SYNTHETIC
H0005330,SME000484,TRADE_FINANCE,2025-01-04,929445.200000,5728.990000,True,CONTROLLED_SYNTHETIC
H0005331,SME000496,TRADE_FINANCE,2026-02-14,32324093.640000,759293.840000,True,CONTROLLED_SYNTHETIC
H0005332,SME000505,TRADE_FINANCE,2026-05-02,4376559.240000,162188.720000,True,CONTROLLED_SYNTHETIC
H0005333,SME000506,TRADE_FINANCE,2022-03-17,0.000000,0.000000,True,CONTROLLED_SYNTHETIC
H0005334,SME000507,TRADE_FINANCE,2020-08-10,12858970.560000,90282.860000,True,CONTROLLED_SYNTHETIC
H0005335,SME000514,TRADE_FINANCE,2026-01-23,0.000000,0.000000,True,CONTROLLED_SYNTHETIC
H0005336,SME000532,TRADE_FINANCE,2025-07-16,0.000000,0.000000,True,CONTROLLED_SYNTHETIC
H0005337,SME000541,TRADE_FINANCE,2023-09-19,11590286.200000,539960.350000,True,CONTROLLED_SYNTHETIC
H0005338,SME000545,TRADE_FINANCE,2024-10-30,2143540.600000,10000.410000,True,CONTROLLED_SYNTHETIC
H0005339,SME000549,TRADE_FINANCE,2025-02-10,0.000000,0.000000,True,CONTROLLED_SYNTHETIC
H0005340,SME000552,TRADE_FINANCE,2022-02-12,0.000000,0.000000,True,CONTROLLED_SYNTHETIC
H0005341,SME000555,TRADE_FINANCE,2022-09-02,0.000000,0.000000,True,CONTROLLED_SYNTHETIC
H0005342,SME000557,TRADE_FINANCE,2020-10-16,0.000000,0.000000,True,CONTROLLED_SYNTHETIC
H0005343,SME000565,TRADE_FINANCE,2022-04-14,634533.520000,9371.860000,True,CONTROLLED_SYNTHETIC
H0005344,SME000566,TRADE_FINANCE,2026-04-27,1188762.200000,33587.020000,True,CONTROLLED_SYNTHETIC
H0005345,SME000586,TRADE_FINANCE,2020-06-03,0.000000,0.000000,True,CONTROLLED_SYNTHETIC
H0005346,SME000588,TRADE_FINANCE,2020-11-13,0.000000,0.000000,True,CONTROLLED_SYNTHETIC
H0005347,SME000598,TRADE_FINANCE,2026-01-18,0.000000,0.000000,True,CONTROLLED_SYNTHETIC
H0005348,SME000610,TRADE_FINANCE,2025-10-01,837057.240000,9103.800000,True,CONTROLLED_SYNTHETIC
H0005349,SME000616,TRADE_FINANCE,2026-03-23,0.000000,0.000000,True,CONTROLLED_SYNTHETIC
H0005350,SME000621,TRADE_FINANCE,2022-10-15,1741881.160000,56132.090000,True,CONTROLLED_SYNTHETIC
H0005351,SME000623,TRADE_FINANCE,2026-04-03,0.000000,0.000000,True,CONTROLLED_SYNTHETIC
H0005352,SME000654,TRADE_FINANCE,2023-07-15,979539.160000,34385.280000,True,CONTROLLED_SYNTHETIC
H0005353,SME000677,TRADE_FINANCE,2021-04-16,0.000000,0.000000,True,CONTROLLED_SYNTHETIC
H0005354,SME000687,TRADE_FINANCE,2023-04-01,1245408.080000,38864.280000,True,CONTROLLED_SYNTHETIC
H0005355,SME000707,TRADE_FINANCE,2023-10-05,0.000000,0.000000,True,CONTROLLED_SYNTHETIC
H0005356,SME000718,TRADE_FINANCE,2025-02-13,3583553.640000,26138.760000,True,CONTROLLED_SYNTHETIC
H0005357,SME000726,TRADE_FINANCE,2020-05-01,32574669.520000,1731088.080000,True,CONTROLLED_SYNTHETIC
H0005358,SME000727,TRADE_FINANCE,2023-12-11,1783681.440000,8366.140000,True,CONTROLLED_SYNTHETIC
H0005359,SME000728,TRADE_FINANCE,2025-12-24,2314183.480000,33618.720000,True,CONTROLLED_SYNTHETIC
H0005360,SME000731,TRADE_FINANCE,2020-02-11,6851913.520000,169639.730000,True,CONTROLLED_SYNTHETIC
H0005361,SME000734,TRADE_FINANCE,2020-09-11,0.000000,0.000000,True,CONTROLLED_SYNTHETIC
H0005362,SME000736,TRADE_FINANCE,2021-11-19,0.000000,0.000000,True,CONTROLLED_SYNTHETIC
H0005363,SME000738,TRADE_FINANCE,2025-07-10,0.000000,0.000000,True,CONTROLLED_SYNTHETIC
H0005364,SME000741,TRADE_FINANCE,2025-05-30,0.000000,0.000000,True,CONTROLLED_SYNTHETIC
H0005365,SME000753,TRADE_FINANCE,2025-12-04,0.000000,0.000000,True,CONTROLLED_SYNTHETIC
H0005366,SME000757,TRADE_FINANCE,2025-12-06,646948.520000,10195.690000,True,CONTROLLED_SYNTHETIC
H0005367,SME000760,TRADE_FINANCE,2026-01-08,38998181.720000,1766694.890000,True,CONTROLLED_SYNTHETIC
H0005368,SME000765,TRADE_FINANCE,2026-03-06,0.000000,0.000000,True,CONTROLLED_SYNTHETIC
H0005369,SME000768,TRADE_FINANCE,2022-07-06,24621342.800000,1301586.170000,True,CONTROLLED_SYNTHETIC
H0005370,SME000771,TRADE_FINANCE,2023-02-26,0.000000,0.000000,True,CONTROLLED_SYNTHETIC
H0005371,SME000772,TRADE_FINANCE,2020-06-03,0.000000,0.000000,True,CONTROLLED_SYNTHETIC
H0005372,SME000782,TRADE_FINANCE,2025-11-09,0.000000,0.000000,True,CONTROLLED_SYNTHETIC
H0005373,SME000790,TRADE_FINANCE,2024-12-30,13667085.360000,641174.140000,True,CONTROLLED_SYNTHETIC
H0005374,SME000795,TRADE_FINANCE,2023-03-31,0.000000,0.000000,True,CONTROLLED_SYNTHETIC
H0005375,SME000806,TRADE_FINANCE,2022-10-26,0.000000,0.000000,True,CONTROLLED_SYNTHETIC
H0005376,SME000809,TRADE_FINANCE,2026-01-06,0.000000,0.000000,True,CONTROLLED_SYNTHETIC
H0005377,SME000814,TRADE_FINANCE,2020-05-22,11083765.440000,550433.000000,True,CONTROLLED_SYNTHETIC
H0005378,SME000816,TRADE_FINANCE,2022-04-04,4428794.440000,106519.020000,True,CONTROLLED_SYNTHETIC
H0005379,SME000817,TRADE_FINANCE,2023-03-17,1511140.240000,44815.610000,True,CONTROLLED_SYNTHETIC
H0005380,SME000831,TRADE_FINANCE,2022-03-26,2793401.440000,152160.350000,True,CONTROLLED_SYNTHETIC
H0005381,SME000834,TRADE_FINANCE,2024-10-20,0.000000,0.000000,True,CONTROLLED_SYNTHETIC
H0005382,SME000836,TRADE_FINANCE,2024-08-13,6669234.640000,124429.120000,True,CONTROLLED_SYNTHETIC
H0005383,SME000838,TRADE_FINANCE,2025-03-12,509237.440000,14920.240000,True,CONTROLLED_SYNTHETIC
H0005384,SME000840,TRADE_FINANCE,2020-10-12,1960894.360000,62873.720000,True,CONTROLLED_SYNTHETIC
H0005385,SME000845,TRADE_FINANCE,2026-01-04,0.000000,0.000000,True,CONTROLLED_SYNTHETIC
H0005386,SME000858,TRADE_FINANCE,2026-02-13,0.000000,0.000000,True,CONTROLLED_SYNTHETIC
H0005387,SME000868,TRADE_FINANCE,2024-02-09,0.000000,0.000000,True,CONTROLLED_SYNTHETIC
H0005388,SME000876,TRADE_FINANCE,2022-02-10,0.000000,0.000000,True,CONTROLLED_SYNTHETIC
H0005389,SME000877,TRADE_FINANCE,2024-03-18,0.000000,0.000000,True,CONTROLLED_SYNTHETIC
H0005390,SME000879,TRADE_FINANCE,2022-06-25,24097558.920000,916997.850000,True,CONTROLLED_SYNTHETIC
H0005391,SME000885,TRADE_FINANCE,2025-06-01,0.000000,0.000000,True,CONTROLLED_SYNTHETIC
H0005392,SME000892,TRADE_FINANCE,2023-03-26,12578248.080000,228073.490000,True,CONTROLLED_SYNTHETIC
H0005393,SME000901,TRADE_FINANCE,2022-02-27,1124659.720000,35191.870000,True,CONTROLLED_SYNTHETIC
H0005394,SME000903,TRADE_FINANCE,2025-07-21,0.000000,0.000000,True,CONTROLLED_SYNTHETIC
H0005395,SME000905,TRADE_FINANCE,2025-05-01,30830663.320000,1121252.230000,True,CONTROLLED_SYNTHETIC
H0005396,SME000912,TRADE_FINANCE,2024-07-31,2478474.000000,17938.180000,True,CONTROLLED_SYNTHETIC
H0005397,SME000918,TRADE_FINANCE,2021-04-19,3588453.320000,170770.390000,True,CONTROLLED_SYNTHETIC
H0005398,SME000923,TRADE_FINANCE,2026-01-12,2250296.400000,118963.970000,True,CONTROLLED_SYNTHETIC
H0005399,SME000924,TRADE_FINANCE,2021-12-21,15704361.120000,689790.660000,True,CONTROLLED_SYNTHETIC
H0005400,SME000931,TRADE_FINANCE,2022-10-03,11274684.280000,363305.510000,True,CONTROLLED_SYNTHETIC
H0005401,SME000935,TRADE_FINANCE,2021-11-14,0.000000,0.000000,True,CONTROLLED_SYNTHETIC
H0005402,SME000940,TRADE_FINANCE,2023-03-16,2522323.720000,118347.950000,True,CONTROLLED_SYNTHETIC
H0005403,SME000952,TRADE_FINANCE,2025-11-16,0.000000,0.000000,True,CONTROLLED_SYNTHETIC
H0005404,SME000953,TRADE_FINANCE,2024-08-22,0.000000,0.000000,True,CONTROLLED_SYNTHETIC
H0005405,SME000959,TRADE_FINANCE,2020-07-08,2891326.880000,27319.130000,True,CONTROLLED_SYNTHETIC
H0005406,SME000968,TRADE_FINANCE,2021-11-21,0.000000,0.000000,True,CONTROLLED_SYNTHETIC
H0005407,SME000979,TRADE_FINANCE,2020-06-26,1524861.800000,70664.600000,True,CONTROLLED_SYNTHETIC
H0005408,SME000986,TRADE_FINANCE,2022-10-16,13082503.360000,81422.220000,True,CONTROLLED_SYNTHETIC
H0005409,SME000988,TRADE_FINANCE,2022-07-24,4129006.280000,224506.410000,True,CONTROLLED_SYNTHETIC
H0005410,SME000989,TRADE_FINANCE,2024-03-14,0.000000,0.000000,True,CONTROLLED_SYNTHETIC
H0005411,SME000994,TRADE_FINANCE,2023-11-14,0.000000,0.000000,True,CONTROLLED_SYNTHETIC
H0005412,SME001004,TRADE_FINANCE,2024-06-03,0.000000,0.000000,True,CONTROLLED_SYNTHETIC
H0005413,SME001007,TRADE_FINANCE,2023-08-17,0.000000,0.000000,True,CONTROLLED_SYNTHETIC
H0005414,SME001009,TRADE_FINANCE,2023-11-07,0.000000,0.000000,True,CONTROLLED_SYNTHETIC
H0005415,SME001015,TRADE_FINANCE,2021-03-22,0.000000,0.000000,True,CONTROLLED_SYNTHETIC
H0005416,SME001016,TRADE_FINANCE,2023-07-22,933532.560000,6006.810000,True,CONTROLLED_SYNTHETIC
H0005417,SME001018,TRADE_FINANCE,2023-09-09,0.000000,0.000000,True,CONTROLLED_SYNTHETIC
H0005418,SME001024,TRADE_FINANCE,2022-12-18,0.000000,0.000000,True,CONTROLLED_SYNTHETIC
H0005419,SME001026,TRADE_FINANCE,2020-05-25,0.000000,0.000000,True,CONTROLLED_SYNTHETIC
H0005420,SME001032,TRADE_FINANCE,2026-02-06,9152530.360000,199802.190000,True,CONTROLLED_SYNTHETIC
H0005421,SME001034,TRADE_FINANCE,2021-03-11,0.000000,0.000000,True,CONTROLLED_SYNTHETIC
H0005422,SME001038,TRADE_FINANCE,2020-10-02,0.000000,0.000000,True,CONTROLLED_SYNTHETIC
H0005423,SME001039,TRADE_FINANCE,2022-04-20,13770266.840000,322479.690000,True,CONTROLLED_SYNTHETIC
H0005424,SME001043,TRADE_FINANCE,2021-01-25,4087526.280000,161234.360000,True,CONTROLLED_SYNTHETIC
H0005425,SME001059,TRADE_FINANCE,2025-04-09,1418982.360000,65023.320000,True,CONTROLLED_SYNTHETIC
H0005426,SME001065,TRADE_FINANCE,2025-07-13,0.000000,0.000000,True,CONTROLLED_SYNTHETIC
H0005427,SME001076,TRADE_FINANCE,2021-03-18,0.000000,0.000000,True,CONTROLLED_SYNTHETIC
H0005428,SME001085,TRADE_FINANCE,2021-04-01,1427555.000000,40588.650000,True,CONTROLLED_SYNTHETIC
H0005429,SME001097,TRADE_FINANCE,2022-11-16,0.000000,0.000000,True,CONTROLLED_SYNTHETIC
H0005430,SME001102,TRADE_FINANCE,2021-05-28,29180621.680000,798925.330000,True,CONTROLLED_SYNTHETIC
H0005431,SME001106,TRADE_FINANCE,2020-08-17,0.000000,0.000000,True,CONTROLLED_SYNTHETIC
H0005432,SME001109,TRADE_FINANCE,2020-07-08,0.000000,0.000000,True,CONTROLLED_SYNTHETIC
H0005433,SME001114,TRADE_FINANCE,2021-02-25,0.000000,0.000000,True,CONTROLLED_SYNTHETIC
H0005434,SME001116,TRADE_FINANCE,2025-01-25,0.000000,0.000000,True,CONTROLLED_SYNTHETIC
H0005435,SME001117,TRADE_FINANCE,2021-05-20,1744028.320000,49161.120000,True,CONTROLLED_SYNTHETIC
H0005436,SME001131,TRADE_FINANCE,2022-12-30,0.000000,0.000000,True,CONTROLLED_SYNTHETIC
H0005437,SME001133,TRADE_FINANCE,2025-05-16,3297896.640000,134321.240000,True,CONTROLLED_SYNTHETIC
H0005438,SME001142,TRADE_FINANCE,2025-05-05,0.000000,0.000000,True,CONTROLLED_SYNTHETIC
H0005439,SME001150,TRADE_FINANCE,2024-07-28,0.000000,0.000000,True,CONTROLLED_SYNTHETIC
H0005440,SME001155,TRADE_FINANCE,2022-10-10,0.000000,0.000000,True,CONTROLLED_SYNTHETIC
H0005441,SME001166,TRADE_FINANCE,2026-02-27,0.000000,0.000000,True,CONTROLLED_SYNTHETIC
H0005442,SME001167,TRADE_FINANCE,2021-08-06,0.000000,0.000000,True,CONTROLLED_SYNTHETIC
H0005443,SME001177,TRADE_FINANCE,2025-01-24,0.000000,0.000000,True,CONTROLLED_SYNTHETIC
H0005444,SME001183,TRADE_FINANCE,2023-04-03,0.000000,0.000000,True,CONTROLLED_SYNTHETIC
H0005445,SME001191,TRADE_FINANCE,2020-06-16,0.000000,0.000000,True,CONTROLLED_SYNTHETIC
H0005446,SME001196,TRADE_FINANCE,2021-11-05,0.000000,0.000000,True,CONTROLLED_SYNTHETIC
H0005447,SME001205,TRADE_FINANCE,2022-11-10,53205556.880000,1448983.700000,True,CONTROLLED_SYNTHETIC
H0005448,SME001211,TRADE_FINANCE,2022-01-31,2088700.800000,91466.750000,True,CONTROLLED_SYNTHETIC
H0005449,SME001219,TRADE_FINANCE,2024-09-05,6776125.120000,270303.240000,True,CONTROLLED_SYNTHETIC
H0005450,SME001223,TRADE_FINANCE,2024-12-26,0.000000,0.000000,True,CONTROLLED_SYNTHETIC
H0005451,SME001234,TRADE_FINANCE,2021-01-20,11811992.880000,497484.680000,True,CONTROLLED_SYNTHETIC
H0005452,SME001244,TRADE_FINANCE,2025-09-26,0.000000,0.000000,True,CONTROLLED_SYNTHETIC
H0005453,SME001248,TRADE_FINANCE,2026-03-11,0.000000,0.000000,True,CONTROLLED_SYNTHETIC
H0005454,SME001252,TRADE_FINANCE,2022-03-22,914916.520000,21103.170000,True,CONTROLLED_SYNTHETIC
H0005455,SME001261,TRADE_FINANCE,2025-04-19,9892715.360000,348027.350000,True,CONTROLLED_SYNTHETIC
H0005456,SME001263,TRADE_FINANCE,2024-02-24,0.000000,0.000000,True,CONTROLLED_SYNTHETIC
H0005457,SME001271,TRADE_FINANCE,2020-10-20,0.000000,0.000000,True,CONTROLLED_SYNTHETIC
H0005458,SME001277,TRADE_FINANCE,2020-07-02,0.000000,0.000000,True,CONTROLLED_SYNTHETIC
H0005459,SME001280,TRADE_FINANCE,2023-08-04,0.000000,0.000000,True,CONTROLLED_SYNTHETIC
H0005460,SME001281,TRADE_FINANCE,2023-10-22,0.000000,0.000000,True,CONTROLLED_SYNTHETIC
H0005461,SME001284,TRADE_FINANCE,2022-10-23,570625.080000,3268.900000,True,CONTROLLED_SYNTHETIC
H0005462,SME001285,TRADE_FINANCE,2023-06-28,656448.160000,10179.170000,True,CONTROLLED_SYNTHETIC
H0005463,SME001293,TRADE_FINANCE,2025-10-30,0.000000,0.000000,True,CONTROLLED_SYNTHETIC
H0005464,SME001297,TRADE_FINANCE,2022-10-27,7795515.120000,427430.790000,True,CONTROLLED_SYNTHETIC
H0005465,SME001305,TRADE_FINANCE,2023-02-14,0.000000,0.000000,True,CONTROLLED_SYNTHETIC
H0005466,SME001312,TRADE_FINANCE,2025-01-19,4680278.720000,63413.340000,True,CONTROLLED_SYNTHETIC
H0005467,SME001315,TRADE_FINANCE,2021-11-16,2194366.800000,80825.670000,True,CONTROLLED_SYNTHETIC
H0005468,SME001323,TRADE_FINANCE,2021-07-31,0.000000,0.000000,True,CONTROLLED_SYNTHETIC
H0005469,SME001325,TRADE_FINANCE,2022-11-13,9996225.400000,289874.270000,True,CONTROLLED_SYNTHETIC
H0005470,SME001328,TRADE_FINANCE,2021-03-04,0.000000,0.000000,True,CONTROLLED_SYNTHETIC
H0005471,SME001329,TRADE_FINANCE,2025-06-10,0.000000,0.000000,True,CONTROLLED_SYNTHETIC
H0005472,SME001333,TRADE_FINANCE,2026-03-16,18453751.440000,910500.360000,True,CONTROLLED_SYNTHETIC
H0005473,SME001336,TRADE_FINANCE,2020-10-14,1175530.240000,12813.290000,True,CONTROLLED_SYNTHETIC
H0005474,SME001339,TRADE_FINANCE,2025-12-10,0.000000,0.000000,True,CONTROLLED_SYNTHETIC
H0005475,SME001354,TRADE_FINANCE,2022-12-15,4401612.160000,176766.930000,True,CONTROLLED_SYNTHETIC
H0005476,SME001355,TRADE_FINANCE,2022-03-04,1044056.600000,8116.620000,True,CONTROLLED_SYNTHETIC
H0005477,SME001362,TRADE_FINANCE,2022-03-27,0.000000,0.000000,True,CONTROLLED_SYNTHETIC
H0005478,SME001377,TRADE_FINANCE,2021-12-13,9871946.000000,396484.270000,True,CONTROLLED_SYNTHETIC
H0005479,SME001378,TRADE_FINANCE,2021-12-11,3006863.320000,72101.430000,True,CONTROLLED_SYNTHETIC
H0005480,SME001390,TRADE_FINANCE,2020-09-10,0.000000,0.000000,True,CONTROLLED_SYNTHETIC
H0005481,SME001395,TRADE_FINANCE,2024-01-10,0.000000,0.000000,True,CONTROLLED_SYNTHETIC
H0005482,SME001396,TRADE_FINANCE,2025-09-10,19865379.560000,983730.810000,True,CONTROLLED_SYNTHETIC
H0005483,SME001403,TRADE_FINANCE,2026-03-13,0.000000,0.000000,True,CONTROLLED_SYNTHETIC
H0005484,SME001408,TRADE_FINANCE,2023-04-04,0.000000,0.000000,True,CONTROLLED_SYNTHETIC
H0005485,SME001412,TRADE_FINANCE,2025-01-17,0.000000,0.000000,True,CONTROLLED_SYNTHETIC
H0005486,SME001421,TRADE_FINANCE,2021-06-16,266305.480000,5551.150000,True,CONTROLLED_SYNTHETIC
H0005487,SME001426,TRADE_FINANCE,2026-04-22,1588708.640000,41795.560000,True,CONTROLLED_SYNTHETIC
H0005488,SME001432,TRADE_FINANCE,2021-01-22,0.000000,0.000000,True,CONTROLLED_SYNTHETIC
H0005489,SME001437,TRADE_FINANCE,2025-03-11,0.000000,0.000000,True,CONTROLLED_SYNTHETIC
H0005490,SME001443,TRADE_FINANCE,2022-08-04,1685911.080000,90058.810000,True,CONTROLLED_SYNTHETIC
H0005491,SME001452,TRADE_FINANCE,2021-09-28,0.000000,0.000000,True,CONTROLLED_SYNTHETIC
H0005492,SME001456,TRADE_FINANCE,2022-01-21,1998387.840000,33731.710000,True,CONTROLLED_SYNTHETIC
H0005493,SME001458,TRADE_FINANCE,2024-09-19,0.000000,0.000000,True,CONTROLLED_SYNTHETIC
H0005494,SME001470,TRADE_FINANCE,2021-04-08,1122060.800000,14993.060000,True,CONTROLLED_SYNTHETIC
H0005495,SME001475,TRADE_FINANCE,2022-12-19,0.000000,0.000000,True,CONTROLLED_SYNTHETIC
H0005496,SME001477,TRADE_FINANCE,2024-04-14,9052689.560000,326554.110000,True,CONTROLLED_SYNTHETIC
H0005497,SME001480,TRADE_FINANCE,2022-11-30,0.000000,0.000000,True,CONTROLLED_SYNTHETIC
H0005498,SME001481,TRADE_FINANCE,2021-02-03,0.000000,0.000000,True,CONTROLLED_SYNTHETIC
H0005499,SME001483,TRADE_FINANCE,2025-10-21,0.000000,0.000000,True,CONTROLLED_SYNTHETIC
H0005500,SME001484,TRADE_FINANCE,2025-03-03,617234.600000,7381.870000,True,CONTROLLED_SYNTHETIC
H0005501,SME001491,TRADE_FINANCE,2023-06-20,0.000000,0.000000,True,CONTROLLED_SYNTHETIC
H0005502,SME001501,TRADE_FINANCE,2022-02-02,14183595.120000,429147.630000,True,CONTROLLED_SYNTHETIC
H0005503,SME001510,TRADE_FINANCE,2025-01-01,0.000000,0.000000,True,CONTROLLED_SYNTHETIC
H0005504,SME001512,TRADE_FINANCE,2020-10-19,2826378.240000,144159.910000,True,CONTROLLED_SYNTHETIC
H0005505,SME001519,TRADE_FINANCE,2021-10-24,0.000000,0.000000,True,CONTROLLED_SYNTHETIC
H0005506,SME001532,TRADE_FINANCE,2025-03-02,2738163.080000,44440.840000,True,CONTROLLED_SYNTHETIC
H0005507,SME001542,TRADE_FINANCE,2024-04-02,0.000000,0.000000,True,CONTROLLED_SYNTHETIC
H0005508,SME001550,TRADE_FINANCE,2021-11-28,2970112.200000,33625.040000,True,CONTROLLED_SYNTHETIC
H0005509,SME001553,TRADE_FINANCE,2022-11-19,0.000000,0.000000,True,CONTROLLED_SYNTHETIC
H0005510,SME001569,TRADE_FINANCE,2022-09-09,4259450.520000,96489.330000,True,CONTROLLED_SYNTHETIC
H0005511,SME001572,TRADE_FINANCE,2025-02-11,292543.760000,15270.870000,True,CONTROLLED_SYNTHETIC
H0005512,SME001575,TRADE_FINANCE,2022-11-26,0.000000,0.000000,True,CONTROLLED_SYNTHETIC
H0005513,SME001577,TRADE_FINANCE,2023-07-02,2856589.240000,114957.130000,True,CONTROLLED_SYNTHETIC
H0005514,SME001585,TRADE_FINANCE,2023-05-20,0.000000,0.000000,True,CONTROLLED_SYNTHETIC
H0005515,SME001596,TRADE_FINANCE,2022-01-19,14498489.840000,277806.080000,True,CONTROLLED_SYNTHETIC
H0005516,SME001597,TRADE_FINANCE,2020-08-03,59052567.880000,1633805.380000,True,CONTROLLED_SYNTHETIC
H0005517,SME001604,TRADE_FINANCE,2024-02-09,0.000000,0.000000,True,CONTROLLED_SYNTHETIC
H0005518,SME001620,TRADE_FINANCE,2025-11-15,1906076.040000,76057.330000,True,CONTROLLED_SYNTHETIC
H0005519,SME001632,TRADE_FINANCE,2022-03-17,16005581.680000,594456.630000,True,CONTROLLED_SYNTHETIC
H0005520,SME001638,TRADE_FINANCE,2021-07-01,1458863.920000,36882.070000,True,CONTROLLED_SYNTHETIC
H0005521,SME001641,TRADE_FINANCE,2023-11-19,0.000000,0.000000,True,CONTROLLED_SYNTHETIC
H0005522,SME001646,TRADE_FINANCE,2024-02-14,0.000000,0.000000,True,CONTROLLED_SYNTHETIC
H0005523,SME001653,TRADE_FINANCE,2021-01-27,0.000000,0.000000,True,CONTROLLED_SYNTHETIC
H0005524,SME001654,TRADE_FINANCE,2022-01-03,0.000000,0.000000,True,CONTROLLED_SYNTHETIC
H0005525,SME001661,TRADE_FINANCE,2023-08-15,93915313.000000,2780237.110000,True,CONTROLLED_SYNTHETIC
H0005526,SME001674,TRADE_FINANCE,2022-11-01,0.000000,0.000000,True,CONTROLLED_SYNTHETIC
H0005527,SME001679,TRADE_FINANCE,2024-05-02,998896.560000,19960.970000,True,CONTROLLED_SYNTHETIC
H0005528,SME001681,TRADE_FINANCE,2025-01-21,0.000000,0.000000,True,CONTROLLED_SYNTHETIC
H0005529,SME001683,TRADE_FINANCE,2025-01-29,621786.320000,19485.350000,True,CONTROLLED_SYNTHETIC
H0005530,SME001689,TRADE_FINANCE,2024-11-14,0.000000,0.000000,True,CONTROLLED_SYNTHETIC
H0005531,SME001691,TRADE_FINANCE,2022-04-16,0.000000,0.000000,True,CONTROLLED_SYNTHETIC
H0005532,SME001692,TRADE_FINANCE,2022-09-08,2392216.080000,117487.550000,True,CONTROLLED_SYNTHETIC
H0005533,SME001694,TRADE_FINANCE,2022-05-27,0.000000,0.000000,True,CONTROLLED_SYNTHETIC
H0005534,SME001697,TRADE_FINANCE,2023-10-05,68751597.800000,521688.230000,True,CONTROLLED_SYNTHETIC
H0005535,SME001700,TRADE_FINANCE,2022-09-29,0.000000,0.000000,True,CONTROLLED_SYNTHETIC
H0005536,SME001701,TRADE_FINANCE,2025-03-19,0.000000,0.000000,True,CONTROLLED_SYNTHETIC
H0005537,SME001703,TRADE_FINANCE,2021-03-06,0.000000,0.000000,True,CONTROLLED_SYNTHETIC
H0005538,SME001714,TRADE_FINANCE,2025-01-26,0.000000,0.000000,True,CONTROLLED_SYNTHETIC
H0005539,SME001717,TRADE_FINANCE,2022-09-14,12537903.840000,255787.380000,True,CONTROLLED_SYNTHETIC
H0005540,SME001729,TRADE_FINANCE,2021-06-14,0.000000,0.000000,True,CONTROLLED_SYNTHETIC
H0005541,SME001736,TRADE_FINANCE,2023-07-31,0.000000,0.000000,True,CONTROLLED_SYNTHETIC
H0005542,SME001741,TRADE_FINANCE,2026-05-02,0.000000,0.000000,True,CONTROLLED_SYNTHETIC
H0005543,SME001744,TRADE_FINANCE,2022-08-05,77676354.760000,1481047.240000,True,CONTROLLED_SYNTHETIC
H0005544,SME001771,TRADE_FINANCE,2022-07-11,26095976.760000,994011.670000,True,CONTROLLED_SYNTHETIC
H0005545,SME001781,TRADE_FINANCE,2020-07-11,0.000000,0.000000,True,CONTROLLED_SYNTHETIC
H0005546,SME001786,TRADE_FINANCE,2021-04-14,0.000000,0.000000,True,CONTROLLED_SYNTHETIC
H0005547,SME001791,TRADE_FINANCE,2025-01-16,0.000000,0.000000,True,CONTROLLED_SYNTHETIC
H0005548,SME001799,TRADE_FINANCE,2022-11-12,2847819.000000,53123.630000,True,CONTROLLED_SYNTHETIC
H0005549,SME001816,TRADE_FINANCE,2023-10-23,0.000000,0.000000,True,CONTROLLED_SYNTHETIC
H0005550,SME001817,TRADE_FINANCE,2023-08-29,5460057.800000,210756.520000,True,CONTROLLED_SYNTHETIC
H0005551,SME001824,TRADE_FINANCE,2020-11-04,0.000000,0.000000,True,CONTROLLED_SYNTHETIC
H0005552,SME001828,TRADE_FINANCE,2021-10-05,0.000000,0.000000,True,CONTROLLED_SYNTHETIC
H0005553,SME001829,TRADE_FINANCE,2024-05-08,922379.640000,45513.960000,True,CONTROLLED_SYNTHETIC
H0005554,SME001831,TRADE_FINANCE,2025-06-30,1747169.880000,48606.810000,True,CONTROLLED_SYNTHETIC
H0005555,SME001837,TRADE_FINANCE,2020-08-14,29242869.360000,1124660.870000,True,CONTROLLED_SYNTHETIC
H0005556,SME001845,TRADE_FINANCE,2022-09-02,440503.440000,21669.700000,True,CONTROLLED_SYNTHETIC
H0005557,SME001855,TRADE_FINANCE,2024-07-04,0.000000,0.000000,True,CONTROLLED_SYNTHETIC
H0005558,SME001861,TRADE_FINANCE,2023-10-19,0.000000,0.000000,True,CONTROLLED_SYNTHETIC
H0005559,SME001864,TRADE_FINANCE,2020-11-07,26828215.840000,295563.740000,True,CONTROLLED_SYNTHETIC
H0005560,SME001867,TRADE_FINANCE,2023-08-15,0.000000,0.000000,True,CONTROLLED_SYNTHETIC
H0005561,SME001869,TRADE_FINANCE,2024-01-29,0.000000,0.000000,True,CONTROLLED_SYNTHETIC
H0005562,SME001871,TRADE_FINANCE,2022-02-06,1230096.920000,55884.430000,True,CONTROLLED_SYNTHETIC
H0005563,SME001872,TRADE_FINANCE,2024-02-28,0.000000,0.000000,True,CONTROLLED_SYNTHETIC
H0005564,SME001878,TRADE_FINANCE,2024-05-30,0.000000,0.000000,True,CONTROLLED_SYNTHETIC
H0005565,SME001891,TRADE_FINANCE,2021-04-27,2584311.960000,76862.800000,True,CONTROLLED_SYNTHETIC
H0005566,SME001896,TRADE_FINANCE,2022-03-28,0.000000,0.000000,True,CONTROLLED_SYNTHETIC
H0005567,SME001901,TRADE_FINANCE,2025-11-17,3606382.520000,16629.050000,True,CONTROLLED_SYNTHETIC
H0005568,SME001902,TRADE_FINANCE,2025-07-06,0.000000,0.000000,True,CONTROLLED_SYNTHETIC
H0005569,SME001907,TRADE_FINANCE,2021-08-01,4785399.920000,166429.070000,True,CONTROLLED_SYNTHETIC
H0005570,SME001916,TRADE_FINANCE,2025-06-14,0.000000,0.000000,True,CONTROLLED_SYNTHETIC
H0005571,SME001917,TRADE_FINANCE,2024-10-12,0.000000,0.000000,True,CONTROLLED_SYNTHETIC
H0005572,SME001921,TRADE_FINANCE,2023-07-19,18363231.560000,768115.830000,True,CONTROLLED_SYNTHETIC
H0005573,SME001943,TRADE_FINANCE,2024-03-17,0.000000,0.000000,True,CONTROLLED_SYNTHETIC
H0005574,SME001958,TRADE_FINANCE,2020-09-30,11253903.720000,280896.780000,True,CONTROLLED_SYNTHETIC
H0005575,SME001962,TRADE_FINANCE,2021-02-04,0.000000,0.000000,True,CONTROLLED_SYNTHETIC
H0005576,SME001967,TRADE_FINANCE,2021-05-08,0.000000,0.000000,True,CONTROLLED_SYNTHETIC
H0005577,SME001970,TRADE_FINANCE,2022-07-29,0.000000,0.000000,True,CONTROLLED_SYNTHETIC
H0005578,SME001971,TRADE_FINANCE,2020-09-19,2766309.400000,56852.140000,True,CONTROLLED_SYNTHETIC
H0005579,SME001972,TRADE_FINANCE,2025-11-23,36973767.720000,1819693.470000,True,CONTROLLED_SYNTHETIC
H0005580,SME001980,TRADE_FINANCE,2022-12-25,1744487.440000,24079.330000,True,CONTROLLED_SYNTHETIC
H0005581,SME001986,TRADE_FINANCE,2025-05-21,32802643.400000,1312537.700000,True,CONTROLLED_SYNTHETIC
H0005582,SME001988,TRADE_FINANCE,2024-09-29,5535883.560000,65135.100000,True,CONTROLLED_SYNTHETIC
H0005583,SME002008,TRADE_FINANCE,2024-10-17,0.000000,0.000000,True,CONTROLLED_SYNTHETIC
H0005584,SME002010,TRADE_FINANCE,2024-06-23,1669324.640000,66621.440000,True,CONTROLLED_SYNTHETIC
H0005585,SME002019,TRADE_FINANCE,2020-12-03,0.000000,0.000000,True,CONTROLLED_SYNTHETIC
H0005586,SME002025,TRADE_FINANCE,2025-10-15,0.000000,0.000000,True,CONTROLLED_SYNTHETIC
H0005587,SME002033,TRADE_FINANCE,2022-05-13,0.000000,0.000000,True,CONTROLLED_SYNTHETIC
H0005588,SME002044,TRADE_FINANCE,2024-02-12,0.000000,0.000000,True,CONTROLLED_SYNTHETIC
H0005589,SME002051,TRADE_FINANCE,2022-11-11,4967913.680000,181761.450000,True,CONTROLLED_SYNTHETIC
H0005590,SME002055,TRADE_FINANCE,2023-04-30,1022527.280000,12970.050000,True,CONTROLLED_SYNTHETIC
H0005591,SME002061,TRADE_FINANCE,2025-04-26,0.000000,0.000000,True,CONTROLLED_SYNTHETIC
H0005592,SME002064,TRADE_FINANCE,2022-07-18,0.000000,0.000000,True,CONTROLLED_SYNTHETIC
H0005593,SME002073,TRADE_FINANCE,2022-09-20,0.000000,0.000000,True,CONTROLLED_SYNTHETIC
H0005594,SME002083,TRADE_FINANCE,2022-09-30,0.000000,0.000000,True,CONTROLLED_SYNTHETIC
H0005595,SME002089,TRADE_FINANCE,2023-04-09,0.000000,0.000000,True,CONTROLLED_SYNTHETIC
H0005596,SME002090,TRADE_FINANCE,2021-04-19,29589659.880000,1567020.060000,True,CONTROLLED_SYNTHETIC
H0005597,SME002098,TRADE_FINANCE,2025-07-02,0.000000,0.000000,True,CONTROLLED_SYNTHETIC
H0005598,SME002099,TRADE_FINANCE,2025-04-26,1431172.000000,43158.440000,True,CONTROLLED_SYNTHETIC
H0005599,SME002138,TRADE_FINANCE,2020-10-24,1229564.960000,25882.300000,True,CONTROLLED_SYNTHETIC
H0005600,SME002148,TRADE_FINANCE,2020-06-18,0.000000,0.000000,True,CONTROLLED_SYNTHETIC
H0005601,SME002154,TRADE_FINANCE,2025-04-26,0.000000,0.000000,True,CONTROLLED_SYNTHETIC
H0005602,SME002156,TRADE_FINANCE,2024-11-02,2113148.640000,96768.770000,True,CONTROLLED_SYNTHETIC
H0005603,SME002164,TRADE_FINANCE,2023-09-23,0.000000,0.000000,True,CONTROLLED_SYNTHETIC
H0005604,SME002168,TRADE_FINANCE,2020-06-22,1546317.120000,58378.210000,True,CONTROLLED_SYNTHETIC
H0005605,SME002171,TRADE_FINANCE,2024-10-12,1490687.640000,56670.400000,True,CONTROLLED_SYNTHETIC
H0005606,SME002174,TRADE_FINANCE,2024-08-22,1101729.240000,28409.960000,True,CONTROLLED_SYNTHETIC
H0005607,SME002178,TRADE_FINANCE,2025-04-13,0.000000,0.000000,True,CONTROLLED_SYNTHETIC
H0005608,SME002179,TRADE_FINANCE,2024-05-11,5334375.560000,273189.000000,True,CONTROLLED_SYNTHETIC
H0005609,SME002189,TRADE_FINANCE,2021-10-11,1306724.400000,6929.030000,True,CONTROLLED_SYNTHETIC
H0005610,SME002201,TRADE_FINANCE,2020-01-28,0.000000,0.000000,True,CONTROLLED_SYNTHETIC
H0005611,SME002203,TRADE_FINANCE,2021-04-15,4034515.680000,82544.770000,True,CONTROLLED_SYNTHETIC
H0005612,SME002204,TRADE_FINANCE,2024-05-18,0.000000,0.000000,True,CONTROLLED_SYNTHETIC
H0005613,SME002205,TRADE_FINANCE,2025-12-23,0.000000,0.000000,True,CONTROLLED_SYNTHETIC
H0005614,SME002213,TRADE_FINANCE,2023-06-10,0.000000,0.000000,True,CONTROLLED_SYNTHETIC
H0005615,SME002214,TRADE_FINANCE,2021-08-13,913961.400000,5118.110000,True,CONTROLLED_SYNTHETIC
H0005616,SME002215,TRADE_FINANCE,2021-01-01,28106242.520000,152183.270000,True,CONTROLLED_SYNTHETIC
H0005617,SME002231,TRADE_FINANCE,2022-05-10,3347709.880000,104763.350000,True,CONTROLLED_SYNTHETIC
H0005618,SME002238,TRADE_FINANCE,2023-04-20,8996754.680000,423588.230000,True,CONTROLLED_SYNTHETIC
H0005619,SME002255,TRADE_FINANCE,2021-06-21,6522456.240000,323120.990000,True,CONTROLLED_SYNTHETIC
H0005620,SME002258,TRADE_FINANCE,2024-10-27,2297772.400000,99017.390000,True,CONTROLLED_SYNTHETIC
H0005621,SME002264,TRADE_FINANCE,2020-10-14,13989695.760000,306988.720000,True,CONTROLLED_SYNTHETIC
H0005622,SME002277,TRADE_FINANCE,2026-05-04,330361.400000,9780.520000,True,CONTROLLED_SYNTHETIC
H0005623,SME002288,TRADE_FINANCE,2022-02-18,0.000000,0.000000,True,CONTROLLED_SYNTHETIC
H0005624,SME002291,TRADE_FINANCE,2023-01-14,0.000000,0.000000,True,CONTROLLED_SYNTHETIC
H0005625,SME002295,TRADE_FINANCE,2020-12-21,0.000000,0.000000,True,CONTROLLED_SYNTHETIC
H0005626,SME002299,TRADE_FINANCE,2024-02-19,4695253.520000,93913.990000,True,CONTROLLED_SYNTHETIC
H0005627,SME002303,TRADE_FINANCE,2022-12-29,0.000000,0.000000,True,CONTROLLED_SYNTHETIC
H0005628,SME002309,TRADE_FINANCE,2024-12-19,0.000000,0.000000,True,CONTROLLED_SYNTHETIC
H0005629,SME002315,TRADE_FINANCE,2026-02-27,5075519.880000,137705.880000,True,CONTROLLED_SYNTHETIC
H0005630,SME002318,TRADE_FINANCE,2025-08-13,0.000000,0.000000,True,CONTROLLED_SYNTHETIC
H0005631,SME002319,TRADE_FINANCE,2020-01-25,0.000000,0.000000,True,CONTROLLED_SYNTHETIC
H0005632,SME002336,TRADE_FINANCE,2024-03-06,0.000000,0.000000,True,CONTROLLED_SYNTHETIC
H0005633,SME002340,TRADE_FINANCE,2025-11-19,0.000000,0.000000,True,CONTROLLED_SYNTHETIC
H0005634,SME002347,TRADE_FINANCE,2026-03-20,8029766.640000,56381.320000,True,CONTROLLED_SYNTHETIC
H0005635,SME002355,TRADE_FINANCE,2020-09-22,31461131.560000,1165186.620000,True,CONTROLLED_SYNTHETIC
H0005636,SME002356,TRADE_FINANCE,2022-02-28,5045502.560000,34154.320000,True,CONTROLLED_SYNTHETIC
H0005637,SME002365,TRADE_FINANCE,2025-10-11,9734731.800000,215400.020000,True,CONTROLLED_SYNTHETIC
H0005638,SME002366,TRADE_FINANCE,2021-11-11,0.000000,0.000000,True,CONTROLLED_SYNTHETIC
H0005639,SME002370,TRADE_FINANCE,2024-08-04,0.000000,0.000000,True,CONTROLLED_SYNTHETIC
H0005640,SME002391,TRADE_FINANCE,2022-05-19,0.000000,0.000000,True,CONTROLLED_SYNTHETIC
H0005641,SME002402,TRADE_FINANCE,2023-07-03,0.000000,0.000000,True,CONTROLLED_SYNTHETIC
H0005642,SME002406,TRADE_FINANCE,2020-02-13,0.000000,0.000000,True,CONTROLLED_SYNTHETIC
H0005643,SME002415,TRADE_FINANCE,2020-07-29,1603559.800000,26384.810000,True,CONTROLLED_SYNTHETIC
H0005644,SME002416,TRADE_FINANCE,2023-09-18,34516398.000000,1266485.890000,True,CONTROLLED_SYNTHETIC
H0005645,SME002418,TRADE_FINANCE,2022-04-30,16754150.480000,661153.710000,True,CONTROLLED_SYNTHETIC
H0005646,SME002426,TRADE_FINANCE,2022-01-17,993667.760000,32218.700000,True,CONTROLLED_SYNTHETIC
H0005647,SME002452,TRADE_FINANCE,2025-02-07,0.000000,0.000000,True,CONTROLLED_SYNTHETIC
H0005648,SME002456,TRADE_FINANCE,2024-06-15,918934.840000,33358.800000,True,CONTROLLED_SYNTHETIC
H0005649,SME002462,TRADE_FINANCE,2025-01-25,6971621.240000,47380.640000,True,CONTROLLED_SYNTHETIC
H0005650,SME002465,TRADE_FINANCE,2022-12-02,0.000000,0.000000,True,CONTROLLED_SYNTHETIC
H0005651,SME002466,TRADE_FINANCE,2022-07-01,0.000000,0.000000,True,CONTROLLED_SYNTHETIC
H0005652,SME002473,TRADE_FINANCE,2024-11-12,4532137.040000,148304.190000,True,CONTROLLED_SYNTHETIC
H0005653,SME002476,TRADE_FINANCE,2020-08-05,0.000000,0.000000,True,CONTROLLED_SYNTHETIC
H0005654,SME002480,TRADE_FINANCE,2023-02-24,10637626.320000,484920.280000,True,CONTROLLED_SYNTHETIC
H0005655,SME002492,TRADE_FINANCE,2023-10-01,0.000000,0.000000,True,CONTROLLED_SYNTHETIC
H0005656,SME002494,TRADE_FINANCE,2022-04-16,0.000000,0.000000,True,CONTROLLED_SYNTHETIC
H0005657,SME002495,TRADE_FINANCE,2021-06-10,0.000000,0.000000,True,CONTROLLED_SYNTHETIC
H0005658,SME002499,TRADE_FINANCE,2024-03-12,0.000000,0.000000,True,CONTROLLED_SYNTHETIC
H0005659,SME002508,TRADE_FINANCE,2022-12-08,0.000000,0.000000,True,CONTROLLED_SYNTHETIC
H0005660,SME002520,TRADE_FINANCE,2025-09-18,0.000000,0.000000,True,CONTROLLED_SYNTHETIC
H0005661,SME002526,TRADE_FINANCE,2023-04-09,1066319.240000,41008.200000,True,CONTROLLED_SYNTHETIC
H0005662,SME002528,TRADE_FINANCE,2025-12-27,1009130.840000,7619.900000,True,CONTROLLED_SYNTHETIC
H0005663,SME002541,TRADE_FINANCE,2025-08-14,10404163.680000,207225.790000,True,CONTROLLED_SYNTHETIC
H0005664,SME002546,TRADE_FINANCE,2020-06-03,0.000000,0.000000,True,CONTROLLED_SYNTHETIC
H0005665,SME002552,TRADE_FINANCE,2020-02-20,0.000000,0.000000,True,CONTROLLED_SYNTHETIC
H0005666,SME002554,TRADE_FINANCE,2021-09-03,2730723.600000,113367.280000,True,CONTROLLED_SYNTHETIC
H0005667,SME002560,TRADE_FINANCE,2025-05-18,0.000000,0.000000,True,CONTROLLED_SYNTHETIC
H0005668,SME002563,TRADE_FINANCE,2024-04-10,15859579.200000,242860.820000,True,CONTROLLED_SYNTHETIC
H0005669,SME002564,TRADE_FINANCE,2021-01-30,0.000000,0.000000,True,CONTROLLED_SYNTHETIC
H0005670,SME002565,TRADE_FINANCE,2020-12-08,11054843.560000,318899.630000,True,CONTROLLED_SYNTHETIC
H0005671,SME002566,TRADE_FINANCE,2026-03-29,47922764.120000,2074288.700000,True,CONTROLLED_SYNTHETIC
H0005672,SME002575,TRADE_FINANCE,2025-01-04,1031373.560000,20203.560000,True,CONTROLLED_SYNTHETIC
H0005673,SME002578,TRADE_FINANCE,2025-10-11,6045421.120000,223238.960000,True,CONTROLLED_SYNTHETIC
H0005674,SME002589,TRADE_FINANCE,2024-10-29,3595528.280000,111541.730000,True,CONTROLLED_SYNTHETIC
H0005675,SME002592,TRADE_FINANCE,2020-04-09,0.000000,0.000000,True,CONTROLLED_SYNTHETIC
H0005676,SME002599,TRADE_FINANCE,2025-04-03,0.000000,0.000000,True,CONTROLLED_SYNTHETIC
H0005677,SME002609,TRADE_FINANCE,2026-02-05,0.000000,0.000000,True,CONTROLLED_SYNTHETIC
H0005678,SME002611,TRADE_FINANCE,2022-03-25,4886312.760000,231219.360000,True,CONTROLLED_SYNTHETIC
H0005679,SME002613,TRADE_FINANCE,2024-04-28,646963.120000,9202.200000,True,CONTROLLED_SYNTHETIC
H0005680,SME002618,TRADE_FINANCE,2022-01-31,14788568.840000,96451.310000,True,CONTROLLED_SYNTHETIC
H0005681,SME002629,TRADE_FINANCE,2025-11-28,5782636.000000,76202.750000,True,CONTROLLED_SYNTHETIC
H0005682,SME002649,TRADE_FINANCE,2025-05-29,0.000000,0.000000,True,CONTROLLED_SYNTHETIC
H0005683,SME002656,TRADE_FINANCE,2026-05-18,0.000000,0.000000,True,CONTROLLED_SYNTHETIC
H0005684,SME002659,TRADE_FINANCE,2025-11-22,0.000000,0.000000,True,CONTROLLED_SYNTHETIC
H0005685,SME002660,TRADE_FINANCE,2025-01-07,0.000000,0.000000,True,CONTROLLED_SYNTHETIC
H0005686,SME002662,TRADE_FINANCE,2022-12-18,0.000000,0.000000,True,CONTROLLED_SYNTHETIC
H0005687,SME002667,TRADE_FINANCE,2021-04-05,0.000000,0.000000,True,CONTROLLED_SYNTHETIC
H0005688,SME002669,TRADE_FINANCE,2021-12-09,2895787.120000,70385.950000,True,CONTROLLED_SYNTHETIC
H0005689,SME002676,TRADE_FINANCE,2023-02-11,0.000000,0.000000,True,CONTROLLED_SYNTHETIC
H0005690,SME002696,TRADE_FINANCE,2020-11-22,0.000000,0.000000,True,CONTROLLED_SYNTHETIC
H0005691,SME002700,TRADE_FINANCE,2022-07-11,0.000000,0.000000,True,CONTROLLED_SYNTHETIC
H0005692,SME002701,TRADE_FINANCE,2024-03-07,0.000000,0.000000,True,CONTROLLED_SYNTHETIC
H0005693,SME002707,TRADE_FINANCE,2022-06-26,9322292.640000,295909.320000,True,CONTROLLED_SYNTHETIC
H0005694,SME002710,TRADE_FINANCE,2023-04-24,0.000000,0.000000,True,CONTROLLED_SYNTHETIC
H0005695,SME002731,TRADE_FINANCE,2020-04-08,3848127.480000,143769.570000,True,CONTROLLED_SYNTHETIC
H0005696,SME002750,TRADE_FINANCE,2021-01-17,1832182.800000,99124.390000,True,CONTROLLED_SYNTHETIC
H0005697,SME002752,TRADE_FINANCE,2023-06-05,0.000000,0.000000,True,CONTROLLED_SYNTHETIC
H0005698,SME002755,TRADE_FINANCE,2020-06-11,2439634.680000,69973.330000,True,CONTROLLED_SYNTHETIC
H0005699,SME002758,TRADE_FINANCE,2023-08-08,14041991.040000,243396.530000,True,CONTROLLED_SYNTHETIC
H0005700,SME002762,TRADE_FINANCE,2026-01-20,4698497.560000,231831.750000,True,CONTROLLED_SYNTHETIC
H0005701,SME002771,TRADE_FINANCE,2020-03-13,2479619.280000,69133.950000,True,CONTROLLED_SYNTHETIC
H0005702,SME002777,TRADE_FINANCE,2024-06-21,0.000000,0.000000,True,CONTROLLED_SYNTHETIC
H0005703,SME002778,TRADE_FINANCE,2024-03-05,1119795.680000,50967.960000,True,CONTROLLED_SYNTHETIC
H0005704,SME002780,TRADE_FINANCE,2024-09-24,5147539.040000,248475.080000,True,CONTROLLED_SYNTHETIC
H0005705,SME002787,TRADE_FINANCE,2023-10-03,0.000000,0.000000,True,CONTROLLED_SYNTHETIC
H0005706,SME002805,TRADE_FINANCE,2025-08-09,9446419.440000,430069.500000,True,CONTROLLED_SYNTHETIC
H0005707,SME002809,TRADE_FINANCE,2025-05-18,0.000000,0.000000,True,CONTROLLED_SYNTHETIC
H0005708,SME002811,TRADE_FINANCE,2022-05-26,876856.360000,7608.680000,True,CONTROLLED_SYNTHETIC
H0005709,SME002812,TRADE_FINANCE,2020-03-31,0.000000,0.000000,True,CONTROLLED_SYNTHETIC
H0005710,SME002822,TRADE_FINANCE,2024-06-04,0.000000,0.000000,True,CONTROLLED_SYNTHETIC
H0005711,SME002846,TRADE_FINANCE,2020-09-21,2353876.040000,53174.140000,True,CONTROLLED_SYNTHETIC
H0005712,SME002847,TRADE_FINANCE,2024-06-10,0.000000,0.000000,True,CONTROLLED_SYNTHETIC
H0005713,SME002861,TRADE_FINANCE,2022-12-13,1920429.600000,76729.110000,True,CONTROLLED_SYNTHETIC
H0005714,SME002874,TRADE_FINANCE,2020-05-07,0.000000,0.000000,True,CONTROLLED_SYNTHETIC
H0005715,SME002878,TRADE_FINANCE,2020-03-10,25426281.120000,1039563.630000,True,CONTROLLED_SYNTHETIC
H0005716,SME002879,TRADE_FINANCE,2025-01-25,0.000000,0.000000,True,CONTROLLED_SYNTHETIC
H0005717,SME002881,TRADE_FINANCE,2024-06-01,0.000000,0.000000,True,CONTROLLED_SYNTHETIC
H0005718,SME002915,TRADE_FINANCE,2022-09-24,0.000000,0.000000,True,CONTROLLED_SYNTHETIC
H0005719,SME002916,TRADE_FINANCE,2024-06-02,7368301.520000,250479.420000,True,CONTROLLED_SYNTHETIC
H0005720,SME002917,TRADE_FINANCE,2023-04-23,14247442.480000,489047.660000,True,CONTROLLED_SYNTHETIC
H0005721,SME002936,TRADE_FINANCE,2023-06-16,0.000000,0.000000,True,CONTROLLED_SYNTHETIC
H0005722,SME002937,TRADE_FINANCE,2025-06-16,3787420.480000,140955.890000,True,CONTROLLED_SYNTHETIC
H0005723,SME002939,TRADE_FINANCE,2020-05-20,1427332.520000,37537.510000,True,CONTROLLED_SYNTHETIC
H0005724,SME002940,TRADE_FINANCE,2025-07-22,34980983.320000,1832761.460000,True,CONTROLLED_SYNTHETIC
H0005725,SME002947,TRADE_FINANCE,2022-10-15,0.000000,0.000000,True,CONTROLLED_SYNTHETIC
H0005726,SME002957,TRADE_FINANCE,2025-02-25,0.000000,0.000000,True,CONTROLLED_SYNTHETIC
H0005727,SME002962,TRADE_FINANCE,2021-11-22,6021169.160000,212800.780000,True,CONTROLLED_SYNTHETIC
H0005728,SME002964,TRADE_FINANCE,2025-03-29,0.000000,0.000000,True,CONTROLLED_SYNTHETIC
H0005729,SME002972,TRADE_FINANCE,2021-07-26,0.000000,0.000000,True,CONTROLLED_SYNTHETIC
H0005730,SME002977,TRADE_FINANCE,2021-08-09,0.000000,0.000000,True,CONTROLLED_SYNTHETIC
H0005731,SME002980,TRADE_FINANCE,2020-04-10,0.000000,0.000000,True,CONTROLLED_SYNTHETIC
H0005732,SME002995,TRADE_FINANCE,2024-09-16,0.000000,0.000000,True,CONTROLLED_SYNTHETIC
H0005733,SME003006,TRADE_FINANCE,2024-11-08,446416.600000,15313.700000,True,CONTROLLED_SYNTHETIC
H0005734,SME003012,TRADE_FINANCE,2021-10-29,1968038.160000,45306.410000,True,CONTROLLED_SYNTHETIC
H0005735,SME003014,TRADE_FINANCE,2026-02-19,0.000000,0.000000,True,CONTROLLED_SYNTHETIC
H0005736,SME003015,TRADE_FINANCE,2020-04-25,0.000000,0.000000,True,CONTROLLED_SYNTHETIC
H0005737,SME003018,TRADE_FINANCE,2025-06-21,1185629.240000,36581.150000,True,CONTROLLED_SYNTHETIC
H0005738,SME003026,TRADE_FINANCE,2024-11-17,3481474.200000,159414.570000,True,CONTROLLED_SYNTHETIC
H0005739,SME003031,TRADE_FINANCE,2024-10-13,2303125.480000,114590.900000,True,CONTROLLED_SYNTHETIC
H0005740,SME003042,TRADE_FINANCE,2021-10-30,0.000000,0.000000,True,CONTROLLED_SYNTHETIC
H0005741,SME003046,TRADE_FINANCE,2020-10-07,39311898.280000,1152918.290000,True,CONTROLLED_SYNTHETIC
H0005742,SME003048,TRADE_FINANCE,2026-03-30,5635773.040000,91207.930000,True,CONTROLLED_SYNTHETIC
H0005743,SME003052,TRADE_FINANCE,2022-01-15,3242965.600000,146610.090000,True,CONTROLLED_SYNTHETIC
H0005744,SME003054,TRADE_FINANCE,2022-10-09,0.000000,0.000000,True,CONTROLLED_SYNTHETIC
H0005745,SME003056,TRADE_FINANCE,2024-04-13,30929190.160000,432891.950000,True,CONTROLLED_SYNTHETIC
H0005746,SME003058,TRADE_FINANCE,2023-02-06,6829236.520000,80541.160000,True,CONTROLLED_SYNTHETIC
H0005747,SME003065,TRADE_FINANCE,2023-06-28,2108412.120000,96258.920000,True,CONTROLLED_SYNTHETIC
H0005748,SME003072,TRADE_FINANCE,2025-06-06,0.000000,0.000000,True,CONTROLLED_SYNTHETIC
H0005749,SME003080,TRADE_FINANCE,2023-01-22,5979079.920000,226172.280000,True,CONTROLLED_SYNTHETIC
H0005750,SME003083,TRADE_FINANCE,2024-11-09,1082136.720000,24592.560000,True,CONTROLLED_SYNTHETIC
H0005751,SME003092,TRADE_FINANCE,2026-02-14,0.000000,0.000000,True,CONTROLLED_SYNTHETIC
H0005752,SME003097,TRADE_FINANCE,2021-12-10,41515909.520000,975326.210000,True,CONTROLLED_SYNTHETIC
H0005753,SME003121,TRADE_FINANCE,2022-01-29,651864.480000,34402.650000,True,CONTROLLED_SYNTHETIC
H0005754,SME003122,TRADE_FINANCE,2021-10-21,1469903.080000,18430.050000,True,CONTROLLED_SYNTHETIC
H0005755,SME003124,TRADE_FINANCE,2021-10-27,0.000000,0.000000,True,CONTROLLED_SYNTHETIC
H0005756,SME003130,TRADE_FINANCE,2021-08-28,0.000000,0.000000,True,CONTROLLED_SYNTHETIC
H0005757,SME003137,TRADE_FINANCE,2021-08-16,0.000000,0.000000,True,CONTROLLED_SYNTHETIC
H0005758,SME003148,TRADE_FINANCE,2022-08-16,453397.120000,23795.700000,True,CONTROLLED_SYNTHETIC
H0005759,SME003163,TRADE_FINANCE,2020-06-17,666738.840000,32652.660000,True,CONTROLLED_SYNTHETIC
H0005760,SME003168,TRADE_FINANCE,2023-06-06,0.000000,0.000000,True,CONTROLLED_SYNTHETIC
H0005761,SME003172,TRADE_FINANCE,2021-11-16,0.000000,0.000000,True,CONTROLLED_SYNTHETIC
H0005762,SME003176,TRADE_FINANCE,2025-04-10,0.000000,0.000000,True,CONTROLLED_SYNTHETIC
H0005763,SME003180,TRADE_FINANCE,2020-05-14,30980452.200000,310382.780000,True,CONTROLLED_SYNTHETIC
H0005764,SME003183,TRADE_FINANCE,2021-04-20,45241608.560000,1840527.890000,True,CONTROLLED_SYNTHETIC
H0005765,SME003186,TRADE_FINANCE,2023-04-30,0.000000,0.000000,True,CONTROLLED_SYNTHETIC
H0005766,SME000001,TERM_DEPOSIT,2020-10-03,275543.670000,2062.580000,True,CONTROLLED_SYNTHETIC
H0005767,SME000003,TERM_DEPOSIT,2022-04-17,2839495.820000,15049.990000,True,CONTROLLED_SYNTHETIC
H0005768,SME000004,TERM_DEPOSIT,2021-05-25,1844411.770000,9062.410000,True,CONTROLLED_SYNTHETIC
H0005769,SME000007,TERM_DEPOSIT,2025-01-31,2378270.850000,81644.060000,True,CONTROLLED_SYNTHETIC
H0005770,SME000010,TERM_DEPOSIT,2025-09-28,358232.740000,3258.660000,True,CONTROLLED_SYNTHETIC
H0005771,SME000011,TERM_DEPOSIT,2021-04-27,59077.020000,2864.820000,True,CONTROLLED_SYNTHETIC
H0005772,SME000016,TERM_DEPOSIT,2025-02-20,160289.060000,3559.910000,True,CONTROLLED_SYNTHETIC
H0005773,SME000022,TERM_DEPOSIT,2024-03-17,236502.970000,3077.250000,True,CONTROLLED_SYNTHETIC
H0005774,SME000024,TERM_DEPOSIT,2020-08-21,114656.830000,577.790000,True,CONTROLLED_SYNTHETIC
H0005775,SME000027,TERM_DEPOSIT,2021-08-14,315929.730000,2546.160000,True,CONTROLLED_SYNTHETIC
H0005776,SME000028,TERM_DEPOSIT,2025-04-15,970228.500000,50836.620000,True,CONTROLLED_SYNTHETIC
H0005777,SME000036,TERM_DEPOSIT,2025-03-06,94798.970000,3194.940000,True,CONTROLLED_SYNTHETIC
H0005778,SME000038,TERM_DEPOSIT,2025-07-11,585666.250000,12982.720000,True,CONTROLLED_SYNTHETIC
H0005779,SME000039,TERM_DEPOSIT,2025-05-31,128391.840000,4948.780000,True,CONTROLLED_SYNTHETIC
H0005780,SME000042,TERM_DEPOSIT,2023-04-16,1176715.200000,20824.580000,True,CONTROLLED_SYNTHETIC
H0005781,SME000043,TERM_DEPOSIT,2020-08-12,181503.360000,6483.870000,True,CONTROLLED_SYNTHETIC
H0005782,SME000051,TERM_DEPOSIT,2021-03-19,88685.490000,2420.880000,True,CONTROLLED_SYNTHETIC
H0005783,SME000057,TERM_DEPOSIT,2020-08-13,136655.490000,2321.330000,True,CONTROLLED_SYNTHETIC
H0005784,SME000059,TERM_DEPOSIT,2023-06-17,1097369.480000,46639.330000,True,CONTROLLED_SYNTHETIC
H0005785,SME000064,TERM_DEPOSIT,2022-03-24,78854.380000,763.700000,True,CONTROLLED_SYNTHETIC
H0005786,SME000065,TERM_DEPOSIT,2022-01-04,1814976.410000,68460.410000,True,CONTROLLED_SYNTHETIC
H0005787,SME000073,TERM_DEPOSIT,2023-11-06,228757.600000,3404.580000,True,CONTROLLED_SYNTHETIC
H0005788,SME000074,TERM_DEPOSIT,2023-02-28,1855502.230000,45822.360000,True,CONTROLLED_SYNTHETIC
H0005789,SME000076,TERM_DEPOSIT,2020-04-13,959148.200000,12281.660000,True,CONTROLLED_SYNTHETIC
H0005790,SME000078,TERM_DEPOSIT,2023-06-26,1695844.240000,32902.640000,True,CONTROLLED_SYNTHETIC
H0005791,SME000080,TERM_DEPOSIT,2025-06-01,426109.630000,6047.580000,True,CONTROLLED_SYNTHETIC
H0005792,SME000081,TERM_DEPOSIT,2020-02-01,1897207.530000,8935.190000,True,CONTROLLED_SYNTHETIC
H0005793,SME000088,TERM_DEPOSIT,2020-01-25,787912.660000,11392.150000,True,CONTROLLED_SYNTHETIC
H0005794,SME000095,TERM_DEPOSIT,2021-09-12,108656.190000,4574.390000,True,CONTROLLED_SYNTHETIC
H0005795,SME000098,TERM_DEPOSIT,2024-04-03,1994887.760000,54463.280000,True,CONTROLLED_SYNTHETIC
H0005796,SME000110,TERM_DEPOSIT,2023-12-20,284680.470000,3249.300000,True,CONTROLLED_SYNTHETIC
H0005797,SME000111,TERM_DEPOSIT,2025-11-17,539496.710000,23673.100000,True,CONTROLLED_SYNTHETIC
H0005798,SME000120,TERM_DEPOSIT,2025-03-10,928689.540000,18898.310000,True,CONTROLLED_SYNTHETIC
H0005799,SME000122,TERM_DEPOSIT,2022-01-26,40196.620000,988.070000,True,CONTROLLED_SYNTHETIC
H0005800,SME000128,TERM_DEPOSIT,2021-03-07,103486.550000,5170.440000,True,CONTROLLED_SYNTHETIC
H0005801,SME000135,TERM_DEPOSIT,2021-03-27,548450.270000,24233.010000,True,CONTROLLED_SYNTHETIC
H0005802,SME000158,TERM_DEPOSIT,2021-12-30,286991.180000,6932.620000,True,CONTROLLED_SYNTHETIC
H0005803,SME000164,TERM_DEPOSIT,2020-06-27,596904.630000,29694.290000,True,CONTROLLED_SYNTHETIC
H0005804,SME000167,TERM_DEPOSIT,2020-06-02,666546.500000,15759.930000,True,CONTROLLED_SYNTHETIC
H0005805,SME000169,TERM_DEPOSIT,2023-09-10,347845.790000,17023.420000,True,CONTROLLED_SYNTHETIC
H0005806,SME000170,TERM_DEPOSIT,2022-12-20,2740403.600000,37608.120000,True,CONTROLLED_SYNTHETIC
H0005807,SME000177,TERM_DEPOSIT,2022-03-09,220984.050000,11737.630000,True,CONTROLLED_SYNTHETIC
H0005808,SME000181,TERM_DEPOSIT,2021-07-01,63580.180000,314.310000,True,CONTROLLED_SYNTHETIC
H0005809,SME000186,TERM_DEPOSIT,2020-06-02,468278.490000,18017.290000,True,CONTROLLED_SYNTHETIC
H0005810,SME000188,TERM_DEPOSIT,2024-12-27,209197.480000,8075.110000,True,CONTROLLED_SYNTHETIC
H0005811,SME000191,TERM_DEPOSIT,2021-08-31,201698.030000,10017.570000,True,CONTROLLED_SYNTHETIC
H0005812,SME000194,TERM_DEPOSIT,2022-10-13,161852.540000,4947.540000,True,CONTROLLED_SYNTHETIC
H0005813,SME000197,TERM_DEPOSIT,2025-09-18,4340804.770000,133303.860000,True,CONTROLLED_SYNTHETIC
H0005814,SME000198,TERM_DEPOSIT,2021-03-26,732752.230000,6200.640000,True,CONTROLLED_SYNTHETIC
H0005815,SME000203,TERM_DEPOSIT,2023-02-01,696270.930000,16536.950000,True,CONTROLLED_SYNTHETIC
H0005816,SME000205,TERM_DEPOSIT,2021-05-15,3987482.080000,82983.870000,True,CONTROLLED_SYNTHETIC
H0005817,SME000206,TERM_DEPOSIT,2024-05-04,3732546.320000,62141.800000,True,CONTROLLED_SYNTHETIC
H0005818,SME000209,TERM_DEPOSIT,2020-04-22,118371.990000,4887.840000,True,CONTROLLED_SYNTHETIC
H0005819,SME000215,TERM_DEPOSIT,2023-06-10,106468.070000,4166.790000,True,CONTROLLED_SYNTHETIC
H0005820,SME000216,TERM_DEPOSIT,2023-12-29,223733.690000,7468.050000,True,CONTROLLED_SYNTHETIC
H0005821,SME000217,TERM_DEPOSIT,2024-09-22,188160.780000,7032.810000,True,CONTROLLED_SYNTHETIC
H0005822,SME000225,TERM_DEPOSIT,2022-12-17,4407346.700000,169506.420000,True,CONTROLLED_SYNTHETIC
H0005823,SME000229,TERM_DEPOSIT,2022-05-02,438015.400000,14390.720000,True,CONTROLLED_SYNTHETIC
H0005824,SME000230,TERM_DEPOSIT,2025-06-26,75537.870000,2367.840000,True,CONTROLLED_SYNTHETIC
H0005825,SME000236,TERM_DEPOSIT,2020-02-20,4280015.560000,60720.950000,True,CONTROLLED_SYNTHETIC
H0005826,SME000237,TERM_DEPOSIT,2026-04-26,318888.430000,7614.650000,True,CONTROLLED_SYNTHETIC
H0005827,SME000240,TERM_DEPOSIT,2021-03-09,289875.610000,8188.580000,True,CONTROLLED_SYNTHETIC
H0005828,SME000249,TERM_DEPOSIT,2025-04-04,445630.230000,17103.500000,True,CONTROLLED_SYNTHETIC
H0005829,SME000259,TERM_DEPOSIT,2025-09-30,399459.230000,12800.740000,True,CONTROLLED_SYNTHETIC
H0005830,SME000260,TERM_DEPOSIT,2021-06-16,110509.640000,4739.620000,True,CONTROLLED_SYNTHETIC
H0005831,SME000262,TERM_DEPOSIT,2022-04-18,81501.890000,1078.920000,True,CONTROLLED_SYNTHETIC
H0005832,SME000266,TERM_DEPOSIT,2022-03-28,1002896.830000,52646.780000,True,CONTROLLED_SYNTHETIC
H0005833,SME000274,TERM_DEPOSIT,2025-11-01,1571730.430000,10957.190000,True,CONTROLLED_SYNTHETIC
H0005834,SME000282,TERM_DEPOSIT,2020-12-25,254170.340000,9801.310000,True,CONTROLLED_SYNTHETIC
H0005835,SME000302,TERM_DEPOSIT,2020-12-13,407177.310000,13938.140000,True,CONTROLLED_SYNTHETIC
H0005836,SME000307,TERM_DEPOSIT,2023-02-19,709678.180000,34229.490000,True,CONTROLLED_SYNTHETIC
H0005837,SME000312,TERM_DEPOSIT,2022-05-16,1442606.490000,25939.000000,True,CONTROLLED_SYNTHETIC
H0005838,SME000324,TERM_DEPOSIT,2022-01-23,377802.980000,8207.650000,True,CONTROLLED_SYNTHETIC
H0005839,SME000326,TERM_DEPOSIT,2021-08-13,643297.600000,33887.010000,True,CONTROLLED_SYNTHETIC
H0005840,SME000334,TERM_DEPOSIT,2020-12-31,2361606.570000,104486.220000,True,CONTROLLED_SYNTHETIC
H0005841,SME000336,TERM_DEPOSIT,2023-01-24,125169.900000,1990.340000,True,CONTROLLED_SYNTHETIC
H0005842,SME000337,TERM_DEPOSIT,2024-01-26,709283.840000,29453.350000,True,CONTROLLED_SYNTHETIC
H0005843,SME000340,TERM_DEPOSIT,2025-11-29,94331.120000,4849.070000,True,CONTROLLED_SYNTHETIC
H0005844,SME000347,TERM_DEPOSIT,2022-01-01,34340.750000,1495.170000,True,CONTROLLED_SYNTHETIC
H0005845,SME000355,TERM_DEPOSIT,2020-02-21,391099.150000,11759.310000,True,CONTROLLED_SYNTHETIC
H0005846,SME000368,TERM_DEPOSIT,2020-03-28,524282.250000,5201.290000,True,CONTROLLED_SYNTHETIC
H0005847,SME000370,TERM_DEPOSIT,2020-02-26,633685.390000,12878.180000,True,CONTROLLED_SYNTHETIC
H0005848,SME000380,TERM_DEPOSIT,2025-02-07,79511.420000,2496.680000,True,CONTROLLED_SYNTHETIC
H0005849,SME000393,TERM_DEPOSIT,2025-02-04,82269.230000,4198.310000,True,CONTROLLED_SYNTHETIC
H0005850,SME000403,TERM_DEPOSIT,2023-09-09,780452.690000,36592.530000,True,CONTROLLED_SYNTHETIC
H0005851,SME000404,TERM_DEPOSIT,2023-03-11,292762.300000,4451.430000,True,CONTROLLED_SYNTHETIC
H0005852,SME000413,TERM_DEPOSIT,2023-04-06,222612.690000,3439.550000,True,CONTROLLED_SYNTHETIC
H0005853,SME000414,TERM_DEPOSIT,2025-12-29,179612.200000,9675.750000,True,CONTROLLED_SYNTHETIC
H0005854,SME000416,TERM_DEPOSIT,2024-09-25,1172758.750000,22807.100000,True,CONTROLLED_SYNTHETIC
H0005855,SME000417,TERM_DEPOSIT,2023-01-16,196784.750000,6306.620000,True,CONTROLLED_SYNTHETIC
H0005856,SME000420,TERM_DEPOSIT,2020-07-09,512102.530000,7260.540000,True,CONTROLLED_SYNTHETIC
H0005857,SME000422,TERM_DEPOSIT,2022-04-12,198402.740000,7959.560000,True,CONTROLLED_SYNTHETIC
H0005858,SME000425,TERM_DEPOSIT,2021-03-04,146586.470000,1573.290000,True,CONTROLLED_SYNTHETIC
H0005859,SME000427,TERM_DEPOSIT,2020-08-03,168079.990000,8003.090000,True,CONTROLLED_SYNTHETIC
H0005860,SME000433,TERM_DEPOSIT,2024-10-01,625351.700000,26242.850000,True,CONTROLLED_SYNTHETIC
H0005861,SME000437,TERM_DEPOSIT,2022-06-28,1581320.490000,29673.240000,True,CONTROLLED_SYNTHETIC
H0005862,SME000438,TERM_DEPOSIT,2020-02-16,256465.750000,7844.300000,True,CONTROLLED_SYNTHETIC
H0005863,SME000439,TERM_DEPOSIT,2023-10-31,127185.690000,3525.480000,True,CONTROLLED_SYNTHETIC
H0005864,SME000440,TERM_DEPOSIT,2023-06-19,676139.640000,17362.280000,True,CONTROLLED_SYNTHETIC
H0005865,SME000455,TERM_DEPOSIT,2023-06-16,1406142.960000,45440.690000,True,CONTROLLED_SYNTHETIC
H0005866,SME000456,TERM_DEPOSIT,2024-11-29,146074.080000,783.390000,True,CONTROLLED_SYNTHETIC
H0005867,SME000457,TERM_DEPOSIT,2020-10-23,51097.200000,1526.440000,True,CONTROLLED_SYNTHETIC
H0005868,SME000463,TERM_DEPOSIT,2020-03-08,1325384.520000,54686.110000,True,CONTROLLED_SYNTHETIC
H0005869,SME000465,TERM_DEPOSIT,2023-11-04,306713.330000,16741.730000,True,CONTROLLED_SYNTHETIC
H0005870,SME000466,TERM_DEPOSIT,2020-03-24,989471.710000,54305.250000,True,CONTROLLED_SYNTHETIC
H0005871,SME000469,TERM_DEPOSIT,2021-02-25,294047.110000,12394.780000,True,CONTROLLED_SYNTHETIC
H0005872,SME000479,TERM_DEPOSIT,2023-04-07,1964516.770000,58194.870000,True,CONTROLLED_SYNTHETIC
H0005873,SME000480,TERM_DEPOSIT,2025-10-11,223226.030000,12246.320000,True,CONTROLLED_SYNTHETIC
H0005874,SME000485,TERM_DEPOSIT,2022-09-16,235606.150000,2272.080000,True,CONTROLLED_SYNTHETIC
H0005875,SME000490,TERM_DEPOSIT,2022-10-16,1297785.980000,54150.880000,True,CONTROLLED_SYNTHETIC
H0005876,SME000492,TERM_DEPOSIT,2025-07-12,26720.080000,1208.820000,True,CONTROLLED_SYNTHETIC
H0005877,SME000493,TERM_DEPOSIT,2023-09-02,145902.250000,1880.360000,True,CONTROLLED_SYNTHETIC
H0005878,SME000494,TERM_DEPOSIT,2023-01-11,830401.110000,37752.220000,True,CONTROLLED_SYNTHETIC
H0005879,SME000495,TERM_DEPOSIT,2022-07-14,694799.680000,37685.120000,True,CONTROLLED_SYNTHETIC
H0005880,SME000503,TERM_DEPOSIT,2022-12-04,707029.790000,3077.630000,True,CONTROLLED_SYNTHETIC
H0005881,SME000506,TERM_DEPOSIT,2023-09-04,650247.460000,34598.130000,True,CONTROLLED_SYNTHETIC
H0005882,SME000507,TERM_DEPOSIT,2023-01-29,938163.660000,40786.360000,True,CONTROLLED_SYNTHETIC
H0005883,SME000509,TERM_DEPOSIT,2023-03-11,135091.960000,5698.750000,True,CONTROLLED_SYNTHETIC
H0005884,SME000518,TERM_DEPOSIT,2022-02-27,376236.420000,2666.110000,True,CONTROLLED_SYNTHETIC
H0005885,SME000522,TERM_DEPOSIT,2025-12-27,216780.230000,7307.990000,True,CONTROLLED_SYNTHETIC
H0005886,SME000527,TERM_DEPOSIT,2021-12-07,713286.060000,4521.970000,True,CONTROLLED_SYNTHETIC
H0005887,SME000528,TERM_DEPOSIT,2022-09-03,131070.790000,2191.640000,True,CONTROLLED_SYNTHETIC
H0005888,SME000529,TERM_DEPOSIT,2021-11-01,111703.160000,1563.260000,True,CONTROLLED_SYNTHETIC
H0005889,SME000532,TERM_DEPOSIT,2026-04-30,495235.730000,5947.420000,True,CONTROLLED_SYNTHETIC
H0005890,SME000537,TERM_DEPOSIT,2024-01-23,307132.650000,10271.240000,True,CONTROLLED_SYNTHETIC
H0005891,SME000541,TERM_DEPOSIT,2022-02-12,864331.960000,42692.630000,True,CONTROLLED_SYNTHETIC
H0005892,SME000544,TERM_DEPOSIT,2023-10-04,353630.710000,12748.300000,True,CONTROLLED_SYNTHETIC
H0005893,SME000547,TERM_DEPOSIT,2022-12-19,88236.270000,2273.610000,True,CONTROLLED_SYNTHETIC
H0005894,SME000560,TERM_DEPOSIT,2020-11-06,700801.540000,37768.870000,True,CONTROLLED_SYNTHETIC
H0005895,SME000566,TERM_DEPOSIT,2025-07-18,129762.280000,1594.690000,True,CONTROLLED_SYNTHETIC
H0005896,SME000567,TERM_DEPOSIT,2020-12-12,327616.540000,12208.850000,True,CONTROLLED_SYNTHETIC
H0005897,SME000570,TERM_DEPOSIT,2021-12-20,4426996.570000,28145.170000,True,CONTROLLED_SYNTHETIC
H0005898,SME000575,TERM_DEPOSIT,2024-08-09,2584809.900000,117429.350000,True,CONTROLLED_SYNTHETIC
H0005899,SME000577,TERM_DEPOSIT,2024-12-24,1496292.160000,35823.020000,True,CONTROLLED_SYNTHETIC
H0005900,SME000582,TERM_DEPOSIT,2020-08-01,104681.670000,3892.250000,True,CONTROLLED_SYNTHETIC
H0005901,SME000586,TERM_DEPOSIT,2022-09-15,313781.190000,8552.180000,True,CONTROLLED_SYNTHETIC
H0005902,SME000590,TERM_DEPOSIT,2023-11-16,157686.460000,7217.870000,True,CONTROLLED_SYNTHETIC
H0005903,SME000595,TERM_DEPOSIT,2020-03-02,341043.290000,11568.710000,True,CONTROLLED_SYNTHETIC
H0005904,SME000597,TERM_DEPOSIT,2025-12-07,494013.650000,26295.240000,True,CONTROLLED_SYNTHETIC
H0005905,SME000598,TERM_DEPOSIT,2025-09-15,164326.350000,7808.690000,True,CONTROLLED_SYNTHETIC
H0005906,SME000602,TERM_DEPOSIT,2022-12-28,355771.490000,4176.470000,True,CONTROLLED_SYNTHETIC
H0005907,SME000611,TERM_DEPOSIT,2025-10-30,979445.230000,44636.390000,True,CONTROLLED_SYNTHETIC
H0005908,SME000614,TERM_DEPOSIT,2024-02-13,58206.120000,1895.980000,True,CONTROLLED_SYNTHETIC
H0005909,SME000615,TERM_DEPOSIT,2025-02-13,84244.300000,3331.750000,True,CONTROLLED_SYNTHETIC
H0005910,SME000617,TERM_DEPOSIT,2026-05-16,348052.940000,17769.650000,True,CONTROLLED_SYNTHETIC
H0005911,SME000618,TERM_DEPOSIT,2024-09-05,123397.970000,2818.250000,True,CONTROLLED_SYNTHETIC
H0005912,SME000621,TERM_DEPOSIT,2026-04-08,210659.370000,9032.030000,True,CONTROLLED_SYNTHETIC
H0005913,SME000626,TERM_DEPOSIT,2025-09-11,289129.940000,4903.820000,True,CONTROLLED_SYNTHETIC
H0005914,SME000627,TERM_DEPOSIT,2026-01-22,1948776.370000,62219.630000,True,CONTROLLED_SYNTHETIC
H0005915,SME000629,TERM_DEPOSIT,2025-04-11,3705310.660000,37641.100000,True,CONTROLLED_SYNTHETIC
H0005916,SME000632,TERM_DEPOSIT,2026-04-12,52473.620000,2341.570000,True,CONTROLLED_SYNTHETIC
H0005917,SME000640,TERM_DEPOSIT,2024-10-07,298909.660000,6908.850000,True,CONTROLLED_SYNTHETIC
H0005918,SME000649,TERM_DEPOSIT,2024-09-03,196004.330000,3589.400000,True,CONTROLLED_SYNTHETIC
H0005919,SME000653,TERM_DEPOSIT,2020-07-25,2431543.490000,106190.350000,True,CONTROLLED_SYNTHETIC
H0005920,SME000657,TERM_DEPOSIT,2025-11-30,78664.280000,3598.650000,True,CONTROLLED_SYNTHETIC
H0005921,SME000663,TERM_DEPOSIT,2025-11-06,448597.540000,21704.140000,True,CONTROLLED_SYNTHETIC
H0005922,SME000664,TERM_DEPOSIT,2022-07-23,541540.340000,2269.800000,True,CONTROLLED_SYNTHETIC
H0005923,SME000680,TERM_DEPOSIT,2022-04-11,192587.420000,8607.930000,True,CONTROLLED_SYNTHETIC
H0005924,SME000684,TERM_DEPOSIT,2025-02-07,794139.220000,41308.520000,True,CONTROLLED_SYNTHETIC
H0005925,SME000685,TERM_DEPOSIT,2023-08-03,920645.310000,12468.690000,True,CONTROLLED_SYNTHETIC
H0005926,SME000686,TERM_DEPOSIT,2023-08-09,403884.380000,14154.520000,True,CONTROLLED_SYNTHETIC
H0005927,SME000690,TERM_DEPOSIT,2022-03-16,776948.090000,14459.530000,True,CONTROLLED_SYNTHETIC
H0005928,SME000693,TERM_DEPOSIT,2022-12-09,308989.030000,14454.590000,True,CONTROLLED_SYNTHETIC
H0005929,SME000697,TERM_DEPOSIT,2023-09-03,220430.800000,5322.490000,True,CONTROLLED_SYNTHETIC
H0005930,SME000715,TERM_DEPOSIT,2025-10-11,407829.160000,14543.750000,True,CONTROLLED_SYNTHETIC
H0005931,SME000721,TERM_DEPOSIT,2024-01-04,2315487.610000,28164.210000,True,CONTROLLED_SYNTHETIC
H0005932,SME000724,TERM_DEPOSIT,2022-03-28,216895.490000,1383.900000,True,CONTROLLED_SYNTHETIC
H0005933,SME000725,TERM_DEPOSIT,2021-09-24,418790.650000,2726.920000,True,CONTROLLED_SYNTHETIC
H0005934,SME000730,TERM_DEPOSIT,2025-06-30,473214.080000,7484.260000,True,CONTROLLED_SYNTHETIC
H0005935,SME000731,TERM_DEPOSIT,2022-03-18,892813.820000,4846.950000,True,CONTROLLED_SYNTHETIC
H0005936,SME000732,TERM_DEPOSIT,2021-04-30,354443.560000,9917.620000,True,CONTROLLED_SYNTHETIC
H0005937,SME000733,TERM_DEPOSIT,2021-12-27,2360397.830000,60114.590000,True,CONTROLLED_SYNTHETIC
H0005938,SME000740,TERM_DEPOSIT,2023-01-11,2228344.190000,81269.500000,True,CONTROLLED_SYNTHETIC
H0005939,SME000743,TERM_DEPOSIT,2021-03-03,302781.970000,11580.640000,True,CONTROLLED_SYNTHETIC
H0005940,SME000752,TERM_DEPOSIT,2020-08-10,1233077.190000,54832.750000,True,CONTROLLED_SYNTHETIC
H0005941,SME000755,TERM_DEPOSIT,2023-11-27,1039781.580000,26547.300000,True,CONTROLLED_SYNTHETIC
H0005942,SME000758,TERM_DEPOSIT,2021-12-20,46889.440000,1417.550000,True,CONTROLLED_SYNTHETIC
H0005943,SME000765,TERM_DEPOSIT,2020-05-17,356724.820000,19375.340000,True,CONTROLLED_SYNTHETIC
H0005944,SME000770,TERM_DEPOSIT,2023-04-07,276900.950000,9781.610000,True,CONTROLLED_SYNTHETIC
H0005945,SME000777,TERM_DEPOSIT,2024-03-12,482377.140000,7874.020000,True,CONTROLLED_SYNTHETIC
H0005946,SME000782,TERM_DEPOSIT,2023-04-02,94456.700000,3730.270000,True,CONTROLLED_SYNTHETIC
H0005947,SME000784,TERM_DEPOSIT,2026-05-02,155045.410000,2728.390000,True,CONTROLLED_SYNTHETIC
H0005948,SME000785,TERM_DEPOSIT,2020-07-26,315372.840000,12767.270000,True,CONTROLLED_SYNTHETIC
H0005949,SME000790,TERM_DEPOSIT,2020-06-06,1217368.210000,63803.970000,True,CONTROLLED_SYNTHETIC
H0005950,SME000797,TERM_DEPOSIT,2025-07-10,214379.300000,2968.680000,True,CONTROLLED_SYNTHETIC
H0005951,SME000800,TERM_DEPOSIT,2020-04-04,1591007.090000,85105.950000,True,CONTROLLED_SYNTHETIC
H0005952,SME000803,TERM_DEPOSIT,2020-03-27,323155.900000,12443.660000,True,CONTROLLED_SYNTHETIC
H0005953,SME000806,TERM_DEPOSIT,2024-08-30,92216.780000,4740.110000,True,CONTROLLED_SYNTHETIC
H0005954,SME000807,TERM_DEPOSIT,2022-05-31,4256414.870000,21362.470000,True,CONTROLLED_SYNTHETIC
H0005955,SME000822,TERM_DEPOSIT,2021-11-26,1461411.130000,11194.070000,True,CONTROLLED_SYNTHETIC
H0005956,SME000825,TERM_DEPOSIT,2024-11-16,461394.660000,8100.480000,True,CONTROLLED_SYNTHETIC
H0005957,SME000836,TERM_DEPOSIT,2021-11-30,946727.470000,46119.800000,True,CONTROLLED_SYNTHETIC
H0005958,SME000838,TERM_DEPOSIT,2025-08-26,135360.930000,563.250000,True,CONTROLLED_SYNTHETIC
H0005959,SME000845,TERM_DEPOSIT,2024-10-12,166539.140000,5089.530000,True,CONTROLLED_SYNTHETIC
H0005960,SME000858,TERM_DEPOSIT,2022-06-09,856420.780000,46526.260000,True,CONTROLLED_SYNTHETIC
H0005961,SME000862,TERM_DEPOSIT,2023-09-29,658486.630000,21184.470000,True,CONTROLLED_SYNTHETIC
H0005962,SME000868,TERM_DEPOSIT,2020-09-21,271202.570000,5947.830000,True,CONTROLLED_SYNTHETIC
H0005963,SME000874,TERM_DEPOSIT,2024-01-16,58387.340000,2715.550000,True,CONTROLLED_SYNTHETIC
H0005964,SME000876,TERM_DEPOSIT,2023-03-15,316535.230000,9347.940000,True,CONTROLLED_SYNTHETIC
H0005965,SME000880,TERM_DEPOSIT,2020-09-28,2704330.060000,51946.560000,True,CONTROLLED_SYNTHETIC
H0005966,SME000882,TERM_DEPOSIT,2020-11-10,913543.900000,24991.930000,True,CONTROLLED_SYNTHETIC
H0005967,SME000890,TERM_DEPOSIT,2022-09-09,104128.810000,4012.840000,True,CONTROLLED_SYNTHETIC
H0005968,SME000896,TERM_DEPOSIT,2022-09-08,835969.360000,28324.530000,True,CONTROLLED_SYNTHETIC
H0005969,SME000897,TERM_DEPOSIT,2021-08-03,526365.100000,6171.800000,True,CONTROLLED_SYNTHETIC
H0005970,SME000899,TERM_DEPOSIT,2021-08-29,138128.600000,1859.400000,True,CONTROLLED_SYNTHETIC
H0005971,SME000900,TERM_DEPOSIT,2020-09-16,660184.550000,14705.800000,True,CONTROLLED_SYNTHETIC
H0005972,SME000902,TERM_DEPOSIT,2021-05-16,134222.300000,6880.290000,True,CONTROLLED_SYNTHETIC
H0005973,SME000906,TERM_DEPOSIT,2021-11-21,237226.310000,9457.310000,True,CONTROLLED_SYNTHETIC
H0005974,SME000907,TERM_DEPOSIT,2024-08-12,121491.850000,2183.050000,True,CONTROLLED_SYNTHETIC
H0005975,SME000910,TERM_DEPOSIT,2020-08-30,931561.490000,31440.680000,True,CONTROLLED_SYNTHETIC
H0005976,SME000911,TERM_DEPOSIT,2024-09-14,481541.410000,24410.900000,True,CONTROLLED_SYNTHETIC
H0005977,SME000916,TERM_DEPOSIT,2025-03-11,99592.870000,3170.450000,True,CONTROLLED_SYNTHETIC
H0005978,SME000917,TERM_DEPOSIT,2022-04-13,190834.100000,8831.210000,True,CONTROLLED_SYNTHETIC
H0005979,SME000921,TERM_DEPOSIT,2021-08-02,227670.100000,7709.820000,True,CONTROLLED_SYNTHETIC
H0005980,SME000925,TERM_DEPOSIT,2020-04-09,3374321.180000,27736.850000,True,CONTROLLED_SYNTHETIC
H0005981,SME000927,TERM_DEPOSIT,2021-03-25,910892.180000,7713.240000,True,CONTROLLED_SYNTHETIC
H0005982,SME000928,TERM_DEPOSIT,2022-01-28,198542.160000,5305.320000,True,CONTROLLED_SYNTHETIC
H0005983,SME000934,TERM_DEPOSIT,2026-01-04,456036.920000,16798.550000,True,CONTROLLED_SYNTHETIC
H0005984,SME000938,TERM_DEPOSIT,2025-01-01,52836.450000,2792.920000,True,CONTROLLED_SYNTHETIC
H0005985,SME000940,TERM_DEPOSIT,2024-07-13,154292.150000,6621.190000,True,CONTROLLED_SYNTHETIC
H0005986,SME000944,TERM_DEPOSIT,2024-05-11,382654.940000,17137.080000,True,CONTROLLED_SYNTHETIC
H0005987,SME000945,TERM_DEPOSIT,2023-04-20,282676.510000,5432.260000,True,CONTROLLED_SYNTHETIC
H0005988,SME000949,TERM_DEPOSIT,2023-05-02,951277.100000,22974.990000,True,CONTROLLED_SYNTHETIC
H0005989,SME000950,TERM_DEPOSIT,2021-07-05,203811.180000,6682.600000,True,CONTROLLED_SYNTHETIC
H0005990,SME000953,TERM_DEPOSIT,2021-10-24,182877.620000,6757.540000,True,CONTROLLED_SYNTHETIC
H0005991,SME000958,TERM_DEPOSIT,2020-07-30,88777.490000,1552.030000,True,CONTROLLED_SYNTHETIC
H0005992,SME000960,TERM_DEPOSIT,2021-06-02,554229.120000,5018.460000,True,CONTROLLED_SYNTHETIC
H0005993,SME000961,TERM_DEPOSIT,2025-01-09,1401360.870000,52009.390000,True,CONTROLLED_SYNTHETIC
H0005994,SME000965,TERM_DEPOSIT,2025-01-27,144920.580000,4364.870000,True,CONTROLLED_SYNTHETIC
H0005995,SME000970,TERM_DEPOSIT,2021-10-24,86428.320000,913.330000,True,CONTROLLED_SYNTHETIC
H0005996,SME000973,TERM_DEPOSIT,2024-07-29,136453.110000,4808.490000,True,CONTROLLED_SYNTHETIC
H0005997,SME000974,TERM_DEPOSIT,2020-08-21,226404.530000,12256.090000,True,CONTROLLED_SYNTHETIC
H0005998,SME000975,TERM_DEPOSIT,2025-02-06,232711.140000,10149.910000,True,CONTROLLED_SYNTHETIC
H0005999,SME000976,TERM_DEPOSIT,2025-10-14,664307.550000,30899.400000,True,CONTROLLED_SYNTHETIC
H0006000,SME000978,TERM_DEPOSIT,2022-01-10,733712.680000,14271.100000,True,CONTROLLED_SYNTHETIC
H0006001,SME000983,TERM_DEPOSIT,2022-09-09,4157717.020000,131387.670000,True,CONTROLLED_SYNTHETIC
H0006002,SME000984,TERM_DEPOSIT,2023-03-05,146704.560000,693.840000,True,CONTROLLED_SYNTHETIC
H0006003,SME000985,TERM_DEPOSIT,2026-02-05,5940068.670000,177437.420000,True,CONTROLLED_SYNTHETIC
H0006004,SME000988,TERM_DEPOSIT,2023-10-15,515796.600000,6317.170000,True,CONTROLLED_SYNTHETIC
H0006005,SME000993,TERM_DEPOSIT,2025-05-11,131443.860000,1502.020000,True,CONTROLLED_SYNTHETIC
H0006006,SME000994,TERM_DEPOSIT,2025-08-01,828676.730000,14851.120000,True,CONTROLLED_SYNTHETIC
H0006007,SME000996,TERM_DEPOSIT,2022-11-24,1681479.370000,26178.450000,True,CONTROLLED_SYNTHETIC
H0006008,SME001005,TERM_DEPOSIT,2020-02-28,302535.990000,8622.620000,True,CONTROLLED_SYNTHETIC
H0006009,SME001008,TERM_DEPOSIT,2024-05-27,820433.240000,16527.590000,True,CONTROLLED_SYNTHETIC
H0006010,SME001011,TERM_DEPOSIT,2023-10-20,180157.760000,5912.460000,True,CONTROLLED_SYNTHETIC
H0006011,SME001015,TERM_DEPOSIT,2022-06-26,220942.690000,2275.960000,True,CONTROLLED_SYNTHETIC
H0006012,SME001017,TERM_DEPOSIT,2023-07-15,2345679.070000,12196.480000,True,CONTROLLED_SYNTHETIC
H0006013,SME001026,TERM_DEPOSIT,2024-02-01,364672.070000,11226.240000,True,CONTROLLED_SYNTHETIC
H0006014,SME001028,TERM_DEPOSIT,2025-11-28,1077030.930000,31447.630000,True,CONTROLLED_SYNTHETIC
H0006015,SME001029,TERM_DEPOSIT,2025-10-01,162069.480000,7441.750000,True,CONTROLLED_SYNTHETIC
H0006016,SME001035,TERM_DEPOSIT,2023-10-02,579209.090000,18795.260000,True,CONTROLLED_SYNTHETIC
H0006017,SME001037,TERM_DEPOSIT,2022-05-16,105586.080000,815.300000,True,CONTROLLED_SYNTHETIC
H0006018,SME001053,TERM_DEPOSIT,2021-07-24,131481.440000,7014.210000,True,CONTROLLED_SYNTHETIC
H0006019,SME001055,TERM_DEPOSIT,2023-04-23,367879.660000,9565.330000,True,CONTROLLED_SYNTHETIC
H0006020,SME001057,TERM_DEPOSIT,2021-11-16,1994477.090000,23101.980000,True,CONTROLLED_SYNTHETIC
H0006021,SME001058,TERM_DEPOSIT,2024-08-11,107575.410000,3741.070000,True,CONTROLLED_SYNTHETIC
H0006022,SME001061,TERM_DEPOSIT,2025-09-28,486249.680000,13057.210000,True,CONTROLLED_SYNTHETIC
H0006023,SME001067,TERM_DEPOSIT,2022-01-18,95845.270000,4122.260000,True,CONTROLLED_SYNTHETIC
H0006024,SME001076,TERM_DEPOSIT,2024-09-05,107426.610000,4824.800000,True,CONTROLLED_SYNTHETIC
H0006025,SME001088,TERM_DEPOSIT,2022-05-15,358415.610000,7146.180000,True,CONTROLLED_SYNTHETIC
H0006026,SME001096,TERM_DEPOSIT,2020-02-22,442793.220000,18373.030000,True,CONTROLLED_SYNTHETIC
H0006027,SME001097,TERM_DEPOSIT,2022-08-09,276404.890000,6115.540000,True,CONTROLLED_SYNTHETIC
H0006028,SME001102,TERM_DEPOSIT,2021-01-30,4265734.580000,74804.750000,True,CONTROLLED_SYNTHETIC
H0006029,SME001105,TERM_DEPOSIT,2021-09-17,674846.300000,29526.260000,True,CONTROLLED_SYNTHETIC
H0006030,SME001106,TERM_DEPOSIT,2022-10-18,117659.610000,3887.280000,True,CONTROLLED_SYNTHETIC
H0006031,SME001107,TERM_DEPOSIT,2025-07-27,169720.980000,8399.740000,True,CONTROLLED_SYNTHETIC
H0006032,SME001111,TERM_DEPOSIT,2021-01-06,181839.120000,3183.410000,True,CONTROLLED_SYNTHETIC
H0006033,SME001113,TERM_DEPOSIT,2023-11-17,147117.810000,4487.510000,True,CONTROLLED_SYNTHETIC
H0006034,SME001114,TERM_DEPOSIT,2021-04-22,187934.050000,3090.380000,True,CONTROLLED_SYNTHETIC
H0006035,SME001118,TERM_DEPOSIT,2024-10-04,1217618.620000,19176.820000,True,CONTROLLED_SYNTHETIC
H0006036,SME001125,TERM_DEPOSIT,2022-09-06,1040359.670000,28969.900000,True,CONTROLLED_SYNTHETIC
H0006037,SME001128,TERM_DEPOSIT,2023-01-29,1986986.110000,48201.910000,True,CONTROLLED_SYNTHETIC
H0006038,SME001130,TERM_DEPOSIT,2023-07-18,2032814.850000,61997.350000,True,CONTROLLED_SYNTHETIC
H0006039,SME001131,TERM_DEPOSIT,2020-08-15,803925.300000,32460.540000,True,CONTROLLED_SYNTHETIC
H0006040,SME001134,TERM_DEPOSIT,2024-09-17,208443.410000,10503.670000,True,CONTROLLED_SYNTHETIC
H0006041,SME001137,TERM_DEPOSIT,2023-01-10,1299844.850000,66914.860000,True,CONTROLLED_SYNTHETIC
H0006042,SME001145,TERM_DEPOSIT,2023-04-10,332259.960000,7196.630000,True,CONTROLLED_SYNTHETIC
H0006043,SME001147,TERM_DEPOSIT,2022-10-21,689354.150000,9263.950000,True,CONTROLLED_SYNTHETIC
H0006044,SME001157,TERM_DEPOSIT,2020-05-13,635397.850000,26876.910000,True,CONTROLLED_SYNTHETIC
H0006045,SME001159,TERM_DEPOSIT,2026-04-29,1294623.320000,32928.730000,True,CONTROLLED_SYNTHETIC
H0006046,SME001163,TERM_DEPOSIT,2026-04-24,170118.580000,5629.260000,True,CONTROLLED_SYNTHETIC
H0006047,SME001165,TERM_DEPOSIT,2024-07-08,351042.300000,4758.990000,True,CONTROLLED_SYNTHETIC
H0006048,SME001167,TERM_DEPOSIT,2020-11-21,400199.410000,12921.190000,True,CONTROLLED_SYNTHETIC
H0006049,SME001170,TERM_DEPOSIT,2025-05-25,1397243.890000,33003.950000,True,CONTROLLED_SYNTHETIC
H0006050,SME001171,TERM_DEPOSIT,2023-02-05,385742.370000,11132.860000,True,CONTROLLED_SYNTHETIC
H0006051,SME001172,TERM_DEPOSIT,2026-02-01,367906.530000,7773.360000,True,CONTROLLED_SYNTHETIC
H0006052,SME001176,TERM_DEPOSIT,2020-09-25,166687.110000,1419.920000,True,CONTROLLED_SYNTHETIC
H0006053,SME001177,TERM_DEPOSIT,2023-02-19,302496.730000,4703.220000,True,CONTROLLED_SYNTHETIC
H0006054,SME001178,TERM_DEPOSIT,2025-12-01,245506.590000,11459.500000,True,CONTROLLED_SYNTHETIC
H0006055,SME001182,TERM_DEPOSIT,2020-12-07,375590.070000,3228.570000,True,CONTROLLED_SYNTHETIC
H0006056,SME001183,TERM_DEPOSIT,2023-01-08,719131.510000,4136.830000,True,CONTROLLED_SYNTHETIC
H0006057,SME001186,TERM_DEPOSIT,2021-08-22,1437465.230000,45967.580000,True,CONTROLLED_SYNTHETIC
H0006058,SME001188,TERM_DEPOSIT,2023-07-23,4026847.820000,214586.840000,True,CONTROLLED_SYNTHETIC
H0006059,SME001191,TERM_DEPOSIT,2020-09-13,405945.750000,19419.860000,True,CONTROLLED_SYNTHETIC
H0006060,SME001195,TERM_DEPOSIT,2025-02-13,1707358.520000,68143.550000,True,CONTROLLED_SYNTHETIC
H0006061,SME001197,TERM_DEPOSIT,2023-09-07,140317.880000,4996.190000,True,CONTROLLED_SYNTHETIC
H0006062,SME001200,TERM_DEPOSIT,2025-11-10,270935.540000,10447.510000,True,CONTROLLED_SYNTHETIC
H0006063,SME001206,TERM_DEPOSIT,2021-08-02,505417.540000,17297.310000,True,CONTROLLED_SYNTHETIC
H0006064,SME001209,TERM_DEPOSIT,2021-09-17,1159834.620000,31961.860000,True,CONTROLLED_SYNTHETIC
H0006065,SME001210,TERM_DEPOSIT,2025-04-12,479211.870000,5655.980000,True,CONTROLLED_SYNTHETIC
H0006066,SME001216,TERM_DEPOSIT,2026-01-22,640863.040000,7217.300000,True,CONTROLLED_SYNTHETIC
H0006067,SME001217,TERM_DEPOSIT,2021-06-02,366930.850000,11536.790000,True,CONTROLLED_SYNTHETIC
H0006068,SME001218,TERM_DEPOSIT,2021-12-25,69963.260000,1377.280000,True,CONTROLLED_SYNTHETIC
H0006069,SME001223,TERM_DEPOSIT,2025-03-02,504892.230000,3037.010000,True,CONTROLLED_SYNTHETIC
H0006070,SME001224,TERM_DEPOSIT,2022-09-12,613335.620000,3617.380000,True,CONTROLLED_SYNTHETIC
H0006071,SME001228,TERM_DEPOSIT,2025-07-04,109900.550000,1082.340000,True,CONTROLLED_SYNTHETIC
H0006072,SME001234,TERM_DEPOSIT,2025-08-03,1761838.430000,70848.070000,True,CONTROLLED_SYNTHETIC
H0006073,SME001237,TERM_DEPOSIT,2024-04-12,1606630.910000,20222.070000,True,CONTROLLED_SYNTHETIC
H0006074,SME001240,TERM_DEPOSIT,2025-10-07,1547170.790000,24652.590000,True,CONTROLLED_SYNTHETIC
H0006075,SME001243,TERM_DEPOSIT,2026-03-12,1106366.310000,33285.530000,True,CONTROLLED_SYNTHETIC
H0006076,SME001246,TERM_DEPOSIT,2020-11-06,72322.630000,1917.310000,True,CONTROLLED_SYNTHETIC
H0006077,SME001248,TERM_DEPOSIT,2022-12-16,212010.540000,8608.650000,True,CONTROLLED_SYNTHETIC
H0006078,SME001250,TERM_DEPOSIT,2021-05-30,351586.480000,3708.920000,True,CONTROLLED_SYNTHETIC
H0006079,SME001257,TERM_DEPOSIT,2026-03-16,3062849.910000,57279.220000,True,CONTROLLED_SYNTHETIC
H0006080,SME001265,TERM_DEPOSIT,2025-05-21,144181.130000,4817.480000,True,CONTROLLED_SYNTHETIC
H0006081,SME001267,TERM_DEPOSIT,2025-09-01,452930.720000,21935.120000,True,CONTROLLED_SYNTHETIC
H0006082,SME001274,TERM_DEPOSIT,2024-09-17,543228.370000,15527.340000,True,CONTROLLED_SYNTHETIC
H0006083,SME001289,TERM_DEPOSIT,2021-08-31,1405052.380000,24227.720000,True,CONTROLLED_SYNTHETIC
H0006084,SME001291,TERM_DEPOSIT,2023-11-13,981551.590000,43239.560000,True,CONTROLLED_SYNTHETIC
H0006085,SME001298,TERM_DEPOSIT,2026-03-03,146384.410000,3047.410000,True,CONTROLLED_SYNTHETIC
H0006086,SME001312,TERM_DEPOSIT,2021-05-22,701260.600000,28617.690000,True,CONTROLLED_SYNTHETIC
H0006087,SME001324,TERM_DEPOSIT,2020-02-23,123166.080000,1527.800000,True,CONTROLLED_SYNTHETIC
H0006088,SME001330,TERM_DEPOSIT,2023-07-16,90239.140000,558.250000,True,CONTROLLED_SYNTHETIC
H0006089,SME001331,TERM_DEPOSIT,2025-04-18,469145.620000,20558.600000,True,CONTROLLED_SYNTHETIC
H0006090,SME001338,TERM_DEPOSIT,2024-05-15,861146.340000,40307.940000,True,CONTROLLED_SYNTHETIC
H0006091,SME001346,TERM_DEPOSIT,2025-01-23,254920.530000,11413.250000,True,CONTROLLED_SYNTHETIC
H0006092,SME001349,TERM_DEPOSIT,2022-05-15,219338.120000,6629.720000,True,CONTROLLED_SYNTHETIC
H0006093,SME001353,TERM_DEPOSIT,2020-09-26,1843413.590000,66206.560000,True,CONTROLLED_SYNTHETIC
H0006094,SME001362,TERM_DEPOSIT,2022-02-08,195100.800000,5945.810000,True,CONTROLLED_SYNTHETIC
H0006095,SME001366,TERM_DEPOSIT,2020-04-05,685443.120000,13088.140000,True,CONTROLLED_SYNTHETIC
H0006096,SME001367,TERM_DEPOSIT,2020-04-05,57929.970000,525.550000,True,CONTROLLED_SYNTHETIC
H0006097,SME001368,TERM_DEPOSIT,2025-06-17,348308.840000,12822.700000,True,CONTROLLED_SYNTHETIC
H0006098,SME001369,TERM_DEPOSIT,2023-11-02,1186659.820000,46867.690000,True,CONTROLLED_SYNTHETIC
H0006099,SME001373,TERM_DEPOSIT,2022-05-14,751170.820000,23951.810000,True,CONTROLLED_SYNTHETIC
H0006100,SME001382,TERM_DEPOSIT,2023-01-28,440576.250000,19788.050000,True,CONTROLLED_SYNTHETIC
H0006101,SME001385,TERM_DEPOSIT,2022-12-26,251730.420000,8592.360000,True,CONTROLLED_SYNTHETIC
H0006102,SME001389,TERM_DEPOSIT,2023-06-16,184335.450000,1025.350000,True,CONTROLLED_SYNTHETIC
H0006103,SME001393,TERM_DEPOSIT,2022-04-04,494090.850000,6615.120000,True,CONTROLLED_SYNTHETIC
H0006104,SME001402,TERM_DEPOSIT,2022-09-04,360216.380000,11961.700000,True,CONTROLLED_SYNTHETIC
H0006105,SME001408,TERM_DEPOSIT,2022-11-16,194897.010000,5395.630000,True,CONTROLLED_SYNTHETIC
H0006106,SME001415,TERM_DEPOSIT,2023-12-24,130450.480000,6294.820000,True,CONTROLLED_SYNTHETIC
H0006107,SME001421,TERM_DEPOSIT,2025-04-02,54164.020000,2088.740000,True,CONTROLLED_SYNTHETIC
H0006108,SME001425,TERM_DEPOSIT,2020-02-28,533369.390000,10761.410000,True,CONTROLLED_SYNTHETIC
H0006109,SME001426,TERM_DEPOSIT,2020-01-28,218444.340000,10599.130000,True,CONTROLLED_SYNTHETIC
H0006110,SME001444,TERM_DEPOSIT,2025-09-18,130595.640000,2335.930000,True,CONTROLLED_SYNTHETIC
H0006111,SME001446,TERM_DEPOSIT,2022-06-25,2568418.180000,11364.880000,True,CONTROLLED_SYNTHETIC
H0006112,SME001447,TERM_DEPOSIT,2021-08-11,250500.160000,2243.410000,True,CONTROLLED_SYNTHETIC
H0006113,SME001453,TERM_DEPOSIT,2026-02-09,1022048.240000,7824.780000,True,CONTROLLED_SYNTHETIC
H0006114,SME001457,TERM_DEPOSIT,2025-12-01,155525.390000,7358.030000,True,CONTROLLED_SYNTHETIC
H0006115,SME001469,TERM_DEPOSIT,2025-05-19,635527.300000,17469.290000,True,CONTROLLED_SYNTHETIC
H0006116,SME001470,TERM_DEPOSIT,2021-06-22,234233.890000,9702.720000,True,CONTROLLED_SYNTHETIC
H0006117,SME001471,TERM_DEPOSIT,2024-02-29,239022.420000,5157.860000,True,CONTROLLED_SYNTHETIC
H0006118,SME001472,TERM_DEPOSIT,2021-12-17,1164323.280000,46953.230000,True,CONTROLLED_SYNTHETIC
H0006119,SME001475,TERM_DEPOSIT,2021-12-02,1865250.830000,42793.260000,True,CONTROLLED_SYNTHETIC
H0006120,SME001480,TERM_DEPOSIT,2020-11-23,187549.920000,4838.180000,True,CONTROLLED_SYNTHETIC
H0006121,SME001482,TERM_DEPOSIT,2021-01-17,232409.160000,1762.000000,True,CONTROLLED_SYNTHETIC
H0006122,SME001483,TERM_DEPOSIT,2022-06-03,286883.640000,2984.590000,True,CONTROLLED_SYNTHETIC
H0006123,SME001495,TERM_DEPOSIT,2026-01-06,305651.450000,8471.070000,True,CONTROLLED_SYNTHETIC
H0006124,SME001500,TERM_DEPOSIT,2022-03-14,798039.450000,40101.160000,True,CONTROLLED_SYNTHETIC
H0006125,SME001504,TERM_DEPOSIT,2021-12-08,185441.710000,2901.850000,True,CONTROLLED_SYNTHETIC
H0006126,SME001506,TERM_DEPOSIT,2022-06-12,203455.920000,9732.110000,True,CONTROLLED_SYNTHETIC
H0006127,SME001511,TERM_DEPOSIT,2025-04-11,217956.450000,7834.510000,True,CONTROLLED_SYNTHETIC
H0006128,SME001519,TERM_DEPOSIT,2022-02-28,657677.140000,23888.810000,True,CONTROLLED_SYNTHETIC
H0006129,SME001521,TERM_DEPOSIT,2023-04-14,576860.530000,11617.910000,True,CONTROLLED_SYNTHETIC
H0006130,SME001531,TERM_DEPOSIT,2025-10-06,182612.500000,7858.630000,True,CONTROLLED_SYNTHETIC
H0006131,SME001533,TERM_DEPOSIT,2022-04-06,229205.480000,3000.970000,True,CONTROLLED_SYNTHETIC
H0006132,SME001535,TERM_DEPOSIT,2022-08-25,204603.460000,5227.310000,True,CONTROLLED_SYNTHETIC
H0006133,SME001536,TERM_DEPOSIT,2025-06-21,1010890.190000,42853.410000,True,CONTROLLED_SYNTHETIC
H0006134,SME001537,TERM_DEPOSIT,2021-05-25,276521.260000,5162.610000,True,CONTROLLED_SYNTHETIC
H0006135,SME001550,TERM_DEPOSIT,2021-08-26,144202.040000,4287.650000,True,CONTROLLED_SYNTHETIC
H0006136,SME001551,TERM_DEPOSIT,2023-07-18,2989429.990000,162569.820000,True,CONTROLLED_SYNTHETIC
H0006137,SME001552,TERM_DEPOSIT,2023-05-21,1275585.980000,49298.050000,True,CONTROLLED_SYNTHETIC
H0006138,SME001559,TERM_DEPOSIT,2025-09-19,459194.050000,9158.140000,True,CONTROLLED_SYNTHETIC
H0006139,SME001568,TERM_DEPOSIT,2020-02-06,222540.580000,10613.550000,True,CONTROLLED_SYNTHETIC
H0006140,SME001570,TERM_DEPOSIT,2022-11-09,837522.370000,14889.320000,True,CONTROLLED_SYNTHETIC
H0006141,SME001572,TERM_DEPOSIT,2022-04-01,71005.190000,3376.140000,True,CONTROLLED_SYNTHETIC
H0006142,SME001586,TERM_DEPOSIT,2025-06-11,361930.390000,10058.830000,True,CONTROLLED_SYNTHETIC
H0006143,SME001593,TERM_DEPOSIT,2025-03-11,279017.520000,5933.700000,True,CONTROLLED_SYNTHETIC
H0006144,SME001594,TERM_DEPOSIT,2023-12-20,849310.940000,46644.180000,True,CONTROLLED_SYNTHETIC
H0006145,SME001595,TERM_DEPOSIT,2023-03-08,884710.890000,20642.770000,True,CONTROLLED_SYNTHETIC
H0006146,SME001603,TERM_DEPOSIT,2021-02-23,217059.470000,10998.640000,True,CONTROLLED_SYNTHETIC
H0006147,SME001604,TERM_DEPOSIT,2022-10-13,80986.990000,1851.840000,True,CONTROLLED_SYNTHETIC
H0006148,SME001607,TERM_DEPOSIT,2026-04-19,373731.530000,14814.880000,True,CONTROLLED_SYNTHETIC
H0006149,SME001613,TERM_DEPOSIT,2023-02-07,586384.630000,3382.460000,True,CONTROLLED_SYNTHETIC
H0006150,SME001618,TERM_DEPOSIT,2020-03-18,194484.510000,4372.350000,True,CONTROLLED_SYNTHETIC
H0006151,SME001619,TERM_DEPOSIT,2025-09-14,500681.730000,8421.970000,True,CONTROLLED_SYNTHETIC
H0006152,SME001620,TERM_DEPOSIT,2026-01-09,199349.780000,6111.870000,True,CONTROLLED_SYNTHETIC
H0006153,SME001621,TERM_DEPOSIT,2024-05-15,2136216.020000,13131.630000,True,CONTROLLED_SYNTHETIC
H0006154,SME001631,TERM_DEPOSIT,2024-02-17,243271.720000,3601.850000,True,CONTROLLED_SYNTHETIC
H0006155,SME001635,TERM_DEPOSIT,2020-08-19,229738.730000,10383.860000,True,CONTROLLED_SYNTHETIC
H0006156,SME001642,TERM_DEPOSIT,2026-01-25,154523.630000,7132.700000,True,CONTROLLED_SYNTHETIC
H0006157,SME001645,TERM_DEPOSIT,2025-10-10,448742.180000,7240.170000,True,CONTROLLED_SYNTHETIC
H0006158,SME001648,TERM_DEPOSIT,2022-03-23,176988.900000,2700.870000,True,CONTROLLED_SYNTHETIC
H0006159,SME001660,TERM_DEPOSIT,2026-05-02,164237.090000,5123.160000,True,CONTROLLED_SYNTHETIC
H0006160,SME001668,TERM_DEPOSIT,2022-10-23,1019776.790000,49842.740000,True,CONTROLLED_SYNTHETIC
H0006161,SME001669,TERM_DEPOSIT,2025-07-10,2264555.030000,121766.290000,True,CONTROLLED_SYNTHETIC
H0006162,SME001671,TERM_DEPOSIT,2021-09-25,161331.100000,6326.950000,True,CONTROLLED_SYNTHETIC
H0006163,SME001673,TERM_DEPOSIT,2023-02-07,272487.750000,8063.360000,True,CONTROLLED_SYNTHETIC
H0006164,SME001674,TERM_DEPOSIT,2023-09-09,371139.950000,18215.670000,True,CONTROLLED_SYNTHETIC
H0006165,SME001677,TERM_DEPOSIT,2020-03-19,1058655.040000,16921.060000,True,CONTROLLED_SYNTHETIC
H0006166,SME001681,TERM_DEPOSIT,2022-05-19,358071.440000,8952.970000,True,CONTROLLED_SYNTHETIC
H0006167,SME001682,TERM_DEPOSIT,2020-02-22,112243.630000,4438.430000,True,CONTROLLED_SYNTHETIC
H0006168,SME001691,TERM_DEPOSIT,2021-09-28,283748.540000,14736.160000,True,CONTROLLED_SYNTHETIC
H0006169,SME001696,TERM_DEPOSIT,2025-04-28,397743.040000,14281.120000,True,CONTROLLED_SYNTHETIC
H0006170,SME001703,TERM_DEPOSIT,2020-12-08,194715.340000,3892.080000,True,CONTROLLED_SYNTHETIC
H0006171,SME001705,TERM_DEPOSIT,2023-05-12,207203.140000,7684.960000,True,CONTROLLED_SYNTHETIC
H0006172,SME001707,TERM_DEPOSIT,2021-04-15,976814.600000,22602.100000,True,CONTROLLED_SYNTHETIC
H0006173,SME001710,TERM_DEPOSIT,2023-05-24,182440.930000,5920.790000,True,CONTROLLED_SYNTHETIC
H0006174,SME001713,TERM_DEPOSIT,2025-07-26,1400389.150000,73387.780000,True,CONTROLLED_SYNTHETIC
H0006175,SME001715,TERM_DEPOSIT,2023-07-21,409000.890000,20146.200000,True,CONTROLLED_SYNTHETIC
H0006176,SME001716,TERM_DEPOSIT,2020-04-01,307057.250000,4233.100000,True,CONTROLLED_SYNTHETIC
H0006177,SME001719,TERM_DEPOSIT,2021-12-28,362546.330000,6045.040000,True,CONTROLLED_SYNTHETIC
H0006178,SME001725,TERM_DEPOSIT,2024-11-22,268280.720000,5492.940000,True,CONTROLLED_SYNTHETIC
H0006179,SME001726,TERM_DEPOSIT,2024-02-29,321604.550000,15844.650000,True,CONTROLLED_SYNTHETIC
H0006180,SME001727,TERM_DEPOSIT,2023-01-06,1232583.960000,23221.560000,True,CONTROLLED_SYNTHETIC
H0006181,SME001728,TERM_DEPOSIT,2025-12-04,746321.970000,19080.010000,True,CONTROLLED_SYNTHETIC
H0006182,SME001746,TERM_DEPOSIT,2026-04-22,588488.010000,30870.930000,True,CONTROLLED_SYNTHETIC
H0006183,SME001748,TERM_DEPOSIT,2020-11-01,339808.550000,7349.250000,True,CONTROLLED_SYNTHETIC
H0006184,SME001750,TERM_DEPOSIT,2025-07-31,1032903.610000,17232.850000,True,CONTROLLED_SYNTHETIC
H0006185,SME001753,TERM_DEPOSIT,2024-11-06,92371.000000,3475.690000,True,CONTROLLED_SYNTHETIC
H0006186,SME001756,TERM_DEPOSIT,2025-08-04,412414.000000,15384.820000,True,CONTROLLED_SYNTHETIC
H0006187,SME001760,TERM_DEPOSIT,2022-01-12,1456597.830000,62787.240000,True,CONTROLLED_SYNTHETIC
H0006188,SME001763,TERM_DEPOSIT,2022-07-09,597967.860000,30044.390000,True,CONTROLLED_SYNTHETIC
H0006189,SME001770,TERM_DEPOSIT,2021-10-11,2955603.770000,100405.700000,True,CONTROLLED_SYNTHETIC
H0006190,SME001774,TERM_DEPOSIT,2023-04-29,1188046.320000,17680.400000,True,CONTROLLED_SYNTHETIC
H0006191,SME001777,TERM_DEPOSIT,2024-06-14,275881.160000,3902.750000,True,CONTROLLED_SYNTHETIC
H0006192,SME001792,TERM_DEPOSIT,2024-11-26,427158.940000,9988.170000,True,CONTROLLED_SYNTHETIC
H0006193,SME001797,TERM_DEPOSIT,2020-03-21,82212.960000,2514.450000,True,CONTROLLED_SYNTHETIC
H0006194,SME001804,TERM_DEPOSIT,2024-09-08,274996.990000,2831.460000,True,CONTROLLED_SYNTHETIC
H0006195,SME001805,TERM_DEPOSIT,2020-12-23,222589.070000,5808.230000,True,CONTROLLED_SYNTHETIC
H0006196,SME001807,TERM_DEPOSIT,2021-11-28,134369.870000,660.090000,True,CONTROLLED_SYNTHETIC
H0006197,SME001811,TERM_DEPOSIT,2025-08-26,110449.720000,5619.120000,True,CONTROLLED_SYNTHETIC
H0006198,SME001814,TERM_DEPOSIT,2022-03-02,430809.250000,9498.010000,True,CONTROLLED_SYNTHETIC
H0006199,SME001823,TERM_DEPOSIT,2025-02-25,696488.650000,11077.950000,True,CONTROLLED_SYNTHETIC
H0006200,SME001827,TERM_DEPOSIT,2023-01-29,739608.600000,25406.420000,True,CONTROLLED_SYNTHETIC
H0006201,SME001834,TERM_DEPOSIT,2023-04-21,123230.220000,3471.290000,True,CONTROLLED_SYNTHETIC
H0006202,SME001844,TERM_DEPOSIT,2023-04-10,89665.260000,1779.940000,True,CONTROLLED_SYNTHETIC
H0006203,SME001845,TERM_DEPOSIT,2022-02-01,92387.250000,5069.440000,True,CONTROLLED_SYNTHETIC
H0006204,SME001850,TERM_DEPOSIT,2022-08-21,459227.440000,11928.450000,True,CONTROLLED_SYNTHETIC
H0006205,SME001856,TERM_DEPOSIT,2021-04-24,198329.190000,10845.240000,True,CONTROLLED_SYNTHETIC
H0006206,SME001859,TERM_DEPOSIT,2023-03-18,203537.680000,6286.320000,True,CONTROLLED_SYNTHETIC
H0006207,SME001868,TERM_DEPOSIT,2023-01-09,548551.980000,12005.970000,True,CONTROLLED_SYNTHETIC
H0006208,SME001869,TERM_DEPOSIT,2022-06-19,765242.060000,26271.260000,True,CONTROLLED_SYNTHETIC
H0006209,SME001873,TERM_DEPOSIT,2020-02-25,322606.990000,5277.000000,True,CONTROLLED_SYNTHETIC
H0006210,SME001876,TERM_DEPOSIT,2021-05-10,59175.720000,1440.470000,True,CONTROLLED_SYNTHETIC
H0006211,SME001877,TERM_DEPOSIT,2026-04-14,353877.450000,11436.760000,True,CONTROLLED_SYNTHETIC
H0006212,SME001880,TERM_DEPOSIT,2024-01-03,234557.330000,8689.600000,True,CONTROLLED_SYNTHETIC
H0006213,SME001887,TERM_DEPOSIT,2025-07-31,142018.740000,6979.520000,True,CONTROLLED_SYNTHETIC
H0006214,SME001892,TERM_DEPOSIT,2023-01-15,1143647.630000,27737.530000,True,CONTROLLED_SYNTHETIC
H0006215,SME001894,TERM_DEPOSIT,2026-03-20,597945.420000,23463.450000,True,CONTROLLED_SYNTHETIC
H0006216,SME001897,TERM_DEPOSIT,2026-03-08,242642.570000,10742.920000,True,CONTROLLED_SYNTHETIC
H0006217,SME001898,TERM_DEPOSIT,2023-12-11,247843.380000,2428.820000,True,CONTROLLED_SYNTHETIC
H0006218,SME001907,TERM_DEPOSIT,2023-06-10,635829.010000,12893.740000,True,CONTROLLED_SYNTHETIC
H0006219,SME001919,TERM_DEPOSIT,2024-09-25,733549.210000,38902.540000,True,CONTROLLED_SYNTHETIC
H0006220,SME001920,TERM_DEPOSIT,2024-02-25,668708.500000,15890.150000,True,CONTROLLED_SYNTHETIC
H0006221,SME001921,TERM_DEPOSIT,2023-05-17,2037195.170000,84940.660000,True,CONTROLLED_SYNTHETIC
H0006222,SME001923,TERM_DEPOSIT,2020-11-30,2328909.820000,38520.610000,True,CONTROLLED_SYNTHETIC
H0006223,SME001926,TERM_DEPOSIT,2021-12-27,6514954.170000,276261.710000,True,CONTROLLED_SYNTHETIC
H0006224,SME001928,TERM_DEPOSIT,2022-02-18,140383.750000,4186.950000,True,CONTROLLED_SYNTHETIC
H0006225,SME001941,TERM_DEPOSIT,2022-02-16,637781.700000,32364.490000,True,CONTROLLED_SYNTHETIC
H0006226,SME001942,TERM_DEPOSIT,2022-06-24,969296.730000,19202.350000,True,CONTROLLED_SYNTHETIC
H0006227,SME001943,TERM_DEPOSIT,2022-05-31,631799.900000,33001.850000,True,CONTROLLED_SYNTHETIC
H0006228,SME001951,TERM_DEPOSIT,2025-09-15,207548.690000,2581.760000,True,CONTROLLED_SYNTHETIC
H0006229,SME001954,TERM_DEPOSIT,2025-04-19,684499.380000,4447.370000,True,CONTROLLED_SYNTHETIC
H0006230,SME001955,TERM_DEPOSIT,2020-12-19,145502.390000,3342.220000,True,CONTROLLED_SYNTHETIC
H0006231,SME001957,TERM_DEPOSIT,2022-12-26,227469.060000,3737.610000,True,CONTROLLED_SYNTHETIC
H0006232,SME001970,TERM_DEPOSIT,2023-05-13,490995.600000,19466.830000,True,CONTROLLED_SYNTHETIC
H0006233,SME001971,TERM_DEPOSIT,2020-07-01,371933.970000,13390.460000,True,CONTROLLED_SYNTHETIC
H0006234,SME001974,TERM_DEPOSIT,2022-10-13,124209.840000,6319.310000,True,CONTROLLED_SYNTHETIC
H0006235,SME001985,TERM_DEPOSIT,2024-02-18,6382361.490000,305183.640000,True,CONTROLLED_SYNTHETIC
H0006236,SME001986,TERM_DEPOSIT,2025-01-02,3141632.870000,130122.650000,True,CONTROLLED_SYNTHETIC
H0006237,SME001990,TERM_DEPOSIT,2024-07-10,454227.210000,10890.370000,True,CONTROLLED_SYNTHETIC
H0006238,SME001991,TERM_DEPOSIT,2021-09-10,582004.950000,30726.470000,True,CONTROLLED_SYNTHETIC
H0006239,SME001992,TERM_DEPOSIT,2025-03-10,415105.200000,8467.930000,True,CONTROLLED_SYNTHETIC
H0006240,SME001994,TERM_DEPOSIT,2024-07-20,774734.180000,13288.960000,True,CONTROLLED_SYNTHETIC
H0006241,SME002004,TERM_DEPOSIT,2022-04-25,728045.620000,6123.230000,True,CONTROLLED_SYNTHETIC
H0006242,SME002008,TERM_DEPOSIT,2020-08-08,111034.300000,3377.480000,True,CONTROLLED_SYNTHETIC
H0006243,SME002009,TERM_DEPOSIT,2022-05-31,424037.360000,19508.110000,True,CONTROLLED_SYNTHETIC
H0006244,SME002011,TERM_DEPOSIT,2020-09-16,356511.590000,2552.200000,True,CONTROLLED_SYNTHETIC
H0006245,SME002014,TERM_DEPOSIT,2020-03-09,335034.840000,14117.090000,True,CONTROLLED_SYNTHETIC
H0006246,SME002016,TERM_DEPOSIT,2020-03-28,725077.210000,38345.510000,True,CONTROLLED_SYNTHETIC
H0006247,SME002017,TERM_DEPOSIT,2024-06-25,413307.360000,14837.280000,True,CONTROLLED_SYNTHETIC
H0006248,SME002019,TERM_DEPOSIT,2025-11-20,211260.750000,8502.640000,True,CONTROLLED_SYNTHETIC
H0006249,SME002023,TERM_DEPOSIT,2023-05-16,799891.250000,31554.610000,True,CONTROLLED_SYNTHETIC
H0006250,SME002024,TERM_DEPOSIT,2024-02-21,307829.450000,11902.950000,True,CONTROLLED_SYNTHETIC
H0006251,SME002027,TERM_DEPOSIT,2025-07-24,378915.650000,9507.540000,True,CONTROLLED_SYNTHETIC
H0006252,SME002032,TERM_DEPOSIT,2025-01-29,755093.090000,17554.410000,True,CONTROLLED_SYNTHETIC
H0006253,SME002034,TERM_DEPOSIT,2024-10-28,751727.720000,20457.250000,True,CONTROLLED_SYNTHETIC
H0006254,SME002035,TERM_DEPOSIT,2026-02-18,258392.750000,5211.070000,True,CONTROLLED_SYNTHETIC
H0006255,SME002036,TERM_DEPOSIT,2024-07-20,311397.970000,11406.160000,True,CONTROLLED_SYNTHETIC
H0006256,SME002043,TERM_DEPOSIT,2022-11-05,2490893.500000,82644.350000,True,CONTROLLED_SYNTHETIC
H0006257,SME002049,TERM_DEPOSIT,2026-01-08,652537.290000,25001.280000,True,CONTROLLED_SYNTHETIC
H0006258,SME002055,TERM_DEPOSIT,2022-04-04,158292.820000,8395.400000,True,CONTROLLED_SYNTHETIC
H0006259,SME002056,TERM_DEPOSIT,2020-11-30,1073855.620000,12079.340000,True,CONTROLLED_SYNTHETIC
H0006260,SME002059,TERM_DEPOSIT,2023-07-09,5315066.660000,152191.200000,True,CONTROLLED_SYNTHETIC
H0006261,SME002060,TERM_DEPOSIT,2023-02-17,196013.210000,6167.350000,True,CONTROLLED_SYNTHETIC
H0006262,SME002063,TERM_DEPOSIT,2025-03-19,527028.140000,19849.540000,True,CONTROLLED_SYNTHETIC
H0006263,SME002066,TERM_DEPOSIT,2022-09-07,229478.870000,9983.080000,True,CONTROLLED_SYNTHETIC
H0006264,SME002072,TERM_DEPOSIT,2024-05-23,2194410.210000,84825.330000,True,CONTROLLED_SYNTHETIC
H0006265,SME002074,TERM_DEPOSIT,2021-01-19,748422.850000,3089.560000,True,CONTROLLED_SYNTHETIC
H0006266,SME002075,TERM_DEPOSIT,2022-02-22,1031506.000000,36488.560000,True,CONTROLLED_SYNTHETIC
H0006267,SME002080,TERM_DEPOSIT,2022-09-07,1097822.430000,8610.700000,True,CONTROLLED_SYNTHETIC
H0006268,SME002082,TERM_DEPOSIT,2022-09-04,126147.150000,1581.360000,True,CONTROLLED_SYNTHETIC
H0006269,SME002093,TERM_DEPOSIT,2022-02-19,83049.440000,1780.370000,True,CONTROLLED_SYNTHETIC
H0006270,SME002096,TERM_DEPOSIT,2025-05-20,104947.040000,3718.010000,True,CONTROLLED_SYNTHETIC
H0006271,SME002097,TERM_DEPOSIT,2024-10-22,168076.760000,4408.440000,True,CONTROLLED_SYNTHETIC
H0006272,SME002101,TERM_DEPOSIT,2022-08-06,79527.280000,2551.730000,True,CONTROLLED_SYNTHETIC
H0006273,SME002104,TERM_DEPOSIT,2020-12-19,413144.630000,4524.680000,True,CONTROLLED_SYNTHETIC
H0006274,SME002109,TERM_DEPOSIT,2020-06-18,1483799.850000,33952.300000,True,CONTROLLED_SYNTHETIC
H0006275,SME002123,TERM_DEPOSIT,2025-04-24,263715.650000,4025.910000,True,CONTROLLED_SYNTHETIC
H0006276,SME002130,TERM_DEPOSIT,2024-02-05,172184.020000,9437.210000,True,CONTROLLED_SYNTHETIC
H0006277,SME002151,TERM_DEPOSIT,2021-07-01,138388.630000,1070.500000,True,CONTROLLED_SYNTHETIC
H0006278,SME002156,TERM_DEPOSIT,2020-03-15,453711.610000,20213.870000,True,CONTROLLED_SYNTHETIC
H0006279,SME002158,TERM_DEPOSIT,2023-04-23,254513.260000,9880.920000,True,CONTROLLED_SYNTHETIC
H0006280,SME002160,TERM_DEPOSIT,2023-09-25,609653.450000,20495.170000,True,CONTROLLED_SYNTHETIC
H0006281,SME002161,TERM_DEPOSIT,2025-11-16,266651.010000,4133.090000,True,CONTROLLED_SYNTHETIC
H0006282,SME002171,TERM_DEPOSIT,2020-04-17,165044.890000,7666.710000,True,CONTROLLED_SYNTHETIC
H0006283,SME002179,TERM_DEPOSIT,2023-02-27,896864.900000,44947.470000,True,CONTROLLED_SYNTHETIC
H0006284,SME002180,TERM_DEPOSIT,2021-05-07,864900.860000,31714.700000,True,CONTROLLED_SYNTHETIC
H0006285,SME002181,TERM_DEPOSIT,2024-04-21,4308649.630000,68528.740000,True,CONTROLLED_SYNTHETIC
H0006286,SME002184,TERM_DEPOSIT,2020-07-21,81827.310000,1722.500000,True,CONTROLLED_SYNTHETIC
H0006287,SME002185,TERM_DEPOSIT,2020-11-06,309324.360000,1788.200000,True,CONTROLLED_SYNTHETIC
H0006288,SME002186,TERM_DEPOSIT,2025-12-14,328008.390000,9418.900000,True,CONTROLLED_SYNTHETIC
H0006289,SME002191,TERM_DEPOSIT,2021-12-28,415332.020000,22461.900000,True,CONTROLLED_SYNTHETIC
H0006290,SME002192,TERM_DEPOSIT,2024-11-02,58091.820000,1951.450000,True,CONTROLLED_SYNTHETIC
H0006291,SME002193,TERM_DEPOSIT,2021-09-02,455944.040000,22413.490000,True,CONTROLLED_SYNTHETIC
H0006292,SME002201,TERM_DEPOSIT,2023-09-05,1432359.420000,78687.150000,True,CONTROLLED_SYNTHETIC
H0006293,SME002204,TERM_DEPOSIT,2020-02-13,1572555.790000,25446.820000,True,CONTROLLED_SYNTHETIC
H0006294,SME002206,TERM_DEPOSIT,2024-07-01,382845.550000,7307.970000,True,CONTROLLED_SYNTHETIC
H0006295,SME002217,TERM_DEPOSIT,2024-11-21,235627.070000,8751.050000,True,CONTROLLED_SYNTHETIC
H0006296,SME002225,TERM_DEPOSIT,2025-08-06,1296269.720000,28091.450000,True,CONTROLLED_SYNTHETIC
H0006297,SME002230,TERM_DEPOSIT,2021-10-01,403436.040000,3483.570000,True,CONTROLLED_SYNTHETIC
H0006298,SME002231,TERM_DEPOSIT,2022-02-22,419069.780000,9881.510000,True,CONTROLLED_SYNTHETIC
H0006299,SME002235,TERM_DEPOSIT,2021-10-27,705198.750000,24064.890000,True,CONTROLLED_SYNTHETIC
H0006300,SME002237,TERM_DEPOSIT,2023-11-04,627276.770000,33521.750000,True,CONTROLLED_SYNTHETIC
H0006301,SME002240,TERM_DEPOSIT,2025-06-05,2195717.580000,8910.640000,True,CONTROLLED_SYNTHETIC
H0006302,SME002247,TERM_DEPOSIT,2021-01-22,249496.700000,1256.910000,True,CONTROLLED_SYNTHETIC
H0006303,SME002250,TERM_DEPOSIT,2024-03-20,2134295.740000,36270.380000,True,CONTROLLED_SYNTHETIC
H0006304,SME002256,TERM_DEPOSIT,2025-10-06,1156299.090000,48737.280000,True,CONTROLLED_SYNTHETIC
H0006305,SME002264,TERM_DEPOSIT,2020-02-17,2116177.850000,61460.740000,True,CONTROLLED_SYNTHETIC
H0006306,SME002265,TERM_DEPOSIT,2022-02-20,2112723.270000,41569.970000,True,CONTROLLED_SYNTHETIC
H0006307,SME002275,TERM_DEPOSIT,2025-05-25,34767.750000,1364.880000,True,CONTROLLED_SYNTHETIC
H0006308,SME002278,TERM_DEPOSIT,2020-08-16,759687.400000,6295.810000,True,CONTROLLED_SYNTHETIC
H0006309,SME002285,TERM_DEPOSIT,2020-03-30,602168.490000,15495.900000,True,CONTROLLED_SYNTHETIC
H0006310,SME002291,TERM_DEPOSIT,2022-07-04,819583.530000,18684.260000,True,CONTROLLED_SYNTHETIC
H0006311,SME002292,TERM_DEPOSIT,2021-03-06,170677.110000,999.720000,True,CONTROLLED_SYNTHETIC
H0006312,SME002294,TERM_DEPOSIT,2021-03-23,56748.200000,1451.910000,True,CONTROLLED_SYNTHETIC
H0006313,SME002295,TERM_DEPOSIT,2022-01-17,132051.920000,1109.970000,True,CONTROLLED_SYNTHETIC
H0006314,SME002296,TERM_DEPOSIT,2023-09-25,170457.500000,4004.720000,True,CONTROLLED_SYNTHETIC
H0006315,SME002297,TERM_DEPOSIT,2023-06-16,85747.770000,3915.870000,True,CONTROLLED_SYNTHETIC
H0006316,SME002298,TERM_DEPOSIT,2024-12-10,348650.380000,5985.080000,True,CONTROLLED_SYNTHETIC
H0006317,SME002299,TERM_DEPOSIT,2023-09-11,255650.210000,1598.790000,True,CONTROLLED_SYNTHETIC
H0006318,SME002305,TERM_DEPOSIT,2022-01-02,214401.710000,3881.590000,True,CONTROLLED_SYNTHETIC
H0006319,SME002311,TERM_DEPOSIT,2021-09-22,919567.880000,46246.460000,True,CONTROLLED_SYNTHETIC
H0006320,SME002323,TERM_DEPOSIT,2023-08-27,230600.550000,2970.180000,True,CONTROLLED_SYNTHETIC
H0006321,SME002327,TERM_DEPOSIT,2021-09-07,2328873.230000,36706.950000,True,CONTROLLED_SYNTHETIC
H0006322,SME002334,TERM_DEPOSIT,2024-02-12,372685.030000,1993.710000,True,CONTROLLED_SYNTHETIC
H0006323,SME002336,TERM_DEPOSIT,2020-03-06,373553.420000,2075.370000,True,CONTROLLED_SYNTHETIC
H0006324,SME002342,TERM_DEPOSIT,2022-03-15,290529.740000,1331.290000,True,CONTROLLED_SYNTHETIC
H0006325,SME002343,TERM_DEPOSIT,2020-08-19,1086089.710000,14792.470000,True,CONTROLLED_SYNTHETIC
H0006326,SME002345,TERM_DEPOSIT,2024-09-30,2325216.520000,64988.670000,True,CONTROLLED_SYNTHETIC
H0006327,SME002349,TERM_DEPOSIT,2023-09-09,1506846.110000,74557.290000,True,CONTROLLED_SYNTHETIC
H0006328,SME002354,TERM_DEPOSIT,2025-08-18,1213736.000000,34809.730000,True,CONTROLLED_SYNTHETIC
H0006329,SME002355,TERM_DEPOSIT,2026-05-17,1885880.200000,91208.980000,True,CONTROLLED_SYNTHETIC
H0006330,SME002360,TERM_DEPOSIT,2021-07-15,345003.900000,8663.770000,True,CONTROLLED_SYNTHETIC
H0006331,SME002363,TERM_DEPOSIT,2020-10-20,116983.120000,3327.950000,True,CONTROLLED_SYNTHETIC
H0006332,SME002367,TERM_DEPOSIT,2022-03-28,942715.220000,18083.210000,True,CONTROLLED_SYNTHETIC
H0006333,SME002372,TERM_DEPOSIT,2021-03-20,96273.340000,2007.240000,True,CONTROLLED_SYNTHETIC
H0006334,SME002388,TERM_DEPOSIT,2020-09-24,288948.710000,9396.690000,True,CONTROLLED_SYNTHETIC
H0006335,SME002395,TERM_DEPOSIT,2021-03-20,103799.390000,1563.500000,True,CONTROLLED_SYNTHETIC
H0006336,SME002397,TERM_DEPOSIT,2021-05-25,466703.910000,24141.100000,True,CONTROLLED_SYNTHETIC
H0006337,SME002401,TERM_DEPOSIT,2021-09-08,499802.550000,23420.880000,True,CONTROLLED_SYNTHETIC
H0006338,SME002404,TERM_DEPOSIT,2026-03-31,210336.060000,9178.110000,True,CONTROLLED_SYNTHETIC
H0006339,SME002414,TERM_DEPOSIT,2024-06-01,191946.230000,6907.120000,True,CONTROLLED_SYNTHETIC
H0006340,SME002415,TERM_DEPOSIT,2021-11-28,203110.260000,10609.230000,True,CONTROLLED_SYNTHETIC
H0006341,SME002421,TERM_DEPOSIT,2022-12-15,178515.750000,2470.630000,True,CONTROLLED_SYNTHETIC
H0006342,SME002423,TERM_DEPOSIT,2025-12-01,321800.760000,11518.390000,True,CONTROLLED_SYNTHETIC
H0006343,SME002424,TERM_DEPOSIT,2025-04-17,205204.820000,5687.590000,True,CONTROLLED_SYNTHETIC
H0006344,SME002427,TERM_DEPOSIT,2021-12-21,1267736.310000,67769.620000,True,CONTROLLED_SYNTHETIC
H0006345,SME002435,TERM_DEPOSIT,2025-01-23,2359065.440000,40827.680000,True,CONTROLLED_SYNTHETIC
H0006346,SME002436,TERM_DEPOSIT,2025-07-26,1077978.960000,19356.930000,True,CONTROLLED_SYNTHETIC
H0006347,SME002448,TERM_DEPOSIT,2022-07-03,2773522.340000,125919.810000,True,CONTROLLED_SYNTHETIC
H0006348,SME002453,TERM_DEPOSIT,2025-06-08,1571516.340000,80782.430000,True,CONTROLLED_SYNTHETIC
H0006349,SME002454,TERM_DEPOSIT,2024-02-02,239574.200000,6875.570000,True,CONTROLLED_SYNTHETIC
H0006350,SME002460,TERM_DEPOSIT,2026-05-10,147382.020000,4439.740000,True,CONTROLLED_SYNTHETIC
H0006351,SME002468,TERM_DEPOSIT,2021-11-14,1056270.360000,50104.510000,True,CONTROLLED_SYNTHETIC
H0006352,SME002470,TERM_DEPOSIT,2025-08-08,136893.620000,5268.820000,True,CONTROLLED_SYNTHETIC
H0006353,SME002473,TERM_DEPOSIT,2024-04-29,864325.650000,28460.480000,True,CONTROLLED_SYNTHETIC
H0006354,SME002479,TERM_DEPOSIT,2025-08-24,607658.420000,24381.110000,True,CONTROLLED_SYNTHETIC
H0006355,SME002487,TERM_DEPOSIT,2025-04-14,998178.320000,10347.640000,True,CONTROLLED_SYNTHETIC
H0006356,SME002491,TERM_DEPOSIT,2023-05-22,120995.120000,6469.250000,True,CONTROLLED_SYNTHETIC
H0006357,SME002495,TERM_DEPOSIT,2021-02-04,583088.680000,18225.390000,True,CONTROLLED_SYNTHETIC
H0006358,SME002497,TERM_DEPOSIT,2025-10-22,230471.850000,3023.110000,True,CONTROLLED_SYNTHETIC
H0006359,SME002499,TERM_DEPOSIT,2026-01-18,819947.860000,34873.020000,True,CONTROLLED_SYNTHETIC
H0006360,SME002501,TERM_DEPOSIT,2025-02-13,621108.410000,9068.010000,True,CONTROLLED_SYNTHETIC
H0006361,SME002504,TERM_DEPOSIT,2024-09-27,114947.350000,3071.690000,True,CONTROLLED_SYNTHETIC
H0006362,SME002506,TERM_DEPOSIT,2021-12-28,1985660.300000,44595.770000,True,CONTROLLED_SYNTHETIC
H0006363,SME002507,TERM_DEPOSIT,2023-11-01,888839.280000,19572.890000,True,CONTROLLED_SYNTHETIC
H0006364,SME002521,TERM_DEPOSIT,2021-04-27,3035358.330000,57601.950000,True,CONTROLLED_SYNTHETIC
H0006365,SME002532,TERM_DEPOSIT,2025-10-11,280900.900000,4852.250000,True,CONTROLLED_SYNTHETIC
H0006366,SME002536,TERM_DEPOSIT,2025-03-10,137190.600000,4902.970000,True,CONTROLLED_SYNTHETIC
H0006367,SME002537,TERM_DEPOSIT,2020-12-31,2325309.990000,20019.200000,True,CONTROLLED_SYNTHETIC
H0006368,SME002539,TERM_DEPOSIT,2020-11-18,716593.200000,10669.460000,True,CONTROLLED_SYNTHETIC
H0006369,SME002543,TERM_DEPOSIT,2023-01-08,2972463.100000,83535.100000,True,CONTROLLED_SYNTHETIC
H0006370,SME002550,TERM_DEPOSIT,2024-12-17,207450.290000,10148.000000,True,CONTROLLED_SYNTHETIC
H0006371,SME002553,TERM_DEPOSIT,2020-09-02,122352.070000,4439.360000,True,CONTROLLED_SYNTHETIC
H0006372,SME002556,TERM_DEPOSIT,2024-03-23,82803.910000,3404.120000,True,CONTROLLED_SYNTHETIC
H0006373,SME002557,TERM_DEPOSIT,2021-03-12,728280.200000,31295.230000,True,CONTROLLED_SYNTHETIC
H0006374,SME002560,TERM_DEPOSIT,2020-06-07,1610763.660000,30767.830000,True,CONTROLLED_SYNTHETIC
H0006375,SME002562,TERM_DEPOSIT,2025-01-15,320250.980000,6084.960000,True,CONTROLLED_SYNTHETIC
H0006376,SME002563,TERM_DEPOSIT,2020-09-05,1430339.370000,28307.750000,True,CONTROLLED_SYNTHETIC
H0006377,SME002565,TERM_DEPOSIT,2020-12-24,864500.750000,36951.470000,True,CONTROLLED_SYNTHETIC
H0006378,SME002569,TERM_DEPOSIT,2024-08-04,834122.710000,17141.890000,True,CONTROLLED_SYNTHETIC
H0006379,SME002570,TERM_DEPOSIT,2025-02-23,1184292.990000,28476.690000,True,CONTROLLED_SYNTHETIC
H0006380,SME002581,TERM_DEPOSIT,2026-04-20,228713.440000,7796.030000,True,CONTROLLED_SYNTHETIC
H0006381,SME002583,TERM_DEPOSIT,2022-07-15,492381.040000,20938.660000,True,CONTROLLED_SYNTHETIC
H0006382,SME002585,TERM_DEPOSIT,2023-02-28,1010367.470000,10035.770000,True,CONTROLLED_SYNTHETIC
H0006383,SME002586,TERM_DEPOSIT,2025-06-03,1011059.740000,4991.740000,True,CONTROLLED_SYNTHETIC
H0006384,SME002590,TERM_DEPOSIT,2026-05-16,3262975.960000,101716.520000,True,CONTROLLED_SYNTHETIC
H0006385,SME002604,TERM_DEPOSIT,2024-04-19,2605691.510000,132465.350000,True,CONTROLLED_SYNTHETIC
H0006386,SME002612,TERM_DEPOSIT,2021-05-18,139372.280000,7021.320000,True,CONTROLLED_SYNTHETIC
H0006387,SME002615,TERM_DEPOSIT,2024-06-21,366586.680000,10779.020000,True,CONTROLLED_SYNTHETIC
H0006388,SME002617,TERM_DEPOSIT,2022-12-16,596880.830000,19319.140000,True,CONTROLLED_SYNTHETIC
H0006389,SME002620,TERM_DEPOSIT,2021-06-28,2384569.160000,50588.710000,True,CONTROLLED_SYNTHETIC
H0006390,SME002622,TERM_DEPOSIT,2022-12-05,342592.150000,1735.420000,True,CONTROLLED_SYNTHETIC
H0006391,SME002623,TERM_DEPOSIT,2024-10-19,127878.270000,2389.930000,True,CONTROLLED_SYNTHETIC
H0006392,SME002624,TERM_DEPOSIT,2020-01-25,531248.380000,6968.660000,True,CONTROLLED_SYNTHETIC
H0006393,SME002629,TERM_DEPOSIT,2023-09-15,603099.120000,7212.330000,True,CONTROLLED_SYNTHETIC
H0006394,SME002630,TERM_DEPOSIT,2024-10-13,1469808.180000,23633.480000,True,CONTROLLED_SYNTHETIC
H0006395,SME002641,TERM_DEPOSIT,2020-04-26,506022.540000,22713.320000,True,CONTROLLED_SYNTHETIC
H0006396,SME002650,TERM_DEPOSIT,2022-04-19,1574097.930000,18226.100000,True,CONTROLLED_SYNTHETIC
H0006397,SME002651,TERM_DEPOSIT,2022-01-22,59946.550000,1552.300000,True,CONTROLLED_SYNTHETIC
H0006398,SME002664,TERM_DEPOSIT,2020-04-06,264738.450000,8949.320000,True,CONTROLLED_SYNTHETIC
H0006399,SME002673,TERM_DEPOSIT,2024-12-17,2008313.080000,91816.570000,True,CONTROLLED_SYNTHETIC
H0006400,SME002674,TERM_DEPOSIT,2023-03-31,75378.380000,1503.500000,True,CONTROLLED_SYNTHETIC
H0006401,SME002678,TERM_DEPOSIT,2021-10-22,201198.320000,1791.100000,True,CONTROLLED_SYNTHETIC
H0006402,SME002679,TERM_DEPOSIT,2023-08-17,117116.070000,2905.180000,True,CONTROLLED_SYNTHETIC
H0006403,SME002680,TERM_DEPOSIT,2020-07-19,292540.650000,12930.900000,True,CONTROLLED_SYNTHETIC
H0006404,SME002684,TERM_DEPOSIT,2026-01-15,364878.620000,5353.550000,True,CONTROLLED_SYNTHETIC
H0006405,SME002686,TERM_DEPOSIT,2021-08-06,125417.170000,6491.190000,True,CONTROLLED_SYNTHETIC
H0006406,SME002688,TERM_DEPOSIT,2025-08-13,113395.850000,3895.850000,True,CONTROLLED_SYNTHETIC
H0006407,SME002689,TERM_DEPOSIT,2025-01-09,704606.540000,17861.750000,True,CONTROLLED_SYNTHETIC
H0006408,SME002690,TERM_DEPOSIT,2021-07-15,177124.150000,5136.330000,True,CONTROLLED_SYNTHETIC
H0006409,SME002697,TERM_DEPOSIT,2023-03-12,151792.920000,3381.340000,True,CONTROLLED_SYNTHETIC
H0006410,SME002698,TERM_DEPOSIT,2023-05-01,596475.310000,18775.370000,True,CONTROLLED_SYNTHETIC
H0006411,SME002702,TERM_DEPOSIT,2022-12-25,363645.570000,19773.900000,True,CONTROLLED_SYNTHETIC
H0006412,SME002707,TERM_DEPOSIT,2023-06-01,1621036.920000,41783.310000,True,CONTROLLED_SYNTHETIC
H0006413,SME002708,TERM_DEPOSIT,2020-12-30,76651.710000,3042.010000,True,CONTROLLED_SYNTHETIC
H0006414,SME002714,TERM_DEPOSIT,2023-09-05,216901.310000,5881.880000,True,CONTROLLED_SYNTHETIC
H0006415,SME002715,TERM_DEPOSIT,2020-11-06,1113730.170000,9356.050000,True,CONTROLLED_SYNTHETIC
H0006416,SME002716,TERM_DEPOSIT,2020-08-06,496983.490000,22243.850000,True,CONTROLLED_SYNTHETIC
H0006417,SME002717,TERM_DEPOSIT,2025-04-03,289250.510000,6473.130000,True,CONTROLLED_SYNTHETIC
H0006418,SME002719,TERM_DEPOSIT,2023-05-05,1329658.450000,61418.350000,True,CONTROLLED_SYNTHETIC
H0006419,SME002721,TERM_DEPOSIT,2024-01-02,625032.770000,32090.890000,True,CONTROLLED_SYNTHETIC
H0006420,SME002725,TERM_DEPOSIT,2021-01-11,2358083.380000,42916.510000,True,CONTROLLED_SYNTHETIC
H0006421,SME002726,TERM_DEPOSIT,2020-07-02,6693919.360000,72716.960000,True,CONTROLLED_SYNTHETIC
H0006422,SME002727,TERM_DEPOSIT,2025-02-25,1022841.690000,52754.010000,True,CONTROLLED_SYNTHETIC
H0006423,SME002728,TERM_DEPOSIT,2021-03-02,412361.150000,9141.630000,True,CONTROLLED_SYNTHETIC
H0006424,SME002737,TERM_DEPOSIT,2025-07-25,181958.340000,5310.590000,True,CONTROLLED_SYNTHETIC
H0006425,SME002742,TERM_DEPOSIT,2023-11-27,605769.630000,9873.470000,True,CONTROLLED_SYNTHETIC
H0006426,SME002743,TERM_DEPOSIT,2024-06-21,467448.130000,6550.750000,True,CONTROLLED_SYNTHETIC
H0006427,SME002744,TERM_DEPOSIT,2021-05-09,426785.090000,5398.110000,True,CONTROLLED_SYNTHETIC
H0006428,SME002748,TERM_DEPOSIT,2026-05-11,626797.950000,10433.210000,True,CONTROLLED_SYNTHETIC
H0006429,SME002750,TERM_DEPOSIT,2021-01-22,263281.020000,11105.310000,True,CONTROLLED_SYNTHETIC
H0006430,SME002760,TERM_DEPOSIT,2022-09-07,1082361.560000,18183.610000,True,CONTROLLED_SYNTHETIC
H0006431,SME002763,TERM_DEPOSIT,2025-03-22,62833.260000,2176.180000,True,CONTROLLED_SYNTHETIC
H0006432,SME002764,TERM_DEPOSIT,2025-07-13,506468.000000,17436.710000,True,CONTROLLED_SYNTHETIC
H0006433,SME002765,TERM_DEPOSIT,2024-12-12,89832.810000,1225.600000,True,CONTROLLED_SYNTHETIC
H0006434,SME002767,TERM_DEPOSIT,2025-01-14,159340.480000,1926.250000,True,CONTROLLED_SYNTHETIC
H0006435,SME002769,TERM_DEPOSIT,2020-02-05,729767.990000,39891.810000,True,CONTROLLED_SYNTHETIC
H0006436,SME002773,TERM_DEPOSIT,2021-03-24,254276.590000,7417.160000,True,CONTROLLED_SYNTHETIC
H0006437,SME002775,TERM_DEPOSIT,2024-12-13,143763.600000,7606.130000,True,CONTROLLED_SYNTHETIC
H0006438,SME002778,TERM_DEPOSIT,2024-10-10,237635.060000,3658.290000,True,CONTROLLED_SYNTHETIC
H0006439,SME002779,TERM_DEPOSIT,2025-07-21,952895.240000,39911.270000,True,CONTROLLED_SYNTHETIC
H0006440,SME002780,TERM_DEPOSIT,2020-06-25,564212.960000,23978.440000,True,CONTROLLED_SYNTHETIC
H0006441,SME002782,TERM_DEPOSIT,2025-02-20,42613.040000,775.320000,True,CONTROLLED_SYNTHETIC
H0006442,SME002783,TERM_DEPOSIT,2021-09-12,1061635.300000,9446.020000,True,CONTROLLED_SYNTHETIC
H0006443,SME002786,TERM_DEPOSIT,2025-06-23,156991.210000,5461.920000,True,CONTROLLED_SYNTHETIC
H0006444,SME002790,TERM_DEPOSIT,2025-05-28,172551.920000,3420.960000,True,CONTROLLED_SYNTHETIC
H0006445,SME002792,TERM_DEPOSIT,2021-06-22,308227.940000,16002.420000,True,CONTROLLED_SYNTHETIC
H0006446,SME002800,TERM_DEPOSIT,2021-02-27,709687.770000,6154.770000,True,CONTROLLED_SYNTHETIC
H0006447,SME002802,TERM_DEPOSIT,2026-04-22,643159.010000,20368.010000,True,CONTROLLED_SYNTHETIC
H0006448,SME002807,TERM_DEPOSIT,2022-09-08,1194196.750000,24241.400000,True,CONTROLLED_SYNTHETIC
H0006449,SME002810,TERM_DEPOSIT,2022-08-27,2639312.650000,104538.330000,True,CONTROLLED_SYNTHETIC
H0006450,SME002814,TERM_DEPOSIT,2021-05-01,245163.250000,8518.560000,True,CONTROLLED_SYNTHETIC
H0006451,SME002816,TERM_DEPOSIT,2020-07-20,744677.020000,3291.130000,True,CONTROLLED_SYNTHETIC
H0006452,SME002825,TERM_DEPOSIT,2023-05-15,160369.170000,4412.870000,True,CONTROLLED_SYNTHETIC
H0006453,SME002829,TERM_DEPOSIT,2025-07-31,522829.720000,18887.320000,True,CONTROLLED_SYNTHETIC
H0006454,SME002835,TERM_DEPOSIT,2024-04-30,105697.810000,698.430000,True,CONTROLLED_SYNTHETIC
H0006455,SME002844,TERM_DEPOSIT,2020-04-24,301433.150000,16132.130000,True,CONTROLLED_SYNTHETIC
H0006456,SME002847,TERM_DEPOSIT,2025-09-26,309595.660000,10561.980000,True,CONTROLLED_SYNTHETIC
H0006457,SME002848,TERM_DEPOSIT,2022-11-15,1360473.910000,70001.910000,True,CONTROLLED_SYNTHETIC
H0006458,SME002852,TERM_DEPOSIT,2025-06-15,134588.540000,6515.370000,True,CONTROLLED_SYNTHETIC
H0006459,SME002854,TERM_DEPOSIT,2023-05-09,192245.900000,8437.550000,True,CONTROLLED_SYNTHETIC
H0006460,SME002860,TERM_DEPOSIT,2021-12-25,400346.750000,11071.360000,True,CONTROLLED_SYNTHETIC
H0006461,SME002862,TERM_DEPOSIT,2020-10-31,184414.510000,5334.130000,True,CONTROLLED_SYNTHETIC
H0006462,SME002867,TERM_DEPOSIT,2025-04-02,1551531.190000,22144.500000,True,CONTROLLED_SYNTHETIC
H0006463,SME002874,TERM_DEPOSIT,2023-12-03,377509.720000,11147.630000,True,CONTROLLED_SYNTHETIC
H0006464,SME002888,TERM_DEPOSIT,2023-09-10,244421.060000,11941.500000,True,CONTROLLED_SYNTHETIC
H0006465,SME002891,TERM_DEPOSIT,2025-02-28,253068.040000,2799.220000,True,CONTROLLED_SYNTHETIC
H0006466,SME002892,TERM_DEPOSIT,2024-02-02,306216.430000,6750.720000,True,CONTROLLED_SYNTHETIC
H0006467,SME002899,TERM_DEPOSIT,2024-04-28,306910.940000,12161.250000,True,CONTROLLED_SYNTHETIC
H0006468,SME002900,TERM_DEPOSIT,2021-01-31,143396.510000,4256.190000,True,CONTROLLED_SYNTHETIC
H0006469,SME002913,TERM_DEPOSIT,2022-02-02,169076.550000,1662.100000,True,CONTROLLED_SYNTHETIC
H0006470,SME002914,TERM_DEPOSIT,2021-09-18,1388789.050000,67520.240000,True,CONTROLLED_SYNTHETIC
H0006471,SME002917,TERM_DEPOSIT,2021-04-26,994719.360000,29795.720000,True,CONTROLLED_SYNTHETIC
H0006472,SME002919,TERM_DEPOSIT,2024-12-07,1311749.620000,14384.590000,True,CONTROLLED_SYNTHETIC
H0006473,SME002920,TERM_DEPOSIT,2023-05-16,1159290.330000,49542.890000,True,CONTROLLED_SYNTHETIC
H0006474,SME002946,TERM_DEPOSIT,2024-01-03,671391.030000,25924.160000,True,CONTROLLED_SYNTHETIC
H0006475,SME002949,TERM_DEPOSIT,2020-03-16,982404.870000,8898.590000,True,CONTROLLED_SYNTHETIC
H0006476,SME002950,TERM_DEPOSIT,2025-05-21,936208.520000,41851.490000,True,CONTROLLED_SYNTHETIC
H0006477,SME002951,TERM_DEPOSIT,2020-11-25,240459.670000,5019.970000,True,CONTROLLED_SYNTHETIC
H0006478,SME002968,TERM_DEPOSIT,2024-03-25,116580.500000,1801.140000,True,CONTROLLED_SYNTHETIC
H0006479,SME002969,TERM_DEPOSIT,2021-02-14,341056.860000,5066.320000,True,CONTROLLED_SYNTHETIC
H0006480,SME002972,TERM_DEPOSIT,2025-09-24,296599.550000,14904.750000,True,CONTROLLED_SYNTHETIC
H0006481,SME002978,TERM_DEPOSIT,2023-12-20,493096.220000,13717.830000,True,CONTROLLED_SYNTHETIC
H0006482,SME002980,TERM_DEPOSIT,2025-07-20,340889.810000,17108.310000,True,CONTROLLED_SYNTHETIC
H0006483,SME002984,TERM_DEPOSIT,2021-05-15,640713.010000,4080.790000,True,CONTROLLED_SYNTHETIC
H0006484,SME002987,TERM_DEPOSIT,2022-10-31,321512.580000,1947.960000,True,CONTROLLED_SYNTHETIC
H0006485,SME002988,TERM_DEPOSIT,2026-03-30,363523.910000,19180.510000,True,CONTROLLED_SYNTHETIC
H0006486,SME002989,TERM_DEPOSIT,2025-11-19,1016084.240000,37389.810000,True,CONTROLLED_SYNTHETIC
H0006487,SME002997,TERM_DEPOSIT,2023-08-09,117184.540000,1681.240000,True,CONTROLLED_SYNTHETIC
H0006488,SME002999,TERM_DEPOSIT,2024-12-07,3566410.840000,110758.850000,True,CONTROLLED_SYNTHETIC
H0006489,SME003004,TERM_DEPOSIT,2024-03-30,363539.910000,14663.800000,True,CONTROLLED_SYNTHETIC
H0006490,SME003005,TERM_DEPOSIT,2024-10-02,593230.940000,23452.310000,True,CONTROLLED_SYNTHETIC
H0006491,SME003011,TERM_DEPOSIT,2021-05-14,1688670.240000,30529.860000,True,CONTROLLED_SYNTHETIC
H0006492,SME003012,TERM_DEPOSIT,2021-09-19,519908.070000,10513.550000,True,CONTROLLED_SYNTHETIC
H0006493,SME003014,TERM_DEPOSIT,2020-04-17,140062.510000,979.000000,True,CONTROLLED_SYNTHETIC
H0006494,SME003015,TERM_DEPOSIT,2023-02-06,455879.630000,9682.010000,True,CONTROLLED_SYNTHETIC
H0006495,SME003017,TERM_DEPOSIT,2021-03-04,354671.950000,7209.600000,True,CONTROLLED_SYNTHETIC
H0006496,SME003022,TERM_DEPOSIT,2021-06-04,389039.720000,16888.690000,True,CONTROLLED_SYNTHETIC
H0006497,SME003023,TERM_DEPOSIT,2024-06-18,175019.370000,2838.510000,True,CONTROLLED_SYNTHETIC
H0006498,SME003025,TERM_DEPOSIT,2025-10-10,107654.030000,3455.630000,True,CONTROLLED_SYNTHETIC
H0006499,SME003032,TERM_DEPOSIT,2026-02-20,847977.750000,25521.050000,True,CONTROLLED_SYNTHETIC
H0006500,SME003033,TERM_DEPOSIT,2020-08-28,232109.710000,5274.540000,True,CONTROLLED_SYNTHETIC
H0006501,SME003036,TERM_DEPOSIT,2024-09-17,426488.180000,3919.220000,True,CONTROLLED_SYNTHETIC
H0006502,SME003040,TERM_DEPOSIT,2021-08-12,843701.260000,21855.010000,True,CONTROLLED_SYNTHETIC
H0006503,SME003044,TERM_DEPOSIT,2023-04-06,658640.370000,3175.980000,True,CONTROLLED_SYNTHETIC
H0006504,SME003047,TERM_DEPOSIT,2025-01-14,289930.700000,15361.640000,True,CONTROLLED_SYNTHETIC
H0006505,SME003048,TERM_DEPOSIT,2021-06-11,929536.600000,41839.000000,True,CONTROLLED_SYNTHETIC
H0006506,SME003054,TERM_DEPOSIT,2021-10-14,50895.370000,589.740000,True,CONTROLLED_SYNTHETIC
H0006507,SME003062,TERM_DEPOSIT,2025-03-31,311152.440000,16173.340000,True,CONTROLLED_SYNTHETIC
H0006508,SME003064,TERM_DEPOSIT,2022-01-14,184875.680000,9693.400000,True,CONTROLLED_SYNTHETIC
H0006509,SME003066,TERM_DEPOSIT,2026-04-24,699386.030000,25421.110000,True,CONTROLLED_SYNTHETIC
H0006510,SME003067,TERM_DEPOSIT,2020-03-27,1737847.380000,74871.950000,True,CONTROLLED_SYNTHETIC
H0006511,SME003069,TERM_DEPOSIT,2020-03-11,466079.810000,18804.680000,True,CONTROLLED_SYNTHETIC
H0006512,SME003070,TERM_DEPOSIT,2024-09-05,4789333.200000,180143.840000,True,CONTROLLED_SYNTHETIC
H0006513,SME003076,TERM_DEPOSIT,2022-12-14,874684.980000,27668.380000,True,CONTROLLED_SYNTHETIC
H0006514,SME003078,TERM_DEPOSIT,2020-09-10,378658.530000,15552.550000,True,CONTROLLED_SYNTHETIC
H0006515,SME003090,TERM_DEPOSIT,2020-07-19,1423121.960000,77326.970000,True,CONTROLLED_SYNTHETIC
H0006516,SME003093,TERM_DEPOSIT,2022-06-02,1867660.770000,73470.690000,True,CONTROLLED_SYNTHETIC
H0006517,SME003094,TERM_DEPOSIT,2025-04-21,876037.080000,29694.250000,True,CONTROLLED_SYNTHETIC
H0006518,SME003095,TERM_DEPOSIT,2024-01-23,379173.920000,5234.140000,True,CONTROLLED_SYNTHETIC
H0006519,SME003102,TERM_DEPOSIT,2022-05-13,3588863.130000,151498.560000,True,CONTROLLED_SYNTHETIC
H0006520,SME003103,TERM_DEPOSIT,2022-01-03,726007.340000,26980.680000,True,CONTROLLED_SYNTHETIC
H0006521,SME003104,TERM_DEPOSIT,2025-05-10,47959.810000,284.400000,True,CONTROLLED_SYNTHETIC
H0006522,SME003111,TERM_DEPOSIT,2021-04-09,1143671.520000,25857.590000,True,CONTROLLED_SYNTHETIC
H0006523,SME003114,TERM_DEPOSIT,2021-06-07,863477.290000,5225.130000,True,CONTROLLED_SYNTHETIC
H0006524,SME003115,TERM_DEPOSIT,2020-10-23,199504.130000,7368.520000,True,CONTROLLED_SYNTHETIC
H0006525,SME003121,TERM_DEPOSIT,2020-06-04,76118.290000,705.140000,True,CONTROLLED_SYNTHETIC
H0006526,SME003128,TERM_DEPOSIT,2020-10-24,163346.510000,5393.450000,True,CONTROLLED_SYNTHETIC
H0006527,SME003129,TERM_DEPOSIT,2022-03-06,3054073.230000,35940.890000,True,CONTROLLED_SYNTHETIC
H0006528,SME003132,TERM_DEPOSIT,2023-07-14,1250019.940000,43709.250000,True,CONTROLLED_SYNTHETIC
H0006529,SME003136,TERM_DEPOSIT,2022-05-31,3004385.680000,164883.560000,True,CONTROLLED_SYNTHETIC
H0006530,SME003137,TERM_DEPOSIT,2025-11-01,173391.390000,4652.870000,True,CONTROLLED_SYNTHETIC
H0006531,SME003140,TERM_DEPOSIT,2025-02-02,760646.370000,20961.080000,True,CONTROLLED_SYNTHETIC
H0006532,SME003145,TERM_DEPOSIT,2020-03-28,338607.910000,3109.940000,True,CONTROLLED_SYNTHETIC
H0006533,SME003153,TERM_DEPOSIT,2020-04-25,94285.180000,1443.510000,True,CONTROLLED_SYNTHETIC
H0006534,SME003154,TERM_DEPOSIT,2020-12-01,1676315.040000,41449.880000,True,CONTROLLED_SYNTHETIC
H0006535,SME003159,TERM_DEPOSIT,2022-03-31,536171.240000,14888.010000,True,CONTROLLED_SYNTHETIC
H0006536,SME003160,TERM_DEPOSIT,2022-08-29,515617.150000,21942.730000,True,CONTROLLED_SYNTHETIC
H0006537,SME003163,TERM_DEPOSIT,2021-12-29,127888.570000,4104.600000,True,CONTROLLED_SYNTHETIC
H0006538,SME003165,TERM_DEPOSIT,2024-01-26,90550.850000,918.820000,True,CONTROLLED_SYNTHETIC
H0006539,SME003166,TERM_DEPOSIT,2021-05-21,223374.600000,3440.810000,True,CONTROLLED_SYNTHETIC
H0006540,SME003168,TERM_DEPOSIT,2021-12-06,605918.830000,2586.290000,True,CONTROLLED_SYNTHETIC
H0006541,SME003169,TERM_DEPOSIT,2021-07-15,53719.480000,2451.550000,True,CONTROLLED_SYNTHETIC
H0006542,SME003176,TERM_DEPOSIT,2025-02-23,140993.000000,3085.540000,True,CONTROLLED_SYNTHETIC
H0006543,SME003177,TERM_DEPOSIT,2020-08-10,283160.300000,11708.370000,True,CONTROLLED_SYNTHETIC
H0006544,SME003179,TERM_DEPOSIT,2022-05-22,221302.190000,10334.580000,True,CONTROLLED_SYNTHETIC
H0006545,SME003182,TERM_DEPOSIT,2021-03-28,6009182.980000,51248.990000,True,CONTROLLED_SYNTHETIC
H0006546,SME003185,TERM_DEPOSIT,2022-07-06,1051602.870000,36039.020000,True,CONTROLLED_SYNTHETIC
H0006547,SME003186,TERM_DEPOSIT,2025-04-02,389202.870000,21386.380000,True,CONTROLLED_SYNTHETIC
H0006548,SME003188,TERM_DEPOSIT,2022-04-27,87669.220000,2359.550000,True,CONTROLLED_SYNTHETIC
H0006549,SME003195,TERM_DEPOSIT,2023-03-25,105364.860000,4915.490000,True,CONTROLLED_SYNTHETIC
H0006550,SME003200,TERM_DEPOSIT,2020-03-08,464525.700000,6135.420000,True,CONTROLLED_SYNTHETIC
H0006551,SME000001,FX_RISK_MANAGEMENT,2024-03-04,3966328.080000,17486.310000,True,CONTROLLED_SYNTHETIC
H0006552,SME000002,FX_RISK_MANAGEMENT,2021-02-23,1841624.520000,49421.160000,True,CONTROLLED_SYNTHETIC
H0006553,SME000003,FX_RISK_MANAGEMENT,2020-04-30,122540179.040000,5821277.800000,True,CONTROLLED_SYNTHETIC
H0006554,SME000027,FX_RISK_MANAGEMENT,2023-07-23,0.000000,0.000000,True,CONTROLLED_SYNTHETIC
H0006555,SME000028,FX_RISK_MANAGEMENT,2024-07-15,10603610.200000,107967.760000,True,CONTROLLED_SYNTHETIC
H0006556,SME000046,FX_RISK_MANAGEMENT,2025-06-05,0.000000,0.000000,True,CONTROLLED_SYNTHETIC
H0006557,SME000063,FX_RISK_MANAGEMENT,2021-06-13,23614292.480000,629599.570000,True,CONTROLLED_SYNTHETIC
H0006558,SME000074,FX_RISK_MANAGEMENT,2026-03-19,49516323.520000,691209.810000,True,CONTROLLED_SYNTHETIC
H0006559,SME000080,FX_RISK_MANAGEMENT,2023-07-17,7851286.400000,101809.060000,True,CONTROLLED_SYNTHETIC
H0006560,SME000081,FX_RISK_MANAGEMENT,2020-04-13,50533972.120000,457482.170000,True,CONTROLLED_SYNTHETIC
H0006561,SME000084,FX_RISK_MANAGEMENT,2025-07-24,6652742.440000,291281.120000,True,CONTROLLED_SYNTHETIC
H0006562,SME000090,FX_RISK_MANAGEMENT,2025-05-07,0.000000,0.000000,True,CONTROLLED_SYNTHETIC
H0006563,SME000094,FX_RISK_MANAGEMENT,2024-02-20,0.000000,0.000000,True,CONTROLLED_SYNTHETIC
H0006564,SME000100,FX_RISK_MANAGEMENT,2024-12-19,0.000000,0.000000,True,CONTROLLED_SYNTHETIC
H0006565,SME000101,FX_RISK_MANAGEMENT,2023-01-17,0.000000,0.000000,True,CONTROLLED_SYNTHETIC
H0006566,SME000118,FX_RISK_MANAGEMENT,2020-03-20,1726993.520000,69615.290000,True,CONTROLLED_SYNTHETIC
H0006567,SME000122,FX_RISK_MANAGEMENT,2022-02-04,0.000000,0.000000,True,CONTROLLED_SYNTHETIC
H0006568,SME000129,FX_RISK_MANAGEMENT,2024-07-14,7164945.720000,196461.020000,True,CONTROLLED_SYNTHETIC
H0006569,SME000132,FX_RISK_MANAGEMENT,2024-08-20,10410984.440000,47235.670000,True,CONTROLLED_SYNTHETIC
H0006570,SME000137,FX_RISK_MANAGEMENT,2020-02-03,20195056.960000,606607.400000,True,CONTROLLED_SYNTHETIC
H0006571,SME000141,FX_RISK_MANAGEMENT,2022-04-01,3212808.320000,170795.560000,True,CONTROLLED_SYNTHETIC
H0006572,SME000149,FX_RISK_MANAGEMENT,2020-12-14,0.000000,0.000000,True,CONTROLLED_SYNTHETIC
H0006573,SME000154,FX_RISK_MANAGEMENT,2022-02-18,2375207.160000,119920.510000,True,CONTROLLED_SYNTHETIC
H0006574,SME000157,FX_RISK_MANAGEMENT,2023-07-09,0.000000,0.000000,True,CONTROLLED_SYNTHETIC
H0006575,SME000162,FX_RISK_MANAGEMENT,2024-12-17,38071328.880000,1892244.340000,True,CONTROLLED_SYNTHETIC
H0006576,SME000171,FX_RISK_MANAGEMENT,2025-02-18,0.000000,0.000000,True,CONTROLLED_SYNTHETIC
H0006577,SME000194,FX_RISK_MANAGEMENT,2021-06-22,0.000000,0.000000,True,CONTROLLED_SYNTHETIC
H0006578,SME000195,FX_RISK_MANAGEMENT,2024-08-11,1450925.320000,68956.050000,True,CONTROLLED_SYNTHETIC
H0006579,SME000204,FX_RISK_MANAGEMENT,2025-09-02,1756351.440000,16636.580000,True,CONTROLLED_SYNTHETIC
H0006580,SME000225,FX_RISK_MANAGEMENT,2024-02-13,34069450.000000,1716040.240000,True,CONTROLLED_SYNTHETIC
H0006581,SME000234,FX_RISK_MANAGEMENT,2025-01-10,0.000000,0.000000,True,CONTROLLED_SYNTHETIC
H0006582,SME000235,FX_RISK_MANAGEMENT,2024-11-12,0.000000,0.000000,True,CONTROLLED_SYNTHETIC
H0006583,SME000242,FX_RISK_MANAGEMENT,2022-07-21,0.000000,0.000000,True,CONTROLLED_SYNTHETIC
H0006584,SME000255,FX_RISK_MANAGEMENT,2020-07-18,80002809.520000,1406782.740000,True,CONTROLLED_SYNTHETIC
H0006585,SME000265,FX_RISK_MANAGEMENT,2025-11-13,0.000000,0.000000,True,CONTROLLED_SYNTHETIC
H0006586,SME000279,FX_RISK_MANAGEMENT,2024-12-19,0.000000,0.000000,True,CONTROLLED_SYNTHETIC
H0006587,SME000282,FX_RISK_MANAGEMENT,2021-12-25,1920248.680000,100707.200000,True,CONTROLLED_SYNTHETIC
H0006588,SME000283,FX_RISK_MANAGEMENT,2021-03-04,12957340.960000,102598.630000,True,CONTROLLED_SYNTHETIC
H0006589,SME000287,FX_RISK_MANAGEMENT,2022-03-25,1993521.800000,20908.420000,True,CONTROLLED_SYNTHETIC
H0006590,SME000289,FX_RISK_MANAGEMENT,2020-08-28,0.000000,0.000000,True,CONTROLLED_SYNTHETIC
H0006591,SME000293,FX_RISK_MANAGEMENT,2026-04-23,0.000000,0.000000,True,CONTROLLED_SYNTHETIC
H0006592,SME000296,FX_RISK_MANAGEMENT,2023-04-19,0.000000,0.000000,True,CONTROLLED_SYNTHETIC
H0006593,SME000297,FX_RISK_MANAGEMENT,2022-04-26,670934.920000,4623.640000,True,CONTROLLED_SYNTHETIC
H0006594,SME000319,FX_RISK_MANAGEMENT,2023-10-23,0.000000,0.000000,True,CONTROLLED_SYNTHETIC
H0006595,SME000331,FX_RISK_MANAGEMENT,2022-04-09,0.000000,0.000000,True,CONTROLLED_SYNTHETIC
H0006596,SME000334,FX_RISK_MANAGEMENT,2020-02-26,33252928.440000,1159009.380000,True,CONTROLLED_SYNTHETIC
H0006597,SME000337,FX_RISK_MANAGEMENT,2023-03-13,0.000000,0.000000,True,CONTROLLED_SYNTHETIC
H0006598,SME000338,FX_RISK_MANAGEMENT,2022-11-04,2669553.840000,111782.810000,True,CONTROLLED_SYNTHETIC
H0006599,SME000349,FX_RISK_MANAGEMENT,2020-10-22,49833196.440000,483574.510000,True,CONTROLLED_SYNTHETIC
H0006600,SME000355,FX_RISK_MANAGEMENT,2022-08-24,0.000000,0.000000,True,CONTROLLED_SYNTHETIC
H0006601,SME000358,FX_RISK_MANAGEMENT,2020-09-14,0.000000,0.000000,True,CONTROLLED_SYNTHETIC
H0006602,SME000363,FX_RISK_MANAGEMENT,2021-02-12,426442.840000,15834.040000,True,CONTROLLED_SYNTHETIC
H0006603,SME000365,FX_RISK_MANAGEMENT,2021-01-26,0.000000,0.000000,True,CONTROLLED_SYNTHETIC
H0006604,SME000368,FX_RISK_MANAGEMENT,2026-03-20,0.000000,0.000000,True,CONTROLLED_SYNTHETIC
H0006605,SME000372,FX_RISK_MANAGEMENT,2022-10-23,14185134.520000,86629.890000,True,CONTROLLED_SYNTHETIC
H0006606,SME000374,FX_RISK_MANAGEMENT,2024-05-03,0.000000,0.000000,True,CONTROLLED_SYNTHETIC
H0006607,SME000375,FX_RISK_MANAGEMENT,2024-03-06,2089761.080000,62457.750000,True,CONTROLLED_SYNTHETIC
H0006608,SME000383,FX_RISK_MANAGEMENT,2021-10-22,6080860.120000,311800.370000,True,CONTROLLED_SYNTHETIC
H0006609,SME000384,FX_RISK_MANAGEMENT,2021-04-24,5583443.760000,147666.840000,True,CONTROLLED_SYNTHETIC
H0006610,SME000385,FX_RISK_MANAGEMENT,2025-07-04,0.000000,0.000000,True,CONTROLLED_SYNTHETIC
H0006611,SME000402,FX_RISK_MANAGEMENT,2023-09-16,0.000000,0.000000,True,CONTROLLED_SYNTHETIC
H0006612,SME000403,FX_RISK_MANAGEMENT,2023-01-16,0.000000,0.000000,True,CONTROLLED_SYNTHETIC
H0006613,SME000407,FX_RISK_MANAGEMENT,2026-03-13,10443190.720000,513343.400000,True,CONTROLLED_SYNTHETIC
H0006614,SME000408,FX_RISK_MANAGEMENT,2025-09-04,0.000000,0.000000,True,CONTROLLED_SYNTHETIC
H0006615,SME000437,FX_RISK_MANAGEMENT,2022-10-09,0.000000,0.000000,True,CONTROLLED_SYNTHETIC
H0006616,SME000446,FX_RISK_MANAGEMENT,2024-05-14,17905421.000000,516478.350000,True,CONTROLLED_SYNTHETIC
H0006617,SME000451,FX_RISK_MANAGEMENT,2023-05-27,1422331.000000,69805.810000,True,CONTROLLED_SYNTHETIC
H0006618,SME000464,FX_RISK_MANAGEMENT,2023-03-14,172081382.760000,7508761.380000,True,CONTROLLED_SYNTHETIC
H0006619,SME000476,FX_RISK_MANAGEMENT,2024-08-20,0.000000,0.000000,True,CONTROLLED_SYNTHETIC
H0006620,SME000479,FX_RISK_MANAGEMENT,2022-11-17,0.000000,0.000000,True,CONTROLLED_SYNTHETIC
H0006621,SME000481,FX_RISK_MANAGEMENT,2021-12-14,0.000000,0.000000,True,CONTROLLED_SYNTHETIC
H0006622,SME000485,FX_RISK_MANAGEMENT,2025-12-25,3885401.560000,141634.210000,True,CONTROLLED_SYNTHETIC
H0006623,SME000487,FX_RISK_MANAGEMENT,2023-01-10,20351713.760000,296943.870000,True,CONTROLLED_SYNTHETIC
H0006624,SME000499,FX_RISK_MANAGEMENT,2023-05-11,7093485.440000,363962.050000,True,CONTROLLED_SYNTHETIC
H0006625,SME000504,FX_RISK_MANAGEMENT,2025-02-18,0.000000,0.000000,True,CONTROLLED_SYNTHETIC
H0006626,SME000509,FX_RISK_MANAGEMENT,2020-12-02,1884720.480000,42240.410000,True,CONTROLLED_SYNTHETIC
H0006627,SME000510,FX_RISK_MANAGEMENT,2021-01-29,0.000000,0.000000,True,CONTROLLED_SYNTHETIC
H0006628,SME000511,FX_RISK_MANAGEMENT,2022-12-25,1077907.840000,30751.270000,True,CONTROLLED_SYNTHETIC
H0006629,SME000514,FX_RISK_MANAGEMENT,2020-06-27,0.000000,0.000000,True,CONTROLLED_SYNTHETIC
H0006630,SME000523,FX_RISK_MANAGEMENT,2026-04-06,0.000000,0.000000,True,CONTROLLED_SYNTHETIC
H0006631,SME000531,FX_RISK_MANAGEMENT,2024-05-10,3078913.000000,130728.920000,True,CONTROLLED_SYNTHETIC
H0006632,SME000538,FX_RISK_MANAGEMENT,2022-07-03,5036885.640000,57685.100000,True,CONTROLLED_SYNTHETIC
H0006633,SME000540,FX_RISK_MANAGEMENT,2025-02-20,5907639.160000,223173.320000,True,CONTROLLED_SYNTHETIC
H0006634,SME000551,FX_RISK_MANAGEMENT,2023-06-14,0.000000,0.000000,True,CONTROLLED_SYNTHETIC
H0006635,SME000553,FX_RISK_MANAGEMENT,2021-03-09,0.000000,0.000000,True,CONTROLLED_SYNTHETIC
H0006636,SME000588,FX_RISK_MANAGEMENT,2024-10-08,0.000000,0.000000,True,CONTROLLED_SYNTHETIC
H0006637,SME000595,FX_RISK_MANAGEMENT,2022-03-10,5132799.920000,153520.460000,True,CONTROLLED_SYNTHETIC
H0006638,SME000597,FX_RISK_MANAGEMENT,2020-07-28,0.000000,0.000000,True,CONTROLLED_SYNTHETIC
H0006639,SME000599,FX_RISK_MANAGEMENT,2025-04-05,8700239.720000,271758.770000,True,CONTROLLED_SYNTHETIC
H0006640,SME000611,FX_RISK_MANAGEMENT,2020-07-10,0.000000,0.000000,True,CONTROLLED_SYNTHETIC
H0006641,SME000613,FX_RISK_MANAGEMENT,2022-05-24,0.000000,0.000000,True,CONTROLLED_SYNTHETIC
H0006642,SME000626,FX_RISK_MANAGEMENT,2025-12-21,0.000000,0.000000,True,CONTROLLED_SYNTHETIC
H0006643,SME000627,FX_RISK_MANAGEMENT,2023-02-05,31488801.240000,1204709.310000,True,CONTROLLED_SYNTHETIC
H0006644,SME000628,FX_RISK_MANAGEMENT,2024-07-09,14435309.040000,679114.430000,True,CONTROLLED_SYNTHETIC
H0006645,SME000629,FX_RISK_MANAGEMENT,2021-09-16,0.000000,0.000000,True,CONTROLLED_SYNTHETIC
H0006646,SME000630,FX_RISK_MANAGEMENT,2021-05-19,9143510.600000,72467.240000,True,CONTROLLED_SYNTHETIC
H0006647,SME000632,FX_RISK_MANAGEMENT,2023-02-12,0.000000,0.000000,True,CONTROLLED_SYNTHETIC
H0006648,SME000639,FX_RISK_MANAGEMENT,2021-03-22,0.000000,0.000000,True,CONTROLLED_SYNTHETIC
H0006649,SME000644,FX_RISK_MANAGEMENT,2025-06-23,5719482.400000,197907.750000,True,CONTROLLED_SYNTHETIC
H0006650,SME000647,FX_RISK_MANAGEMENT,2020-04-20,1476000.480000,21893.930000,True,CONTROLLED_SYNTHETIC
H0006651,SME000651,FX_RISK_MANAGEMENT,2023-07-26,0.000000,0.000000,True,CONTROLLED_SYNTHETIC
H0006652,SME000652,FX_RISK_MANAGEMENT,2020-09-29,0.000000,0.000000,True,CONTROLLED_SYNTHETIC
H0006653,SME000658,FX_RISK_MANAGEMENT,2021-05-22,0.000000,0.000000,True,CONTROLLED_SYNTHETIC
H0006654,SME000669,FX_RISK_MANAGEMENT,2021-10-11,6459723.080000,203404.800000,True,CONTROLLED_SYNTHETIC
H0006655,SME000680,FX_RISK_MANAGEMENT,2025-07-29,0.000000,0.000000,True,CONTROLLED_SYNTHETIC
H0006656,SME000681,FX_RISK_MANAGEMENT,2021-07-31,0.000000,0.000000,True,CONTROLLED_SYNTHETIC
H0006657,SME000686,FX_RISK_MANAGEMENT,2025-03-17,0.000000,0.000000,True,CONTROLLED_SYNTHETIC
H0006658,SME000689,FX_RISK_MANAGEMENT,2022-08-16,1801216.800000,83964.270000,True,CONTROLLED_SYNTHETIC
H0006659,SME000692,FX_RISK_MANAGEMENT,2020-09-11,4037010.920000,113170.700000,True,CONTROLLED_SYNTHETIC
H0006660,SME000693,FX_RISK_MANAGEMENT,2021-10-24,0.000000,0.000000,True,CONTROLLED_SYNTHETIC
H0006661,SME000697,FX_RISK_MANAGEMENT,2025-10-02,0.000000,0.000000,True,CONTROLLED_SYNTHETIC
H0006662,SME000698,FX_RISK_MANAGEMENT,2022-03-10,0.000000,0.000000,True,CONTROLLED_SYNTHETIC
H0006663,SME000701,FX_RISK_MANAGEMENT,2025-07-10,39050012.520000,1403799.100000,True,CONTROLLED_SYNTHETIC
H0006664,SME000711,FX_RISK_MANAGEMENT,2021-09-27,8068263.600000,262714.430000,True,CONTROLLED_SYNTHETIC
H0006665,SME000713,FX_RISK_MANAGEMENT,2024-04-15,0.000000,0.000000,True,CONTROLLED_SYNTHETIC
H0006666,SME000714,FX_RISK_MANAGEMENT,2020-11-04,0.000000,0.000000,True,CONTROLLED_SYNTHETIC
H0006667,SME000721,FX_RISK_MANAGEMENT,2021-01-04,0.000000,0.000000,True,CONTROLLED_SYNTHETIC
H0006668,SME000725,FX_RISK_MANAGEMENT,2020-03-11,0.000000,0.000000,True,CONTROLLED_SYNTHETIC
H0006669,SME000727,FX_RISK_MANAGEMENT,2021-10-15,3305423.280000,171261.200000,True,CONTROLLED_SYNTHETIC
H0006670,SME000731,FX_RISK_MANAGEMENT,2022-05-04,11316211.480000,508403.360000,True,CONTROLLED_SYNTHETIC
H0006671,SME000732,FX_RISK_MANAGEMENT,2022-06-06,0.000000,0.000000,True,CONTROLLED_SYNTHETIC
H0006672,SME000737,FX_RISK_MANAGEMENT,2021-07-28,0.000000,0.000000,True,CONTROLLED_SYNTHETIC
H0006673,SME000743,FX_RISK_MANAGEMENT,2025-05-25,4352905.720000,160822.400000,True,CONTROLLED_SYNTHETIC
H0006674,SME000747,FX_RISK_MANAGEMENT,2025-03-12,0.000000,0.000000,True,CONTROLLED_SYNTHETIC
H0006675,SME000748,FX_RISK_MANAGEMENT,2023-12-23,39906584.600000,712529.710000,True,CONTROLLED_SYNTHETIC
H0006676,SME000752,FX_RISK_MANAGEMENT,2024-01-14,20474458.600000,279451.300000,True,CONTROLLED_SYNTHETIC
H0006677,SME000755,FX_RISK_MANAGEMENT,2024-12-20,9606151.680000,281402.150000,True,CONTROLLED_SYNTHETIC
H0006678,SME000764,FX_RISK_MANAGEMENT,2024-08-06,797419.760000,27992.450000,True,CONTROLLED_SYNTHETIC
H0006679,SME000768,FX_RISK_MANAGEMENT,2023-06-04,47184363.200000,757947.380000,True,CONTROLLED_SYNTHETIC
H0006680,SME000779,FX_RISK_MANAGEMENT,2022-10-20,0.000000,0.000000,True,CONTROLLED_SYNTHETIC
H0006681,SME000780,FX_RISK_MANAGEMENT,2022-02-24,0.000000,0.000000,True,CONTROLLED_SYNTHETIC
H0006682,SME000784,FX_RISK_MANAGEMENT,2023-06-08,2883383.560000,88052.060000,True,CONTROLLED_SYNTHETIC
H0006683,SME000788,FX_RISK_MANAGEMENT,2026-01-30,0.000000,0.000000,True,CONTROLLED_SYNTHETIC
H0006684,SME000790,FX_RISK_MANAGEMENT,2025-06-16,19787794.800000,396243.920000,True,CONTROLLED_SYNTHETIC
H0006685,SME000796,FX_RISK_MANAGEMENT,2024-07-23,0.000000,0.000000,True,CONTROLLED_SYNTHETIC
H0006686,SME000798,FX_RISK_MANAGEMENT,2023-09-08,0.000000,0.000000,True,CONTROLLED_SYNTHETIC
H0006687,SME000800,FX_RISK_MANAGEMENT,2025-10-15,0.000000,0.000000,True,CONTROLLED_SYNTHETIC
H0006688,SME000806,FX_RISK_MANAGEMENT,2021-05-17,0.000000,0.000000,True,CONTROLLED_SYNTHETIC
H0006689,SME000807,FX_RISK_MANAGEMENT,2020-11-20,172122881.800000,3680991.860000,True,CONTROLLED_SYNTHETIC
H0006690,SME000819,FX_RISK_MANAGEMENT,2024-05-13,101959187.520000,2104205.300000,True,CONTROLLED_SYNTHETIC
H0006691,SME000822,FX_RISK_MANAGEMENT,2020-03-10,0.000000,0.000000,True,CONTROLLED_SYNTHETIC
H0006692,SME000835,FX_RISK_MANAGEMENT,2023-11-02,0.000000,0.000000,True,CONTROLLED_SYNTHETIC
H0006693,SME000836,FX_RISK_MANAGEMENT,2020-07-11,9829944.000000,334716.100000,True,CONTROLLED_SYNTHETIC
H0006694,SME000843,FX_RISK_MANAGEMENT,2026-03-03,878727.000000,13576.060000,True,CONTROLLED_SYNTHETIC
H0006695,SME000844,FX_RISK_MANAGEMENT,2022-09-19,113916391.920000,5765238.760000,True,CONTROLLED_SYNTHETIC
H0006696,SME000846,FX_RISK_MANAGEMENT,2025-06-20,0.000000,0.000000,True,CONTROLLED_SYNTHETIC
H0006697,SME000850,FX_RISK_MANAGEMENT,2020-07-09,0.000000,0.000000,True,CONTROLLED_SYNTHETIC
H0006698,SME000860,FX_RISK_MANAGEMENT,2021-01-14,0.000000,0.000000,True,CONTROLLED_SYNTHETIC
H0006699,SME000861,FX_RISK_MANAGEMENT,2022-08-12,2393279.400000,120948.560000,True,CONTROLLED_SYNTHETIC
H0006700,SME000868,FX_RISK_MANAGEMENT,2022-05-25,0.000000,0.000000,True,CONTROLLED_SYNTHETIC
H0006701,SME000874,FX_RISK_MANAGEMENT,2024-12-17,462098.920000,6478.880000,True,CONTROLLED_SYNTHETIC
H0006702,SME000878,FX_RISK_MANAGEMENT,2021-09-10,0.000000,0.000000,True,CONTROLLED_SYNTHETIC
H0006703,SME000886,FX_RISK_MANAGEMENT,2026-02-26,1298663.080000,18617.870000,True,CONTROLLED_SYNTHETIC
H0006704,SME000890,FX_RISK_MANAGEMENT,2024-03-01,1524726.760000,64550.120000,True,CONTROLLED_SYNTHETIC
H0006705,SME000891,FX_RISK_MANAGEMENT,2024-10-15,101978289.600000,4943144.990000,True,CONTROLLED_SYNTHETIC
H0006706,SME000902,FX_RISK_MANAGEMENT,2024-09-09,0.000000,0.000000,True,CONTROLLED_SYNTHETIC
H0006707,SME000907,FX_RISK_MANAGEMENT,2020-05-31,1414924.280000,55443.040000,True,CONTROLLED_SYNTHETIC
H0006708,SME000911,FX_RISK_MANAGEMENT,2023-07-02,5787770.360000,248605.060000,True,CONTROLLED_SYNTHETIC
H0006709,SME000912,FX_RISK_MANAGEMENT,2021-01-04,3265847.280000,77055.280000,True,CONTROLLED_SYNTHETIC
H0006710,SME000914,FX_RISK_MANAGEMENT,2021-04-13,1741209.880000,64559.520000,True,CONTROLLED_SYNTHETIC
H0006711,SME000918,FX_RISK_MANAGEMENT,2022-07-19,7493520.400000,334293.880000,True,CONTROLLED_SYNTHETIC
H0006712,SME000954,FX_RISK_MANAGEMENT,2021-12-13,0.000000,0.000000,True,CONTROLLED_SYNTHETIC
H0006713,SME000965,FX_RISK_MANAGEMENT,2020-10-18,0.000000,0.000000,True,CONTROLLED_SYNTHETIC
H0006714,SME000968,FX_RISK_MANAGEMENT,2020-05-04,0.000000,0.000000,True,CONTROLLED_SYNTHETIC
H0006715,SME000973,FX_RISK_MANAGEMENT,2025-03-12,0.000000,0.000000,True,CONTROLLED_SYNTHETIC
H0006716,SME000984,FX_RISK_MANAGEMENT,2024-10-11,0.000000,0.000000,True,CONTROLLED_SYNTHETIC
H0006717,SME000985,FX_RISK_MANAGEMENT,2023-03-10,0.000000,0.000000,True,CONTROLLED_SYNTHETIC
H0006718,SME000993,FX_RISK_MANAGEMENT,2021-09-19,0.000000,0.000000,True,CONTROLLED_SYNTHETIC
H0006719,SME000996,FX_RISK_MANAGEMENT,2020-08-22,0.000000,0.000000,True,CONTROLLED_SYNTHETIC
H0006720,SME000999,FX_RISK_MANAGEMENT,2023-12-13,0.000000,0.000000,True,CONTROLLED_SYNTHETIC
H0006721,SME001001,FX_RISK_MANAGEMENT,2025-12-26,3171934.720000,13305.360000,True,CONTROLLED_SYNTHETIC
H0006722,SME001006,FX_RISK_MANAGEMENT,2023-11-28,19799182.240000,241145.140000,True,CONTROLLED_SYNTHETIC
H0006723,SME001012,FX_RISK_MANAGEMENT,2021-12-08,0.000000,0.000000,True,CONTROLLED_SYNTHETIC
H0006724,SME001017,FX_RISK_MANAGEMENT,2022-12-31,0.000000,0.000000,True,CONTROLLED_SYNTHETIC
H0006725,SME001024,FX_RISK_MANAGEMENT,2021-05-29,0.000000,0.000000,True,CONTROLLED_SYNTHETIC
H0006726,SME001031,FX_RISK_MANAGEMENT,2023-02-16,0.000000,0.000000,True,CONTROLLED_SYNTHETIC
H0006727,SME001032,FX_RISK_MANAGEMENT,2020-04-23,13745937.920000,285600.740000,True,CONTROLLED_SYNTHETIC
H0006728,SME001033,FX_RISK_MANAGEMENT,2020-09-28,0.000000,0.000000,True,CONTROLLED_SYNTHETIC
H0006729,SME001039,FX_RISK_MANAGEMENT,2022-11-17,24637162.880000,612066.090000,True,CONTROLLED_SYNTHETIC
H0006730,SME001047,FX_RISK_MANAGEMENT,2020-04-22,42493458.080000,1485245.360000,True,CONTROLLED_SYNTHETIC
H0006731,SME001051,FX_RISK_MANAGEMENT,2020-12-13,2871826.520000,71017.030000,True,CONTROLLED_SYNTHETIC
H0006732,SME001060,FX_RISK_MANAGEMENT,2026-03-15,5905078.880000,246500.420000,True,CONTROLLED_SYNTHETIC
H0006733,SME001061,FX_RISK_MANAGEMENT,2022-05-04,0.000000,0.000000,True,CONTROLLED_SYNTHETIC
H0006734,SME001063,FX_RISK_MANAGEMENT,2021-01-08,0.000000,0.000000,True,CONTROLLED_SYNTHETIC
H0006735,SME001067,FX_RISK_MANAGEMENT,2020-05-18,0.000000,0.000000,True,CONTROLLED_SYNTHETIC
H0006736,SME001075,FX_RISK_MANAGEMENT,2021-05-31,53405469.440000,423905.050000,True,CONTROLLED_SYNTHETIC
H0006737,SME001077,FX_RISK_MANAGEMENT,2020-09-07,3795690.800000,50083.890000,True,CONTROLLED_SYNTHETIC
H0006738,SME001085,FX_RISK_MANAGEMENT,2021-07-02,2718534.040000,40700.890000,True,CONTROLLED_SYNTHETIC
H0006739,SME001094,FX_RISK_MANAGEMENT,2024-11-30,4636929.840000,45611.680000,True,CONTROLLED_SYNTHETIC
H0006740,SME001099,FX_RISK_MANAGEMENT,2026-05-19,17403830.440000,576500.300000,True,CONTROLLED_SYNTHETIC
H0006741,SME001101,FX_RISK_MANAGEMENT,2022-07-28,0.000000,0.000000,True,CONTROLLED_SYNTHETIC
H0006742,SME001105,FX_RISK_MANAGEMENT,2022-12-28,0.000000,0.000000,True,CONTROLLED_SYNTHETIC
H0006743,SME001113,FX_RISK_MANAGEMENT,2021-08-12,2490125.480000,78857.960000,True,CONTROLLED_SYNTHETIC
H0006744,SME001129,FX_RISK_MANAGEMENT,2021-11-10,0.000000,0.000000,True,CONTROLLED_SYNTHETIC
H0006745,SME001146,FX_RISK_MANAGEMENT,2023-06-22,3763654.120000,183642.920000,True,CONTROLLED_SYNTHETIC
H0006746,SME001148,FX_RISK_MANAGEMENT,2026-02-09,12696201.400000,139228.290000,True,CONTROLLED_SYNTHETIC
H0006747,SME001150,FX_RISK_MANAGEMENT,2021-04-30,0.000000,0.000000,True,CONTROLLED_SYNTHETIC
H0006748,SME001153,FX_RISK_MANAGEMENT,2023-02-28,21485823.960000,406304.120000,True,CONTROLLED_SYNTHETIC
H0006749,SME001165,FX_RISK_MANAGEMENT,2020-03-28,0.000000,0.000000,True,CONTROLLED_SYNTHETIC
H0006750,SME001173,FX_RISK_MANAGEMENT,2021-06-14,0.000000,0.000000,True,CONTROLLED_SYNTHETIC
H0006751,SME001177,FX_RISK_MANAGEMENT,2026-04-26,0.000000,0.000000,True,CONTROLLED_SYNTHETIC
H0006752,SME001184,FX_RISK_MANAGEMENT,2025-12-15,0.000000,0.000000,True,CONTROLLED_SYNTHETIC
H0006753,SME001189,FX_RISK_MANAGEMENT,2020-02-03,3701667.840000,17583.850000,True,CONTROLLED_SYNTHETIC
H0006754,SME001194,FX_RISK_MANAGEMENT,2022-12-05,3794646.640000,60673.490000,True,CONTROLLED_SYNTHETIC
H0006755,SME001195,FX_RISK_MANAGEMENT,2025-10-27,15663154.400000,268276.570000,True,CONTROLLED_SYNTHETIC
H0006756,SME001204,FX_RISK_MANAGEMENT,2023-05-06,0.000000,0.000000,True,CONTROLLED_SYNTHETIC
H0006757,SME001205,FX_RISK_MANAGEMENT,2024-03-21,90796812.480000,3013138.150000,True,CONTROLLED_SYNTHETIC
H0006758,SME001216,FX_RISK_MANAGEMENT,2021-12-19,14649050.400000,437467.250000,True,CONTROLLED_SYNTHETIC
H0006759,SME001219,FX_RISK_MANAGEMENT,2021-09-10,12951836.840000,583044.010000,True,CONTROLLED_SYNTHETIC
H0006760,SME001222,FX_RISK_MANAGEMENT,2024-10-18,0.000000,0.000000,True,CONTROLLED_SYNTHETIC
H0006761,SME001223,FX_RISK_MANAGEMENT,2020-05-17,0.000000,0.000000,True,CONTROLLED_SYNTHETIC
H0006762,SME001232,FX_RISK_MANAGEMENT,2021-04-08,0.000000,0.000000,True,CONTROLLED_SYNTHETIC
H0006763,SME001237,FX_RISK_MANAGEMENT,2022-12-31,18583149.440000,895526.340000,True,CONTROLLED_SYNTHETIC
H0006764,SME001241,FX_RISK_MANAGEMENT,2024-09-03,0.000000,0.000000,True,CONTROLLED_SYNTHETIC
H0006765,SME001259,FX_RISK_MANAGEMENT,2020-08-11,0.000000,0.000000,True,CONTROLLED_SYNTHETIC
H0006766,SME001263,FX_RISK_MANAGEMENT,2024-07-23,0.000000,0.000000,True,CONTROLLED_SYNTHETIC
H0006767,SME001266,FX_RISK_MANAGEMENT,2022-10-20,0.000000,0.000000,True,CONTROLLED_SYNTHETIC
H0006768,SME001268,FX_RISK_MANAGEMENT,2020-09-17,0.000000,0.000000,True,CONTROLLED_SYNTHETIC
H0006769,SME001274,FX_RISK_MANAGEMENT,2026-02-08,7469850.760000,104426.880000,True,CONTROLLED_SYNTHETIC
H0006770,SME001288,FX_RISK_MANAGEMENT,2022-12-19,0.000000,0.000000,True,CONTROLLED_SYNTHETIC
H0006771,SME001307,FX_RISK_MANAGEMENT,2026-05-20,2442947.040000,74566.030000,True,CONTROLLED_SYNTHETIC
H0006772,SME001333,FX_RISK_MANAGEMENT,2023-08-06,30037827.800000,194069.100000,True,CONTROLLED_SYNTHETIC
H0006773,SME001344,FX_RISK_MANAGEMENT,2025-03-12,1267349.640000,29404.890000,True,CONTROLLED_SYNTHETIC
H0006774,SME001354,FX_RISK_MANAGEMENT,2023-06-05,6303699.080000,323859.570000,True,CONTROLLED_SYNTHETIC
H0006775,SME001374,FX_RISK_MANAGEMENT,2023-10-30,0.000000,0.000000,True,CONTROLLED_SYNTHETIC
H0006776,SME001377,FX_RISK_MANAGEMENT,2020-12-31,18249458.560000,606945.750000,True,CONTROLLED_SYNTHETIC
H0006777,SME001393,FX_RISK_MANAGEMENT,2020-06-03,8588064.600000,209904.190000,True,CONTROLLED_SYNTHETIC
H0006778,SME001430,FX_RISK_MANAGEMENT,2025-12-28,3678435.680000,182180.860000,True,CONTROLLED_SYNTHETIC
H0006779,SME001433,FX_RISK_MANAGEMENT,2026-03-15,0.000000,0.000000,True,CONTROLLED_SYNTHETIC
H0006780,SME001449,FX_RISK_MANAGEMENT,2024-09-01,0.000000,0.000000,True,CONTROLLED_SYNTHETIC
H0006781,SME001452,FX_RISK_MANAGEMENT,2023-04-23,0.000000,0.000000,True,CONTROLLED_SYNTHETIC
H0006782,SME001456,FX_RISK_MANAGEMENT,2024-10-28,3388782.720000,99917.890000,True,CONTROLLED_SYNTHETIC
H0006783,SME001461,FX_RISK_MANAGEMENT,2023-12-17,4222864.360000,61680.590000,True,CONTROLLED_SYNTHETIC
H0006784,SME001462,FX_RISK_MANAGEMENT,2021-12-25,0.000000,0.000000,True,CONTROLLED_SYNTHETIC
H0006785,SME001484,FX_RISK_MANAGEMENT,2025-10-22,1118009.520000,50683.560000,True,CONTROLLED_SYNTHETIC
H0006786,SME001487,FX_RISK_MANAGEMENT,2025-06-16,0.000000,0.000000,True,CONTROLLED_SYNTHETIC
H0006787,SME001491,FX_RISK_MANAGEMENT,2022-05-25,0.000000,0.000000,True,CONTROLLED_SYNTHETIC
H0006788,SME001495,FX_RISK_MANAGEMENT,2023-08-28,0.000000,0.000000,True,CONTROLLED_SYNTHETIC
H0006789,SME001498,FX_RISK_MANAGEMENT,2023-09-12,0.000000,0.000000,True,CONTROLLED_SYNTHETIC
H0006790,SME001512,FX_RISK_MANAGEMENT,2025-09-14,5879886.640000,122438.050000,True,CONTROLLED_SYNTHETIC
H0006791,SME001520,FX_RISK_MANAGEMENT,2023-06-01,6376878.320000,164483.150000,True,CONTROLLED_SYNTHETIC
H0006792,SME001523,FX_RISK_MANAGEMENT,2025-02-16,7291148.240000,218020.200000,True,CONTROLLED_SYNTHETIC
H0006793,SME001530,FX_RISK_MANAGEMENT,2026-01-05,0.000000,0.000000,True,CONTROLLED_SYNTHETIC
H0006794,SME001546,FX_RISK_MANAGEMENT,2020-11-04,0.000000,0.000000,True,CONTROLLED_SYNTHETIC
H0006795,SME001547,FX_RISK_MANAGEMENT,2024-04-11,1681441.320000,16463.770000,True,CONTROLLED_SYNTHETIC
H0006796,SME001551,FX_RISK_MANAGEMENT,2022-01-09,80174399.920000,2886079.210000,True,CONTROLLED_SYNTHETIC
H0006797,SME001555,FX_RISK_MANAGEMENT,2025-06-11,0.000000,0.000000,True,CONTROLLED_SYNTHETIC
H0006798,SME001561,FX_RISK_MANAGEMENT,2021-10-19,0.000000,0.000000,True,CONTROLLED_SYNTHETIC
H0006799,SME001567,FX_RISK_MANAGEMENT,2020-02-29,0.000000,0.000000,True,CONTROLLED_SYNTHETIC
H0006800,SME001571,FX_RISK_MANAGEMENT,2021-10-22,1851636.760000,72387.110000,True,CONTROLLED_SYNTHETIC
H0006801,SME001589,FX_RISK_MANAGEMENT,2020-08-16,1258158.920000,17841.750000,True,CONTROLLED_SYNTHETIC
H0006802,SME001596,FX_RISK_MANAGEMENT,2020-10-13,23739641.800000,1198439.420000,True,CONTROLLED_SYNTHETIC
H0006803,SME001609,FX_RISK_MANAGEMENT,2024-06-09,985173.040000,13187.410000,True,CONTROLLED_SYNTHETIC
H0006804,SME001632,FX_RISK_MANAGEMENT,2024-04-04,28983932.600000,681079.530000,True,CONTROLLED_SYNTHETIC
H0006805,SME001633,FX_RISK_MANAGEMENT,2021-02-19,0.000000,0.000000,True,CONTROLLED_SYNTHETIC
H0006806,SME001636,FX_RISK_MANAGEMENT,2024-06-29,0.000000,0.000000,True,CONTROLLED_SYNTHETIC
H0006807,SME001640,FX_RISK_MANAGEMENT,2021-10-06,4974819.640000,116492.320000,True,CONTROLLED_SYNTHETIC
H0006808,SME001643,FX_RISK_MANAGEMENT,2026-03-19,0.000000,0.000000,True,CONTROLLED_SYNTHETIC
H0006809,SME001650,FX_RISK_MANAGEMENT,2020-03-19,3262512.600000,98026.650000,True,CONTROLLED_SYNTHETIC
H0006810,SME001658,FX_RISK_MANAGEMENT,2021-03-18,0.000000,0.000000,True,CONTROLLED_SYNTHETIC
H0006811,SME001674,FX_RISK_MANAGEMENT,2024-12-03,0.000000,0.000000,True,CONTROLLED_SYNTHETIC
H0006812,SME001690,FX_RISK_MANAGEMENT,2026-03-30,48248411.360000,949933.270000,True,CONTROLLED_SYNTHETIC
H0006813,SME001702,FX_RISK_MANAGEMENT,2026-01-30,0.000000,0.000000,True,CONTROLLED_SYNTHETIC
H0006814,SME001706,FX_RISK_MANAGEMENT,2023-02-09,4983840.440000,166885.040000,True,CONTROLLED_SYNTHETIC
H0006815,SME001718,FX_RISK_MANAGEMENT,2023-03-24,4137031.440000,177693.540000,True,CONTROLLED_SYNTHETIC
H0006816,SME001722,FX_RISK_MANAGEMENT,2020-04-05,31218806.680000,754981.500000,True,CONTROLLED_SYNTHETIC
H0006817,SME001723,FX_RISK_MANAGEMENT,2021-11-20,0.000000,0.000000,True,CONTROLLED_SYNTHETIC
H0006818,SME001724,FX_RISK_MANAGEMENT,2025-08-16,2781704.080000,89665.480000,True,CONTROLLED_SYNTHETIC
H0006819,SME001725,FX_RISK_MANAGEMENT,2021-06-25,0.000000,0.000000,True,CONTROLLED_SYNTHETIC
H0006820,SME001731,FX_RISK_MANAGEMENT,2023-07-20,3291992.440000,175009.710000,True,CONTROLLED_SYNTHETIC
H0006821,SME001732,FX_RISK_MANAGEMENT,2020-03-28,0.000000,0.000000,True,CONTROLLED_SYNTHETIC
H0006822,SME001750,FX_RISK_MANAGEMENT,2022-12-21,13045463.680000,673113.730000,True,CONTROLLED_SYNTHETIC
H0006823,SME001760,FX_RISK_MANAGEMENT,2025-04-08,23371837.760000,314328.550000,True,CONTROLLED_SYNTHETIC
H0006824,SME001761,FX_RISK_MANAGEMENT,2020-05-02,0.000000,0.000000,True,CONTROLLED_SYNTHETIC
H0006825,SME001765,FX_RISK_MANAGEMENT,2024-08-09,931338.120000,32680.670000,True,CONTROLLED_SYNTHETIC
H0006826,SME001768,FX_RISK_MANAGEMENT,2022-12-21,0.000000,0.000000,True,CONTROLLED_SYNTHETIC
H0006827,SME001771,FX_RISK_MANAGEMENT,2022-04-18,57991319.760000,2424870.020000,True,CONTROLLED_SYNTHETIC
H0006828,SME001778,FX_RISK_MANAGEMENT,2024-11-10,0.000000,0.000000,True,CONTROLLED_SYNTHETIC
H0006829,SME001781,FX_RISK_MANAGEMENT,2026-03-18,0.000000,0.000000,True,CONTROLLED_SYNTHETIC
H0006830,SME001810,FX_RISK_MANAGEMENT,2022-07-17,0.000000,0.000000,True,CONTROLLED_SYNTHETIC
H0006831,SME001817,FX_RISK_MANAGEMENT,2020-10-12,9754264.040000,122270.950000,True,CONTROLLED_SYNTHETIC
H0006832,SME001820,FX_RISK_MANAGEMENT,2020-07-13,45257631.280000,1176285.570000,True,CONTROLLED_SYNTHETIC
H0006833,SME001824,FX_RISK_MANAGEMENT,2023-04-28,0.000000,0.000000,True,CONTROLLED_SYNTHETIC
H0006834,SME001841,FX_RISK_MANAGEMENT,2025-12-11,55285407.960000,1476323.140000,True,CONTROLLED_SYNTHETIC
H0006835,SME001844,FX_RISK_MANAGEMENT,2023-02-22,0.000000,0.000000,True,CONTROLLED_SYNTHETIC
H0006836,SME001860,FX_RISK_MANAGEMENT,2024-05-14,47060897.760000,876645.360000,True,CONTROLLED_SYNTHETIC
H0006837,SME001869,FX_RISK_MANAGEMENT,2022-01-31,0.000000,0.000000,True,CONTROLLED_SYNTHETIC
H0006838,SME001877,FX_RISK_MANAGEMENT,2020-04-11,18656761.520000,703905.540000,True,CONTROLLED_SYNTHETIC
H0006839,SME001879,FX_RISK_MANAGEMENT,2020-10-29,37363999.160000,951927.720000,True,CONTROLLED_SYNTHETIC
H0006840,SME001881,FX_RISK_MANAGEMENT,2023-03-28,2183338.040000,48231.540000,True,CONTROLLED_SYNTHETIC
H0006841,SME001884,FX_RISK_MANAGEMENT,2024-01-21,4505253.200000,102237.780000,True,CONTROLLED_SYNTHETIC
H0006842,SME001891,FX_RISK_MANAGEMENT,2026-05-11,4061425.920000,80135.340000,True,CONTROLLED_SYNTHETIC
H0006843,SME001895,FX_RISK_MANAGEMENT,2021-07-11,0.000000,0.000000,True,CONTROLLED_SYNTHETIC
H0006844,SME001902,FX_RISK_MANAGEMENT,2020-11-02,0.000000,0.000000,True,CONTROLLED_SYNTHETIC
H0006845,SME001908,FX_RISK_MANAGEMENT,2022-05-24,1057862.800000,56434.600000,True,CONTROLLED_SYNTHETIC
H0006846,SME001920,FX_RISK_MANAGEMENT,2024-02-29,8150411.600000,82260.120000,True,CONTROLLED_SYNTHETIC
H0006847,SME001921,FX_RISK_MANAGEMENT,2021-11-28,33796811.320000,627234.410000,True,CONTROLLED_SYNTHETIC
H0006848,SME001929,FX_RISK_MANAGEMENT,2023-01-30,7541919.080000,222579.950000,True,CONTROLLED_SYNTHETIC
H0006849,SME001935,FX_RISK_MANAGEMENT,2023-12-30,0.000000,0.000000,True,CONTROLLED_SYNTHETIC
H0006850,SME001942,FX_RISK_MANAGEMENT,2025-01-06,0.000000,0.000000,True,CONTROLLED_SYNTHETIC
H0006851,SME001950,FX_RISK_MANAGEMENT,2024-06-15,0.000000,0.000000,True,CONTROLLED_SYNTHETIC
H0006852,SME001963,FX_RISK_MANAGEMENT,2021-03-11,0.000000,0.000000,True,CONTROLLED_SYNTHETIC
H0006853,SME001971,FX_RISK_MANAGEMENT,2025-03-16,4497570.040000,244442.260000,True,CONTROLLED_SYNTHETIC
H0006854,SME001973,FX_RISK_MANAGEMENT,2023-03-26,0.000000,0.000000,True,CONTROLLED_SYNTHETIC
H0006855,SME001978,FX_RISK_MANAGEMENT,2020-08-11,0.000000,0.000000,True,CONTROLLED_SYNTHETIC
H0006856,SME001979,FX_RISK_MANAGEMENT,2026-01-02,0.000000,0.000000,True,CONTROLLED_SYNTHETIC
H0006857,SME001982,FX_RISK_MANAGEMENT,2025-06-08,22321123.960000,99907.690000,True,CONTROLLED_SYNTHETIC
H0006858,SME001984,FX_RISK_MANAGEMENT,2024-01-25,0.000000,0.000000,True,CONTROLLED_SYNTHETIC
H0006859,SME001985,FX_RISK_MANAGEMENT,2021-05-13,64247776.000000,322705.950000,True,CONTROLLED_SYNTHETIC
H0006860,SME001988,FX_RISK_MANAGEMENT,2024-01-22,13536666.640000,191390.190000,True,CONTROLLED_SYNTHETIC
H0006861,SME001993,FX_RISK_MANAGEMENT,2021-08-27,1714632.800000,93083.440000,True,CONTROLLED_SYNTHETIC
H0006862,SME002000,FX_RISK_MANAGEMENT,2022-07-12,0.000000,0.000000,True,CONTROLLED_SYNTHETIC
H0006863,SME002006,FX_RISK_MANAGEMENT,2026-04-12,11818585.880000,60680.680000,True,CONTROLLED_SYNTHETIC
H0006864,SME002025,FX_RISK_MANAGEMENT,2020-02-25,0.000000,0.000000,True,CONTROLLED_SYNTHETIC
H0006865,SME002034,FX_RISK_MANAGEMENT,2021-07-21,0.000000,0.000000,True,CONTROLLED_SYNTHETIC
H0006866,SME002035,FX_RISK_MANAGEMENT,2021-12-22,0.000000,0.000000,True,CONTROLLED_SYNTHETIC
H0006867,SME002042,FX_RISK_MANAGEMENT,2022-03-08,0.000000,0.000000,True,CONTROLLED_SYNTHETIC
H0006868,SME002047,FX_RISK_MANAGEMENT,2021-02-17,58346243.120000,3177494.920000,True,CONTROLLED_SYNTHETIC
H0006869,SME002049,FX_RISK_MANAGEMENT,2023-07-24,11805645.640000,125847.710000,True,CONTROLLED_SYNTHETIC
H0006870,SME002054,FX_RISK_MANAGEMENT,2021-01-06,6390597.840000,71539.280000,True,CONTROLLED_SYNTHETIC
H0006871,SME002061,FX_RISK_MANAGEMENT,2023-05-26,0.000000,0.000000,True,CONTROLLED_SYNTHETIC
H0006872,SME002064,FX_RISK_MANAGEMENT,2024-11-14,0.000000,0.000000,True,CONTROLLED_SYNTHETIC
H0006873,SME002067,FX_RISK_MANAGEMENT,2020-10-07,3965161.920000,173030.300000,True,CONTROLLED_SYNTHETIC
H0006874,SME002083,FX_RISK_MANAGEMENT,2024-07-16,0.000000,0.000000,True,CONTROLLED_SYNTHETIC
H0006875,SME002084,FX_RISK_MANAGEMENT,2023-04-30,1765722.680000,15116.140000,True,CONTROLLED_SYNTHETIC
H0006876,SME002099,FX_RISK_MANAGEMENT,2024-07-01,3574396.280000,146539.630000,True,CONTROLLED_SYNTHETIC
H0006877,SME002129,FX_RISK_MANAGEMENT,2022-02-22,5599549.400000,70977.790000,True,CONTROLLED_SYNTHETIC
H0006878,SME002146,FX_RISK_MANAGEMENT,2021-07-29,2805304.360000,101565.180000,True,CONTROLLED_SYNTHETIC
H0006879,SME002150,FX_RISK_MANAGEMENT,2023-07-09,1520030.800000,40285.880000,True,CONTROLLED_SYNTHETIC
H0006880,SME002162,FX_RISK_MANAGEMENT,2020-06-13,29968783.280000,728010.910000,True,CONTROLLED_SYNTHETIC
H0006881,SME002170,FX_RISK_MANAGEMENT,2024-09-22,1848738.080000,39447.630000,True,CONTROLLED_SYNTHETIC
H0006882,SME002174,FX_RISK_MANAGEMENT,2022-10-17,1889651.640000,58097.480000,True,CONTROLLED_SYNTHETIC
H0006883,SME002177,FX_RISK_MANAGEMENT,2024-06-27,5804929.080000,120679.220000,True,CONTROLLED_SYNTHETIC
H0006884,SME002181,FX_RISK_MANAGEMENT,2024-01-07,27849980.360000,724233.290000,True,CONTROLLED_SYNTHETIC
H0006885,SME002188,FX_RISK_MANAGEMENT,2025-05-29,0.000000,0.000000,True,CONTROLLED_SYNTHETIC
H0006886,SME002191,FX_RISK_MANAGEMENT,2023-05-05,0.000000,0.000000,True,CONTROLLED_SYNTHETIC
H0006887,SME002199,FX_RISK_MANAGEMENT,2023-11-04,0.000000,0.000000,True,CONTROLLED_SYNTHETIC
H0006888,SME002210,FX_RISK_MANAGEMENT,2025-09-29,1942889.520000,32519.050000,True,CONTROLLED_SYNTHETIC
H0006889,SME002216,FX_RISK_MANAGEMENT,2026-05-15,8043683.400000,395648.680000,True,CONTROLLED_SYNTHETIC
H0006890,SME002231,FX_RISK_MANAGEMENT,2022-02-26,6131558.920000,278832.720000,True,CONTROLLED_SYNTHETIC
H0006891,SME002233,FX_RISK_MANAGEMENT,2021-04-20,0.000000,0.000000,True,CONTROLLED_SYNTHETIC
H0006892,SME002236,FX_RISK_MANAGEMENT,2021-07-10,62346616.560000,1936201.220000,True,CONTROLLED_SYNTHETIC
H0006893,SME002237,FX_RISK_MANAGEMENT,2024-09-15,0.000000,0.000000,True,CONTROLLED_SYNTHETIC
H0006894,SME002243,FX_RISK_MANAGEMENT,2022-03-12,1621109.240000,16550.180000,True,CONTROLLED_SYNTHETIC
H0006895,SME002246,FX_RISK_MANAGEMENT,2023-04-07,0.000000,0.000000,True,CONTROLLED_SYNTHETIC
H0006896,SME002250,FX_RISK_MANAGEMENT,2021-09-18,57673470.080000,836611.210000,True,CONTROLLED_SYNTHETIC
H0006897,SME002258,FX_RISK_MANAGEMENT,2023-06-22,3796102.120000,89610.400000,True,CONTROLLED_SYNTHETIC
H0006898,SME002265,FX_RISK_MANAGEMENT,2026-05-02,59291647.840000,567356.150000,True,CONTROLLED_SYNTHETIC
H0006899,SME002273,FX_RISK_MANAGEMENT,2024-04-04,0.000000,0.000000,True,CONTROLLED_SYNTHETIC
H0006900,SME002290,FX_RISK_MANAGEMENT,2020-06-27,5080307.360000,22944.530000,True,CONTROLLED_SYNTHETIC
H0006901,SME002292,FX_RISK_MANAGEMENT,2022-06-03,2612778.640000,94330.660000,True,CONTROLLED_SYNTHETIC
H0006902,SME002303,FX_RISK_MANAGEMENT,2026-04-11,0.000000,0.000000,True,CONTROLLED_SYNTHETIC
H0006903,SME002319,FX_RISK_MANAGEMENT,2023-12-15,0.000000,0.000000,True,CONTROLLED_SYNTHETIC
H0006904,SME002331,FX_RISK_MANAGEMENT,2023-10-11,0.000000,0.000000,True,CONTROLLED_SYNTHETIC
H0006905,SME002336,FX_RISK_MANAGEMENT,2024-06-11,0.000000,0.000000,True,CONTROLLED_SYNTHETIC
H0006906,SME002352,FX_RISK_MANAGEMENT,2022-10-02,0.000000,0.000000,True,CONTROLLED_SYNTHETIC
H0006907,SME002359,FX_RISK_MANAGEMENT,2024-02-22,21956932.440000,189640.510000,True,CONTROLLED_SYNTHETIC
H0006908,SME002370,FX_RISK_MANAGEMENT,2022-04-11,0.000000,0.000000,True,CONTROLLED_SYNTHETIC
H0006909,SME002374,FX_RISK_MANAGEMENT,2021-04-29,83607307.240000,3600270.780000,True,CONTROLLED_SYNTHETIC
H0006910,SME002380,FX_RISK_MANAGEMENT,2023-06-24,3962360.840000,214517.800000,True,CONTROLLED_SYNTHETIC
H0006911,SME002394,FX_RISK_MANAGEMENT,2022-04-04,0.000000,0.000000,True,CONTROLLED_SYNTHETIC
H0006912,SME002396,FX_RISK_MANAGEMENT,2024-05-25,0.000000,0.000000,True,CONTROLLED_SYNTHETIC
H0006913,SME002421,FX_RISK_MANAGEMENT,2025-11-11,0.000000,0.000000,True,CONTROLLED_SYNTHETIC
H0006914,SME002436,FX_RISK_MANAGEMENT,2023-11-29,12442530.760000,565056.290000,True,CONTROLLED_SYNTHETIC
H0006915,SME002437,FX_RISK_MANAGEMENT,2023-10-01,0.000000,0.000000,True,CONTROLLED_SYNTHETIC
H0006916,SME002438,FX_RISK_MANAGEMENT,2023-06-04,8751942.640000,451901.650000,True,CONTROLLED_SYNTHETIC
H0006917,SME002456,FX_RISK_MANAGEMENT,2022-04-11,1997196.520000,29042.120000,True,CONTROLLED_SYNTHETIC
H0006918,SME002460,FX_RISK_MANAGEMENT,2022-02-13,0.000000,0.000000,True,CONTROLLED_SYNTHETIC
H0006919,SME002463,FX_RISK_MANAGEMENT,2025-06-18,680257.200000,32213.040000,True,CONTROLLED_SYNTHETIC
H0006920,SME002467,FX_RISK_MANAGEMENT,2020-11-15,0.000000,0.000000,True,CONTROLLED_SYNTHETIC
H0006921,SME002480,FX_RISK_MANAGEMENT,2024-08-09,17397380.440000,573049.010000,True,CONTROLLED_SYNTHETIC
H0006922,SME002482,FX_RISK_MANAGEMENT,2024-10-03,9796280.480000,91195.260000,True,CONTROLLED_SYNTHETIC
H0006923,SME002487,FX_RISK_MANAGEMENT,2026-02-22,23378307.600000,678703.420000,True,CONTROLLED_SYNTHETIC
H0006924,SME002488,FX_RISK_MANAGEMENT,2025-11-03,2402272.680000,64527.200000,True,CONTROLLED_SYNTHETIC
H0006925,SME002492,FX_RISK_MANAGEMENT,2025-03-29,0.000000,0.000000,True,CONTROLLED_SYNTHETIC
H0006926,SME002493,FX_RISK_MANAGEMENT,2023-06-17,0.000000,0.000000,True,CONTROLLED_SYNTHETIC
H0006927,SME002507,FX_RISK_MANAGEMENT,2021-02-08,0.000000,0.000000,True,CONTROLLED_SYNTHETIC
H0006928,SME002508,FX_RISK_MANAGEMENT,2023-01-24,0.000000,0.000000,True,CONTROLLED_SYNTHETIC
H0006929,SME002510,FX_RISK_MANAGEMENT,2022-07-16,0.000000,0.000000,True,CONTROLLED_SYNTHETIC
H0006930,SME002513,FX_RISK_MANAGEMENT,2021-02-21,0.000000,0.000000,True,CONTROLLED_SYNTHETIC
H0006931,SME002518,FX_RISK_MANAGEMENT,2021-02-06,0.000000,0.000000,True,CONTROLLED_SYNTHETIC
H0006932,SME002523,FX_RISK_MANAGEMENT,2024-02-04,0.000000,0.000000,True,CONTROLLED_SYNTHETIC
H0006933,SME002544,FX_RISK_MANAGEMENT,2025-07-09,6177196.120000,37116.660000,True,CONTROLLED_SYNTHETIC
H0006934,SME002551,FX_RISK_MANAGEMENT,2021-05-21,23262511.560000,1034952.430000,True,CONTROLLED_SYNTHETIC
H0006935,SME002555,FX_RISK_MANAGEMENT,2022-02-03,0.000000,0.000000,True,CONTROLLED_SYNTHETIC
H0006936,SME002558,FX_RISK_MANAGEMENT,2021-12-02,0.000000,0.000000,True,CONTROLLED_SYNTHETIC
H0006937,SME002568,FX_RISK_MANAGEMENT,2026-01-17,0.000000,0.000000,True,CONTROLLED_SYNTHETIC
H0006938,SME002572,FX_RISK_MANAGEMENT,2024-10-07,690590.240000,14911.910000,True,CONTROLLED_SYNTHETIC
H0006939,SME002580,FX_RISK_MANAGEMENT,2020-03-01,2796597.320000,130947.280000,True,CONTROLLED_SYNTHETIC
H0006940,SME002591,FX_RISK_MANAGEMENT,2024-06-28,9094897.600000,303043.720000,True,CONTROLLED_SYNTHETIC
H0006941,SME002595,FX_RISK_MANAGEMENT,2025-07-11,29455018.400000,1191887.330000,True,CONTROLLED_SYNTHETIC
H0006942,SME002599,FX_RISK_MANAGEMENT,2022-02-02,0.000000,0.000000,True,CONTROLLED_SYNTHETIC
H0006943,SME002606,FX_RISK_MANAGEMENT,2024-09-27,39288827.640000,1650019.420000,True,CONTROLLED_SYNTHETIC
H0006944,SME002610,FX_RISK_MANAGEMENT,2022-04-06,7243205.400000,288219.060000,True,CONTROLLED_SYNTHETIC
H0006945,SME002613,FX_RISK_MANAGEMENT,2021-01-29,1309205.680000,52637.950000,True,CONTROLLED_SYNTHETIC
H0006946,SME002632,FX_RISK_MANAGEMENT,2022-11-15,0.000000,0.000000,True,CONTROLLED_SYNTHETIC
H0006947,SME002636,FX_RISK_MANAGEMENT,2023-01-24,0.000000,0.000000,True,CONTROLLED_SYNTHETIC
H0006948,SME002638,FX_RISK_MANAGEMENT,2026-05-09,2140433.360000,69404.080000,True,CONTROLLED_SYNTHETIC
H0006949,SME002639,FX_RISK_MANAGEMENT,2025-04-05,752827.080000,15987.980000,True,CONTROLLED_SYNTHETIC
H0006950,SME002641,FX_RISK_MANAGEMENT,2020-06-15,0.000000,0.000000,True,CONTROLLED_SYNTHETIC
H0006951,SME002649,FX_RISK_MANAGEMENT,2025-07-29,0.000000,0.000000,True,CONTROLLED_SYNTHETIC
H0006952,SME002655,FX_RISK_MANAGEMENT,2022-05-15,0.000000,0.000000,True,CONTROLLED_SYNTHETIC
H0006953,SME002658,FX_RISK_MANAGEMENT,2020-04-25,7123680.920000,144403.420000,True,CONTROLLED_SYNTHETIC
H0006954,SME002668,FX_RISK_MANAGEMENT,2021-05-21,0.000000,0.000000,True,CONTROLLED_SYNTHETIC
H0006955,SME002671,FX_RISK_MANAGEMENT,2020-04-20,0.000000,0.000000,True,CONTROLLED_SYNTHETIC
H0006956,SME002674,FX_RISK_MANAGEMENT,2023-08-22,0.000000,0.000000,True,CONTROLLED_SYNTHETIC
H0006957,SME002676,FX_RISK_MANAGEMENT,2021-02-22,0.000000,0.000000,True,CONTROLLED_SYNTHETIC
H0006958,SME002682,FX_RISK_MANAGEMENT,2022-11-16,1000676.880000,53331.210000,True,CONTROLLED_SYNTHETIC
H0006959,SME002685,FX_RISK_MANAGEMENT,2024-06-16,0.000000,0.000000,True,CONTROLLED_SYNTHETIC
H0006960,SME002693,FX_RISK_MANAGEMENT,2023-06-18,0.000000,0.000000,True,CONTROLLED_SYNTHETIC
H0006961,SME002697,FX_RISK_MANAGEMENT,2022-07-20,0.000000,0.000000,True,CONTROLLED_SYNTHETIC
H0006962,SME002700,FX_RISK_MANAGEMENT,2025-04-06,0.000000,0.000000,True,CONTROLLED_SYNTHETIC
H0006963,SME002706,FX_RISK_MANAGEMENT,2021-01-11,0.000000,0.000000,True,CONTROLLED_SYNTHETIC
H0006964,SME002707,FX_RISK_MANAGEMENT,2024-12-02,18450161.160000,502622.170000,True,CONTROLLED_SYNTHETIC
H0006965,SME002711,FX_RISK_MANAGEMENT,2023-04-11,6370641.720000,90214.870000,True,CONTROLLED_SYNTHETIC
H0006966,SME002721,FX_RISK_MANAGEMENT,2025-04-24,0.000000,0.000000,True,CONTROLLED_SYNTHETIC
H0006967,SME002727,FX_RISK_MANAGEMENT,2023-07-02,40883891.080000,436175.520000,True,CONTROLLED_SYNTHETIC
H0006968,SME002731,FX_RISK_MANAGEMENT,2024-04-07,5573133.800000,242026.980000,True,CONTROLLED_SYNTHETIC
H0006969,SME002733,FX_RISK_MANAGEMENT,2022-04-08,0.000000,0.000000,True,CONTROLLED_SYNTHETIC
H0006970,SME002741,FX_RISK_MANAGEMENT,2024-05-05,36861523.120000,1106059.690000,True,CONTROLLED_SYNTHETIC
H0006971,SME002758,FX_RISK_MANAGEMENT,2023-01-17,24633512.320000,956034.790000,True,CONTROLLED_SYNTHETIC
H0006972,SME002763,FX_RISK_MANAGEMENT,2023-06-13,1661208.720000,9000.670000,True,CONTROLLED_SYNTHETIC
H0006973,SME002767,FX_RISK_MANAGEMENT,2022-05-12,0.000000,0.000000,True,CONTROLLED_SYNTHETIC
H0006974,SME002776,FX_RISK_MANAGEMENT,2025-09-24,0.000000,0.000000,True,CONTROLLED_SYNTHETIC
H0006975,SME002780,FX_RISK_MANAGEMENT,2024-07-23,11494906.960000,606209.220000,True,CONTROLLED_SYNTHETIC
H0006976,SME002787,FX_RISK_MANAGEMENT,2020-06-11,0.000000,0.000000,True,CONTROLLED_SYNTHETIC
H0006977,SME002795,FX_RISK_MANAGEMENT,2022-08-06,21289841.520000,173153.220000,True,CONTROLLED_SYNTHETIC
H0006978,SME002801,FX_RISK_MANAGEMENT,2024-12-20,76294632.200000,3596559.920000,True,CONTROLLED_SYNTHETIC
H0006979,SME002820,FX_RISK_MANAGEMENT,2022-10-04,2975361.400000,48976.600000,True,CONTROLLED_SYNTHETIC
H0006980,SME002822,FX_RISK_MANAGEMENT,2020-10-28,0.000000,0.000000,True,CONTROLLED_SYNTHETIC
H0006981,SME002825,FX_RISK_MANAGEMENT,2023-12-03,0.000000,0.000000,True,CONTROLLED_SYNTHETIC
H0006982,SME002826,FX_RISK_MANAGEMENT,2026-04-05,0.000000,0.000000,True,CONTROLLED_SYNTHETIC
H0006983,SME002835,FX_RISK_MANAGEMENT,2023-10-16,3372524.080000,124187.810000,True,CONTROLLED_SYNTHETIC
H0006984,SME002846,FX_RISK_MANAGEMENT,2025-01-13,4636047.840000,187568.590000,True,CONTROLLED_SYNTHETIC
H0006985,SME002848,FX_RISK_MANAGEMENT,2021-09-21,0.000000,0.000000,True,CONTROLLED_SYNTHETIC
H0006986,SME002854,FX_RISK_MANAGEMENT,2022-10-20,0.000000,0.000000,True,CONTROLLED_SYNTHETIC
H0006987,SME002861,FX_RISK_MANAGEMENT,2021-04-20,3611382.720000,102963.430000,True,CONTROLLED_SYNTHETIC
H0006988,SME002865,FX_RISK_MANAGEMENT,2024-11-04,0.000000,0.000000,True,CONTROLLED_SYNTHETIC
H0006989,SME002866,FX_RISK_MANAGEMENT,2021-12-06,0.000000,0.000000,True,CONTROLLED_SYNTHETIC
H0006990,SME002868,FX_RISK_MANAGEMENT,2023-03-06,0.000000,0.000000,True,CONTROLLED_SYNTHETIC
H0006991,SME002879,FX_RISK_MANAGEMENT,2022-08-19,0.000000,0.000000,True,CONTROLLED_SYNTHETIC
H0006992,SME002880,FX_RISK_MANAGEMENT,2025-12-09,0.000000,0.000000,True,CONTROLLED_SYNTHETIC
H0006993,SME002897,FX_RISK_MANAGEMENT,2023-10-20,12578511.160000,577395.190000,True,CONTROLLED_SYNTHETIC
H0006994,SME002903,FX_RISK_MANAGEMENT,2024-04-04,1057793.800000,30909.420000,True,CONTROLLED_SYNTHETIC
H0006995,SME002907,FX_RISK_MANAGEMENT,2025-01-18,0.000000,0.000000,True,CONTROLLED_SYNTHETIC
H0006996,SME002911,FX_RISK_MANAGEMENT,2022-08-30,0.000000,0.000000,True,CONTROLLED_SYNTHETIC
H0006997,SME002912,FX_RISK_MANAGEMENT,2026-04-08,0.000000,0.000000,True,CONTROLLED_SYNTHETIC
H0006998,SME002916,FX_RISK_MANAGEMENT,2022-06-20,11157900.040000,123849.530000,True,CONTROLLED_SYNTHETIC
H0006999,SME002920,FX_RISK_MANAGEMENT,2025-04-03,0.000000,0.000000,True,CONTROLLED_SYNTHETIC
H0007000,SME002932,FX_RISK_MANAGEMENT,2020-02-07,0.000000,0.000000,True,CONTROLLED_SYNTHETIC
H0007001,SME002934,FX_RISK_MANAGEMENT,2023-09-11,0.000000,0.000000,True,CONTROLLED_SYNTHETIC
H0007002,SME002937,FX_RISK_MANAGEMENT,2024-02-17,8675766.480000,175517.940000,True,CONTROLLED_SYNTHETIC
H0007003,SME002940,FX_RISK_MANAGEMENT,2020-06-28,67758943.200000,3685571.970000,True,CONTROLLED_SYNTHETIC
H0007004,SME002941,FX_RISK_MANAGEMENT,2021-03-10,2054524.560000,28255.460000,True,CONTROLLED_SYNTHETIC
H0007005,SME002945,FX_RISK_MANAGEMENT,2022-01-09,8762847.320000,475888.900000,True,CONTROLLED_SYNTHETIC
H0007006,SME002947,FX_RISK_MANAGEMENT,2022-05-09,0.000000,0.000000,True,CONTROLLED_SYNTHETIC
H0007007,SME002948,FX_RISK_MANAGEMENT,2021-12-26,0.000000,0.000000,True,CONTROLLED_SYNTHETIC
H0007008,SME002951,FX_RISK_MANAGEMENT,2025-08-07,3358044.080000,45108.830000,True,CONTROLLED_SYNTHETIC
H0007009,SME002953,FX_RISK_MANAGEMENT,2023-03-10,0.000000,0.000000,True,CONTROLLED_SYNTHETIC
H0007010,SME002982,FX_RISK_MANAGEMENT,2023-11-13,0.000000,0.000000,True,CONTROLLED_SYNTHETIC
H0007011,SME002986,FX_RISK_MANAGEMENT,2022-09-04,0.000000,0.000000,True,CONTROLLED_SYNTHETIC
H0007012,SME002988,FX_RISK_MANAGEMENT,2023-12-07,0.000000,0.000000,True,CONTROLLED_SYNTHETIC
H0007013,SME002993,FX_RISK_MANAGEMENT,2026-04-20,0.000000,0.000000,True,CONTROLLED_SYNTHETIC
H0007014,SME002996,FX_RISK_MANAGEMENT,2025-05-22,8997032.880000,140652.580000,True,CONTROLLED_SYNTHETIC
H0007015,SME003000,FX_RISK_MANAGEMENT,2024-05-28,65649718.080000,1694026.430000,True,CONTROLLED_SYNTHETIC
H0007016,SME003010,FX_RISK_MANAGEMENT,2021-10-08,7942873.280000,286386.690000,True,CONTROLLED_SYNTHETIC
H0007017,SME003011,FX_RISK_MANAGEMENT,2024-06-02,26820789.360000,1339880.620000,True,CONTROLLED_SYNTHETIC
H0007018,SME003013,FX_RISK_MANAGEMENT,2020-05-04,0.000000,0.000000,True,CONTROLLED_SYNTHETIC
H0007019,SME003025,FX_RISK_MANAGEMENT,2020-07-14,0.000000,0.000000,True,CONTROLLED_SYNTHETIC
H0007020,SME003029,FX_RISK_MANAGEMENT,2020-09-10,0.000000,0.000000,True,CONTROLLED_SYNTHETIC
H0007021,SME003033,FX_RISK_MANAGEMENT,2025-06-12,4817170.400000,172037.960000,True,CONTROLLED_SYNTHETIC
H0007022,SME003037,FX_RISK_MANAGEMENT,2026-05-06,0.000000,0.000000,True,CONTROLLED_SYNTHETIC
H0007023,SME003041,FX_RISK_MANAGEMENT,2022-01-04,0.000000,0.000000,True,CONTROLLED_SYNTHETIC
H0007024,SME003054,FX_RISK_MANAGEMENT,2020-08-04,0.000000,0.000000,True,CONTROLLED_SYNTHETIC
H0007025,SME003068,FX_RISK_MANAGEMENT,2021-06-13,2805312.160000,135339.680000,True,CONTROLLED_SYNTHETIC
H0007026,SME003077,FX_RISK_MANAGEMENT,2020-02-19,1899707.720000,61082.740000,True,CONTROLLED_SYNTHETIC
H0007027,SME003079,FX_RISK_MANAGEMENT,2022-03-06,3897494.720000,17134.710000,True,CONTROLLED_SYNTHETIC
H0007028,SME003082,FX_RISK_MANAGEMENT,2022-02-19,0.000000,0.000000,True,CONTROLLED_SYNTHETIC
H0007029,SME003085,FX_RISK_MANAGEMENT,2026-03-28,0.000000,0.000000,True,CONTROLLED_SYNTHETIC
H0007030,SME003089,FX_RISK_MANAGEMENT,2023-07-14,0.000000,0.000000,True,CONTROLLED_SYNTHETIC
H0007031,SME003091,FX_RISK_MANAGEMENT,2022-11-24,5096428.320000,94252.350000,True,CONTROLLED_SYNTHETIC
H0007032,SME003102,FX_RISK_MANAGEMENT,2024-10-05,37453789.280000,195029.450000,True,CONTROLLED_SYNTHETIC
H0007033,SME003103,FX_RISK_MANAGEMENT,2024-03-20,10913538.440000,137965.970000,True,CONTROLLED_SYNTHETIC
H0007034,SME003113,FX_RISK_MANAGEMENT,2024-01-11,5165705.360000,276165.690000,True,CONTROLLED_SYNTHETIC
H0007035,SME003120,FX_RISK_MANAGEMENT,2022-01-26,0.000000,0.000000,True,CONTROLLED_SYNTHETIC
H0007036,SME003129,FX_RISK_MANAGEMENT,2024-11-22,97026343.600000,3560738.390000,True,CONTROLLED_SYNTHETIC
H0007037,SME003130,FX_RISK_MANAGEMENT,2025-05-31,0.000000,0.000000,True,CONTROLLED_SYNTHETIC
H0007038,SME003142,FX_RISK_MANAGEMENT,2021-03-17,15407556.280000,281168.980000,True,CONTROLLED_SYNTHETIC
H0007039,SME003151,FX_RISK_MANAGEMENT,2021-10-22,0.000000,0.000000,True,CONTROLLED_SYNTHETIC
H0007040,SME003156,FX_RISK_MANAGEMENT,2025-02-05,0.000000,0.000000,True,CONTROLLED_SYNTHETIC
H0007041,SME003157,FX_RISK_MANAGEMENT,2021-11-04,0.000000,0.000000,True,CONTROLLED_SYNTHETIC
H0007042,SME003170,FX_RISK_MANAGEMENT,2021-05-31,5648290.240000,203840.390000,True,CONTROLLED_SYNTHETIC
H0007043,SME003182,FX_RISK_MANAGEMENT,2024-11-13,102199111.040000,5387891.790000,True,CONTROLLED_SYNTHETIC
H0007044,SME003189,FX_RISK_MANAGEMENT,2020-08-12,0.000000,0.000000,True,CONTROLLED_SYNTHETIC
