customer_id,pd_12m,internal_rating,days_past_due,stage,kyc_review_due_date,aml_alert_priority,beneficial_owner_complete,financials_fresh_flag,data_class
SME000001,0.059808,R04,0,1,2026-10-20,NONE,True,True,CONTROLLED_SYNTHETIC
SME000002,0.029229,R03,5,1,2027-09-22,NONE,True,True,CONTROLLED_SYNTHETIC
SME000003,0.027952,R03,0,1,2027-04-28,NONE,True,True,CONTROLLED_SYNTHETIC
SME000004,0.039862,R03,0,1,2026-02-28,NONE,True,True,CONTROLLED_SYNTHETIC
SME000005,0.037736,R03,0,1,2027-09-25,NONE,True,True,CONTROLLED_SYNTHETIC
SME000006,0.012118,R02,0,1,2026-06-09,NONE,True,True,CONTROLLED_SYNTHETIC
SME000007,0.015069,R02,0,1,2027-04-12,NONE,True,True,CONTROLLED_SYNTHETIC
SME000008,0.086007,R05,0,1,2026-04-03,NONE,False,True,CONTROLLED_SYNTHETIC
SME000009,0.061518,R04,0,1,2027-07-27,HIGH,True,True,CONTROLLED_SYNTHETIC
SME000010,0.068423,R05,0,1,2027-06-29,NONE,True,True,CONTROLLED_SYNTHETIC
SME000011,0.039374,R03,60,2,2026-12-30,NONE,True,True,CONTROLLED_SYNTHETIC
SME000012,0.027311,R03,5,1,2027-07-16,NONE,True,True,CONTROLLED_SYNTHETIC
SME000013,0.042401,R03,0,1,2027-06-13,NONE,True,True,CONTROLLED_SYNTHETIC
SME000014,0.008637,R02,0,1,2027-01-23,NONE,True,True,CONTROLLED_SYNTHETIC
SME000015,0.062047,R04,0,1,2026-03-03,NONE,True,True,CONTROLLED_SYNTHETIC
SME000016,0.028462,R03,0,1,2026-01-09,NONE,True,True,CONTROLLED_SYNTHETIC
SME000017,0.024915,R03,0,1,2026-11-20,NONE,True,True,CONTROLLED_SYNTHETIC
SME000018,0.054139,R04,0,1,2027-05-27,NONE,True,True,CONTROLLED_SYNTHETIC
SME000019,0.053792,R04,0,1,2026-06-03,NONE,True,True,CONTROLLED_SYNTHETIC
SME000020,0.035503,R03,30,2,2026-09-01,NONE,True,True,CONTROLLED_SYNTHETIC
SME000021,0.027563,R03,30,2,2026-12-05,NONE,True,True,CONTROLLED_SYNTHETIC
SME000022,0.050438,R04,0,1,2025-12-25,LOW,True,False,CONTROLLED_SYNTHETIC
SME000023,0.032388,R03,0,1,2026-03-24,NONE,True,True,CONTROLLED_SYNTHETIC
SME000024,0.042866,R03,0,1,2027-03-18,NONE,True,False,CONTROLLED_SYNTHETIC
SME000025,0.025334,R03,5,1,2026-01-27,NONE,True,False,CONTROLLED_SYNTHETIC
SME000026,0.050908,R04,15,1,2026-01-14,NONE,True,True,CONTROLLED_SYNTHETIC
SME000027,0.037419,R03,0,1,2027-07-11,NONE,True,False,CONTROLLED_SYNTHETIC
SME000028,0.046380,R04,0,1,2027-03-15,NONE,True,True,CONTROLLED_SYNTHETIC
SME000029,0.033178,R03,0,1,2026-05-05,NONE,True,True,CONTROLLED_SYNTHETIC
SME000030,0.060859,R04,0,1,2027-06-28,NONE,True,True,CONTROLLED_SYNTHETIC
SME000031,0.014146,R02,0,1,2027-08-10,LOW,True,True,CONTROLLED_SYNTHETIC
SME000032,0.024783,R03,0,1,2027-06-03,NONE,True,True,CONTROLLED_SYNTHETIC
SME000033,0.005245,R02,0,1,2026-09-12,NONE,True,True,CONTROLLED_SYNTHETIC
SME000034,0.038199,R03,0,1,2027-03-10,NONE,True,True,CONTROLLED_SYNTHETIC
SME000035,0.035151,R03,0,1,2027-03-06,NONE,False,True,CONTROLLED_SYNTHETIC
SME000036,0.100294,R06,0,1,2026-06-09,NONE,True,True,CONTROLLED_SYNTHETIC
SME000037,0.041960,R03,0,1,2026-07-30,NONE,True,True,CONTROLLED_SYNTHETIC
SME000038,0.023891,R03,0,1,2025-12-15,NONE,True,True,CONTROLLED_SYNTHETIC
SME000039,0.045611,R04,0,1,2027-01-06,NONE,True,True,CONTROLLED_SYNTHETIC
SME000040,0.036574,R03,5,1,2026-06-06,NONE,True,True,CONTROLLED_SYNTHETIC
SME000041,0.038465,R03,0,1,2026-12-19,LOW,True,True,CONTROLLED_SYNTHETIC
SME000042,0.032748,R03,0,1,2025-12-26,NONE,True,True,CONTROLLED_SYNTHETIC
SME000043,0.051136,R04,0,1,2027-05-01,MEDIUM,True,False,CONTROLLED_SYNTHETIC
SME000044,0.037972,R03,0,1,2027-04-27,NONE,True,False,CONTROLLED_SYNTHETIC
SME000045,0.024331,R03,30,2,2026-10-03,NONE,True,True,CONTROLLED_SYNTHETIC
SME000046,0.039890,R03,0,1,2026-02-03,NONE,True,True,CONTROLLED_SYNTHETIC
SME000047,0.022182,R02,0,1,2026-07-19,NONE,True,True,CONTROLLED_SYNTHETIC
SME000048,0.020070,R02,0,1,2027-01-19,NONE,True,True,CONTROLLED_SYNTHETIC
SME000049,0.035653,R03,0,1,2025-12-30,NONE,True,False,CONTROLLED_SYNTHETIC
SME000050,0.041740,R03,60,2,2026-10-19,LOW,True,True,CONTROLLED_SYNTHETIC
SME000051,0.063817,R04,5,1,2026-08-09,NONE,True,True,CONTROLLED_SYNTHETIC
SME000052,0.084842,R05,60,2,2027-06-26,NONE,True,True,CONTROLLED_SYNTHETIC
SME000053,0.011688,R02,0,1,2026-07-08,NONE,True,False,CONTROLLED_SYNTHETIC
SME000054,0.029462,R03,5,1,2027-02-27,NONE,True,True,CONTROLLED_SYNTHETIC
SME000055,0.005271,R02,0,1,2027-08-08,NONE,True,True,CONTROLLED_SYNTHETIC
SME000056,0.072087,R05,0,1,2026-01-10,NONE,True,True,CONTROLLED_SYNTHETIC
SME000057,0.034499,R03,0,1,2026-05-24,NONE,False,True,CONTROLLED_SYNTHETIC
SME000058,0.024727,R03,0,1,2027-08-29,NONE,True,True,CONTROLLED_SYNTHETIC
SME000059,0.029945,R03,0,1,2026-06-09,NONE,True,False,CONTROLLED_SYNTHETIC
SME000060,0.047372,R04,0,1,2026-10-07,NONE,True,True,CONTROLLED_SYNTHETIC
SME000061,0.016686,R02,0,1,2026-08-31,LOW,True,True,CONTROLLED_SYNTHETIC
SME000062,0.035151,R03,0,1,2026-05-28,NONE,True,True,CONTROLLED_SYNTHETIC
SME000063,0.049569,R04,0,1,2026-02-02,NONE,True,True,CONTROLLED_SYNTHETIC
SME000064,0.043471,R03,0,1,2027-09-29,NONE,True,False,CONTROLLED_SYNTHETIC
SME000065,0.012960,R02,0,1,2027-05-02,NONE,True,True,CONTROLLED_SYNTHETIC
SME000066,0.027621,R03,0,1,2027-01-02,NONE,True,True,CONTROLLED_SYNTHETIC
SME000067,0.014371,R02,0,1,2026-12-14,NONE,True,True,CONTROLLED_SYNTHETIC
SME000068,0.039645,R03,0,1,2027-08-20,NONE,True,True,CONTROLLED_SYNTHETIC
SME000069,0.094398,R06,15,1,2027-01-25,NONE,True,False,CONTROLLED_SYNTHETIC
SME000070,0.065701,R04,15,1,2026-04-11,NONE,True,True,CONTROLLED_SYNTHETIC
SME000071,0.050018,R04,0,1,2026-08-31,NONE,True,True,CONTROLLED_SYNTHETIC
SME000072,0.028341,R03,15,1,2025-12-03,NONE,True,True,CONTROLLED_SYNTHETIC
SME000073,0.094347,R06,0,1,2026-02-03,NONE,True,True,CONTROLLED_SYNTHETIC
SME000074,0.002000,R02,30,2,2026-02-04,NONE,True,True,CONTROLLED_SYNTHETIC
SME000075,0.060730,R04,30,2,2026-12-18,NONE,True,True,CONTROLLED_SYNTHETIC
SME000076,0.030263,R03,0,1,2027-05-20,NONE,True,True,CONTROLLED_SYNTHETIC
SME000077,0.024558,R03,0,1,2027-08-07,NONE,True,False,CONTROLLED_SYNTHETIC
SME000078,0.067508,R04,5,1,2026-09-25,NONE,True,True,CONTROLLED_SYNTHETIC
SME000079,0.060566,R04,0,1,2026-06-27,NONE,True,True,CONTROLLED_SYNTHETIC
SME000080,0.017424,R02,0,1,2026-07-31,NONE,True,True,CONTROLLED_SYNTHETIC
SME000081,0.017051,R02,0,1,2026-02-20,NONE,True,True,CONTROLLED_SYNTHETIC
SME000082,0.045743,R04,0,1,2027-01-07,NONE,True,True,CONTROLLED_SYNTHETIC
SME000083,0.054054,R04,30,2,2026-05-14,NONE,True,True,CONTROLLED_SYNTHETIC
SME000084,0.020867,R02,0,1,2027-04-15,NONE,True,True,CONTROLLED_SYNTHETIC
SME000085,0.023468,R03,0,1,2027-03-02,NONE,True,True,CONTROLLED_SYNTHETIC
SME000086,0.070990,R05,0,1,2026-09-11,NONE,True,True,CONTROLLED_SYNTHETIC
SME000087,0.031287,R03,30,2,2027-04-28,NONE,True,True,CONTROLLED_SYNTHETIC
SME000088,0.043585,R03,0,1,2027-03-24,NONE,True,True,CONTROLLED_SYNTHETIC
SME000089,0.012293,R02,0,1,2026-01-02,NONE,True,True,CONTROLLED_SYNTHETIC
SME000090,0.025212,R03,0,1,2026-04-04,LOW,False,True,CONTROLLED_SYNTHETIC
SME000091,0.046122,R04,0,1,2026-08-24,LOW,True,True,CONTROLLED_SYNTHETIC
SME000092,0.007876,R02,0,1,2026-12-31,MEDIUM,True,False,CONTROLLED_SYNTHETIC
SME000093,0.046888,R04,0,1,2027-03-07,NONE,False,True,CONTROLLED_SYNTHETIC
SME000094,0.003807,R02,0,1,2026-07-12,NONE,True,True,CONTROLLED_SYNTHETIC
SME000095,0.040172,R03,0,1,2027-05-30,LOW,True,True,CONTROLLED_SYNTHETIC
SME000096,0.052887,R04,0,1,2026-11-24,NONE,True,True,CONTROLLED_SYNTHETIC
SME000097,0.058831,R04,30,2,2027-09-13,NONE,True,False,CONTROLLED_SYNTHETIC
SME000098,0.012750,R02,0,1,2027-04-30,NONE,True,True,CONTROLLED_SYNTHETIC
SME000099,0.023553,R03,0,1,2027-08-26,NONE,True,True,CONTROLLED_SYNTHETIC
SME000100,0.047135,R04,0,1,2027-02-08,MEDIUM,True,True,CONTROLLED_SYNTHETIC
SME000101,0.045967,R04,0,1,2026-05-08,NONE,True,True,CONTROLLED_SYNTHETIC
SME000102,0.009666,R02,0,1,2026-08-15,NONE,True,True,CONTROLLED_SYNTHETIC
SME000103,0.083312,R05,0,1,2026-06-10,NONE,True,True,CONTROLLED_SYNTHETIC
SME000104,0.021355,R02,0,1,2027-08-04,NONE,True,True,CONTROLLED_SYNTHETIC
SME000105,0.022273,R02,0,1,2026-08-19,NONE,True,True,CONTROLLED_SYNTHETIC
SME000106,0.059386,R04,0,1,2027-01-30,NONE,True,False,CONTROLLED_SYNTHETIC
SME000107,0.044040,R03,0,1,2026-08-01,NONE,True,True,CONTROLLED_SYNTHETIC
SME000108,0.018387,R02,5,1,2026-02-06,NONE,True,True,CONTROLLED_SYNTHETIC
SME000109,0.026905,R03,0,1,2026-01-29,NONE,True,True,CONTROLLED_SYNTHETIC
SME000110,0.062683,R04,0,1,2027-05-01,NONE,True,True,CONTROLLED_SYNTHETIC
SME000111,0.031091,R03,0,1,2026-05-11,NONE,True,True,CONTROLLED_SYNTHETIC
SME000112,0.060475,R04,5,1,2026-06-08,NONE,True,True,CONTROLLED_SYNTHETIC
SME000113,0.002000,R02,0,1,2026-06-04,NONE,True,True,CONTROLLED_SYNTHETIC
SME000114,0.018392,R02,0,1,2026-02-20,NONE,True,True,CONTROLLED_SYNTHETIC
SME000115,0.035679,R03,0,1,2027-02-21,NONE,True,True,CONTROLLED_SYNTHETIC
SME000116,0.028403,R03,15,1,2027-08-15,NONE,True,True,CONTROLLED_SYNTHETIC
SME000117,0.023502,R03,60,2,2027-07-09,LOW,True,True,CONTROLLED_SYNTHETIC
SME000118,0.034600,R03,0,1,2026-12-31,NONE,True,True,CONTROLLED_SYNTHETIC
SME000119,0.047846,R04,0,1,2027-06-21,NONE,True,True,CONTROLLED_SYNTHETIC
SME000120,0.024225,R03,0,1,2027-05-10,MEDIUM,True,True,CONTROLLED_SYNTHETIC
SME000121,0.050351,R04,60,2,2026-05-10,NONE,True,True,CONTROLLED_SYNTHETIC
SME000122,0.033780,R03,0,1,2026-07-23,NONE,True,False,CONTROLLED_SYNTHETIC
SME000123,0.017437,R02,0,1,2026-02-25,NONE,True,True,CONTROLLED_SYNTHETIC
SME000124,0.018180,R02,0,1,2026-02-12,NONE,True,True,CONTROLLED_SYNTHETIC
SME000125,0.031157,R03,0,1,2026-04-23,NONE,True,False,CONTROLLED_SYNTHETIC
SME000126,0.008533,R02,0,1,2026-02-06,NONE,True,True,CONTROLLED_SYNTHETIC
SME000127,0.101236,R06,0,1,2026-10-08,NONE,True,False,CONTROLLED_SYNTHETIC
SME000128,0.037706,R03,0,1,2026-05-12,NONE,True,True,CONTROLLED_SYNTHETIC
SME000129,0.064816,R04,0,1,2027-09-28,NONE,True,True,CONTROLLED_SYNTHETIC
SME000130,0.055452,R04,90,3,2026-01-16,NONE,True,True,CONTROLLED_SYNTHETIC
SME000131,0.056594,R04,0,1,2026-03-19,NONE,True,True,CONTROLLED_SYNTHETIC
SME000132,0.019341,R02,0,1,2026-05-18,NONE,True,True,CONTROLLED_SYNTHETIC
SME000133,0.023673,R03,5,1,2026-03-25,NONE,True,False,CONTROLLED_SYNTHETIC
SME000134,0.066262,R04,0,1,2026-11-21,NONE,True,True,CONTROLLED_SYNTHETIC
SME000135,0.025242,R03,0,1,2027-07-13,NONE,True,True,CONTROLLED_SYNTHETIC
SME000136,0.054761,R04,0,1,2026-07-07,NONE,True,True,CONTROLLED_SYNTHETIC
SME000137,0.084216,R05,0,1,2026-12-12,NONE,True,True,CONTROLLED_SYNTHETIC
SME000138,0.010946,R02,0,1,2027-06-30,NONE,True,True,CONTROLLED_SYNTHETIC
SME000139,0.033435,R03,5,1,2026-05-08,NONE,True,False,CONTROLLED_SYNTHETIC
SME000140,0.016336,R02,0,1,2026-09-08,NONE,True,True,CONTROLLED_SYNTHETIC
SME000141,0.106955,R06,30,2,2027-02-15,NONE,True,True,CONTROLLED_SYNTHETIC
SME000142,0.054294,R04,5,1,2026-10-26,NONE,True,False,CONTROLLED_SYNTHETIC
SME000143,0.058739,R04,0,1,2027-04-11,NONE,True,True,CONTROLLED_SYNTHETIC
SME000144,0.063433,R04,0,1,2027-08-12,NONE,True,True,CONTROLLED_SYNTHETIC
SME000145,0.003542,R02,0,1,2026-06-09,NONE,True,True,CONTROLLED_SYNTHETIC
SME000146,0.028455,R03,0,1,2027-05-21,NONE,True,True,CONTROLLED_SYNTHETIC
SME000147,0.044475,R03,0,1,2027-06-22,NONE,True,True,CONTROLLED_SYNTHETIC
SME000148,0.062835,R04,5,1,2027-01-21,LOW,True,True,CONTROLLED_SYNTHETIC
SME000149,0.035802,R03,0,1,2026-03-10,NONE,True,True,CONTROLLED_SYNTHETIC
SME000150,0.054668,R04,0,1,2026-09-07,NONE,True,True,CONTROLLED_SYNTHETIC
SME000151,0.045070,R03,5,1,2026-12-07,NONE,True,True,CONTROLLED_SYNTHETIC
SME000152,0.049680,R04,15,1,2026-08-12,NONE,True,True,CONTROLLED_SYNTHETIC
SME000153,0.071404,R05,0,1,2026-11-05,LOW,True,True,CONTROLLED_SYNTHETIC
SME000154,0.058804,R04,0,1,2027-07-11,NONE,True,True,CONTROLLED_SYNTHETIC
SME000155,0.040853,R03,0,1,2026-08-28,NONE,True,True,CONTROLLED_SYNTHETIC
SME000156,0.035424,R03,0,1,2026-07-27,NONE,True,True,CONTROLLED_SYNTHETIC
SME000157,0.028066,R03,0,1,2027-10-01,NONE,True,True,CONTROLLED_SYNTHETIC
SME000158,0.056306,R04,0,1,2026-04-13,NONE,True,True,CONTROLLED_SYNTHETIC
SME000159,0.034256,R03,0,1,2027-01-17,NONE,True,True,CONTROLLED_SYNTHETIC
SME000160,0.020027,R02,0,1,2027-04-22,NONE,True,True,CONTROLLED_SYNTHETIC
SME000161,0.041403,R03,0,1,2026-02-07,NONE,True,True,CONTROLLED_SYNTHETIC
SME000162,0.037752,R03,0,1,2026-08-12,NONE,True,True,CONTROLLED_SYNTHETIC
SME000163,0.029545,R03,0,1,2027-09-07,NONE,True,True,CONTROLLED_SYNTHETIC
SME000164,0.047472,R04,0,1,2026-04-02,NONE,True,False,CONTROLLED_SYNTHETIC
SME000165,0.020684,R02,0,1,2026-10-24,NONE,True,True,CONTROLLED_SYNTHETIC
SME000166,0.037524,R03,0,1,2027-08-01,NONE,True,True,CONTROLLED_SYNTHETIC
SME000167,0.068089,R04,0,1,2027-04-10,MEDIUM,True,False,CONTROLLED_SYNTHETIC
SME000168,0.043457,R03,0,1,2026-06-23,NONE,True,True,CONTROLLED_SYNTHETIC
SME000169,0.040533,R03,0,1,2027-05-10,NONE,True,True,CONTROLLED_SYNTHETIC
SME000170,0.026875,R03,0,1,2027-06-09,NONE,True,True,CONTROLLED_SYNTHETIC
SME000171,0.045846,R04,0,1,2026-09-14,NONE,True,True,CONTROLLED_SYNTHETIC
SME000172,0.068185,R05,0,1,2026-01-01,NONE,True,False,CONTROLLED_SYNTHETIC
SME000173,0.041076,R03,0,1,2026-08-31,NONE,True,True,CONTROLLED_SYNTHETIC
SME000174,0.005377,R02,15,1,2025-12-15,NONE,True,True,CONTROLLED_SYNTHETIC
SME000175,0.032505,R03,0,1,2026-11-01,NONE,True,True,CONTROLLED_SYNTHETIC
SME000176,0.069562,R05,0,1,2026-05-08,NONE,True,True,CONTROLLED_SYNTHETIC
SME000177,0.033459,R03,0,1,2027-05-15,NONE,True,True,CONTROLLED_SYNTHETIC
SME000178,0.051353,R04,0,1,2026-09-28,NONE,True,True,CONTROLLED_SYNTHETIC
SME000179,0.025970,R03,0,1,2025-12-27,NONE,True,True,CONTROLLED_SYNTHETIC
SME000180,0.027443,R03,0,1,2027-03-17,NONE,True,True,CONTROLLED_SYNTHETIC
SME000181,0.027043,R03,0,1,2026-09-06,NONE,True,True,CONTROLLED_SYNTHETIC
SME000182,0.028435,R03,0,1,2027-08-31,NONE,True,True,CONTROLLED_SYNTHETIC
SME000183,0.046694,R04,0,1,2026-11-13,NONE,True,False,CONTROLLED_SYNTHETIC
SME000184,0.027967,R03,0,1,2026-05-11,NONE,True,True,CONTROLLED_SYNTHETIC
SME000185,0.077633,R05,0,1,2027-04-02,NONE,True,True,CONTROLLED_SYNTHETIC
SME000186,0.072182,R05,0,1,2026-01-26,NONE,True,True,CONTROLLED_SYNTHETIC
SME000187,0.024245,R03,0,1,2026-09-21,NONE,True,False,CONTROLLED_SYNTHETIC
SME000188,0.036198,R03,0,1,2027-04-24,NONE,True,True,CONTROLLED_SYNTHETIC
SME000189,0.038984,R03,0,1,2026-10-11,NONE,True,False,CONTROLLED_SYNTHETIC
SME000190,0.038088,R03,0,1,2026-06-29,NONE,True,False,CONTROLLED_SYNTHETIC
SME000191,0.020645,R02,15,1,2027-03-20,NONE,True,True,CONTROLLED_SYNTHETIC
SME000192,0.040005,R03,60,2,2027-01-04,NONE,True,True,CONTROLLED_SYNTHETIC
SME000193,0.038639,R03,0,1,2026-02-26,NONE,False,True,CONTROLLED_SYNTHETIC
SME000194,0.042797,R03,0,1,2026-08-09,NONE,True,False,CONTROLLED_SYNTHETIC
SME000195,0.024680,R03,0,1,2026-11-08,NONE,True,True,CONTROLLED_SYNTHETIC
SME000196,0.069126,R05,0,1,2027-06-21,NONE,True,False,CONTROLLED_SYNTHETIC
SME000197,0.022645,R02,0,1,2026-10-18,LOW,True,True,CONTROLLED_SYNTHETIC
SME000198,0.015166,R02,0,1,2027-04-28,NONE,True,True,CONTROLLED_SYNTHETIC
SME000199,0.028624,R03,0,1,2027-09-07,NONE,True,True,CONTROLLED_SYNTHETIC
SME000200,0.031600,R03,0,1,2026-04-23,NONE,True,False,CONTROLLED_SYNTHETIC
SME000201,0.051174,R04,0,1,2026-04-07,LOW,True,True,CONTROLLED_SYNTHETIC
SME000202,0.015623,R02,0,1,2027-05-14,NONE,True,True,CONTROLLED_SYNTHETIC
SME000203,0.025384,R03,0,1,2026-05-11,NONE,True,True,CONTROLLED_SYNTHETIC
SME000204,0.042835,R03,0,1,2026-09-20,NONE,True,True,CONTROLLED_SYNTHETIC
SME000205,0.046123,R04,0,1,2025-12-24,NONE,True,True,CONTROLLED_SYNTHETIC
SME000206,0.048698,R04,0,1,2026-07-01,NONE,True,False,CONTROLLED_SYNTHETIC
SME000207,0.022558,R02,5,1,2026-02-13,NONE,True,True,CONTROLLED_SYNTHETIC
SME000208,0.021104,R02,5,1,2026-01-27,NONE,True,True,CONTROLLED_SYNTHETIC
SME000209,0.044171,R03,90,3,2027-09-25,NONE,True,True,CONTROLLED_SYNTHETIC
SME000210,0.048843,R04,0,1,2026-11-24,NONE,True,True,CONTROLLED_SYNTHETIC
SME000211,0.034722,R03,0,1,2027-05-02,NONE,True,True,CONTROLLED_SYNTHETIC
SME000212,0.038844,R03,0,1,2027-04-10,NONE,True,True,CONTROLLED_SYNTHETIC
SME000213,0.034233,R03,0,1,2026-10-19,NONE,True,True,CONTROLLED_SYNTHETIC
SME000214,0.038393,R03,0,1,2027-09-06,NONE,True,True,CONTROLLED_SYNTHETIC
SME000215,0.022536,R02,0,1,2027-02-28,NONE,True,True,CONTROLLED_SYNTHETIC
SME000216,0.054141,R04,0,1,2027-04-28,LOW,True,True,CONTROLLED_SYNTHETIC
SME000217,0.033756,R03,0,1,2026-08-22,NONE,True,True,CONTROLLED_SYNTHETIC
SME000218,0.012549,R02,0,1,2026-06-21,NONE,True,True,CONTROLLED_SYNTHETIC
SME000219,0.038040,R03,0,1,2025-12-14,NONE,True,True,CONTROLLED_SYNTHETIC
SME000220,0.053309,R04,0,1,2027-09-15,NONE,True,True,CONTROLLED_SYNTHETIC
SME000221,0.070699,R05,0,1,2026-04-11,NONE,True,True,CONTROLLED_SYNTHETIC
SME000222,0.029661,R03,0,1,2027-02-28,NONE,True,True,CONTROLLED_SYNTHETIC
SME000223,0.046886,R04,5,1,2027-04-07,NONE,True,True,CONTROLLED_SYNTHETIC
SME000224,0.032174,R03,0,1,2026-09-17,NONE,True,True,CONTROLLED_SYNTHETIC
SME000225,0.002000,R02,0,1,2026-05-22,NONE,True,True,CONTROLLED_SYNTHETIC
SME000226,0.034357,R03,0,1,2026-10-04,MEDIUM,True,True,CONTROLLED_SYNTHETIC
SME000227,0.052934,R04,0,1,2026-06-10,NONE,True,True,CONTROLLED_SYNTHETIC
SME000228,0.106741,R06,0,1,2027-07-25,NONE,True,True,CONTROLLED_SYNTHETIC
SME000229,0.016418,R02,5,1,2027-04-20,NONE,True,True,CONTROLLED_SYNTHETIC
SME000230,0.027034,R03,0,1,2026-08-05,NONE,True,False,CONTROLLED_SYNTHETIC
SME000231,0.007439,R02,0,1,2026-11-09,NONE,True,True,CONTROLLED_SYNTHETIC
SME000232,0.076232,R05,15,1,2026-07-27,LOW,True,True,CONTROLLED_SYNTHETIC
SME000233,0.023006,R03,0,1,2026-12-03,NONE,True,True,CONTROLLED_SYNTHETIC
SME000234,0.010644,R02,0,1,2026-06-19,NONE,True,False,CONTROLLED_SYNTHETIC
SME000235,0.045055,R03,15,1,2027-10-08,NONE,True,True,CONTROLLED_SYNTHETIC
SME000236,0.056234,R04,0,1,2027-08-17,NONE,True,True,CONTROLLED_SYNTHETIC
SME000237,0.053920,R04,0,1,2025-12-26,NONE,True,True,CONTROLLED_SYNTHETIC
SME000238,0.015815,R02,0,1,2026-04-05,NONE,True,True,CONTROLLED_SYNTHETIC
SME000239,0.058187,R04,0,1,2027-02-02,NONE,True,True,CONTROLLED_SYNTHETIC
SME000240,0.008136,R02,0,1,2026-11-09,LOW,True,True,CONTROLLED_SYNTHETIC
SME000241,0.029309,R03,0,1,2026-10-24,NONE,True,True,CONTROLLED_SYNTHETIC
SME000242,0.055249,R04,0,1,2026-07-07,NONE,False,True,CONTROLLED_SYNTHETIC
SME000243,0.053122,R04,0,1,2026-09-13,NONE,True,True,CONTROLLED_SYNTHETIC
SME000244,0.071725,R05,0,1,2027-05-19,NONE,True,True,CONTROLLED_SYNTHETIC
SME000245,0.030559,R03,0,1,2026-06-16,NONE,True,True,CONTROLLED_SYNTHETIC
SME000246,0.089569,R05,0,1,2025-12-18,NONE,True,True,CONTROLLED_SYNTHETIC
SME000247,0.067677,R04,0,1,2027-01-27,NONE,True,True,CONTROLLED_SYNTHETIC
SME000248,0.044509,R03,15,1,2026-09-17,MEDIUM,True,True,CONTROLLED_SYNTHETIC
SME000249,0.065914,R04,0,1,2027-05-25,NONE,False,True,CONTROLLED_SYNTHETIC
SME000250,0.014916,R02,0,1,2027-05-26,NONE,True,True,CONTROLLED_SYNTHETIC
SME000251,0.054634,R04,15,1,2027-08-26,NONE,True,True,CONTROLLED_SYNTHETIC
SME000252,0.048324,R04,0,1,2026-07-21,NONE,True,True,CONTROLLED_SYNTHETIC
SME000253,0.060121,R04,0,1,2026-10-07,NONE,False,True,CONTROLLED_SYNTHETIC
SME000254,0.013852,R02,60,2,2026-11-07,NONE,True,True,CONTROLLED_SYNTHETIC
SME000255,0.047645,R04,0,1,2027-04-03,NONE,True,True,CONTROLLED_SYNTHETIC
SME000256,0.044817,R03,15,1,2026-02-21,NONE,True,True,CONTROLLED_SYNTHETIC
SME000257,0.057550,R04,30,2,2026-11-06,NONE,True,True,CONTROLLED_SYNTHETIC
SME000258,0.041712,R03,0,1,2027-10-05,NONE,True,True,CONTROLLED_SYNTHETIC
SME000259,0.025036,R03,5,1,2026-06-26,NONE,True,True,CONTROLLED_SYNTHETIC
SME000260,0.043953,R03,0,1,2027-04-27,NONE,True,True,CONTROLLED_SYNTHETIC
SME000261,0.046051,R04,0,1,2026-08-29,NONE,True,True,CONTROLLED_SYNTHETIC
SME000262,0.026507,R03,0,1,2027-07-07,NONE,True,True,CONTROLLED_SYNTHETIC
SME000263,0.060350,R04,5,1,2026-09-10,NONE,True,True,CONTROLLED_SYNTHETIC
SME000264,0.060916,R04,15,1,2025-12-23,NONE,True,True,CONTROLLED_SYNTHETIC
SME000265,0.052337,R04,0,1,2026-07-02,NONE,True,True,CONTROLLED_SYNTHETIC
SME000266,0.079040,R05,0,1,2027-06-09,NONE,True,True,CONTROLLED_SYNTHETIC
SME000267,0.037480,R03,0,1,2025-12-16,NONE,True,False,CONTROLLED_SYNTHETIC
SME000268,0.031699,R03,0,1,2027-04-17,NONE,True,False,CONTROLLED_SYNTHETIC
SME000269,0.007727,R02,0,1,2027-01-11,NONE,True,True,CONTROLLED_SYNTHETIC
SME000270,0.055598,R04,0,1,2026-01-17,NONE,False,True,CONTROLLED_SYNTHETIC
SME000271,0.070018,R05,0,1,2027-05-11,NONE,True,True,CONTROLLED_SYNTHETIC
SME000272,0.082452,R05,30,2,2026-03-18,NONE,True,True,CONTROLLED_SYNTHETIC
SME000273,0.056558,R04,0,1,2027-03-28,NONE,True,True,CONTROLLED_SYNTHETIC
SME000274,0.008280,R02,5,1,2026-04-02,NONE,True,True,CONTROLLED_SYNTHETIC
SME000275,0.051634,R04,15,1,2027-04-24,NONE,True,True,CONTROLLED_SYNTHETIC
SME000276,0.045367,R03,0,1,2025-12-05,NONE,True,True,CONTROLLED_SYNTHETIC
SME000277,0.093513,R06,0,1,2027-08-04,LOW,True,True,CONTROLLED_SYNTHETIC
SME000278,0.022664,R02,60,2,2027-01-15,NONE,True,True,CONTROLLED_SYNTHETIC
SME000279,0.064678,R04,0,1,2027-01-15,LOW,True,True,CONTROLLED_SYNTHETIC
SME000280,0.016079,R02,15,1,2025-12-16,NONE,True,True,CONTROLLED_SYNTHETIC
SME000281,0.026018,R03,0,1,2026-05-17,NONE,True,True,CONTROLLED_SYNTHETIC
SME000282,0.035835,R03,0,1,2025-12-05,NONE,True,True,CONTROLLED_SYNTHETIC
SME000283,0.050579,R04,0,1,2026-02-08,NONE,True,True,CONTROLLED_SYNTHETIC
SME000284,0.118519,R07,5,1,2027-09-06,NONE,True,False,CONTROLLED_SYNTHETIC
SME000285,0.061308,R04,0,1,2027-03-29,NONE,True,True,CONTROLLED_SYNTHETIC
SME000286,0.031774,R03,0,1,2027-01-16,NONE,True,False,CONTROLLED_SYNTHETIC
SME000287,0.030498,R03,0,1,2027-04-08,NONE,True,True,CONTROLLED_SYNTHETIC
SME000288,0.025435,R03,0,1,2027-03-20,NONE,True,True,CONTROLLED_SYNTHETIC
SME000289,0.040756,R03,0,1,2027-09-27,NONE,True,False,CONTROLLED_SYNTHETIC
SME000290,0.015152,R02,0,1,2027-01-10,NONE,True,False,CONTROLLED_SYNTHETIC
SME000291,0.026068,R03,0,1,2027-06-05,NONE,True,True,CONTROLLED_SYNTHETIC
SME000292,0.041506,R03,0,1,2027-01-02,NONE,True,True,CONTROLLED_SYNTHETIC
SME000293,0.027271,R03,0,1,2027-08-10,NONE,True,True,CONTROLLED_SYNTHETIC
SME000294,0.077062,R05,0,1,2026-12-07,NONE,True,True,CONTROLLED_SYNTHETIC
SME000295,0.020232,R02,0,1,2026-10-28,NONE,True,True,CONTROLLED_SYNTHETIC
SME000296,0.051472,R04,0,1,2027-02-08,NONE,True,True,CONTROLLED_SYNTHETIC
SME000297,0.059728,R04,0,1,2027-06-14,NONE,True,True,CONTROLLED_SYNTHETIC
SME000298,0.042662,R03,0,1,2026-07-17,NONE,True,True,CONTROLLED_SYNTHETIC
SME000299,0.034775,R03,5,1,2026-09-21,NONE,True,True,CONTROLLED_SYNTHETIC
SME000300,0.043601,R03,0,1,2027-03-24,NONE,True,True,CONTROLLED_SYNTHETIC
SME000301,0.042333,R03,0,1,2026-06-18,LOW,True,True,CONTROLLED_SYNTHETIC
SME000302,0.043903,R03,0,1,2026-01-31,NONE,True,True,CONTROLLED_SYNTHETIC
SME000303,0.036383,R03,0,1,2026-05-15,NONE,True,True,CONTROLLED_SYNTHETIC
SME000304,0.054108,R04,0,1,2027-05-07,NONE,True,True,CONTROLLED_SYNTHETIC
SME000305,0.053997,R04,5,1,2027-07-03,NONE,True,True,CONTROLLED_SYNTHETIC
SME000306,0.024127,R03,0,1,2027-06-30,NONE,True,True,CONTROLLED_SYNTHETIC
SME000307,0.008476,R02,0,1,2027-03-28,NONE,True,True,CONTROLLED_SYNTHETIC
SME000308,0.013407,R02,0,1,2027-04-14,NONE,True,True,CONTROLLED_SYNTHETIC
SME000309,0.011507,R02,0,1,2027-04-04,NONE,True,True,CONTROLLED_SYNTHETIC
SME000310,0.044491,R03,0,1,2027-04-03,NONE,True,True,CONTROLLED_SYNTHETIC
SME000311,0.060431,R04,0,1,2026-10-31,NONE,True,True,CONTROLLED_SYNTHETIC
SME000312,0.018116,R02,0,1,2026-04-08,LOW,True,False,CONTROLLED_SYNTHETIC
SME000313,0.047191,R04,5,1,2026-02-28,NONE,True,False,CONTROLLED_SYNTHETIC
SME000314,0.055516,R04,15,1,2026-11-12,NONE,True,True,CONTROLLED_SYNTHETIC
SME000315,0.057543,R04,0,1,2026-02-15,NONE,True,False,CONTROLLED_SYNTHETIC
SME000316,0.002000,R02,0,1,2027-10-07,NONE,True,True,CONTROLLED_SYNTHETIC
SME000317,0.040333,R03,0,1,2026-12-31,NONE,True,False,CONTROLLED_SYNTHETIC
SME000318,0.068746,R05,0,1,2026-09-28,NONE,True,True,CONTROLLED_SYNTHETIC
SME000319,0.050417,R04,0,1,2026-10-05,NONE,True,True,CONTROLLED_SYNTHETIC
SME000320,0.055334,R04,0,1,2026-07-12,NONE,False,False,CONTROLLED_SYNTHETIC
SME000321,0.033794,R03,90,3,2027-02-17,NONE,False,True,CONTROLLED_SYNTHETIC
SME000322,0.046026,R04,0,1,2027-01-17,NONE,True,True,CONTROLLED_SYNTHETIC
SME000323,0.062145,R04,0,1,2026-02-22,NONE,True,True,CONTROLLED_SYNTHETIC
SME000324,0.046278,R04,0,1,2027-01-05,NONE,True,True,CONTROLLED_SYNTHETIC
SME000325,0.046114,R04,0,1,2026-01-09,NONE,True,True,CONTROLLED_SYNTHETIC
SME000326,0.031080,R03,15,1,2026-05-12,NONE,True,True,CONTROLLED_SYNTHETIC
SME000327,0.057620,R04,0,1,2026-03-08,NONE,True,True,CONTROLLED_SYNTHETIC
SME000328,0.031276,R03,0,1,2027-07-01,NONE,True,True,CONTROLLED_SYNTHETIC
SME000329,0.083615,R05,60,2,2027-05-19,NONE,True,True,CONTROLLED_SYNTHETIC
SME000330,0.021063,R02,0,1,2026-05-13,NONE,True,True,CONTROLLED_SYNTHETIC
SME000331,0.034135,R03,0,1,2026-02-12,NONE,True,True,CONTROLLED_SYNTHETIC
SME000332,0.052099,R04,0,1,2025-12-25,LOW,True,True,CONTROLLED_SYNTHETIC
SME000333,0.016588,R02,5,1,2027-01-15,NONE,True,False,CONTROLLED_SYNTHETIC
SME000334,0.042893,R03,0,1,2026-03-20,NONE,True,True,CONTROLLED_SYNTHETIC
SME000335,0.019715,R02,0,1,2026-06-15,NONE,True,True,CONTROLLED_SYNTHETIC
SME000336,0.046090,R04,30,2,2026-02-03,NONE,True,True,CONTROLLED_SYNTHETIC
SME000337,0.008265,R02,0,1,2026-04-09,MEDIUM,True,True,CONTROLLED_SYNTHETIC
SME000338,0.039641,R03,0,1,2027-01-02,NONE,True,True,CONTROLLED_SYNTHETIC
SME000339,0.040834,R03,0,1,2026-06-15,NONE,True,True,CONTROLLED_SYNTHETIC
SME000340,0.042620,R03,0,1,2027-09-19,NONE,True,True,CONTROLLED_SYNTHETIC
SME000341,0.035802,R03,0,1,2026-01-14,NONE,True,False,CONTROLLED_SYNTHETIC
SME000342,0.033102,R03,0,1,2027-03-03,NONE,True,True,CONTROLLED_SYNTHETIC
SME000343,0.092939,R06,0,1,2027-07-21,NONE,True,True,CONTROLLED_SYNTHETIC
SME000344,0.021075,R02,0,1,2026-05-01,NONE,True,True,CONTROLLED_SYNTHETIC
SME000345,0.028332,R03,15,1,2026-12-10,NONE,True,False,CONTROLLED_SYNTHETIC
SME000346,0.031841,R03,0,1,2027-01-20,NONE,True,True,CONTROLLED_SYNTHETIC
SME000347,0.023500,R03,0,1,2027-01-28,MEDIUM,True,True,CONTROLLED_SYNTHETIC
SME000348,0.058865,R04,15,1,2026-06-03,NONE,True,False,CONTROLLED_SYNTHETIC
SME000349,0.025326,R03,0,1,2027-04-17,NONE,True,False,CONTROLLED_SYNTHETIC
SME000350,0.028701,R03,0,1,2026-10-05,NONE,True,True,CONTROLLED_SYNTHETIC
SME000351,0.030334,R03,90,3,2026-07-30,NONE,True,True,CONTROLLED_SYNTHETIC
SME000352,0.019291,R02,5,1,2027-06-06,NONE,True,True,CONTROLLED_SYNTHETIC
SME000353,0.034093,R03,0,1,2026-09-30,NONE,True,True,CONTROLLED_SYNTHETIC
SME000354,0.067412,R04,30,2,2026-02-13,NONE,True,True,CONTROLLED_SYNTHETIC
SME000355,0.057879,R04,0,1,2026-07-01,NONE,True,True,CONTROLLED_SYNTHETIC
SME000356,0.064227,R04,0,1,2026-12-12,LOW,True,False,CONTROLLED_SYNTHETIC
SME000357,0.046886,R04,0,1,2027-02-27,NONE,True,True,CONTROLLED_SYNTHETIC
SME000358,0.031446,R03,30,2,2026-02-06,NONE,True,True,CONTROLLED_SYNTHETIC
SME000359,0.020046,R02,0,1,2026-04-24,NONE,False,True,CONTROLLED_SYNTHETIC
SME000360,0.018251,R02,0,1,2026-06-08,NONE,True,True,CONTROLLED_SYNTHETIC
SME000361,0.033718,R03,0,1,2025-12-16,NONE,True,True,CONTROLLED_SYNTHETIC
SME000362,0.023469,R03,0,1,2026-12-08,NONE,True,False,CONTROLLED_SYNTHETIC
SME000363,0.067623,R04,0,1,2026-08-03,NONE,True,True,CONTROLLED_SYNTHETIC
SME000364,0.031473,R03,0,1,2026-10-24,NONE,True,True,CONTROLLED_SYNTHETIC
SME000365,0.082585,R05,0,1,2026-01-20,NONE,True,True,CONTROLLED_SYNTHETIC
SME000366,0.063089,R04,0,1,2026-06-02,NONE,True,False,CONTROLLED_SYNTHETIC
SME000367,0.029783,R03,0,1,2026-07-28,NONE,True,True,CONTROLLED_SYNTHETIC
SME000368,0.049908,R04,0,1,2027-05-01,NONE,True,True,CONTROLLED_SYNTHETIC
SME000369,0.071631,R05,0,1,2026-09-09,NONE,True,True,CONTROLLED_SYNTHETIC
SME000370,0.068504,R05,30,2,2027-09-03,NONE,True,True,CONTROLLED_SYNTHETIC
SME000371,0.039783,R03,0,1,2026-01-18,NONE,True,True,CONTROLLED_SYNTHETIC
SME000372,0.003153,R02,15,1,2026-08-06,NONE,True,True,CONTROLLED_SYNTHETIC
SME000373,0.035458,R03,0,1,2026-08-27,NONE,True,True,CONTROLLED_SYNTHETIC
SME000374,0.035646,R03,0,1,2027-01-21,NONE,True,True,CONTROLLED_SYNTHETIC
SME000375,0.030124,R03,60,2,2026-08-06,NONE,True,True,CONTROLLED_SYNTHETIC
SME000376,0.045169,R03,15,1,2027-05-25,NONE,True,True,CONTROLLED_SYNTHETIC
SME000377,0.023947,R03,0,1,2027-08-24,NONE,True,True,CONTROLLED_SYNTHETIC
SME000378,0.006745,R02,0,1,2027-10-13,NONE,True,True,CONTROLLED_SYNTHETIC
SME000379,0.056562,R04,5,1,2026-10-07,NONE,True,False,CONTROLLED_SYNTHETIC
SME000380,0.026334,R03,90,3,2026-06-05,HIGH,True,True,CONTROLLED_SYNTHETIC
SME000381,0.041691,R03,0,1,2027-02-19,NONE,True,False,CONTROLLED_SYNTHETIC
SME000382,0.014545,R02,15,1,2027-06-16,NONE,True,True,CONTROLLED_SYNTHETIC
SME000383,0.019353,R02,0,1,2026-06-07,HIGH,True,True,CONTROLLED_SYNTHETIC
SME000384,0.036500,R03,0,1,2026-04-07,NONE,True,True,CONTROLLED_SYNTHETIC
SME000385,0.060388,R04,0,1,2026-02-12,NONE,True,True,CONTROLLED_SYNTHETIC
SME000386,0.061632,R04,0,1,2027-08-09,LOW,True,True,CONTROLLED_SYNTHETIC
SME000387,0.077938,R05,0,1,2026-12-13,NONE,True,True,CONTROLLED_SYNTHETIC
SME000388,0.049478,R04,90,3,2026-08-15,NONE,True,False,CONTROLLED_SYNTHETIC
SME000389,0.031706,R03,0,1,2027-09-19,NONE,True,True,CONTROLLED_SYNTHETIC
SME000390,0.060070,R04,0,1,2027-06-25,NONE,True,True,CONTROLLED_SYNTHETIC
SME000391,0.066082,R04,0,1,2026-04-02,NONE,True,True,CONTROLLED_SYNTHETIC
SME000392,0.056718,R04,0,1,2027-04-29,NONE,False,True,CONTROLLED_SYNTHETIC
SME000393,0.048637,R04,5,1,2027-02-02,NONE,True,True,CONTROLLED_SYNTHETIC
SME000394,0.060075,R04,90,3,2026-11-19,LOW,True,True,CONTROLLED_SYNTHETIC
SME000395,0.037962,R03,0,1,2027-08-31,NONE,True,True,CONTROLLED_SYNTHETIC
SME000396,0.052184,R04,0,1,2027-07-14,NONE,True,True,CONTROLLED_SYNTHETIC
SME000397,0.064915,R04,0,1,2026-06-21,NONE,True,True,CONTROLLED_SYNTHETIC
SME000398,0.080324,R05,0,1,2026-07-06,NONE,True,True,CONTROLLED_SYNTHETIC
SME000399,0.002000,R02,0,1,2027-05-05,NONE,True,True,CONTROLLED_SYNTHETIC
SME000400,0.045272,R03,0,1,2026-01-24,NONE,True,True,CONTROLLED_SYNTHETIC
SME000401,0.041044,R03,0,1,2027-10-12,NONE,False,True,CONTROLLED_SYNTHETIC
SME000402,0.012283,R02,0,1,2027-01-27,NONE,True,True,CONTROLLED_SYNTHETIC
SME000403,0.019457,R02,0,1,2026-06-15,NONE,True,True,CONTROLLED_SYNTHETIC
SME000404,0.013710,R02,0,1,2026-01-26,NONE,True,True,CONTROLLED_SYNTHETIC
SME000405,0.017049,R02,0,1,2027-02-13,NONE,True,False,CONTROLLED_SYNTHETIC
SME000406,0.061998,R04,0,1,2027-03-02,NONE,True,True,CONTROLLED_SYNTHETIC
SME000407,0.039072,R03,0,1,2026-09-15,NONE,True,True,CONTROLLED_SYNTHETIC
SME000408,0.044773,R03,0,1,2026-04-08,LOW,True,True,CONTROLLED_SYNTHETIC
SME000409,0.031475,R03,0,1,2027-01-05,NONE,True,True,CONTROLLED_SYNTHETIC
SME000410,0.041281,R03,0,1,2026-01-06,NONE,True,True,CONTROLLED_SYNTHETIC
SME000411,0.075442,R05,0,1,2026-02-25,MEDIUM,True,True,CONTROLLED_SYNTHETIC
SME000412,0.037905,R03,0,1,2025-12-10,NONE,True,True,CONTROLLED_SYNTHETIC
SME000413,0.029000,R03,0,1,2025-12-23,LOW,True,True,CONTROLLED_SYNTHETIC
SME000414,0.025874,R03,0,1,2026-12-23,NONE,True,True,CONTROLLED_SYNTHETIC
SME000415,0.071966,R05,0,1,2027-03-12,NONE,True,False,CONTROLLED_SYNTHETIC
SME000416,0.022878,R03,0,1,2026-01-16,NONE,True,True,CONTROLLED_SYNTHETIC
SME000417,0.031026,R03,0,1,2026-08-22,NONE,True,True,CONTROLLED_SYNTHETIC
SME000418,0.022055,R02,0,1,2027-01-08,NONE,True,True,CONTROLLED_SYNTHETIC
SME000419,0.070790,R05,30,2,2026-12-08,NONE,True,True,CONTROLLED_SYNTHETIC
SME000420,0.027653,R03,0,1,2026-06-19,NONE,True,True,CONTROLLED_SYNTHETIC
SME000421,0.028990,R03,0,1,2027-05-18,NONE,True,True,CONTROLLED_SYNTHETIC
SME000422,0.046020,R04,0,1,2026-05-25,NONE,True,True,CONTROLLED_SYNTHETIC
SME000423,0.032433,R03,5,1,2027-06-11,NONE,True,True,CONTROLLED_SYNTHETIC
SME000424,0.014294,R02,30,2,2027-04-22,NONE,True,True,CONTROLLED_SYNTHETIC
SME000425,0.086590,R05,0,1,2027-02-09,NONE,True,True,CONTROLLED_SYNTHETIC
SME000426,0.014818,R02,0,1,2026-04-09,HIGH,True,True,CONTROLLED_SYNTHETIC
SME000427,0.048227,R04,0,1,2027-04-11,NONE,True,True,CONTROLLED_SYNTHETIC
SME000428,0.054729,R04,0,1,2027-04-23,NONE,True,True,CONTROLLED_SYNTHETIC
SME000429,0.049208,R04,0,1,2026-11-16,MEDIUM,True,True,CONTROLLED_SYNTHETIC
SME000430,0.083472,R05,5,1,2027-09-24,NONE,True,True,CONTROLLED_SYNTHETIC
SME000431,0.025581,R03,0,1,2027-07-04,NONE,True,True,CONTROLLED_SYNTHETIC
SME000432,0.051443,R04,5,1,2025-12-15,NONE,True,True,CONTROLLED_SYNTHETIC
SME000433,0.015209,R02,0,1,2027-09-04,NONE,True,False,CONTROLLED_SYNTHETIC
SME000434,0.019213,R02,5,1,2026-03-24,NONE,True,True,CONTROLLED_SYNTHETIC
SME000435,0.040923,R03,0,1,2026-10-28,NONE,True,True,CONTROLLED_SYNTHETIC
SME000436,0.047838,R04,0,1,2027-09-03,LOW,True,False,CONTROLLED_SYNTHETIC
SME000437,0.064556,R04,0,1,2027-05-19,NONE,True,True,CONTROLLED_SYNTHETIC
SME000438,0.059089,R04,0,1,2026-07-20,NONE,True,True,CONTROLLED_SYNTHETIC
SME000439,0.057739,R04,0,1,2027-01-28,NONE,True,False,CONTROLLED_SYNTHETIC
SME000440,0.014938,R02,0,1,2026-11-16,NONE,True,False,CONTROLLED_SYNTHETIC
SME000441,0.025922,R03,0,1,2027-08-15,NONE,True,True,CONTROLLED_SYNTHETIC
SME000442,0.024697,R03,0,1,2026-03-15,NONE,True,True,CONTROLLED_SYNTHETIC
SME000443,0.050773,R04,0,1,2027-05-03,NONE,True,True,CONTROLLED_SYNTHETIC
SME000444,0.025938,R03,5,1,2027-04-21,NONE,True,True,CONTROLLED_SYNTHETIC
SME000445,0.051102,R04,0,1,2026-10-15,NONE,True,True,CONTROLLED_SYNTHETIC
SME000446,0.022808,R03,0,1,2025-12-14,NONE,True,True,CONTROLLED_SYNTHETIC
SME000447,0.044005,R03,0,1,2026-05-03,NONE,True,True,CONTROLLED_SYNTHETIC
SME000448,0.037646,R03,0,1,2027-09-13,NONE,True,True,CONTROLLED_SYNTHETIC
SME000449,0.039307,R03,0,1,2026-12-24,NONE,True,True,CONTROLLED_SYNTHETIC
SME000450,0.012687,R02,0,1,2026-06-01,NONE,True,True,CONTROLLED_SYNTHETIC
SME000451,0.019336,R02,0,1,2027-07-14,NONE,True,True,CONTROLLED_SYNTHETIC
SME000452,0.056361,R04,0,1,2027-07-19,NONE,True,True,CONTROLLED_SYNTHETIC
SME000453,0.036098,R03,0,1,2027-04-25,LOW,True,True,CONTROLLED_SYNTHETIC
SME000454,0.084726,R05,0,1,2026-08-25,NONE,True,True,CONTROLLED_SYNTHETIC
SME000455,0.029690,R03,0,1,2027-01-27,NONE,True,False,CONTROLLED_SYNTHETIC
SME000456,0.046941,R04,0,1,2026-03-12,NONE,True,True,CONTROLLED_SYNTHETIC
SME000457,0.028284,R03,0,1,2026-08-22,NONE,True,True,CONTROLLED_SYNTHETIC
SME000458,0.050196,R04,0,1,2027-03-22,HIGH,True,True,CONTROLLED_SYNTHETIC
SME000459,0.017050,R02,0,1,2027-03-09,LOW,True,False,CONTROLLED_SYNTHETIC
SME000460,0.037979,R03,0,1,2027-09-04,NONE,True,True,CONTROLLED_SYNTHETIC
SME000461,0.029633,R03,0,1,2026-08-02,NONE,True,True,CONTROLLED_SYNTHETIC
SME000462,0.066846,R04,0,1,2027-01-29,LOW,False,True,CONTROLLED_SYNTHETIC
SME000463,0.013834,R02,0,1,2026-12-09,NONE,True,True,CONTROLLED_SYNTHETIC
SME000464,0.024337,R03,0,1,2026-07-29,NONE,True,False,CONTROLLED_SYNTHETIC
SME000465,0.044469,R03,0,1,2026-08-01,NONE,True,True,CONTROLLED_SYNTHETIC
SME000466,0.015731,R02,30,2,2027-04-06,NONE,True,True,CONTROLLED_SYNTHETIC
SME000467,0.034287,R03,0,1,2027-02-27,NONE,True,True,CONTROLLED_SYNTHETIC
SME000468,0.035438,R03,0,1,2026-12-06,LOW,True,True,CONTROLLED_SYNTHETIC
SME000469,0.046444,R04,5,1,2027-07-21,NONE,True,False,CONTROLLED_SYNTHETIC
SME000470,0.042393,R03,0,1,2027-04-09,NONE,True,True,CONTROLLED_SYNTHETIC
SME000471,0.023072,R03,0,1,2027-01-12,NONE,True,True,CONTROLLED_SYNTHETIC
SME000472,0.065891,R04,0,1,2026-08-05,NONE,True,True,CONTROLLED_SYNTHETIC
SME000473,0.050276,R04,0,1,2027-07-17,NONE,True,True,CONTROLLED_SYNTHETIC
SME000474,0.041928,R03,0,1,2027-07-09,NONE,True,True,CONTROLLED_SYNTHETIC
SME000475,0.034320,R03,5,1,2026-06-10,NONE,True,True,CONTROLLED_SYNTHETIC
SME000476,0.022885,R03,0,1,2027-09-01,NONE,True,False,CONTROLLED_SYNTHETIC
SME000477,0.009071,R02,0,1,2027-06-12,NONE,True,True,CONTROLLED_SYNTHETIC
SME000478,0.071115,R05,0,1,2026-10-12,NONE,True,True,CONTROLLED_SYNTHETIC
SME000479,0.060116,R04,0,1,2026-01-21,NONE,True,True,CONTROLLED_SYNTHETIC
SME000480,0.041397,R03,0,1,2027-05-19,NONE,True,True,CONTROLLED_SYNTHETIC
SME000481,0.008069,R02,0,1,2027-06-26,NONE,True,True,CONTROLLED_SYNTHETIC
SME000482,0.033359,R03,0,1,2026-06-09,NONE,True,False,CONTROLLED_SYNTHETIC
SME000483,0.058343,R04,0,1,2027-01-13,NONE,True,True,CONTROLLED_SYNTHETIC
SME000484,0.048874,R04,0,1,2026-02-12,NONE,True,True,CONTROLLED_SYNTHETIC
SME000485,0.047125,R04,5,1,2027-01-31,LOW,True,True,CONTROLLED_SYNTHETIC
SME000486,0.047999,R04,0,1,2027-09-25,NONE,True,True,CONTROLLED_SYNTHETIC
SME000487,0.036550,R03,0,1,2026-07-02,NONE,True,True,CONTROLLED_SYNTHETIC
SME000488,0.085336,R05,0,1,2026-06-25,NONE,True,True,CONTROLLED_SYNTHETIC
SME000489,0.027670,R03,0,1,2027-02-27,NONE,True,True,CONTROLLED_SYNTHETIC
SME000490,0.042518,R03,0,1,2026-08-03,NONE,True,True,CONTROLLED_SYNTHETIC
SME000491,0.040507,R03,0,1,2026-10-19,NONE,True,True,CONTROLLED_SYNTHETIC
SME000492,0.051187,R04,0,1,2026-05-10,NONE,True,True,CONTROLLED_SYNTHETIC
SME000493,0.027590,R03,0,1,2026-12-22,NONE,True,True,CONTROLLED_SYNTHETIC
SME000494,0.026505,R03,0,1,2026-06-16,LOW,True,False,CONTROLLED_SYNTHETIC
SME000495,0.046295,R04,0,1,2026-05-17,NONE,True,True,CONTROLLED_SYNTHETIC
SME000496,0.010292,R02,5,1,2026-11-28,NONE,True,False,CONTROLLED_SYNTHETIC
SME000497,0.051850,R04,0,1,2027-02-18,NONE,True,True,CONTROLLED_SYNTHETIC
SME000498,0.048969,R04,0,1,2026-12-13,NONE,True,True,CONTROLLED_SYNTHETIC
SME000499,0.013987,R02,0,1,2026-11-06,NONE,True,False,CONTROLLED_SYNTHETIC
SME000500,0.021431,R02,0,1,2026-01-12,HIGH,True,True,CONTROLLED_SYNTHETIC
SME000501,0.026724,R03,0,1,2026-03-17,NONE,True,True,CONTROLLED_SYNTHETIC
SME000502,0.028561,R03,0,1,2027-10-03,NONE,True,True,CONTROLLED_SYNTHETIC
SME000503,0.033961,R03,0,1,2027-05-31,NONE,True,True,CONTROLLED_SYNTHETIC
SME000504,0.015763,R02,0,1,2026-03-01,NONE,True,True,CONTROLLED_SYNTHETIC
SME000505,0.064791,R04,0,1,2026-11-19,MEDIUM,True,True,CONTROLLED_SYNTHETIC
SME000506,0.020740,R02,0,1,2027-10-13,LOW,True,True,CONTROLLED_SYNTHETIC
SME000507,0.022846,R03,15,1,2027-06-01,NONE,True,True,CONTROLLED_SYNTHETIC
SME000508,0.072987,R05,0,1,2027-08-18,NONE,True,True,CONTROLLED_SYNTHETIC
SME000509,0.061613,R04,0,1,2027-04-23,NONE,True,True,CONTROLLED_SYNTHETIC
SME000510,0.057756,R04,0,1,2027-07-29,NONE,True,False,CONTROLLED_SYNTHETIC
SME000511,0.061609,R04,15,1,2027-05-20,NONE,True,True,CONTROLLED_SYNTHETIC
SME000512,0.022956,R03,0,1,2027-03-31,NONE,True,True,CONTROLLED_SYNTHETIC
SME000513,0.017290,R02,0,1,2026-08-06,NONE,True,True,CONTROLLED_SYNTHETIC
SME000514,0.040842,R03,15,1,2026-08-12,NONE,True,False,CONTROLLED_SYNTHETIC
SME000515,0.024371,R03,0,1,2026-10-18,NONE,True,False,CONTROLLED_SYNTHETIC
SME000516,0.012891,R02,30,2,2026-01-10,NONE,True,True,CONTROLLED_SYNTHETIC
SME000517,0.049588,R04,0,1,2027-04-06,NONE,True,False,CONTROLLED_SYNTHETIC
SME000518,0.072694,R05,0,1,2026-03-27,NONE,True,True,CONTROLLED_SYNTHETIC
SME000519,0.043190,R03,0,1,2026-06-10,NONE,True,True,CONTROLLED_SYNTHETIC
SME000520,0.010890,R02,0,1,2026-05-25,NONE,True,True,CONTROLLED_SYNTHETIC
SME000521,0.011299,R02,0,1,2027-05-02,NONE,True,False,CONTROLLED_SYNTHETIC
SME000522,0.049462,R04,15,1,2027-02-13,NONE,False,True,CONTROLLED_SYNTHETIC
SME000523,0.073204,R05,0,1,2026-10-27,NONE,True,True,CONTROLLED_SYNTHETIC
SME000524,0.021554,R02,0,1,2025-12-18,NONE,True,True,CONTROLLED_SYNTHETIC
SME000525,0.041284,R03,0,1,2027-08-06,NONE,True,True,CONTROLLED_SYNTHETIC
SME000526,0.007593,R02,0,1,2026-12-11,NONE,True,True,CONTROLLED_SYNTHETIC
SME000527,0.046551,R04,0,1,2026-07-12,NONE,True,True,CONTROLLED_SYNTHETIC
SME000528,0.077536,R05,0,1,2026-07-05,NONE,True,True,CONTROLLED_SYNTHETIC
SME000529,0.057467,R04,0,1,2027-04-01,NONE,False,True,CONTROLLED_SYNTHETIC
SME000530,0.033984,R03,0,1,2027-02-22,NONE,True,True,CONTROLLED_SYNTHETIC
SME000531,0.053387,R04,15,1,2026-11-17,NONE,True,True,CONTROLLED_SYNTHETIC
SME000532,0.081597,R05,0,1,2026-03-28,NONE,True,True,CONTROLLED_SYNTHETIC
SME000533,0.047759,R04,0,1,2026-06-08,NONE,True,True,CONTROLLED_SYNTHETIC
SME000534,0.045051,R03,0,1,2027-02-09,NONE,False,True,CONTROLLED_SYNTHETIC
SME000535,0.053009,R04,0,1,2026-05-21,NONE,True,True,CONTROLLED_SYNTHETIC
SME000536,0.038937,R03,0,1,2026-11-29,NONE,True,False,CONTROLLED_SYNTHETIC
SME000537,0.043577,R03,60,2,2027-03-17,NONE,True,True,CONTROLLED_SYNTHETIC
SME000538,0.054803,R04,5,1,2026-11-24,NONE,True,True,CONTROLLED_SYNTHETIC
SME000539,0.076354,R05,0,1,2027-02-19,NONE,True,True,CONTROLLED_SYNTHETIC
SME000540,0.112998,R06,60,2,2026-04-02,NONE,True,False,CONTROLLED_SYNTHETIC
SME000541,0.063474,R04,0,1,2026-05-24,NONE,True,True,CONTROLLED_SYNTHETIC
SME000542,0.030411,R03,0,1,2025-12-13,NONE,True,False,CONTROLLED_SYNTHETIC
SME000543,0.077555,R05,0,1,2026-06-15,NONE,True,True,CONTROLLED_SYNTHETIC
SME000544,0.050922,R04,0,1,2026-09-18,NONE,True,True,CONTROLLED_SYNTHETIC
SME000545,0.030538,R03,0,1,2027-03-06,NONE,True,True,CONTROLLED_SYNTHETIC
SME000546,0.057928,R04,0,1,2027-04-07,NONE,True,True,CONTROLLED_SYNTHETIC
SME000547,0.069606,R05,0,1,2026-09-11,NONE,True,True,CONTROLLED_SYNTHETIC
SME000548,0.007387,R02,0,1,2027-07-07,NONE,True,True,CONTROLLED_SYNTHETIC
SME000549,0.091948,R06,0,1,2026-02-26,NONE,True,False,CONTROLLED_SYNTHETIC
SME000550,0.052693,R04,0,1,2026-03-16,NONE,True,True,CONTROLLED_SYNTHETIC
SME000551,0.029944,R03,5,1,2027-03-18,NONE,True,True,CONTROLLED_SYNTHETIC
SME000552,0.017001,R02,0,1,2026-03-17,MEDIUM,True,True,CONTROLLED_SYNTHETIC
SME000553,0.061664,R04,60,2,2027-03-25,NONE,True,True,CONTROLLED_SYNTHETIC
SME000554,0.021110,R02,0,1,2026-03-16,NONE,True,True,CONTROLLED_SYNTHETIC
SME000555,0.033209,R03,0,1,2027-06-20,NONE,True,False,CONTROLLED_SYNTHETIC
SME000556,0.027061,R03,0,1,2026-10-10,MEDIUM,True,True,CONTROLLED_SYNTHETIC
SME000557,0.051256,R04,15,1,2026-11-16,NONE,True,True,CONTROLLED_SYNTHETIC
SME000558,0.024014,R03,0,1,2026-04-01,NONE,True,True,CONTROLLED_SYNTHETIC
SME000559,0.041794,R03,0,1,2027-08-22,NONE,True,True,CONTROLLED_SYNTHETIC
SME000560,0.028662,R03,0,1,2026-04-05,NONE,True,True,CONTROLLED_SYNTHETIC
SME000561,0.026868,R03,0,1,2026-11-17,NONE,True,True,CONTROLLED_SYNTHETIC
SME000562,0.062902,R04,0,1,2027-05-24,NONE,True,True,CONTROLLED_SYNTHETIC
SME000563,0.047537,R04,0,1,2026-07-06,NONE,True,True,CONTROLLED_SYNTHETIC
SME000564,0.021810,R02,15,1,2026-02-20,NONE,True,True,CONTROLLED_SYNTHETIC
SME000565,0.016970,R02,0,1,2027-08-30,NONE,True,True,CONTROLLED_SYNTHETIC
SME000566,0.055689,R04,15,1,2027-02-18,NONE,True,True,CONTROLLED_SYNTHETIC
SME000567,0.063662,R04,60,2,2027-10-09,NONE,True,True,CONTROLLED_SYNTHETIC
SME000568,0.087638,R05,0,1,2027-06-03,NONE,True,True,CONTROLLED_SYNTHETIC
SME000569,0.045983,R04,0,1,2026-05-28,HIGH,True,True,CONTROLLED_SYNTHETIC
SME000570,0.013406,R02,15,1,2026-10-21,NONE,True,True,CONTROLLED_SYNTHETIC
SME000571,0.046271,R04,5,1,2027-06-10,NONE,True,True,CONTROLLED_SYNTHETIC
SME000572,0.088793,R05,0,1,2026-05-14,NONE,True,True,CONTROLLED_SYNTHETIC
SME000573,0.040291,R03,0,1,2026-01-20,NONE,True,True,CONTROLLED_SYNTHETIC
SME000574,0.042894,R03,0,1,2027-03-10,NONE,True,True,CONTROLLED_SYNTHETIC
SME000575,0.045751,R04,0,1,2027-02-01,NONE,True,True,CONTROLLED_SYNTHETIC
SME000576,0.055925,R04,0,1,2026-08-18,NONE,True,True,CONTROLLED_SYNTHETIC
SME000577,0.033208,R03,0,1,2026-01-15,NONE,True,True,CONTROLLED_SYNTHETIC
SME000578,0.016106,R02,0,1,2026-06-17,NONE,True,True,CONTROLLED_SYNTHETIC
SME000579,0.078090,R05,5,1,2026-08-07,NONE,True,True,CONTROLLED_SYNTHETIC
SME000580,0.023716,R03,0,1,2027-02-17,NONE,True,True,CONTROLLED_SYNTHETIC
SME000581,0.033764,R03,0,1,2027-04-13,NONE,True,True,CONTROLLED_SYNTHETIC
SME000582,0.024423,R03,0,1,2027-09-09,NONE,True,True,CONTROLLED_SYNTHETIC
SME000583,0.045577,R04,0,1,2026-09-06,NONE,True,True,CONTROLLED_SYNTHETIC
SME000584,0.042872,R03,0,1,2026-10-19,NONE,True,True,CONTROLLED_SYNTHETIC
SME000585,0.043982,R03,0,1,2027-09-22,NONE,True,True,CONTROLLED_SYNTHETIC
SME000586,0.093267,R06,0,1,2027-01-25,NONE,True,True,CONTROLLED_SYNTHETIC
SME000587,0.042326,R03,0,1,2026-11-10,NONE,True,True,CONTROLLED_SYNTHETIC
SME000588,0.046364,R04,0,1,2026-12-26,NONE,True,True,CONTROLLED_SYNTHETIC
SME000589,0.042574,R03,0,1,2026-08-15,NONE,True,True,CONTROLLED_SYNTHETIC
SME000590,0.041795,R03,90,3,2027-03-12,NONE,True,False,CONTROLLED_SYNTHETIC
SME000591,0.060008,R04,0,1,2026-06-28,NONE,True,True,CONTROLLED_SYNTHETIC
SME000592,0.055224,R04,15,1,2026-06-30,NONE,True,True,CONTROLLED_SYNTHETIC
SME000593,0.037683,R03,0,1,2026-07-21,NONE,False,True,CONTROLLED_SYNTHETIC
SME000594,0.072568,R05,15,1,2027-06-08,LOW,True,True,CONTROLLED_SYNTHETIC
SME000595,0.093471,R06,0,1,2027-09-13,NONE,True,False,CONTROLLED_SYNTHETIC
SME000596,0.011092,R02,90,3,2026-09-14,NONE,True,True,CONTROLLED_SYNTHETIC
SME000597,0.035364,R03,0,1,2027-01-19,NONE,True,False,CONTROLLED_SYNTHETIC
SME000598,0.078199,R05,0,1,2026-02-08,NONE,True,True,CONTROLLED_SYNTHETIC
SME000599,0.040046,R03,0,1,2026-09-08,NONE,True,False,CONTROLLED_SYNTHETIC
SME000600,0.027123,R03,0,1,2026-01-07,NONE,True,True,CONTROLLED_SYNTHETIC
SME000601,0.059916,R04,0,1,2026-12-18,NONE,True,True,CONTROLLED_SYNTHETIC
SME000602,0.063581,R04,0,1,2027-04-07,LOW,True,True,CONTROLLED_SYNTHETIC
SME000603,0.031786,R03,0,1,2027-01-21,NONE,True,True,CONTROLLED_SYNTHETIC
SME000604,0.021660,R02,60,2,2026-11-18,LOW,True,True,CONTROLLED_SYNTHETIC
SME000605,0.040628,R03,15,1,2027-03-24,NONE,True,True,CONTROLLED_SYNTHETIC
SME000606,0.059563,R04,5,1,2027-05-19,NONE,True,True,CONTROLLED_SYNTHETIC
SME000607,0.021547,R02,0,1,2026-12-02,NONE,True,True,CONTROLLED_SYNTHETIC
SME000608,0.058034,R04,0,1,2026-07-19,LOW,True,True,CONTROLLED_SYNTHETIC
SME000609,0.076743,R05,0,1,2027-03-28,NONE,True,True,CONTROLLED_SYNTHETIC
SME000610,0.077257,R05,15,1,2027-08-14,NONE,True,True,CONTROLLED_SYNTHETIC
SME000611,0.017775,R02,0,1,2027-05-19,NONE,True,True,CONTROLLED_SYNTHETIC
SME000612,0.071873,R05,15,1,2026-12-15,NONE,True,True,CONTROLLED_SYNTHETIC
SME000613,0.044339,R03,15,1,2027-08-07,NONE,True,True,CONTROLLED_SYNTHETIC
SME000614,0.021789,R02,0,1,2026-04-21,LOW,True,True,CONTROLLED_SYNTHETIC
SME000615,0.025906,R03,0,1,2027-02-15,NONE,True,True,CONTROLLED_SYNTHETIC
SME000616,0.070080,R05,15,1,2026-06-26,LOW,True,True,CONTROLLED_SYNTHETIC
SME000617,0.033006,R03,0,1,2027-08-10,NONE,True,True,CONTROLLED_SYNTHETIC
SME000618,0.038594,R03,0,1,2027-06-25,NONE,True,True,CONTROLLED_SYNTHETIC
SME000619,0.064664,R04,5,1,2026-09-09,NONE,True,False,CONTROLLED_SYNTHETIC
SME000620,0.056087,R04,0,1,2026-12-19,NONE,True,True,CONTROLLED_SYNTHETIC
SME000621,0.071755,R05,15,1,2026-11-03,NONE,True,True,CONTROLLED_SYNTHETIC
SME000622,0.080762,R05,60,2,2026-07-07,NONE,True,True,CONTROLLED_SYNTHETIC
SME000623,0.045822,R04,30,2,2026-02-16,NONE,True,True,CONTROLLED_SYNTHETIC
SME000624,0.013274,R02,0,1,2025-12-19,NONE,True,True,CONTROLLED_SYNTHETIC
SME000625,0.087781,R05,0,1,2027-08-30,NONE,True,True,CONTROLLED_SYNTHETIC
SME000626,0.044786,R03,0,1,2026-11-16,LOW,True,True,CONTROLLED_SYNTHETIC
SME000627,0.049595,R04,0,1,2026-05-15,NONE,True,True,CONTROLLED_SYNTHETIC
SME000628,0.059867,R04,0,1,2027-08-02,NONE,True,True,CONTROLLED_SYNTHETIC
SME000629,0.068012,R04,5,1,2027-03-20,NONE,True,True,CONTROLLED_SYNTHETIC
SME000630,0.037947,R03,0,1,2026-07-19,NONE,True,False,CONTROLLED_SYNTHETIC
SME000631,0.025218,R03,0,1,2027-07-30,NONE,True,True,CONTROLLED_SYNTHETIC
SME000632,0.047888,R04,15,1,2026-04-27,NONE,True,True,CONTROLLED_SYNTHETIC
SME000633,0.022095,R02,0,1,2026-01-29,NONE,True,True,CONTROLLED_SYNTHETIC
SME000634,0.043677,R03,0,1,2026-10-22,NONE,True,True,CONTROLLED_SYNTHETIC
SME000635,0.010316,R02,0,1,2026-05-19,NONE,True,True,CONTROLLED_SYNTHETIC
SME000636,0.024032,R03,0,1,2027-02-01,NONE,True,True,CONTROLLED_SYNTHETIC
SME000637,0.015326,R02,0,1,2027-09-02,NONE,True,True,CONTROLLED_SYNTHETIC
SME000638,0.060907,R04,0,1,2027-08-24,NONE,True,True,CONTROLLED_SYNTHETIC
SME000639,0.015641,R02,0,1,2027-01-23,NONE,True,False,CONTROLLED_SYNTHETIC
SME000640,0.029835,R03,5,1,2026-08-10,NONE,True,True,CONTROLLED_SYNTHETIC
SME000641,0.084903,R05,5,1,2026-01-02,NONE,True,True,CONTROLLED_SYNTHETIC
SME000642,0.031384,R03,0,1,2026-06-20,NONE,True,True,CONTROLLED_SYNTHETIC
SME000643,0.055776,R04,0,1,2027-10-10,NONE,True,False,CONTROLLED_SYNTHETIC
SME000644,0.044407,R03,30,2,2026-01-26,NONE,True,True,CONTROLLED_SYNTHETIC
SME000645,0.073917,R05,0,1,2026-05-04,NONE,False,True,CONTROLLED_SYNTHETIC
SME000646,0.029374,R03,15,1,2027-01-30,NONE,True,False,CONTROLLED_SYNTHETIC
SME000647,0.032971,R03,0,1,2025-12-14,NONE,True,True,CONTROLLED_SYNTHETIC
SME000648,0.032286,R03,0,1,2026-03-07,NONE,True,False,CONTROLLED_SYNTHETIC
SME000649,0.019311,R02,5,1,2026-11-10,NONE,True,True,CONTROLLED_SYNTHETIC
SME000650,0.010116,R02,0,1,2026-11-02,NONE,True,True,CONTROLLED_SYNTHETIC
SME000651,0.020894,R02,0,1,2027-05-11,NONE,True,True,CONTROLLED_SYNTHETIC
SME000652,0.032357,R03,90,3,2026-11-25,NONE,False,True,CONTROLLED_SYNTHETIC
SME000653,0.016419,R02,0,1,2027-09-17,NONE,False,False,CONTROLLED_SYNTHETIC
SME000654,0.079208,R05,0,1,2027-09-20,NONE,True,False,CONTROLLED_SYNTHETIC
SME000655,0.038091,R03,5,1,2027-02-21,LOW,True,True,CONTROLLED_SYNTHETIC
SME000656,0.091039,R06,5,1,2026-07-18,NONE,True,True,CONTROLLED_SYNTHETIC
SME000657,0.036784,R03,5,1,2027-06-09,NONE,True,True,CONTROLLED_SYNTHETIC
SME000658,0.081038,R05,0,1,2027-07-15,NONE,True,True,CONTROLLED_SYNTHETIC
SME000659,0.083903,R05,0,1,2027-02-08,NONE,True,False,CONTROLLED_SYNTHETIC
SME000660,0.022661,R02,30,2,2027-07-11,NONE,True,True,CONTROLLED_SYNTHETIC
SME000661,0.084119,R05,15,1,2027-07-30,NONE,True,True,CONTROLLED_SYNTHETIC
SME000662,0.018574,R02,5,1,2027-05-01,NONE,True,True,CONTROLLED_SYNTHETIC
SME000663,0.022517,R02,5,1,2027-07-24,NONE,True,True,CONTROLLED_SYNTHETIC
SME000664,0.022581,R02,0,1,2026-09-26,NONE,True,True,CONTROLLED_SYNTHETIC
SME000665,0.037648,R03,30,2,2027-04-25,NONE,True,True,CONTROLLED_SYNTHETIC
SME000666,0.090613,R05,0,1,2027-02-01,NONE,True,True,CONTROLLED_SYNTHETIC
SME000667,0.044236,R03,0,1,2026-04-16,NONE,False,True,CONTROLLED_SYNTHETIC
SME000668,0.032578,R03,0,1,2027-09-02,NONE,True,True,CONTROLLED_SYNTHETIC
SME000669,0.025549,R03,0,1,2026-05-14,NONE,True,True,CONTROLLED_SYNTHETIC
SME000670,0.015317,R02,0,1,2026-10-20,NONE,True,True,CONTROLLED_SYNTHETIC
SME000671,0.036439,R03,15,1,2027-06-29,NONE,True,True,CONTROLLED_SYNTHETIC
SME000672,0.024072,R03,0,1,2027-04-19,NONE,True,False,CONTROLLED_SYNTHETIC
SME000673,0.051398,R04,0,1,2026-10-25,NONE,True,True,CONTROLLED_SYNTHETIC
SME000674,0.094684,R06,0,1,2026-01-05,NONE,True,True,CONTROLLED_SYNTHETIC
SME000675,0.035723,R03,0,1,2026-06-27,NONE,True,True,CONTROLLED_SYNTHETIC
SME000676,0.024435,R03,0,1,2027-06-02,NONE,True,True,CONTROLLED_SYNTHETIC
SME000677,0.146176,R08,0,1,2026-05-27,NONE,True,False,CONTROLLED_SYNTHETIC
SME000678,0.063301,R04,0,1,2027-04-07,NONE,True,True,CONTROLLED_SYNTHETIC
SME000679,0.028404,R03,0,1,2027-02-04,NONE,True,True,CONTROLLED_SYNTHETIC
SME000680,0.057701,R04,0,1,2026-02-18,NONE,True,True,CONTROLLED_SYNTHETIC
SME000681,0.030238,R03,5,1,2027-07-08,NONE,True,True,CONTROLLED_SYNTHETIC
SME000682,0.053862,R04,0,1,2026-03-07,NONE,True,True,CONTROLLED_SYNTHETIC
SME000683,0.046314,R04,0,1,2026-01-10,NONE,True,True,CONTROLLED_SYNTHETIC
SME000684,0.011539,R02,0,1,2027-06-19,NONE,True,True,CONTROLLED_SYNTHETIC
SME000685,0.029067,R03,0,1,2027-09-08,NONE,True,True,CONTROLLED_SYNTHETIC
SME000686,0.025477,R03,5,1,2026-02-04,NONE,True,True,CONTROLLED_SYNTHETIC
SME000687,0.060141,R04,30,2,2026-02-08,NONE,True,True,CONTROLLED_SYNTHETIC
SME000688,0.061504,R04,0,1,2026-01-20,NONE,True,False,CONTROLLED_SYNTHETIC
SME000689,0.056049,R04,0,1,2027-06-03,NONE,True,True,CONTROLLED_SYNTHETIC
SME000690,0.023205,R03,0,1,2026-01-04,NONE,True,True,CONTROLLED_SYNTHETIC
SME000691,0.059785,R04,5,1,2026-01-10,NONE,True,True,CONTROLLED_SYNTHETIC
SME000692,0.046030,R04,0,1,2027-06-29,NONE,True,False,CONTROLLED_SYNTHETIC
SME000693,0.036267,R03,0,1,2027-06-29,NONE,True,True,CONTROLLED_SYNTHETIC
SME000694,0.036956,R03,0,1,2027-09-04,NONE,True,True,CONTROLLED_SYNTHETIC
SME000695,0.038574,R03,0,1,2026-11-04,LOW,True,True,CONTROLLED_SYNTHETIC
SME000696,0.064488,R04,0,1,2026-09-17,NONE,False,True,CONTROLLED_SYNTHETIC
SME000697,0.025191,R03,0,1,2026-05-24,NONE,True,True,CONTROLLED_SYNTHETIC
SME000698,0.037706,R03,0,1,2027-03-23,NONE,True,False,CONTROLLED_SYNTHETIC
SME000699,0.008082,R02,0,1,2027-08-25,NONE,True,True,CONTROLLED_SYNTHETIC
SME000700,0.012555,R02,0,1,2026-01-05,NONE,False,True,CONTROLLED_SYNTHETIC
SME000701,0.009509,R02,0,1,2027-05-25,NONE,True,True,CONTROLLED_SYNTHETIC
SME000702,0.047435,R04,0,1,2026-02-09,NONE,True,True,CONTROLLED_SYNTHETIC
SME000703,0.011414,R02,15,1,2026-03-02,NONE,True,True,CONTROLLED_SYNTHETIC
SME000704,0.023950,R03,0,1,2026-07-11,NONE,True,True,CONTROLLED_SYNTHETIC
SME000705,0.038794,R03,0,1,2027-07-06,NONE,True,True,CONTROLLED_SYNTHETIC
SME000706,0.036442,R03,5,1,2026-01-03,NONE,True,False,CONTROLLED_SYNTHETIC
SME000707,0.048944,R04,0,1,2027-09-11,NONE,True,True,CONTROLLED_SYNTHETIC
SME000708,0.023597,R03,15,1,2027-08-19,MEDIUM,True,True,CONTROLLED_SYNTHETIC
SME000709,0.025609,R03,0,1,2026-08-04,NONE,True,True,CONTROLLED_SYNTHETIC
SME000710,0.045819,R04,0,1,2026-03-26,NONE,True,False,CONTROLLED_SYNTHETIC
SME000711,0.039582,R03,5,1,2027-01-23,LOW,True,True,CONTROLLED_SYNTHETIC
SME000712,0.038683,R03,0,1,2027-09-09,NONE,True,True,CONTROLLED_SYNTHETIC
SME000713,0.059528,R04,0,1,2026-01-30,NONE,True,True,CONTROLLED_SYNTHETIC
SME000714,0.025428,R03,0,1,2027-09-21,NONE,True,True,CONTROLLED_SYNTHETIC
SME000715,0.038019,R03,0,1,2026-04-06,NONE,True,True,CONTROLLED_SYNTHETIC
SME000716,0.026225,R03,0,1,2027-10-13,NONE,True,True,CONTROLLED_SYNTHETIC
SME000717,0.050461,R04,15,1,2027-05-25,NONE,True,True,CONTROLLED_SYNTHETIC
SME000718,0.040986,R03,0,1,2026-03-22,NONE,True,True,CONTROLLED_SYNTHETIC
SME000719,0.050547,R04,0,1,2026-09-09,NONE,False,True,CONTROLLED_SYNTHETIC
SME000720,0.093414,R06,0,1,2026-12-11,NONE,True,True,CONTROLLED_SYNTHETIC
SME000721,0.064282,R04,0,1,2026-08-03,NONE,True,True,CONTROLLED_SYNTHETIC
SME000722,0.020368,R02,0,1,2027-02-28,NONE,True,True,CONTROLLED_SYNTHETIC
SME000723,0.032990,R03,0,1,2027-09-02,NONE,False,True,CONTROLLED_SYNTHETIC
SME000724,0.075877,R05,0,1,2026-03-23,NONE,True,True,CONTROLLED_SYNTHETIC
SME000725,0.039628,R03,0,1,2027-02-05,LOW,True,True,CONTROLLED_SYNTHETIC
SME000726,0.060910,R04,0,1,2027-09-16,LOW,True,True,CONTROLLED_SYNTHETIC
SME000727,0.011103,R02,0,1,2027-04-03,NONE,True,False,CONTROLLED_SYNTHETIC
SME000728,0.040853,R03,0,1,2026-02-23,NONE,True,True,CONTROLLED_SYNTHETIC
SME000729,0.044396,R03,0,1,2026-12-05,NONE,True,True,CONTROLLED_SYNTHETIC
SME000730,0.020299,R02,0,1,2026-04-19,LOW,True,True,CONTROLLED_SYNTHETIC
SME000731,0.018527,R02,0,1,2026-05-27,NONE,True,True,CONTROLLED_SYNTHETIC
SME000732,0.044686,R03,0,1,2027-09-13,NONE,True,False,CONTROLLED_SYNTHETIC
SME000733,0.016140,R02,30,2,2027-09-10,HIGH,True,True,CONTROLLED_SYNTHETIC
SME000734,0.022252,R02,30,2,2026-10-09,NONE,True,True,CONTROLLED_SYNTHETIC
SME000735,0.069060,R05,0,1,2026-03-08,NONE,True,True,CONTROLLED_SYNTHETIC
SME000736,0.008087,R02,15,1,2026-07-13,NONE,True,True,CONTROLLED_SYNTHETIC
SME000737,0.067758,R04,0,1,2026-08-25,NONE,True,False,CONTROLLED_SYNTHETIC
SME000738,0.041168,R03,0,1,2026-04-07,NONE,True,False,CONTROLLED_SYNTHETIC
SME000739,0.045363,R03,0,1,2026-04-03,NONE,True,True,CONTROLLED_SYNTHETIC
SME000740,0.015139,R02,0,1,2026-07-05,NONE,True,True,CONTROLLED_SYNTHETIC
SME000741,0.008741,R02,0,1,2026-12-19,NONE,True,True,CONTROLLED_SYNTHETIC
SME000742,0.044213,R03,0,1,2026-12-19,NONE,True,True,CONTROLLED_SYNTHETIC
SME000743,0.044911,R03,0,1,2027-05-12,LOW,True,True,CONTROLLED_SYNTHETIC
SME000744,0.052687,R04,5,1,2027-01-27,NONE,True,True,CONTROLLED_SYNTHETIC
SME000745,0.025551,R03,0,1,2026-03-03,NONE,True,True,CONTROLLED_SYNTHETIC
SME000746,0.086969,R05,0,1,2027-03-02,NONE,True,True,CONTROLLED_SYNTHETIC
SME000747,0.078575,R05,15,1,2025-12-09,NONE,True,True,CONTROLLED_SYNTHETIC
SME000748,0.054463,R04,0,1,2026-03-15,NONE,True,True,CONTROLLED_SYNTHETIC
SME000749,0.033346,R03,0,1,2027-06-08,MEDIUM,True,True,CONTROLLED_SYNTHETIC
SME000750,0.042078,R03,60,2,2026-08-16,NONE,True,True,CONTROLLED_SYNTHETIC
SME000751,0.031141,R03,0,1,2026-03-23,NONE,True,True,CONTROLLED_SYNTHETIC
SME000752,0.004104,R02,0,1,2026-12-24,LOW,True,True,CONTROLLED_SYNTHETIC
SME000753,0.081267,R05,0,1,2027-03-28,NONE,True,True,CONTROLLED_SYNTHETIC
SME000754,0.107197,R06,0,1,2026-11-27,NONE,True,True,CONTROLLED_SYNTHETIC
SME000755,0.058847,R04,5,1,2026-01-12,NONE,True,True,CONTROLLED_SYNTHETIC
SME000756,0.040811,R03,0,1,2026-02-13,NONE,True,False,CONTROLLED_SYNTHETIC
SME000757,0.036779,R03,5,1,2026-09-18,LOW,True,True,CONTROLLED_SYNTHETIC
SME000758,0.019608,R02,0,1,2027-06-22,NONE,True,True,CONTROLLED_SYNTHETIC
SME000759,0.033445,R03,30,2,2027-03-23,NONE,True,True,CONTROLLED_SYNTHETIC
SME000760,0.054796,R04,5,1,2026-11-07,NONE,True,True,CONTROLLED_SYNTHETIC
SME000761,0.012874,R02,0,1,2026-09-06,NONE,True,True,CONTROLLED_SYNTHETIC
SME000762,0.011863,R02,15,1,2026-07-07,NONE,True,False,CONTROLLED_SYNTHETIC
SME000763,0.061345,R04,0,1,2026-06-24,NONE,True,True,CONTROLLED_SYNTHETIC
SME000764,0.054535,R04,0,1,2027-04-09,NONE,True,True,CONTROLLED_SYNTHETIC
SME000765,0.023988,R03,5,1,2027-08-28,NONE,True,True,CONTROLLED_SYNTHETIC
SME000766,0.060184,R04,30,2,2027-05-22,NONE,True,True,CONTROLLED_SYNTHETIC
SME000767,0.019308,R02,0,1,2027-10-04,NONE,True,True,CONTROLLED_SYNTHETIC
SME000768,0.007029,R02,0,1,2027-08-26,NONE,True,True,CONTROLLED_SYNTHETIC
SME000769,0.022563,R02,0,1,2026-05-25,NONE,True,False,CONTROLLED_SYNTHETIC
SME000770,0.040523,R03,0,1,2027-04-23,NONE,True,True,CONTROLLED_SYNTHETIC
SME000771,0.012239,R02,0,1,2026-04-06,NONE,False,True,CONTROLLED_SYNTHETIC
SME000772,0.023185,R03,0,1,2026-06-06,NONE,True,True,CONTROLLED_SYNTHETIC
SME000773,0.049840,R04,30,2,2026-04-08,NONE,True,True,CONTROLLED_SYNTHETIC
SME000774,0.064926,R04,0,1,2026-12-20,NONE,True,True,CONTROLLED_SYNTHETIC
SME000775,0.048394,R04,0,1,2027-09-29,NONE,True,True,CONTROLLED_SYNTHETIC
SME000776,0.032140,R03,0,1,2026-05-07,NONE,True,False,CONTROLLED_SYNTHETIC
SME000777,0.048844,R04,0,1,2027-04-09,NONE,True,True,CONTROLLED_SYNTHETIC
SME000778,0.056192,R04,0,1,2026-06-13,NONE,True,True,CONTROLLED_SYNTHETIC
SME000779,0.036699,R03,60,2,2027-03-28,NONE,True,True,CONTROLLED_SYNTHETIC
SME000780,0.096013,R06,0,1,2026-05-24,NONE,True,True,CONTROLLED_SYNTHETIC
SME000781,0.021670,R02,0,1,2027-01-23,NONE,True,True,CONTROLLED_SYNTHETIC
SME000782,0.043413,R03,0,1,2026-09-26,NONE,True,True,CONTROLLED_SYNTHETIC
SME000783,0.064643,R04,0,1,2026-11-27,NONE,True,True,CONTROLLED_SYNTHETIC
SME000784,0.024964,R03,0,1,2026-04-05,NONE,True,True,CONTROLLED_SYNTHETIC
SME000785,0.045948,R04,0,1,2025-12-21,NONE,True,True,CONTROLLED_SYNTHETIC
SME000786,0.069546,R05,5,1,2027-02-11,NONE,True,True,CONTROLLED_SYNTHETIC
SME000787,0.024634,R03,0,1,2027-09-16,LOW,True,True,CONTROLLED_SYNTHETIC
SME000788,0.044936,R03,0,1,2025-12-21,NONE,True,True,CONTROLLED_SYNTHETIC
SME000789,0.009113,R02,0,1,2027-10-04,NONE,False,True,CONTROLLED_SYNTHETIC
SME000790,0.011675,R02,0,1,2026-12-22,LOW,True,True,CONTROLLED_SYNTHETIC
SME000791,0.066834,R04,0,1,2026-05-11,NONE,True,True,CONTROLLED_SYNTHETIC
SME000792,0.054691,R04,0,1,2027-02-02,NONE,False,True,CONTROLLED_SYNTHETIC
SME000793,0.048397,R04,0,1,2026-02-28,NONE,False,True,CONTROLLED_SYNTHETIC
SME000794,0.025494,R03,0,1,2027-05-05,NONE,True,True,CONTROLLED_SYNTHETIC
SME000795,0.034536,R03,0,1,2026-02-24,NONE,True,False,CONTROLLED_SYNTHETIC
SME000796,0.056721,R04,0,1,2026-04-14,NONE,True,True,CONTROLLED_SYNTHETIC
SME000797,0.050128,R04,0,1,2027-09-04,NONE,True,True,CONTROLLED_SYNTHETIC
SME000798,0.042474,R03,0,1,2026-08-22,NONE,True,True,CONTROLLED_SYNTHETIC
SME000799,0.082279,R05,0,1,2026-11-02,NONE,True,True,CONTROLLED_SYNTHETIC
SME000800,0.020718,R02,0,1,2026-04-30,NONE,True,True,CONTROLLED_SYNTHETIC
SME000801,0.009750,R02,0,1,2027-04-02,NONE,True,True,CONTROLLED_SYNTHETIC
SME000802,0.050726,R04,0,1,2026-05-06,MEDIUM,True,True,CONTROLLED_SYNTHETIC
SME000803,0.051075,R04,0,1,2026-10-09,NONE,True,True,CONTROLLED_SYNTHETIC
SME000804,0.030346,R03,0,1,2026-04-21,NONE,True,True,CONTROLLED_SYNTHETIC
SME000805,0.020165,R02,0,1,2027-06-24,NONE,True,True,CONTROLLED_SYNTHETIC
SME000806,0.056982,R04,0,1,2026-11-02,NONE,True,True,CONTROLLED_SYNTHETIC
SME000807,0.033992,R03,0,1,2026-03-22,NONE,True,True,CONTROLLED_SYNTHETIC
SME000808,0.049002,R04,0,1,2026-04-07,NONE,True,False,CONTROLLED_SYNTHETIC
SME000809,0.008477,R02,0,1,2027-07-27,NONE,True,True,CONTROLLED_SYNTHETIC
SME000810,0.033130,R03,0,1,2026-05-09,LOW,True,False,CONTROLLED_SYNTHETIC
SME000811,0.002542,R02,5,1,2026-01-01,NONE,True,True,CONTROLLED_SYNTHETIC
SME000812,0.059196,R04,0,1,2026-05-12,NONE,True,True,CONTROLLED_SYNTHETIC
SME000813,0.029953,R03,0,1,2026-08-24,NONE,True,True,CONTROLLED_SYNTHETIC
SME000814,0.015962,R02,15,1,2027-06-27,NONE,True,True,CONTROLLED_SYNTHETIC
SME000815,0.050527,R04,5,1,2026-04-19,NONE,True,True,CONTROLLED_SYNTHETIC
SME000816,0.021617,R02,0,1,2026-04-19,LOW,True,True,CONTROLLED_SYNTHETIC
SME000817,0.042877,R03,0,1,2026-02-11,MEDIUM,True,True,CONTROLLED_SYNTHETIC
SME000818,0.007679,R02,15,1,2026-06-28,NONE,True,True,CONTROLLED_SYNTHETIC
SME000819,0.044776,R03,60,2,2027-07-07,NONE,True,True,CONTROLLED_SYNTHETIC
SME000820,0.027114,R03,0,1,2026-10-11,NONE,False,True,CONTROLLED_SYNTHETIC
SME000821,0.010404,R02,0,1,2026-02-16,NONE,True,True,CONTROLLED_SYNTHETIC
SME000822,0.007942,R02,0,1,2026-03-11,NONE,True,False,CONTROLLED_SYNTHETIC
SME000823,0.064679,R04,0,1,2026-09-06,LOW,True,True,CONTROLLED_SYNTHETIC
SME000824,0.049546,R04,0,1,2027-09-26,MEDIUM,True,True,CONTROLLED_SYNTHETIC
SME000825,0.010350,R02,0,1,2026-12-05,NONE,True,True,CONTROLLED_SYNTHETIC
SME000826,0.024494,R03,0,1,2027-06-01,NONE,True,True,CONTROLLED_SYNTHETIC
SME000827,0.047936,R04,5,1,2026-07-28,NONE,True,True,CONTROLLED_SYNTHETIC
SME000828,0.038382,R03,0,1,2027-03-05,NONE,True,True,CONTROLLED_SYNTHETIC
SME000829,0.098077,R06,0,1,2026-02-27,NONE,True,True,CONTROLLED_SYNTHETIC
SME000830,0.036686,R03,0,1,2027-06-14,NONE,True,True,CONTROLLED_SYNTHETIC
SME000831,0.042692,R03,60,2,2026-03-20,NONE,True,True,CONTROLLED_SYNTHETIC
SME000832,0.020586,R02,90,3,2027-01-28,NONE,True,True,CONTROLLED_SYNTHETIC
SME000833,0.079676,R05,0,1,2026-10-07,NONE,True,True,CONTROLLED_SYNTHETIC
SME000834,0.069813,R05,0,1,2027-02-26,NONE,True,True,CONTROLLED_SYNTHETIC
SME000835,0.079585,R05,15,1,2027-03-09,NONE,True,True,CONTROLLED_SYNTHETIC
SME000836,0.012047,R02,0,1,2026-10-09,MEDIUM,True,True,CONTROLLED_SYNTHETIC
SME000837,0.054184,R04,0,1,2026-11-03,NONE,True,True,CONTROLLED_SYNTHETIC
SME000838,0.022592,R02,0,1,2026-04-23,NONE,True,True,CONTROLLED_SYNTHETIC
SME000839,0.080087,R05,0,1,2026-04-09,NONE,True,True,CONTROLLED_SYNTHETIC
SME000840,0.032724,R03,0,1,2025-12-24,NONE,True,True,CONTROLLED_SYNTHETIC
SME000841,0.055846,R04,0,1,2027-06-22,NONE,True,True,CONTROLLED_SYNTHETIC
SME000842,0.043308,R03,0,1,2027-03-30,HIGH,True,True,CONTROLLED_SYNTHETIC
SME000843,0.032048,R03,15,1,2026-02-11,NONE,True,True,CONTROLLED_SYNTHETIC
SME000844,0.040269,R03,0,1,2026-12-13,NONE,True,True,CONTROLLED_SYNTHETIC
SME000845,0.024121,R03,0,1,2026-03-29,LOW,True,True,CONTROLLED_SYNTHETIC
SME000846,0.018852,R02,90,3,2027-01-16,NONE,True,True,CONTROLLED_SYNTHETIC
SME000847,0.069574,R05,0,1,2026-08-27,NONE,True,True,CONTROLLED_SYNTHETIC
SME000848,0.023830,R03,0,1,2025-12-28,HIGH,True,True,CONTROLLED_SYNTHETIC
SME000849,0.043638,R03,0,1,2027-08-24,NONE,True,True,CONTROLLED_SYNTHETIC
SME000850,0.074209,R05,0,1,2027-03-10,LOW,True,True,CONTROLLED_SYNTHETIC
SME000851,0.035022,R03,0,1,2027-04-17,MEDIUM,True,True,CONTROLLED_SYNTHETIC
SME000852,0.047909,R04,5,1,2026-01-04,NONE,True,True,CONTROLLED_SYNTHETIC
SME000853,0.024722,R03,0,1,2026-07-21,NONE,True,True,CONTROLLED_SYNTHETIC
SME000854,0.070168,R05,0,1,2026-02-18,NONE,True,True,CONTROLLED_SYNTHETIC
SME000855,0.026318,R03,5,1,2026-06-08,NONE,True,True,CONTROLLED_SYNTHETIC
SME000856,0.036282,R03,0,1,2027-07-11,NONE,True,True,CONTROLLED_SYNTHETIC
SME000857,0.029839,R03,0,1,2027-02-22,NONE,True,True,CONTROLLED_SYNTHETIC
SME000858,0.021926,R02,0,1,2026-09-09,NONE,True,True,CONTROLLED_SYNTHETIC
SME000859,0.033544,R03,60,2,2027-09-18,NONE,True,True,CONTROLLED_SYNTHETIC
SME000860,0.031413,R03,0,1,2027-08-01,NONE,True,True,CONTROLLED_SYNTHETIC
SME000861,0.029182,R03,15,1,2026-01-29,NONE,True,False,CONTROLLED_SYNTHETIC
SME000862,0.018598,R02,0,1,2027-07-10,NONE,True,False,CONTROLLED_SYNTHETIC
SME000863,0.045453,R03,0,1,2027-01-22,NONE,False,True,CONTROLLED_SYNTHETIC
SME000864,0.070259,R05,0,1,2027-09-18,NONE,True,True,CONTROLLED_SYNTHETIC
SME000865,0.035700,R03,0,1,2027-08-19,NONE,True,True,CONTROLLED_SYNTHETIC
SME000866,0.013203,R02,0,1,2026-03-11,NONE,True,True,CONTROLLED_SYNTHETIC
SME000867,0.020926,R02,0,1,2026-12-13,NONE,True,True,CONTROLLED_SYNTHETIC
SME000868,0.049170,R04,0,1,2026-10-13,NONE,True,False,CONTROLLED_SYNTHETIC
SME000869,0.046632,R04,0,1,2027-02-25,NONE,True,True,CONTROLLED_SYNTHETIC
SME000870,0.015438,R02,0,1,2025-12-25,NONE,True,True,CONTROLLED_SYNTHETIC
SME000871,0.078535,R05,0,1,2026-01-24,NONE,False,False,CONTROLLED_SYNTHETIC
SME000872,0.063877,R04,0,1,2026-10-05,NONE,True,True,CONTROLLED_SYNTHETIC
SME000873,0.016044,R02,0,1,2026-05-28,LOW,True,False,CONTROLLED_SYNTHETIC
SME000874,0.030581,R03,0,1,2027-03-06,NONE,True,False,CONTROLLED_SYNTHETIC
SME000875,0.037525,R03,60,2,2026-06-02,NONE,True,True,CONTROLLED_SYNTHETIC
SME000876,0.023424,R03,0,1,2026-02-11,NONE,True,True,CONTROLLED_SYNTHETIC
SME000877,0.051715,R04,0,1,2026-01-08,NONE,True,False,CONTROLLED_SYNTHETIC
SME000878,0.033976,R03,0,1,2026-06-06,NONE,True,True,CONTROLLED_SYNTHETIC
SME000879,0.046918,R04,0,1,2027-03-09,NONE,True,True,CONTROLLED_SYNTHETIC
SME000880,0.058037,R04,0,1,2026-06-23,NONE,True,True,CONTROLLED_SYNTHETIC
SME000881,0.027337,R03,5,1,2027-04-28,NONE,True,True,CONTROLLED_SYNTHETIC
SME000882,0.008361,R02,0,1,2026-07-23,NONE,False,True,CONTROLLED_SYNTHETIC
SME000883,0.070997,R05,0,1,2026-07-18,LOW,True,True,CONTROLLED_SYNTHETIC
SME000884,0.028190,R03,0,1,2027-09-19,NONE,True,True,CONTROLLED_SYNTHETIC
SME000885,0.067041,R04,0,1,2026-04-09,NONE,True,True,CONTROLLED_SYNTHETIC
SME000886,0.046107,R04,0,1,2026-11-01,NONE,True,False,CONTROLLED_SYNTHETIC
SME000887,0.032660,R03,0,1,2027-09-30,NONE,True,True,CONTROLLED_SYNTHETIC
SME000888,0.043682,R03,0,1,2026-04-09,NONE,True,True,CONTROLLED_SYNTHETIC
SME000889,0.026505,R03,0,1,2027-06-21,NONE,True,True,CONTROLLED_SYNTHETIC
SME000890,0.067412,R04,0,1,2026-05-04,NONE,True,True,CONTROLLED_SYNTHETIC
SME000891,0.020749,R02,0,1,2027-06-02,NONE,True,True,CONTROLLED_SYNTHETIC
SME000892,0.014084,R02,0,1,2026-03-24,NONE,True,True,CONTROLLED_SYNTHETIC
SME000893,0.049412,R04,15,1,2027-01-19,NONE,True,True,CONTROLLED_SYNTHETIC
SME000894,0.091332,R06,0,1,2027-09-15,HIGH,True,True,CONTROLLED_SYNTHETIC
SME000895,0.052760,R04,0,1,2026-03-29,NONE,True,True,CONTROLLED_SYNTHETIC
SME000896,0.021945,R02,0,1,2027-01-03,NONE,True,False,CONTROLLED_SYNTHETIC
SME000897,0.039375,R03,0,1,2026-12-30,MEDIUM,True,True,CONTROLLED_SYNTHETIC
SME000898,0.021475,R02,0,1,2026-07-08,NONE,True,True,CONTROLLED_SYNTHETIC
SME000899,0.108383,R06,0,1,2026-02-22,NONE,True,True,CONTROLLED_SYNTHETIC
SME000900,0.037055,R03,5,1,2027-06-14,NONE,True,True,CONTROLLED_SYNTHETIC
SME000901,0.068688,R05,0,1,2027-10-10,NONE,True,True,CONTROLLED_SYNTHETIC
SME000902,0.042594,R03,0,1,2027-07-29,NONE,True,True,CONTROLLED_SYNTHETIC
SME000903,0.025748,R03,0,1,2026-12-05,NONE,False,True,CONTROLLED_SYNTHETIC
SME000904,0.061664,R04,5,1,2026-02-21,NONE,True,True,CONTROLLED_SYNTHETIC
SME000905,0.015112,R02,0,1,2027-02-24,NONE,True,True,CONTROLLED_SYNTHETIC
SME000906,0.054227,R04,0,1,2027-03-26,NONE,True,True,CONTROLLED_SYNTHETIC
SME000907,0.028154,R03,0,1,2027-09-28,NONE,True,True,CONTROLLED_SYNTHETIC
SME000908,0.055953,R04,0,1,2026-10-04,NONE,True,True,CONTROLLED_SYNTHETIC
SME000909,0.027715,R03,0,1,2027-09-07,NONE,True,True,CONTROLLED_SYNTHETIC
SME000910,0.033887,R03,0,1,2027-05-08,NONE,True,True,CONTROLLED_SYNTHETIC
SME000911,0.036191,R03,0,1,2026-03-30,NONE,True,True,CONTROLLED_SYNTHETIC
SME000912,0.041346,R03,0,1,2027-09-04,NONE,True,True,CONTROLLED_SYNTHETIC
SME000913,0.039377,R03,0,1,2027-09-27,NONE,True,False,CONTROLLED_SYNTHETIC
SME000914,0.066935,R04,0,1,2027-04-15,NONE,True,True,CONTROLLED_SYNTHETIC
SME000915,0.033889,R03,15,1,2026-08-01,LOW,True,True,CONTROLLED_SYNTHETIC
SME000916,0.048163,R04,0,1,2026-05-22,NONE,True,True,CONTROLLED_SYNTHETIC
SME000917,0.052493,R04,0,1,2026-06-05,NONE,True,True,CONTROLLED_SYNTHETIC
SME000918,0.070470,R05,0,1,2026-11-27,NONE,True,True,CONTROLLED_SYNTHETIC
SME000919,0.023885,R03,0,1,2026-12-30,NONE,True,True,CONTROLLED_SYNTHETIC
SME000920,0.032132,R03,0,1,2026-04-20,NONE,True,True,CONTROLLED_SYNTHETIC
SME000921,0.061594,R04,15,1,2026-04-13,NONE,True,False,CONTROLLED_SYNTHETIC
SME000922,0.009408,R02,0,1,2027-02-23,NONE,True,False,CONTROLLED_SYNTHETIC
SME000923,0.032925,R03,0,1,2027-05-25,LOW,True,True,CONTROLLED_SYNTHETIC
SME000924,0.021815,R02,0,1,2026-02-28,NONE,True,True,CONTROLLED_SYNTHETIC
SME000925,0.022051,R02,0,1,2026-08-23,NONE,True,False,CONTROLLED_SYNTHETIC
SME000926,0.043616,R03,0,1,2026-11-01,NONE,True,False,CONTROLLED_SYNTHETIC
SME000927,0.067648,R04,0,1,2026-12-01,MEDIUM,True,True,CONTROLLED_SYNTHETIC
SME000928,0.040203,R03,0,1,2025-12-19,NONE,True,False,CONTROLLED_SYNTHETIC
SME000929,0.013043,R02,0,1,2027-07-03,NONE,True,True,CONTROLLED_SYNTHETIC
SME000930,0.002000,R02,0,1,2027-02-10,NONE,True,True,CONTROLLED_SYNTHETIC
SME000931,0.008710,R02,0,1,2026-02-20,NONE,True,True,CONTROLLED_SYNTHETIC
SME000932,0.016736,R02,0,1,2025-12-30,NONE,True,True,CONTROLLED_SYNTHETIC
SME000933,0.052076,R04,0,1,2026-07-22,LOW,True,False,CONTROLLED_SYNTHETIC
SME000934,0.048406,R04,30,2,2026-05-26,NONE,True,True,CONTROLLED_SYNTHETIC
SME000935,0.038537,R03,0,1,2026-01-19,NONE,True,False,CONTROLLED_SYNTHETIC
SME000936,0.045903,R04,5,1,2026-07-11,LOW,True,True,CONTROLLED_SYNTHETIC
SME000937,0.035594,R03,0,1,2027-08-18,NONE,True,True,CONTROLLED_SYNTHETIC
SME000938,0.040371,R03,0,1,2027-06-01,NONE,True,True,CONTROLLED_SYNTHETIC
SME000939,0.039943,R03,0,1,2027-08-18,NONE,True,True,CONTROLLED_SYNTHETIC
SME000940,0.027232,R03,0,1,2025-12-04,NONE,True,True,CONTROLLED_SYNTHETIC
SME000941,0.040622,R03,0,1,2026-12-07,NONE,True,True,CONTROLLED_SYNTHETIC
SME000942,0.028778,R03,0,1,2027-05-12,NONE,True,True,CONTROLLED_SYNTHETIC
SME000943,0.038565,R03,0,1,2026-05-01,NONE,True,True,CONTROLLED_SYNTHETIC
SME000944,0.079113,R05,0,1,2027-03-14,NONE,True,True,CONTROLLED_SYNTHETIC
SME000945,0.033895,R03,0,1,2026-05-05,NONE,True,True,CONTROLLED_SYNTHETIC
SME000946,0.039049,R03,0,1,2027-08-18,NONE,True,True,CONTROLLED_SYNTHETIC
SME000947,0.056066,R04,0,1,2027-09-05,NONE,True,False,CONTROLLED_SYNTHETIC
SME000948,0.025972,R03,15,1,2026-11-12,NONE,True,True,CONTROLLED_SYNTHETIC
SME000949,0.042858,R03,0,1,2027-06-15,NONE,True,True,CONTROLLED_SYNTHETIC
SME000950,0.037859,R03,0,1,2026-04-29,NONE,True,True,CONTROLLED_SYNTHETIC
SME000951,0.052002,R04,90,3,2027-09-05,NONE,True,True,CONTROLLED_SYNTHETIC
SME000952,0.085104,R05,0,1,2026-08-04,NONE,True,True,CONTROLLED_SYNTHETIC
SME000953,0.079386,R05,15,1,2027-06-09,NONE,True,True,CONTROLLED_SYNTHETIC
SME000954,0.050175,R04,5,1,2026-10-03,NONE,True,True,CONTROLLED_SYNTHETIC
SME000955,0.057824,R04,0,1,2026-11-15,NONE,True,True,CONTROLLED_SYNTHETIC
SME000956,0.077300,R05,0,1,2027-03-02,NONE,True,True,CONTROLLED_SYNTHETIC
SME000957,0.042566,R03,0,1,2027-01-28,NONE,True,True,CONTROLLED_SYNTHETIC
SME000958,0.072537,R05,0,1,2027-04-25,LOW,True,False,CONTROLLED_SYNTHETIC
SME000959,0.046807,R04,0,1,2026-03-14,NONE,True,True,CONTROLLED_SYNTHETIC
SME000960,0.039649,R03,0,1,2027-02-02,NONE,True,True,CONTROLLED_SYNTHETIC
SME000961,0.047668,R04,0,1,2026-04-08,NONE,True,True,CONTROLLED_SYNTHETIC
SME000962,0.028302,R03,0,1,2027-08-07,LOW,True,True,CONTROLLED_SYNTHETIC
SME000963,0.012553,R02,0,1,2025-12-26,NONE,True,True,CONTROLLED_SYNTHETIC
SME000964,0.041410,R03,0,1,2027-07-01,NONE,True,True,CONTROLLED_SYNTHETIC
SME000965,0.065746,R04,0,1,2026-04-30,NONE,True,False,CONTROLLED_SYNTHETIC
SME000966,0.040226,R03,0,1,2027-03-09,NONE,True,True,CONTROLLED_SYNTHETIC
SME000967,0.038938,R03,0,1,2026-11-29,NONE,True,True,CONTROLLED_SYNTHETIC
SME000968,0.006953,R02,0,1,2027-02-16,NONE,True,False,CONTROLLED_SYNTHETIC
SME000969,0.060000,R04,5,1,2025-12-21,NONE,True,True,CONTROLLED_SYNTHETIC
SME000970,0.038234,R03,0,1,2027-10-13,NONE,False,True,CONTROLLED_SYNTHETIC
SME000971,0.099860,R06,30,2,2026-04-15,NONE,True,True,CONTROLLED_SYNTHETIC
SME000972,0.010413,R02,30,2,2026-07-12,NONE,True,True,CONTROLLED_SYNTHETIC
SME000973,0.052352,R04,5,1,2026-07-07,NONE,True,True,CONTROLLED_SYNTHETIC
SME000974,0.046269,R04,0,1,2026-10-21,NONE,True,True,CONTROLLED_SYNTHETIC
SME000975,0.021393,R02,0,1,2026-03-21,NONE,True,True,CONTROLLED_SYNTHETIC
SME000976,0.024706,R03,0,1,2027-05-30,NONE,True,True,CONTROLLED_SYNTHETIC
SME000977,0.045111,R03,0,1,2026-09-21,NONE,True,True,CONTROLLED_SYNTHETIC
SME000978,0.007517,R02,0,1,2027-03-16,NONE,True,True,CONTROLLED_SYNTHETIC
SME000979,0.048912,R04,0,1,2027-10-10,NONE,True,True,CONTROLLED_SYNTHETIC
SME000980,0.032518,R03,0,1,2027-03-09,NONE,True,True,CONTROLLED_SYNTHETIC
SME000981,0.044837,R03,0,1,2027-08-09,NONE,True,True,CONTROLLED_SYNTHETIC
SME000982,0.022160,R02,0,1,2027-04-08,NONE,True,True,CONTROLLED_SYNTHETIC
SME000983,0.012005,R02,0,1,2027-01-16,NONE,True,True,CONTROLLED_SYNTHETIC
SME000984,0.073115,R05,0,1,2026-05-12,NONE,True,True,CONTROLLED_SYNTHETIC
SME000985,0.003143,R02,0,1,2026-01-15,NONE,True,True,CONTROLLED_SYNTHETIC
SME000986,0.035555,R03,15,1,2026-01-12,NONE,True,True,CONTROLLED_SYNTHETIC
SME000987,0.097841,R06,0,1,2026-10-30,NONE,True,True,CONTROLLED_SYNTHETIC
SME000988,0.019423,R02,0,1,2027-02-06,NONE,True,True,CONTROLLED_SYNTHETIC
SME000989,0.052965,R04,0,1,2026-10-31,NONE,True,True,CONTROLLED_SYNTHETIC
SME000990,0.075119,R05,0,1,2027-08-12,NONE,True,True,CONTROLLED_SYNTHETIC
SME000991,0.036626,R03,0,1,2026-05-22,NONE,True,True,CONTROLLED_SYNTHETIC
SME000992,0.019372,R02,0,1,2026-01-20,NONE,True,False,CONTROLLED_SYNTHETIC
SME000993,0.031204,R03,0,1,2026-08-30,NONE,True,True,CONTROLLED_SYNTHETIC
SME000994,0.051713,R04,0,1,2026-10-31,NONE,True,True,CONTROLLED_SYNTHETIC
SME000995,0.031727,R03,0,1,2027-09-20,NONE,True,True,CONTROLLED_SYNTHETIC
SME000996,0.037618,R03,0,1,2026-10-10,NONE,True,False,CONTROLLED_SYNTHETIC
SME000997,0.009689,R02,30,2,2026-07-03,NONE,True,True,CONTROLLED_SYNTHETIC
SME000998,0.092596,R06,0,1,2027-03-23,NONE,True,True,CONTROLLED_SYNTHETIC
SME000999,0.024773,R03,5,1,2027-10-03,NONE,True,True,CONTROLLED_SYNTHETIC
SME001000,0.024527,R03,5,1,2025-12-29,NONE,True,True,CONTROLLED_SYNTHETIC
SME001001,0.038722,R03,0,1,2027-06-19,NONE,True,True,CONTROLLED_SYNTHETIC
SME001002,0.032162,R03,0,1,2027-07-25,NONE,True,True,CONTROLLED_SYNTHETIC
SME001003,0.040984,R03,0,1,2026-05-09,LOW,True,True,CONTROLLED_SYNTHETIC
SME001004,0.041607,R03,0,1,2026-03-16,NONE,True,True,CONTROLLED_SYNTHETIC
SME001005,0.046817,R04,0,1,2026-09-18,NONE,True,True,CONTROLLED_SYNTHETIC
SME001006,0.038761,R03,5,1,2027-04-24,NONE,True,True,CONTROLLED_SYNTHETIC
SME001007,0.107298,R06,0,1,2026-03-15,NONE,False,True,CONTROLLED_SYNTHETIC
SME001008,0.057983,R04,0,1,2027-03-27,NONE,True,True,CONTROLLED_SYNTHETIC
SME001009,0.020210,R02,0,1,2025-12-15,NONE,True,True,CONTROLLED_SYNTHETIC
SME001010,0.047107,R04,0,1,2027-05-08,NONE,True,True,CONTROLLED_SYNTHETIC
SME001011,0.008219,R02,0,1,2026-04-12,NONE,True,False,CONTROLLED_SYNTHETIC
SME001012,0.020159,R02,90,3,2026-05-17,NONE,True,True,CONTROLLED_SYNTHETIC
SME001013,0.050034,R04,0,1,2026-11-15,NONE,True,True,CONTROLLED_SYNTHETIC
SME001014,0.038452,R03,0,1,2027-05-16,NONE,True,False,CONTROLLED_SYNTHETIC
SME001015,0.040669,R03,0,1,2027-05-18,NONE,True,True,CONTROLLED_SYNTHETIC
SME001016,0.046001,R04,0,1,2027-08-10,NONE,True,True,CONTROLLED_SYNTHETIC
SME001017,0.054116,R04,0,1,2027-01-21,NONE,True,True,CONTROLLED_SYNTHETIC
SME001018,0.058497,R04,0,1,2027-05-04,NONE,True,True,CONTROLLED_SYNTHETIC
SME001019,0.024397,R03,0,1,2025-12-05,NONE,True,True,CONTROLLED_SYNTHETIC
SME001020,0.066610,R04,0,1,2026-01-12,NONE,True,True,CONTROLLED_SYNTHETIC
SME001021,0.059402,R04,0,1,2026-10-07,NONE,True,True,CONTROLLED_SYNTHETIC
SME001022,0.062342,R04,0,1,2026-03-17,NONE,True,True,CONTROLLED_SYNTHETIC
SME001023,0.035559,R03,0,1,2027-02-12,NONE,True,False,CONTROLLED_SYNTHETIC
SME001024,0.083558,R05,0,1,2026-07-14,NONE,True,False,CONTROLLED_SYNTHETIC
SME001025,0.033295,R03,0,1,2027-01-31,NONE,True,True,CONTROLLED_SYNTHETIC
SME001026,0.031568,R03,0,1,2026-10-29,NONE,True,False,CONTROLLED_SYNTHETIC
SME001027,0.057656,R04,30,2,2026-06-18,NONE,True,True,CONTROLLED_SYNTHETIC
SME001028,0.047899,R04,0,1,2027-02-18,HIGH,True,True,CONTROLLED_SYNTHETIC
SME001029,0.031845,R03,0,1,2026-07-20,NONE,True,True,CONTROLLED_SYNTHETIC
SME001030,0.061169,R04,0,1,2027-04-04,NONE,True,True,CONTROLLED_SYNTHETIC
SME001031,0.038140,R03,0,1,2027-07-20,NONE,True,True,CONTROLLED_SYNTHETIC
SME001032,0.070549,R05,0,1,2025-12-12,NONE,True,True,CONTROLLED_SYNTHETIC
SME001033,0.026668,R03,0,1,2027-06-30,NONE,True,True,CONTROLLED_SYNTHETIC
SME001034,0.057656,R04,0,1,2027-01-09,NONE,True,True,CONTROLLED_SYNTHETIC
SME001035,0.017020,R02,0,1,2027-01-13,NONE,True,True,CONTROLLED_SYNTHETIC
SME001036,0.032264,R03,30,2,2026-09-19,NONE,True,True,CONTROLLED_SYNTHETIC
SME001037,0.042523,R03,0,1,2026-11-28,NONE,True,True,CONTROLLED_SYNTHETIC
SME001038,0.023869,R03,0,1,2025-12-10,NONE,True,True,CONTROLLED_SYNTHETIC
SME001039,0.025886,R03,0,1,2027-04-18,NONE,True,True,CONTROLLED_SYNTHETIC
SME001040,0.077745,R05,0,1,2026-01-17,NONE,True,True,CONTROLLED_SYNTHETIC
SME001041,0.034116,R03,0,1,2027-10-08,NONE,True,True,CONTROLLED_SYNTHETIC
SME001042,0.034917,R03,0,1,2025-12-12,NONE,True,False,CONTROLLED_SYNTHETIC
SME001043,0.101258,R06,0,1,2026-08-30,NONE,True,False,CONTROLLED_SYNTHETIC
SME001044,0.034111,R03,30,2,2026-03-29,NONE,True,False,CONTROLLED_SYNTHETIC
SME001045,0.100333,R06,0,1,2027-04-01,NONE,True,True,CONTROLLED_SYNTHETIC
SME001046,0.030501,R03,0,1,2026-01-17,NONE,True,True,CONTROLLED_SYNTHETIC
SME001047,0.091280,R06,0,1,2026-02-09,NONE,True,True,CONTROLLED_SYNTHETIC
SME001048,0.034528,R03,0,1,2026-08-21,NONE,True,True,CONTROLLED_SYNTHETIC
SME001049,0.043898,R03,0,1,2027-01-01,NONE,True,True,CONTROLLED_SYNTHETIC
SME001050,0.029135,R03,0,1,2026-01-13,NONE,True,True,CONTROLLED_SYNTHETIC
SME001051,0.023464,R03,15,1,2027-01-10,NONE,True,True,CONTROLLED_SYNTHETIC
SME001052,0.073229,R05,0,1,2027-01-11,HIGH,True,True,CONTROLLED_SYNTHETIC
SME001053,0.035876,R03,0,1,2026-04-24,NONE,True,True,CONTROLLED_SYNTHETIC
SME001054,0.032735,R03,0,1,2026-08-07,NONE,True,True,CONTROLLED_SYNTHETIC
SME001055,0.011405,R02,0,1,2027-02-13,NONE,True,False,CONTROLLED_SYNTHETIC
SME001056,0.044832,R03,0,1,2027-05-21,MEDIUM,True,False,CONTROLLED_SYNTHETIC
SME001057,0.038334,R03,0,1,2026-03-13,NONE,True,True,CONTROLLED_SYNTHETIC
SME001058,0.070480,R05,0,1,2027-05-27,NONE,True,True,CONTROLLED_SYNTHETIC
SME001059,0.027591,R03,0,1,2026-01-21,NONE,True,False,CONTROLLED_SYNTHETIC
SME001060,0.031697,R03,0,1,2027-06-02,LOW,False,True,CONTROLLED_SYNTHETIC
SME001061,0.030801,R03,60,2,2025-12-09,NONE,True,True,CONTROLLED_SYNTHETIC
SME001062,0.045139,R03,5,1,2027-04-14,NONE,True,True,CONTROLLED_SYNTHETIC
SME001063,0.029027,R03,0,1,2027-03-24,NONE,True,True,CONTROLLED_SYNTHETIC
SME001064,0.042158,R03,0,1,2027-05-27,NONE,False,True,CONTROLLED_SYNTHETIC
SME001065,0.039760,R03,0,1,2027-03-24,NONE,True,True,CONTROLLED_SYNTHETIC
SME001066,0.027555,R03,0,1,2027-03-01,NONE,True,True,CONTROLLED_SYNTHETIC
SME001067,0.054040,R04,0,1,2026-08-21,NONE,True,True,CONTROLLED_SYNTHETIC
SME001068,0.063001,R04,0,1,2026-06-08,NONE,True,True,CONTROLLED_SYNTHETIC
SME001069,0.015259,R02,0,1,2026-05-21,NONE,True,True,CONTROLLED_SYNTHETIC
SME001070,0.037512,R03,0,1,2027-05-17,NONE,True,True,CONTROLLED_SYNTHETIC
SME001071,0.034649,R03,0,1,2026-07-15,NONE,True,False,CONTROLLED_SYNTHETIC
SME001072,0.057176,R04,0,1,2027-04-01,NONE,True,True,CONTROLLED_SYNTHETIC
SME001073,0.011158,R02,0,1,2027-06-11,NONE,True,True,CONTROLLED_SYNTHETIC
SME001074,0.032803,R03,0,1,2026-12-07,NONE,True,False,CONTROLLED_SYNTHETIC
SME001075,0.034952,R03,60,2,2026-10-01,NONE,True,True,CONTROLLED_SYNTHETIC
SME001076,0.046461,R04,0,1,2026-09-07,NONE,True,True,CONTROLLED_SYNTHETIC
SME001077,0.062634,R04,0,1,2027-01-15,NONE,True,True,CONTROLLED_SYNTHETIC
SME001078,0.008976,R02,0,1,2026-07-27,NONE,True,True,CONTROLLED_SYNTHETIC
SME001079,0.018580,R02,0,1,2027-03-08,NONE,True,True,CONTROLLED_SYNTHETIC
SME001080,0.049349,R04,0,1,2027-08-23,NONE,True,True,CONTROLLED_SYNTHETIC
SME001081,0.022144,R02,0,1,2026-07-05,NONE,True,True,CONTROLLED_SYNTHETIC
SME001082,0.042742,R03,5,1,2026-02-23,NONE,True,True,CONTROLLED_SYNTHETIC
SME001083,0.022491,R02,0,1,2027-05-08,NONE,True,True,CONTROLLED_SYNTHETIC
SME001084,0.039630,R03,0,1,2026-01-21,LOW,True,True,CONTROLLED_SYNTHETIC
SME001085,0.041742,R03,0,1,2026-01-02,NONE,True,True,CONTROLLED_SYNTHETIC
SME001086,0.044383,R03,0,1,2026-12-20,NONE,True,True,CONTROLLED_SYNTHETIC
SME001087,0.043632,R03,0,1,2025-12-20,NONE,True,True,CONTROLLED_SYNTHETIC
SME001088,0.071671,R05,30,2,2027-06-29,NONE,True,True,CONTROLLED_SYNTHETIC
SME001089,0.046211,R04,0,1,2026-04-21,NONE,True,True,CONTROLLED_SYNTHETIC
SME001090,0.041660,R03,0,1,2026-03-05,NONE,True,True,CONTROLLED_SYNTHETIC
SME001091,0.036306,R03,15,1,2026-01-30,NONE,True,False,CONTROLLED_SYNTHETIC
SME001092,0.089230,R05,0,1,2027-03-25,NONE,True,True,CONTROLLED_SYNTHETIC
SME001093,0.048304,R04,0,1,2026-04-12,NONE,True,False,CONTROLLED_SYNTHETIC
SME001094,0.060576,R04,90,3,2027-03-09,NONE,True,True,CONTROLLED_SYNTHETIC
SME001095,0.022568,R02,0,1,2027-04-27,LOW,True,True,CONTROLLED_SYNTHETIC
SME001096,0.081782,R05,0,1,2026-05-26,NONE,True,True,CONTROLLED_SYNTHETIC
SME001097,0.019692,R02,0,1,2027-06-14,NONE,True,True,CONTROLLED_SYNTHETIC
SME001098,0.040979,R03,0,1,2026-10-12,LOW,True,True,CONTROLLED_SYNTHETIC
SME001099,0.091610,R06,0,1,2027-05-18,NONE,False,True,CONTROLLED_SYNTHETIC
SME001100,0.040417,R03,15,1,2027-07-21,NONE,True,False,CONTROLLED_SYNTHETIC
SME001101,0.035715,R03,0,1,2026-02-10,LOW,True,True,CONTROLLED_SYNTHETIC
SME001102,0.026820,R03,0,1,2026-07-02,NONE,True,False,CONTROLLED_SYNTHETIC
SME001103,0.055138,R04,0,1,2027-09-30,NONE,True,True,CONTROLLED_SYNTHETIC
SME001104,0.073829,R05,0,1,2026-04-15,NONE,True,True,CONTROLLED_SYNTHETIC
SME001105,0.019207,R02,0,1,2027-04-02,NONE,True,True,CONTROLLED_SYNTHETIC
SME001106,0.024172,R03,0,1,2026-02-08,NONE,True,True,CONTROLLED_SYNTHETIC
SME001107,0.039612,R03,0,1,2027-07-07,NONE,True,True,CONTROLLED_SYNTHETIC
SME001108,0.019577,R02,0,1,2026-05-08,NONE,True,True,CONTROLLED_SYNTHETIC
SME001109,0.034742,R03,0,1,2027-09-03,NONE,True,False,CONTROLLED_SYNTHETIC
SME001110,0.059564,R04,0,1,2027-03-02,NONE,True,True,CONTROLLED_SYNTHETIC
SME001111,0.053048,R04,0,1,2026-10-20,NONE,True,True,CONTROLLED_SYNTHETIC
SME001112,0.045282,R03,30,2,2027-07-01,NONE,True,True,CONTROLLED_SYNTHETIC
SME001113,0.029774,R03,0,1,2027-09-27,NONE,True,True,CONTROLLED_SYNTHETIC
SME001114,0.034142,R03,5,1,2026-07-22,NONE,True,True,CONTROLLED_SYNTHETIC
SME001115,0.010167,R02,0,1,2026-07-05,NONE,True,True,CONTROLLED_SYNTHETIC
SME001116,0.025542,R03,0,1,2027-08-01,NONE,True,True,CONTROLLED_SYNTHETIC
SME001117,0.040045,R03,0,1,2027-08-23,LOW,True,True,CONTROLLED_SYNTHETIC
SME001118,0.072696,R05,0,1,2026-09-11,MEDIUM,True,False,CONTROLLED_SYNTHETIC
SME001119,0.025788,R03,0,1,2026-07-03,NONE,True,True,CONTROLLED_SYNTHETIC
SME001120,0.031647,R03,90,3,2026-05-05,NONE,True,True,CONTROLLED_SYNTHETIC
SME001121,0.018485,R02,0,1,2026-11-24,NONE,True,True,CONTROLLED_SYNTHETIC
SME001122,0.063538,R04,0,1,2025-12-07,HIGH,True,True,CONTROLLED_SYNTHETIC
SME001123,0.047198,R04,0,1,2027-10-03,NONE,True,True,CONTROLLED_SYNTHETIC
SME001124,0.033328,R03,0,1,2026-08-19,NONE,True,True,CONTROLLED_SYNTHETIC
SME001125,0.049572,R04,0,1,2026-12-28,NONE,True,True,CONTROLLED_SYNTHETIC
SME001126,0.051601,R04,0,1,2026-08-11,NONE,True,False,CONTROLLED_SYNTHETIC
SME001127,0.053396,R04,15,1,2026-05-14,NONE,True,True,CONTROLLED_SYNTHETIC
SME001128,0.038376,R03,0,1,2026-05-22,NONE,True,True,CONTROLLED_SYNTHETIC
SME001129,0.081259,R05,0,1,2027-05-20,NONE,True,True,CONTROLLED_SYNTHETIC
SME001130,0.027816,R03,0,1,2026-11-11,MEDIUM,True,True,CONTROLLED_SYNTHETIC
SME001131,0.025719,R03,0,1,2026-03-19,NONE,True,True,CONTROLLED_SYNTHETIC
SME001132,0.035924,R03,0,1,2026-12-29,NONE,True,True,CONTROLLED_SYNTHETIC
SME001133,0.035521,R03,0,1,2026-05-29,NONE,True,True,CONTROLLED_SYNTHETIC
SME001134,0.023448,R03,0,1,2026-09-30,NONE,True,True,CONTROLLED_SYNTHETIC
SME001135,0.052954,R04,0,1,2026-12-08,NONE,True,True,CONTROLLED_SYNTHETIC
SME001136,0.007854,R02,0,1,2027-01-02,LOW,True,True,CONTROLLED_SYNTHETIC
SME001137,0.019056,R02,15,1,2026-01-15,NONE,True,False,CONTROLLED_SYNTHETIC
SME001138,0.029807,R03,15,1,2026-11-12,NONE,True,True,CONTROLLED_SYNTHETIC
SME001139,0.046095,R04,15,1,2027-09-20,NONE,True,True,CONTROLLED_SYNTHETIC
SME001140,0.025344,R03,0,1,2026-10-19,NONE,True,False,CONTROLLED_SYNTHETIC
SME001141,0.047542,R04,0,1,2026-11-17,NONE,True,True,CONTROLLED_SYNTHETIC
SME001142,0.031934,R03,0,1,2027-01-16,NONE,True,False,CONTROLLED_SYNTHETIC
SME001143,0.026398,R03,5,1,2027-04-17,NONE,True,True,CONTROLLED_SYNTHETIC
SME001144,0.036734,R03,30,2,2025-12-03,NONE,True,True,CONTROLLED_SYNTHETIC
SME001145,0.024063,R03,0,1,2026-05-08,HIGH,True,True,CONTROLLED_SYNTHETIC
SME001146,0.025991,R03,0,1,2027-01-30,NONE,True,True,CONTROLLED_SYNTHETIC
SME001147,0.002000,R02,0,1,2027-09-23,NONE,False,True,CONTROLLED_SYNTHETIC
SME001148,0.026262,R03,0,1,2027-01-25,NONE,True,False,CONTROLLED_SYNTHETIC
SME001149,0.051257,R04,0,1,2027-01-13,NONE,True,False,CONTROLLED_SYNTHETIC
SME001150,0.050600,R04,0,1,2027-06-27,NONE,True,True,CONTROLLED_SYNTHETIC
SME001151,0.030215,R03,0,1,2027-08-09,NONE,True,True,CONTROLLED_SYNTHETIC
SME001152,0.027811,R03,0,1,2026-07-07,NONE,True,True,CONTROLLED_SYNTHETIC
SME001153,0.072532,R05,0,1,2027-03-27,NONE,True,True,CONTROLLED_SYNTHETIC
SME001154,0.049666,R04,0,1,2027-06-09,NONE,True,False,CONTROLLED_SYNTHETIC
SME001155,0.014169,R02,0,1,2027-01-14,LOW,True,True,CONTROLLED_SYNTHETIC
SME001156,0.006964,R02,0,1,2027-04-20,NONE,True,True,CONTROLLED_SYNTHETIC
SME001157,0.046513,R04,0,1,2027-05-19,NONE,True,True,CONTROLLED_SYNTHETIC
SME001158,0.024853,R03,0,1,2026-10-20,NONE,True,True,CONTROLLED_SYNTHETIC
SME001159,0.057412,R04,0,1,2026-01-26,LOW,True,True,CONTROLLED_SYNTHETIC
SME001160,0.061573,R04,0,1,2026-09-06,NONE,True,True,CONTROLLED_SYNTHETIC
SME001161,0.044364,R03,0,1,2026-07-04,NONE,True,True,CONTROLLED_SYNTHETIC
SME001162,0.043415,R03,60,2,2027-04-15,NONE,True,True,CONTROLLED_SYNTHETIC
SME001163,0.048882,R04,5,1,2026-04-07,NONE,True,True,CONTROLLED_SYNTHETIC
SME001164,0.015264,R02,0,1,2027-05-30,NONE,True,False,CONTROLLED_SYNTHETIC
SME001165,0.056771,R04,0,1,2026-03-22,NONE,True,False,CONTROLLED_SYNTHETIC
SME001166,0.054710,R04,0,1,2026-03-23,NONE,True,True,CONTROLLED_SYNTHETIC
SME001167,0.049246,R04,0,1,2026-09-08,NONE,True,True,CONTROLLED_SYNTHETIC
SME001168,0.050678,R04,0,1,2026-08-13,MEDIUM,True,True,CONTROLLED_SYNTHETIC
SME001169,0.036163,R03,0,1,2027-05-27,NONE,True,True,CONTROLLED_SYNTHETIC
SME001170,0.007253,R02,0,1,2026-04-26,NONE,True,True,CONTROLLED_SYNTHETIC
SME001171,0.029848,R03,60,2,2026-06-05,NONE,True,True,CONTROLLED_SYNTHETIC
SME001172,0.057949,R04,0,1,2026-07-05,NONE,True,True,CONTROLLED_SYNTHETIC
SME001173,0.044460,R03,30,2,2026-06-02,NONE,True,True,CONTROLLED_SYNTHETIC
SME001174,0.061311,R04,0,1,2025-12-18,NONE,True,True,CONTROLLED_SYNTHETIC
SME001175,0.020190,R02,0,1,2026-04-20,NONE,True,True,CONTROLLED_SYNTHETIC
SME001176,0.060135,R04,0,1,2027-02-20,NONE,True,True,CONTROLLED_SYNTHETIC
SME001177,0.042313,R03,0,1,2025-12-10,NONE,True,True,CONTROLLED_SYNTHETIC
SME001178,0.076821,R05,0,1,2026-01-11,NONE,True,False,CONTROLLED_SYNTHETIC
SME001179,0.011166,R02,0,1,2027-05-05,MEDIUM,True,True,CONTROLLED_SYNTHETIC
SME001180,0.088166,R05,0,1,2026-06-01,NONE,True,False,CONTROLLED_SYNTHETIC
SME001181,0.056148,R04,0,1,2026-03-10,NONE,True,True,CONTROLLED_SYNTHETIC
SME001182,0.072269,R05,0,1,2026-10-09,NONE,True,True,CONTROLLED_SYNTHETIC
SME001183,0.023825,R03,0,1,2026-10-19,NONE,True,True,CONTROLLED_SYNTHETIC
SME001184,0.072260,R05,0,1,2027-06-21,NONE,True,True,CONTROLLED_SYNTHETIC
SME001185,0.036229,R03,0,1,2027-01-16,NONE,True,True,CONTROLLED_SYNTHETIC
SME001186,0.037202,R03,60,2,2027-04-10,NONE,True,True,CONTROLLED_SYNTHETIC
SME001187,0.031364,R03,60,2,2027-02-06,NONE,True,True,CONTROLLED_SYNTHETIC
SME001188,0.042387,R03,0,1,2027-04-04,NONE,True,True,CONTROLLED_SYNTHETIC
SME001189,0.041118,R03,0,1,2027-01-03,NONE,True,True,CONTROLLED_SYNTHETIC
SME001190,0.013083,R02,0,1,2026-02-02,NONE,True,True,CONTROLLED_SYNTHETIC
SME001191,0.074759,R05,5,1,2027-08-05,NONE,True,True,CONTROLLED_SYNTHETIC
SME001192,0.029022,R03,0,1,2026-08-13,NONE,True,True,CONTROLLED_SYNTHETIC
SME001193,0.102779,R06,0,1,2026-01-17,NONE,True,True,CONTROLLED_SYNTHETIC
SME001194,0.053963,R04,0,1,2026-03-22,NONE,True,True,CONTROLLED_SYNTHETIC
SME001195,0.048608,R04,0,1,2026-11-06,NONE,True,True,CONTROLLED_SYNTHETIC
SME001196,0.050597,R04,0,1,2026-12-22,MEDIUM,True,True,CONTROLLED_SYNTHETIC
SME001197,0.049211,R04,5,1,2027-03-08,NONE,True,True,CONTROLLED_SYNTHETIC
SME001198,0.049897,R04,0,1,2026-12-03,NONE,True,True,CONTROLLED_SYNTHETIC
SME001199,0.042877,R03,0,1,2026-08-14,NONE,True,True,CONTROLLED_SYNTHETIC
SME001200,0.073140,R05,0,1,2026-10-17,NONE,True,False,CONTROLLED_SYNTHETIC
SME001201,0.050369,R04,0,1,2026-04-24,NONE,True,True,CONTROLLED_SYNTHETIC
SME001202,0.070554,R05,0,1,2027-07-25,NONE,True,True,CONTROLLED_SYNTHETIC
SME001203,0.044546,R03,0,1,2027-06-16,NONE,True,True,CONTROLLED_SYNTHETIC
SME001204,0.097144,R06,0,1,2027-07-31,NONE,True,True,CONTROLLED_SYNTHETIC
SME001205,0.060874,R04,0,1,2027-04-26,NONE,True,True,CONTROLLED_SYNTHETIC
SME001206,0.045571,R04,0,1,2026-07-12,LOW,True,True,CONTROLLED_SYNTHETIC
SME001207,0.053389,R04,0,1,2026-03-25,NONE,True,True,CONTROLLED_SYNTHETIC
SME001208,0.040109,R03,0,1,2026-07-03,NONE,False,True,CONTROLLED_SYNTHETIC
SME001209,0.050960,R04,0,1,2027-07-09,NONE,True,True,CONTROLLED_SYNTHETIC
SME001210,0.038289,R03,0,1,2025-12-27,NONE,True,True,CONTROLLED_SYNTHETIC
SME001211,0.027929,R03,0,1,2026-11-16,NONE,True,True,CONTROLLED_SYNTHETIC
SME001212,0.068334,R05,0,1,2027-02-26,NONE,True,True,CONTROLLED_SYNTHETIC
SME001213,0.016807,R02,90,3,2026-03-31,NONE,True,False,CONTROLLED_SYNTHETIC
SME001214,0.002000,R02,0,1,2026-01-17,NONE,True,True,CONTROLLED_SYNTHETIC
SME001215,0.065832,R04,0,1,2027-04-19,NONE,True,True,CONTROLLED_SYNTHETIC
SME001216,0.020827,R02,15,1,2026-12-21,NONE,True,True,CONTROLLED_SYNTHETIC
SME001217,0.040006,R03,0,1,2026-10-03,NONE,True,True,CONTROLLED_SYNTHETIC
SME001218,0.045117,R03,0,1,2026-10-01,LOW,True,True,CONTROLLED_SYNTHETIC
SME001219,0.042028,R03,0,1,2027-01-15,NONE,True,True,CONTROLLED_SYNTHETIC
SME001220,0.027237,R03,0,1,2027-09-25,NONE,True,True,CONTROLLED_SYNTHETIC
SME001221,0.022204,R02,0,1,2027-08-20,NONE,True,True,CONTROLLED_SYNTHETIC
SME001222,0.022670,R02,0,1,2026-09-23,NONE,True,True,CONTROLLED_SYNTHETIC
SME001223,0.012339,R02,30,2,2026-06-24,NONE,False,True,CONTROLLED_SYNTHETIC
SME001224,0.028410,R03,0,1,2026-11-22,NONE,True,True,CONTROLLED_SYNTHETIC
SME001225,0.056435,R04,0,1,2026-05-05,NONE,True,True,CONTROLLED_SYNTHETIC
SME001226,0.062886,R04,0,1,2026-01-17,NONE,False,True,CONTROLLED_SYNTHETIC
SME001227,0.047335,R04,0,1,2026-06-20,NONE,True,False,CONTROLLED_SYNTHETIC
SME001228,0.023152,R03,0,1,2027-09-07,NONE,True,True,CONTROLLED_SYNTHETIC
SME001229,0.085529,R05,0,1,2026-05-29,NONE,True,True,CONTROLLED_SYNTHETIC
SME001230,0.077879,R05,30,2,2027-02-06,NONE,True,True,CONTROLLED_SYNTHETIC
SME001231,0.041629,R03,0,1,2027-02-11,LOW,True,True,CONTROLLED_SYNTHETIC
SME001232,0.045127,R03,0,1,2027-09-25,MEDIUM,True,True,CONTROLLED_SYNTHETIC
SME001233,0.050442,R04,0,1,2026-06-07,NONE,True,False,CONTROLLED_SYNTHETIC
SME001234,0.045598,R04,0,1,2026-05-06,NONE,True,True,CONTROLLED_SYNTHETIC
SME001235,0.043774,R03,0,1,2026-02-08,NONE,True,True,CONTROLLED_SYNTHETIC
SME001236,0.062347,R04,0,1,2026-05-27,NONE,True,True,CONTROLLED_SYNTHETIC
SME001237,0.029117,R03,0,1,2027-06-06,NONE,True,True,CONTROLLED_SYNTHETIC
SME001238,0.034963,R03,0,1,2027-04-27,NONE,True,True,CONTROLLED_SYNTHETIC
SME001239,0.048431,R04,5,1,2026-11-15,LOW,True,True,CONTROLLED_SYNTHETIC
SME001240,0.008085,R02,0,1,2026-12-20,NONE,True,True,CONTROLLED_SYNTHETIC
SME001241,0.047135,R04,0,1,2027-01-27,NONE,True,True,CONTROLLED_SYNTHETIC
SME001242,0.053566,R04,0,1,2026-11-03,NONE,True,True,CONTROLLED_SYNTHETIC
SME001243,0.049245,R04,5,1,2026-11-07,NONE,True,True,CONTROLLED_SYNTHETIC
SME001244,0.048928,R04,0,1,2027-09-02,NONE,True,True,CONTROLLED_SYNTHETIC
SME001245,0.034420,R03,0,1,2027-08-02,NONE,True,True,CONTROLLED_SYNTHETIC
SME001246,0.041739,R03,0,1,2027-01-16,NONE,True,True,CONTROLLED_SYNTHETIC
SME001247,0.053283,R04,0,1,2027-05-30,NONE,True,True,CONTROLLED_SYNTHETIC
SME001248,0.043641,R03,90,3,2027-01-01,NONE,True,True,CONTROLLED_SYNTHETIC
SME001249,0.041675,R03,5,1,2026-03-09,MEDIUM,False,True,CONTROLLED_SYNTHETIC
SME001250,0.027155,R03,5,1,2026-12-12,NONE,False,True,CONTROLLED_SYNTHETIC
SME001251,0.027886,R03,0,1,2026-02-18,NONE,True,True,CONTROLLED_SYNTHETIC
SME001252,0.063678,R04,5,1,2026-02-15,NONE,True,False,CONTROLLED_SYNTHETIC
SME001253,0.013551,R02,0,1,2026-03-14,NONE,True,True,CONTROLLED_SYNTHETIC
SME001254,0.045392,R03,0,1,2026-09-21,NONE,True,True,CONTROLLED_SYNTHETIC
SME001255,0.031283,R03,0,1,2026-04-15,NONE,True,True,CONTROLLED_SYNTHETIC
SME001256,0.059957,R04,0,1,2027-09-20,NONE,True,True,CONTROLLED_SYNTHETIC
SME001257,0.069891,R05,0,1,2026-11-13,NONE,True,True,CONTROLLED_SYNTHETIC
SME001258,0.015638,R02,0,1,2026-06-17,NONE,True,False,CONTROLLED_SYNTHETIC
SME001259,0.092345,R06,0,1,2026-05-02,NONE,True,True,CONTROLLED_SYNTHETIC
SME001260,0.043656,R03,15,1,2027-06-07,NONE,True,True,CONTROLLED_SYNTHETIC
SME001261,0.029457,R03,0,1,2026-07-10,NONE,True,True,CONTROLLED_SYNTHETIC
SME001262,0.029366,R03,0,1,2026-10-25,NONE,True,True,CONTROLLED_SYNTHETIC
SME001263,0.031194,R03,0,1,2026-01-26,NONE,True,True,CONTROLLED_SYNTHETIC
SME001264,0.049067,R04,0,1,2026-12-02,NONE,True,True,CONTROLLED_SYNTHETIC
SME001265,0.054868,R04,0,1,2026-05-02,HIGH,True,True,CONTROLLED_SYNTHETIC
SME001266,0.028178,R03,0,1,2026-11-01,NONE,True,True,CONTROLLED_SYNTHETIC
SME001267,0.051806,R04,0,1,2026-09-22,NONE,True,True,CONTROLLED_SYNTHETIC
SME001268,0.033048,R03,0,1,2025-12-26,NONE,True,True,CONTROLLED_SYNTHETIC
SME001269,0.044973,R03,0,1,2026-07-24,NONE,True,False,CONTROLLED_SYNTHETIC
SME001270,0.035574,R03,0,1,2026-05-13,NONE,True,True,CONTROLLED_SYNTHETIC
SME001271,0.040787,R03,0,1,2026-07-12,NONE,True,True,CONTROLLED_SYNTHETIC
SME001272,0.013672,R02,0,1,2027-03-30,NONE,True,True,CONTROLLED_SYNTHETIC
SME001273,0.085929,R05,0,1,2027-02-09,NONE,True,True,CONTROLLED_SYNTHETIC
SME001274,0.025214,R03,5,1,2026-03-27,NONE,True,True,CONTROLLED_SYNTHETIC
SME001275,0.063122,R04,0,1,2026-10-18,NONE,True,True,CONTROLLED_SYNTHETIC
SME001276,0.065032,R04,0,1,2026-05-20,NONE,True,True,CONTROLLED_SYNTHETIC
SME001277,0.031396,R03,0,1,2027-10-13,NONE,True,True,CONTROLLED_SYNTHETIC
SME001278,0.033084,R03,0,1,2027-06-24,NONE,True,True,CONTROLLED_SYNTHETIC
SME001279,0.050198,R04,0,1,2027-10-05,NONE,True,True,CONTROLLED_SYNTHETIC
SME001280,0.037628,R03,0,1,2026-11-20,NONE,True,True,CONTROLLED_SYNTHETIC
SME001281,0.079717,R05,0,1,2027-04-24,NONE,True,True,CONTROLLED_SYNTHETIC
SME001282,0.028959,R03,0,1,2026-11-10,NONE,True,True,CONTROLLED_SYNTHETIC
SME001283,0.024852,R03,15,1,2026-12-01,NONE,True,True,CONTROLLED_SYNTHETIC
SME001284,0.035674,R03,0,1,2026-03-09,MEDIUM,False,True,CONTROLLED_SYNTHETIC
SME001285,0.038972,R03,0,1,2026-10-09,NONE,True,True,CONTROLLED_SYNTHETIC
SME001286,0.027551,R03,0,1,2027-07-10,NONE,True,True,CONTROLLED_SYNTHETIC
SME001287,0.021495,R02,0,1,2027-01-06,HIGH,True,True,CONTROLLED_SYNTHETIC
SME001288,0.043706,R03,0,1,2026-04-18,NONE,True,True,CONTROLLED_SYNTHETIC
SME001289,0.035186,R03,0,1,2026-08-02,NONE,True,True,CONTROLLED_SYNTHETIC
SME001290,0.031660,R03,0,1,2027-10-13,NONE,True,True,CONTROLLED_SYNTHETIC
SME001291,0.018750,R02,0,1,2026-07-20,NONE,True,True,CONTROLLED_SYNTHETIC
SME001292,0.071086,R05,0,1,2027-01-12,NONE,True,True,CONTROLLED_SYNTHETIC
SME001293,0.042540,R03,60,2,2026-06-25,NONE,True,True,CONTROLLED_SYNTHETIC
SME001294,0.012602,R02,5,1,2026-12-26,NONE,True,True,CONTROLLED_SYNTHETIC
SME001295,0.022304,R02,5,1,2026-07-30,NONE,True,False,CONTROLLED_SYNTHETIC
SME001296,0.021490,R02,15,1,2027-07-23,NONE,True,True,CONTROLLED_SYNTHETIC
SME001297,0.010999,R02,0,1,2027-09-17,NONE,True,False,CONTROLLED_SYNTHETIC
SME001298,0.022866,R03,0,1,2027-04-10,NONE,True,True,CONTROLLED_SYNTHETIC
SME001299,0.049902,R04,0,1,2026-12-05,NONE,True,True,CONTROLLED_SYNTHETIC
SME001300,0.035284,R03,0,1,2026-09-06,NONE,True,True,CONTROLLED_SYNTHETIC
SME001301,0.024464,R03,90,3,2026-02-14,NONE,True,True,CONTROLLED_SYNTHETIC
SME001302,0.045521,R04,0,1,2026-10-14,NONE,True,True,CONTROLLED_SYNTHETIC
SME001303,0.007495,R02,0,1,2026-07-29,NONE,True,True,CONTROLLED_SYNTHETIC
SME001304,0.012685,R02,0,1,2027-06-07,NONE,True,True,CONTROLLED_SYNTHETIC
SME001305,0.036763,R03,0,1,2027-04-08,MEDIUM,True,True,CONTROLLED_SYNTHETIC
SME001306,0.014020,R02,0,1,2026-08-30,NONE,True,True,CONTROLLED_SYNTHETIC
SME001307,0.069337,R05,0,1,2026-06-12,NONE,True,True,CONTROLLED_SYNTHETIC
SME001308,0.021076,R02,15,1,2026-07-04,NONE,True,True,CONTROLLED_SYNTHETIC
SME001309,0.053516,R04,0,1,2026-02-11,NONE,True,True,CONTROLLED_SYNTHETIC
SME001310,0.038921,R03,60,2,2026-05-06,NONE,True,True,CONTROLLED_SYNTHETIC
SME001311,0.014858,R02,0,1,2027-04-18,NONE,True,True,CONTROLLED_SYNTHETIC
SME001312,0.011675,R02,0,1,2027-07-21,MEDIUM,True,True,CONTROLLED_SYNTHETIC
SME001313,0.087719,R05,0,1,2027-08-10,NONE,True,True,CONTROLLED_SYNTHETIC
SME001314,0.028239,R03,0,1,2026-06-20,NONE,True,True,CONTROLLED_SYNTHETIC
SME001315,0.056037,R04,0,1,2026-08-01,NONE,True,True,CONTROLLED_SYNTHETIC
SME001316,0.032497,R03,0,1,2027-02-21,NONE,True,True,CONTROLLED_SYNTHETIC
SME001317,0.051050,R04,0,1,2026-11-13,NONE,True,True,CONTROLLED_SYNTHETIC
SME001318,0.092330,R06,0,1,2026-11-14,NONE,True,True,CONTROLLED_SYNTHETIC
SME001319,0.025391,R03,0,1,2027-02-10,NONE,True,True,CONTROLLED_SYNTHETIC
SME001320,0.024555,R03,0,1,2026-09-03,NONE,True,True,CONTROLLED_SYNTHETIC
SME001321,0.051383,R04,0,1,2027-10-05,NONE,True,True,CONTROLLED_SYNTHETIC
SME001322,0.071592,R05,0,1,2026-12-03,NONE,True,True,CONTROLLED_SYNTHETIC
SME001323,0.016570,R02,0,1,2026-06-30,NONE,True,True,CONTROLLED_SYNTHETIC
SME001324,0.030953,R03,0,1,2026-09-03,NONE,True,True,CONTROLLED_SYNTHETIC
SME001325,0.041719,R03,0,1,2027-07-21,NONE,True,False,CONTROLLED_SYNTHETIC
SME001326,0.064868,R04,30,2,2026-09-14,NONE,True,True,CONTROLLED_SYNTHETIC
SME001327,0.036221,R03,15,1,2026-12-03,NONE,True,True,CONTROLLED_SYNTHETIC
SME001328,0.028242,R03,0,1,2027-10-12,NONE,True,True,CONTROLLED_SYNTHETIC
SME001329,0.028972,R03,0,1,2026-06-05,MEDIUM,True,True,CONTROLLED_SYNTHETIC
SME001330,0.092015,R06,0,1,2027-01-19,NONE,True,True,CONTROLLED_SYNTHETIC
SME001331,0.018021,R02,0,1,2026-08-10,NONE,True,True,CONTROLLED_SYNTHETIC
SME001332,0.033747,R03,0,1,2027-04-10,NONE,True,True,CONTROLLED_SYNTHETIC
SME001333,0.004767,R02,30,2,2026-08-14,NONE,True,True,CONTROLLED_SYNTHETIC
SME001334,0.008296,R02,0,1,2026-06-20,NONE,True,True,CONTROLLED_SYNTHETIC
SME001335,0.079616,R05,0,1,2027-10-12,LOW,True,True,CONTROLLED_SYNTHETIC
SME001336,0.045111,R03,5,1,2027-10-08,NONE,True,True,CONTROLLED_SYNTHETIC
SME001337,0.052828,R04,0,1,2027-08-14,NONE,True,True,CONTROLLED_SYNTHETIC
SME001338,0.030944,R03,0,1,2027-01-15,NONE,True,True,CONTROLLED_SYNTHETIC
SME001339,0.023117,R03,0,1,2027-08-13,NONE,True,False,CONTROLLED_SYNTHETIC
SME001340,0.010606,R02,0,1,2026-09-09,NONE,True,True,CONTROLLED_SYNTHETIC
SME001341,0.083725,R05,0,1,2027-03-25,NONE,True,True,CONTROLLED_SYNTHETIC
SME001342,0.020391,R02,0,1,2027-02-27,NONE,True,True,CONTROLLED_SYNTHETIC
SME001343,0.023678,R03,0,1,2027-08-07,LOW,True,True,CONTROLLED_SYNTHETIC
SME001344,0.056293,R04,0,1,2026-09-28,NONE,True,False,CONTROLLED_SYNTHETIC
SME001345,0.055998,R04,0,1,2027-08-30,NONE,True,True,CONTROLLED_SYNTHETIC
SME001346,0.025838,R03,0,1,2027-06-23,NONE,True,True,CONTROLLED_SYNTHETIC
SME001347,0.014794,R02,0,1,2026-01-28,LOW,True,True,CONTROLLED_SYNTHETIC
SME001348,0.044438,R03,0,1,2027-01-07,NONE,True,True,CONTROLLED_SYNTHETIC
SME001349,0.106373,R06,0,1,2027-05-13,NONE,True,True,CONTROLLED_SYNTHETIC
SME001350,0.048701,R04,0,1,2026-10-20,NONE,True,True,CONTROLLED_SYNTHETIC
SME001351,0.010408,R02,0,1,2026-06-02,NONE,True,True,CONTROLLED_SYNTHETIC
SME001352,0.038588,R03,30,2,2026-05-31,NONE,True,True,CONTROLLED_SYNTHETIC
SME001353,0.022667,R02,0,1,2027-02-01,NONE,True,True,CONTROLLED_SYNTHETIC
SME001354,0.070388,R05,0,1,2026-11-20,MEDIUM,True,False,CONTROLLED_SYNTHETIC
SME001355,0.080002,R05,0,1,2026-10-20,NONE,True,True,CONTROLLED_SYNTHETIC
SME001356,0.029168,R03,0,1,2026-10-12,NONE,True,False,CONTROLLED_SYNTHETIC
SME001357,0.035132,R03,0,1,2027-02-13,LOW,True,False,CONTROLLED_SYNTHETIC
SME001358,0.050586,R04,0,1,2027-10-08,NONE,True,True,CONTROLLED_SYNTHETIC
SME001359,0.067586,R04,0,1,2026-05-13,NONE,True,True,CONTROLLED_SYNTHETIC
SME001360,0.023986,R03,0,1,2026-12-07,NONE,True,True,CONTROLLED_SYNTHETIC
SME001361,0.033691,R03,15,1,2027-10-08,NONE,True,True,CONTROLLED_SYNTHETIC
SME001362,0.033488,R03,0,1,2025-12-26,NONE,True,True,CONTROLLED_SYNTHETIC
SME001363,0.046761,R04,0,1,2026-05-03,NONE,True,False,CONTROLLED_SYNTHETIC
SME001364,0.032063,R03,0,1,2027-09-27,NONE,True,True,CONTROLLED_SYNTHETIC
SME001365,0.068544,R05,0,1,2026-02-09,NONE,True,True,CONTROLLED_SYNTHETIC
SME001366,0.023247,R03,0,1,2026-10-15,NONE,True,True,CONTROLLED_SYNTHETIC
SME001367,0.046422,R04,0,1,2027-06-29,NONE,True,True,CONTROLLED_SYNTHETIC
SME001368,0.079430,R05,5,1,2027-06-09,NONE,True,True,CONTROLLED_SYNTHETIC
SME001369,0.013927,R02,15,1,2026-11-15,LOW,True,True,CONTROLLED_SYNTHETIC
SME001370,0.043632,R03,5,1,2026-07-06,LOW,True,True,CONTROLLED_SYNTHETIC
SME001371,0.048325,R04,0,1,2027-07-13,NONE,True,True,CONTROLLED_SYNTHETIC
SME001372,0.052453,R04,5,1,2026-12-19,NONE,True,True,CONTROLLED_SYNTHETIC
SME001373,0.062435,R04,0,1,2027-02-13,NONE,True,True,CONTROLLED_SYNTHETIC
SME001374,0.036078,R03,0,1,2027-02-05,NONE,True,True,CONTROLLED_SYNTHETIC
SME001375,0.049227,R04,0,1,2026-11-27,NONE,True,True,CONTROLLED_SYNTHETIC
SME001376,0.022160,R02,0,1,2027-10-03,NONE,True,True,CONTROLLED_SYNTHETIC
SME001377,0.054929,R04,0,1,2025-12-14,NONE,True,True,CONTROLLED_SYNTHETIC
SME001378,0.038345,R03,0,1,2026-06-28,NONE,True,False,CONTROLLED_SYNTHETIC
SME001379,0.054749,R04,0,1,2026-10-03,NONE,True,True,CONTROLLED_SYNTHETIC
SME001380,0.027368,R03,0,1,2026-12-17,MEDIUM,True,True,CONTROLLED_SYNTHETIC
SME001381,0.052074,R04,0,1,2026-07-20,NONE,True,True,CONTROLLED_SYNTHETIC
SME001382,0.024496,R03,0,1,2026-08-29,NONE,True,True,CONTROLLED_SYNTHETIC
SME001383,0.043643,R03,0,1,2027-01-02,NONE,True,True,CONTROLLED_SYNTHETIC
SME001384,0.011897,R02,0,1,2026-01-26,NONE,True,True,CONTROLLED_SYNTHETIC
SME001385,0.021486,R02,0,1,2027-01-12,NONE,True,True,CONTROLLED_SYNTHETIC
SME001386,0.032689,R03,0,1,2027-10-05,NONE,True,True,CONTROLLED_SYNTHETIC
SME001387,0.064614,R04,0,1,2027-01-03,NONE,False,True,CONTROLLED_SYNTHETIC
SME001388,0.029598,R03,0,1,2026-12-27,NONE,True,True,CONTROLLED_SYNTHETIC
SME001389,0.016701,R02,15,1,2026-08-28,NONE,True,True,CONTROLLED_SYNTHETIC
SME001390,0.041861,R03,0,1,2026-10-27,MEDIUM,True,True,CONTROLLED_SYNTHETIC
SME001391,0.048557,R04,0,1,2026-05-06,NONE,True,True,CONTROLLED_SYNTHETIC
SME001392,0.049425,R04,0,1,2027-01-08,NONE,True,True,CONTROLLED_SYNTHETIC
SME001393,0.023385,R03,0,1,2027-09-14,NONE,True,True,CONTROLLED_SYNTHETIC
SME001394,0.043657,R03,0,1,2027-03-14,NONE,True,True,CONTROLLED_SYNTHETIC
SME001395,0.024022,R03,0,1,2027-01-25,NONE,True,True,CONTROLLED_SYNTHETIC
SME001396,0.030979,R03,0,1,2026-12-18,NONE,True,True,CONTROLLED_SYNTHETIC
SME001397,0.068134,R04,0,1,2027-08-29,NONE,True,True,CONTROLLED_SYNTHETIC
SME001398,0.031131,R03,0,1,2026-08-24,NONE,True,True,CONTROLLED_SYNTHETIC
SME001399,0.100884,R06,0,1,2026-08-08,HIGH,True,True,CONTROLLED_SYNTHETIC
SME001400,0.032625,R03,0,1,2027-03-14,NONE,True,True,CONTROLLED_SYNTHETIC
SME001401,0.024481,R03,0,1,2026-09-12,NONE,True,True,CONTROLLED_SYNTHETIC
SME001402,0.008887,R02,0,1,2027-02-19,NONE,True,True,CONTROLLED_SYNTHETIC
SME001403,0.021113,R02,5,1,2027-03-15,NONE,True,True,CONTROLLED_SYNTHETIC
SME001404,0.007499,R02,0,1,2026-07-28,NONE,True,True,CONTROLLED_SYNTHETIC
SME001405,0.024909,R03,0,1,2026-07-30,NONE,True,True,CONTROLLED_SYNTHETIC
SME001406,0.045764,R04,15,1,2026-09-09,NONE,True,False,CONTROLLED_SYNTHETIC
SME001407,0.023092,R03,15,1,2026-11-18,MEDIUM,True,True,CONTROLLED_SYNTHETIC
SME001408,0.065438,R04,0,1,2026-04-20,NONE,True,True,CONTROLLED_SYNTHETIC
SME001409,0.025937,R03,0,1,2027-02-24,NONE,True,True,CONTROLLED_SYNTHETIC
SME001410,0.040723,R03,0,1,2026-03-17,NONE,True,False,CONTROLLED_SYNTHETIC
SME001411,0.081226,R05,0,1,2026-04-16,NONE,True,True,CONTROLLED_SYNTHETIC
SME001412,0.057515,R04,5,1,2026-07-22,NONE,True,True,CONTROLLED_SYNTHETIC
SME001413,0.030083,R03,0,1,2027-08-07,NONE,True,True,CONTROLLED_SYNTHETIC
SME001414,0.029695,R03,0,1,2027-07-21,NONE,True,True,CONTROLLED_SYNTHETIC
SME001415,0.111667,R06,0,1,2026-11-29,LOW,True,True,CONTROLLED_SYNTHETIC
SME001416,0.048633,R04,90,3,2026-06-24,NONE,True,True,CONTROLLED_SYNTHETIC
SME001417,0.090197,R05,0,1,2026-05-18,NONE,True,True,CONTROLLED_SYNTHETIC
SME001418,0.034490,R03,0,1,2026-04-04,NONE,True,True,CONTROLLED_SYNTHETIC
SME001419,0.047173,R04,0,1,2026-08-09,NONE,True,True,CONTROLLED_SYNTHETIC
SME001420,0.041045,R03,0,1,2027-02-14,NONE,True,True,CONTROLLED_SYNTHETIC
SME001421,0.032040,R03,0,1,2026-04-16,LOW,True,True,CONTROLLED_SYNTHETIC
SME001422,0.010342,R02,0,1,2027-02-19,NONE,True,True,CONTROLLED_SYNTHETIC
SME001423,0.026420,R03,5,1,2026-01-25,NONE,True,True,CONTROLLED_SYNTHETIC
SME001424,0.040590,R03,0,1,2027-08-28,NONE,True,True,CONTROLLED_SYNTHETIC
SME001425,0.022241,R02,5,1,2026-01-16,NONE,True,False,CONTROLLED_SYNTHETIC
SME001426,0.052537,R04,30,2,2026-01-10,NONE,True,False,CONTROLLED_SYNTHETIC
SME001427,0.027293,R03,0,1,2027-02-20,NONE,True,True,CONTROLLED_SYNTHETIC
SME001428,0.015052,R02,60,2,2027-05-16,NONE,True,True,CONTROLLED_SYNTHETIC
SME001429,0.028796,R03,0,1,2026-06-10,NONE,True,True,CONTROLLED_SYNTHETIC
SME001430,0.069729,R05,0,1,2027-08-28,NONE,True,False,CONTROLLED_SYNTHETIC
SME001431,0.032565,R03,30,2,2026-07-08,NONE,True,True,CONTROLLED_SYNTHETIC
SME001432,0.019655,R02,0,1,2027-06-04,NONE,True,True,CONTROLLED_SYNTHETIC
SME001433,0.033996,R03,5,1,2026-06-04,NONE,True,True,CONTROLLED_SYNTHETIC
SME001434,0.002000,R02,0,1,2026-07-16,NONE,True,True,CONTROLLED_SYNTHETIC
SME001435,0.052790,R04,0,1,2026-09-06,NONE,True,True,CONTROLLED_SYNTHETIC
SME001436,0.032871,R03,0,1,2027-04-06,NONE,True,True,CONTROLLED_SYNTHETIC
SME001437,0.019289,R02,15,1,2026-01-11,NONE,True,True,CONTROLLED_SYNTHETIC
SME001438,0.019208,R02,30,2,2026-04-29,NONE,True,False,CONTROLLED_SYNTHETIC
SME001439,0.025132,R03,0,1,2027-03-05,NONE,True,True,CONTROLLED_SYNTHETIC
SME001440,0.034099,R03,0,1,2027-08-12,NONE,True,True,CONTROLLED_SYNTHETIC
SME001441,0.045045,R03,0,1,2027-04-26,LOW,True,True,CONTROLLED_SYNTHETIC
SME001442,0.107873,R06,0,1,2026-05-16,NONE,True,True,CONTROLLED_SYNTHETIC
SME001443,0.030499,R03,15,1,2027-02-23,NONE,True,True,CONTROLLED_SYNTHETIC
SME001444,0.029029,R03,90,3,2027-08-27,NONE,True,True,CONTROLLED_SYNTHETIC
SME001445,0.013371,R02,0,1,2026-08-17,NONE,True,True,CONTROLLED_SYNTHETIC
SME001446,0.008020,R02,0,1,2027-05-31,NONE,False,True,CONTROLLED_SYNTHETIC
SME001447,0.060832,R04,0,1,2027-01-27,NONE,True,True,CONTROLLED_SYNTHETIC
SME001448,0.021305,R02,0,1,2026-07-07,NONE,True,True,CONTROLLED_SYNTHETIC
SME001449,0.014804,R02,0,1,2026-04-30,NONE,True,True,CONTROLLED_SYNTHETIC
SME001450,0.042137,R03,0,1,2026-01-13,NONE,True,True,CONTROLLED_SYNTHETIC
SME001451,0.059094,R04,0,1,2026-11-17,NONE,True,True,CONTROLLED_SYNTHETIC
SME001452,0.109206,R06,0,1,2026-12-13,NONE,True,True,CONTROLLED_SYNTHETIC
SME001453,0.019751,R02,30,2,2027-10-08,NONE,True,True,CONTROLLED_SYNTHETIC
SME001454,0.042289,R03,0,1,2027-03-20,NONE,True,True,CONTROLLED_SYNTHETIC
SME001455,0.088840,R05,0,1,2026-03-14,NONE,False,True,CONTROLLED_SYNTHETIC
SME001456,0.067324,R04,0,1,2027-04-19,NONE,True,True,CONTROLLED_SYNTHETIC
SME001457,0.062268,R04,0,1,2026-02-13,NONE,True,True,CONTROLLED_SYNTHETIC
SME001458,0.020840,R02,0,1,2026-09-15,NONE,True,True,CONTROLLED_SYNTHETIC
SME001459,0.041915,R03,0,1,2027-06-03,NONE,True,True,CONTROLLED_SYNTHETIC
SME001460,0.021625,R02,0,1,2026-02-12,NONE,True,False,CONTROLLED_SYNTHETIC
SME001461,0.049454,R04,15,1,2026-02-25,NONE,False,True,CONTROLLED_SYNTHETIC
SME001462,0.071231,R05,0,1,2027-02-23,NONE,True,True,CONTROLLED_SYNTHETIC
SME001463,0.068045,R04,0,1,2027-03-16,NONE,False,True,CONTROLLED_SYNTHETIC
SME001464,0.045648,R04,0,1,2027-05-16,NONE,True,True,CONTROLLED_SYNTHETIC
SME001465,0.088878,R05,60,2,2025-12-04,NONE,True,True,CONTROLLED_SYNTHETIC
SME001466,0.030158,R03,0,1,2027-07-18,HIGH,True,True,CONTROLLED_SYNTHETIC
SME001467,0.038780,R03,5,1,2027-09-23,NONE,True,True,CONTROLLED_SYNTHETIC
SME001468,0.050648,R04,0,1,2027-07-27,LOW,True,False,CONTROLLED_SYNTHETIC
SME001469,0.077753,R05,0,1,2026-08-13,LOW,True,True,CONTROLLED_SYNTHETIC
SME001470,0.045995,R04,0,1,2026-08-28,NONE,True,True,CONTROLLED_SYNTHETIC
SME001471,0.052710,R04,0,1,2027-03-10,NONE,True,True,CONTROLLED_SYNTHETIC
SME001472,0.020855,R02,30,2,2026-01-19,NONE,True,True,CONTROLLED_SYNTHETIC
SME001473,0.042549,R03,0,1,2027-10-04,NONE,True,True,CONTROLLED_SYNTHETIC
SME001474,0.018702,R02,0,1,2026-09-04,NONE,True,True,CONTROLLED_SYNTHETIC
SME001475,0.025199,R03,0,1,2026-10-17,NONE,False,False,CONTROLLED_SYNTHETIC
SME001476,0.035957,R03,0,1,2027-08-18,NONE,True,True,CONTROLLED_SYNTHETIC
SME001477,0.011820,R02,0,1,2027-02-07,NONE,True,True,CONTROLLED_SYNTHETIC
SME001478,0.023651,R03,0,1,2026-08-05,NONE,True,False,CONTROLLED_SYNTHETIC
SME001479,0.122249,R07,0,1,2025-12-22,NONE,True,True,CONTROLLED_SYNTHETIC
SME001480,0.017470,R02,0,1,2026-01-02,NONE,True,True,CONTROLLED_SYNTHETIC
SME001481,0.042792,R03,60,2,2026-09-16,HIGH,True,True,CONTROLLED_SYNTHETIC
SME001482,0.074950,R05,0,1,2027-07-03,NONE,True,True,CONTROLLED_SYNTHETIC
SME001483,0.034930,R03,0,1,2027-08-05,NONE,True,True,CONTROLLED_SYNTHETIC
SME001484,0.038442,R03,15,1,2026-01-09,NONE,True,True,CONTROLLED_SYNTHETIC
SME001485,0.101312,R06,30,2,2026-08-01,NONE,True,True,CONTROLLED_SYNTHETIC
SME001486,0.047525,R04,0,1,2026-08-06,HIGH,True,True,CONTROLLED_SYNTHETIC
SME001487,0.017317,R02,0,1,2026-06-02,NONE,True,True,CONTROLLED_SYNTHETIC
SME001488,0.010098,R02,15,1,2026-04-11,NONE,True,True,CONTROLLED_SYNTHETIC
SME001489,0.025108,R03,0,1,2027-08-01,NONE,True,True,CONTROLLED_SYNTHETIC
SME001490,0.066284,R04,0,1,2027-05-26,HIGH,True,True,CONTROLLED_SYNTHETIC
SME001491,0.035769,R03,0,1,2026-08-02,NONE,True,True,CONTROLLED_SYNTHETIC
SME001492,0.023184,R03,5,1,2027-10-01,NONE,True,False,CONTROLLED_SYNTHETIC
SME001493,0.051180,R04,0,1,2026-07-09,NONE,True,True,CONTROLLED_SYNTHETIC
SME001494,0.011860,R02,0,1,2026-09-16,NONE,True,True,CONTROLLED_SYNTHETIC
SME001495,0.059649,R04,5,1,2026-01-15,NONE,True,False,CONTROLLED_SYNTHETIC
SME001496,0.037276,R03,0,1,2027-05-13,NONE,True,True,CONTROLLED_SYNTHETIC
SME001497,0.043000,R03,0,1,2027-07-12,NONE,True,True,CONTROLLED_SYNTHETIC
SME001498,0.022721,R02,0,1,2026-03-08,LOW,True,True,CONTROLLED_SYNTHETIC
SME001499,0.002000,R02,0,1,2026-07-18,NONE,True,True,CONTROLLED_SYNTHETIC
SME001500,0.010524,R02,0,1,2027-03-05,NONE,True,True,CONTROLLED_SYNTHETIC
SME001501,0.011119,R02,0,1,2027-02-01,NONE,True,True,CONTROLLED_SYNTHETIC
SME001502,0.036056,R03,0,1,2026-07-25,NONE,True,True,CONTROLLED_SYNTHETIC
SME001503,0.044988,R03,5,1,2027-05-02,NONE,True,True,CONTROLLED_SYNTHETIC
SME001504,0.046325,R04,15,1,2027-04-22,NONE,True,True,CONTROLLED_SYNTHETIC
SME001505,0.038376,R03,0,1,2027-05-20,NONE,True,True,CONTROLLED_SYNTHETIC
SME001506,0.061534,R04,0,1,2027-02-19,NONE,True,True,CONTROLLED_SYNTHETIC
SME001507,0.029828,R03,0,1,2026-03-24,NONE,True,False,CONTROLLED_SYNTHETIC
SME001508,0.024735,R03,0,1,2027-06-15,NONE,True,False,CONTROLLED_SYNTHETIC
SME001509,0.021352,R02,0,1,2027-04-06,NONE,True,False,CONTROLLED_SYNTHETIC
SME001510,0.018569,R02,0,1,2026-05-01,NONE,True,True,CONTROLLED_SYNTHETIC
SME001511,0.057654,R04,0,1,2026-05-03,NONE,True,True,CONTROLLED_SYNTHETIC
SME001512,0.041550,R03,0,1,2026-08-12,NONE,True,True,CONTROLLED_SYNTHETIC
SME001513,0.029916,R03,30,2,2026-04-18,NONE,True,True,CONTROLLED_SYNTHETIC
SME001514,0.034926,R03,30,2,2026-07-08,NONE,True,True,CONTROLLED_SYNTHETIC
SME001515,0.029334,R03,0,1,2027-09-18,NONE,True,True,CONTROLLED_SYNTHETIC
SME001516,0.037767,R03,15,1,2026-04-17,NONE,True,True,CONTROLLED_SYNTHETIC
SME001517,0.044928,R03,0,1,2027-01-20,NONE,True,True,CONTROLLED_SYNTHETIC
SME001518,0.055448,R04,0,1,2026-04-15,NONE,True,False,CONTROLLED_SYNTHETIC
SME001519,0.024665,R03,0,1,2027-07-20,LOW,True,True,CONTROLLED_SYNTHETIC
SME001520,0.052944,R04,0,1,2027-09-01,NONE,True,True,CONTROLLED_SYNTHETIC
SME001521,0.075405,R05,5,1,2026-09-06,NONE,True,False,CONTROLLED_SYNTHETIC
SME001522,0.033374,R03,30,2,2027-01-16,NONE,True,True,CONTROLLED_SYNTHETIC
SME001523,0.032094,R03,0,1,2026-01-19,NONE,True,True,CONTROLLED_SYNTHETIC
SME001524,0.051152,R04,0,1,2026-12-20,NONE,True,True,CONTROLLED_SYNTHETIC
SME001525,0.032061,R03,5,1,2026-04-19,NONE,True,True,CONTROLLED_SYNTHETIC
SME001526,0.056644,R04,0,1,2027-08-10,NONE,True,True,CONTROLLED_SYNTHETIC
SME001527,0.045718,R04,0,1,2026-10-11,NONE,False,True,CONTROLLED_SYNTHETIC
SME001528,0.046162,R04,15,1,2027-05-30,NONE,True,True,CONTROLLED_SYNTHETIC
SME001529,0.029445,R03,0,1,2027-06-09,NONE,True,True,CONTROLLED_SYNTHETIC
SME001530,0.037413,R03,15,1,2027-02-13,NONE,True,True,CONTROLLED_SYNTHETIC
SME001531,0.057148,R04,0,1,2026-08-24,NONE,True,True,CONTROLLED_SYNTHETIC
SME001532,0.031714,R03,0,1,2027-01-01,NONE,True,True,CONTROLLED_SYNTHETIC
SME001533,0.038050,R03,0,1,2026-05-03,NONE,True,True,CONTROLLED_SYNTHETIC
SME001534,0.042387,R03,0,1,2026-11-04,NONE,True,True,CONTROLLED_SYNTHETIC
SME001535,0.040696,R03,0,1,2026-07-26,NONE,True,True,CONTROLLED_SYNTHETIC
SME001536,0.019091,R02,30,2,2027-08-02,NONE,True,True,CONTROLLED_SYNTHETIC
SME001537,0.052401,R04,0,1,2026-06-01,NONE,True,True,CONTROLLED_SYNTHETIC
SME001538,0.075026,R05,15,1,2026-04-06,NONE,True,True,CONTROLLED_SYNTHETIC
SME001539,0.002000,R02,0,1,2027-02-15,NONE,True,True,CONTROLLED_SYNTHETIC
SME001540,0.037664,R03,60,2,2026-09-19,NONE,True,True,CONTROLLED_SYNTHETIC
SME001541,0.041599,R03,0,1,2027-07-16,NONE,True,True,CONTROLLED_SYNTHETIC
SME001542,0.067278,R04,0,1,2027-05-17,NONE,True,True,CONTROLLED_SYNTHETIC
SME001543,0.068589,R05,0,1,2026-07-23,NONE,True,True,CONTROLLED_SYNTHETIC
SME001544,0.044053,R03,0,1,2027-09-04,NONE,False,True,CONTROLLED_SYNTHETIC
SME001545,0.033727,R03,0,1,2026-02-09,LOW,True,True,CONTROLLED_SYNTHETIC
SME001546,0.053586,R04,15,1,2026-06-15,NONE,True,True,CONTROLLED_SYNTHETIC
SME001547,0.046034,R04,0,1,2027-07-13,NONE,True,True,CONTROLLED_SYNTHETIC
SME001548,0.096006,R06,15,1,2027-05-08,NONE,True,False,CONTROLLED_SYNTHETIC
SME001549,0.035200,R03,0,1,2026-03-31,NONE,True,True,CONTROLLED_SYNTHETIC
SME001550,0.035713,R03,0,1,2026-04-17,LOW,True,True,CONTROLLED_SYNTHETIC
SME001551,0.002000,R02,0,1,2026-03-27,NONE,True,True,CONTROLLED_SYNTHETIC
SME001552,0.040264,R03,0,1,2026-11-23,NONE,True,True,CONTROLLED_SYNTHETIC
SME001553,0.052289,R04,0,1,2027-09-21,NONE,True,True,CONTROLLED_SYNTHETIC
SME001554,0.027165,R03,0,1,2026-10-19,LOW,True,True,CONTROLLED_SYNTHETIC
SME001555,0.085601,R05,0,1,2025-12-24,NONE,True,True,CONTROLLED_SYNTHETIC
SME001556,0.033825,R03,0,1,2026-11-25,LOW,True,True,CONTROLLED_SYNTHETIC
SME001557,0.032956,R03,0,1,2026-10-18,NONE,True,False,CONTROLLED_SYNTHETIC
SME001558,0.025836,R03,0,1,2027-02-09,NONE,True,True,CONTROLLED_SYNTHETIC
SME001559,0.042807,R03,15,1,2027-04-11,NONE,True,True,CONTROLLED_SYNTHETIC
SME001560,0.048764,R04,0,1,2026-10-14,NONE,True,True,CONTROLLED_SYNTHETIC
SME001561,0.029413,R03,15,1,2027-10-12,NONE,True,True,CONTROLLED_SYNTHETIC
SME001562,0.034217,R03,0,1,2027-07-13,NONE,True,False,CONTROLLED_SYNTHETIC
SME001563,0.054819,R04,0,1,2026-06-21,NONE,True,True,CONTROLLED_SYNTHETIC
SME001564,0.054471,R04,0,1,2027-01-31,NONE,True,True,CONTROLLED_SYNTHETIC
SME001565,0.036242,R03,0,1,2026-09-26,MEDIUM,True,True,CONTROLLED_SYNTHETIC
SME001566,0.019276,R02,0,1,2026-06-17,LOW,True,True,CONTROLLED_SYNTHETIC
SME001567,0.052805,R04,0,1,2026-09-17,LOW,True,True,CONTROLLED_SYNTHETIC
SME001568,0.035013,R03,0,1,2026-07-02,NONE,True,True,CONTROLLED_SYNTHETIC
SME001569,0.052580,R04,0,1,2026-10-23,NONE,True,False,CONTROLLED_SYNTHETIC
SME001570,0.048672,R04,15,1,2026-01-31,NONE,True,True,CONTROLLED_SYNTHETIC
SME001571,0.029525,R03,0,1,2026-08-14,NONE,True,True,CONTROLLED_SYNTHETIC
SME001572,0.046063,R04,0,1,2026-01-29,NONE,True,True,CONTROLLED_SYNTHETIC
SME001573,0.064868,R04,0,1,2027-04-20,NONE,True,True,CONTROLLED_SYNTHETIC
SME001574,0.026763,R03,0,1,2027-04-03,NONE,True,True,CONTROLLED_SYNTHETIC
SME001575,0.021941,R02,0,1,2027-02-10,NONE,True,False,CONTROLLED_SYNTHETIC
SME001576,0.072599,R05,5,1,2027-01-01,NONE,True,True,CONTROLLED_SYNTHETIC
SME001577,0.031207,R03,0,1,2027-07-28,NONE,True,True,CONTROLLED_SYNTHETIC
SME001578,0.018503,R02,0,1,2026-02-25,NONE,True,True,CONTROLLED_SYNTHETIC
SME001579,0.047410,R04,0,1,2026-04-27,NONE,True,True,CONTROLLED_SYNTHETIC
SME001580,0.043558,R03,0,1,2026-12-19,NONE,True,False,CONTROLLED_SYNTHETIC
SME001581,0.022318,R02,5,1,2026-03-26,NONE,True,True,CONTROLLED_SYNTHETIC
SME001582,0.031352,R03,0,1,2026-11-01,NONE,True,True,CONTROLLED_SYNTHETIC
SME001583,0.051570,R04,0,1,2027-06-11,NONE,True,True,CONTROLLED_SYNTHETIC
SME001584,0.046692,R04,0,1,2026-09-16,NONE,True,True,CONTROLLED_SYNTHETIC
SME001585,0.054291,R04,0,1,2026-05-29,LOW,True,True,CONTROLLED_SYNTHETIC
SME001586,0.016704,R02,0,1,2026-08-05,NONE,True,True,CONTROLLED_SYNTHETIC
SME001587,0.037479,R03,0,1,2027-01-19,NONE,True,False,CONTROLLED_SYNTHETIC
SME001588,0.021549,R02,0,1,2027-02-08,NONE,True,True,CONTROLLED_SYNTHETIC
SME001589,0.022228,R02,0,1,2026-02-23,NONE,True,True,CONTROLLED_SYNTHETIC
SME001590,0.024395,R03,30,2,2027-08-03,NONE,True,True,CONTROLLED_SYNTHETIC
SME001591,0.044743,R03,0,1,2026-05-27,NONE,True,True,CONTROLLED_SYNTHETIC
SME001592,0.017616,R02,90,3,2027-04-21,NONE,True,True,CONTROLLED_SYNTHETIC
SME001593,0.032834,R03,90,3,2026-06-16,NONE,True,True,CONTROLLED_SYNTHETIC
SME001594,0.051752,R04,0,1,2026-05-16,NONE,True,True,CONTROLLED_SYNTHETIC
SME001595,0.035374,R03,5,1,2027-09-24,NONE,True,True,CONTROLLED_SYNTHETIC
SME001596,0.014252,R02,0,1,2026-05-06,NONE,True,True,CONTROLLED_SYNTHETIC
SME001597,0.061002,R04,0,1,2026-07-31,NONE,True,True,CONTROLLED_SYNTHETIC
SME001598,0.039905,R03,0,1,2025-12-13,NONE,True,True,CONTROLLED_SYNTHETIC
SME001599,0.011919,R02,0,1,2026-07-04,NONE,True,True,CONTROLLED_SYNTHETIC
SME001600,0.045724,R04,0,1,2027-08-04,NONE,True,True,CONTROLLED_SYNTHETIC
SME001601,0.079188,R05,0,1,2026-02-25,NONE,True,True,CONTROLLED_SYNTHETIC
SME001602,0.041739,R03,0,1,2027-05-31,NONE,True,True,CONTROLLED_SYNTHETIC
SME001603,0.078720,R05,0,1,2027-07-12,NONE,True,True,CONTROLLED_SYNTHETIC
SME001604,0.021340,R02,5,1,2026-03-13,NONE,True,True,CONTROLLED_SYNTHETIC
SME001605,0.026934,R03,0,1,2026-03-29,NONE,True,True,CONTROLLED_SYNTHETIC
SME001606,0.033329,R03,0,1,2025-12-10,NONE,True,True,CONTROLLED_SYNTHETIC
SME001607,0.040116,R03,0,1,2026-08-05,NONE,True,True,CONTROLLED_SYNTHETIC
SME001608,0.015758,R02,0,1,2026-04-25,NONE,True,True,CONTROLLED_SYNTHETIC
SME001609,0.019214,R02,0,1,2026-03-20,HIGH,True,True,CONTROLLED_SYNTHETIC
SME001610,0.008058,R02,0,1,2026-11-01,NONE,True,True,CONTROLLED_SYNTHETIC
SME001611,0.026132,R03,0,1,2027-06-12,NONE,True,True,CONTROLLED_SYNTHETIC
SME001612,0.048063,R04,0,1,2026-11-01,NONE,True,True,CONTROLLED_SYNTHETIC
SME001613,0.056555,R04,0,1,2027-04-03,NONE,True,True,CONTROLLED_SYNTHETIC
SME001614,0.010728,R02,0,1,2027-05-09,NONE,True,False,CONTROLLED_SYNTHETIC
SME001615,0.039745,R03,5,1,2026-10-30,NONE,True,True,CONTROLLED_SYNTHETIC
SME001616,0.062314,R04,0,1,2026-12-12,MEDIUM,True,True,CONTROLLED_SYNTHETIC
SME001617,0.031105,R03,0,1,2027-03-19,NONE,True,True,CONTROLLED_SYNTHETIC
SME001618,0.041933,R03,0,1,2026-06-24,NONE,True,True,CONTROLLED_SYNTHETIC
SME001619,0.030248,R03,0,1,2027-01-25,NONE,True,True,CONTROLLED_SYNTHETIC
SME001620,0.043552,R03,0,1,2026-04-21,NONE,True,True,CONTROLLED_SYNTHETIC
SME001621,0.002854,R02,0,1,2026-01-03,MEDIUM,True,False,CONTROLLED_SYNTHETIC
SME001622,0.047445,R04,0,1,2026-09-08,NONE,True,False,CONTROLLED_SYNTHETIC
SME001623,0.032586,R03,0,1,2027-05-20,NONE,True,True,CONTROLLED_SYNTHETIC
SME001624,0.037621,R03,0,1,2026-01-19,NONE,True,True,CONTROLLED_SYNTHETIC
SME001625,0.022389,R02,0,1,2026-10-22,MEDIUM,True,True,CONTROLLED_SYNTHETIC
SME001626,0.048315,R04,0,1,2027-03-13,NONE,True,True,CONTROLLED_SYNTHETIC
SME001627,0.049796,R04,0,1,2026-10-18,NONE,True,True,CONTROLLED_SYNTHETIC
SME001628,0.058868,R04,15,1,2026-10-29,NONE,True,True,CONTROLLED_SYNTHETIC
SME001629,0.017564,R02,0,1,2027-01-21,NONE,True,True,CONTROLLED_SYNTHETIC
SME001630,0.042466,R03,0,1,2026-01-25,LOW,True,True,CONTROLLED_SYNTHETIC
SME001631,0.049495,R04,0,1,2027-03-29,NONE,True,True,CONTROLLED_SYNTHETIC
SME001632,0.028614,R03,0,1,2027-01-18,NONE,True,True,CONTROLLED_SYNTHETIC
SME001633,0.036299,R03,30,2,2026-08-24,NONE,True,True,CONTROLLED_SYNTHETIC
SME001634,0.078233,R05,15,1,2026-08-07,NONE,True,True,CONTROLLED_SYNTHETIC
SME001635,0.092909,R06,0,1,2026-12-31,NONE,True,False,CONTROLLED_SYNTHETIC
SME001636,0.026444,R03,0,1,2027-01-11,NONE,True,False,CONTROLLED_SYNTHETIC
SME001637,0.050196,R04,0,1,2026-11-29,NONE,True,True,CONTROLLED_SYNTHETIC
SME001638,0.047248,R04,0,1,2026-08-15,NONE,True,True,CONTROLLED_SYNTHETIC
SME001639,0.020687,R02,0,1,2026-06-13,NONE,True,True,CONTROLLED_SYNTHETIC
SME001640,0.010692,R02,0,1,2027-05-12,NONE,True,False,CONTROLLED_SYNTHETIC
SME001641,0.051337,R04,0,1,2027-08-06,LOW,True,True,CONTROLLED_SYNTHETIC
SME001642,0.074154,R05,0,1,2026-04-21,NONE,True,True,CONTROLLED_SYNTHETIC
SME001643,0.020609,R02,5,1,2027-04-10,NONE,True,True,CONTROLLED_SYNTHETIC
SME001644,0.010666,R02,0,1,2026-03-25,NONE,True,True,CONTROLLED_SYNTHETIC
SME001645,0.048400,R04,0,1,2026-05-17,NONE,True,False,CONTROLLED_SYNTHETIC
SME001646,0.054166,R04,5,1,2026-04-17,NONE,True,True,CONTROLLED_SYNTHETIC
SME001647,0.031356,R03,0,1,2026-01-29,NONE,True,True,CONTROLLED_SYNTHETIC
SME001648,0.018570,R02,5,1,2027-04-05,NONE,True,True,CONTROLLED_SYNTHETIC
SME001649,0.064711,R04,0,1,2026-08-20,NONE,True,True,CONTROLLED_SYNTHETIC
SME001650,0.058466,R04,0,1,2027-06-30,NONE,True,True,CONTROLLED_SYNTHETIC
SME001651,0.046257,R04,0,1,2026-10-23,NONE,True,True,CONTROLLED_SYNTHETIC
SME001652,0.017594,R02,0,1,2027-04-03,HIGH,True,True,CONTROLLED_SYNTHETIC
SME001653,0.013994,R02,5,1,2026-10-24,NONE,True,True,CONTROLLED_SYNTHETIC
SME001654,0.045212,R03,0,1,2026-06-26,NONE,True,True,CONTROLLED_SYNTHETIC
SME001655,0.050391,R04,0,1,2027-05-21,MEDIUM,True,True,CONTROLLED_SYNTHETIC
SME001656,0.029451,R03,0,1,2027-09-26,NONE,True,False,CONTROLLED_SYNTHETIC
SME001657,0.030851,R03,5,1,2025-12-04,NONE,True,True,CONTROLLED_SYNTHETIC
SME001658,0.059780,R04,5,1,2027-01-02,NONE,True,True,CONTROLLED_SYNTHETIC
SME001659,0.054406,R04,0,1,2026-10-28,NONE,True,True,CONTROLLED_SYNTHETIC
SME001660,0.029686,R03,0,1,2026-09-19,NONE,True,True,CONTROLLED_SYNTHETIC
SME001661,0.019035,R02,5,1,2026-11-14,NONE,True,True,CONTROLLED_SYNTHETIC
SME001662,0.063836,R04,0,1,2027-01-14,NONE,True,False,CONTROLLED_SYNTHETIC
SME001663,0.040040,R03,0,1,2027-02-21,NONE,True,True,CONTROLLED_SYNTHETIC
SME001664,0.051378,R04,0,1,2026-01-21,MEDIUM,True,True,CONTROLLED_SYNTHETIC
SME001665,0.037732,R03,0,1,2026-08-05,NONE,True,False,CONTROLLED_SYNTHETIC
SME001666,0.023405,R03,0,1,2026-12-18,NONE,True,True,CONTROLLED_SYNTHETIC
SME001667,0.044100,R03,0,1,2026-12-12,MEDIUM,True,True,CONTROLLED_SYNTHETIC
SME001668,0.005955,R02,0,1,2027-02-03,NONE,True,True,CONTROLLED_SYNTHETIC
SME001669,0.003373,R02,0,1,2026-03-19,NONE,True,True,CONTROLLED_SYNTHETIC
SME001670,0.047654,R04,0,1,2026-05-12,NONE,True,True,CONTROLLED_SYNTHETIC
SME001671,0.052483,R04,5,1,2027-07-13,NONE,True,True,CONTROLLED_SYNTHETIC
SME001672,0.013783,R02,0,1,2025-12-13,NONE,True,True,CONTROLLED_SYNTHETIC
SME001673,0.031854,R03,0,1,2026-04-16,NONE,True,False,CONTROLLED_SYNTHETIC
SME001674,0.120476,R07,0,1,2026-07-29,NONE,True,True,CONTROLLED_SYNTHETIC
SME001675,0.062409,R04,90,3,2026-12-15,NONE,True,False,CONTROLLED_SYNTHETIC
SME001676,0.052097,R04,0,1,2026-06-20,NONE,True,False,CONTROLLED_SYNTHETIC
SME001677,0.029004,R03,15,1,2027-03-05,NONE,True,True,CONTROLLED_SYNTHETIC
SME001678,0.016834,R02,0,1,2027-09-16,NONE,True,True,CONTROLLED_SYNTHETIC
SME001679,0.024530,R03,0,1,2026-06-16,NONE,True,True,CONTROLLED_SYNTHETIC
SME001680,0.053511,R04,15,1,2027-01-04,NONE,True,True,CONTROLLED_SYNTHETIC
SME001681,0.038196,R03,0,1,2026-05-16,NONE,True,True,CONTROLLED_SYNTHETIC
SME001682,0.035464,R03,0,1,2026-02-14,NONE,True,True,CONTROLLED_SYNTHETIC
SME001683,0.046292,R04,15,1,2027-08-28,NONE,True,True,CONTROLLED_SYNTHETIC
SME001684,0.078424,R05,0,1,2026-04-04,NONE,True,True,CONTROLLED_SYNTHETIC
SME001685,0.071169,R05,0,1,2026-08-25,NONE,True,True,CONTROLLED_SYNTHETIC
SME001686,0.043958,R03,30,2,2027-01-20,NONE,True,True,CONTROLLED_SYNTHETIC
SME001687,0.033723,R03,0,1,2027-08-28,NONE,True,True,CONTROLLED_SYNTHETIC
SME001688,0.059419,R04,0,1,2026-09-19,NONE,True,True,CONTROLLED_SYNTHETIC
SME001689,0.033041,R03,0,1,2026-05-21,NONE,True,True,CONTROLLED_SYNTHETIC
SME001690,0.002000,R02,30,2,2026-12-29,NONE,True,True,CONTROLLED_SYNTHETIC
SME001691,0.049745,R04,0,1,2027-01-12,NONE,True,True,CONTROLLED_SYNTHETIC
SME001692,0.029391,R03,0,1,2027-01-04,NONE,True,True,CONTROLLED_SYNTHETIC
SME001693,0.047347,R04,0,1,2027-01-18,NONE,True,True,CONTROLLED_SYNTHETIC
SME001694,0.038467,R03,0,1,2026-11-01,NONE,True,True,CONTROLLED_SYNTHETIC
SME001695,0.055939,R04,0,1,2027-05-02,NONE,True,True,CONTROLLED_SYNTHETIC
SME001696,0.019144,R02,0,1,2026-06-05,LOW,True,True,CONTROLLED_SYNTHETIC
SME001697,0.024411,R03,0,1,2026-12-11,NONE,True,True,CONTROLLED_SYNTHETIC
SME001698,0.037822,R03,0,1,2025-12-23,NONE,True,True,CONTROLLED_SYNTHETIC
SME001699,0.038027,R03,0,1,2027-03-26,NONE,True,True,CONTROLLED_SYNTHETIC
SME001700,0.029796,R03,0,1,2026-03-08,NONE,True,True,CONTROLLED_SYNTHETIC
SME001701,0.027997,R03,0,1,2027-07-07,NONE,False,False,CONTROLLED_SYNTHETIC
SME001702,0.060744,R04,0,1,2026-10-16,NONE,True,True,CONTROLLED_SYNTHETIC
SME001703,0.037381,R03,0,1,2026-01-26,LOW,True,True,CONTROLLED_SYNTHETIC
SME001704,0.106627,R06,0,1,2027-08-09,NONE,False,True,CONTROLLED_SYNTHETIC
SME001705,0.022848,R03,15,1,2027-08-07,NONE,True,True,CONTROLLED_SYNTHETIC
SME001706,0.082616,R05,0,1,2027-09-29,NONE,True,True,CONTROLLED_SYNTHETIC
SME001707,0.031316,R03,15,1,2026-10-13,NONE,True,True,CONTROLLED_SYNTHETIC
SME001708,0.025361,R03,0,1,2026-05-03,HIGH,True,True,CONTROLLED_SYNTHETIC
SME001709,0.010775,R02,0,1,2026-07-17,NONE,True,True,CONTROLLED_SYNTHETIC
SME001710,0.053502,R04,0,1,2026-08-15,NONE,True,True,CONTROLLED_SYNTHETIC
SME001711,0.033791,R03,0,1,2027-04-12,NONE,True,False,CONTROLLED_SYNTHETIC
SME001712,0.021480,R02,0,1,2026-04-03,NONE,True,True,CONTROLLED_SYNTHETIC
SME001713,0.004122,R02,0,1,2027-04-17,NONE,True,True,CONTROLLED_SYNTHETIC
SME001714,0.034269,R03,0,1,2026-04-06,NONE,True,True,CONTROLLED_SYNTHETIC
SME001715,0.015953,R02,0,1,2027-04-25,NONE,True,True,CONTROLLED_SYNTHETIC
SME001716,0.034980,R03,0,1,2027-08-19,NONE,True,True,CONTROLLED_SYNTHETIC
SME001717,0.065327,R04,30,2,2026-11-01,NONE,True,True,CONTROLLED_SYNTHETIC
SME001718,0.032803,R03,0,1,2026-10-04,MEDIUM,True,True,CONTROLLED_SYNTHETIC
SME001719,0.035742,R03,0,1,2027-07-08,NONE,True,False,CONTROLLED_SYNTHETIC
SME001720,0.028988,R03,0,1,2025-12-22,NONE,True,True,CONTROLLED_SYNTHETIC
SME001721,0.046368,R04,0,1,2026-01-30,NONE,True,True,CONTROLLED_SYNTHETIC
SME001722,0.016446,R02,15,1,2027-08-22,NONE,True,True,CONTROLLED_SYNTHETIC
SME001723,0.071997,R05,0,1,2026-09-16,NONE,True,True,CONTROLLED_SYNTHETIC
SME001724,0.051836,R04,0,1,2026-01-08,NONE,True,True,CONTROLLED_SYNTHETIC
SME001725,0.032383,R03,0,1,2026-09-21,NONE,True,True,CONTROLLED_SYNTHETIC
SME001726,0.015794,R02,0,1,2027-02-17,NONE,True,True,CONTROLLED_SYNTHETIC
SME001727,0.022241,R02,0,1,2026-11-30,MEDIUM,True,True,CONTROLLED_SYNTHETIC
SME001728,0.043277,R03,0,1,2027-04-01,NONE,True,True,CONTROLLED_SYNTHETIC
SME001729,0.007199,R02,0,1,2026-02-28,NONE,True,True,CONTROLLED_SYNTHETIC
SME001730,0.054598,R04,0,1,2026-01-24,NONE,True,False,CONTROLLED_SYNTHETIC
SME001731,0.036891,R03,0,1,2026-02-18,NONE,True,True,CONTROLLED_SYNTHETIC
SME001732,0.020960,R02,0,1,2026-08-13,NONE,False,True,CONTROLLED_SYNTHETIC
SME001733,0.028172,R03,0,1,2027-06-21,MEDIUM,True,True,CONTROLLED_SYNTHETIC
SME001734,0.019146,R02,0,1,2027-07-23,NONE,True,True,CONTROLLED_SYNTHETIC
SME001735,0.015901,R02,0,1,2026-02-19,NONE,True,True,CONTROLLED_SYNTHETIC
SME001736,0.096695,R06,0,1,2026-09-15,NONE,True,True,CONTROLLED_SYNTHETIC
SME001737,0.046753,R04,0,1,2027-01-29,NONE,True,False,CONTROLLED_SYNTHETIC
SME001738,0.052042,R04,0,1,2027-03-17,NONE,True,True,CONTROLLED_SYNTHETIC
SME001739,0.027611,R03,0,1,2026-04-30,NONE,True,False,CONTROLLED_SYNTHETIC
SME001740,0.036266,R03,0,1,2027-02-23,NONE,True,True,CONTROLLED_SYNTHETIC
SME001741,0.032388,R03,0,1,2026-09-18,NONE,True,True,CONTROLLED_SYNTHETIC
SME001742,0.062130,R04,5,1,2026-04-28,LOW,True,True,CONTROLLED_SYNTHETIC
SME001743,0.015725,R02,0,1,2027-10-01,LOW,True,True,CONTROLLED_SYNTHETIC
SME001744,0.020268,R02,30,2,2027-05-29,NONE,True,True,CONTROLLED_SYNTHETIC
SME001745,0.061643,R04,0,1,2027-07-31,NONE,True,True,CONTROLLED_SYNTHETIC
SME001746,0.033614,R03,0,1,2026-12-05,NONE,True,True,CONTROLLED_SYNTHETIC
SME001747,0.121438,R07,15,1,2026-09-25,NONE,False,True,CONTROLLED_SYNTHETIC
SME001748,0.025510,R03,0,1,2025-12-22,NONE,True,True,CONTROLLED_SYNTHETIC
SME001749,0.108983,R06,0,1,2027-01-11,NONE,True,False,CONTROLLED_SYNTHETIC
SME001750,0.025509,R03,0,1,2027-01-25,NONE,True,True,CONTROLLED_SYNTHETIC
SME001751,0.015113,R02,0,1,2027-07-15,NONE,True,True,CONTROLLED_SYNTHETIC
SME001752,0.034005,R03,0,1,2026-08-04,NONE,True,True,CONTROLLED_SYNTHETIC
SME001753,0.055313,R04,0,1,2027-02-04,NONE,True,True,CONTROLLED_SYNTHETIC
SME001754,0.031379,R03,0,1,2027-02-15,NONE,True,True,CONTROLLED_SYNTHETIC
SME001755,0.055475,R04,60,2,2026-06-17,NONE,True,True,CONTROLLED_SYNTHETIC
SME001756,0.040291,R03,0,1,2025-12-09,NONE,True,True,CONTROLLED_SYNTHETIC
SME001757,0.022054,R02,0,1,2026-10-19,NONE,True,False,CONTROLLED_SYNTHETIC
SME001758,0.030971,R03,0,1,2026-03-16,NONE,True,True,CONTROLLED_SYNTHETIC
SME001759,0.008417,R02,0,1,2026-11-09,NONE,True,True,CONTROLLED_SYNTHETIC
SME001760,0.032764,R03,0,1,2026-03-06,NONE,True,False,CONTROLLED_SYNTHETIC
SME001761,0.038709,R03,0,1,2027-09-30,NONE,True,True,CONTROLLED_SYNTHETIC
SME001762,0.032836,R03,0,1,2026-02-20,NONE,True,True,CONTROLLED_SYNTHETIC
SME001763,0.053103,R04,0,1,2026-10-02,NONE,True,False,CONTROLLED_SYNTHETIC
SME001764,0.063146,R04,0,1,2025-12-30,NONE,True,True,CONTROLLED_SYNTHETIC
SME001765,0.061065,R04,0,1,2026-05-09,NONE,False,True,CONTROLLED_SYNTHETIC
SME001766,0.055943,R04,5,1,2027-06-15,NONE,True,True,CONTROLLED_SYNTHETIC
SME001767,0.026526,R03,0,1,2027-03-20,NONE,True,True,CONTROLLED_SYNTHETIC
SME001768,0.037374,R03,0,1,2026-04-16,NONE,True,True,CONTROLLED_SYNTHETIC
SME001769,0.009889,R02,0,1,2027-06-04,NONE,True,True,CONTROLLED_SYNTHETIC
SME001770,0.032283,R03,0,1,2026-04-24,NONE,True,True,CONTROLLED_SYNTHETIC
SME001771,0.006246,R02,0,1,2026-02-10,NONE,True,True,CONTROLLED_SYNTHETIC
SME001772,0.050972,R04,0,1,2026-06-11,NONE,False,True,CONTROLLED_SYNTHETIC
SME001773,0.045953,R04,0,1,2026-03-24,NONE,True,True,CONTROLLED_SYNTHETIC
SME001774,0.022060,R02,0,1,2026-07-22,NONE,True,True,CONTROLLED_SYNTHETIC
SME001775,0.034992,R03,0,1,2025-12-05,NONE,True,True,CONTROLLED_SYNTHETIC
SME001776,0.030754,R03,0,1,2026-01-29,NONE,True,True,CONTROLLED_SYNTHETIC
SME001777,0.036369,R03,0,1,2027-06-14,NONE,True,True,CONTROLLED_SYNTHETIC
SME001778,0.032144,R03,0,1,2026-12-22,NONE,True,True,CONTROLLED_SYNTHETIC
SME001779,0.047878,R04,0,1,2027-05-31,NONE,True,True,CONTROLLED_SYNTHETIC
SME001780,0.048742,R04,0,1,2027-06-08,NONE,True,True,CONTROLLED_SYNTHETIC
SME001781,0.027770,R03,0,1,2027-04-14,NONE,True,True,CONTROLLED_SYNTHETIC
SME001782,0.030400,R03,5,1,2025-12-25,NONE,True,True,CONTROLLED_SYNTHETIC
SME001783,0.046415,R04,5,1,2027-03-15,NONE,True,True,CONTROLLED_SYNTHETIC
SME001784,0.029273,R03,0,1,2027-08-02,NONE,True,True,CONTROLLED_SYNTHETIC
SME001785,0.047360,R04,0,1,2027-01-29,NONE,True,True,CONTROLLED_SYNTHETIC
SME001786,0.062880,R04,15,1,2026-12-23,NONE,True,True,CONTROLLED_SYNTHETIC
SME001787,0.013864,R02,0,1,2026-05-05,NONE,True,True,CONTROLLED_SYNTHETIC
SME001788,0.053039,R04,5,1,2027-07-30,NONE,True,True,CONTROLLED_SYNTHETIC
SME001789,0.050191,R04,0,1,2026-06-12,NONE,True,False,CONTROLLED_SYNTHETIC
SME001790,0.053880,R04,0,1,2026-01-24,NONE,False,True,CONTROLLED_SYNTHETIC
SME001791,0.052938,R04,0,1,2026-10-06,NONE,True,True,CONTROLLED_SYNTHETIC
SME001792,0.043165,R03,0,1,2027-09-21,NONE,True,True,CONTROLLED_SYNTHETIC
SME001793,0.050282,R04,0,1,2027-07-13,NONE,True,True,CONTROLLED_SYNTHETIC
SME001794,0.082690,R05,0,1,2026-11-20,NONE,True,True,CONTROLLED_SYNTHETIC
SME001795,0.048969,R04,0,1,2027-08-09,NONE,True,False,CONTROLLED_SYNTHETIC
SME001796,0.018503,R02,0,1,2026-11-05,NONE,True,True,CONTROLLED_SYNTHETIC
SME001797,0.022374,R02,0,1,2027-04-04,NONE,True,True,CONTROLLED_SYNTHETIC
SME001798,0.008806,R02,0,1,2027-01-18,NONE,True,True,CONTROLLED_SYNTHETIC
SME001799,0.036591,R03,0,1,2027-09-25,NONE,True,True,CONTROLLED_SYNTHETIC
SME001800,0.043550,R03,0,1,2026-03-16,NONE,True,True,CONTROLLED_SYNTHETIC
SME001801,0.061457,R04,0,1,2026-04-04,NONE,True,False,CONTROLLED_SYNTHETIC
SME001802,0.016195,R02,0,1,2027-03-26,NONE,True,False,CONTROLLED_SYNTHETIC
SME001803,0.060685,R04,0,1,2026-11-05,NONE,True,True,CONTROLLED_SYNTHETIC
SME001804,0.010881,R02,0,1,2027-03-05,NONE,True,True,CONTROLLED_SYNTHETIC
SME001805,0.036565,R03,0,1,2026-06-20,NONE,True,False,CONTROLLED_SYNTHETIC
SME001806,0.031204,R03,0,1,2026-02-09,NONE,True,True,CONTROLLED_SYNTHETIC
SME001807,0.037841,R03,0,1,2027-02-23,NONE,True,True,CONTROLLED_SYNTHETIC
SME001808,0.035631,R03,0,1,2025-12-31,NONE,True,True,CONTROLLED_SYNTHETIC
SME001809,0.019783,R02,0,1,2027-08-19,LOW,True,True,CONTROLLED_SYNTHETIC
SME001810,0.032473,R03,0,1,2027-04-23,NONE,True,True,CONTROLLED_SYNTHETIC
SME001811,0.049653,R04,0,1,2027-03-16,NONE,True,True,CONTROLLED_SYNTHETIC
SME001812,0.045124,R03,0,1,2026-09-22,NONE,True,True,CONTROLLED_SYNTHETIC
SME001813,0.027472,R03,0,1,2026-07-04,NONE,True,True,CONTROLLED_SYNTHETIC
SME001814,0.033038,R03,0,1,2027-08-24,MEDIUM,True,True,CONTROLLED_SYNTHETIC
SME001815,0.043394,R03,5,1,2027-09-13,NONE,True,False,CONTROLLED_SYNTHETIC
SME001816,0.028891,R03,0,1,2026-11-06,LOW,True,True,CONTROLLED_SYNTHETIC
SME001817,0.025322,R03,0,1,2027-09-07,NONE,True,True,CONTROLLED_SYNTHETIC
SME001818,0.038718,R03,30,2,2026-08-18,NONE,True,True,CONTROLLED_SYNTHETIC
SME001819,0.021616,R02,0,1,2026-08-30,NONE,True,True,CONTROLLED_SYNTHETIC
SME001820,0.025755,R03,0,1,2026-09-13,NONE,True,False,CONTROLLED_SYNTHETIC
SME001821,0.049977,R04,0,1,2027-05-20,NONE,True,True,CONTROLLED_SYNTHETIC
SME001822,0.060060,R04,0,1,2026-08-05,NONE,True,True,CONTROLLED_SYNTHETIC
SME001823,0.019998,R02,60,2,2027-09-29,NONE,True,False,CONTROLLED_SYNTHETIC
SME001824,0.053617,R04,0,1,2027-02-06,NONE,True,True,CONTROLLED_SYNTHETIC
SME001825,0.060060,R04,0,1,2026-08-15,NONE,True,True,CONTROLLED_SYNTHETIC
SME001826,0.043311,R03,0,1,2026-12-11,NONE,True,True,CONTROLLED_SYNTHETIC
SME001827,0.031437,R03,0,1,2027-01-10,NONE,True,True,CONTROLLED_SYNTHETIC
SME001828,0.036350,R03,15,1,2027-07-10,NONE,True,True,CONTROLLED_SYNTHETIC
SME001829,0.091223,R06,15,1,2026-03-09,NONE,True,True,CONTROLLED_SYNTHETIC
SME001830,0.027911,R03,0,1,2026-11-18,NONE,True,True,CONTROLLED_SYNTHETIC
SME001831,0.028007,R03,5,1,2027-01-06,NONE,True,True,CONTROLLED_SYNTHETIC
SME001832,0.044547,R03,0,1,2026-06-05,NONE,False,True,CONTROLLED_SYNTHETIC
SME001833,0.058912,R04,0,1,2027-02-19,NONE,True,True,CONTROLLED_SYNTHETIC
SME001834,0.067619,R04,30,2,2027-10-12,NONE,True,False,CONTROLLED_SYNTHETIC
SME001835,0.024054,R03,0,1,2027-08-04,NONE,True,True,CONTROLLED_SYNTHETIC
SME001836,0.065125,R04,0,1,2027-01-17,LOW,True,True,CONTROLLED_SYNTHETIC
SME001837,0.024465,R03,15,1,2027-01-31,NONE,True,True,CONTROLLED_SYNTHETIC
SME001838,0.074613,R05,5,1,2026-08-24,NONE,True,True,CONTROLLED_SYNTHETIC
SME001839,0.056793,R04,0,1,2026-04-17,NONE,True,True,CONTROLLED_SYNTHETIC
SME001840,0.053159,R04,5,1,2027-06-02,NONE,True,True,CONTROLLED_SYNTHETIC
SME001841,0.033617,R03,5,1,2026-02-12,NONE,True,True,CONTROLLED_SYNTHETIC
SME001842,0.046884,R04,0,1,2027-07-05,NONE,True,True,CONTROLLED_SYNTHETIC
SME001843,0.055275,R04,0,1,2026-07-27,NONE,True,True,CONTROLLED_SYNTHETIC
SME001844,0.027971,R03,60,2,2026-03-08,NONE,True,True,CONTROLLED_SYNTHETIC
SME001845,0.073074,R05,0,1,2027-05-29,NONE,True,True,CONTROLLED_SYNTHETIC
SME001846,0.074016,R05,0,1,2026-12-02,NONE,True,True,CONTROLLED_SYNTHETIC
SME001847,0.030394,R03,0,1,2026-09-04,NONE,True,True,CONTROLLED_SYNTHETIC
SME001848,0.039735,R03,90,3,2027-04-27,NONE,True,True,CONTROLLED_SYNTHETIC
SME001849,0.008638,R02,0,1,2027-08-10,NONE,True,True,CONTROLLED_SYNTHETIC
SME001850,0.034782,R03,5,1,2027-04-26,NONE,True,True,CONTROLLED_SYNTHETIC
SME001851,0.049759,R04,0,1,2026-01-29,LOW,True,True,CONTROLLED_SYNTHETIC
SME001852,0.043384,R03,0,1,2026-03-28,NONE,True,False,CONTROLLED_SYNTHETIC
SME001853,0.024237,R03,0,1,2026-02-20,NONE,True,True,CONTROLLED_SYNTHETIC
SME001854,0.052203,R04,0,1,2026-11-20,NONE,True,True,CONTROLLED_SYNTHETIC
SME001855,0.053409,R04,5,1,2027-02-07,NONE,True,True,CONTROLLED_SYNTHETIC
SME001856,0.059935,R04,0,1,2026-10-23,NONE,True,True,CONTROLLED_SYNTHETIC
SME001857,0.035746,R03,0,1,2027-07-04,NONE,True,True,CONTROLLED_SYNTHETIC
SME001858,0.034391,R03,0,1,2027-02-07,NONE,True,True,CONTROLLED_SYNTHETIC
SME001859,0.045381,R03,30,2,2026-03-03,NONE,True,True,CONTROLLED_SYNTHETIC
SME001860,0.026370,R03,0,1,2027-10-06,NONE,True,True,CONTROLLED_SYNTHETIC
SME001861,0.033203,R03,5,1,2027-10-09,LOW,True,True,CONTROLLED_SYNTHETIC
SME001862,0.063918,R04,0,1,2026-05-26,NONE,True,True,CONTROLLED_SYNTHETIC
SME001863,0.072354,R05,0,1,2027-09-10,LOW,True,True,CONTROLLED_SYNTHETIC
SME001864,0.029675,R03,0,1,2026-01-27,NONE,True,True,CONTROLLED_SYNTHETIC
SME001865,0.066276,R04,0,1,2026-08-22,MEDIUM,True,True,CONTROLLED_SYNTHETIC
SME001866,0.048549,R04,0,1,2025-12-20,NONE,True,True,CONTROLLED_SYNTHETIC
SME001867,0.054514,R04,30,2,2027-07-25,NONE,True,True,CONTROLLED_SYNTHETIC
SME001868,0.069836,R05,0,1,2027-05-06,NONE,True,True,CONTROLLED_SYNTHETIC
SME001869,0.101034,R06,15,1,2026-03-29,NONE,True,True,CONTROLLED_SYNTHETIC
SME001870,0.090578,R05,0,1,2027-08-15,NONE,True,True,CONTROLLED_SYNTHETIC
SME001871,0.040113,R03,0,1,2026-10-30,NONE,True,False,CONTROLLED_SYNTHETIC
SME001872,0.056494,R04,0,1,2027-03-26,NONE,True,True,CONTROLLED_SYNTHETIC
SME001873,0.021578,R02,0,1,2026-08-16,NONE,True,True,CONTROLLED_SYNTHETIC
SME001874,0.031593,R03,0,1,2026-02-21,NONE,True,True,CONTROLLED_SYNTHETIC
SME001875,0.032826,R03,0,1,2027-01-09,NONE,True,True,CONTROLLED_SYNTHETIC
SME001876,0.041697,R03,0,1,2026-08-18,NONE,True,True,CONTROLLED_SYNTHETIC
SME001877,0.010648,R02,5,1,2027-10-13,NONE,True,True,CONTROLLED_SYNTHETIC
SME001878,0.040677,R03,0,1,2026-07-06,NONE,True,True,CONTROLLED_SYNTHETIC
SME001879,0.021464,R02,0,1,2026-10-15,NONE,True,True,CONTROLLED_SYNTHETIC
SME001880,0.044717,R03,0,1,2027-06-09,NONE,True,True,CONTROLLED_SYNTHETIC
SME001881,0.026559,R03,0,1,2027-01-07,NONE,True,True,CONTROLLED_SYNTHETIC
SME001882,0.041308,R03,30,2,2027-04-01,NONE,True,True,CONTROLLED_SYNTHETIC
SME001883,0.076500,R05,0,1,2027-08-07,LOW,True,True,CONTROLLED_SYNTHETIC
SME001884,0.029918,R03,0,1,2027-02-20,NONE,True,True,CONTROLLED_SYNTHETIC
SME001885,0.007605,R02,0,1,2026-08-04,NONE,True,True,CONTROLLED_SYNTHETIC
SME001886,0.045123,R03,0,1,2026-02-10,NONE,True,True,CONTROLLED_SYNTHETIC
SME001887,0.068062,R04,30,2,2026-02-28,NONE,True,True,CONTROLLED_SYNTHETIC
SME001888,0.034289,R03,0,1,2027-05-11,NONE,True,False,CONTROLLED_SYNTHETIC
SME001889,0.040197,R03,0,1,2026-02-04,NONE,True,True,CONTROLLED_SYNTHETIC
SME001890,0.054831,R04,0,1,2026-06-18,NONE,True,True,CONTROLLED_SYNTHETIC
SME001891,0.022186,R02,0,1,2027-09-11,NONE,True,False,CONTROLLED_SYNTHETIC
SME001892,0.047082,R04,0,1,2027-04-02,NONE,True,True,CONTROLLED_SYNTHETIC
SME001893,0.008572,R02,0,1,2026-10-18,NONE,True,True,CONTROLLED_SYNTHETIC
SME001894,0.058338,R04,0,1,2026-03-04,NONE,True,True,CONTROLLED_SYNTHETIC
SME001895,0.033927,R03,0,1,2026-09-01,NONE,True,True,CONTROLLED_SYNTHETIC
SME001896,0.067111,R04,0,1,2027-04-23,NONE,True,True,CONTROLLED_SYNTHETIC
SME001897,0.027628,R03,0,1,2026-08-19,NONE,True,True,CONTROLLED_SYNTHETIC
SME001898,0.052760,R04,0,1,2027-02-15,NONE,True,True,CONTROLLED_SYNTHETIC
SME001899,0.083052,R05,0,1,2026-03-11,NONE,True,True,CONTROLLED_SYNTHETIC
SME001900,0.089974,R05,30,2,2026-05-10,NONE,True,True,CONTROLLED_SYNTHETIC
SME001901,0.013976,R02,0,1,2026-11-05,NONE,True,True,CONTROLLED_SYNTHETIC
SME001902,0.045059,R03,0,1,2027-03-21,NONE,True,True,CONTROLLED_SYNTHETIC
SME001903,0.051368,R04,0,1,2026-01-29,NONE,True,False,CONTROLLED_SYNTHETIC
SME001904,0.037730,R03,0,1,2027-05-01,NONE,True,True,CONTROLLED_SYNTHETIC
SME001905,0.043537,R03,0,1,2027-01-23,NONE,True,False,CONTROLLED_SYNTHETIC
SME001906,0.042609,R03,0,1,2026-05-20,NONE,True,True,CONTROLLED_SYNTHETIC
SME001907,0.025374,R03,0,1,2026-04-01,NONE,True,True,CONTROLLED_SYNTHETIC
SME001908,0.065630,R04,0,1,2027-01-10,NONE,True,False,CONTROLLED_SYNTHETIC
SME001909,0.031618,R03,0,1,2026-07-21,NONE,True,False,CONTROLLED_SYNTHETIC
SME001910,0.030508,R03,0,1,2027-09-28,LOW,True,True,CONTROLLED_SYNTHETIC
SME001911,0.020112,R02,0,1,2027-01-14,NONE,True,True,CONTROLLED_SYNTHETIC
SME001912,0.016700,R02,60,2,2026-10-21,NONE,True,True,CONTROLLED_SYNTHETIC
SME001913,0.032429,R03,0,1,2027-09-17,NONE,True,False,CONTROLLED_SYNTHETIC
SME001914,0.025019,R03,0,1,2027-07-01,NONE,True,True,CONTROLLED_SYNTHETIC
SME001915,0.021682,R02,0,1,2027-09-29,NONE,True,True,CONTROLLED_SYNTHETIC
SME001916,0.037230,R03,0,1,2026-09-28,NONE,True,True,CONTROLLED_SYNTHETIC
SME001917,0.046866,R04,0,1,2025-12-22,LOW,True,True,CONTROLLED_SYNTHETIC
SME001918,0.022726,R02,0,1,2026-07-01,NONE,True,True,CONTROLLED_SYNTHETIC
SME001919,0.033113,R03,5,1,2026-12-18,NONE,True,True,CONTROLLED_SYNTHETIC
SME001920,0.028702,R03,0,1,2027-01-11,NONE,True,True,CONTROLLED_SYNTHETIC
SME001921,0.054123,R04,0,1,2026-10-29,NONE,True,True,CONTROLLED_SYNTHETIC
SME001922,0.038023,R03,0,1,2027-02-27,LOW,True,True,CONTROLLED_SYNTHETIC
SME001923,0.052253,R04,0,1,2026-03-30,NONE,True,True,CONTROLLED_SYNTHETIC
SME001924,0.033252,R03,5,1,2025-12-17,NONE,True,True,CONTROLLED_SYNTHETIC
SME001925,0.053049,R04,0,1,2026-04-20,NONE,True,True,CONTROLLED_SYNTHETIC
SME001926,0.047752,R04,0,1,2027-01-19,NONE,True,True,CONTROLLED_SYNTHETIC
SME001927,0.023361,R03,0,1,2026-11-01,NONE,True,True,CONTROLLED_SYNTHETIC
SME001928,0.044511,R03,0,1,2027-03-31,NONE,True,True,CONTROLLED_SYNTHETIC
SME001929,0.052673,R04,0,1,2027-04-14,NONE,True,True,CONTROLLED_SYNTHETIC
SME001930,0.033367,R03,30,2,2026-09-27,NONE,True,True,CONTROLLED_SYNTHETIC
SME001931,0.016642,R02,0,1,2026-12-16,NONE,True,True,CONTROLLED_SYNTHETIC
SME001932,0.031020,R03,15,1,2027-07-30,NONE,True,True,CONTROLLED_SYNTHETIC
SME001933,0.025665,R03,5,1,2026-04-05,NONE,True,True,CONTROLLED_SYNTHETIC
SME001934,0.022474,R02,0,1,2026-09-01,NONE,False,True,CONTROLLED_SYNTHETIC
SME001935,0.046188,R04,0,1,2026-11-15,NONE,True,True,CONTROLLED_SYNTHETIC
SME001936,0.032149,R03,30,2,2027-08-25,NONE,True,True,CONTROLLED_SYNTHETIC
SME001937,0.036296,R03,0,1,2027-06-04,MEDIUM,True,False,CONTROLLED_SYNTHETIC
SME001938,0.019707,R02,0,1,2026-09-23,NONE,True,True,CONTROLLED_SYNTHETIC
SME001939,0.006490,R02,0,1,2027-05-18,NONE,True,True,CONTROLLED_SYNTHETIC
SME001940,0.032618,R03,0,1,2027-05-29,NONE,True,True,CONTROLLED_SYNTHETIC
SME001941,0.035776,R03,0,1,2027-08-12,NONE,True,True,CONTROLLED_SYNTHETIC
SME001942,0.047311,R04,0,1,2026-09-27,NONE,True,True,CONTROLLED_SYNTHETIC
SME001943,0.018275,R02,0,1,2026-03-21,NONE,True,True,CONTROLLED_SYNTHETIC
SME001944,0.032147,R03,5,1,2027-04-21,NONE,True,True,CONTROLLED_SYNTHETIC
SME001945,0.046417,R04,60,2,2027-02-18,NONE,True,False,CONTROLLED_SYNTHETIC
SME001946,0.064853,R04,0,1,2026-02-21,NONE,True,True,CONTROLLED_SYNTHETIC
SME001947,0.060117,R04,0,1,2027-09-11,NONE,True,True,CONTROLLED_SYNTHETIC
SME001948,0.014928,R02,0,1,2026-02-04,NONE,True,True,CONTROLLED_SYNTHETIC
SME001949,0.091169,R06,15,1,2026-08-04,NONE,True,True,CONTROLLED_SYNTHETIC
SME001950,0.023041,R03,5,1,2027-01-24,NONE,True,False,CONTROLLED_SYNTHETIC
SME001951,0.024161,R03,0,1,2026-02-24,LOW,True,True,CONTROLLED_SYNTHETIC
SME001952,0.041665,R03,0,1,2026-02-16,NONE,True,True,CONTROLLED_SYNTHETIC
SME001953,0.034445,R03,0,1,2027-10-10,NONE,True,False,CONTROLLED_SYNTHETIC
SME001954,0.019181,R02,15,1,2027-08-16,NONE,True,True,CONTROLLED_SYNTHETIC
SME001955,0.025417,R03,0,1,2026-12-25,NONE,True,True,CONTROLLED_SYNTHETIC
SME001956,0.021897,R02,0,1,2025-12-24,NONE,True,False,CONTROLLED_SYNTHETIC
SME001957,0.033375,R03,30,2,2027-06-11,NONE,True,False,CONTROLLED_SYNTHETIC
SME001958,0.013417,R02,0,1,2027-01-11,NONE,True,True,CONTROLLED_SYNTHETIC
SME001959,0.013568,R02,0,1,2026-10-03,HIGH,True,True,CONTROLLED_SYNTHETIC
SME001960,0.023736,R03,0,1,2027-03-11,NONE,True,True,CONTROLLED_SYNTHETIC
SME001961,0.028581,R03,0,1,2027-04-05,NONE,True,True,CONTROLLED_SYNTHETIC
SME001962,0.036017,R03,0,1,2026-08-13,NONE,True,True,CONTROLLED_SYNTHETIC
SME001963,0.052642,R04,60,2,2026-03-30,NONE,True,True,CONTROLLED_SYNTHETIC
SME001964,0.032110,R03,15,1,2027-06-24,LOW,True,False,CONTROLLED_SYNTHETIC
SME001965,0.076143,R05,0,1,2027-02-02,NONE,True,True,CONTROLLED_SYNTHETIC
SME001966,0.086230,R05,0,1,2027-02-22,NONE,True,False,CONTROLLED_SYNTHETIC
SME001967,0.036433,R03,0,1,2026-03-09,NONE,True,True,CONTROLLED_SYNTHETIC
SME001968,0.022137,R02,0,1,2025-12-03,NONE,True,True,CONTROLLED_SYNTHETIC
SME001969,0.019820,R02,0,1,2026-10-03,NONE,True,False,CONTROLLED_SYNTHETIC
SME001970,0.022338,R02,0,1,2026-07-04,NONE,True,True,CONTROLLED_SYNTHETIC
SME001971,0.052965,R04,0,1,2027-03-11,NONE,True,True,CONTROLLED_SYNTHETIC
SME001972,0.018760,R02,0,1,2026-03-18,NONE,True,True,CONTROLLED_SYNTHETIC
SME001973,0.085106,R05,0,1,2026-04-14,NONE,True,True,CONTROLLED_SYNTHETIC
SME001974,0.059755,R04,0,1,2026-12-30,NONE,True,True,CONTROLLED_SYNTHETIC
SME001975,0.013015,R02,0,1,2026-02-20,NONE,False,True,CONTROLLED_SYNTHETIC
SME001976,0.042729,R03,0,1,2026-05-20,NONE,True,True,CONTROLLED_SYNTHETIC
SME001977,0.032417,R03,0,1,2027-03-10,NONE,True,True,CONTROLLED_SYNTHETIC
SME001978,0.064982,R04,15,1,2026-11-27,NONE,True,True,CONTROLLED_SYNTHETIC
SME001979,0.028218,R03,0,1,2027-07-23,NONE,True,True,CONTROLLED_SYNTHETIC
SME001980,0.045923,R04,30,2,2026-10-22,NONE,True,True,CONTROLLED_SYNTHETIC
SME001981,0.035465,R03,0,1,2026-11-03,NONE,True,True,CONTROLLED_SYNTHETIC
SME001982,0.035344,R03,0,1,2026-09-14,LOW,True,True,CONTROLLED_SYNTHETIC
SME001983,0.039122,R03,0,1,2026-05-08,LOW,True,True,CONTROLLED_SYNTHETIC
SME001984,0.046842,R04,0,1,2026-10-26,NONE,True,False,CONTROLLED_SYNTHETIC
SME001985,0.043169,R03,0,1,2027-06-09,NONE,True,True,CONTROLLED_SYNTHETIC
SME001986,0.021813,R02,0,1,2027-02-10,NONE,True,False,CONTROLLED_SYNTHETIC
SME001987,0.024346,R03,0,1,2027-04-07,NONE,True,True,CONTROLLED_SYNTHETIC
SME001988,0.061235,R04,0,1,2027-09-25,NONE,True,True,CONTROLLED_SYNTHETIC
SME001989,0.009543,R02,0,1,2027-07-13,NONE,True,True,CONTROLLED_SYNTHETIC
SME001990,0.018666,R02,0,1,2027-06-22,HIGH,True,True,CONTROLLED_SYNTHETIC
SME001991,0.022590,R02,5,1,2026-04-15,MEDIUM,True,True,CONTROLLED_SYNTHETIC
SME001992,0.088570,R05,5,1,2026-01-19,NONE,True,True,CONTROLLED_SYNTHETIC
SME001993,0.070188,R05,0,1,2027-01-10,NONE,True,True,CONTROLLED_SYNTHETIC
SME001994,0.038555,R03,0,1,2026-02-24,NONE,True,True,CONTROLLED_SYNTHETIC
SME001995,0.020900,R02,0,1,2026-09-14,NONE,True,True,CONTROLLED_SYNTHETIC
SME001996,0.031193,R03,0,1,2027-08-09,NONE,True,True,CONTROLLED_SYNTHETIC
SME001997,0.051406,R04,0,1,2027-09-29,NONE,True,True,CONTROLLED_SYNTHETIC
SME001998,0.032625,R03,0,1,2026-04-13,NONE,True,False,CONTROLLED_SYNTHETIC
SME001999,0.028749,R03,5,1,2026-09-29,NONE,True,True,CONTROLLED_SYNTHETIC
SME002000,0.044949,R03,0,1,2026-02-14,NONE,True,True,CONTROLLED_SYNTHETIC
SME002001,0.066294,R04,90,3,2027-02-25,NONE,True,True,CONTROLLED_SYNTHETIC
SME002002,0.037443,R03,0,1,2027-09-25,NONE,True,True,CONTROLLED_SYNTHETIC
SME002003,0.019103,R02,90,3,2027-05-18,NONE,True,True,CONTROLLED_SYNTHETIC
SME002004,0.095298,R06,0,1,2027-06-22,NONE,True,True,CONTROLLED_SYNTHETIC
SME002005,0.061345,R04,0,1,2027-01-05,NONE,True,True,CONTROLLED_SYNTHETIC
SME002006,0.059505,R04,5,1,2026-04-14,NONE,True,True,CONTROLLED_SYNTHETIC
SME002007,0.045796,R04,0,1,2025-12-27,NONE,True,True,CONTROLLED_SYNTHETIC
SME002008,0.060207,R04,0,1,2026-02-13,NONE,True,True,CONTROLLED_SYNTHETIC
SME002009,0.026120,R03,0,1,2027-02-17,NONE,True,True,CONTROLLED_SYNTHETIC
SME002010,0.018565,R02,0,1,2026-01-27,NONE,True,True,CONTROLLED_SYNTHETIC
SME002011,0.038729,R03,0,1,2027-09-16,NONE,True,True,CONTROLLED_SYNTHETIC
SME002012,0.028223,R03,0,1,2026-09-08,LOW,True,False,CONTROLLED_SYNTHETIC
SME002013,0.045260,R03,0,1,2026-04-08,NONE,True,True,CONTROLLED_SYNTHETIC
SME002014,0.053259,R04,0,1,2025-12-09,NONE,True,True,CONTROLLED_SYNTHETIC
SME002015,0.014986,R02,90,3,2026-05-02,NONE,True,True,CONTROLLED_SYNTHETIC
SME002016,0.025152,R03,0,1,2026-07-03,NONE,True,True,CONTROLLED_SYNTHETIC
SME002017,0.053108,R04,0,1,2027-01-05,NONE,True,True,CONTROLLED_SYNTHETIC
SME002018,0.102755,R06,60,2,2027-02-17,NONE,True,True,CONTROLLED_SYNTHETIC
SME002019,0.031830,R03,0,1,2027-08-29,NONE,True,True,CONTROLLED_SYNTHETIC
SME002020,0.049322,R04,0,1,2027-08-25,NONE,True,True,CONTROLLED_SYNTHETIC
SME002021,0.066303,R04,5,1,2027-02-06,NONE,True,True,CONTROLLED_SYNTHETIC
SME002022,0.011501,R02,0,1,2027-03-02,LOW,True,True,CONTROLLED_SYNTHETIC
SME002023,0.021599,R02,0,1,2026-03-21,NONE,True,False,CONTROLLED_SYNTHETIC
SME002024,0.026512,R03,0,1,2027-05-13,NONE,True,True,CONTROLLED_SYNTHETIC
SME002025,0.062219,R04,0,1,2026-01-19,NONE,True,True,CONTROLLED_SYNTHETIC
SME002026,0.007874,R02,0,1,2026-02-18,NONE,True,True,CONTROLLED_SYNTHETIC
SME002027,0.049840,R04,0,1,2027-10-03,NONE,True,True,CONTROLLED_SYNTHETIC
SME002028,0.066204,R04,0,1,2025-12-21,NONE,True,True,CONTROLLED_SYNTHETIC
SME002029,0.025809,R03,0,1,2026-12-21,NONE,True,False,CONTROLLED_SYNTHETIC
SME002030,0.018987,R02,5,1,2026-01-17,NONE,False,True,CONTROLLED_SYNTHETIC
SME002031,0.019295,R02,0,1,2026-11-19,LOW,True,True,CONTROLLED_SYNTHETIC
SME002032,0.010380,R02,0,1,2026-06-28,NONE,True,True,CONTROLLED_SYNTHETIC
SME002033,0.035138,R03,15,1,2026-08-21,LOW,True,True,CONTROLLED_SYNTHETIC
SME002034,0.032508,R03,0,1,2026-12-05,NONE,True,True,CONTROLLED_SYNTHETIC
SME002035,0.018127,R02,15,1,2026-04-08,NONE,True,True,CONTROLLED_SYNTHETIC
SME002036,0.041321,R03,0,1,2026-05-19,LOW,True,True,CONTROLLED_SYNTHETIC
SME002037,0.055747,R04,30,2,2025-12-30,NONE,True,True,CONTROLLED_SYNTHETIC
SME002038,0.031250,R03,0,1,2027-08-14,NONE,False,True,CONTROLLED_SYNTHETIC
SME002039,0.046691,R04,0,1,2026-02-10,NONE,True,False,CONTROLLED_SYNTHETIC
SME002040,0.053269,R04,5,1,2026-07-16,NONE,True,False,CONTROLLED_SYNTHETIC
SME002041,0.053397,R04,0,1,2026-10-07,MEDIUM,False,True,CONTROLLED_SYNTHETIC
SME002042,0.023157,R03,0,1,2026-12-19,NONE,True,False,CONTROLLED_SYNTHETIC
SME002043,0.024467,R03,0,1,2026-05-15,NONE,True,False,CONTROLLED_SYNTHETIC
SME002044,0.058209,R04,0,1,2026-01-12,NONE,True,True,CONTROLLED_SYNTHETIC
SME002045,0.044882,R03,30,2,2026-12-13,NONE,True,True,CONTROLLED_SYNTHETIC
SME002046,0.027855,R03,5,1,2026-05-28,NONE,True,True,CONTROLLED_SYNTHETIC
SME002047,0.019102,R02,30,2,2026-09-07,NONE,True,True,CONTROLLED_SYNTHETIC
SME002048,0.005954,R02,0,1,2026-10-08,LOW,True,True,CONTROLLED_SYNTHETIC
SME002049,0.027770,R03,0,1,2026-10-25,NONE,True,True,CONTROLLED_SYNTHETIC
SME002050,0.028818,R03,0,1,2027-05-08,NONE,True,True,CONTROLLED_SYNTHETIC
SME002051,0.043948,R03,0,1,2027-02-08,NONE,False,True,CONTROLLED_SYNTHETIC
SME002052,0.041851,R03,60,2,2027-01-29,NONE,True,True,CONTROLLED_SYNTHETIC
SME002053,0.033503,R03,0,1,2027-07-02,NONE,True,True,CONTROLLED_SYNTHETIC
SME002054,0.007722,R02,0,1,2026-05-20,NONE,True,False,CONTROLLED_SYNTHETIC
SME002055,0.022094,R02,5,1,2027-02-20,NONE,True,True,CONTROLLED_SYNTHETIC
SME002056,0.014119,R02,0,1,2026-04-27,NONE,True,True,CONTROLLED_SYNTHETIC
SME002057,0.051369,R04,0,1,2027-09-07,NONE,False,True,CONTROLLED_SYNTHETIC
SME002058,0.050108,R04,60,2,2026-10-16,NONE,True,True,CONTROLLED_SYNTHETIC
SME002059,0.005588,R02,0,1,2025-12-05,NONE,True,False,CONTROLLED_SYNTHETIC
SME002060,0.007180,R02,0,1,2027-08-20,NONE,True,False,CONTROLLED_SYNTHETIC
SME002061,0.024685,R03,30,2,2026-09-13,NONE,True,False,CONTROLLED_SYNTHETIC
SME002062,0.039050,R03,0,1,2025-12-23,NONE,True,True,CONTROLLED_SYNTHETIC
SME002063,0.010788,R02,0,1,2026-11-28,NONE,False,True,CONTROLLED_SYNTHETIC
SME002064,0.041124,R03,0,1,2026-08-25,NONE,True,True,CONTROLLED_SYNTHETIC
SME002065,0.009139,R02,0,1,2026-09-10,NONE,True,True,CONTROLLED_SYNTHETIC
SME002066,0.048993,R04,15,1,2027-10-02,NONE,True,True,CONTROLLED_SYNTHETIC
SME002067,0.028390,R03,0,1,2026-01-16,NONE,True,False,CONTROLLED_SYNTHETIC
SME002068,0.042882,R03,0,1,2027-03-12,NONE,True,True,CONTROLLED_SYNTHETIC
SME002069,0.079217,R05,0,1,2026-07-03,NONE,False,True,CONTROLLED_SYNTHETIC
SME002070,0.021194,R02,15,1,2027-04-29,NONE,True,False,CONTROLLED_SYNTHETIC
SME002071,0.030352,R03,0,1,2026-11-26,NONE,True,True,CONTROLLED_SYNTHETIC
SME002072,0.002000,R02,0,1,2027-04-14,NONE,True,True,CONTROLLED_SYNTHETIC
SME002073,0.027147,R03,0,1,2026-12-09,NONE,True,True,CONTROLLED_SYNTHETIC
SME002074,0.007165,R02,5,1,2027-06-06,NONE,True,False,CONTROLLED_SYNTHETIC
SME002075,0.046011,R04,0,1,2026-12-11,NONE,True,True,CONTROLLED_SYNTHETIC
SME002076,0.014277,R02,0,1,2027-07-09,NONE,True,True,CONTROLLED_SYNTHETIC
SME002077,0.056053,R04,0,1,2026-11-07,NONE,True,False,CONTROLLED_SYNTHETIC
SME002078,0.040683,R03,0,1,2026-03-29,NONE,True,True,CONTROLLED_SYNTHETIC
SME002079,0.032454,R03,60,2,2026-05-18,NONE,True,True,CONTROLLED_SYNTHETIC
SME002080,0.062810,R04,0,1,2026-06-17,LOW,True,True,CONTROLLED_SYNTHETIC
SME002081,0.107265,R06,60,2,2027-01-09,NONE,False,True,CONTROLLED_SYNTHETIC
SME002082,0.049788,R04,0,1,2026-07-11,NONE,True,True,CONTROLLED_SYNTHETIC
SME002083,0.046223,R04,15,1,2026-10-07,NONE,True,True,CONTROLLED_SYNTHETIC
SME002084,0.036457,R03,0,1,2027-03-22,NONE,True,True,CONTROLLED_SYNTHETIC
SME002085,0.038493,R03,0,1,2026-03-02,NONE,True,True,CONTROLLED_SYNTHETIC
SME002086,0.111557,R06,0,1,2027-06-24,NONE,True,True,CONTROLLED_SYNTHETIC
SME002087,0.061269,R04,30,2,2027-04-30,NONE,True,True,CONTROLLED_SYNTHETIC
SME002088,0.028095,R03,0,1,2027-09-19,NONE,True,True,CONTROLLED_SYNTHETIC
SME002089,0.077378,R05,0,1,2026-02-07,NONE,True,True,CONTROLLED_SYNTHETIC
SME002090,0.008970,R02,5,1,2026-03-03,NONE,True,True,CONTROLLED_SYNTHETIC
SME002091,0.008526,R02,0,1,2026-04-17,NONE,True,True,CONTROLLED_SYNTHETIC
SME002092,0.099930,R06,0,1,2027-08-21,NONE,True,False,CONTROLLED_SYNTHETIC
SME002093,0.039211,R03,0,1,2026-04-24,LOW,True,True,CONTROLLED_SYNTHETIC
SME002094,0.037873,R03,0,1,2026-02-09,NONE,True,True,CONTROLLED_SYNTHETIC
SME002095,0.030410,R03,0,1,2027-07-17,NONE,True,True,CONTROLLED_SYNTHETIC
SME002096,0.042236,R03,0,1,2026-05-04,NONE,True,True,CONTROLLED_SYNTHETIC
SME002097,0.042739,R03,0,1,2026-01-08,NONE,True,True,CONTROLLED_SYNTHETIC
SME002098,0.037585,R03,0,1,2027-05-04,NONE,True,True,CONTROLLED_SYNTHETIC
SME002099,0.073041,R05,0,1,2026-01-13,NONE,True,True,CONTROLLED_SYNTHETIC
SME002100,0.053061,R04,15,1,2026-08-28,NONE,True,True,CONTROLLED_SYNTHETIC
SME002101,0.029395,R03,0,1,2027-04-18,NONE,False,True,CONTROLLED_SYNTHETIC
SME002102,0.023685,R03,0,1,2027-02-02,NONE,True,False,CONTROLLED_SYNTHETIC
SME002103,0.057767,R04,5,1,2027-05-26,NONE,True,True,CONTROLLED_SYNTHETIC
SME002104,0.033022,R03,0,1,2026-11-25,NONE,False,False,CONTROLLED_SYNTHETIC
SME002105,0.037229,R03,0,1,2026-06-16,NONE,True,True,CONTROLLED_SYNTHETIC
SME002106,0.010838,R02,5,1,2027-01-08,NONE,True,True,CONTROLLED_SYNTHETIC
SME002107,0.050062,R04,0,1,2027-06-30,NONE,True,True,CONTROLLED_SYNTHETIC
SME002108,0.035574,R03,0,1,2027-08-01,MEDIUM,True,True,CONTROLLED_SYNTHETIC
SME002109,0.012299,R02,90,3,2026-08-07,NONE,True,True,CONTROLLED_SYNTHETIC
SME002110,0.014411,R02,0,1,2026-06-21,NONE,True,True,CONTROLLED_SYNTHETIC
SME002111,0.032564,R03,0,1,2027-06-06,NONE,True,True,CONTROLLED_SYNTHETIC
SME002112,0.085020,R05,0,1,2027-05-26,NONE,True,True,CONTROLLED_SYNTHETIC
SME002113,0.030003,R03,0,1,2026-06-03,NONE,True,True,CONTROLLED_SYNTHETIC
SME002114,0.040313,R03,15,1,2025-12-21,NONE,True,False,CONTROLLED_SYNTHETIC
SME002115,0.050456,R04,0,1,2026-11-12,NONE,True,True,CONTROLLED_SYNTHETIC
SME002116,0.003916,R02,0,1,2026-03-10,NONE,True,True,CONTROLLED_SYNTHETIC
SME002117,0.047160,R04,0,1,2027-05-24,NONE,True,True,CONTROLLED_SYNTHETIC
SME002118,0.045987,R04,0,1,2027-08-06,NONE,True,True,CONTROLLED_SYNTHETIC
SME002119,0.027959,R03,0,1,2027-05-05,NONE,True,False,CONTROLLED_SYNTHETIC
SME002120,0.043931,R03,0,1,2026-03-13,NONE,True,True,CONTROLLED_SYNTHETIC
SME002121,0.029587,R03,0,1,2025-12-04,NONE,True,False,CONTROLLED_SYNTHETIC
SME002122,0.015908,R02,0,1,2026-08-26,NONE,True,False,CONTROLLED_SYNTHETIC
SME002123,0.047979,R04,0,1,2027-01-02,NONE,False,False,CONTROLLED_SYNTHETIC
SME002124,0.029186,R03,0,1,2027-04-30,LOW,True,False,CONTROLLED_SYNTHETIC
SME002125,0.020259,R02,0,1,2026-12-18,NONE,True,True,CONTROLLED_SYNTHETIC
SME002126,0.029726,R03,5,1,2026-10-17,NONE,True,True,CONTROLLED_SYNTHETIC
SME002127,0.019232,R02,15,1,2027-07-20,NONE,True,False,CONTROLLED_SYNTHETIC
SME002128,0.025096,R03,0,1,2027-01-22,NONE,True,True,CONTROLLED_SYNTHETIC
SME002129,0.053492,R04,0,1,2027-06-11,NONE,True,False,CONTROLLED_SYNTHETIC
SME002130,0.035277,R03,0,1,2025-12-29,NONE,True,True,CONTROLLED_SYNTHETIC
SME002131,0.035411,R03,0,1,2027-06-19,NONE,True,True,CONTROLLED_SYNTHETIC
SME002132,0.019261,R02,0,1,2026-10-29,NONE,True,False,CONTROLLED_SYNTHETIC
SME002133,0.047885,R04,0,1,2027-09-30,LOW,True,True,CONTROLLED_SYNTHETIC
SME002134,0.050167,R04,0,1,2026-05-29,NONE,True,True,CONTROLLED_SYNTHETIC
SME002135,0.026433,R03,60,2,2026-10-26,NONE,True,True,CONTROLLED_SYNTHETIC
SME002136,0.027958,R03,0,1,2027-02-09,NONE,True,True,CONTROLLED_SYNTHETIC
SME002137,0.019171,R02,0,1,2026-05-23,NONE,True,True,CONTROLLED_SYNTHETIC
SME002138,0.062878,R04,15,1,2026-07-06,NONE,True,False,CONTROLLED_SYNTHETIC
SME002139,0.039739,R03,0,1,2026-10-04,NONE,True,True,CONTROLLED_SYNTHETIC
SME002140,0.063770,R04,5,1,2026-02-07,NONE,True,True,CONTROLLED_SYNTHETIC
SME002141,0.009598,R02,0,1,2026-11-24,NONE,True,True,CONTROLLED_SYNTHETIC
SME002142,0.044644,R03,0,1,2027-10-03,MEDIUM,True,True,CONTROLLED_SYNTHETIC
SME002143,0.015024,R02,0,1,2027-04-11,NONE,True,True,CONTROLLED_SYNTHETIC
SME002144,0.050172,R04,0,1,2027-07-22,NONE,True,True,CONTROLLED_SYNTHETIC
SME002145,0.043854,R03,0,1,2027-06-26,NONE,True,True,CONTROLLED_SYNTHETIC
SME002146,0.028818,R03,0,1,2026-07-21,NONE,True,True,CONTROLLED_SYNTHETIC
SME002147,0.031218,R03,0,1,2026-08-09,NONE,True,True,CONTROLLED_SYNTHETIC
SME002148,0.010981,R02,0,1,2027-09-23,NONE,True,True,CONTROLLED_SYNTHETIC
SME002149,0.025535,R03,0,1,2027-05-06,NONE,False,True,CONTROLLED_SYNTHETIC
SME002150,0.060326,R04,0,1,2027-03-15,NONE,True,True,CONTROLLED_SYNTHETIC
SME002151,0.046024,R04,0,1,2027-03-16,NONE,True,True,CONTROLLED_SYNTHETIC
SME002152,0.017897,R02,0,1,2026-07-22,MEDIUM,True,True,CONTROLLED_SYNTHETIC
SME002153,0.006325,R02,5,1,2026-07-05,NONE,True,True,CONTROLLED_SYNTHETIC
SME002154,0.032868,R03,0,1,2027-03-15,LOW,True,True,CONTROLLED_SYNTHETIC
SME002155,0.019001,R02,0,1,2027-08-31,NONE,True,True,CONTROLLED_SYNTHETIC
SME002156,0.026340,R03,0,1,2027-07-19,NONE,True,True,CONTROLLED_SYNTHETIC
SME002157,0.049503,R04,0,1,2025-12-29,NONE,True,True,CONTROLLED_SYNTHETIC
SME002158,0.052253,R04,0,1,2026-08-25,NONE,True,False,CONTROLLED_SYNTHETIC
SME002159,0.014132,R02,30,2,2027-03-03,NONE,True,True,CONTROLLED_SYNTHETIC
SME002160,0.020056,R02,0,1,2027-03-06,NONE,True,True,CONTROLLED_SYNTHETIC
SME002161,0.099678,R06,0,1,2026-05-10,NONE,True,True,CONTROLLED_SYNTHETIC
SME002162,0.021134,R02,0,1,2027-03-17,NONE,True,True,CONTROLLED_SYNTHETIC
SME002163,0.024718,R03,0,1,2026-05-23,NONE,True,True,CONTROLLED_SYNTHETIC
SME002164,0.080325,R05,0,1,2026-06-29,NONE,True,True,CONTROLLED_SYNTHETIC
SME002165,0.049060,R04,0,1,2026-08-17,NONE,True,True,CONTROLLED_SYNTHETIC
SME002166,0.030255,R03,0,1,2027-10-06,NONE,True,False,CONTROLLED_SYNTHETIC
SME002167,0.057801,R04,15,1,2027-01-28,NONE,True,True,CONTROLLED_SYNTHETIC
SME002168,0.072207,R05,0,1,2026-10-13,NONE,True,True,CONTROLLED_SYNTHETIC
SME002169,0.069807,R05,0,1,2026-06-14,NONE,True,True,CONTROLLED_SYNTHETIC
SME002170,0.036747,R03,30,2,2026-09-30,NONE,True,True,CONTROLLED_SYNTHETIC
SME002171,0.084760,R05,0,1,2027-04-18,NONE,True,True,CONTROLLED_SYNTHETIC
SME002172,0.006262,R02,0,1,2026-02-07,NONE,True,True,CONTROLLED_SYNTHETIC
SME002173,0.024148,R03,0,1,2026-08-15,NONE,True,True,CONTROLLED_SYNTHETIC
SME002174,0.038129,R03,0,1,2026-05-05,NONE,True,True,CONTROLLED_SYNTHETIC
SME002175,0.048401,R04,0,1,2027-08-01,NONE,True,False,CONTROLLED_SYNTHETIC
SME002176,0.011916,R02,0,1,2027-03-12,NONE,True,True,CONTROLLED_SYNTHETIC
SME002177,0.030862,R03,0,1,2026-03-31,NONE,True,True,CONTROLLED_SYNTHETIC
SME002178,0.057609,R04,0,1,2026-03-11,NONE,False,True,CONTROLLED_SYNTHETIC
SME002179,0.115407,R07,0,1,2026-09-14,NONE,True,True,CONTROLLED_SYNTHETIC
SME002180,0.056627,R04,0,1,2026-12-06,NONE,True,True,CONTROLLED_SYNTHETIC
SME002181,0.005342,R02,0,1,2026-12-18,NONE,True,True,CONTROLLED_SYNTHETIC
SME002182,0.078946,R05,0,1,2026-11-11,NONE,True,False,CONTROLLED_SYNTHETIC
SME002183,0.029200,R03,0,1,2026-11-10,NONE,False,True,CONTROLLED_SYNTHETIC
SME002184,0.044893,R03,30,2,2027-06-19,NONE,True,False,CONTROLLED_SYNTHETIC
SME002185,0.056590,R04,0,1,2026-05-03,NONE,True,True,CONTROLLED_SYNTHETIC
SME002186,0.048390,R04,0,1,2027-02-12,NONE,True,True,CONTROLLED_SYNTHETIC
SME002187,0.019607,R02,15,1,2026-10-10,NONE,False,True,CONTROLLED_SYNTHETIC
SME002188,0.034450,R03,5,1,2026-01-12,NONE,True,True,CONTROLLED_SYNTHETIC
SME002189,0.031548,R03,0,1,2026-05-22,NONE,True,True,CONTROLLED_SYNTHETIC
SME002190,0.031741,R03,0,1,2027-04-06,NONE,True,True,CONTROLLED_SYNTHETIC
SME002191,0.043634,R03,0,1,2027-09-29,NONE,True,True,CONTROLLED_SYNTHETIC
SME002192,0.076096,R05,15,1,2026-02-07,HIGH,True,True,CONTROLLED_SYNTHETIC
SME002193,0.038394,R03,0,1,2026-01-13,NONE,True,True,CONTROLLED_SYNTHETIC
SME002194,0.055784,R04,0,1,2026-02-10,NONE,True,True,CONTROLLED_SYNTHETIC
SME002195,0.079824,R05,0,1,2026-08-26,NONE,True,True,CONTROLLED_SYNTHETIC
SME002196,0.025907,R03,0,1,2026-11-29,LOW,True,True,CONTROLLED_SYNTHETIC
SME002197,0.044339,R03,0,1,2026-04-30,NONE,True,True,CONTROLLED_SYNTHETIC
SME002198,0.029240,R03,0,1,2026-08-26,NONE,True,True,CONTROLLED_SYNTHETIC
SME002199,0.071099,R05,0,1,2026-05-27,NONE,True,True,CONTROLLED_SYNTHETIC
SME002200,0.094067,R06,5,1,2026-08-02,NONE,True,True,CONTROLLED_SYNTHETIC
SME002201,0.048266,R04,0,1,2026-04-11,NONE,True,True,CONTROLLED_SYNTHETIC
SME002202,0.025771,R03,0,1,2026-10-24,NONE,True,False,CONTROLLED_SYNTHETIC
SME002203,0.043576,R03,0,1,2027-01-01,LOW,True,True,CONTROLLED_SYNTHETIC
SME002204,0.061031,R04,0,1,2026-03-22,NONE,True,True,CONTROLLED_SYNTHETIC
SME002205,0.033846,R03,0,1,2026-10-11,NONE,True,True,CONTROLLED_SYNTHETIC
SME002206,0.051670,R04,0,1,2026-05-01,NONE,True,True,CONTROLLED_SYNTHETIC
SME002207,0.055283,R04,0,1,2026-10-29,NONE,True,True,CONTROLLED_SYNTHETIC
SME002208,0.047498,R04,5,1,2026-01-01,NONE,True,True,CONTROLLED_SYNTHETIC
SME002209,0.018956,R02,0,1,2026-03-24,NONE,True,True,CONTROLLED_SYNTHETIC
SME002210,0.060300,R04,0,1,2027-05-14,MEDIUM,True,True,CONTROLLED_SYNTHETIC
SME002211,0.034322,R03,0,1,2026-08-26,NONE,True,True,CONTROLLED_SYNTHETIC
SME002212,0.072819,R05,0,1,2026-11-07,NONE,True,True,CONTROLLED_SYNTHETIC
SME002213,0.024417,R03,0,1,2027-07-15,NONE,False,True,CONTROLLED_SYNTHETIC
SME002214,0.044257,R03,0,1,2027-04-16,NONE,True,True,CONTROLLED_SYNTHETIC
SME002215,0.011743,R02,0,1,2026-04-15,MEDIUM,True,False,CONTROLLED_SYNTHETIC
SME002216,0.042325,R03,0,1,2026-05-10,NONE,True,False,CONTROLLED_SYNTHETIC
SME002217,0.054032,R04,0,1,2027-08-28,NONE,True,True,CONTROLLED_SYNTHETIC
SME002218,0.062048,R04,0,1,2027-02-15,MEDIUM,True,True,CONTROLLED_SYNTHETIC
SME002219,0.015213,R02,15,1,2027-10-12,NONE,True,True,CONTROLLED_SYNTHETIC
SME002220,0.106883,R06,5,1,2026-07-12,NONE,True,True,CONTROLLED_SYNTHETIC
SME002221,0.005237,R02,0,1,2026-07-18,NONE,True,False,CONTROLLED_SYNTHETIC
SME002222,0.040174,R03,0,1,2026-06-01,NONE,True,True,CONTROLLED_SYNTHETIC
SME002223,0.029124,R03,0,1,2027-01-23,NONE,True,True,CONTROLLED_SYNTHETIC
SME002224,0.093242,R06,0,1,2026-03-06,NONE,True,True,CONTROLLED_SYNTHETIC
SME002225,0.018878,R02,0,1,2027-03-22,NONE,True,True,CONTROLLED_SYNTHETIC
SME002226,0.010194,R02,0,1,2026-02-24,NONE,True,True,CONTROLLED_SYNTHETIC
SME002227,0.038813,R03,0,1,2027-04-13,LOW,True,True,CONTROLLED_SYNTHETIC
SME002228,0.098915,R06,0,1,2026-10-21,NONE,True,True,CONTROLLED_SYNTHETIC
SME002229,0.043198,R03,0,1,2027-07-13,NONE,True,True,CONTROLLED_SYNTHETIC
SME002230,0.011423,R02,0,1,2025-12-13,LOW,True,False,CONTROLLED_SYNTHETIC
SME002231,0.044622,R03,0,1,2026-10-17,MEDIUM,True,True,CONTROLLED_SYNTHETIC
SME002232,0.013422,R02,0,1,2026-06-11,HIGH,True,True,CONTROLLED_SYNTHETIC
SME002233,0.065300,R04,30,2,2026-10-30,NONE,True,True,CONTROLLED_SYNTHETIC
SME002234,0.063307,R04,0,1,2026-03-13,NONE,True,False,CONTROLLED_SYNTHETIC
SME002235,0.026981,R03,0,1,2026-11-27,NONE,True,True,CONTROLLED_SYNTHETIC
SME002236,0.076649,R05,60,2,2026-08-06,NONE,True,False,CONTROLLED_SYNTHETIC
SME002237,0.075815,R05,30,2,2027-06-09,NONE,True,True,CONTROLLED_SYNTHETIC
SME002238,0.026746,R03,0,1,2026-03-23,NONE,True,False,CONTROLLED_SYNTHETIC
SME002239,0.059096,R04,0,1,2027-07-31,NONE,True,True,CONTROLLED_SYNTHETIC
SME002240,0.002702,R02,0,1,2026-08-14,NONE,True,True,CONTROLLED_SYNTHETIC
SME002241,0.014735,R02,0,1,2025-12-22,NONE,True,True,CONTROLLED_SYNTHETIC
SME002242,0.041866,R03,5,1,2026-04-22,MEDIUM,True,True,CONTROLLED_SYNTHETIC
SME002243,0.032117,R03,0,1,2026-09-08,NONE,True,True,CONTROLLED_SYNTHETIC
SME002244,0.059308,R04,0,1,2027-06-26,NONE,True,False,CONTROLLED_SYNTHETIC
SME002245,0.002000,R02,15,1,2026-10-08,MEDIUM,True,True,CONTROLLED_SYNTHETIC
SME002246,0.093390,R06,0,1,2027-06-21,NONE,True,False,CONTROLLED_SYNTHETIC
SME002247,0.038824,R03,0,1,2026-05-11,NONE,True,True,CONTROLLED_SYNTHETIC
SME002248,0.036978,R03,0,1,2027-01-05,NONE,True,True,CONTROLLED_SYNTHETIC
SME002249,0.056927,R04,0,1,2026-04-22,NONE,True,True,CONTROLLED_SYNTHETIC
SME002250,0.052585,R04,30,2,2027-05-06,NONE,True,True,CONTROLLED_SYNTHETIC
SME002251,0.096138,R06,0,1,2026-11-08,NONE,True,True,CONTROLLED_SYNTHETIC
SME002252,0.042655,R03,0,1,2027-09-11,NONE,True,True,CONTROLLED_SYNTHETIC
SME002253,0.034661,R03,0,1,2027-01-10,NONE,True,True,CONTROLLED_SYNTHETIC
SME002254,0.067549,R04,0,1,2027-02-23,NONE,True,True,CONTROLLED_SYNTHETIC
SME002255,0.020637,R02,0,1,2027-07-07,NONE,True,False,CONTROLLED_SYNTHETIC
SME002256,0.026816,R03,0,1,2027-01-17,NONE,True,True,CONTROLLED_SYNTHETIC
SME002257,0.046573,R04,0,1,2026-01-26,NONE,True,True,CONTROLLED_SYNTHETIC
SME002258,0.011370,R02,5,1,2026-08-01,NONE,True,True,CONTROLLED_SYNTHETIC
SME002259,0.025288,R03,0,1,2027-05-31,NONE,True,True,CONTROLLED_SYNTHETIC
SME002260,0.002000,R02,15,1,2026-03-26,NONE,True,True,CONTROLLED_SYNTHETIC
SME002261,0.033202,R03,0,1,2027-09-25,NONE,True,True,CONTROLLED_SYNTHETIC
SME002262,0.027239,R03,15,1,2027-08-28,NONE,True,True,CONTROLLED_SYNTHETIC
SME002263,0.056279,R04,0,1,2026-12-11,NONE,True,True,CONTROLLED_SYNTHETIC
SME002264,0.023453,R03,0,1,2026-08-12,NONE,True,True,CONTROLLED_SYNTHETIC
SME002265,0.020733,R02,0,1,2027-02-19,NONE,True,True,CONTROLLED_SYNTHETIC
SME002266,0.028256,R03,0,1,2026-08-20,NONE,True,True,CONTROLLED_SYNTHETIC
SME002267,0.018365,R02,0,1,2027-03-03,MEDIUM,True,True,CONTROLLED_SYNTHETIC
SME002268,0.039869,R03,5,1,2025-12-12,NONE,False,True,CONTROLLED_SYNTHETIC
SME002269,0.066865,R04,0,1,2026-09-08,NONE,True,False,CONTROLLED_SYNTHETIC
SME002270,0.071930,R05,0,1,2026-06-01,NONE,True,False,CONTROLLED_SYNTHETIC
SME002271,0.060498,R04,30,2,2026-04-21,NONE,True,True,CONTROLLED_SYNTHETIC
SME002272,0.032944,R03,30,2,2026-03-12,NONE,True,True,CONTROLLED_SYNTHETIC
SME002273,0.043921,R03,0,1,2026-05-06,NONE,True,True,CONTROLLED_SYNTHETIC
SME002274,0.028150,R03,0,1,2026-08-26,NONE,True,False,CONTROLLED_SYNTHETIC
SME002275,0.038569,R03,0,1,2026-03-18,NONE,True,True,CONTROLLED_SYNTHETIC
SME002276,0.038526,R03,0,1,2027-08-14,NONE,True,True,CONTROLLED_SYNTHETIC
SME002277,0.051578,R04,90,3,2027-05-31,NONE,True,True,CONTROLLED_SYNTHETIC
SME002278,0.016669,R02,0,1,2027-10-06,NONE,True,True,CONTROLLED_SYNTHETIC
SME002279,0.023277,R03,0,1,2027-01-29,NONE,True,True,CONTROLLED_SYNTHETIC
SME002280,0.033864,R03,0,1,2026-07-20,LOW,True,True,CONTROLLED_SYNTHETIC
SME002281,0.070947,R05,0,1,2026-01-04,NONE,True,False,CONTROLLED_SYNTHETIC
SME002282,0.041983,R03,0,1,2026-02-17,LOW,True,True,CONTROLLED_SYNTHETIC
SME002283,0.009382,R02,0,1,2026-10-11,NONE,True,True,CONTROLLED_SYNTHETIC
SME002284,0.031363,R03,0,1,2026-05-05,NONE,True,True,CONTROLLED_SYNTHETIC
SME002285,0.047241,R04,0,1,2027-09-04,NONE,True,True,CONTROLLED_SYNTHETIC
SME002286,0.047455,R04,30,2,2026-08-13,NONE,True,True,CONTROLLED_SYNTHETIC
SME002287,0.032772,R03,30,2,2027-05-07,NONE,True,True,CONTROLLED_SYNTHETIC
SME002288,0.054373,R04,30,2,2026-10-03,NONE,True,True,CONTROLLED_SYNTHETIC
SME002289,0.056313,R04,0,1,2027-05-25,NONE,True,True,CONTROLLED_SYNTHETIC
SME002290,0.038463,R03,0,1,2026-11-05,NONE,True,True,CONTROLLED_SYNTHETIC
SME002291,0.034499,R03,0,1,2027-03-17,NONE,True,True,CONTROLLED_SYNTHETIC
SME002292,0.050360,R04,5,1,2027-02-16,NONE,True,True,CONTROLLED_SYNTHETIC
SME002293,0.019944,R02,0,1,2026-03-28,NONE,True,True,CONTROLLED_SYNTHETIC
SME002294,0.020947,R02,0,1,2027-05-14,NONE,True,True,CONTROLLED_SYNTHETIC
SME002295,0.061197,R04,0,1,2026-08-29,NONE,True,True,CONTROLLED_SYNTHETIC
SME002296,0.023139,R03,0,1,2027-07-22,NONE,True,False,CONTROLLED_SYNTHETIC
SME002297,0.041287,R03,0,1,2026-12-25,NONE,True,True,CONTROLLED_SYNTHETIC
SME002298,0.026448,R03,0,1,2027-06-05,NONE,True,False,CONTROLLED_SYNTHETIC
SME002299,0.046908,R04,0,1,2026-03-29,NONE,True,True,CONTROLLED_SYNTHETIC
SME002300,0.024929,R03,15,1,2026-12-09,LOW,True,True,CONTROLLED_SYNTHETIC
SME002301,0.023883,R03,0,1,2026-04-20,NONE,True,True,CONTROLLED_SYNTHETIC
SME002302,0.043391,R03,0,1,2026-12-07,NONE,True,True,CONTROLLED_SYNTHETIC
SME002303,0.038978,R03,0,1,2027-08-03,NONE,True,True,CONTROLLED_SYNTHETIC
SME002304,0.050592,R04,0,1,2026-01-06,NONE,False,True,CONTROLLED_SYNTHETIC
SME002305,0.032083,R03,90,3,2026-04-25,NONE,True,True,CONTROLLED_SYNTHETIC
SME002306,0.063508,R04,0,1,2027-03-27,NONE,True,True,CONTROLLED_SYNTHETIC
SME002307,0.051295,R04,0,1,2027-06-18,NONE,True,True,CONTROLLED_SYNTHETIC
SME002308,0.018557,R02,30,2,2027-07-29,NONE,True,True,CONTROLLED_SYNTHETIC
SME002309,0.025507,R03,0,1,2027-04-04,NONE,True,True,CONTROLLED_SYNTHETIC
SME002310,0.064557,R04,0,1,2026-11-11,NONE,True,True,CONTROLLED_SYNTHETIC
SME002311,0.015528,R02,0,1,2026-09-06,NONE,True,True,CONTROLLED_SYNTHETIC
SME002312,0.023006,R03,0,1,2027-01-31,NONE,True,True,CONTROLLED_SYNTHETIC
SME002313,0.040929,R03,60,2,2027-08-30,NONE,True,True,CONTROLLED_SYNTHETIC
SME002314,0.031521,R03,30,2,2026-01-30,NONE,True,True,CONTROLLED_SYNTHETIC
SME002315,0.029122,R03,60,2,2027-03-16,NONE,True,True,CONTROLLED_SYNTHETIC
SME002316,0.028435,R03,0,1,2027-08-05,NONE,True,True,CONTROLLED_SYNTHETIC
SME002317,0.054956,R04,0,1,2027-08-28,NONE,True,True,CONTROLLED_SYNTHETIC
SME002318,0.046893,R04,0,1,2027-03-19,NONE,True,True,CONTROLLED_SYNTHETIC
SME002319,0.029907,R03,0,1,2027-04-26,NONE,True,False,CONTROLLED_SYNTHETIC
SME002320,0.020664,R02,0,1,2026-07-27,NONE,True,True,CONTROLLED_SYNTHETIC
SME002321,0.013481,R02,0,1,2027-09-25,NONE,True,True,CONTROLLED_SYNTHETIC
SME002322,0.037983,R03,15,1,2027-01-22,NONE,True,True,CONTROLLED_SYNTHETIC
SME002323,0.090231,R05,0,1,2027-09-18,NONE,True,False,CONTROLLED_SYNTHETIC
SME002324,0.014449,R02,0,1,2027-03-17,NONE,True,True,CONTROLLED_SYNTHETIC
SME002325,0.044475,R03,0,1,2026-11-16,NONE,True,True,CONTROLLED_SYNTHETIC
SME002326,0.056725,R04,0,1,2026-04-04,NONE,True,True,CONTROLLED_SYNTHETIC
SME002327,0.019983,R02,0,1,2026-05-15,NONE,True,True,CONTROLLED_SYNTHETIC
SME002328,0.022651,R02,0,1,2026-09-22,NONE,True,True,CONTROLLED_SYNTHETIC
SME002329,0.011798,R02,0,1,2027-02-04,NONE,True,True,CONTROLLED_SYNTHETIC
SME002330,0.040495,R03,0,1,2027-10-10,NONE,True,True,CONTROLLED_SYNTHETIC
SME002331,0.018863,R02,0,1,2027-03-30,NONE,True,True,CONTROLLED_SYNTHETIC
SME002332,0.035543,R03,5,1,2025-12-12,NONE,True,True,CONTROLLED_SYNTHETIC
SME002333,0.039547,R03,0,1,2027-03-27,NONE,True,True,CONTROLLED_SYNTHETIC
SME002334,0.115149,R07,0,1,2027-03-29,NONE,True,True,CONTROLLED_SYNTHETIC
SME002335,0.046797,R04,0,1,2027-03-15,NONE,False,False,CONTROLLED_SYNTHETIC
SME002336,0.056817,R04,0,1,2027-08-19,NONE,True,False,CONTROLLED_SYNTHETIC
SME002337,0.007751,R02,0,1,2026-05-14,NONE,True,True,CONTROLLED_SYNTHETIC
SME002338,0.035804,R03,0,1,2026-08-20,MEDIUM,True,True,CONTROLLED_SYNTHETIC
SME002339,0.024141,R03,0,1,2027-09-24,NONE,True,True,CONTROLLED_SYNTHETIC
SME002340,0.021836,R02,0,1,2027-08-30,NONE,True,True,CONTROLLED_SYNTHETIC
SME002341,0.002000,R02,0,1,2026-09-09,NONE,True,True,CONTROLLED_SYNTHETIC
SME002342,0.074724,R05,0,1,2027-06-04,NONE,True,True,CONTROLLED_SYNTHETIC
SME002343,0.017750,R02,0,1,2026-05-05,NONE,True,True,CONTROLLED_SYNTHETIC
SME002344,0.034420,R03,0,1,2027-05-21,MEDIUM,True,True,CONTROLLED_SYNTHETIC
SME002345,0.011645,R02,0,1,2025-12-14,NONE,False,True,CONTROLLED_SYNTHETIC
SME002346,0.043534,R03,0,1,2027-01-21,NONE,True,True,CONTROLLED_SYNTHETIC
SME002347,0.021388,R02,0,1,2026-04-29,NONE,True,True,CONTROLLED_SYNTHETIC
SME002348,0.023921,R03,0,1,2026-04-10,MEDIUM,True,True,CONTROLLED_SYNTHETIC
SME002349,0.040039,R03,0,1,2027-05-28,NONE,True,True,CONTROLLED_SYNTHETIC
SME002350,0.032855,R03,0,1,2027-02-19,NONE,True,True,CONTROLLED_SYNTHETIC
SME002351,0.051569,R04,0,1,2027-09-18,NONE,True,True,CONTROLLED_SYNTHETIC
SME002352,0.051588,R04,0,1,2027-10-06,NONE,True,True,CONTROLLED_SYNTHETIC
SME002353,0.056955,R04,15,1,2026-01-01,MEDIUM,True,True,CONTROLLED_SYNTHETIC
SME002354,0.025394,R03,15,1,2027-07-22,NONE,True,True,CONTROLLED_SYNTHETIC
SME002355,0.060068,R04,0,1,2027-05-26,NONE,True,True,CONTROLLED_SYNTHETIC
SME002356,0.029752,R03,0,1,2026-10-23,NONE,True,True,CONTROLLED_SYNTHETIC
SME002357,0.048480,R04,0,1,2026-10-14,NONE,True,True,CONTROLLED_SYNTHETIC
SME002358,0.054260,R04,0,1,2026-03-04,NONE,True,False,CONTROLLED_SYNTHETIC
SME002359,0.036975,R03,0,1,2026-02-16,NONE,True,True,CONTROLLED_SYNTHETIC
SME002360,0.021407,R02,0,1,2026-12-26,NONE,True,True,CONTROLLED_SYNTHETIC
SME002361,0.054758,R04,0,1,2026-08-25,NONE,True,True,CONTROLLED_SYNTHETIC
SME002362,0.003188,R02,0,1,2027-01-30,NONE,True,True,CONTROLLED_SYNTHETIC
SME002363,0.021260,R02,0,1,2026-05-21,NONE,True,True,CONTROLLED_SYNTHETIC
SME002364,0.002000,R02,0,1,2026-11-22,NONE,True,True,CONTROLLED_SYNTHETIC
SME002365,0.005592,R02,30,2,2026-02-17,MEDIUM,True,True,CONTROLLED_SYNTHETIC
SME002366,0.079107,R05,15,1,2027-08-28,NONE,True,False,CONTROLLED_SYNTHETIC
SME002367,0.060354,R04,0,1,2026-09-15,NONE,True,True,CONTROLLED_SYNTHETIC
SME002368,0.061739,R04,0,1,2027-09-20,NONE,True,True,CONTROLLED_SYNTHETIC
SME002369,0.018897,R02,0,1,2025-12-30,NONE,True,True,CONTROLLED_SYNTHETIC
SME002370,0.027162,R03,0,1,2027-06-07,NONE,True,True,CONTROLLED_SYNTHETIC
SME002371,0.032308,R03,0,1,2026-09-11,NONE,True,True,CONTROLLED_SYNTHETIC
SME002372,0.037278,R03,0,1,2026-04-07,LOW,True,True,CONTROLLED_SYNTHETIC
SME002373,0.025700,R03,0,1,2026-09-24,NONE,True,True,CONTROLLED_SYNTHETIC
SME002374,0.018373,R02,0,1,2026-03-29,LOW,True,True,CONTROLLED_SYNTHETIC
SME002375,0.024767,R03,0,1,2027-08-20,NONE,True,True,CONTROLLED_SYNTHETIC
SME002376,0.030675,R03,0,1,2027-08-23,NONE,True,True,CONTROLLED_SYNTHETIC
SME002377,0.007025,R02,0,1,2026-09-14,NONE,True,True,CONTROLLED_SYNTHETIC
SME002378,0.066376,R04,5,1,2026-04-20,NONE,True,True,CONTROLLED_SYNTHETIC
SME002379,0.022993,R03,0,1,2026-10-24,NONE,True,True,CONTROLLED_SYNTHETIC
SME002380,0.036965,R03,0,1,2027-05-26,NONE,True,True,CONTROLLED_SYNTHETIC
SME002381,0.061807,R04,0,1,2027-10-13,NONE,True,True,CONTROLLED_SYNTHETIC
SME002382,0.044562,R03,5,1,2027-07-30,NONE,True,True,CONTROLLED_SYNTHETIC
SME002383,0.020260,R02,0,1,2025-12-30,NONE,True,True,CONTROLLED_SYNTHETIC
SME002384,0.043936,R03,0,1,2027-07-18,NONE,True,True,CONTROLLED_SYNTHETIC
SME002385,0.036746,R03,0,1,2027-07-20,NONE,True,False,CONTROLLED_SYNTHETIC
SME002386,0.064760,R04,0,1,2027-03-19,NONE,True,True,CONTROLLED_SYNTHETIC
SME002387,0.047077,R04,30,2,2027-09-12,NONE,True,True,CONTROLLED_SYNTHETIC
SME002388,0.061590,R04,0,1,2027-06-28,NONE,True,True,CONTROLLED_SYNTHETIC
SME002389,0.053921,R04,15,1,2026-08-28,NONE,True,True,CONTROLLED_SYNTHETIC
SME002390,0.023234,R03,0,1,2026-03-08,NONE,True,True,CONTROLLED_SYNTHETIC
SME002391,0.025251,R03,0,1,2026-11-12,NONE,True,True,CONTROLLED_SYNTHETIC
SME002392,0.055389,R04,0,1,2026-12-30,NONE,True,True,CONTROLLED_SYNTHETIC
SME002393,0.036280,R03,5,1,2027-06-05,NONE,True,False,CONTROLLED_SYNTHETIC
SME002394,0.036810,R03,0,1,2027-05-22,NONE,True,True,CONTROLLED_SYNTHETIC
SME002395,0.019924,R02,0,1,2026-01-16,LOW,True,True,CONTROLLED_SYNTHETIC
SME002396,0.012164,R02,15,1,2027-03-28,NONE,True,False,CONTROLLED_SYNTHETIC
SME002397,0.027754,R03,0,1,2027-08-11,NONE,True,True,CONTROLLED_SYNTHETIC
SME002398,0.030340,R03,0,1,2027-01-12,LOW,True,False,CONTROLLED_SYNTHETIC
SME002399,0.028652,R03,0,1,2027-05-28,NONE,True,True,CONTROLLED_SYNTHETIC
SME002400,0.088062,R05,0,1,2027-02-23,NONE,True,True,CONTROLLED_SYNTHETIC
SME002401,0.080377,R05,0,1,2027-08-26,LOW,True,True,CONTROLLED_SYNTHETIC
SME002402,0.052975,R04,0,1,2026-06-19,LOW,True,True,CONTROLLED_SYNTHETIC
SME002403,0.041512,R03,0,1,2025-12-19,NONE,True,True,CONTROLLED_SYNTHETIC
SME002404,0.024848,R03,0,1,2026-10-01,NONE,True,True,CONTROLLED_SYNTHETIC
SME002405,0.020843,R02,0,1,2027-06-22,NONE,True,True,CONTROLLED_SYNTHETIC
SME002406,0.025805,R03,30,2,2026-11-27,NONE,True,True,CONTROLLED_SYNTHETIC
SME002407,0.051601,R04,0,1,2027-01-14,NONE,False,True,CONTROLLED_SYNTHETIC
SME002408,0.050793,R04,0,1,2025-12-07,NONE,True,False,CONTROLLED_SYNTHETIC
SME002409,0.036236,R03,15,1,2026-06-30,NONE,True,True,CONTROLLED_SYNTHETIC
SME002410,0.027901,R03,0,1,2026-03-03,NONE,True,True,CONTROLLED_SYNTHETIC
SME002411,0.043838,R03,0,1,2026-08-11,NONE,True,True,CONTROLLED_SYNTHETIC
SME002412,0.057345,R04,60,2,2026-12-23,NONE,True,True,CONTROLLED_SYNTHETIC
SME002413,0.074559,R05,0,1,2026-04-08,NONE,True,True,CONTROLLED_SYNTHETIC
SME002414,0.029873,R03,0,1,2027-09-15,NONE,True,True,CONTROLLED_SYNTHETIC
SME002415,0.060800,R04,0,1,2026-08-02,NONE,True,True,CONTROLLED_SYNTHETIC
SME002416,0.024477,R03,0,1,2026-09-04,NONE,True,True,CONTROLLED_SYNTHETIC
SME002417,0.036550,R03,30,2,2027-10-12,NONE,True,True,CONTROLLED_SYNTHETIC
SME002418,0.036550,R03,0,1,2026-09-08,NONE,True,False,CONTROLLED_SYNTHETIC
SME002419,0.025922,R03,0,1,2027-05-18,NONE,True,True,CONTROLLED_SYNTHETIC
SME002420,0.010090,R02,0,1,2027-03-28,NONE,True,True,CONTROLLED_SYNTHETIC
SME002421,0.030542,R03,0,1,2027-06-05,NONE,True,False,CONTROLLED_SYNTHETIC
SME002422,0.046707,R04,0,1,2026-06-26,NONE,True,True,CONTROLLED_SYNTHETIC
SME002423,0.023401,R03,0,1,2027-05-30,NONE,True,True,CONTROLLED_SYNTHETIC
SME002424,0.034498,R03,0,1,2027-07-11,NONE,True,True,CONTROLLED_SYNTHETIC
SME002425,0.053508,R04,0,1,2026-10-26,NONE,True,True,CONTROLLED_SYNTHETIC
SME002426,0.096071,R06,30,2,2027-03-13,LOW,True,True,CONTROLLED_SYNTHETIC
SME002427,0.020253,R02,0,1,2025-12-23,NONE,True,True,CONTROLLED_SYNTHETIC
SME002428,0.042395,R03,0,1,2026-11-12,NONE,True,True,CONTROLLED_SYNTHETIC
SME002429,0.012777,R02,0,1,2026-03-28,NONE,True,True,CONTROLLED_SYNTHETIC
SME002430,0.059733,R04,0,1,2026-06-27,NONE,True,True,CONTROLLED_SYNTHETIC
SME002431,0.037352,R03,60,2,2026-06-15,NONE,True,True,CONTROLLED_SYNTHETIC
SME002432,0.002000,R02,0,1,2026-09-04,NONE,True,False,CONTROLLED_SYNTHETIC
SME002433,0.018283,R02,5,1,2027-03-10,LOW,True,True,CONTROLLED_SYNTHETIC
SME002434,0.031627,R03,0,1,2026-11-19,NONE,True,True,CONTROLLED_SYNTHETIC
SME002435,0.016551,R02,0,1,2026-07-15,LOW,True,True,CONTROLLED_SYNTHETIC
SME002436,0.018509,R02,0,1,2027-10-06,NONE,True,True,CONTROLLED_SYNTHETIC
SME002437,0.119386,R07,0,1,2026-12-11,NONE,True,True,CONTROLLED_SYNTHETIC
SME002438,0.084322,R05,0,1,2026-08-11,NONE,True,True,CONTROLLED_SYNTHETIC
SME002439,0.055814,R04,0,1,2026-05-19,NONE,True,True,CONTROLLED_SYNTHETIC
SME002440,0.067949,R04,0,1,2026-03-06,NONE,True,False,CONTROLLED_SYNTHETIC
SME002441,0.022433,R02,0,1,2027-02-09,NONE,True,True,CONTROLLED_SYNTHETIC
SME002442,0.008749,R02,0,1,2026-02-15,NONE,True,True,CONTROLLED_SYNTHETIC
SME002443,0.032639,R03,0,1,2026-05-25,NONE,True,True,CONTROLLED_SYNTHETIC
SME002444,0.061858,R04,15,1,2027-05-20,NONE,True,True,CONTROLLED_SYNTHETIC
SME002445,0.017311,R02,0,1,2027-08-29,NONE,True,True,CONTROLLED_SYNTHETIC
SME002446,0.021293,R02,0,1,2026-11-23,NONE,True,True,CONTROLLED_SYNTHETIC
SME002447,0.065861,R04,0,1,2027-03-30,NONE,True,True,CONTROLLED_SYNTHETIC
SME002448,0.038460,R03,90,3,2027-02-27,NONE,True,True,CONTROLLED_SYNTHETIC
SME002449,0.051019,R04,0,1,2026-12-21,NONE,True,True,CONTROLLED_SYNTHETIC
SME002450,0.051898,R04,0,1,2027-02-19,NONE,True,True,CONTROLLED_SYNTHETIC
SME002451,0.028564,R03,0,1,2026-07-21,NONE,True,True,CONTROLLED_SYNTHETIC
SME002452,0.034294,R03,0,1,2026-12-31,LOW,True,True,CONTROLLED_SYNTHETIC
SME002453,0.008275,R02,0,1,2026-03-26,NONE,True,True,CONTROLLED_SYNTHETIC
SME002454,0.036463,R03,0,1,2026-07-27,NONE,True,False,CONTROLLED_SYNTHETIC
SME002455,0.067904,R04,0,1,2027-02-12,NONE,True,True,CONTROLLED_SYNTHETIC
SME002456,0.055122,R04,0,1,2026-12-20,NONE,True,True,CONTROLLED_SYNTHETIC
SME002457,0.038464,R03,0,1,2025-12-24,NONE,True,True,CONTROLLED_SYNTHETIC
SME002458,0.049557,R04,0,1,2026-03-31,NONE,True,True,CONTROLLED_SYNTHETIC
SME002459,0.035438,R03,0,1,2026-11-07,LOW,True,True,CONTROLLED_SYNTHETIC
SME002460,0.049525,R04,0,1,2027-09-20,NONE,True,True,CONTROLLED_SYNTHETIC
SME002461,0.052804,R04,5,1,2027-05-17,NONE,True,True,CONTROLLED_SYNTHETIC
SME002462,0.055252,R04,0,1,2026-03-09,NONE,True,True,CONTROLLED_SYNTHETIC
SME002463,0.043302,R03,15,1,2027-03-07,NONE,True,False,CONTROLLED_SYNTHETIC
SME002464,0.026153,R03,0,1,2026-08-05,NONE,True,True,CONTROLLED_SYNTHETIC
SME002465,0.014294,R02,0,1,2027-07-25,NONE,True,True,CONTROLLED_SYNTHETIC
SME002466,0.068928,R05,0,1,2027-02-24,NONE,True,True,CONTROLLED_SYNTHETIC
SME002467,0.026782,R03,0,1,2025-12-27,NONE,True,True,CONTROLLED_SYNTHETIC
SME002468,0.032106,R03,15,1,2026-05-13,NONE,True,False,CONTROLLED_SYNTHETIC
SME002469,0.044412,R03,0,1,2027-04-27,LOW,True,True,CONTROLLED_SYNTHETIC
SME002470,0.049766,R04,0,1,2026-05-22,NONE,True,True,CONTROLLED_SYNTHETIC
SME002471,0.073659,R05,0,1,2026-12-25,NONE,True,True,CONTROLLED_SYNTHETIC
SME002472,0.064080,R04,0,1,2026-05-18,NONE,True,True,CONTROLLED_SYNTHETIC
SME002473,0.025650,R03,0,1,2027-03-21,NONE,True,True,CONTROLLED_SYNTHETIC
SME002474,0.031477,R03,0,1,2027-02-20,NONE,True,True,CONTROLLED_SYNTHETIC
SME002475,0.019800,R02,0,1,2027-05-19,NONE,True,False,CONTROLLED_SYNTHETIC
SME002476,0.064327,R04,0,1,2027-09-04,NONE,True,True,CONTROLLED_SYNTHETIC
SME002477,0.019948,R02,0,1,2026-03-13,HIGH,True,True,CONTROLLED_SYNTHETIC
SME002478,0.045765,R04,0,1,2026-03-11,NONE,True,True,CONTROLLED_SYNTHETIC
SME002479,0.053913,R04,0,1,2027-08-22,NONE,True,True,CONTROLLED_SYNTHETIC
SME002480,0.009134,R02,0,1,2026-01-11,NONE,True,False,CONTROLLED_SYNTHETIC
SME002481,0.004153,R02,30,2,2027-06-16,NONE,True,True,CONTROLLED_SYNTHETIC
SME002482,0.030738,R03,0,1,2027-02-22,NONE,True,True,CONTROLLED_SYNTHETIC
SME002483,0.030661,R03,0,1,2027-04-28,NONE,True,True,CONTROLLED_SYNTHETIC
SME002484,0.033744,R03,0,1,2027-01-11,NONE,True,True,CONTROLLED_SYNTHETIC
SME002485,0.028954,R03,0,1,2026-12-30,NONE,True,False,CONTROLLED_SYNTHETIC
SME002486,0.013018,R02,0,1,2027-07-24,NONE,True,True,CONTROLLED_SYNTHETIC
SME002487,0.014551,R02,0,1,2026-03-10,NONE,True,True,CONTROLLED_SYNTHETIC
SME002488,0.052077,R04,5,1,2027-03-23,NONE,True,True,CONTROLLED_SYNTHETIC
SME002489,0.045667,R04,5,1,2026-12-17,LOW,True,True,CONTROLLED_SYNTHETIC
SME002490,0.053703,R04,0,1,2027-09-14,NONE,True,True,CONTROLLED_SYNTHETIC
SME002491,0.042754,R03,0,1,2026-08-12,NONE,True,True,CONTROLLED_SYNTHETIC
SME002492,0.022539,R02,0,1,2027-02-13,NONE,True,True,CONTROLLED_SYNTHETIC
SME002493,0.045143,R03,0,1,2026-01-19,NONE,True,True,CONTROLLED_SYNTHETIC
SME002494,0.034694,R03,5,1,2025-12-17,NONE,True,True,CONTROLLED_SYNTHETIC
SME002495,0.007801,R02,30,2,2026-12-30,NONE,True,True,CONTROLLED_SYNTHETIC
SME002496,0.080598,R05,0,1,2026-11-29,NONE,True,True,CONTROLLED_SYNTHETIC
SME002497,0.025278,R03,0,1,2027-09-29,MEDIUM,True,False,CONTROLLED_SYNTHETIC
SME002498,0.038880,R03,0,1,2027-07-07,NONE,True,True,CONTROLLED_SYNTHETIC
SME002499,0.040782,R03,0,1,2026-06-03,NONE,True,True,CONTROLLED_SYNTHETIC
SME002500,0.017374,R02,0,1,2026-01-10,NONE,True,True,CONTROLLED_SYNTHETIC
SME002501,0.067675,R04,0,1,2025-12-23,NONE,True,True,CONTROLLED_SYNTHETIC
SME002502,0.056166,R04,0,1,2026-06-10,NONE,False,True,CONTROLLED_SYNTHETIC
SME002503,0.032532,R03,0,1,2027-09-07,NONE,True,True,CONTROLLED_SYNTHETIC
SME002504,0.062432,R04,0,1,2026-11-08,NONE,True,True,CONTROLLED_SYNTHETIC
SME002505,0.017389,R02,0,1,2026-02-02,LOW,True,True,CONTROLLED_SYNTHETIC
SME002506,0.039081,R03,60,2,2026-01-02,NONE,True,True,CONTROLLED_SYNTHETIC
SME002507,0.032476,R03,0,1,2027-04-13,NONE,True,False,CONTROLLED_SYNTHETIC
SME002508,0.019752,R02,0,1,2027-06-26,NONE,True,True,CONTROLLED_SYNTHETIC
SME002509,0.087842,R05,0,1,2026-05-05,NONE,True,True,CONTROLLED_SYNTHETIC
SME002510,0.062167,R04,0,1,2027-01-08,NONE,True,True,CONTROLLED_SYNTHETIC
SME002511,0.042540,R03,30,2,2027-02-18,NONE,True,True,CONTROLLED_SYNTHETIC
SME002512,0.009341,R02,5,1,2026-05-05,NONE,True,True,CONTROLLED_SYNTHETIC
SME002513,0.058374,R04,30,2,2026-08-21,NONE,False,True,CONTROLLED_SYNTHETIC
SME002514,0.065260,R04,0,1,2026-02-21,NONE,True,True,CONTROLLED_SYNTHETIC
SME002515,0.044919,R03,0,1,2026-11-03,NONE,True,True,CONTROLLED_SYNTHETIC
SME002516,0.069843,R05,0,1,2026-02-01,NONE,True,False,CONTROLLED_SYNTHETIC
SME002517,0.069029,R05,15,1,2026-03-10,LOW,True,True,CONTROLLED_SYNTHETIC
SME002518,0.018978,R02,0,1,2026-07-07,NONE,True,True,CONTROLLED_SYNTHETIC
SME002519,0.068808,R05,30,2,2027-01-26,NONE,True,True,CONTROLLED_SYNTHETIC
SME002520,0.042309,R03,15,1,2027-10-11,NONE,True,True,CONTROLLED_SYNTHETIC
SME002521,0.022921,R03,0,1,2027-04-30,NONE,True,False,CONTROLLED_SYNTHETIC
SME002522,0.025893,R03,0,1,2027-04-15,NONE,True,True,CONTROLLED_SYNTHETIC
SME002523,0.011894,R02,0,1,2026-01-19,NONE,True,True,CONTROLLED_SYNTHETIC
SME002524,0.008690,R02,0,1,2027-01-28,NONE,True,True,CONTROLLED_SYNTHETIC
SME002525,0.012443,R02,0,1,2027-01-01,NONE,True,True,CONTROLLED_SYNTHETIC
SME002526,0.032414,R03,0,1,2026-08-17,NONE,True,True,CONTROLLED_SYNTHETIC
SME002527,0.057100,R04,0,1,2027-08-30,NONE,True,True,CONTROLLED_SYNTHETIC
SME002528,0.038082,R03,0,1,2026-05-11,NONE,True,True,CONTROLLED_SYNTHETIC
SME002529,0.051605,R04,0,1,2027-08-20,NONE,True,True,CONTROLLED_SYNTHETIC
SME002530,0.063896,R04,0,1,2026-01-04,NONE,True,False,CONTROLLED_SYNTHETIC
SME002531,0.017479,R02,0,1,2026-02-04,NONE,True,False,CONTROLLED_SYNTHETIC
SME002532,0.040743,R03,0,1,2026-04-02,NONE,True,True,CONTROLLED_SYNTHETIC
SME002533,0.047715,R04,5,1,2027-08-17,NONE,True,True,CONTROLLED_SYNTHETIC
SME002534,0.025598,R03,0,1,2026-07-14,NONE,True,False,CONTROLLED_SYNTHETIC
SME002535,0.081610,R05,0,1,2027-05-20,NONE,True,True,CONTROLLED_SYNTHETIC
SME002536,0.049805,R04,0,1,2027-01-30,NONE,True,True,CONTROLLED_SYNTHETIC
SME002537,0.013787,R02,0,1,2026-02-14,NONE,True,True,CONTROLLED_SYNTHETIC
SME002538,0.050270,R04,0,1,2026-12-09,NONE,True,True,CONTROLLED_SYNTHETIC
SME002539,0.018253,R02,0,1,2026-11-07,NONE,True,True,CONTROLLED_SYNTHETIC
SME002540,0.014370,R02,0,1,2027-01-16,NONE,True,True,CONTROLLED_SYNTHETIC
SME002541,0.018300,R02,90,3,2027-08-11,NONE,True,False,CONTROLLED_SYNTHETIC
SME002542,0.051895,R04,0,1,2027-07-01,NONE,True,True,CONTROLLED_SYNTHETIC
SME002543,0.034957,R03,0,1,2027-03-19,NONE,True,True,CONTROLLED_SYNTHETIC
SME002544,0.036164,R03,0,1,2026-02-03,NONE,True,True,CONTROLLED_SYNTHETIC
SME002545,0.054387,R04,15,1,2026-06-27,NONE,True,True,CONTROLLED_SYNTHETIC
SME002546,0.022557,R02,0,1,2026-04-20,MEDIUM,True,True,CONTROLLED_SYNTHETIC
SME002547,0.075563,R05,0,1,2026-01-01,NONE,True,True,CONTROLLED_SYNTHETIC
SME002548,0.057203,R04,0,1,2027-04-23,NONE,True,True,CONTROLLED_SYNTHETIC
SME002549,0.019554,R02,0,1,2027-06-07,NONE,True,True,CONTROLLED_SYNTHETIC
SME002550,0.024169,R03,0,1,2027-10-01,NONE,True,True,CONTROLLED_SYNTHETIC
SME002551,0.036519,R03,0,1,2026-01-09,NONE,False,True,CONTROLLED_SYNTHETIC
SME002552,0.045662,R04,0,1,2026-01-10,NONE,True,True,CONTROLLED_SYNTHETIC
SME002553,0.027313,R03,0,1,2026-07-20,NONE,True,True,CONTROLLED_SYNTHETIC
SME002554,0.045644,R04,0,1,2027-04-13,NONE,True,True,CONTROLLED_SYNTHETIC
SME002555,0.034155,R03,0,1,2026-06-03,NONE,True,True,CONTROLLED_SYNTHETIC
SME002556,0.035724,R03,0,1,2027-04-25,NONE,True,True,CONTROLLED_SYNTHETIC
SME002557,0.017713,R02,0,1,2027-01-19,NONE,True,True,CONTROLLED_SYNTHETIC
SME002558,0.054056,R04,0,1,2027-06-13,NONE,True,True,CONTROLLED_SYNTHETIC
SME002559,0.060104,R04,0,1,2026-03-23,NONE,True,True,CONTROLLED_SYNTHETIC
SME002560,0.041870,R03,0,1,2027-09-28,NONE,True,True,CONTROLLED_SYNTHETIC
SME002561,0.046812,R04,0,1,2026-01-15,NONE,True,True,CONTROLLED_SYNTHETIC
SME002562,0.033984,R03,0,1,2026-05-24,NONE,True,False,CONTROLLED_SYNTHETIC
SME002563,0.020512,R02,0,1,2026-09-25,NONE,True,False,CONTROLLED_SYNTHETIC
SME002564,0.064789,R04,0,1,2027-08-30,NONE,True,True,CONTROLLED_SYNTHETIC
SME002565,0.041654,R03,0,1,2027-01-09,NONE,True,True,CONTROLLED_SYNTHETIC
SME002566,0.038310,R03,0,1,2026-01-15,NONE,True,False,CONTROLLED_SYNTHETIC
SME002567,0.033450,R03,15,1,2026-01-02,NONE,True,True,CONTROLLED_SYNTHETIC
SME002568,0.037842,R03,5,1,2026-10-27,NONE,True,True,CONTROLLED_SYNTHETIC
SME002569,0.028283,R03,0,1,2027-05-24,NONE,False,True,CONTROLLED_SYNTHETIC
SME002570,0.028054,R03,0,1,2026-05-15,NONE,True,True,CONTROLLED_SYNTHETIC
SME002571,0.046194,R04,0,1,2026-01-21,NONE,True,True,CONTROLLED_SYNTHETIC
SME002572,0.042642,R03,0,1,2026-05-11,NONE,True,True,CONTROLLED_SYNTHETIC
SME002573,0.043688,R03,0,1,2026-08-10,NONE,True,True,CONTROLLED_SYNTHETIC
SME002574,0.043017,R03,0,1,2027-09-28,NONE,True,True,CONTROLLED_SYNTHETIC
SME002575,0.044035,R03,0,1,2027-02-22,MEDIUM,True,True,CONTROLLED_SYNTHETIC
SME002576,0.049533,R04,0,1,2026-01-04,NONE,True,True,CONTROLLED_SYNTHETIC
SME002577,0.049633,R04,5,1,2027-06-18,NONE,True,True,CONTROLLED_SYNTHETIC
SME002578,0.019572,R02,0,1,2026-05-30,LOW,True,True,CONTROLLED_SYNTHETIC
SME002579,0.077925,R05,60,2,2026-10-29,NONE,True,True,CONTROLLED_SYNTHETIC
SME002580,0.029956,R03,0,1,2026-03-28,NONE,True,False,CONTROLLED_SYNTHETIC
SME002581,0.075955,R05,0,1,2027-02-16,NONE,True,True,CONTROLLED_SYNTHETIC
SME002582,0.079916,R05,0,1,2026-03-11,NONE,True,True,CONTROLLED_SYNTHETIC
SME002583,0.047111,R04,30,2,2026-10-22,NONE,True,True,CONTROLLED_SYNTHETIC
SME002584,0.039417,R03,0,1,2026-02-15,NONE,True,True,CONTROLLED_SYNTHETIC
SME002585,0.007917,R02,0,1,2026-10-08,MEDIUM,True,True,CONTROLLED_SYNTHETIC
SME002586,0.013973,R02,0,1,2026-02-02,NONE,True,True,CONTROLLED_SYNTHETIC
SME002587,0.075591,R05,0,1,2026-05-25,NONE,True,True,CONTROLLED_SYNTHETIC
SME002588,0.009879,R02,0,1,2027-06-08,NONE,True,True,CONTROLLED_SYNTHETIC
SME002589,0.055982,R04,0,1,2026-06-20,NONE,True,True,CONTROLLED_SYNTHETIC
SME002590,0.006490,R02,0,1,2027-09-13,NONE,True,True,CONTROLLED_SYNTHETIC
SME002591,0.009186,R02,0,1,2027-03-29,NONE,True,True,CONTROLLED_SYNTHETIC
SME002592,0.038143,R03,0,1,2026-08-28,LOW,True,True,CONTROLLED_SYNTHETIC
SME002593,0.020636,R02,0,1,2026-12-13,LOW,True,True,CONTROLLED_SYNTHETIC
SME002594,0.007923,R02,0,1,2027-03-04,NONE,True,True,CONTROLLED_SYNTHETIC
SME002595,0.019977,R02,0,1,2027-09-09,NONE,True,True,CONTROLLED_SYNTHETIC
SME002596,0.069359,R05,0,1,2026-05-30,NONE,True,True,CONTROLLED_SYNTHETIC
SME002597,0.010121,R02,0,1,2027-02-25,NONE,True,True,CONTROLLED_SYNTHETIC
SME002598,0.009629,R02,0,1,2026-03-29,NONE,True,True,CONTROLLED_SYNTHETIC
SME002599,0.020448,R02,0,1,2026-06-07,NONE,False,True,CONTROLLED_SYNTHETIC
SME002600,0.023076,R03,0,1,2026-05-31,NONE,True,False,CONTROLLED_SYNTHETIC
SME002601,0.025638,R03,0,1,2026-03-20,NONE,True,True,CONTROLLED_SYNTHETIC
SME002602,0.054813,R04,30,2,2026-02-17,NONE,True,True,CONTROLLED_SYNTHETIC
SME002603,0.006395,R02,0,1,2026-01-26,NONE,True,True,CONTROLLED_SYNTHETIC
SME002604,0.014751,R02,0,1,2026-04-15,NONE,True,True,CONTROLLED_SYNTHETIC
SME002605,0.044545,R03,0,1,2025-12-13,NONE,True,True,CONTROLLED_SYNTHETIC
SME002606,0.010848,R02,60,2,2026-11-07,NONE,True,True,CONTROLLED_SYNTHETIC
SME002607,0.024172,R03,0,1,2026-12-12,NONE,True,False,CONTROLLED_SYNTHETIC
SME002608,0.029359,R03,0,1,2027-06-21,NONE,True,True,CONTROLLED_SYNTHETIC
SME002609,0.118563,R07,0,1,2027-05-05,NONE,True,True,CONTROLLED_SYNTHETIC
SME002610,0.020827,R02,0,1,2027-10-11,NONE,True,True,CONTROLLED_SYNTHETIC
SME002611,0.035512,R03,0,1,2027-03-22,MEDIUM,True,True,CONTROLLED_SYNTHETIC
SME002612,0.034013,R03,0,1,2027-02-16,LOW,True,True,CONTROLLED_SYNTHETIC
SME002613,0.087246,R05,0,1,2026-06-14,NONE,True,False,CONTROLLED_SYNTHETIC
SME002614,0.047584,R04,0,1,2026-01-03,NONE,True,True,CONTROLLED_SYNTHETIC
SME002615,0.031552,R03,0,1,2026-06-06,NONE,True,True,CONTROLLED_SYNTHETIC
SME002616,0.018925,R02,30,2,2026-10-30,NONE,True,True,CONTROLLED_SYNTHETIC
SME002617,0.038347,R03,0,1,2027-08-12,NONE,True,True,CONTROLLED_SYNTHETIC
SME002618,0.008427,R02,0,1,2025-12-13,NONE,True,True,CONTROLLED_SYNTHETIC
SME002619,0.073381,R05,0,1,2026-06-02,NONE,True,False,CONTROLLED_SYNTHETIC
SME002620,0.027405,R03,0,1,2026-10-16,NONE,False,True,CONTROLLED_SYNTHETIC
SME002621,0.041509,R03,0,1,2027-10-01,NONE,True,True,CONTROLLED_SYNTHETIC
SME002622,0.022366,R02,15,1,2026-12-11,NONE,True,True,CONTROLLED_SYNTHETIC
SME002623,0.042246,R03,0,1,2026-10-05,NONE,True,True,CONTROLLED_SYNTHETIC
SME002624,0.022198,R02,0,1,2026-09-20,NONE,True,False,CONTROLLED_SYNTHETIC
SME002625,0.042574,R03,0,1,2026-11-17,NONE,True,True,CONTROLLED_SYNTHETIC
SME002626,0.062079,R04,0,1,2026-09-13,NONE,True,True,CONTROLLED_SYNTHETIC
SME002627,0.074634,R05,0,1,2026-10-24,NONE,True,True,CONTROLLED_SYNTHETIC
SME002628,0.035167,R03,60,2,2026-11-03,NONE,True,False,CONTROLLED_SYNTHETIC
SME002629,0.034358,R03,0,1,2027-05-23,NONE,False,True,CONTROLLED_SYNTHETIC
SME002630,0.017586,R02,90,3,2025-12-12,NONE,True,True,CONTROLLED_SYNTHETIC
SME002631,0.045202,R03,0,1,2026-01-09,NONE,True,True,CONTROLLED_SYNTHETIC
SME002632,0.045852,R04,0,1,2027-09-24,NONE,True,True,CONTROLLED_SYNTHETIC
SME002633,0.050095,R04,0,1,2026-10-10,LOW,True,True,CONTROLLED_SYNTHETIC
SME002634,0.042429,R03,15,1,2027-01-06,NONE,True,True,CONTROLLED_SYNTHETIC
SME002635,0.018838,R02,0,1,2026-07-04,NONE,True,True,CONTROLLED_SYNTHETIC
SME002636,0.030419,R03,0,1,2027-04-25,NONE,True,True,CONTROLLED_SYNTHETIC
SME002637,0.022873,R03,0,1,2027-10-11,NONE,True,False,CONTROLLED_SYNTHETIC
SME002638,0.071142,R05,0,1,2026-11-30,NONE,True,True,CONTROLLED_SYNTHETIC
SME002639,0.028629,R03,0,1,2026-11-19,NONE,True,True,CONTROLLED_SYNTHETIC
SME002640,0.027195,R03,0,1,2025-12-27,NONE,True,True,CONTROLLED_SYNTHETIC
SME002641,0.016485,R02,0,1,2027-04-27,LOW,True,True,CONTROLLED_SYNTHETIC
SME002642,0.029496,R03,0,1,2027-04-07,NONE,True,False,CONTROLLED_SYNTHETIC
SME002643,0.049146,R04,15,1,2026-05-09,NONE,True,True,CONTROLLED_SYNTHETIC
SME002644,0.020740,R02,0,1,2027-04-22,NONE,True,False,CONTROLLED_SYNTHETIC
SME002645,0.055420,R04,0,1,2026-06-16,NONE,True,True,CONTROLLED_SYNTHETIC
SME002646,0.032160,R03,0,1,2027-07-26,NONE,True,True,CONTROLLED_SYNTHETIC
SME002647,0.028244,R03,0,1,2026-03-17,NONE,True,True,CONTROLLED_SYNTHETIC
SME002648,0.077824,R05,90,3,2027-05-27,NONE,True,True,CONTROLLED_SYNTHETIC
SME002649,0.056888,R04,0,1,2026-03-24,NONE,True,True,CONTROLLED_SYNTHETIC
SME002650,0.018852,R02,0,1,2025-12-22,NONE,True,True,CONTROLLED_SYNTHETIC
SME002651,0.057714,R04,15,1,2027-04-07,NONE,True,True,CONTROLLED_SYNTHETIC
SME002652,0.044938,R03,0,1,2026-11-23,NONE,True,True,CONTROLLED_SYNTHETIC
SME002653,0.027570,R03,0,1,2026-03-02,NONE,True,True,CONTROLLED_SYNTHETIC
SME002654,0.018958,R02,60,2,2026-06-13,NONE,True,True,CONTROLLED_SYNTHETIC
SME002655,0.021444,R02,0,1,2027-09-28,NONE,True,True,CONTROLLED_SYNTHETIC
SME002656,0.051231,R04,0,1,2026-09-17,NONE,True,True,CONTROLLED_SYNTHETIC
SME002657,0.036702,R03,0,1,2026-03-16,NONE,True,False,CONTROLLED_SYNTHETIC
SME002658,0.059648,R04,5,1,2026-11-09,NONE,True,True,CONTROLLED_SYNTHETIC
SME002659,0.058590,R04,0,1,2027-09-28,NONE,True,False,CONTROLLED_SYNTHETIC
SME002660,0.025811,R03,0,1,2027-01-15,NONE,True,True,CONTROLLED_SYNTHETIC
SME002661,0.028269,R03,0,1,2026-10-01,NONE,True,True,CONTROLLED_SYNTHETIC
SME002662,0.060382,R04,0,1,2027-03-04,MEDIUM,True,False,CONTROLLED_SYNTHETIC
SME002663,0.043242,R03,0,1,2027-10-02,NONE,True,True,CONTROLLED_SYNTHETIC
SME002664,0.022298,R02,0,1,2026-06-21,HIGH,True,True,CONTROLLED_SYNTHETIC
SME002665,0.023387,R03,0,1,2027-04-10,MEDIUM,True,True,CONTROLLED_SYNTHETIC
SME002666,0.023863,R03,0,1,2027-09-16,NONE,True,True,CONTROLLED_SYNTHETIC
SME002667,0.036726,R03,0,1,2026-02-18,NONE,True,True,CONTROLLED_SYNTHETIC
SME002668,0.021932,R02,0,1,2026-12-30,NONE,True,True,CONTROLLED_SYNTHETIC
SME002669,0.027088,R03,0,1,2027-04-25,NONE,True,True,CONTROLLED_SYNTHETIC
SME002670,0.020595,R02,0,1,2026-05-22,NONE,True,True,CONTROLLED_SYNTHETIC
SME002671,0.055523,R04,0,1,2025-12-09,NONE,True,True,CONTROLLED_SYNTHETIC
SME002672,0.039805,R03,30,2,2027-08-16,NONE,True,True,CONTROLLED_SYNTHETIC
SME002673,0.014885,R02,0,1,2025-12-30,NONE,True,True,CONTROLLED_SYNTHETIC
SME002674,0.044380,R03,0,1,2025-12-10,NONE,True,True,CONTROLLED_SYNTHETIC
SME002675,0.008232,R02,0,1,2026-07-30,NONE,True,True,CONTROLLED_SYNTHETIC
SME002676,0.049463,R04,0,1,2026-09-02,NONE,True,True,CONTROLLED_SYNTHETIC
SME002677,0.081658,R05,60,2,2026-12-04,NONE,True,True,CONTROLLED_SYNTHETIC
SME002678,0.067290,R04,0,1,2026-06-18,NONE,True,True,CONTROLLED_SYNTHETIC
SME002679,0.026431,R03,0,1,2026-06-06,NONE,True,True,CONTROLLED_SYNTHETIC
SME002680,0.027757,R03,0,1,2027-01-03,NONE,True,True,CONTROLLED_SYNTHETIC
SME002681,0.026819,R03,0,1,2026-05-16,NONE,True,True,CONTROLLED_SYNTHETIC
SME002682,0.043906,R03,0,1,2027-09-06,NONE,True,False,CONTROLLED_SYNTHETIC
SME002683,0.049440,R04,60,2,2026-01-20,NONE,True,True,CONTROLLED_SYNTHETIC
SME002684,0.045304,R03,0,1,2027-09-27,NONE,True,True,CONTROLLED_SYNTHETIC
SME002685,0.047345,R04,0,1,2026-07-22,NONE,True,True,CONTROLLED_SYNTHETIC
SME002686,0.051414,R04,0,1,2026-09-10,NONE,True,True,CONTROLLED_SYNTHETIC
SME002687,0.068535,R05,15,1,2026-01-11,NONE,True,True,CONTROLLED_SYNTHETIC
SME002688,0.065896,R04,60,2,2027-01-06,NONE,True,True,CONTROLLED_SYNTHETIC
SME002689,0.039308,R03,15,1,2027-02-28,NONE,True,True,CONTROLLED_SYNTHETIC
SME002690,0.045174,R03,0,1,2027-09-26,NONE,True,True,CONTROLLED_SYNTHETIC
SME002691,0.026307,R03,30,2,2027-04-08,NONE,True,False,CONTROLLED_SYNTHETIC
SME002692,0.067899,R04,0,1,2026-05-13,NONE,True,False,CONTROLLED_SYNTHETIC
SME002693,0.026839,R03,0,1,2026-06-16,NONE,True,True,CONTROLLED_SYNTHETIC
SME002694,0.015221,R02,0,1,2027-05-26,NONE,True,True,CONTROLLED_SYNTHETIC
SME002695,0.031440,R03,0,1,2027-04-14,NONE,True,True,CONTROLLED_SYNTHETIC
SME002696,0.030099,R03,0,1,2027-02-25,NONE,True,True,CONTROLLED_SYNTHETIC
SME002697,0.058246,R04,0,1,2027-05-18,NONE,True,True,CONTROLLED_SYNTHETIC
SME002698,0.056217,R04,0,1,2026-07-02,NONE,True,True,CONTROLLED_SYNTHETIC
SME002699,0.038529,R03,0,1,2027-01-26,NONE,True,True,CONTROLLED_SYNTHETIC
SME002700,0.015919,R02,0,1,2025-12-14,NONE,True,True,CONTROLLED_SYNTHETIC
SME002701,0.056049,R04,0,1,2026-12-14,NONE,True,True,CONTROLLED_SYNTHETIC
SME002702,0.048916,R04,0,1,2027-05-27,NONE,True,True,CONTROLLED_SYNTHETIC
SME002703,0.063997,R04,0,1,2027-05-10,NONE,True,True,CONTROLLED_SYNTHETIC
SME002704,0.053611,R04,0,1,2027-05-10,NONE,True,True,CONTROLLED_SYNTHETIC
SME002705,0.042132,R03,0,1,2026-06-13,NONE,True,True,CONTROLLED_SYNTHETIC
SME002706,0.034874,R03,0,1,2026-02-16,NONE,True,True,CONTROLLED_SYNTHETIC
SME002707,0.040910,R03,0,1,2027-08-03,NONE,True,True,CONTROLLED_SYNTHETIC
SME002708,0.035289,R03,0,1,2026-04-27,NONE,True,True,CONTROLLED_SYNTHETIC
SME002709,0.047246,R04,0,1,2027-06-28,NONE,True,True,CONTROLLED_SYNTHETIC
SME002710,0.037540,R03,0,1,2026-10-19,NONE,True,True,CONTROLLED_SYNTHETIC
SME002711,0.040796,R03,0,1,2027-04-27,NONE,True,True,CONTROLLED_SYNTHETIC
SME002712,0.030265,R03,0,1,2026-10-16,NONE,True,False,CONTROLLED_SYNTHETIC
SME002713,0.023115,R03,0,1,2026-10-25,NONE,True,True,CONTROLLED_SYNTHETIC
SME002714,0.025478,R03,0,1,2026-10-15,NONE,True,True,CONTROLLED_SYNTHETIC
SME002715,0.013633,R02,0,1,2027-10-10,NONE,True,True,CONTROLLED_SYNTHETIC
SME002716,0.090119,R05,60,2,2026-04-30,NONE,True,True,CONTROLLED_SYNTHETIC
SME002717,0.078965,R05,15,1,2027-07-21,NONE,True,True,CONTROLLED_SYNTHETIC
SME002718,0.018478,R02,0,1,2026-10-09,NONE,True,True,CONTROLLED_SYNTHETIC
SME002719,0.007592,R02,0,1,2026-03-05,NONE,True,True,CONTROLLED_SYNTHETIC
SME002720,0.050530,R04,0,1,2026-02-14,NONE,True,True,CONTROLLED_SYNTHETIC
SME002721,0.031228,R03,0,1,2026-02-24,NONE,True,True,CONTROLLED_SYNTHETIC
SME002722,0.022406,R02,0,1,2027-02-21,NONE,False,True,CONTROLLED_SYNTHETIC
SME002723,0.049869,R04,0,1,2026-04-10,NONE,True,True,CONTROLLED_SYNTHETIC
SME002724,0.053217,R04,0,1,2026-11-05,NONE,True,True,CONTROLLED_SYNTHETIC
SME002725,0.035621,R03,5,1,2026-11-06,NONE,True,True,CONTROLLED_SYNTHETIC
SME002726,0.025005,R03,0,1,2027-06-05,NONE,True,True,CONTROLLED_SYNTHETIC
SME002727,0.008782,R02,0,1,2026-11-24,NONE,False,True,CONTROLLED_SYNTHETIC
SME002728,0.037112,R03,0,1,2027-04-22,NONE,True,True,CONTROLLED_SYNTHETIC
SME002729,0.045059,R03,0,1,2026-03-30,NONE,True,False,CONTROLLED_SYNTHETIC
SME002730,0.011785,R02,0,1,2026-07-10,NONE,True,True,CONTROLLED_SYNTHETIC
SME002731,0.061880,R04,0,1,2026-08-12,NONE,True,True,CONTROLLED_SYNTHETIC
SME002732,0.097021,R06,0,1,2027-02-09,NONE,True,True,CONTROLLED_SYNTHETIC
SME002733,0.066512,R04,0,1,2027-06-29,NONE,True,True,CONTROLLED_SYNTHETIC
SME002734,0.052371,R04,0,1,2026-04-24,NONE,True,True,CONTROLLED_SYNTHETIC
SME002735,0.096215,R06,0,1,2027-01-27,NONE,True,True,CONTROLLED_SYNTHETIC
SME002736,0.063068,R04,0,1,2027-05-27,NONE,True,False,CONTROLLED_SYNTHETIC
SME002737,0.038967,R03,0,1,2027-04-22,NONE,True,True,CONTROLLED_SYNTHETIC
SME002738,0.087636,R05,0,1,2026-04-26,MEDIUM,True,True,CONTROLLED_SYNTHETIC
SME002739,0.028824,R03,0,1,2026-10-06,NONE,True,True,CONTROLLED_SYNTHETIC
SME002740,0.036356,R03,0,1,2027-08-31,NONE,True,True,CONTROLLED_SYNTHETIC
SME002741,0.012408,R02,0,1,2027-05-28,NONE,True,True,CONTROLLED_SYNTHETIC
SME002742,0.049512,R04,0,1,2026-02-20,NONE,True,True,CONTROLLED_SYNTHETIC
SME002743,0.051532,R04,5,1,2027-06-30,LOW,True,True,CONTROLLED_SYNTHETIC
SME002744,0.079941,R05,5,1,2027-07-26,NONE,True,True,CONTROLLED_SYNTHETIC
SME002745,0.025795,R03,0,1,2026-09-24,NONE,True,True,CONTROLLED_SYNTHETIC
SME002746,0.040511,R03,0,1,2026-07-27,NONE,True,True,CONTROLLED_SYNTHETIC
SME002747,0.033861,R03,0,1,2026-01-14,NONE,True,False,CONTROLLED_SYNTHETIC
SME002748,0.029588,R03,0,1,2027-07-27,NONE,True,False,CONTROLLED_SYNTHETIC
SME002749,0.069036,R05,0,1,2027-08-17,NONE,True,True,CONTROLLED_SYNTHETIC
SME002750,0.032391,R03,0,1,2027-10-10,NONE,True,True,CONTROLLED_SYNTHETIC
SME002751,0.037453,R03,5,1,2027-08-04,NONE,True,True,CONTROLLED_SYNTHETIC
SME002752,0.023923,R03,15,1,2026-02-15,NONE,True,False,CONTROLLED_SYNTHETIC
SME002753,0.027364,R03,0,1,2027-01-11,NONE,True,False,CONTROLLED_SYNTHETIC
SME002754,0.027526,R03,5,1,2027-04-28,NONE,True,True,CONTROLLED_SYNTHETIC
SME002755,0.049205,R04,0,1,2027-07-22,NONE,True,True,CONTROLLED_SYNTHETIC
SME002756,0.009542,R02,0,1,2026-09-23,NONE,True,True,CONTROLLED_SYNTHETIC
SME002757,0.023329,R03,0,1,2026-06-15,NONE,True,True,CONTROLLED_SYNTHETIC
SME002758,0.005956,R02,0,1,2026-04-06,NONE,True,True,CONTROLLED_SYNTHETIC
SME002759,0.025445,R03,0,1,2025-12-15,NONE,True,True,CONTROLLED_SYNTHETIC
SME002760,0.020751,R02,0,1,2027-01-27,NONE,True,True,CONTROLLED_SYNTHETIC
SME002761,0.040356,R03,0,1,2026-05-19,NONE,True,True,CONTROLLED_SYNTHETIC
SME002762,0.040060,R03,0,1,2026-10-10,NONE,True,True,CONTROLLED_SYNTHETIC
SME002763,0.041431,R03,0,1,2027-08-03,NONE,True,True,CONTROLLED_SYNTHETIC
SME002764,0.035405,R03,0,1,2027-03-22,NONE,True,False,CONTROLLED_SYNTHETIC
SME002765,0.021778,R02,0,1,2026-02-26,NONE,True,True,CONTROLLED_SYNTHETIC
SME002766,0.025312,R03,0,1,2027-01-14,NONE,True,True,CONTROLLED_SYNTHETIC
SME002767,0.043937,R03,0,1,2026-10-17,NONE,True,True,CONTROLLED_SYNTHETIC
SME002768,0.026271,R03,0,1,2027-01-21,NONE,True,True,CONTROLLED_SYNTHETIC
SME002769,0.084868,R05,0,1,2027-04-24,NONE,True,True,CONTROLLED_SYNTHETIC
SME002770,0.035191,R03,15,1,2026-02-22,NONE,False,True,CONTROLLED_SYNTHETIC
SME002771,0.062553,R04,0,1,2026-02-07,NONE,True,True,CONTROLLED_SYNTHETIC
SME002772,0.028976,R03,0,1,2026-12-09,NONE,True,True,CONTROLLED_SYNTHETIC
SME002773,0.025766,R03,0,1,2026-06-30,NONE,True,True,CONTROLLED_SYNTHETIC
SME002774,0.046980,R04,0,1,2026-06-29,NONE,True,False,CONTROLLED_SYNTHETIC
SME002775,0.041195,R03,0,1,2026-07-31,MEDIUM,True,True,CONTROLLED_SYNTHETIC
SME002776,0.046451,R04,0,1,2027-06-08,NONE,True,True,CONTROLLED_SYNTHETIC
SME002777,0.012696,R02,15,1,2026-08-31,NONE,False,False,CONTROLLED_SYNTHETIC
SME002778,0.031878,R03,15,1,2026-01-21,NONE,True,True,CONTROLLED_SYNTHETIC
SME002779,0.054601,R04,0,1,2026-05-09,NONE,False,True,CONTROLLED_SYNTHETIC
SME002780,0.040053,R03,5,1,2027-02-24,NONE,True,True,CONTROLLED_SYNTHETIC
SME002781,0.033338,R03,0,1,2026-10-17,NONE,True,True,CONTROLLED_SYNTHETIC
SME002782,0.087525,R05,0,1,2026-05-28,NONE,True,True,CONTROLLED_SYNTHETIC
SME002783,0.073684,R05,90,3,2027-10-09,NONE,True,True,CONTROLLED_SYNTHETIC
SME002784,0.051058,R04,5,1,2026-09-01,NONE,True,True,CONTROLLED_SYNTHETIC
SME002785,0.041399,R03,0,1,2026-08-11,NONE,True,True,CONTROLLED_SYNTHETIC
SME002786,0.021443,R02,0,1,2026-01-29,NONE,True,True,CONTROLLED_SYNTHETIC
SME002787,0.037154,R03,0,1,2027-01-03,NONE,True,True,CONTROLLED_SYNTHETIC
SME002788,0.026869,R03,15,1,2026-11-18,NONE,True,False,CONTROLLED_SYNTHETIC
SME002789,0.040781,R03,0,1,2027-04-24,LOW,True,True,CONTROLLED_SYNTHETIC
SME002790,0.044168,R03,0,1,2026-03-03,NONE,True,True,CONTROLLED_SYNTHETIC
SME002791,0.038609,R03,30,2,2027-03-04,NONE,True,False,CONTROLLED_SYNTHETIC
SME002792,0.046611,R04,0,1,2026-08-03,NONE,True,True,CONTROLLED_SYNTHETIC
SME002793,0.047231,R04,0,1,2026-09-07,MEDIUM,True,True,CONTROLLED_SYNTHETIC
SME002794,0.063843,R04,0,1,2026-10-21,NONE,True,True,CONTROLLED_SYNTHETIC
SME002795,0.029087,R03,0,1,2026-12-15,NONE,True,True,CONTROLLED_SYNTHETIC
SME002796,0.008223,R02,0,1,2025-12-19,NONE,True,True,CONTROLLED_SYNTHETIC
SME002797,0.032502,R03,15,1,2025-12-08,NONE,True,True,CONTROLLED_SYNTHETIC
SME002798,0.053550,R04,0,1,2027-09-15,LOW,True,True,CONTROLLED_SYNTHETIC
SME002799,0.024881,R03,0,1,2026-09-27,NONE,True,True,CONTROLLED_SYNTHETIC
SME002800,0.018149,R02,0,1,2025-12-23,NONE,True,True,CONTROLLED_SYNTHETIC
SME002801,0.045284,R03,0,1,2027-02-24,NONE,True,True,CONTROLLED_SYNTHETIC
SME002802,0.036293,R03,0,1,2026-07-08,NONE,True,True,CONTROLLED_SYNTHETIC
SME002803,0.046918,R04,15,1,2027-07-15,NONE,True,True,CONTROLLED_SYNTHETIC
SME002804,0.043852,R03,0,1,2026-10-28,MEDIUM,True,False,CONTROLLED_SYNTHETIC
SME002805,0.052788,R04,0,1,2026-05-03,NONE,True,True,CONTROLLED_SYNTHETIC
SME002806,0.009811,R02,0,1,2025-12-04,NONE,True,True,CONTROLLED_SYNTHETIC
SME002807,0.056480,R04,0,1,2026-10-20,NONE,True,True,CONTROLLED_SYNTHETIC
SME002808,0.048148,R04,0,1,2026-06-27,MEDIUM,True,True,CONTROLLED_SYNTHETIC
SME002809,0.017084,R02,30,2,2026-10-26,MEDIUM,True,True,CONTROLLED_SYNTHETIC
SME002810,0.030699,R03,0,1,2026-05-04,LOW,True,True,CONTROLLED_SYNTHETIC
SME002811,0.066502,R04,15,1,2026-08-12,HIGH,True,True,CONTROLLED_SYNTHETIC
SME002812,0.026242,R03,0,1,2026-08-05,NONE,True,True,CONTROLLED_SYNTHETIC
SME002813,0.022253,R02,0,1,2027-09-15,LOW,False,True,CONTROLLED_SYNTHETIC
SME002814,0.055450,R04,0,1,2026-03-29,NONE,True,True,CONTROLLED_SYNTHETIC
SME002815,0.021505,R02,5,1,2027-09-13,NONE,True,True,CONTROLLED_SYNTHETIC
SME002816,0.029041,R03,0,1,2027-08-10,NONE,True,True,CONTROLLED_SYNTHETIC
SME002817,0.066837,R04,0,1,2027-04-18,NONE,True,True,CONTROLLED_SYNTHETIC
SME002818,0.046447,R04,0,1,2025-12-06,NONE,True,True,CONTROLLED_SYNTHETIC
SME002819,0.050370,R04,30,2,2026-11-26,NONE,False,True,CONTROLLED_SYNTHETIC
SME002820,0.023062,R03,0,1,2027-04-16,NONE,True,True,CONTROLLED_SYNTHETIC
SME002821,0.025797,R03,0,1,2027-01-17,NONE,True,True,CONTROLLED_SYNTHETIC
SME002822,0.010440,R02,0,1,2026-01-11,NONE,False,True,CONTROLLED_SYNTHETIC
SME002823,0.002000,R02,0,1,2026-08-26,NONE,True,True,CONTROLLED_SYNTHETIC
SME002824,0.032680,R03,0,1,2026-10-07,NONE,True,True,CONTROLLED_SYNTHETIC
SME002825,0.023769,R03,0,1,2027-02-14,MEDIUM,True,False,CONTROLLED_SYNTHETIC
SME002826,0.044005,R03,15,1,2027-06-30,NONE,True,True,CONTROLLED_SYNTHETIC
SME002827,0.026518,R03,30,2,2027-05-22,NONE,True,True,CONTROLLED_SYNTHETIC
SME002828,0.105729,R06,0,1,2026-11-17,NONE,True,True,CONTROLLED_SYNTHETIC
SME002829,0.033606,R03,15,1,2026-07-15,NONE,True,True,CONTROLLED_SYNTHETIC
SME002830,0.051536,R04,0,1,2026-03-05,NONE,True,True,CONTROLLED_SYNTHETIC
SME002831,0.027428,R03,5,1,2025-12-12,NONE,True,True,CONTROLLED_SYNTHETIC
SME002832,0.026241,R03,0,1,2027-08-25,NONE,True,True,CONTROLLED_SYNTHETIC
SME002833,0.073846,R05,0,1,2027-08-10,NONE,True,False,CONTROLLED_SYNTHETIC
SME002834,0.021523,R02,0,1,2026-04-03,NONE,True,True,CONTROLLED_SYNTHETIC
SME002835,0.037379,R03,5,1,2026-04-27,NONE,True,True,CONTROLLED_SYNTHETIC
SME002836,0.004821,R02,0,1,2027-05-11,NONE,True,True,CONTROLLED_SYNTHETIC
SME002837,0.038290,R03,0,1,2027-04-16,NONE,True,True,CONTROLLED_SYNTHETIC
SME002838,0.034682,R03,0,1,2027-01-29,HIGH,True,True,CONTROLLED_SYNTHETIC
SME002839,0.059136,R04,5,1,2026-01-01,NONE,True,True,CONTROLLED_SYNTHETIC
SME002840,0.043857,R03,0,1,2026-11-27,MEDIUM,True,True,CONTROLLED_SYNTHETIC
SME002841,0.012718,R02,5,1,2027-07-05,LOW,True,True,CONTROLLED_SYNTHETIC
SME002842,0.088528,R05,0,1,2026-12-09,NONE,True,False,CONTROLLED_SYNTHETIC
SME002843,0.050970,R04,0,1,2026-02-28,NONE,True,True,CONTROLLED_SYNTHETIC
SME002844,0.032888,R03,0,1,2026-11-01,NONE,True,True,CONTROLLED_SYNTHETIC
SME002845,0.043832,R03,0,1,2026-04-09,NONE,True,True,CONTROLLED_SYNTHETIC
SME002846,0.055209,R04,0,1,2026-03-23,NONE,True,True,CONTROLLED_SYNTHETIC
SME002847,0.008649,R02,0,1,2026-03-28,NONE,True,True,CONTROLLED_SYNTHETIC
SME002848,0.013422,R02,0,1,2026-02-13,NONE,True,True,CONTROLLED_SYNTHETIC
SME002849,0.024860,R03,0,1,2027-07-06,NONE,True,True,CONTROLLED_SYNTHETIC
SME002850,0.021697,R02,0,1,2027-02-05,LOW,True,True,CONTROLLED_SYNTHETIC
SME002851,0.055298,R04,0,1,2027-02-28,NONE,True,False,CONTROLLED_SYNTHETIC
SME002852,0.038360,R03,0,1,2026-12-09,NONE,True,True,CONTROLLED_SYNTHETIC
SME002853,0.027994,R03,0,1,2026-11-13,NONE,True,False,CONTROLLED_SYNTHETIC
SME002854,0.040784,R03,0,1,2027-09-05,NONE,True,True,CONTROLLED_SYNTHETIC
SME002855,0.038716,R03,0,1,2027-05-28,NONE,True,True,CONTROLLED_SYNTHETIC
SME002856,0.063988,R04,0,1,2027-03-15,NONE,True,True,CONTROLLED_SYNTHETIC
SME002857,0.108066,R06,5,1,2026-03-12,NONE,True,True,CONTROLLED_SYNTHETIC
SME002858,0.033399,R03,0,1,2026-08-07,NONE,True,True,CONTROLLED_SYNTHETIC
SME002859,0.020625,R02,0,1,2027-04-24,MEDIUM,True,False,CONTROLLED_SYNTHETIC
SME002860,0.098743,R06,0,1,2026-05-05,NONE,True,True,CONTROLLED_SYNTHETIC
SME002861,0.033065,R03,0,1,2026-03-24,NONE,True,True,CONTROLLED_SYNTHETIC
SME002862,0.022885,R03,0,1,2025-12-03,NONE,True,True,CONTROLLED_SYNTHETIC
SME002863,0.033090,R03,0,1,2027-07-23,NONE,True,True,CONTROLLED_SYNTHETIC
SME002864,0.056379,R04,0,1,2027-09-27,NONE,True,True,CONTROLLED_SYNTHETIC
SME002865,0.033660,R03,0,1,2026-04-02,NONE,True,True,CONTROLLED_SYNTHETIC
SME002866,0.010016,R02,0,1,2026-09-07,MEDIUM,True,False,CONTROLLED_SYNTHETIC
SME002867,0.022983,R03,0,1,2026-05-02,NONE,True,True,CONTROLLED_SYNTHETIC
SME002868,0.029659,R03,0,1,2027-08-06,NONE,True,True,CONTROLLED_SYNTHETIC
SME002869,0.027598,R03,15,1,2026-12-11,NONE,True,True,CONTROLLED_SYNTHETIC
SME002870,0.050328,R04,0,1,2027-05-02,NONE,True,True,CONTROLLED_SYNTHETIC
SME002871,0.039985,R03,0,1,2026-05-20,NONE,True,True,CONTROLLED_SYNTHETIC
SME002872,0.033172,R03,0,1,2026-12-23,MEDIUM,True,True,CONTROLLED_SYNTHETIC
SME002873,0.030777,R03,0,1,2027-08-04,NONE,True,False,CONTROLLED_SYNTHETIC
SME002874,0.021466,R02,0,1,2027-03-08,NONE,True,True,CONTROLLED_SYNTHETIC
SME002875,0.040239,R03,0,1,2026-02-19,NONE,True,True,CONTROLLED_SYNTHETIC
SME002876,0.027593,R03,0,1,2027-03-14,NONE,True,False,CONTROLLED_SYNTHETIC
SME002877,0.048415,R04,0,1,2027-05-10,NONE,True,True,CONTROLLED_SYNTHETIC
SME002878,0.037937,R03,60,2,2027-09-28,NONE,True,True,CONTROLLED_SYNTHETIC
SME002879,0.038388,R03,0,1,2025-12-27,NONE,True,True,CONTROLLED_SYNTHETIC
SME002880,0.017887,R02,0,1,2026-01-30,NONE,True,True,CONTROLLED_SYNTHETIC
SME002881,0.042520,R03,60,2,2025-12-22,NONE,True,True,CONTROLLED_SYNTHETIC
SME002882,0.021471,R02,0,1,2027-07-29,NONE,True,True,CONTROLLED_SYNTHETIC
SME002883,0.075695,R05,15,1,2026-12-09,NONE,True,False,CONTROLLED_SYNTHETIC
SME002884,0.002000,R02,0,1,2026-11-09,LOW,True,True,CONTROLLED_SYNTHETIC
SME002885,0.045609,R04,0,1,2027-02-01,NONE,True,True,CONTROLLED_SYNTHETIC
SME002886,0.043408,R03,0,1,2025-12-13,LOW,True,True,CONTROLLED_SYNTHETIC
SME002887,0.036299,R03,5,1,2027-03-12,NONE,True,True,CONTROLLED_SYNTHETIC
SME002888,0.044179,R03,0,1,2027-06-01,NONE,True,True,CONTROLLED_SYNTHETIC
SME002889,0.053454,R04,0,1,2027-02-28,NONE,True,True,CONTROLLED_SYNTHETIC
SME002890,0.020654,R02,0,1,2026-04-12,NONE,True,True,CONTROLLED_SYNTHETIC
SME002891,0.043331,R03,0,1,2025-12-12,NONE,True,True,CONTROLLED_SYNTHETIC
SME002892,0.061323,R04,0,1,2026-09-10,NONE,True,True,CONTROLLED_SYNTHETIC
SME002893,0.018761,R02,0,1,2027-04-23,NONE,True,True,CONTROLLED_SYNTHETIC
SME002894,0.028750,R03,5,1,2027-09-03,LOW,True,True,CONTROLLED_SYNTHETIC
SME002895,0.034110,R03,0,1,2027-10-04,HIGH,True,True,CONTROLLED_SYNTHETIC
SME002896,0.028838,R03,0,1,2026-02-27,NONE,True,False,CONTROLLED_SYNTHETIC
SME002897,0.028755,R03,0,1,2026-07-01,NONE,True,True,CONTROLLED_SYNTHETIC
SME002898,0.041512,R03,5,1,2025-12-11,MEDIUM,True,True,CONTROLLED_SYNTHETIC
SME002899,0.070158,R05,0,1,2026-12-07,NONE,True,True,CONTROLLED_SYNTHETIC
SME002900,0.043703,R03,0,1,2026-01-08,NONE,True,True,CONTROLLED_SYNTHETIC
SME002901,0.085733,R05,0,1,2027-06-01,NONE,True,True,CONTROLLED_SYNTHETIC
SME002902,0.089377,R05,0,1,2026-07-30,NONE,False,True,CONTROLLED_SYNTHETIC
SME002903,0.026328,R03,0,1,2027-10-11,NONE,True,True,CONTROLLED_SYNTHETIC
SME002904,0.031356,R03,0,1,2027-03-05,NONE,True,True,CONTROLLED_SYNTHETIC
SME002905,0.029596,R03,15,1,2026-07-28,NONE,True,True,CONTROLLED_SYNTHETIC
SME002906,0.040425,R03,0,1,2026-07-28,LOW,True,True,CONTROLLED_SYNTHETIC
SME002907,0.021352,R02,0,1,2027-01-19,MEDIUM,True,True,CONTROLLED_SYNTHETIC
SME002908,0.057047,R04,0,1,2026-01-28,NONE,True,True,CONTROLLED_SYNTHETIC
SME002909,0.050834,R04,5,1,2027-02-01,NONE,True,True,CONTROLLED_SYNTHETIC
SME002910,0.055366,R04,0,1,2026-04-02,NONE,True,True,CONTROLLED_SYNTHETIC
SME002911,0.082526,R05,0,1,2026-05-20,NONE,True,True,CONTROLLED_SYNTHETIC
SME002912,0.055604,R04,0,1,2027-03-27,NONE,True,True,CONTROLLED_SYNTHETIC
SME002913,0.020907,R02,0,1,2027-04-30,MEDIUM,True,True,CONTROLLED_SYNTHETIC
SME002914,0.014085,R02,0,1,2027-01-01,NONE,False,True,CONTROLLED_SYNTHETIC
SME002915,0.039420,R03,0,1,2027-08-09,MEDIUM,True,True,CONTROLLED_SYNTHETIC
SME002916,0.026110,R03,0,1,2027-10-06,NONE,True,True,CONTROLLED_SYNTHETIC
SME002917,0.012950,R02,30,2,2026-02-16,LOW,True,True,CONTROLLED_SYNTHETIC
SME002918,0.020380,R02,0,1,2025-12-08,NONE,True,True,CONTROLLED_SYNTHETIC
SME002919,0.078617,R05,90,3,2027-02-03,NONE,True,False,CONTROLLED_SYNTHETIC
SME002920,0.021984,R02,0,1,2027-05-29,NONE,True,True,CONTROLLED_SYNTHETIC
SME002921,0.025786,R03,0,1,2026-05-10,NONE,True,True,CONTROLLED_SYNTHETIC
SME002922,0.039387,R03,0,1,2026-07-29,NONE,True,False,CONTROLLED_SYNTHETIC
SME002923,0.045350,R03,0,1,2026-02-27,MEDIUM,True,False,CONTROLLED_SYNTHETIC
SME002924,0.025964,R03,0,1,2027-09-30,NONE,True,True,CONTROLLED_SYNTHETIC
SME002925,0.035736,R03,0,1,2026-11-19,NONE,True,True,CONTROLLED_SYNTHETIC
SME002926,0.023560,R03,5,1,2027-03-08,NONE,True,False,CONTROLLED_SYNTHETIC
SME002927,0.040862,R03,0,1,2026-08-31,NONE,True,True,CONTROLLED_SYNTHETIC
SME002928,0.019879,R02,0,1,2027-01-15,MEDIUM,True,True,CONTROLLED_SYNTHETIC
SME002929,0.026090,R03,30,2,2027-03-16,NONE,True,True,CONTROLLED_SYNTHETIC
SME002930,0.049726,R04,0,1,2026-07-03,NONE,True,True,CONTROLLED_SYNTHETIC
SME002931,0.029540,R03,0,1,2026-12-03,NONE,True,True,CONTROLLED_SYNTHETIC
SME002932,0.029468,R03,0,1,2026-10-03,NONE,True,True,CONTROLLED_SYNTHETIC
SME002933,0.072632,R05,90,3,2026-09-24,NONE,True,False,CONTROLLED_SYNTHETIC
SME002934,0.037597,R03,0,1,2025-12-27,NONE,True,True,CONTROLLED_SYNTHETIC
SME002935,0.012211,R02,0,1,2026-11-10,LOW,True,True,CONTROLLED_SYNTHETIC
SME002936,0.073920,R05,0,1,2026-10-02,NONE,True,False,CONTROLLED_SYNTHETIC
SME002937,0.026286,R03,0,1,2027-06-18,NONE,True,True,CONTROLLED_SYNTHETIC
SME002938,0.024706,R03,30,2,2026-05-01,NONE,True,True,CONTROLLED_SYNTHETIC
SME002939,0.012675,R02,0,1,2026-06-05,NONE,True,True,CONTROLLED_SYNTHETIC
SME002940,0.016440,R02,15,1,2026-07-21,NONE,True,True,CONTROLLED_SYNTHETIC
SME002941,0.061801,R04,0,1,2027-09-12,HIGH,True,True,CONTROLLED_SYNTHETIC
SME002942,0.044383,R03,0,1,2026-07-15,NONE,True,True,CONTROLLED_SYNTHETIC
SME002943,0.055669,R04,0,1,2026-06-03,NONE,True,True,CONTROLLED_SYNTHETIC
SME002944,0.065968,R04,0,1,2027-07-19,NONE,True,True,CONTROLLED_SYNTHETIC
SME002945,0.031237,R03,0,1,2027-05-26,NONE,False,True,CONTROLLED_SYNTHETIC
SME002946,0.036761,R03,0,1,2025-12-04,NONE,True,True,CONTROLLED_SYNTHETIC
SME002947,0.008042,R02,0,1,2026-01-02,NONE,True,True,CONTROLLED_SYNTHETIC
SME002948,0.053728,R04,0,1,2027-03-08,NONE,True,True,CONTROLLED_SYNTHETIC
SME002949,0.030946,R03,0,1,2027-09-22,NONE,True,True,CONTROLLED_SYNTHETIC
SME002950,0.016985,R02,0,1,2026-09-30,NONE,True,True,CONTROLLED_SYNTHETIC
SME002951,0.025015,R03,0,1,2027-05-28,NONE,True,True,CONTROLLED_SYNTHETIC
SME002952,0.018085,R02,0,1,2027-02-22,NONE,True,True,CONTROLLED_SYNTHETIC
SME002953,0.027983,R03,0,1,2026-05-16,LOW,True,True,CONTROLLED_SYNTHETIC
SME002954,0.031236,R03,0,1,2027-06-19,NONE,True,True,CONTROLLED_SYNTHETIC
SME002955,0.043319,R03,0,1,2027-01-05,NONE,True,True,CONTROLLED_SYNTHETIC
SME002956,0.050131,R04,0,1,2027-04-12,LOW,False,True,CONTROLLED_SYNTHETIC
SME002957,0.017081,R02,0,1,2026-03-11,NONE,True,True,CONTROLLED_SYNTHETIC
SME002958,0.071284,R05,0,1,2027-03-05,NONE,True,True,CONTROLLED_SYNTHETIC
SME002959,0.024103,R03,0,1,2026-05-18,NONE,True,True,CONTROLLED_SYNTHETIC
SME002960,0.021957,R02,5,1,2026-04-03,NONE,True,True,CONTROLLED_SYNTHETIC
SME002961,0.051737,R04,0,1,2026-08-19,NONE,True,True,CONTROLLED_SYNTHETIC
SME002962,0.031022,R03,0,1,2026-12-31,NONE,True,True,CONTROLLED_SYNTHETIC
SME002963,0.034558,R03,0,1,2026-04-30,NONE,True,True,CONTROLLED_SYNTHETIC
SME002964,0.033549,R03,0,1,2026-07-25,NONE,True,True,CONTROLLED_SYNTHETIC
SME002965,0.038322,R03,0,1,2026-07-04,HIGH,True,True,CONTROLLED_SYNTHETIC
SME002966,0.009315,R02,30,2,2027-07-21,NONE,True,True,CONTROLLED_SYNTHETIC
SME002967,0.066111,R04,0,1,2027-10-02,NONE,True,True,CONTROLLED_SYNTHETIC
SME002968,0.029528,R03,0,1,2026-08-25,NONE,True,True,CONTROLLED_SYNTHETIC
SME002969,0.056409,R04,0,1,2027-04-03,NONE,True,False,CONTROLLED_SYNTHETIC
SME002970,0.021502,R02,0,1,2026-03-16,NONE,True,True,CONTROLLED_SYNTHETIC
SME002971,0.093304,R06,0,1,2026-12-09,NONE,True,True,CONTROLLED_SYNTHETIC
SME002972,0.024897,R03,0,1,2026-12-02,HIGH,True,True,CONTROLLED_SYNTHETIC
SME002973,0.024743,R03,0,1,2027-06-22,NONE,True,True,CONTROLLED_SYNTHETIC
SME002974,0.068924,R05,0,1,2027-03-13,NONE,True,True,CONTROLLED_SYNTHETIC
SME002975,0.040602,R03,0,1,2027-06-11,NONE,True,True,CONTROLLED_SYNTHETIC
SME002976,0.086156,R05,0,1,2026-09-04,NONE,True,True,CONTROLLED_SYNTHETIC
SME002977,0.052990,R04,0,1,2026-01-02,NONE,True,False,CONTROLLED_SYNTHETIC
SME002978,0.012068,R02,0,1,2026-02-27,NONE,True,True,CONTROLLED_SYNTHETIC
SME002979,0.029405,R03,0,1,2026-06-08,NONE,True,True,CONTROLLED_SYNTHETIC
SME002980,0.035110,R03,0,1,2027-03-07,NONE,True,True,CONTROLLED_SYNTHETIC
SME002981,0.048433,R04,30,2,2027-05-11,NONE,True,True,CONTROLLED_SYNTHETIC
SME002982,0.053633,R04,90,3,2026-07-26,NONE,True,True,CONTROLLED_SYNTHETIC
SME002983,0.026408,R03,60,2,2027-08-29,NONE,True,False,CONTROLLED_SYNTHETIC
SME002984,0.039529,R03,0,1,2027-04-03,NONE,True,True,CONTROLLED_SYNTHETIC
SME002985,0.074028,R05,15,1,2027-01-20,NONE,True,True,CONTROLLED_SYNTHETIC
SME002986,0.050862,R04,0,1,2027-09-25,NONE,True,True,CONTROLLED_SYNTHETIC
SME002987,0.035909,R03,15,1,2026-11-09,NONE,True,True,CONTROLLED_SYNTHETIC
SME002988,0.047248,R04,0,1,2027-07-15,NONE,True,True,CONTROLLED_SYNTHETIC
SME002989,0.051273,R04,0,1,2026-08-24,NONE,True,True,CONTROLLED_SYNTHETIC
SME002990,0.032900,R03,0,1,2026-12-25,NONE,True,True,CONTROLLED_SYNTHETIC
SME002991,0.049619,R04,0,1,2026-12-29,NONE,True,True,CONTROLLED_SYNTHETIC
SME002992,0.047349,R04,0,1,2026-02-01,HIGH,True,True,CONTROLLED_SYNTHETIC
SME002993,0.033524,R03,5,1,2026-03-24,NONE,True,True,CONTROLLED_SYNTHETIC
SME002994,0.038232,R03,0,1,2026-06-13,NONE,True,True,CONTROLLED_SYNTHETIC
SME002995,0.026862,R03,5,1,2026-03-12,NONE,True,True,CONTROLLED_SYNTHETIC
SME002996,0.069697,R05,0,1,2027-04-27,NONE,True,False,CONTROLLED_SYNTHETIC
SME002997,0.039646,R03,0,1,2026-08-27,NONE,True,True,CONTROLLED_SYNTHETIC
SME002998,0.021754,R02,0,1,2027-05-14,NONE,True,True,CONTROLLED_SYNTHETIC
SME002999,0.044216,R03,0,1,2027-09-16,NONE,True,True,CONTROLLED_SYNTHETIC
SME003000,0.011597,R02,0,1,2026-05-30,MEDIUM,True,True,CONTROLLED_SYNTHETIC
SME003001,0.014475,R02,0,1,2026-03-29,NONE,True,True,CONTROLLED_SYNTHETIC
SME003002,0.048367,R04,0,1,2027-04-06,NONE,True,True,CONTROLLED_SYNTHETIC
SME003003,0.029083,R03,0,1,2027-09-08,LOW,True,False,CONTROLLED_SYNTHETIC
SME003004,0.041889,R03,0,1,2027-05-31,MEDIUM,True,False,CONTROLLED_SYNTHETIC
SME003005,0.016882,R02,0,1,2027-05-17,NONE,True,True,CONTROLLED_SYNTHETIC
SME003006,0.079873,R05,0,1,2026-05-21,NONE,True,True,CONTROLLED_SYNTHETIC
SME003007,0.012463,R02,0,1,2026-05-02,NONE,True,True,CONTROLLED_SYNTHETIC
SME003008,0.036200,R03,0,1,2027-04-02,NONE,True,True,CONTROLLED_SYNTHETIC
SME003009,0.053369,R04,0,1,2026-12-07,NONE,True,True,CONTROLLED_SYNTHETIC
SME003010,0.034037,R03,0,1,2026-01-04,NONE,True,False,CONTROLLED_SYNTHETIC
SME003011,0.023085,R03,0,1,2026-07-21,NONE,True,False,CONTROLLED_SYNTHETIC
SME003012,0.018162,R02,5,1,2026-11-22,NONE,True,True,CONTROLLED_SYNTHETIC
SME003013,0.024898,R03,0,1,2026-10-14,NONE,True,True,CONTROLLED_SYNTHETIC
SME003014,0.037955,R03,60,2,2026-01-24,NONE,True,True,CONTROLLED_SYNTHETIC
SME003015,0.074878,R05,0,1,2026-02-18,NONE,True,True,CONTROLLED_SYNTHETIC
SME003016,0.053494,R04,0,1,2026-08-06,MEDIUM,True,True,CONTROLLED_SYNTHETIC
SME003017,0.069323,R05,0,1,2027-09-15,NONE,False,True,CONTROLLED_SYNTHETIC
SME003018,0.053924,R04,5,1,2027-10-13,NONE,True,False,CONTROLLED_SYNTHETIC
SME003019,0.072245,R05,30,2,2027-10-09,NONE,True,False,CONTROLLED_SYNTHETIC
SME003020,0.044467,R03,30,2,2026-06-24,NONE,True,True,CONTROLLED_SYNTHETIC
SME003021,0.086314,R05,15,1,2026-07-10,NONE,True,True,CONTROLLED_SYNTHETIC
SME003022,0.018300,R02,30,2,2026-08-10,NONE,True,True,CONTROLLED_SYNTHETIC
SME003023,0.018512,R02,0,1,2027-01-11,LOW,True,True,CONTROLLED_SYNTHETIC
SME003024,0.002000,R02,0,1,2025-12-11,NONE,True,True,CONTROLLED_SYNTHETIC
SME003025,0.048950,R04,90,3,2026-07-12,NONE,True,False,CONTROLLED_SYNTHETIC
SME003026,0.014321,R02,60,2,2027-10-03,NONE,True,True,CONTROLLED_SYNTHETIC
SME003027,0.008588,R02,0,1,2027-04-06,NONE,True,True,CONTROLLED_SYNTHETIC
SME003028,0.040858,R03,0,1,2026-11-30,NONE,True,True,CONTROLLED_SYNTHETIC
SME003029,0.018936,R02,0,1,2027-07-12,NONE,True,True,CONTROLLED_SYNTHETIC
SME003030,0.037762,R03,0,1,2027-03-18,LOW,True,False,CONTROLLED_SYNTHETIC
SME003031,0.012658,R02,0,1,2027-05-15,NONE,True,True,CONTROLLED_SYNTHETIC
SME003032,0.026015,R03,5,1,2026-10-28,NONE,True,True,CONTROLLED_SYNTHETIC
SME003033,0.039149,R03,0,1,2027-08-03,NONE,True,True,CONTROLLED_SYNTHETIC
SME003034,0.022540,R02,0,1,2027-02-06,NONE,True,True,CONTROLLED_SYNTHETIC
SME003035,0.060549,R04,0,1,2026-12-01,NONE,False,True,CONTROLLED_SYNTHETIC
SME003036,0.015864,R02,0,1,2027-08-16,NONE,True,True,CONTROLLED_SYNTHETIC
SME003037,0.051946,R04,0,1,2026-04-16,NONE,True,True,CONTROLLED_SYNTHETIC
SME003038,0.071833,R05,0,1,2026-12-21,NONE,True,True,CONTROLLED_SYNTHETIC
SME003039,0.031751,R03,0,1,2027-10-04,NONE,True,True,CONTROLLED_SYNTHETIC
SME003040,0.028475,R03,0,1,2026-06-29,LOW,True,False,CONTROLLED_SYNTHETIC
SME003041,0.025898,R03,0,1,2026-05-05,NONE,True,True,CONTROLLED_SYNTHETIC
SME003042,0.041729,R03,0,1,2027-06-28,NONE,True,True,CONTROLLED_SYNTHETIC
SME003043,0.024497,R03,0,1,2026-03-16,NONE,True,True,CONTROLLED_SYNTHETIC
SME003044,0.049401,R04,0,1,2027-02-23,LOW,True,True,CONTROLLED_SYNTHETIC
SME003045,0.030213,R03,0,1,2026-01-10,NONE,True,True,CONTROLLED_SYNTHETIC
SME003046,0.024210,R03,0,1,2027-09-17,NONE,True,True,CONTROLLED_SYNTHETIC
SME003047,0.068290,R05,0,1,2027-01-21,NONE,True,True,CONTROLLED_SYNTHETIC
SME003048,0.041083,R03,0,1,2026-06-14,NONE,True,True,CONTROLLED_SYNTHETIC
SME003049,0.061923,R04,60,2,2026-11-01,NONE,True,True,CONTROLLED_SYNTHETIC
SME003050,0.068163,R04,0,1,2027-07-06,NONE,True,True,CONTROLLED_SYNTHETIC
SME003051,0.032387,R03,0,1,2027-06-07,NONE,True,False,CONTROLLED_SYNTHETIC
SME003052,0.018679,R02,0,1,2027-06-28,NONE,True,False,CONTROLLED_SYNTHETIC
SME003053,0.015448,R02,5,1,2027-10-10,NONE,True,True,CONTROLLED_SYNTHETIC
SME003054,0.056023,R04,0,1,2026-03-06,NONE,True,True,CONTROLLED_SYNTHETIC
SME003055,0.014857,R02,0,1,2026-03-02,NONE,True,True,CONTROLLED_SYNTHETIC
SME003056,0.005369,R02,0,1,2027-03-14,NONE,True,True,CONTROLLED_SYNTHETIC
SME003057,0.042773,R03,0,1,2026-04-29,NONE,True,True,CONTROLLED_SYNTHETIC
SME003058,0.002092,R02,0,1,2026-08-30,NONE,True,True,CONTROLLED_SYNTHETIC
SME003059,0.038350,R03,0,1,2026-03-07,NONE,True,False,CONTROLLED_SYNTHETIC
SME003060,0.019370,R02,0,1,2026-01-14,NONE,True,True,CONTROLLED_SYNTHETIC
SME003061,0.020528,R02,5,1,2027-03-04,NONE,True,True,CONTROLLED_SYNTHETIC
SME003062,0.040912,R03,0,1,2027-03-30,NONE,True,False,CONTROLLED_SYNTHETIC
SME003063,0.045411,R03,0,1,2027-05-31,NONE,True,True,CONTROLLED_SYNTHETIC
SME003064,0.036635,R03,0,1,2026-04-23,NONE,True,False,CONTROLLED_SYNTHETIC
SME003065,0.041740,R03,0,1,2027-05-14,NONE,True,True,CONTROLLED_SYNTHETIC
SME003066,0.036324,R03,0,1,2027-10-12,NONE,True,True,CONTROLLED_SYNTHETIC
SME003067,0.007794,R02,0,1,2025-12-12,NONE,True,False,CONTROLLED_SYNTHETIC
SME003068,0.058531,R04,0,1,2026-09-11,NONE,True,True,CONTROLLED_SYNTHETIC
SME003069,0.029302,R03,0,1,2026-12-31,NONE,True,True,CONTROLLED_SYNTHETIC
SME003070,0.005653,R02,0,1,2025-12-05,NONE,False,True,CONTROLLED_SYNTHETIC
SME003071,0.056681,R04,30,2,2027-09-10,NONE,True,True,CONTROLLED_SYNTHETIC
SME003072,0.037090,R03,0,1,2026-09-30,NONE,True,True,CONTROLLED_SYNTHETIC
SME003073,0.021622,R02,0,1,2027-08-27,NONE,True,False,CONTROLLED_SYNTHETIC
SME003074,0.040214,R03,0,1,2027-04-27,NONE,True,True,CONTROLLED_SYNTHETIC
SME003075,0.030262,R03,0,1,2026-05-29,NONE,True,True,CONTROLLED_SYNTHETIC
SME003076,0.014223,R02,15,1,2026-06-04,NONE,True,True,CONTROLLED_SYNTHETIC
SME003077,0.033552,R03,15,1,2027-09-24,NONE,True,True,CONTROLLED_SYNTHETIC
SME003078,0.043309,R03,0,1,2026-07-01,NONE,True,True,CONTROLLED_SYNTHETIC
SME003079,0.068645,R05,0,1,2027-01-18,NONE,True,True,CONTROLLED_SYNTHETIC
SME003080,0.017503,R02,30,2,2027-01-24,NONE,True,False,CONTROLLED_SYNTHETIC
SME003081,0.039810,R03,0,1,2027-05-21,NONE,True,True,CONTROLLED_SYNTHETIC
SME003082,0.024099,R03,0,1,2026-05-29,NONE,True,True,CONTROLLED_SYNTHETIC
SME003083,0.035956,R03,0,1,2026-02-04,NONE,True,True,CONTROLLED_SYNTHETIC
SME003084,0.051337,R04,0,1,2027-02-24,NONE,True,True,CONTROLLED_SYNTHETIC
SME003085,0.056643,R04,0,1,2026-10-24,NONE,True,True,CONTROLLED_SYNTHETIC
SME003086,0.054557,R04,0,1,2027-02-21,NONE,True,True,CONTROLLED_SYNTHETIC
SME003087,0.036742,R03,0,1,2026-02-08,MEDIUM,True,True,CONTROLLED_SYNTHETIC
SME003088,0.033267,R03,60,2,2026-08-18,NONE,True,True,CONTROLLED_SYNTHETIC
SME003089,0.041980,R03,0,1,2026-11-01,LOW,True,True,CONTROLLED_SYNTHETIC
SME003090,0.012836,R02,0,1,2025-12-18,NONE,True,False,CONTROLLED_SYNTHETIC
SME003091,0.046749,R04,0,1,2026-04-11,NONE,True,True,CONTROLLED_SYNTHETIC
SME003092,0.040386,R03,5,1,2026-04-02,NONE,True,True,CONTROLLED_SYNTHETIC
SME003093,0.025018,R03,60,2,2027-05-07,NONE,True,True,CONTROLLED_SYNTHETIC
SME003094,0.019928,R02,0,1,2027-03-10,NONE,True,True,CONTROLLED_SYNTHETIC
SME003095,0.019128,R02,0,1,2027-08-08,NONE,True,True,CONTROLLED_SYNTHETIC
SME003096,0.032154,R03,0,1,2027-05-16,NONE,True,True,CONTROLLED_SYNTHETIC
SME003097,0.007057,R02,5,1,2027-06-11,NONE,True,True,CONTROLLED_SYNTHETIC
SME003098,0.025269,R03,0,1,2027-02-17,NONE,True,True,CONTROLLED_SYNTHETIC
SME003099,0.030200,R03,0,1,2027-03-24,NONE,True,True,CONTROLLED_SYNTHETIC
SME003100,0.048040,R04,60,2,2027-05-15,NONE,True,True,CONTROLLED_SYNTHETIC
SME003101,0.038178,R03,0,1,2027-06-10,NONE,True,True,CONTROLLED_SYNTHETIC
SME003102,0.010972,R02,90,3,2026-07-03,NONE,True,True,CONTROLLED_SYNTHETIC
SME003103,0.048773,R04,0,1,2025-12-16,NONE,True,True,CONTROLLED_SYNTHETIC
SME003104,0.066829,R04,5,1,2026-11-01,NONE,True,False,CONTROLLED_SYNTHETIC
SME003105,0.046472,R04,0,1,2027-02-05,NONE,True,True,CONTROLLED_SYNTHETIC
SME003106,0.032008,R03,5,1,2027-07-03,LOW,True,True,CONTROLLED_SYNTHETIC
SME003107,0.056460,R04,0,1,2025-12-24,NONE,True,True,CONTROLLED_SYNTHETIC
SME003108,0.049412,R04,0,1,2025-12-20,NONE,True,True,CONTROLLED_SYNTHETIC
SME003109,0.084037,R05,0,1,2027-04-18,LOW,True,True,CONTROLLED_SYNTHETIC
SME003110,0.062992,R04,0,1,2027-01-19,NONE,True,True,CONTROLLED_SYNTHETIC
SME003111,0.042832,R03,90,3,2027-02-22,NONE,True,True,CONTROLLED_SYNTHETIC
SME003112,0.049564,R04,90,3,2026-01-22,NONE,True,True,CONTROLLED_SYNTHETIC
SME003113,0.034946,R03,0,1,2026-10-07,NONE,True,True,CONTROLLED_SYNTHETIC
SME003114,0.012174,R02,5,1,2026-04-26,NONE,False,True,CONTROLLED_SYNTHETIC
SME003115,0.039356,R03,0,1,2027-07-31,LOW,False,False,CONTROLLED_SYNTHETIC
SME003116,0.057496,R04,5,1,2027-07-23,NONE,True,True,CONTROLLED_SYNTHETIC
SME003117,0.016469,R02,0,1,2027-02-17,NONE,True,True,CONTROLLED_SYNTHETIC
SME003118,0.025438,R03,15,1,2027-06-03,NONE,True,True,CONTROLLED_SYNTHETIC
SME003119,0.019305,R02,0,1,2026-11-06,NONE,True,True,CONTROLLED_SYNTHETIC
SME003120,0.036589,R03,0,1,2027-08-28,NONE,True,True,CONTROLLED_SYNTHETIC
SME003121,0.030866,R03,0,1,2027-04-26,NONE,True,True,CONTROLLED_SYNTHETIC
SME003122,0.078587,R05,0,1,2026-03-05,NONE,True,True,CONTROLLED_SYNTHETIC
SME003123,0.031819,R03,0,1,2027-06-16,NONE,True,True,CONTROLLED_SYNTHETIC
SME003124,0.030323,R03,0,1,2026-12-13,NONE,True,True,CONTROLLED_SYNTHETIC
SME003125,0.057754,R04,0,1,2027-03-17,NONE,True,True,CONTROLLED_SYNTHETIC
SME003126,0.032362,R03,0,1,2026-11-01,NONE,True,True,CONTROLLED_SYNTHETIC
SME003127,0.023787,R03,0,1,2027-05-30,NONE,True,False,CONTROLLED_SYNTHETIC
SME003128,0.032659,R03,0,1,2026-02-12,NONE,True,True,CONTROLLED_SYNTHETIC
SME003129,0.003758,R02,5,1,2027-10-08,NONE,True,True,CONTROLLED_SYNTHETIC
SME003130,0.010551,R02,0,1,2027-03-22,NONE,True,True,CONTROLLED_SYNTHETIC
SME003131,0.036168,R03,0,1,2026-04-06,NONE,True,False,CONTROLLED_SYNTHETIC
SME003132,0.040870,R03,30,2,2026-07-05,NONE,True,True,CONTROLLED_SYNTHETIC
SME003133,0.050931,R04,0,1,2027-06-14,NONE,True,False,CONTROLLED_SYNTHETIC
SME003134,0.087341,R05,0,1,2027-08-07,NONE,True,True,CONTROLLED_SYNTHETIC
SME003135,0.047210,R04,0,1,2027-07-19,LOW,True,True,CONTROLLED_SYNTHETIC
SME003136,0.033894,R03,30,2,2025-12-06,NONE,True,True,CONTROLLED_SYNTHETIC
SME003137,0.024455,R03,0,1,2026-04-10,NONE,True,False,CONTROLLED_SYNTHETIC
SME003138,0.087166,R05,0,1,2027-10-03,NONE,True,True,CONTROLLED_SYNTHETIC
SME003139,0.038853,R03,0,1,2026-07-29,NONE,True,False,CONTROLLED_SYNTHETIC
SME003140,0.021594,R02,30,2,2027-04-17,NONE,True,True,CONTROLLED_SYNTHETIC
SME003141,0.050620,R04,0,1,2026-08-17,NONE,True,False,CONTROLLED_SYNTHETIC
SME003142,0.021232,R02,0,1,2027-08-27,NONE,True,True,CONTROLLED_SYNTHETIC
SME003143,0.020808,R02,0,1,2026-09-22,NONE,True,True,CONTROLLED_SYNTHETIC
SME003144,0.068751,R05,0,1,2026-07-23,NONE,True,True,CONTROLLED_SYNTHETIC
SME003145,0.011713,R02,0,1,2026-11-10,NONE,True,True,CONTROLLED_SYNTHETIC
SME003146,0.008372,R02,0,1,2026-07-20,NONE,True,True,CONTROLLED_SYNTHETIC
SME003147,0.084747,R05,0,1,2026-07-02,NONE,True,True,CONTROLLED_SYNTHETIC
SME003148,0.050601,R04,0,1,2026-07-23,NONE,True,True,CONTROLLED_SYNTHETIC
SME003149,0.067208,R04,5,1,2027-06-24,NONE,True,True,CONTROLLED_SYNTHETIC
SME003150,0.021799,R02,0,1,2026-01-06,LOW,False,True,CONTROLLED_SYNTHETIC
SME003151,0.031440,R03,0,1,2027-02-23,NONE,True,True,CONTROLLED_SYNTHETIC
SME003152,0.035713,R03,0,1,2027-02-06,NONE,True,True,CONTROLLED_SYNTHETIC
SME003153,0.022302,R02,5,1,2026-07-20,LOW,True,True,CONTROLLED_SYNTHETIC
SME003154,0.028019,R03,0,1,2027-05-03,NONE,True,True,CONTROLLED_SYNTHETIC
SME003155,0.035363,R03,0,1,2027-08-17,NONE,True,True,CONTROLLED_SYNTHETIC
SME003156,0.050094,R04,0,1,2026-03-12,NONE,True,True,CONTROLLED_SYNTHETIC
SME003157,0.032296,R03,0,1,2026-05-16,NONE,True,True,CONTROLLED_SYNTHETIC
SME003158,0.009800,R02,0,1,2026-07-20,NONE,True,True,CONTROLLED_SYNTHETIC
SME003159,0.047160,R04,0,1,2027-04-25,NONE,True,True,CONTROLLED_SYNTHETIC
SME003160,0.012949,R02,0,1,2026-05-11,NONE,True,True,CONTROLLED_SYNTHETIC
SME003161,0.089693,R05,0,1,2026-03-12,NONE,True,True,CONTROLLED_SYNTHETIC
SME003162,0.060678,R04,15,1,2027-08-11,NONE,True,True,CONTROLLED_SYNTHETIC
SME003163,0.050919,R04,0,1,2026-07-19,NONE,True,True,CONTROLLED_SYNTHETIC
SME003164,0.042841,R03,0,1,2027-06-27,NONE,True,True,CONTROLLED_SYNTHETIC
SME003165,0.027653,R03,15,1,2026-05-08,LOW,True,True,CONTROLLED_SYNTHETIC
SME003166,0.024344,R03,0,1,2027-02-01,NONE,True,False,CONTROLLED_SYNTHETIC
SME003167,0.022455,R02,0,1,2026-01-26,NONE,True,True,CONTROLLED_SYNTHETIC
SME003168,0.037664,R03,15,1,2027-01-13,LOW,True,True,CONTROLLED_SYNTHETIC
SME003169,0.116078,R07,0,1,2027-05-29,NONE,True,True,CONTROLLED_SYNTHETIC
SME003170,0.007515,R02,0,1,2025-12-27,NONE,True,True,CONTROLLED_SYNTHETIC
SME003171,0.048613,R04,15,1,2026-05-10,NONE,True,True,CONTROLLED_SYNTHETIC
SME003172,0.030006,R03,0,1,2026-09-29,NONE,True,True,CONTROLLED_SYNTHETIC
SME003173,0.032255,R03,0,1,2027-07-31,NONE,True,True,CONTROLLED_SYNTHETIC
SME003174,0.065403,R04,0,1,2026-09-10,LOW,True,True,CONTROLLED_SYNTHETIC
SME003175,0.022852,R03,0,1,2027-05-31,LOW,True,True,CONTROLLED_SYNTHETIC
SME003176,0.085467,R05,0,1,2026-05-10,NONE,True,True,CONTROLLED_SYNTHETIC
SME003177,0.028653,R03,0,1,2027-09-10,NONE,True,True,CONTROLLED_SYNTHETIC
SME003178,0.017535,R02,0,1,2026-03-08,NONE,True,True,CONTROLLED_SYNTHETIC
SME003179,0.028185,R03,5,1,2027-07-19,MEDIUM,True,True,CONTROLLED_SYNTHETIC
SME003180,0.020574,R02,0,1,2026-06-24,NONE,True,True,CONTROLLED_SYNTHETIC
SME003181,0.045253,R03,0,1,2027-04-02,NONE,True,True,CONTROLLED_SYNTHETIC
SME003182,0.015199,R02,0,1,2026-09-11,NONE,True,True,CONTROLLED_SYNTHETIC
SME003183,0.002000,R02,30,2,2026-12-08,NONE,False,True,CONTROLLED_SYNTHETIC
SME003184,0.045451,R03,0,1,2026-03-16,NONE,True,True,CONTROLLED_SYNTHETIC
SME003185,0.025736,R03,0,1,2026-11-16,NONE,True,True,CONTROLLED_SYNTHETIC
SME003186,0.046282,R04,0,1,2027-08-28,LOW,True,True,CONTROLLED_SYNTHETIC
SME003187,0.017131,R02,0,1,2026-05-21,NONE,True,True,CONTROLLED_SYNTHETIC
SME003188,0.053917,R04,0,1,2026-10-06,NONE,True,False,CONTROLLED_SYNTHETIC
SME003189,0.039936,R03,0,1,2027-02-25,NONE,True,True,CONTROLLED_SYNTHETIC
SME003190,0.047038,R04,0,1,2026-09-05,NONE,True,True,CONTROLLED_SYNTHETIC
SME003191,0.044820,R03,30,2,2027-07-06,NONE,True,True,CONTROLLED_SYNTHETIC
SME003192,0.013400,R02,0,1,2027-03-20,HIGH,True,True,CONTROLLED_SYNTHETIC
SME003193,0.063268,R04,5,1,2026-05-03,LOW,True,True,CONTROLLED_SYNTHETIC
SME003194,0.041454,R03,0,1,2027-07-10,NONE,True,True,CONTROLLED_SYNTHETIC
SME003195,0.075682,R05,60,2,2026-12-21,NONE,True,True,CONTROLLED_SYNTHETIC
SME003196,0.052776,R04,0,1,2026-08-31,LOW,True,False,CONTROLLED_SYNTHETIC
SME003197,0.035930,R03,0,1,2027-04-20,NONE,True,True,CONTROLLED_SYNTHETIC
SME003198,0.012606,R02,15,1,2027-05-20,LOW,True,False,CONTROLLED_SYNTHETIC
SME003199,0.041389,R03,0,1,2026-10-30,NONE,True,True,CONTROLLED_SYNTHETIC
SME003200,0.096402,R06,15,1,2026-09-19,NONE,True,True,CONTROLLED_SYNTHETIC
