candidate_id,customer_id,rm_id,product_code,need_signal,relationship_gap,wallet_share_proxy,digital_engagement_score,relationship_tenure_months,annual_turnover_try,employees,pd_12m,days_past_due,kyc_overdue_days,aml_alert_priority,beneficial_owner_complete,financials_fresh_flag,contact_permission,exporter_flag,importer_flag,size_band,sector,region,inflow_6m_try,outflow_6m_try,pos_volume_6m_try,payroll_6m_try,fx_inflow_6m_try,fx_outflow_6m_try,trade_flow_6m_try,average_deposit_balance_try,average_loan_balance_try,days_since_interaction,data_class,treatment_flag,propensity_probability,predicted_contact_uplift,reason_1,reason_2,reason_3,estimated_product_notional_try,gross_income_if_activated_try,funding_cost_if_activated_try,expected_loss_if_activated_try,allocated_capital_try,capital_charge_if_activated_try,servicing_cost_if_activated_try,risk_adjusted_profit_if_activated_try,raroc_if_activated,expected_incremental_profit_try,profitability_percentile,suppression_reason,eligible_flag,opportunity_score,policy_threshold_pass,recommendation_status,human_review_required,conversation_prompt,product_label,customer_rank_within_rm,monthly_contact_capacity,capacity_allocated_flag,work_status,task_id,task_sla_days,final_decision_owner,automated_sale_flag
OPP0008760,SME000002,RM021,CASH_MANAGEMENT,0.548501,0.875000,0.613237,97.400000,137,8580348.830000,6,0.029229,5,0,NONE,True,True,True,True,False,MICRO,Transportation,Marmara,4227449.080000,3776926.190000,189979.020000,1291991.440000,1077214.300000,0.000000,556495.240000,164864.488333,314869.553333,118,DERIVED_ANALYTICS,1,0.443919,0.159044,ESTABLISHED_RELATIONSHIP,CROSS_BORDER_ACTIVITY,HIGH_DIGITAL_ENGAGEMENT,7553852.380000,83092.380000,22661.560000,0.000000,18129.250000,3263.260000,2033.080000,55134.480000,3.041189,8348.800000,0.924122,,True,65.970000,True,MEDIUM_PRIORITY,False,"Review collections, payments and liquidity visibility.",Cash Management,4.000000,48,True,CONTACT_DUE,TASK000001,10,AUTHORISED_RELATIONSHIP_MANAGER,False
OPP0004561,SME000003,RM036,BUSINESS_CREDIT_CARD,0.888160,0.250000,1.000000,78.940000,6,256608557.800000,246,0.027952,0,0,NONE,True,True,True,True,True,MEDIUM,Transportation,Marmara,114070989.540000,95854391.660000,5587722.480000,57869469.930000,24678456.470000,25129699.530000,33221419.010000,4563358.048333,12862067.343333,8,DERIVED_ANALYTICS,1,0.611352,0.092588,CROSS_BORDER_ACTIVITY,STRONG_PRODUCT_NEED_SIGNAL,MATERIAL_BUSINESS_SCALE,4618954.040400,195381.760000,72240.440000,18436.770000,141339.990000,25441.200000,1592.840000,77670.510000,0.549530,6771.340000,0.912535,,True,66.360000,True,MEDIUM_PRIORITY,True,Review employee spending controls and short-term purchasing needs.,Business Credit Card,8.000000,68,True,CONTACT_DUE,TASK000002,10,AUTHORISED_RELATIONSHIP_MANAGER,False
OPP0004566,SME000012,RM036,BUSINESS_CREDIT_CARD,0.708031,0.750000,1.000000,85.950000,68,82209375.530000,45,0.027311,5,0,NONE,True,True,True,False,False,SMALL,Healthcare,Marmara,47983091.880000,44296788.150000,22442005.100000,7836366.720000,0.000000,0.000000,0.000000,1606685.450000,5040553.841667,76,DERIVED_ANALYTICS,1,0.538793,0.133309,LOWER_CREDIT_RISK_SIGNAL,HIGH_DIGITAL_ENGAGEMENT,MATERIAL_BUSINESS_SCALE,1479768.759540,62594.220000,23143.580000,5771.110000,45280.920000,8150.570000,1121.970000,24406.990000,0.539013,2833.670000,0.855734,,True,67.720000,True,MEDIUM_PRIORITY,True,Review employee spending controls and short-term purchasing needs.,Business Credit Card,3.000000,68,True,CONTACT_DUE,TASK000003,10,AUTHORISED_RELATIONSHIP_MANAGER,False
OPP0008766,SME000013,RM008,CASH_MANAGEMENT,0.492585,0.875000,0.111933,87.080000,124,7801814.490000,9,0.042401,0,0,NONE,True,True,True,False,False,MICRO,Technology,Marmara,3975706.600000,3379249.490000,173855.660000,1781386.960000,0.000000,0.000000,0.000000,147604.220000,518809.693333,28,DERIVED_ANALYTICS,1,0.365303,0.075561,ESTABLISHED_RELATIONSHIP,HIGH_DIGITAL_ENGAGEMENT,LOWER_CREDIT_RISK_SIGNAL,6758498.980000,74343.490000,20275.500000,0.000000,16220.400000,2919.670000,1913.770000,49234.550000,3.035347,3300.230000,0.866081,,True,53.670000,True,MEDIUM_PRIORITY,False,"Review collections, payments and liquidity visibility.",Cash Management,20.000000,69,True,CONTACT_DUE,TASK000004,10,AUTHORISED_RELATIONSHIP_MANAGER,False
OPP0008774,SME000021,RM021,CASH_MANAGEMENT,0.701874,0.875000,0.320883,35.190000,41,303111426.220000,221,0.027563,30,0,NONE,True,True,True,True,False,MEDIUM,Hospitality,Marmara,162851497.380000,150200407.050000,77459389.020000,47056807.990000,34807127.310000,0.000000,17464951.100000,6518123.611667,13293565.530000,134,DERIVED_ANALYTICS,1,0.344194,0.044936,CROSS_BORDER_ACTIVITY,MATERIAL_BUSINESS_SCALE,LOWER_CREDIT_RISK_SIGNAL,250000000.000000,2750000.000000,750000.000000,0.000000,600000.000000,108000.000000,38400.000000,1853600.000000,3.089333,82874.270000,0.997305,,True,57.200000,True,MEDIUM_PRIORITY,False,"Review collections, payments and liquidity visibility.",Cash Management,15.000000,48,True,CONTACT_DUE,TASK000005,10,AUTHORISED_RELATIONSHIP_MANAGER,False
OPP0006607,SME000032,RM018,PAYROLL_SERVICES,0.582140,0.750000,0.388811,60.620000,70,32218708.580000,46,0.024783,0,0,NONE,True,True,True,True,False,SMALL,Manufacturing,Mediterranean,17014577.050000,15178475.900000,983625.540000,11114472.790000,3920161.790000,0.000000,1970170.520000,586817.403333,919342.670000,106,DERIVED_ANALYTICS,1,0.328767,0.138792,CROSS_BORDER_ACTIVITY,LOWER_CREDIT_RISK_SIGNAL,ESTABLISHED_RELATIONSHIP,22228945.580000,266747.350000,66686.840000,0.000000,53349.470000,9602.900000,4234.340000,186223.270000,3.490630,25426.210000,0.975210,,True,60.870000,True,MEDIUM_PRIORITY,False,Discuss payroll automation and employee banking needs.,Payroll Services,4.000000,57,True,CONTACT_DUE,TASK000006,10,AUTHORISED_RELATIONSHIP_MANAGER,False
OPP0006615,SME000044,RM022,PAYROLL_SERVICES,0.587941,0.750000,1.000000,76.600000,56,29272948.400000,47,0.037972,0,0,NONE,True,False,True,False,False,SMALL,Construction,Central Anatolia,13862145.620000,12561738.980000,400883.310000,9364882.400000,0.000000,0.000000,0.000000,495336.323333,1541504.245000,315,DERIVED_ANALYTICS,1,0.377570,0.072092,LOWER_CREDIT_RISK_SIGNAL,MATERIAL_BUSINESS_SCALE,HIGH_DIGITAL_ENGAGEMENT,18729764.800000,224757.180000,56189.290000,0.000000,44951.440000,8091.260000,3709.460000,156767.170000,3.487478,10881.660000,0.938888,,True,55.910000,True,MEDIUM_PRIORITY,False,Discuss payroll automation and employee banking needs.,Payroll Services,12.000000,46,True,CONTACT_DUE,TASK000007,10,AUTHORISED_RELATIONSHIP_MANAGER,False
OPP0002190,SME000048,RM024,POS_MERCHANT_ACQUIRING,0.550824,0.625000,1.000000,68.860000,75,17470484.230000,20,0.020070,0,0,NONE,True,True,True,False,True,SMALL,Healthcare,Eastern,8933086.620000,7943684.870000,4789250.550000,4499793.240000,0.000000,2025784.870000,983101.630000,390014.885000,512743.233333,283,DERIVED_ANALYTICS,1,0.393561,0.113843,CROSS_BORDER_ACTIVITY,LOWER_CREDIT_RISK_SIGNAL,ESTABLISHED_RELATIONSHIP,9578501.100000,124520.510000,28735.500000,0.000000,57471.010000,10344.780000,2336.780000,83103.450000,1.446006,9040.780000,0.928648,,True,57.920000,True,MEDIUM_PRIORITY,False,"Discuss merchant collections, settlement speed and acquiring economics.",POS & Merchant Acquiring,4.000000,54,True,CONTACT_DUE,TASK000008,10,AUTHORISED_RELATIONSHIP_MANAGER,False
OPP0008789,SME000053,RM021,CASH_MANAGEMENT,0.656874,0.750000,0.310275,67.610000,89,78683490.650000,66,0.011688,0,43,NONE,True,False,True,True,False,MEDIUM,Agriculture,Marmara,38810092.590000,33013383.610000,1509015.980000,12899054.100000,6492708.010000,0.000000,3491980.720000,1491607.696667,4318942.606667,82,DERIVED_ANALYTICS,1,0.504378,0.045847,ESTABLISHED_RELATIONSHIP,CROSS_BORDER_ACTIVITY,LOWER_CREDIT_RISK_SIGNAL,66026767.220000,726294.440000,198080.300000,0.000000,158464.240000,28523.560000,10804.020000,488886.560000,3.085154,21994.200000,0.970737,,True,59.690000,True,MEDIUM_PRIORITY,False,"Review collections, payments and liquidity visibility.",Cash Management,11.000000,48,True,CONTACT_DUE,TASK000009,10,AUTHORISED_RELATIONSHIP_MANAGER,False
OPP0006623,SME000055,RM002,PAYROLL_SERVICES,0.968162,0.875000,1.000000,66.800000,132,81357328.830000,225,0.005271,0,0,NONE,True,True,True,False,True,MEDIUM,Manufacturing,Marmara,42257378.010000,36306690.030000,1964466.090000,49004795.150000,0.000000,9504687.890000,5617833.070000,1895740.991667,3774250.401667,26,DERIVED_ANALYTICS,1,0.788486,0.041382,ESTABLISHED_RELATIONSHIP,CROSS_BORDER_ACTIVITY,LOWER_CREDIT_RISK_SIGNAL,98009590.300000,1176115.080000,294028.770000,0.000000,235223.020000,42340.140000,15601.440000,824144.730000,3.503674,33685.010000,0.983348,,True,76.710000,True,MEDIUM_PRIORITY,False,Discuss payroll automation and employee banking needs.,Payroll Services,1.000000,57,True,CONTACT_DUE,TASK000010,10,AUTHORISED_RELATIONSHIP_MANAGER,False
OPP0002200,SME000059,RM015,POS_MERCHANT_ACQUIRING,0.566175,0.625000,0.383782,51.010000,96,48005705.950000,45,0.029945,0,72,NONE,True,False,True,False,False,SMALL,Retail Trade,Marmara,24894127.550000,19376722.580000,13990790.560000,9708090.400000,0.000000,0.000000,0.000000,1132457.348333,2477154.435000,166,DERIVED_ANALYTICS,1,0.331197,0.086685,ESTABLISHED_RELATIONSHIP,LOWER_CREDIT_RISK_SIGNAL,MATERIAL_BUSINESS_SCALE,27981581.120000,363760.550000,83944.740000,0.000000,167889.490000,30220.110000,5097.240000,244498.460000,1.456306,20774.360000,0.968743,,True,54.540000,True,MEDIUM_PRIORITY,False,"Discuss merchant collections, settlement speed and acquiring economics.",POS & Merchant Acquiring,20.000000,66,True,CONTACT_DUE,TASK000011,10,AUTHORISED_RELATIONSHIP_MANAGER,False
OPP0008794,SME000069,RM008,CASH_MANAGEMENT,0.703068,0.875000,0.058851,56.180000,43,122423932.950000,13,0.094398,15,0,NONE,True,False,True,False,False,SMALL,Hospitality,Marmara,72371933.230000,61998784.320000,34790107.320000,2892550.960000,0.000000,0.000000,0.000000,2646685.543333,6786474.711667,22,DERIVED_ANALYTICS,1,0.364946,0.064363,MATERIAL_BUSINESS_SCALE,STRONG_PRODUCT_NEED_SIGNAL,HIGH_DIGITAL_ENGAGEMENT,123997568.640000,1363973.260000,371992.710000,0.000000,297594.160000,53566.950000,19499.640000,918913.960000,3.087809,58724.000000,0.994018,,True,59.580000,True,MEDIUM_PRIORITY,False,"Review collections, payments and liquidity visibility.",Cash Management,9.000000,69,True,CONTACT_DUE,TASK000012,10,AUTHORISED_RELATIONSHIP_MANAGER,False
OPP0002214,SME000076,RM047,POS_MERCHANT_ACQUIRING,0.533188,0.875000,0.077420,40.640000,105,35396969.640000,20,0.030263,0,0,NONE,True,True,True,True,False,SMALL,Hospitality,Central Anatolia,19899517.980000,18742810.470000,11123193.840000,3627428.050000,5929240.270000,0.000000,3386051.140000,870761.231667,1940493.895000,256,DERIVED_ANALYTICS,1,0.300674,0.103084,ESTABLISHED_RELATIONSHIP,CROSS_BORDER_ACTIVITY,LOWER_CREDIT_RISK_SIGNAL,22246387.680000,289203.040000,66739.160000,0.000000,133478.330000,24026.100000,4236.960000,194200.820000,1.454924,19599.080000,0.966049,,True,56.770000,True,MEDIUM_PRIORITY,False,"Discuss merchant collections, settlement speed and acquiring economics.",POS & Merchant Acquiring,8.000000,67,True,CONTACT_DUE,TASK000013,10,AUTHORISED_RELATIONSHIP_MANAGER,False
OPP0002215,SME000077,RM012,POS_MERCHANT_ACQUIRING,0.535093,0.625000,1.000000,54.000000,77,34136921.410000,27,0.024558,0,0,NONE,True,False,True,False,False,SMALL,Healthcare,Central Anatolia,19001520.930000,17311758.430000,9941890.140000,6108115.610000,0.000000,0.000000,0.000000,814136.758333,2188925.000000,235,DERIVED_ANALYTICS,1,0.352343,0.094561,ESTABLISHED_RELATIONSHIP,LOWER_CREDIT_RISK_SIGNAL,MATERIAL_BUSINESS_SCALE,19883780.280000,258489.140000,59651.340000,0.000000,119302.680000,21474.480000,3882.570000,173480.750000,1.454123,15984.510000,0.958773,,True,55.070000,True,MEDIUM_PRIORITY,False,"Discuss merchant collections, settlement speed and acquiring economics.",POS & Merchant Acquiring,15.000000,50,True,CONTACT_DUE,TASK000014,10,AUTHORISED_RELATIONSHIP_MANAGER,False
OPP0008801,SME000084,RM033,CASH_MANAGEMENT,0.535511,0.875000,1.000000,93.240000,28,9037058.920000,6,0.020867,0,0,NONE,True,True,True,True,True,MICRO,Manufacturing,Mediterranean,5195393.230000,4705434.420000,301934.140000,1273122.460000,1386391.710000,1196238.790000,1611812.470000,196856.121667,433438.231667,76,DERIVED_ANALYTICS,1,0.292043,0.136327,CROSS_BORDER_ACTIVITY,HIGH_DIGITAL_ENGAGEMENT,LOWER_CREDIT_RISK_SIGNAL,9410868.840000,103519.560000,28232.610000,0.000000,22586.090000,4065.500000,2311.630000,68909.820000,3.050985,8974.300000,0.928217,,True,58.850000,True,MEDIUM_PRIORITY,False,"Review collections, payments and liquidity visibility.",Cash Management,6.000000,59,True,CONTACT_DUE,TASK000015,10,AUTHORISED_RELATIONSHIP_MANAGER,False
OPP0008802,SME000085,RM041,CASH_MANAGEMENT,0.940147,0.625000,1.000000,87.060000,84,212874758.020000,145,0.023468,0,0,NONE,True,True,True,True,False,MEDIUM,Retail Trade,Marmara,109906305.130000,89764596.350000,50030608.530000,29375432.790000,30731149.610000,0.000000,17304876.700000,3473581.830000,10702199.715000,133,DERIVED_ANALYTICS,1,0.752423,0.089401,ESTABLISHED_RELATIONSHIP,CROSS_BORDER_ACTIVITY,STRONG_PRODUCT_NEED_SIGNAL,179529192.700000,1974821.120000,538587.580000,0.000000,430870.060000,77556.610000,27829.380000,1330847.550000,3.088745,118558.870000,0.999138,,True,77.040000,True,MEDIUM_PRIORITY,False,"Review collections, payments and liquidity visibility.",Cash Management,1.000000,55,True,CONTACT_DUE,TASK000016,10,AUTHORISED_RELATIONSHIP_MANAGER,False
OPP0002221,SME000087,RM017,POS_MERCHANT_ACQUIRING,0.626008,0.625000,1.000000,90.820000,120,18314170.060000,27,0.031287,30,0,NONE,True,True,True,False,True,SMALL,Healthcare,Aegean,9743625.970000,9788002.930000,5661957.220000,5485795.700000,0.000000,3282562.550000,1920627.610000,362956.028333,999619.395000,73,DERIVED_ANALYTICS,1,0.547346,0.179888,ESTABLISHED_RELATIONSHIP,CROSS_BORDER_ACTIVITY,HIGH_DIGITAL_ENGAGEMENT,11323914.440000,147210.890000,33971.740000,0.000000,67943.490000,12229.830000,2598.590000,98410.730000,1.448420,17282.870000,0.962115,,True,71.050000,True,MEDIUM_PRIORITY,False,"Discuss merchant collections, settlement speed and acquiring economics.",POS & Merchant Acquiring,2.000000,60,True,CONTACT_DUE,TASK000017,10,AUTHORISED_RELATIONSHIP_MANAGER,False
OPP0008805,SME000088,RM009,CASH_MANAGEMENT,0.673069,0.625000,1.000000,95.860000,47,32381795.820000,49,0.043585,0,0,NONE,True,True,True,False,False,SMALL,Hospitality,Marmara,16415545.960000,14407374.660000,8451538.600000,11827077.130000,0.000000,0.000000,0.000000,635148.648333,1842519.026667,118,DERIVED_ANALYTICS,1,0.441180,0.120756,HIGH_DIGITAL_ENGAGEMENT,MATERIAL_BUSINESS_SCALE,LOWER_CREDIT_RISK_SIGNAL,28814749.320000,316962.240000,86444.250000,0.000000,69155.400000,12447.970000,5222.210000,212847.810000,3.077819,25282.630000,0.975049,,True,63.590000,True,MEDIUM_PRIORITY,False,"Review collections, payments and liquidity visibility.",Cash Management,12.000000,69,True,CONTACT_DUE,TASK000018,10,AUTHORISED_RELATIONSHIP_MANAGER,False
OPP0008811,SME000098,RM021,CASH_MANAGEMENT,0.740162,0.625000,0.747875,76.150000,35,95289710.020000,75,0.012750,0,0,NONE,True,True,True,True,False,MEDIUM,Hospitality,Marmara,54345147.060000,45790546.620000,30776326.310000,13882924.650000,11744636.660000,0.000000,6995481.350000,1649314.241667,3295125.315000,227,DERIVED_ANALYTICS,1,0.526035,0.082508,CROSS_BORDER_ACTIVITY,LOWER_CREDIT_RISK_SIGNAL,MATERIAL_BUSINESS_SCALE,91581093.240000,1007392.030000,274743.280000,0.000000,219794.620000,39563.030000,14637.160000,678448.560000,3.086739,55557.130000,0.993425,,True,64.670000,True,MEDIUM_PRIORITY,False,"Review collections, payments and liquidity visibility.",Cash Management,5.000000,48,True,CONTACT_DUE,TASK000019,10,AUTHORISED_RELATIONSHIP_MANAGER,False
OPP0008813,SME000100,RM030,CASH_MANAGEMENT,0.621922,0.625000,1.000000,82.640000,34,34954305.640000,44,0.047135,0,0,MEDIUM,True,True,True,False,False,SMALL,Retail Trade,Central Anatolia,18697526.230000,15525381.070000,10703221.120000,9187184.140000,0.000000,0.000000,0.000000,610222.501667,2368494.551667,300,DERIVED_ANALYTICS,1,0.362486,0.109691,HIGH_DIGITAL_ENGAGEMENT,MATERIAL_BUSINESS_SCALE,LOWER_CREDIT_RISK_SIGNAL,31050762.140000,341558.380000,93152.290000,0.000000,74521.830000,13413.930000,5557.610000,229434.550000,3.078756,24746.880000,0.974240,,True,58.940000,True,MEDIUM_PRIORITY,False,"Review collections, payments and liquidity visibility.",Cash Management,13.000000,46,True,CONTACT_DUE,TASK000020,10,AUTHORISED_RELATIONSHIP_MANAGER,False
OPP0008816,SME000104,RM009,CASH_MANAGEMENT,0.546089,1.000000,0.000000,53.630000,113,54305394.380000,28,0.021355,0,0,NONE,True,True,True,False,False,SMALL,Manufacturing,Marmara,29752280.070000,25980210.820000,1332193.930000,5174739.230000,0.000000,0.000000,0.000000,1072657.973333,2130125.466667,4,DERIVED_ANALYTICS,1,0.318493,0.092386,ESTABLISHED_RELATIONSHIP,LOWER_CREDIT_RISK_SIGNAL,MATERIAL_BUSINESS_SCALE,51960421.640000,571564.640000,155881.260000,0.000000,124705.010000,22446.900000,8694.060000,384542.420000,3.083616,35106.460000,0.984318,,True,58.240000,True,MEDIUM_PRIORITY,False,"Review collections, payments and liquidity visibility.",Cash Management,23.000000,69,True,CONTACT_DUE,TASK000021,10,AUTHORISED_RELATIONSHIP_MANAGER,False
OPP0002239,SME000110,RM047,POS_MERCHANT_ACQUIRING,0.538075,0.750000,0.054795,77.490000,127,14843914.540000,8,0.062683,0,0,NONE,True,True,True,False,False,MICRO,Healthcare,Central Anatolia,7292718.530000,6722164.560000,3638721.390000,1590762.780000,0.000000,0.000000,0.000000,262764.281667,808268.758333,18,DERIVED_ANALYTICS,1,0.437250,0.107098,ESTABLISHED_RELATIONSHIP,HIGH_DIGITAL_ENGAGEMENT,MATERIAL_BUSINESS_SCALE,7277442.780000,94606.760000,21832.330000,0.000000,43664.660000,7859.640000,1991.620000,62923.170000,1.441055,6318.970000,0.908924,,True,59.330000,True,MEDIUM_PRIORITY,False,"Discuss merchant collections, settlement speed and acquiring economics.",POS & Merchant Acquiring,6.000000,67,True,CONTACT_DUE,TASK000022,10,AUTHORISED_RELATIONSHIP_MANAGER,False
OPP0008820,SME000111,RM025,CASH_MANAGEMENT,0.642117,0.625000,0.170674,82.290000,95,41596742.800000,28,0.031091,0,101,NONE,True,True,True,True,False,SMALL,Construction,Black Sea,21412129.490000,20359678.160000,644792.600000,5768926.730000,4842553.670000,0.000000,2981465.520000,536764.415000,1875628.110000,53,DERIVED_ANALYTICS,1,0.441456,0.090078,ESTABLISHED_RELATIONSHIP,CROSS_BORDER_ACTIVITY,LOWER_CREDIT_RISK_SIGNAL,40719356.320000,447912.920000,122158.070000,0.000000,97726.460000,17590.760000,7007.900000,301156.190000,3.081624,26707.570000,0.976719,,True,60.190000,True,MEDIUM_PRIORITY,False,"Review collections, payments and liquidity visibility.",Cash Management,1.000000,55,True,CONTACT_DUE,TASK000023,10,AUTHORISED_RELATIONSHIP_MANAGER,False
OPP0004629,SME000113,RM029,BUSINESS_CREDIT_CARD,0.889847,0.750000,1.000000,92.600000,97,133551099.690000,179,0.002000,0,77,NONE,True,True,True,True,False,MEDIUM,Healthcare,Marmara,71389939.570000,63223220.950000,28561008.990000,37230101.380000,20967673.640000,0.000000,11546036.970000,2587247.806667,7295126.700000,130,DERIVED_ANALYTICS,1,0.775494,0.102882,ESTABLISHED_RELATIONSHIP,CROSS_BORDER_ACTIVITY,LOWER_CREDIT_RISK_SIGNAL,2403919.794420,101685.810000,37597.310000,686.560000,73559.950000,13240.790000,1260.590000,48900.560000,0.664772,4611.010000,0.889470,,True,77.160000,True,MEDIUM_PRIORITY,True,Review employee spending controls and short-term purchasing needs.,Business Credit Card,1.000000,56,True,CONTACT_DUE,TASK000024,10,AUTHORISED_RELATIONSHIP_MANAGER,False
OPP0008832,SME000135,RM002,CASH_MANAGEMENT,0.589028,0.500000,1.000000,68.210000,137,46537295.260000,30,0.025242,0,0,NONE,True,True,True,False,True,SMALL,Professional Services,Marmara,22974867.810000,21278668.920000,986785.550000,6164319.940000,0.000000,6586593.590000,3298351.140000,858433.520000,2207802.401667,50,DERIVED_ANALYTICS,1,0.419396,0.056976,ESTABLISHED_RELATIONSHIP,CROSS_BORDER_ACTIVITY,LOWER_CREDIT_RISK_SIGNAL,42557337.840000,468130.720000,127672.010000,0.000000,102137.610000,18384.770000,7283.600000,314790.340000,3.082022,17515.500000,0.962707,,True,53.840000,True,MEDIUM_PRIORITY,False,"Review collections, payments and liquidity visibility.",Cash Management,26.000000,57,True,CONTACT_DUE,TASK000025,10,AUTHORISED_RELATIONSHIP_MANAGER,False
OPP0008834,SME000137,RM041,CASH_MANAGEMENT,0.615820,0.750000,1.000000,69.590000,36,52064024.630000,49,0.084216,0,0,NONE,True,True,True,True,False,SMALL,Hospitality,Marmara,29740869.940000,25760880.950000,15706534.970000,10360557.900000,8209630.190000,0.000000,4691728.510000,855757.296667,3158615.085000,21,DERIVED_ANALYTICS,1,0.292432,0.125781,CROSS_BORDER_ACTIVITY,MATERIAL_BUSINESS_SCALE,HIGH_DIGITAL_ENGAGEMENT,51521761.900000,566739.380000,154565.290000,0.000000,123652.230000,22257.400000,8628.260000,381288.430000,3.083555,47538.870000,0.990461,,True,59.550000,True,MEDIUM_PRIORITY,False,"Review collections, payments and liquidity visibility.",Cash Management,15.000000,55,True,CONTACT_DUE,TASK000026,10,AUTHORISED_RELATIONSHIP_MANAGER,False
OPP0004649,SME000138,RM036,BUSINESS_CREDIT_CARD,0.799054,0.875000,1.000000,68.610000,81,247213327.830000,156,0.010946,0,0,NONE,True,True,True,True,True,MEDIUM,Technology,Marmara,139390620.860000,117838892.820000,5210519.230000,32300312.780000,39960628.130000,22794473.140000,35473826.230000,4606668.930000,14810434.543333,22,DERIVED_ANALYTICS,1,0.626291,0.058593,CROSS_BORDER_ACTIVITY,ESTABLISHED_RELATIONSHIP,LOWER_CREDIT_RISK_SIGNAL,4449839.900940,188228.230000,69595.500000,6955.490000,136165.100000,24509.720000,1567.480000,85600.040000,0.628649,4595.560000,0.889200,,True,67.650000,True,MEDIUM_PRIORITY,True,Review employee spending controls and short-term purchasing needs.,Business Credit Card,4.000000,68,True,CONTACT_DUE,TASK000027,10,AUTHORISED_RELATIONSHIP_MANAGER,False
OPP0008837,SME000144,RM021,CASH_MANAGEMENT,0.516904,0.500000,1.000000,82.160000,134,12725499.780000,43,0.063433,0,0,NONE,True,True,True,False,False,SMALL,Construction,Marmara,7253353.060000,6960802.760000,388938.220000,8416446.750000,0.000000,0.000000,0.000000,264640.291667,812134.256667,48,DERIVED_ANALYTICS,1,0.359648,0.086460,ESTABLISHED_RELATIONSHIP,HIGH_DIGITAL_ENGAGEMENT,MATERIAL_BUSINESS_SCALE,13921605.520000,153137.660000,41764.820000,0.000000,33411.850000,6014.130000,2988.240000,102370.470000,3.063897,8430.990000,0.924876,,True,52.310000,True,MEDIUM_PRIORITY,False,"Review collections, payments and liquidity visibility.",Cash Management,22.000000,48,True,CONTACT_DUE,TASK000028,10,AUTHORISED_RELATIONSHIP_MANAGER,False
OPP0008838,SME000145,RM007,CASH_MANAGEMENT,0.757005,0.625000,1.000000,58.510000,43,162130424.900000,167,0.003542,0,72,NONE,True,True,True,False,True,MEDIUM,Healthcare,Central Anatolia,84686818.450000,69883619.490000,42911313.760000,40990299.000000,0.000000,14406494.030000,7302289.820000,3118629.958333,6764512.863333,309,DERIVED_ANALYTICS,1,0.541878,0.033874,CROSS_BORDER_ACTIVITY,LOWER_CREDIT_RISK_SIGNAL,MATERIAL_BUSINESS_SCALE,139767238.980000,1537439.630000,419301.720000,0.000000,335441.370000,60379.450000,21865.090000,1035893.370000,3.088150,34670.280000,0.984048,,True,61.010000,True,MEDIUM_PRIORITY,False,"Review collections, payments and liquidity visibility.",Cash Management,9.000000,57,True,CONTACT_DUE,TASK000029,10,AUTHORISED_RELATIONSHIP_MANAGER,False
OPP0008839,SME000148,RM039,CASH_MANAGEMENT,0.480119,0.875000,0.000000,77.460000,78,10911323.950000,3,0.062835,5,0,LOW,True,True,True,False,False,MICRO,Manufacturing,Eastern,6107638.450000,5544658.760000,215590.080000,607165.830000,0.000000,0.000000,0.000000,263668.300000,727091.488333,13,DERIVED_ANALYTICS,1,0.271787,0.085075,ESTABLISHED_RELATIONSHIP,HIGH_DIGITAL_ENGAGEMENT,MATERIAL_BUSINESS_SCALE,11089317.520000,121982.490000,33267.950000,0.000000,26614.360000,4790.580000,2563.400000,81360.560000,3.057017,6501.740000,0.910379,,True,52.050000,True,MEDIUM_PRIORITY,False,"Review collections, payments and liquidity visibility.",Cash Management,7.000000,47,True,CONTACT_DUE,TASK000030,10,AUTHORISED_RELATIONSHIP_MANAGER,False
OPP0006693,SME000151,RM044,PAYROLL_SERVICES,0.684244,0.875000,0.578743,31.960000,94,15182723.100000,39,0.045070,5,0,NONE,True,True,True,True,False,SMALL,Healthcare,Eastern,8088014.860000,7459297.380000,3189171.820000,7172207.010000,2233018.350000,0.000000,1385414.660000,249571.881667,616259.476667,69,DERIVED_ANALYTICS,1,0.426034,0.138888,ESTABLISHED_RELATIONSHIP,CROSS_BORDER_ACTIVITY,LOWER_CREDIT_RISK_SIGNAL,14344414.020000,172132.970000,43033.240000,0.000000,34426.590000,6196.790000,3051.660000,119851.280000,3.481358,16225.960000,0.959636,,True,67.210000,True,MEDIUM_PRIORITY,False,Discuss payroll automation and employee banking needs.,Payroll Services,4.000000,50,True,CONTACT_DUE,TASK000031,10,AUTHORISED_RELATIONSHIP_MANAGER,False
OPP0008845,SME000158,RM008,CASH_MANAGEMENT,0.515781,0.625000,1.000000,73.620000,70,18956895.420000,15,0.056306,0,129,NONE,True,True,True,False,False,SMALL,Manufacturing,Marmara,10568334.260000,9146640.070000,422750.360000,3029825.220000,0.000000,0.000000,0.000000,290125.363333,1073068.223333,134,DERIVED_ANALYTICS,1,0.284827,0.100321,ESTABLISHED_RELATIONSHIP,MATERIAL_BUSINESS_SCALE,HIGH_DIGITAL_ENGAGEMENT,18293280.140000,201226.080000,54879.840000,0.000000,43903.870000,7902.700000,3643.990000,134799.550000,3.070334,13103.240000,0.948696,,True,52.820000,True,MEDIUM_PRIORITY,False,"Review collections, payments and liquidity visibility.",Cash Management,25.000000,69,True,CONTACT_DUE,TASK000032,10,AUTHORISED_RELATIONSHIP_MANAGER,False
OPP0008851,SME000168,RM042,CASH_MANAGEMENT,0.583532,0.750000,1.000000,89.440000,12,18060712.470000,26,0.043457,0,58,NONE,True,True,True,False,False,SMALL,Healthcare,Mediterranean,9963097.370000,8699130.270000,4653462.490000,5643961.850000,0.000000,0.000000,0.000000,426134.130000,1218915.171667,157,DERIVED_ANALYTICS,1,0.355218,0.113976,HIGH_DIGITAL_ENGAGEMENT,LOWER_CREDIT_RISK_SIGNAL,MATERIAL_BUSINESS_SCALE,17398260.540000,191380.870000,52194.780000,0.000000,41755.830000,7516.050000,3509.740000,128160.300000,3.069279,14187.210000,0.952576,,True,59.110000,True,MEDIUM_PRIORITY,False,"Review collections, payments and liquidity visibility.",Cash Management,3.000000,49,True,CONTACT_DUE,TASK000033,10,AUTHORISED_RELATIONSHIP_MANAGER,False
OPP0002280,SME000169,RM047,POS_MERCHANT_ACQUIRING,0.525158,0.625000,1.000000,57.640000,41,15395001.030000,8,0.040533,0,0,NONE,True,True,True,True,False,MICRO,Healthcare,Central Anatolia,7971426.660000,7370418.040000,4286044.250000,1673404.000000,2250190.540000,0.000000,1057875.480000,281517.953333,746902.336667,28,DERIVED_ANALYTICS,1,0.295932,0.119651,CROSS_BORDER_ACTIVITY,LOWER_CREDIT_RISK_SIGNAL,MATERIAL_BUSINESS_SCALE,8572088.500000,111437.150000,25716.270000,0.000000,51432.530000,9257.860000,2185.810000,74277.210000,1.444168,8467.340000,0.925146,,True,54.690000,True,MEDIUM_PRIORITY,False,"Discuss merchant collections, settlement speed and acquiring economics.",POS & Merchant Acquiring,12.000000,67,True,CONTACT_DUE,TASK000034,10,AUTHORISED_RELATIONSHIP_MANAGER,False
OPP0002281,SME000170,RM017,POS_MERCHANT_ACQUIRING,0.532299,0.625000,1.000000,54.570000,66,151585394.140000,124,0.026875,0,0,NONE,True,True,True,True,True,MEDIUM,Hospitality,Aegean,79040911.300000,73463896.890000,34885062.450000,25778337.710000,19249073.450000,19054058.350000,21098670.000000,2870934.375000,8588642.793333,4,DERIVED_ANALYTICS,1,0.303735,0.088747,CROSS_BORDER_ACTIVITY,LOWER_CREDIT_RISK_SIGNAL,MATERIAL_BUSINESS_SCALE,69770124.900000,907011.620000,209310.370000,0.000000,418620.750000,75351.740000,11365.520000,610983.990000,1.459517,53803.060000,0.992779,,True,53.540000,True,MEDIUM_PRIORITY,False,"Discuss merchant collections, settlement speed and acquiring economics.",POS & Merchant Acquiring,11.000000,60,True,CONTACT_DUE,TASK000035,10,AUTHORISED_RELATIONSHIP_MANAGER,False
OPP0006703,SME000173,RM009,PAYROLL_SERVICES,0.860398,1.000000,0.000000,54.880000,53,130910452.590000,227,0.041076,0,0,NONE,True,True,True,True,True,MEDIUM,Healthcare,Marmara,73307477.340000,61592214.550000,35730662.400000,48796908.130000,21435291.760000,16488451.310000,19943052.930000,3153844.608333,5147687.811667,81,DERIVED_ANALYTICS,1,0.607968,0.101750,CROSS_BORDER_ACTIVITY,STRONG_PRODUCT_NEED_SIGNAL,MATERIAL_BUSINESS_SCALE,97593816.260000,1171125.800000,292781.450000,0.000000,234225.160000,42160.530000,15539.070000,820644.750000,3.503658,83080.230000,0.997359,,True,75.490000,True,MEDIUM_PRIORITY,False,Discuss payroll automation and employee banking needs.,Payroll Services,1.000000,69,True,CONTACT_DUE,TASK000036,10,AUTHORISED_RELATIONSHIP_MANAGER,False
OPP0006713,SME000187,RM012,PAYROLL_SERVICES,0.591504,0.875000,1.000000,33.520000,130,26896347.720000,41,0.024245,0,0,NONE,True,False,True,False,False,SMALL,Hospitality,Central Anatolia,12993557.160000,11461007.760000,6666465.570000,8813012.250000,0.000000,0.000000,0.000000,496436.445000,1743327.961667,10,DERIVED_ANALYTICS,1,0.350323,0.049799,ESTABLISHED_RELATIONSHIP,LOWER_CREDIT_RISK_SIGNAL,MATERIAL_BUSINESS_SCALE,17626024.500000,211512.290000,52878.070000,0.000000,42302.460000,7614.440000,3543.900000,147475.880000,3.486225,6924.160000,0.913990,,True,53.910000,True,MEDIUM_PRIORITY,False,Discuss payroll automation and employee banking needs.,Payroll Services,17.000000,50,True,CONTACT_DUE,TASK000037,10,AUTHORISED_RELATIONSHIP_MANAGER,False
OPP0002296,SME000188,RM035,POS_MERCHANT_ACQUIRING,0.536141,0.500000,1.000000,91.960000,58,12612493.440000,2,0.036198,0,0,NONE,True,True,True,False,False,MICRO,Hospitality,Central Anatolia,7285504.650000,6234678.240000,3354734.400000,459846.290000,0.000000,0.000000,0.000000,289131.338333,815270.578333,93,DERIVED_ANALYTICS,1,0.366282,0.086010,HIGH_DIGITAL_ENGAGEMENT,LOWER_CREDIT_RISK_SIGNAL,MATERIAL_BUSINESS_SCALE,6709468.800000,87223.090000,20128.410000,0.000000,40256.810000,7246.230000,1906.420000,57942.030000,1.439310,4563.580000,0.888742,,True,52.250000,True,MEDIUM_PRIORITY,False,"Discuss merchant collections, settlement speed and acquiring economics.",POS & Merchant Acquiring,17.000000,59,True,CONTACT_DUE,TASK000038,10,AUTHORISED_RELATIONSHIP_MANAGER,False
OPP0008864,SME000189,RM008,CASH_MANAGEMENT,0.563526,0.875000,0.053131,93.360000,80,12190993.450000,8,0.038984,0,0,NONE,True,False,True,False,True,MICRO,Agriculture,Marmara,6729573.810000,6102782.690000,372724.880000,1903014.820000,0.000000,1542268.440000,855004.130000,230229.150000,347921.086667,93,DERIVED_ANALYTICS,1,0.375552,0.061602,CROSS_BORDER_ACTIVITY,ESTABLISHED_RELATIONSHIP,HIGH_DIGITAL_ENGAGEMENT,12205565.380000,134261.220000,36616.700000,0.000000,29293.360000,5272.800000,2730.830000,89640.890000,3.060110,5102.080000,0.895182,,True,54.820000,True,MEDIUM_PRIORITY,False,"Review collections, payments and liquidity visibility.",Cash Management,16.000000,69,True,CONTACT_DUE,TASK000039,10,AUTHORISED_RELATIONSHIP_MANAGER,False
OPP0002299,SME000191,RM045,POS_MERCHANT_ACQUIRING,0.528507,0.750000,0.750682,64.770000,134,11419807.000000,3,0.020645,15,0,NONE,True,True,True,False,False,MICRO,Retail Trade,Aegean,5545314.150000,5097760.930000,2974236.650000,636382.160000,0.000000,0.000000,0.000000,186286.775000,593654.005000,37,DERIVED_ANALYTICS,1,0.364321,0.115859,ESTABLISHED_RELATIONSHIP,LOWER_CREDIT_RISK_SIGNAL,MATERIAL_BUSINESS_SCALE,5948473.300000,77330.150000,17845.420000,0.000000,35690.840000,6424.350000,1792.270000,51268.110000,1.436450,5519.850000,0.900410,,True,57.420000,True,MEDIUM_PRIORITY,False,"Discuss merchant collections, settlement speed and acquiring economics.",POS & Merchant Acquiring,13.000000,46,True,CONTACT_DUE,TASK000040,10,AUTHORISED_RELATIONSHIP_MANAGER,False
OPP0008869,SME000197,RM047,CASH_MANAGEMENT,0.786344,0.875000,0.068421,56.490000,121,181263349.850000,229,0.022645,0,0,LOW,True,True,True,False,False,MEDIUM,Healthcare,Central Anatolia,98524487.060000,87966012.590000,53487998.420000,39416408.200000,0.000000,0.000000,0.000000,4288914.628333,9324120.753333,113,DERIVED_ANALYTICS,1,0.628267,0.043917,ESTABLISHED_RELATIONSHIP,LOWER_CREDIT_RISK_SIGNAL,MATERIAL_BUSINESS_SCALE,175932025.180000,1935252.280000,527796.080000,0.000000,422236.860000,76002.630000,27289.800000,1304163.770000,3.088702,56854.780000,0.993695,,True,67.990000,True,MEDIUM_PRIORITY,False,"Review collections, payments and liquidity visibility.",Cash Management,3.000000,67,True,CONTACT_DUE,TASK000041,10,AUTHORISED_RELATIONSHIP_MANAGER,False
OPP0002307,SME000199,RM039,POS_MERCHANT_ACQUIRING,0.525908,1.000000,0.000000,61.400000,133,27639869.580000,10,0.028624,0,0,NONE,True,True,True,False,True,SMALL,Hospitality,Eastern,15725641.450000,13834437.260000,7825437.320000,2145576.660000,0.000000,2965907.680000,1673929.020000,656359.538333,1462018.496667,270,DERIVED_ANALYTICS,1,0.368316,0.079545,ESTABLISHED_RELATIONSHIP,CROSS_BORDER_ACTIVITY,LOWER_CREDIT_RISK_SIGNAL,15650874.640000,203461.370000,46952.620000,0.000000,93905.250000,16902.940000,3247.630000,136358.180000,1.452083,10426.660000,0.937002,,True,57.380000,True,MEDIUM_PRIORITY,False,"Discuss merchant collections, settlement speed and acquiring economics.",POS & Merchant Acquiring,5.000000,47,True,CONTACT_DUE,TASK000042,10,AUTHORISED_RELATIONSHIP_MANAGER,False
OPP0008872,SME000200,RM015,CASH_MANAGEMENT,0.615105,0.875000,0.018857,83.420000,71,31204546.330000,14,0.031600,0,119,NONE,True,False,True,False,False,SMALL,Professional Services,Marmara,17562312.630000,15555258.540000,1463673.260000,3047982.710000,0.000000,0.000000,0.000000,687259.625000,2325862.415000,28,DERIVED_ANALYTICS,1,0.422895,0.070664,ESTABLISHED_RELATIONSHIP,LOWER_CREDIT_RISK_SIGNAL,HIGH_DIGITAL_ENGAGEMENT,31110517.080000,342215.690000,93331.550000,0.000000,74665.240000,13439.740000,5566.580000,229877.820000,3.078780,15824.080000,0.958235,,True,59.420000,True,MEDIUM_PRIORITY,False,"Review collections, payments and liquidity visibility.",Cash Management,11.000000,66,True,CONTACT_DUE,TASK000043,10,AUTHORISED_RELATIONSHIP_MANAGER,False
OPP0002310,SME000202,RM009,POS_MERCHANT_ACQUIRING,0.555529,0.875000,1.000000,48.530000,93,32138467.560000,49,0.015623,0,0,NONE,True,True,True,False,False,SMALL,Healthcare,Marmara,18022329.770000,16382191.790000,10341684.580000,8593197.450000,0.000000,0.000000,0.000000,706499.970000,1390843.505000,26,DERIVED_ANALYTICS,1,0.358669,0.098741,ESTABLISHED_RELATIONSHIP,LOWER_CREDIT_RISK_SIGNAL,MATERIAL_BUSINESS_SCALE,20683369.160000,268883.800000,62050.110000,0.000000,124100.210000,22338.040000,4002.510000,180493.140000,1.454414,17402.120000,0.962546,,True,58.660000,True,MEDIUM_PRIORITY,False,"Discuss merchant collections, settlement speed and acquiring economics.",POS & Merchant Acquiring,21.000000,69,True,CONTACT_DUE,TASK000044,10,AUTHORISED_RELATIONSHIP_MANAGER,False
OPP0006735,SME000218,RM034,PAYROLL_SERVICES,0.640526,0.875000,0.783574,43.490000,38,20498291.940000,47,0.012549,0,60,NONE,True,True,True,True,True,SMALL,Retail Trade,Aegean,11158306.940000,10037151.030000,5301754.770000,8574007.210000,3659996.240000,2716405.010000,2795393.910000,413330.113333,725533.371667,210,DERIVED_ANALYTICS,1,0.295060,0.144595,CROSS_BORDER_ACTIVITY,LOWER_CREDIT_RISK_SIGNAL,MATERIAL_BUSINESS_SCALE,17148014.420000,205776.170000,51444.040000,0.000000,41155.230000,7407.940000,3472.200000,143451.990000,3.485632,20322.390000,0.967773,,True,62.720000,True,MEDIUM_PRIORITY,False,Discuss payroll automation and employee banking needs.,Payroll Services,6.000000,61,True,CONTACT_DUE,TASK000045,10,AUTHORISED_RELATIONSHIP_MANAGER,False
OPP0008886,SME000223,RM004,CASH_MANAGEMENT,0.526697,0.750000,1.000000,87.170000,96,11164838.610000,5,0.046886,5,0,NONE,True,True,True,False,False,MICRO,Healthcare,Central Anatolia,6172675.090000,5509575.590000,3477949.940000,1031849.070000,0.000000,0.000000,0.000000,269762.535000,657324.396667,34,DERIVED_ANALYTICS,1,0.387088,0.105824,ESTABLISHED_RELATIONSHIP,HIGH_DIGITAL_ENGAGEMENT,LOWER_CREDIT_RISK_SIGNAL,11019151.180000,121210.660000,33057.450000,0.000000,26445.960000,4760.270000,2552.870000,80840.070000,3.056802,8134.860000,0.923421,,True,57.620000,True,MEDIUM_PRIORITY,False,"Review collections, payments and liquidity visibility.",Cash Management,7.000000,59,True,CONTACT_DUE,TASK000046,10,AUTHORISED_RELATIONSHIP_MANAGER,False
OPP0006741,SME000229,RM048,PAYROLL_SERVICES,0.943329,0.750000,0.149413,47.480000,109,40411103.710000,244,0.016418,5,0,NONE,True,True,True,False,False,MEDIUM,Transportation,Eastern,20536092.540000,17439888.360000,724267.410000,50721089.590000,0.000000,0.000000,0.000000,567746.860000,2712292.858333,14,DERIVED_ANALYTICS,1,0.743151,0.013329,ESTABLISHED_RELATIONSHIP,STRONG_PRODUCT_NEED_SIGNAL,LOWER_CREDIT_RISK_SIGNAL,101442179.180000,1217306.150000,304326.540000,0.000000,243461.230000,43823.020000,16116.330000,853040.260000,3.503803,10949.850000,0.939049,,True,70.140000,True,MEDIUM_PRIORITY,False,Discuss payroll automation and employee banking needs.,Payroll Services,3.000000,64,True,CONTACT_DUE,TASK000047,10,AUTHORISED_RELATIONSHIP_MANAGER,False
OPP0008890,SME000231,RM032,CASH_MANAGEMENT,0.764974,0.625000,1.000000,50.320000,100,189372612.550000,93,0.007439,0,0,NONE,True,True,True,True,False,MEDIUM,Professional Services,Aegean,103607668.810000,89894048.810000,6334829.740000,19469838.810000,24733049.130000,0.000000,14017604.060000,2543246.270000,12099799.073333,107,DERIVED_ANALYTICS,1,0.572117,0.061726,ESTABLISHED_RELATIONSHIP,CROSS_BORDER_ACTIVITY,LOWER_CREDIT_RISK_SIGNAL,179788097.620000,1977669.070000,539364.290000,0.000000,431491.430000,77668.460000,27868.210000,1332768.110000,3.088748,81846.990000,0.997144,,True,64.890000,True,MEDIUM_PRIORITY,False,"Review collections, payments and liquidity visibility.",Cash Management,4.000000,50,True,CONTACT_DUE,TASK000048,10,AUTHORISED_RELATIONSHIP_MANAGER,False
OPP0008891,SME000232,RM032,CASH_MANAGEMENT,0.775428,0.625000,1.000000,51.180000,8,202448961.850000,162,0.076232,15,24,LOW,True,True,True,True,False,MEDIUM,Construction,Aegean,114497736.480000,99831667.790000,4595994.530000,37245408.880000,35013215.830000,0.000000,17703412.090000,4053796.740000,12640228.325000,2,DERIVED_ANALYTICS,1,0.426916,0.082639,CROSS_BORDER_ACTIVITY,MATERIAL_BUSINESS_SCALE,STRONG_PRODUCT_NEED_SIGNAL,199663335.580000,2196296.690000,598990.010000,0.000000,479192.010000,86254.560000,30849.500000,1480202.620000,3.088955,121901.950000,0.999353,,True,62.400000,True,MEDIUM_PRIORITY,False,"Review collections, payments and liquidity visibility.",Cash Management,6.000000,50,True,CONTACT_DUE,TASK000049,10,AUTHORISED_RELATIONSHIP_MANAGER,False
OPP0002328,SME000233,RM041,POS_MERCHANT_ACQUIRING,0.560664,0.750000,1.000000,78.300000,87,15295351.090000,9,0.023006,0,0,NONE,True,True,True,False,False,MICRO,Healthcare,Marmara,7806844.100000,6880221.380000,4131366.260000,1824267.710000,0.000000,0.000000,0.000000,297000.986667,524893.903333,17,DERIVED_ANALYTICS,1,0.421479,0.109857,ESTABLISHED_RELATIONSHIP,LOWER_CREDIT_RISK_SIGNAL,HIGH_DIGITAL_ENGAGEMENT,8262732.520000,107415.520000,24788.200000,0.000000,49576.400000,8923.750000,2139.410000,71564.160000,1.443513,7441.800000,0.918571,,True,59.740000,True,MEDIUM_PRIORITY,False,"Discuss merchant collections, settlement speed and acquiring economics.",POS & Merchant Acquiring,14.000000,55,True,CONTACT_DUE,TASK000050,10,AUTHORISED_RELATIONSHIP_MANAGER,False
OPP0008893,SME000236,RM046,CASH_MANAGEMENT,0.689143,0.625000,0.845475,43.980000,133,142928185.760000,168,0.056234,0,0,NONE,True,True,True,False,True,MEDIUM,Manufacturing,Mediterranean,88319779.950000,75556294.290000,5997785.640000,41311838.920000,0.000000,18197924.760000,13001037.330000,4070961.621667,4525893.340000,64,DERIVED_ANALYTICS,1,0.464916,0.019121,ESTABLISHED_RELATIONSHIP,CROSS_BORDER_ACTIVITY,MATERIAL_BUSINESS_SCALE,151112588.580000,1662238.470000,453337.770000,0.000000,362670.210000,65280.640000,23566.890000,1120053.170000,3.088352,20996.900000,0.969390,,True,55.460000,True,MEDIUM_PRIORITY,False,"Review collections, payments and liquidity visibility.",Cash Management,8.000000,63,True,CONTACT_DUE,TASK000051,10,AUTHORISED_RELATIONSHIP_MANAGER,False
OPP0006750,SME000239,RM010,PAYROLL_SERVICES,0.981624,0.625000,1.000000,66.250000,76,118887305.150000,243,0.058187,0,0,NONE,True,True,True,False,True,MEDIUM,Transportation,Central Anatolia,58934345.950000,49477204.900000,3329288.050000,51699330.650000,0.000000,10351761.230000,6600601.310000,2155710.035000,6028422.020000,10,DERIVED_ANALYTICS,1,0.756025,0.016939,CROSS_BORDER_ACTIVITY,STRONG_PRODUCT_NEED_SIGNAL,ESTABLISHED_RELATIONSHIP,103398661.300000,1240783.940000,310195.980000,0.000000,248156.790000,44668.220000,16409.800000,869509.940000,3.503873,14308.960000,0.953007,,True,70.720000,True,MEDIUM_PRIORITY,False,Discuss payroll automation and employee banking needs.,Payroll Services,2.000000,58,True,CONTACT_DUE,TASK000052,10,AUTHORISED_RELATIONSHIP_MANAGER,False
OPP0002334,SME000241,RM002,POS_MERCHANT_ACQUIRING,0.544665,1.000000,0.000000,54.230000,50,46723300.790000,43,0.029309,0,0,NONE,True,True,True,False,False,SMALL,Healthcare,Marmara,24698226.680000,22079230.580000,12868793.390000,8090421.940000,0.000000,0.000000,0.000000,901208.196667,2017251.145000,5,DERIVED_ANALYTICS,1,0.314958,0.094019,LOWER_CREDIT_RISK_SIGNAL,MATERIAL_BUSINESS_SCALE,ESTABLISHED_RELATIONSHIP,25737586.780000,334588.630000,77212.760000,0.000000,154425.520000,27796.590000,4760.640000,224818.640000,1.455839,20717.190000,0.968474,,True,57.960000,True,MEDIUM_PRIORITY,False,"Discuss merchant collections, settlement speed and acquiring economics.",POS & Merchant Acquiring,15.000000,57,True,CONTACT_DUE,TASK000053,10,AUTHORISED_RELATIONSHIP_MANAGER,False
OPP0008906,SME000254,RM006,CASH_MANAGEMENT,0.618207,0.875000,1.000000,53.210000,60,85180087.070000,184,0.013852,60,0,NONE,True,True,True,True,True,MEDIUM,Healthcare,Aegean,49780437.100000,43114424.680000,27073335.280000,33831366.820000,10234839.390000,11550483.500000,9773512.440000,1709597.406667,3215010.051667,17,DERIVED_ANALYTICS,1,0.381715,0.123628,CROSS_BORDER_ACTIVITY,LOWER_CREDIT_RISK_SIGNAL,MATERIAL_BUSINESS_SCALE,86228849.360000,948517.340000,258686.550000,0.000000,206949.240000,37250.860000,13834.330000,638745.600000,3.086484,78547.150000,0.996713,,True,63.630000,True,MEDIUM_PRIORITY,False,"Review collections, payments and liquidity visibility.",Cash Management,4.000000,63,True,CONTACT_DUE,TASK000054,10,AUTHORISED_RELATIONSHIP_MANAGER,False
OPP0006764,SME000256,RM026,PAYROLL_SERVICES,0.614351,0.875000,1.000000,83.070000,66,23315303.350000,44,0.044817,15,180,NONE,True,True,True,False,False,SMALL,Retail Trade,Black Sea,12963754.390000,11953693.600000,6516412.770000,9673347.020000,0.000000,0.000000,0.000000,425718.721667,922672.191667,87,DERIVED_ANALYTICS,1,0.388920,0.057916,HIGH_DIGITAL_ENGAGEMENT,ESTABLISHED_RELATIONSHIP,LOWER_CREDIT_RISK_SIGNAL,19346694.040000,232160.330000,58040.080000,0.000000,46432.070000,8357.770000,3802.000000,161960.480000,3.488117,8960.140000,0.928163,,True,56.630000,True,MEDIUM_PRIORITY,False,Discuss payroll automation and employee banking needs.,Payroll Services,1.000000,60,True,CONTACT_DUE,TASK000055,10,AUTHORISED_RELATIONSHIP_MANAGER,False
OPP0002352,SME000266,RM009,POS_MERCHANT_ACQUIRING,0.595782,0.500000,1.000000,66.320000,46,40626109.860000,36,0.079040,0,0,NONE,True,True,True,False,False,SMALL,Hospitality,Marmara,24261137.400000,20243616.970000,13803989.150000,6468252.250000,0.000000,0.000000,0.000000,846403.391667,2488260.246667,12,DERIVED_ANALYTICS,1,0.325031,0.082498,MATERIAL_BUSINESS_SCALE,HIGH_DIGITAL_ENGAGEMENT,LOWER_CREDIT_RISK_SIGNAL,27607978.300000,358903.720000,82823.930000,0.000000,165647.870000,29816.620000,5041.200000,241221.970000,1.456233,19480.320000,0.965671,,True,53.320000,True,MEDIUM_PRIORITY,False,"Discuss merchant collections, settlement speed and acquiring economics.",POS & Merchant Acquiring,33.000000,69,True,CONTACT_DUE,TASK000056,10,AUTHORISED_RELATIONSHIP_MANAGER,False
OPP0008923,SME000278,RM009,CASH_MANAGEMENT,0.561734,0.875000,0.430037,77.310000,89,24857254.750000,11,0.022664,60,0,NONE,True,True,True,True,False,SMALL,Hospitality,Marmara,13825838.110000,12662419.160000,5765972.510000,2478619.010000,3630350.480000,0.000000,1977100.870000,570410.525000,1187544.241667,117,DERIVED_ANALYTICS,1,0.358202,0.134915,ESTABLISHED_RELATIONSHIP,CROSS_BORDER_ACTIVITY,LOWER_CREDIT_RISK_SIGNAL,25324838.320000,278573.220000,75974.510000,0.000000,60779.610000,10940.330000,4698.730000,186959.650000,3.076026,24803.630000,0.974510,,True,62.250000,True,MEDIUM_PRIORITY,False,"Review collections, payments and liquidity visibility.",Cash Management,15.000000,69,True,CONTACT_DUE,TASK000057,10,AUTHORISED_RELATIONSHIP_MANAGER,False
OPP0008924,SME000279,RM007,CASH_MANAGEMENT,0.615277,0.875000,0.000000,70.730000,130,51083952.730000,45,0.064678,0,0,LOW,True,True,True,False,False,SMALL,Construction,Central Anatolia,26707393.560000,24564260.050000,1061011.070000,10415431.000000,0.000000,0.000000,0.000000,1018327.870000,1687637.165000,107,DERIVED_ANALYTICS,1,0.437612,0.075515,ESTABLISHED_RELATIONSHIP,MATERIAL_BUSINESS_SCALE,HIGH_DIGITAL_ENGAGEMENT,49128520.100000,540413.720000,147385.560000,0.000000,117908.450000,21223.520000,8269.280000,363535.360000,3.083200,27032.390000,0.977258,,True,60.680000,True,MEDIUM_PRIORITY,False,"Review collections, payments and liquidity visibility.",Cash Management,10.000000,57,True,CONTACT_DUE,TASK000058,10,AUTHORISED_RELATIONSHIP_MANAGER,False
OPP0006789,SME000290,RM009,PAYROLL_SERVICES,0.450928,0.875000,1.000000,99.300000,32,30964536.110000,41,0.015152,0,0,NONE,True,False,True,False,False,SMALL,Manufacturing,Marmara,16552892.310000,15133416.740000,841148.230000,7965185.320000,0.000000,0.000000,0.000000,399697.411667,1037984.528333,293,DERIVED_ANALYTICS,1,0.270944,0.113651,HIGH_DIGITAL_ENGAGEMENT,LOWER_CREDIT_RISK_SIGNAL,MATERIAL_BUSINESS_SCALE,15930370.640000,191164.450000,47791.110000,0.000000,38232.890000,6881.920000,3289.560000,133201.860000,3.483960,14718.550000,0.954570,,True,54.750000,True,MEDIUM_PRIORITY,False,Discuss payroll automation and employee banking needs.,Payroll Services,30.000000,69,True,CONTACT_DUE,TASK000059,10,AUTHORISED_RELATIONSHIP_MANAGER,False
OPP0008933,SME000292,RM029,CASH_MANAGEMENT,0.629672,0.750000,1.000000,68.630000,98,60149732.350000,36,0.041506,0,0,NONE,True,True,True,True,False,SMALL,Hospitality,Marmara,32595959.630000,29344087.880000,15919099.380000,8055877.740000,9704565.890000,0.000000,4379102.530000,1084469.736667,2951219.481667,211,DERIVED_ANALYTICS,1,0.383572,0.143829,ESTABLISHED_RELATIONSHIP,CROSS_BORDER_ACTIVITY,MATERIAL_BUSINESS_SCALE,58688175.760000,645569.930000,176064.530000,0.000000,140851.620000,25353.290000,9703.230000,434448.880000,3.084444,62066.370000,0.994773,,True,64.480000,True,MEDIUM_PRIORITY,False,"Review collections, payments and liquidity visibility.",Cash Management,7.000000,56,True,CONTACT_DUE,TASK000060,10,AUTHORISED_RELATIONSHIP_MANAGER,False
OPP0002374,SME000293,RM015,POS_MERCHANT_ACQUIRING,0.514832,0.625000,1.000000,70.900000,61,26497793.380000,34,0.027271,0,0,NONE,True,True,True,False,False,SMALL,Healthcare,Marmara,13839577.910000,11949423.480000,6285962.170000,6926235.480000,0.000000,0.000000,0.000000,451130.500000,1679708.925000,178,DERIVED_ANALYTICS,1,0.337661,0.111418,LOWER_CREDIT_RISK_SIGNAL,MATERIAL_BUSINESS_SCALE,ESTABLISHED_RELATIONSHIP,12571924.340000,163435.020000,37715.770000,0.000000,75431.550000,13577.680000,2785.790000,109355.780000,1.449735,11764.230000,0.942498,,True,55.370000,True,MEDIUM_PRIORITY,False,"Discuss merchant collections, settlement speed and acquiring economics.",POS & Merchant Acquiring,18.000000,66,True,CONTACT_DUE,TASK000061,10,AUTHORISED_RELATIONSHIP_MANAGER,False
OPP0008938,SME000298,RM044,CASH_MANAGEMENT,0.763323,0.875000,0.036046,68.880000,111,129444259.330000,208,0.042662,0,34,NONE,True,True,True,False,False,MEDIUM,Manufacturing,Eastern,69157813.410000,62478392.620000,3856188.030000,38262374.320000,0.000000,0.000000,0.000000,2394267.830000,6661525.501667,20,DERIVED_ANALYTICS,1,0.590727,0.064309,ESTABLISHED_RELATIONSHIP,MATERIAL_BUSINESS_SCALE,LOWER_CREDIT_RISK_SIGNAL,124956785.240000,1374524.640000,374870.360000,0.000000,299896.280000,53981.330000,19643.520000,926029.430000,3.087832,59131.790000,0.994126,,True,68.130000,True,MEDIUM_PRIORITY,False,"Review collections, payments and liquidity visibility.",Cash Management,3.000000,50,True,CONTACT_DUE,TASK000062,10,AUTHORISED_RELATIONSHIP_MANAGER,False
OPP0008942,SME000304,RM029,CASH_MANAGEMENT,0.540523,0.875000,0.757901,71.450000,77,25979662.650000,11,0.054108,0,0,NONE,True,True,True,True,False,SMALL,Manufacturing,Marmara,15214998.850000,13398834.350000,1019945.540000,2240494.730000,3684520.410000,0.000000,2242740.270000,449723.525000,1543030.513333,8,DERIVED_ANALYTICS,1,0.301494,0.149399,CROSS_BORDER_ACTIVITY,ESTABLISHED_RELATIONSHIP,MATERIAL_BUSINESS_SCALE,26797668.700000,294774.360000,80393.010000,0.000000,64314.400000,11576.590000,4919.650000,197885.110000,3.076840,29143.790000,0.979629,,True,61.370000,True,MEDIUM_PRIORITY,False,"Review collections, payments and liquidity visibility.",Cash Management,11.000000,56,True,CONTACT_DUE,TASK000063,10,AUTHORISED_RELATIONSHIP_MANAGER,False
OPP0008944,SME000307,RM047,CASH_MANAGEMENT,0.661475,0.625000,1.000000,76.610000,98,56817300.800000,14,0.008476,0,0,NONE,True,True,True,False,True,SMALL,Wholesale Trade,Central Anatolia,32749635.000000,28955561.460000,1849161.360000,3058146.640000,0.000000,6114207.190000,3520207.090000,898960.683333,3248685.318333,82,DERIVED_ANALYTICS,1,0.479256,0.038332,ESTABLISHED_RELATIONSHIP,CROSS_BORDER_ACTIVITY,LOWER_CREDIT_RISK_SIGNAL,57911122.920000,637022.350000,173733.370000,0.000000,138986.700000,25017.610000,9586.670000,428684.700000,3.084358,16012.520000,0.958935,,True,56.850000,True,MEDIUM_PRIORITY,False,"Review collections, payments and liquidity visibility.",Cash Management,7.000000,67,True,CONTACT_DUE,TASK000064,10,AUTHORISED_RELATIONSHIP_MANAGER,False
OPP0008945,SME000308,RM019,CASH_MANAGEMENT,0.473837,0.875000,1.000000,61.510000,44,21552899.540000,49,0.013407,0,0,NONE,True,True,True,False,False,SMALL,Manufacturing,Aegean,12032497.170000,10927450.050000,349304.220000,10248902.690000,0.000000,0.000000,0.000000,471445.470000,1096464.205000,97,DERIVED_ANALYTICS,1,0.210835,0.101288,LOWER_CREDIT_RISK_SIGNAL,MATERIAL_BUSINESS_SCALE,HIGH_DIGITAL_ENGAGEMENT,21854900.100000,240403.900000,65564.700000,0.000000,52451.760000,9441.320000,4178.240000,161219.640000,3.073675,15909.560000,0.958450,,True,52.290000,True,MEDIUM_PRIORITY,False,"Review collections, payments and liquidity visibility.",Cash Management,15.000000,70,True,CONTACT_DUE,TASK000065,10,AUTHORISED_RELATIONSHIP_MANAGER,False
OPP0008946,SME000309,RM001,CASH_MANAGEMENT,0.695002,0.875000,0.879368,82.880000,135,59522423.570000,40,0.011507,0,0,NONE,True,True,True,False,True,SMALL,Technology,Mediterranean,33238570.230000,29340375.020000,1829563.300000,8090815.240000,0.000000,9051457.510000,6108928.120000,1259296.171667,1865772.726667,89,DERIVED_ANALYTICS,1,0.578045,0.081088,ESTABLISHED_RELATIONSHIP,CROSS_BORDER_ACTIVITY,LOWER_CREDIT_RISK_SIGNAL,58680750.040000,645488.250000,176042.250000,0.000000,140833.800000,25350.080000,9702.110000,434393.810000,3.084443,34804.140000,0.984102,,True,67.550000,True,MEDIUM_PRIORITY,False,"Review collections, payments and liquidity visibility.",Cash Management,1.000000,49,True,CONTACT_DUE,TASK000066,10,AUTHORISED_RELATIONSHIP_MANAGER,False
OPP0008947,SME000310,RM041,CASH_MANAGEMENT,0.534657,0.750000,0.542352,63.080000,116,34755271.730000,15,0.044491,0,0,NONE,True,True,True,True,False,SMALL,Technology,Marmara,19874528.050000,17527274.530000,733740.870000,3394235.050000,5109059.270000,0.000000,2467224.700000,616256.995000,2692302.093333,29,DERIVED_ANALYTICS,1,0.344876,0.121114,ESTABLISHED_RELATIONSHIP,CROSS_BORDER_ACTIVITY,MATERIAL_BUSINESS_SCALE,35054549.060000,385600.040000,105163.650000,0.000000,84130.920000,15143.570000,6158.180000,259134.640000,3.080136,30964.870000,0.981677,,True,58.870000,True,MEDIUM_PRIORITY,False,"Review collections, payments and liquidity visibility.",Cash Management,16.000000,55,True,CONTACT_DUE,TASK000067,10,AUTHORISED_RELATIONSHIP_MANAGER,False
OPP0006805,SME000311,RM046,PAYROLL_SERVICES,0.724675,0.875000,0.017503,85.890000,122,20032874.560000,45,0.060431,0,0,NONE,True,True,True,False,False,SMALL,Construction,Mediterranean,10832976.470000,9273982.230000,627715.320000,9734582.200000,0.000000,0.000000,0.000000,353641.816667,865024.825000,189,DERIVED_ANALYTICS,1,0.585005,0.078449,ESTABLISHED_RELATIONSHIP,HIGH_DIGITAL_ENGAGEMENT,MATERIAL_BUSINESS_SCALE,19469164.400000,233629.970000,58407.490000,0.000000,46725.990000,8410.680000,3820.370000,162991.430000,3.488239,12366.470000,0.945031,,True,67.480000,True,MEDIUM_PRIORITY,False,Discuss payroll automation and employee banking needs.,Payroll Services,2.000000,63,True,CONTACT_DUE,TASK000068,10,AUTHORISED_RELATIONSHIP_MANAGER,False
OPP0008952,SME000316,RM047,CASH_MANAGEMENT,0.913290,0.875000,0.043232,81.150000,129,354683763.190000,152,0.002000,0,0,NONE,True,True,True,True,True,MEDIUM,Professional Services,Central Anatolia,214414373.970000,192484044.330000,10221971.770000,33523503.090000,45169830.550000,59065856.390000,61334633.430000,8759235.555000,16106083.470000,67,DERIVED_ANALYTICS,1,0.781774,0.028950,ESTABLISHED_RELATIONSHIP,CROSS_BORDER_ACTIVITY,LOWER_CREDIT_RISK_SIGNAL,250000000.000000,2750000.000000,750000.000000,0.000000,600000.000000,108000.000000,38400.000000,1853600.000000,3.089333,53241.110000,0.992563,,True,74.330000,True,MEDIUM_PRIORITY,False,"Review collections, payments and liquidity visibility.",Cash Management,1.000000,67,True,CONTACT_DUE,TASK000069,10,AUTHORISED_RELATIONSHIP_MANAGER,False
OPP0008953,SME000318,RM045,CASH_MANAGEMENT,0.621202,0.875000,0.072929,85.200000,18,31663631.190000,3,0.068746,0,0,NONE,True,True,True,False,False,MICRO,Manufacturing,Aegean,15899176.560000,13929938.520000,506139.950000,588776.920000,0.000000,0.000000,0.000000,475135.506667,1554820.191667,176,DERIVED_ANALYTICS,1,0.331769,0.133391,HIGH_DIGITAL_ENGAGEMENT,MATERIAL_BUSINESS_SCALE,LOWER_CREDIT_RISK_SIGNAL,27859877.040000,306458.650000,83579.630000,0.000000,66863.700000,12035.470000,5078.980000,205764.570000,3.077373,27027.050000,0.977204,,True,62.630000,True,MEDIUM_PRIORITY,False,"Review collections, payments and liquidity visibility.",Cash Management,7.000000,46,True,CONTACT_DUE,TASK000070,10,AUTHORISED_RELATIONSHIP_MANAGER,False
OPP0008958,SME000328,RM018,CASH_MANAGEMENT,0.775344,0.750000,0.695017,72.640000,40,128673202.400000,36,0.031276,0,0,NONE,True,True,True,False,True,SMALL,Manufacturing,Mediterranean,69273243.040000,57577473.950000,3652871.840000,7365610.790000,0.000000,15193862.470000,7406223.120000,2768114.673333,8794325.740000,315,DERIVED_ANALYTICS,1,0.492413,0.105511,CROSS_BORDER_ACTIVITY,MATERIAL_BUSINESS_SCALE,LOWER_CREDIT_RISK_SIGNAL,115154947.900000,1266704.430000,345464.840000,0.000000,276371.870000,49746.940000,18173.240000,853319.410000,3.087577,89614.790000,0.997737,,True,67.770000,True,MEDIUM_PRIORITY,False,"Review collections, payments and liquidity visibility.",Cash Management,2.000000,57,True,CONTACT_DUE,TASK000071,10,AUTHORISED_RELATIONSHIP_MANAGER,False
OPP0008959,SME000329,RM035,CASH_MANAGEMENT,0.485784,0.750000,1.000000,60.980000,116,24797082.200000,34,0.083615,60,0,NONE,True,True,True,False,False,SMALL,Healthcare,Central Anatolia,13608087.320000,12246158.040000,6664506.560000,7472369.220000,0.000000,0.000000,0.000000,367055.186667,827785.473333,72,DERIVED_ANALYTICS,1,0.311969,0.085039,ESTABLISHED_RELATIONSHIP,MATERIAL_BUSINESS_SCALE,HIGH_DIGITAL_ENGAGEMENT,24492316.080000,269415.480000,73476.950000,0.000000,58781.560000,10580.680000,4573.850000,180784.000000,3.075522,14953.720000,0.955217,,True,53.020000,True,MEDIUM_PRIORITY,False,"Review collections, payments and liquidity visibility.",Cash Management,15.000000,59,True,CONTACT_DUE,TASK000072,10,AUTHORISED_RELATIONSHIP_MANAGER,False
OPP0008960,SME000330,RM019,CASH_MANAGEMENT,0.850799,0.750000,1.000000,78.210000,41,152997115.650000,108,0.021063,0,99,NONE,True,True,True,False,True,MEDIUM,Manufacturing,Aegean,86083448.350000,76412445.710000,2602634.180000,25604242.960000,0.000000,15243341.090000,7279879.300000,3468445.040000,8009020.248333,125,DERIVED_ANALYTICS,1,0.634919,0.086531,CROSS_BORDER_ACTIVITY,LOWER_CREDIT_RISK_SIGNAL,MATERIAL_BUSINESS_SCALE,152824891.420000,1681073.810000,458474.670000,0.000000,366779.740000,66020.350000,23823.730000,1132755.060000,3.088380,97598.460000,0.998437,,True,72.290000,True,MEDIUM_PRIORITY,False,"Review collections, payments and liquidity visibility.",Cash Management,3.000000,70,True,CONTACT_DUE,TASK000073,10,AUTHORISED_RELATIONSHIP_MANAGER,False
OPP0008962,SME000333,RM020,CASH_MANAGEMENT,0.587617,0.625000,0.763056,63.320000,86,54456764.940000,26,0.016588,5,0,NONE,True,False,True,False,False,SMALL,Transportation,Mediterranean,27373392.440000,25085228.550000,1128197.000000,5900255.720000,0.000000,0.000000,0.000000,1143193.001667,2264523.323333,165,DERIVED_ANALYTICS,1,0.372305,0.067988,ESTABLISHED_RELATIONSHIP,LOWER_CREDIT_RISK_SIGNAL,MATERIAL_BUSINESS_SCALE,50170457.100000,551875.030000,150511.370000,0.000000,120409.100000,21673.640000,8425.570000,371264.450000,3.083359,24821.580000,0.974563,,True,54.750000,True,MEDIUM_PRIORITY,False,"Review collections, payments and liquidity visibility.",Cash Management,9.000000,57,True,CONTACT_DUE,TASK000074,10,AUTHORISED_RELATIONSHIP_MANAGER,False
OPP0008963,SME000334,RM002,CASH_MANAGEMENT,0.805820,0.625000,0.582456,59.110000,24,185433253.540000,136,0.042893,0,153,NONE,True,True,True,True,False,MEDIUM,Hospitality,Marmara,105921192.440000,87993096.760000,57667031.600000,25798925.120000,24596167.520000,0.000000,14665953.670000,3488220.873333,5939706.141667,67,DERIVED_ANALYTICS,1,0.503310,0.070255,CROSS_BORDER_ACTIVITY,MATERIAL_BUSINESS_SCALE,STRONG_PRODUCT_NEED_SIGNAL,175986193.520000,1935848.130000,527958.580000,0.000000,422366.860000,76026.030000,27297.930000,1304565.590000,3.088703,91232.590000,0.997898,,True,64.370000,True,MEDIUM_PRIORITY,False,"Review collections, payments and liquidity visibility.",Cash Management,7.000000,57,True,CONTACT_DUE,TASK000075,10,AUTHORISED_RELATIONSHIP_MANAGER,False
OPP0002412,SME000337,RM032,POS_MERCHANT_ACQUIRING,0.523577,0.750000,0.073289,49.500000,91,27651274.120000,15,0.008265,0,133,MEDIUM,True,True,True,False,False,SMALL,Retail Trade,Aegean,15187394.080000,12210617.900000,8051323.300000,3097569.250000,0.000000,0.000000,0.000000,566775.830000,1306867.283333,120,DERIVED_ANALYTICS,1,0.296919,0.107651,ESTABLISHED_RELATIONSHIP,LOWER_CREDIT_RISK_SIGNAL,MATERIAL_BUSINESS_SCALE,16102646.600000,209334.410000,48307.940000,0.000000,96615.880000,17390.860000,3315.400000,140320.210000,1.452351,14685.650000,0.954516,,True,55.390000,True,MEDIUM_PRIORITY,False,"Discuss merchant collections, settlement speed and acquiring economics.",POS & Merchant Acquiring,14.000000,50,True,CONTACT_DUE,TASK000076,10,AUTHORISED_RELATIONSHIP_MANAGER,False
OPP0008969,SME000342,RM016,CASH_MANAGEMENT,0.693651,0.875000,0.163548,78.580000,37,67381255.200000,26,0.033102,0,0,NONE,True,True,True,False,False,SMALL,Technology,Mediterranean,37204901.440000,33640050.420000,1946603.880000,4628137.960000,0.000000,0.000000,0.000000,1015995.793333,2665999.673333,45,DERIVED_ANALYTICS,1,0.464605,0.075236,LOWER_CREDIT_RISK_SIGNAL,MATERIAL_BUSINESS_SCALE,HIGH_DIGITAL_ENGAGEMENT,67280100.840000,740081.110000,201840.300000,0.000000,161472.240000,29065.000000,10992.020000,498183.790000,3.085260,37061.460000,0.985449,,True,63.390000,True,MEDIUM_PRIORITY,False,"Review collections, payments and liquidity visibility.",Cash Management,4.000000,51,True,CONTACT_DUE,TASK000077,10,AUTHORISED_RELATIONSHIP_MANAGER,False
OPP0006831,SME000344,RM038,PAYROLL_SERVICES,0.644537,0.875000,0.031854,53.810000,116,23372318.970000,45,0.021075,0,111,NONE,True,True,True,False,False,SMALL,Wholesale Trade,Aegean,12336814.170000,11406818.850000,773452.190000,9779268.390000,0.000000,0.000000,0.000000,560543.498333,1170536.880000,156,DERIVED_ANALYTICS,1,0.419579,0.065551,ESTABLISHED_RELATIONSHIP,LOWER_CREDIT_RISK_SIGNAL,MATERIAL_BUSINESS_SCALE,19558536.780000,234702.440000,58675.610000,0.000000,46940.490000,8449.290000,3833.780000,163743.760000,3.488327,10313.560000,0.936301,,True,59.110000,True,MEDIUM_PRIORITY,False,Discuss payroll automation and employee banking needs.,Payroll Services,6.000000,62,True,CONTACT_DUE,TASK000078,10,AUTHORISED_RELATIONSHIP_MANAGER,False
OPP0008974,SME000350,RM036,CASH_MANAGEMENT,0.637951,0.875000,0.204894,74.400000,70,51286716.380000,12,0.028701,0,0,NONE,True,True,True,False,False,SMALL,Professional Services,Marmara,30629034.640000,26110240.160000,1451936.210000,2502316.070000,0.000000,0.000000,0.000000,1445390.806667,2242826.408333,37,DERIVED_ANALYTICS,1,0.424801,0.060611,LOWER_CREDIT_RISK_SIGNAL,ESTABLISHED_RELATIONSHIP,MATERIAL_BUSINESS_SCALE,52220480.320000,574425.280000,156661.440000,0.000000,125329.150000,22559.250000,8733.070000,386471.520000,3.083652,23004.350000,0.972408,,True,59.340000,True,MEDIUM_PRIORITY,False,"Review collections, payments and liquidity visibility.",Cash Management,19.000000,68,True,CONTACT_DUE,TASK000079,10,AUTHORISED_RELATIONSHIP_MANAGER,False
OPP0006850,SME000372,RM008,PAYROLL_SERVICES,0.860282,0.500000,1.000000,62.860000,88,66379625.290000,160,0.003153,15,14,NONE,True,True,True,True,False,MEDIUM,Healthcare,Marmara,34060112.040000,31331080.830000,17781894.390000,28685738.600000,8043443.830000,0.000000,4195635.920000,1086149.875000,2829268.631667,91,DERIVED_ANALYTICS,1,0.707623,0.091404,ESTABLISHED_RELATIONSHIP,CROSS_BORDER_ACTIVITY,LOWER_CREDIT_RISK_SIGNAL,57371477.200000,688457.730000,172114.430000,0.000000,137691.550000,24784.480000,9505.720000,482053.100000,3.500964,43641.460000,0.988952,,True,72.600000,True,MEDIUM_PRIORITY,False,Discuss payroll automation and employee banking needs.,Payroll Services,2.000000,69,True,CONTACT_DUE,TASK000080,10,AUTHORISED_RELATIONSHIP_MANAGER,False
OPP0008988,SME000378,RM016,CASH_MANAGEMENT,0.599448,0.750000,1.000000,73.750000,59,39505656.310000,156,0.006745,0,0,NONE,True,True,True,True,False,MEDIUM,Professional Services,Mediterranean,22984185.000000,19628272.420000,1016005.170000,35054965.410000,3500469.780000,0.000000,1798263.690000,645856.740000,2351838.731667,205,DERIVED_ANALYTICS,1,0.410016,0.051053,CROSS_BORDER_ACTIVITY,LOWER_CREDIT_RISK_SIGNAL,MATERIAL_BUSINESS_SCALE,39256544.840000,431821.990000,117769.630000,0.000000,94215.710000,16958.830000,6788.480000,290305.050000,3.081281,14401.060000,0.953600,,True,55.570000,True,MEDIUM_PRIORITY,False,"Review collections, payments and liquidity visibility.",Cash Management,6.000000,51,True,CONTACT_DUE,TASK000081,10,AUTHORISED_RELATIONSHIP_MANAGER,False
OPP0002445,SME000382,RM006,POS_MERCHANT_ACQUIRING,0.552491,0.750000,1.000000,56.230000,77,71878801.920000,78,0.014545,15,0,NONE,True,True,True,True,True,MEDIUM,Healthcare,Aegean,42352370.780000,34686146.930000,21384067.000000,18113450.100000,9668218.240000,7177717.120000,8643718.160000,1394790.708333,4840410.046667,7,DERIVED_ANALYTICS,1,0.403302,0.123602,CROSS_BORDER_ACTIVITY,LOWER_CREDIT_RISK_SIGNAL,ESTABLISHED_RELATIONSHIP,42768134.000000,555985.740000,128304.400000,0.000000,256608.800000,46189.580000,7315.220000,374176.540000,1.458159,45829.090000,0.989815,,True,61.500000,True,MEDIUM_PRIORITY,False,"Discuss merchant collections, settlement speed and acquiring economics.",POS & Merchant Acquiring,7.000000,63,True,CONTACT_DUE,TASK000082,10,AUTHORISED_RELATIONSHIP_MANAGER,False
OPP0008993,SME000384,RM001,CASH_MANAGEMENT,0.511885,0.625000,1.000000,87.650000,127,9235917.810000,6,0.036500,0,135,NONE,True,True,True,True,True,MICRO,Transportation,Mediterranean,5310807.780000,4894471.050000,322623.460000,1101280.040000,1507754.250000,1204526.070000,1237144.540000,117453.635000,518876.738333,182,DERIVED_ANALYTICS,1,0.363308,0.125563,ESTABLISHED_RELATIONSHIP,CROSS_BORDER_ACTIVITY,HIGH_DIGITAL_ENGAGEMENT,9788942.100000,107678.360000,29366.830000,0.000000,23493.460000,4228.820000,2368.340000,71714.370000,3.052525,8584.660000,0.925631,,True,57.100000,True,MEDIUM_PRIORITY,False,"Review collections, payments and liquidity visibility.",Cash Management,7.000000,49,True,CONTACT_DUE,TASK000083,10,AUTHORISED_RELATIONSHIP_MANAGER,False
OPP0008997,SME000389,RM036,CASH_MANAGEMENT,0.630383,0.750000,0.343481,78.630000,135,43392127.610000,41,0.031706,0,0,NONE,True,True,True,False,False,SMALL,Manufacturing,Marmara,23804814.620000,19605698.330000,832927.500000,6217203.550000,0.000000,0.000000,0.000000,1042453.570000,2610996.871667,165,DERIVED_ANALYTICS,1,0.471088,0.135513,ESTABLISHED_RELATIONSHIP,LOWER_CREDIT_RISK_SIGNAL,MATERIAL_BUSINESS_SCALE,39211396.660000,431325.360000,117634.190000,0.000000,94107.350000,16939.320000,6781.710000,289970.140000,3.081270,38874.720000,0.986473,,True,66.400000,True,MEDIUM_PRIORITY,False,"Review collections, payments and liquidity visibility.",Cash Management,7.000000,68,True,CONTACT_DUE,TASK000084,10,AUTHORISED_RELATIONSHIP_MANAGER,False
OPP0006868,SME000396,RM021,PAYROLL_SERVICES,0.709958,0.875000,0.095846,68.100000,16,13232656.160000,45,0.052184,0,0,NONE,True,True,True,False,True,SMALL,Agriculture,Marmara,6690747.340000,5827051.690000,272015.880000,9353781.110000,0.000000,1316821.010000,896738.840000,251965.906667,694102.438333,58,DERIVED_ANALYTICS,1,0.410003,0.056981,CROSS_BORDER_ACTIVITY,MATERIAL_BUSINESS_SCALE,LOWER_CREDIT_RISK_SIGNAL,18707562.220000,224490.750000,56122.690000,0.000000,44898.150000,8081.670000,3706.130000,156580.260000,3.487455,8502.130000,0.925307,,True,59.270000,True,MEDIUM_PRIORITY,False,Discuss payroll automation and employee banking needs.,Payroll Services,12.000000,48,True,CONTACT_DUE,TASK000085,10,AUTHORISED_RELATIONSHIP_MANAGER,False
OPP0006872,SME000405,RM030,PAYROLL_SERVICES,0.626112,0.750000,1.000000,41.580000,115,24915366.130000,44,0.017049,0,0,NONE,True,False,True,False,False,SMALL,Retail Trade,Central Anatolia,13509833.300000,11781971.760000,6846810.400000,9719068.510000,0.000000,0.000000,0.000000,484075.008333,1735854.431667,263,DERIVED_ANALYTICS,1,0.388924,0.074482,ESTABLISHED_RELATIONSHIP,LOWER_CREDIT_RISK_SIGNAL,MATERIAL_BUSINESS_SCALE,19438137.020000,233257.640000,58314.410000,0.000000,46651.530000,8397.280000,3815.720000,162730.230000,3.488208,11700.490000,0.942175,,True,57.380000,True,MEDIUM_PRIORITY,False,Discuss payroll automation and employee banking needs.,Payroll Services,16.000000,46,True,CONTACT_DUE,TASK000086,10,AUTHORISED_RELATIONSHIP_MANAGER,False
OPP0009011,SME000411,RM043,CASH_MANAGEMENT,0.514086,0.875000,0.079771,84.030000,132,11682843.570000,8,0.075442,0,176,MEDIUM,True,True,True,False,True,MICRO,Technology,Mediterranean,5423321.020000,4375294.010000,297572.700000,1535358.720000,0.000000,1281899.720000,805170.880000,160719.873333,432194.300000,108,DERIVED_ANALYTICS,1,0.366057,0.058703,ESTABLISHED_RELATIONSHIP,CROSS_BORDER_ACTIVITY,HIGH_DIGITAL_ENGAGEMENT,8750588.020000,96256.470000,26251.760000,0.000000,21001.410000,3780.250000,2212.590000,64011.870000,3.047980,3337.710000,0.866782,,True,52.660000,True,MEDIUM_PRIORITY,False,"Review collections, payments and liquidity visibility.",Cash Management,14.000000,52,True,CONTACT_DUE,TASK000087,10,AUTHORISED_RELATIONSHIP_MANAGER,False
OPP0009021,SME000424,RM032,CASH_MANAGEMENT,0.816016,0.750000,1.000000,63.910000,21,163842374.400000,215,0.014294,30,0,NONE,True,True,True,False,True,MEDIUM,Professional Services,Aegean,97831337.170000,90049699.600000,5467788.700000,41888265.730000,0.000000,13522215.200000,9125395.470000,3596612.496667,9143268.268333,31,DERIVED_ANALYTICS,1,0.536123,0.025848,CROSS_BORDER_ACTIVITY,LOWER_CREDIT_RISK_SIGNAL,MATERIAL_BUSINESS_SCALE,180099399.200000,1981093.390000,540298.200000,0.000000,432238.560000,77802.940000,27914.910000,1335077.340000,3.088751,34089.110000,0.983725,,True,62.640000,True,MEDIUM_PRIORITY,False,"Review collections, payments and liquidity visibility.",Cash Management,5.000000,50,True,CONTACT_DUE,TASK000088,10,AUTHORISED_RELATIONSHIP_MANAGER,False
OPP0009024,SME000428,RM002,CASH_MANAGEMENT,0.484768,0.625000,1.000000,80.580000,133,9794850.360000,6,0.054729,0,0,NONE,True,True,True,True,True,MICRO,Retail Trade,Marmara,5822687.560000,4972493.470000,3217486.320000,1417310.410000,1249677.870000,1234698.020000,1234308.370000,234541.551667,634419.076667,65,DERIVED_ANALYTICS,1,0.295658,0.129631,ESTABLISHED_RELATIONSHIP,CROSS_BORDER_ACTIVITY,HIGH_DIGITAL_ENGAGEMENT,9944986.940000,109394.860000,29834.960000,0.000000,23867.970000,4296.230000,2391.750000,72871.920000,3.053126,9026.450000,0.928541,,True,54.760000,True,MEDIUM_PRIORITY,False,"Review collections, payments and liquidity visibility.",Cash Management,20.000000,57,True,CONTACT_DUE,TASK000089,10,AUTHORISED_RELATIONSHIP_MANAGER,False
OPP0009033,SME000444,RM011,CASH_MANAGEMENT,0.541550,0.625000,1.000000,87.150000,11,13299266.790000,44,0.025938,5,0,NONE,True,True,True,True,False,SMALL,Healthcare,Black Sea,6728580.850000,5563681.980000,3868324.310000,9324586.130000,2028939.110000,0.000000,1035391.250000,266117.221667,853732.218333,6,DERIVED_ANALYTICS,1,0.296811,0.114810,CROSS_BORDER_ACTIVITY,HIGH_DIGITAL_ENGAGEMENT,LOWER_CREDIT_RISK_SIGNAL,11127363.960000,122401.000000,33382.090000,0.000000,26705.670000,4807.020000,2569.100000,81642.790000,3.057133,8953.370000,0.928056,,True,54.700000,True,MEDIUM_PRIORITY,False,"Review collections, payments and liquidity visibility.",Cash Management,1.000000,62,True,CONTACT_DUE,TASK000090,10,AUTHORISED_RELATIONSHIP_MANAGER,False
OPP0002494,SME000448,RM007,POS_MERCHANT_ACQUIRING,0.556513,0.500000,1.000000,61.190000,78,47019157.970000,36,0.037646,0,0,NONE,True,True,True,False,False,SMALL,Healthcare,Central Anatolia,23689354.560000,20700442.030000,12261158.820000,7434948.560000,0.000000,0.000000,0.000000,725548.765000,2536619.905000,50,DERIVED_ANALYTICS,1,0.380902,0.105196,ESTABLISHED_RELATIONSHIP,LOWER_CREDIT_RISK_SIGNAL,MATERIAL_BUSINESS_SCALE,24522317.640000,318790.130000,73566.950000,0.000000,147133.910000,26484.100000,4578.350000,214160.730000,1.455550,22108.800000,0.971007,,True,56.380000,True,MEDIUM_PRIORITY,False,"Discuss merchant collections, settlement speed and acquiring economics.",POS & Merchant Acquiring,13.000000,57,True,CONTACT_DUE,TASK000091,10,AUTHORISED_RELATIONSHIP_MANAGER,False
OPP0006902,SME000451,RM036,PAYROLL_SERVICES,0.669242,0.625000,0.979410,81.280000,19,6879295.330000,31,0.019336,0,0,NONE,True,True,True,True,False,SMALL,Transportation,Marmara,3642960.070000,3283250.890000,205059.450000,6608207.530000,986480.440000,0.000000,477458.740000,138809.973333,389472.303333,44,DERIVED_ANALYTICS,1,0.430444,0.156870,CROSS_BORDER_ACTIVITY,LOWER_CREDIT_RISK_SIGNAL,HIGH_DIGITAL_ENGAGEMENT,13216415.060000,158596.980000,39649.250000,0.000000,31719.400000,5709.490000,2882.460000,110355.780000,3.479126,16891.460000,0.961360,,True,66.170000,True,MEDIUM_PRIORITY,False,Discuss payroll automation and employee banking needs.,Payroll Services,9.000000,68,True,CONTACT_DUE,TASK000092,10,AUTHORISED_RELATIONSHIP_MANAGER,False
OPP0006910,SME000465,RM033,PAYROLL_SERVICES,0.725166,0.750000,0.642212,53.170000,28,19609090.110000,46,0.044469,0,19,NONE,True,True,True,False,False,SMALL,Construction,Mediterranean,12112928.220000,10134546.760000,724722.180000,10396408.660000,0.000000,0.000000,0.000000,351751.700000,848802.461667,34,DERIVED_ANALYTICS,1,0.414094,0.044517,LOWER_CREDIT_RISK_SIGNAL,MATERIAL_BUSINESS_SCALE,STRONG_PRODUCT_NEED_SIGNAL,20792817.320000,249513.810000,62378.450000,0.000000,49902.760000,8982.500000,4018.920000,174133.940000,3.489465,7331.890000,0.917385,,True,57.220000,True,MEDIUM_PRIORITY,False,Discuss payroll automation and employee banking needs.,Payroll Services,8.000000,59,True,CONTACT_DUE,TASK000093,10,AUTHORISED_RELATIONSHIP_MANAGER,False
OPP0009052,SME000471,RM008,CASH_MANAGEMENT,0.450527,1.000000,0.000000,79.920000,67,7015246.400000,9,0.023072,0,0,NONE,True,True,True,True,False,MICRO,Manufacturing,Marmara,3600376.380000,3340690.910000,209560.880000,1548624.580000,1251123.970000,0.000000,608248.890000,107409.438333,351298.198333,114,DERIVED_ANALYTICS,1,0.237445,0.121352,CROSS_BORDER_ACTIVITY,LOWER_CREDIT_RISK_SIGNAL,HIGH_DIGITAL_ENGAGEMENT,6681381.820000,73495.200000,20044.150000,0.000000,16035.320000,2886.360000,1902.210000,48662.480000,3.034706,5485.300000,0.899978,,True,54.630000,True,MEDIUM_PRIORITY,False,"Review collections, payments and liquidity visibility.",Cash Management,19.000000,69,True,CONTACT_DUE,TASK000094,10,AUTHORISED_RELATIONSHIP_MANAGER,False
OPP0009057,SME000482,RM035,CASH_MANAGEMENT,0.567983,0.875000,0.088881,96.900000,91,10846366.390000,5,0.033359,0,72,NONE,True,False,True,True,False,MICRO,Transportation,Central Anatolia,5599107.150000,4982703.920000,293618.830000,989896.350000,1698258.660000,0.000000,1076593.680000,262603.456667,474325.700000,151,DERIVED_ANALYTICS,1,0.425513,0.151470,ESTABLISHED_RELATIONSHIP,CROSS_BORDER_ACTIVITY,HIGH_DIGITAL_ENGAGEMENT,9965407.840000,109619.490000,29896.220000,0.000000,23916.980000,4305.060000,2394.810000,73023.400000,3.053203,10640.870000,0.937648,,True,65.370000,True,MEDIUM_PRIORITY,False,"Review collections, payments and liquidity visibility.",Cash Management,3.000000,59,True,CONTACT_DUE,TASK000095,10,AUTHORISED_RELATIONSHIP_MANAGER,False
OPP0002518,SME000485,RM034,POS_MERCHANT_ACQUIRING,0.554530,0.500000,1.000000,95.840000,98,14221987.510000,5,0.047125,5,0,LOW,True,True,True,False,True,MICRO,Hospitality,Aegean,8226129.000000,7903486.920000,3870039.260000,1047805.620000,0.000000,2181069.500000,1062632.530000,334316.816667,728541.253333,307,DERIVED_ANALYTICS,1,0.398948,0.131631,ESTABLISHED_RELATIONSHIP,CROSS_BORDER_ACTIVITY,HIGH_DIGITAL_ENGAGEMENT,7740078.520000,100621.020000,23220.240000,0.000000,46440.470000,8359.280000,2061.010000,66980.490000,1.442287,8396.690000,0.924499,,True,58.450000,True,MEDIUM_PRIORITY,False,"Discuss merchant collections, settlement speed and acquiring economics.",POS & Merchant Acquiring,11.000000,61,True,CONTACT_DUE,TASK000096,10,AUTHORISED_RELATIONSHIP_MANAGER,False
OPP0009059,SME000487,RM016,CASH_MANAGEMENT,0.765720,0.625000,1.000000,94.380000,91,68376734.870000,14,0.036550,0,49,NONE,True,True,True,False,True,SMALL,Hospitality,Mediterranean,35736523.520000,33295818.140000,16629514.050000,3119917.420000,0.000000,8934251.780000,4544927.730000,1429791.158333,4306871.146667,28,DERIVED_ANALYTICS,1,0.584442,0.097279,ESTABLISHED_RELATIONSHIP,CROSS_BORDER_ACTIVITY,HIGH_DIGITAL_ENGAGEMENT,66591636.280000,732508.000000,199774.910000,0.000000,159819.930000,28767.590000,10888.750000,493076.750000,3.085202,47546.230000,0.990515,,True,68.380000,True,MEDIUM_PRIORITY,False,"Review collections, payments and liquidity visibility.",Cash Management,2.000000,51,True,CONTACT_DUE,TASK000097,10,AUTHORISED_RELATIONSHIP_MANAGER,False
OPP0009063,SME000494,RM028,CASH_MANAGEMENT,0.550483,0.875000,0.065914,66.060000,101,35994771.630000,34,0.026505,0,65,LOW,True,False,True,False,False,SMALL,Manufacturing,Eastern,19337819.160000,17310576.780000,727027.910000,7328185.080000,0.000000,0.000000,0.000000,705891.810000,1988523.271667,221,DERIVED_ANALYTICS,1,0.346601,0.108691,ESTABLISHED_RELATIONSHIP,LOWER_CREDIT_RISK_SIGNAL,MATERIAL_BUSINESS_SCALE,34621153.560000,380832.690000,103863.460000,0.000000,83090.770000,14956.340000,6093.170000,255919.720000,3.080002,27396.140000,0.977689,,True,59.330000,True,MEDIUM_PRIORITY,False,"Review collections, payments and liquidity visibility.",Cash Management,4.000000,66,True,CONTACT_DUE,TASK000098,10,AUTHORISED_RELATIONSHIP_MANAGER,False
OPP0002532,SME000502,RM041,POS_MERCHANT_ACQUIRING,0.536688,0.750000,0.351511,64.460000,19,8445860.560000,6,0.028561,0,0,NONE,True,True,True,True,False,MICRO,Healthcare,Marmara,4464844.160000,3703848.800000,2522843.480000,1396626.740000,1097128.040000,0.000000,631410.490000,141168.525000,497025.383333,83,DERIVED_ANALYTICS,1,0.292046,0.126747,CROSS_BORDER_ACTIVITY,LOWER_CREDIT_RISK_SIGNAL,MATERIAL_BUSINESS_SCALE,5045686.960000,65593.930000,15137.060000,0.000000,30274.120000,5449.340000,1656.850000,43350.680000,1.431939,5074.590000,0.894751,,True,56.170000,True,MEDIUM_PRIORITY,False,"Discuss merchant collections, settlement speed and acquiring economics.",POS & Merchant Acquiring,22.000000,55,True,CONTACT_DUE,TASK000099,10,AUTHORISED_RELATIONSHIP_MANAGER,False
OPP0006929,SME000507,RM043,PAYROLL_SERVICES,0.737790,0.500000,1.000000,69.920000,118,59611260.240000,103,0.022846,15,0,NONE,True,True,True,True,True,MEDIUM,Construction,Mediterranean,33341521.900000,30057871.430000,1618539.040000,25144149.880000,7229503.490000,6658178.870000,6808417.530000,994189.171667,4237907.325000,20,DERIVED_ANALYTICS,1,0.618519,0.041078,ESTABLISHED_RELATIONSHIP,CROSS_BORDER_ACTIVITY,LOWER_CREDIT_RISK_SIGNAL,50288299.760000,603459.600000,150864.900000,0.000000,120691.920000,21724.550000,8443.240000,422426.910000,3.500043,16932.410000,0.961522,,True,62.030000,True,MEDIUM_PRIORITY,False,Discuss payroll automation and employee banking needs.,Payroll Services,5.000000,52,True,CONTACT_DUE,TASK000100,10,AUTHORISED_RELATIONSHIP_MANAGER,False
OPP0006930,SME000508,RM014,PAYROLL_SERVICES,0.900226,0.750000,1.000000,80.740000,101,123806090.050000,246,0.072987,0,0,NONE,True,True,True,True,False,MEDIUM,Technology,Eastern,70075351.520000,68147343.110000,3321343.720000,58738862.300000,19225474.010000,0.000000,9714512.150000,2956710.641667,8226506.990000,67,DERIVED_ANALYTICS,1,0.742072,0.078535,ESTABLISHED_RELATIONSHIP,CROSS_BORDER_ACTIVITY,STRONG_PRODUCT_NEED_SIGNAL,117477724.600000,1409732.700000,352433.170000,0.000000,281946.540000,50750.380000,18521.660000,988027.490000,3.504308,77175.220000,0.996497,,True,76.060000,True,MEDIUM_PRIORITY,False,Discuss payroll automation and employee banking needs.,Payroll Services,1.000000,69,True,CONTACT_DUE,TASK000101,10,AUTHORISED_RELATIONSHIP_MANAGER,False
OPP0009070,SME000509,RM015,CASH_MANAGEMENT,0.523041,0.625000,0.875818,95.190000,38,7159151.770000,3,0.061613,0,0,NONE,True,True,True,True,False,MICRO,Healthcare,Marmara,4020007.420000,3528973.460000,1698357.640000,724311.420000,949048.350000,0.000000,532416.820000,149185.721667,220816.461667,41,DERIVED_ANALYTICS,1,0.315013,0.154056,CROSS_BORDER_ACTIVITY,HIGH_DIGITAL_ENGAGEMENT,MATERIAL_BUSINESS_SCALE,7057946.920000,77637.420000,21173.840000,0.000000,16939.070000,3049.030000,1958.690000,51455.860000,3.037703,7507.080000,0.919056,,True,58.250000,True,MEDIUM_PRIORITY,False,"Review collections, payments and liquidity visibility.",Cash Management,15.000000,66,True,CONTACT_DUE,TASK000102,10,AUTHORISED_RELATIONSHIP_MANAGER,False
OPP0006938,SME000518,RM027,PAYROLL_SERVICES,0.524577,0.750000,1.000000,83.680000,81,18728656.530000,27,0.072694,0,146,NONE,True,True,True,False,False,SMALL,Construction,Eastern,9619125.130000,9243904.260000,316590.190000,6544542.050000,0.000000,0.000000,0.000000,355453.048333,1048805.058333,312,DERIVED_ANALYTICS,1,0.349435,0.077790,ESTABLISHED_RELATIONSHIP,HIGH_DIGITAL_ENGAGEMENT,MATERIAL_BUSINESS_SCALE,13089084.100000,157069.010000,39267.250000,0.000000,31413.800000,5654.480000,2863.360000,109283.920000,3.478851,8081.150000,0.922828,,True,53.830000,True,MEDIUM_PRIORITY,False,Discuss payroll automation and employee banking needs.,Payroll Services,6.000000,60,True,CONTACT_DUE,TASK000103,10,AUTHORISED_RELATIONSHIP_MANAGER,False
OPP0002547,SME000520,RM029,POS_MERCHANT_ACQUIRING,0.575751,0.875000,0.053528,85.080000,108,12302983.620000,16,0.010890,0,87,NONE,True,True,True,True,False,SMALL,Retail Trade,Marmara,5794579.970000,5211570.630000,3144110.060000,3298824.170000,1695695.350000,0.000000,1110867.760000,238275.653333,554275.498333,129,DERIVED_ANALYTICS,1,0.438541,0.185025,ESTABLISHED_RELATIONSHIP,CROSS_BORDER_ACTIVITY,LOWER_CREDIT_RISK_SIGNAL,6288220.120000,81746.860000,18864.660000,0.000000,37729.320000,6791.280000,1843.230000,54247.690000,1.437813,9617.170000,0.932475,,True,68.890000,True,MEDIUM_PRIORITY,False,"Discuss merchant collections, settlement speed and acquiring economics.",POS & Merchant Acquiring,5.000000,56,True,CONTACT_DUE,TASK000104,10,AUTHORISED_RELATIONSHIP_MANAGER,False
OPP0009080,SME000527,RM010,CASH_MANAGEMENT,0.591646,0.625000,1.000000,79.790000,135,30065884.020000,24,0.046551,0,39,NONE,True,True,True,False,False,SMALL,Manufacturing,Central Anatolia,16057563.090000,13344766.880000,438037.320000,4843230.900000,0.000000,0.000000,0.000000,744792.468333,1814845.528333,108,DERIVED_ANALYTICS,1,0.449029,0.128702,ESTABLISHED_RELATIONSHIP,HIGH_DIGITAL_ENGAGEMENT,MATERIAL_BUSINESS_SCALE,26689533.760000,293584.870000,80068.600000,0.000000,64054.880000,11529.880000,4903.430000,197082.960000,3.076783,24945.010000,0.974725,,True,62.760000,True,MEDIUM_PRIORITY,False,"Review collections, payments and liquidity visibility.",Cash Management,5.000000,58,True,CONTACT_DUE,TASK000105,10,AUTHORISED_RELATIONSHIP_MANAGER,False
OPP0006951,SME000535,RM009,PAYROLL_SERVICES,0.700771,0.750000,1.000000,66.770000,112,24338154.110000,49,0.053009,0,91,NONE,True,True,True,False,True,SMALL,Healthcare,Marmara,13166109.760000,11709355.240000,6913399.110000,11010440.550000,0.000000,2745090.180000,1597034.990000,483981.173333,1564752.721667,186,DERIVED_ANALYTICS,1,0.522790,0.116595,ESTABLISHED_RELATIONSHIP,CROSS_BORDER_ACTIVITY,MATERIAL_BUSINESS_SCALE,22020881.100000,264250.570000,66062.640000,0.000000,52850.110000,9513.020000,4203.130000,184471.780000,3.490471,21088.570000,0.969606,,True,67.590000,True,MEDIUM_PRIORITY,False,Discuss payroll automation and employee banking needs.,Payroll Services,6.000000,69,True,CONTACT_DUE,TASK000106,10,AUTHORISED_RELATIONSHIP_MANAGER,False
OPP0002562,SME000540,RM015,POS_MERCHANT_ACQUIRING,0.578102,0.625000,1.000000,91.280000,42,15017152.050000,2,0.112998,60,140,NONE,True,False,True,True,True,MICRO,Hospitality,Marmara,7173151.600000,6592449.810000,3710104.180000,382867.490000,2038438.250000,1377763.170000,2255476.750000,296562.026667,351422.635000,193,DERIVED_ANALYTICS,1,0.337732,0.125992,CROSS_BORDER_ACTIVITY,HIGH_DIGITAL_ENGAGEMENT,MATERIAL_BUSINESS_SCALE,7420208.360000,96462.710000,22260.630000,0.000000,44521.250000,8013.820000,2013.030000,64175.230000,1.441452,7665.540000,0.920295,,True,57.680000,True,MEDIUM_PRIORITY,False,"Discuss merchant collections, settlement speed and acquiring economics.",POS & Merchant Acquiring,16.000000,66,True,CONTACT_DUE,TASK000107,10,AUTHORISED_RELATIONSHIP_MANAGER,False
OPP0006958,SME000545,RM031,PAYROLL_SERVICES,0.723624,0.750000,1.000000,62.820000,45,18125413.560000,47,0.030538,0,0,NONE,True,True,True,False,True,SMALL,Healthcare,Black Sea,8682257.060000,7889702.790000,4036303.890000,10415684.830000,0.000000,1938507.690000,1297096.550000,393160.625000,933733.965000,94,DERIVED_ANALYTICS,1,0.465758,0.051273,CROSS_BORDER_ACTIVITY,LOWER_CREDIT_RISK_SIGNAL,MATERIAL_BUSINESS_SCALE,20831369.660000,249976.440000,62494.110000,0.000000,49995.290000,8999.150000,4024.710000,174458.470000,3.489498,8525.080000,0.925523,,True,59.600000,True,MEDIUM_PRIORITY,False,Discuss payroll automation and employee banking needs.,Payroll Services,3.000000,55,True,CONTACT_DUE,TASK000108,10,AUTHORISED_RELATIONSHIP_MANAGER,False
OPP0009092,SME000548,RM028,CASH_MANAGEMENT,0.645083,0.875000,0.088274,95.080000,135,25219412.150000,38,0.007387,0,0,NONE,True,True,True,False,False,SMALL,Wholesale Trade,Eastern,14645292.930000,12264066.410000,584054.700000,7367664.270000,0.000000,0.000000,0.000000,408372.866667,1763889.350000,217,DERIVED_ANALYTICS,1,0.548491,0.070991,ESTABLISHED_RELATIONSHIP,LOWER_CREDIT_RISK_SIGNAL,HIGH_DIGITAL_ENGAGEMENT,24528132.820000,269809.460000,73584.400000,0.000000,58867.520000,10596.150000,4579.220000,181049.690000,3.075545,12432.950000,0.945516,,True,63.900000,True,MEDIUM_PRIORITY,False,"Review collections, payments and liquidity visibility.",Cash Management,1.000000,66,True,CONTACT_DUE,TASK000109,10,AUTHORISED_RELATIONSHIP_MANAGER,False
OPP0002569,SME000550,RM042,POS_MERCHANT_ACQUIRING,0.557097,0.750000,1.000000,69.540000,135,22868089.420000,8,0.052693,0,157,NONE,True,True,True,False,False,MICRO,Hospitality,Mediterranean,12262133.640000,11566878.940000,6497233.440000,1576944.210000,0.000000,0.000000,0.000000,278063.958333,1269670.105000,217,DERIVED_ANALYTICS,1,0.392553,0.063386,ESTABLISHED_RELATIONSHIP,MATERIAL_BUSINESS_SCALE,LOWER_CREDIT_RISK_SIGNAL,12994466.880000,168928.070000,38983.400000,0.000000,77966.800000,14034.020000,2849.170000,113061.480000,1.450123,6746.550000,0.912266,,True,54.440000,True,MEDIUM_PRIORITY,False,"Discuss merchant collections, settlement speed and acquiring economics.",POS & Merchant Acquiring,8.000000,49,True,CONTACT_DUE,TASK000110,10,AUTHORISED_RELATIONSHIP_MANAGER,False
OPP0009097,SME000558,RM012,CASH_MANAGEMENT,0.674760,0.750000,1.000000,54.160000,69,121076483.940000,118,0.024014,0,141,NONE,True,True,True,True,True,MEDIUM,Healthcare,Central Anatolia,59434392.920000,56826883.090000,27564724.170000,24962766.680000,18891470.770000,11839946.730000,20498251.570000,2005514.295000,4683416.666667,22,DERIVED_ANALYTICS,1,0.474744,0.086635,CROSS_BORDER_ACTIVITY,LOWER_CREDIT_RISK_SIGNAL,MATERIAL_BUSINESS_SCALE,113653766.180000,1250191.430000,340961.300000,0.000000,272769.040000,49098.430000,17948.060000,842183.640000,3.087534,72542.520000,0.996174,,True,63.260000,True,MEDIUM_PRIORITY,False,"Review collections, payments and liquidity visibility.",Cash Management,8.000000,50,True,CONTACT_DUE,TASK000111,10,AUTHORISED_RELATIONSHIP_MANAGER,False
OPP0009108,SME000578,RM009,CASH_MANAGEMENT,0.600648,0.875000,0.097507,57.400000,68,68799348.460000,48,0.016106,0,64,NONE,True,True,True,True,False,SMALL,Manufacturing,Marmara,38163654.430000,35400419.790000,1017152.680000,10705952.610000,7286896.250000,0.000000,4122265.700000,1697601.216667,4128691.595000,68,DERIVED_ANALYTICS,1,0.319759,0.146836,CROSS_BORDER_ACTIVITY,LOWER_CREDIT_RISK_SIGNAL,MATERIAL_BUSINESS_SCALE,70800839.580000,778809.240000,212402.520000,0.000000,169922.010000,30585.960000,11520.130000,524300.630000,3.085537,76566.170000,0.996443,,True,63.350000,True,MEDIUM_PRIORITY,False,"Review collections, payments and liquidity visibility.",Cash Management,13.000000,69,True,CONTACT_DUE,TASK000112,10,AUTHORISED_RELATIONSHIP_MANAGER,False
OPP0009113,SME000584,RM022,CASH_MANAGEMENT,0.621444,0.625000,1.000000,38.620000,91,126186634.700000,19,0.042872,0,0,NONE,True,True,True,False,False,SMALL,Healthcare,Central Anatolia,67565091.910000,63476863.560000,41369709.820000,4088760.770000,0.000000,0.000000,0.000000,2651545.320000,7384603.125000,22,DERIVED_ANALYTICS,1,0.369593,0.073733,ESTABLISHED_RELATIONSHIP,MATERIAL_BUSINESS_SCALE,LOWER_CREDIT_RISK_SIGNAL,126953727.120000,1396491.000000,380861.180000,0.000000,304688.950000,54844.010000,19943.060000,940842.750000,3.087879,68951.350000,0.995581,,True,56.310000,True,MEDIUM_PRIORITY,False,"Review collections, payments and liquidity visibility.",Cash Management,9.000000,46,True,CONTACT_DUE,TASK000113,10,AUTHORISED_RELATIONSHIP_MANAGER,False
OPP0006991,SME000586,RM024,PAYROLL_SERVICES,0.650381,0.500000,0.313468,87.670000,15,14114973.240000,28,0.093267,0,0,NONE,True,True,True,False,False,SMALL,Construction,Eastern,7809966.380000,6948578.140000,464730.530000,6478179.540000,0.000000,0.000000,0.000000,248025.156667,877470.591667,250,DERIVED_ANALYTICS,1,0.403174,0.084903,HIGH_DIGITAL_ENGAGEMENT,MATERIAL_BUSINESS_SCALE,STRONG_PRODUCT_NEED_SIGNAL,12956359.080000,155476.310000,38869.080000,0.000000,31095.260000,5597.150000,2843.450000,108166.630000,3.478557,8763.650000,0.926708,,True,56.530000,True,MEDIUM_PRIORITY,False,Discuss payroll automation and employee banking needs.,Payroll Services,6.000000,54,True,CONTACT_DUE,TASK000114,10,AUTHORISED_RELATIONSHIP_MANAGER,False
OPP0006992,SME000587,RM030,PAYROLL_SERVICES,0.683479,0.750000,1.000000,42.260000,21,11024493.600000,29,0.042326,0,0,NONE,True,True,True,False,False,SMALL,Manufacturing,Central Anatolia,6092672.650000,5335913.430000,364099.040000,6545585.630000,0.000000,0.000000,0.000000,209319.145000,634509.451667,37,DERIVED_ANALYTICS,1,0.354950,0.079798,LOWER_CREDIT_RISK_SIGNAL,MATERIAL_BUSINESS_SCALE,STRONG_PRODUCT_NEED_SIGNAL,13091171.260000,157094.060000,39273.510000,0.000000,31418.810000,5655.390000,2863.680000,109301.480000,3.478855,8302.060000,0.924014,,True,57.710000,True,MEDIUM_PRIORITY,False,Discuss payroll automation and employee banking needs.,Payroll Services,15.000000,46,True,CONTACT_DUE,TASK000115,10,AUTHORISED_RELATIONSHIP_MANAGER,False
OPP0009117,SME000589,RM020,CASH_MANAGEMENT,0.668237,0.875000,1.000000,84.910000,86,44067364.920000,41,0.042574,0,5,NONE,True,True,True,False,False,SMALL,Technology,Mediterranean,27305849.070000,23805132.460000,1343756.580000,9266329.860000,0.000000,0.000000,0.000000,882942.198333,2748225.958333,18,DERIVED_ANALYTICS,1,0.498543,0.087664,ESTABLISHED_RELATIONSHIP,HIGH_DIGITAL_ENGAGEMENT,MATERIAL_BUSINESS_SCALE,47610264.920000,523712.910000,142830.790000,0.000000,114264.640000,20567.640000,8041.540000,352272.940000,3.082957,30461.730000,0.981246,,True,64.960000,True,MEDIUM_PRIORITY,False,"Review collections, payments and liquidity visibility.",Cash Management,4.000000,57,True,CONTACT_DUE,TASK000116,10,AUTHORISED_RELATIONSHIP_MANAGER,False
OPP0009124,SME000604,RM038,CASH_MANAGEMENT,0.579066,0.875000,0.018931,78.620000,55,28868752.120000,9,0.021660,60,0,LOW,True,True,True,False,False,MICRO,Professional Services,Aegean,13944830.860000,11589608.920000,481798.190000,1880469.690000,0.000000,0.000000,0.000000,435334.700000,2193358.863333,297,DERIVED_ANALYTICS,1,0.358225,0.070819,LOWER_CREDIT_RISK_SIGNAL,HIGH_DIGITAL_ENGAGEMENT,MATERIAL_BUSINESS_SCALE,23179217.840000,254971.400000,69537.650000,0.000000,55630.120000,10013.420000,4376.880000,171043.450000,3.074655,11693.080000,0.942067,,True,56.280000,True,MEDIUM_PRIORITY,False,"Review collections, payments and liquidity visibility.",Cash Management,10.000000,62,True,CONTACT_DUE,TASK000117,10,AUTHORISED_RELATIONSHIP_MANAGER,False
OPP0009125,SME000605,RM030,CASH_MANAGEMENT,0.585702,0.875000,1.000000,79.540000,116,28418965.880000,42,0.040628,15,0,NONE,True,True,True,False,True,SMALL,Wholesale Trade,Central Anatolia,14987454.920000,14237506.380000,1097599.490000,9032577.650000,0.000000,4207141.370000,2237713.180000,515717.861667,1370011.571667,8,DERIVED_ANALYTICS,1,0.409991,0.044920,ESTABLISHED_RELATIONSHIP,CROSS_BORDER_ACTIVITY,LOWER_CREDIT_RISK_SIGNAL,28475012.760000,313225.140000,85425.040000,0.000000,68340.030000,12301.210000,5171.250000,210327.640000,3.077664,9027.980000,0.928595,,True,55.510000,True,MEDIUM_PRIORITY,False,"Review collections, payments and liquidity visibility.",Cash Management,18.000000,46,True,CONTACT_DUE,TASK000118,10,AUTHORISED_RELATIONSHIP_MANAGER,False
OPP0007002,SME000607,RM041,PAYROLL_SERVICES,0.964723,0.750000,1.000000,69.760000,36,73843638.350000,233,0.021547,0,0,NONE,True,True,True,False,True,MEDIUM,Healthcare,Marmara,44932838.910000,40661497.060000,24461827.320000,53397066.910000,0.000000,12945224.940000,7399252.370000,1755786.338333,4913646.578333,155,DERIVED_ANALYTICS,1,0.732864,0.048462,CROSS_BORDER_ACTIVITY,STRONG_PRODUCT_NEED_SIGNAL,LOWER_CREDIT_RISK_SIGNAL,106794133.820000,1281529.610000,320382.400000,0.000000,256305.920000,46135.070000,16919.120000,898093.020000,3.503989,43103.140000,0.988737,,True,74.330000,True,MEDIUM_PRIORITY,False,Discuss payroll automation and employee banking needs.,Payroll Services,2.000000,55,True,CONTACT_DUE,TASK000119,10,AUTHORISED_RELATIONSHIP_MANAGER,False
OPP0009127,SME000608,RM036,CASH_MANAGEMENT,0.487080,0.750000,0.375614,82.770000,38,9013385.990000,7,0.058034,0,32,LOW,True,True,True,True,False,MICRO,Transportation,Marmara,5205439.580000,4640633.750000,325903.490000,1592655.700000,1198916.310000,0.000000,554207.810000,163878.686667,434729.931667,65,DERIVED_ANALYTICS,1,0.249094,0.106022,CROSS_BORDER_ACTIVITY,HIGH_DIGITAL_ENGAGEMENT,MATERIAL_BUSINESS_SCALE,9281267.500000,102093.940000,27843.800000,0.000000,22275.040000,4009.510000,2292.190000,67948.440000,3.050430,6784.040000,0.912589,,True,52.160000,True,MEDIUM_PRIORITY,False,"Review collections, payments and liquidity visibility.",Cash Management,28.000000,68,True,CONTACT_DUE,TASK000120,10,AUTHORISED_RELATIONSHIP_MANAGER,False
OPP0009136,SME000620,RM020,CASH_MANAGEMENT,0.612443,0.875000,1.000000,96.790000,78,17326296.970000,3,0.056087,0,0,NONE,True,True,True,False,False,MICRO,Healthcare,Mediterranean,9067207.470000,8097582.790000,3577360.220000,560144.060000,0.000000,0.000000,0.000000,287041.166667,755425.660000,71,DERIVED_ANALYTICS,1,0.457618,0.112616,HIGH_DIGITAL_ENGAGEMENT,ESTABLISHED_RELATIONSHIP,MATERIAL_BUSINESS_SCALE,16195165.580000,178146.820000,48585.500000,0.000000,38868.400000,6996.310000,3329.270000,119235.740000,3.067678,13007.860000,0.948265,,True,64.070000,True,MEDIUM_PRIORITY,False,"Review collections, payments and liquidity visibility.",Cash Management,5.000000,57,True,CONTACT_DUE,TASK000121,10,AUTHORISED_RELATIONSHIP_MANAGER,False
OPP0002622,SME000622,RM047,POS_MERCHANT_ACQUIRING,0.555441,0.875000,1.000000,82.920000,25,13171563.500000,12,0.080762,60,44,NONE,True,True,True,False,False,SMALL,Hospitality,Central Anatolia,5821914.430000,4950093.970000,2997677.350000,2594739.500000,0.000000,0.000000,0.000000,224733.796667,693212.280000,28,DERIVED_ANALYTICS,1,0.335821,0.081893,HIGH_DIGITAL_ENGAGEMENT,MATERIAL_BUSINESS_SCALE,LOWER_CREDIT_RISK_SIGNAL,5995354.700000,77939.610000,17986.060000,0.000000,35972.130000,6474.980000,1799.300000,51679.270000,1.436647,3812.170000,0.876374,,True,54.860000,True,MEDIUM_PRIORITY,False,"Discuss merchant collections, settlement speed and acquiring economics.",POS & Merchant Acquiring,11.000000,67,True,CONTACT_DUE,TASK000122,10,AUTHORISED_RELATIONSHIP_MANAGER,False
OPP0009142,SME000630,RM035,CASH_MANAGEMENT,0.671679,0.750000,0.820504,92.330000,19,34744465.210000,10,0.037947,0,32,NONE,True,False,True,False,True,SMALL,Agriculture,Central Anatolia,20787926.010000,19112161.330000,1506829.680000,2352429.670000,0.000000,4553482.010000,2671069.240000,910178.160000,1823489.521667,2,DERIVED_ANALYTICS,1,0.443394,0.074279,CROSS_BORDER_ACTIVITY,HIGH_DIGITAL_ENGAGEMENT,LOWER_CREDIT_RISK_SIGNAL,38224322.660000,420467.550000,114672.970000,0.000000,91738.370000,16512.910000,6633.650000,282648.020000,3.081023,20574.730000,0.968150,,True,60.580000,True,MEDIUM_PRIORITY,False,"Review collections, payments and liquidity visibility.",Cash Management,6.000000,59,True,CONTACT_DUE,TASK000123,10,AUTHORISED_RELATIONSHIP_MANAGER,False
OPP0002632,SME000634,RM001,POS_MERCHANT_ACQUIRING,0.596054,1.000000,0.000000,78.130000,69,28474311.420000,46,0.043677,0,0,NONE,True,True,True,False,False,SMALL,Hospitality,Mediterranean,15574122.810000,12567221.170000,8592157.130000,9908354.900000,0.000000,0.000000,0.000000,661338.600000,1709944.555000,85,DERIVED_ANALYTICS,1,0.386938,0.091617,ESTABLISHED_RELATIONSHIP,LOWER_CREDIT_RISK_SIGNAL,HIGH_DIGITAL_ENGAGEMENT,17184314.260000,223396.090000,51552.940000,0.000000,103105.890000,18559.060000,3477.650000,149806.440000,1.452938,13304.800000,0.949127,,True,60.830000,True,MEDIUM_PRIORITY,False,"Discuss merchant collections, settlement speed and acquiring economics.",POS & Merchant Acquiring,3.000000,49,True,CONTACT_DUE,TASK000124,10,AUTHORISED_RELATIONSHIP_MANAGER,False
OPP0002634,SME000636,RM045,POS_MERCHANT_ACQUIRING,0.519026,0.625000,1.000000,84.510000,64,6880625.520000,5,0.024032,0,0,NONE,True,True,True,False,False,MICRO,Retail Trade,Aegean,3512790.170000,3049731.080000,1714114.200000,1080889.920000,0.000000,0.000000,0.000000,147785.940000,278157.456667,21,DERIVED_ANALYTICS,1,0.324623,0.125724,LOWER_CREDIT_RISK_SIGNAL,HIGH_DIGITAL_ENGAGEMENT,ESTABLISHED_RELATIONSHIP,3428228.400000,44566.970000,10284.690000,0.000000,20569.370000,3702.490000,1414.230000,29165.560000,1.417912,3246.820000,0.864949,,True,54.940000,True,MEDIUM_PRIORITY,False,"Discuss merchant collections, settlement speed and acquiring economics.",POS & Merchant Acquiring,15.000000,46,True,CONTACT_DUE,TASK000125,10,AUTHORISED_RELATIONSHIP_MANAGER,False
OPP0009148,SME000640,RM043,CASH_MANAGEMENT,0.598865,0.750000,0.065928,86.420000,115,24526250.580000,9,0.029835,5,10,NONE,True,True,True,False,False,MICRO,Agriculture,Mediterranean,12210001.680000,10601174.630000,439117.980000,1949774.910000,0.000000,0.000000,0.000000,366777.353333,1566698.501667,13,DERIVED_ANALYTICS,1,0.445551,0.048117,ESTABLISHED_RELATIONSHIP,HIGH_DIGITAL_ENGAGEMENT,LOWER_CREDIT_RISK_SIGNAL,21202349.260000,233225.840000,63607.050000,0.000000,50885.640000,9159.420000,4080.350000,156379.020000,3.073146,7104.480000,0.915499,,True,55.740000,True,MEDIUM_PRIORITY,False,"Review collections, payments and liquidity visibility.",Cash Management,12.000000,52,True,CONTACT_DUE,TASK000126,10,AUTHORISED_RELATIONSHIP_MANAGER,False
OPP0009159,SME000658,RM016,CASH_MANAGEMENT,0.575247,0.875000,0.000000,74.970000,126,30850658.840000,13,0.081038,0,0,NONE,True,True,True,False,False,SMALL,Transportation,Mediterranean,17534464.030000,15529098.920000,920465.850000,2601136.020000,0.000000,0.000000,0.000000,482893.900000,1409081.386667,63,DERIVED_ANALYTICS,1,0.404401,0.082257,ESTABLISHED_RELATIONSHIP,MATERIAL_BUSINESS_SCALE,HIGH_DIGITAL_ENGAGEMENT,31058197.840000,341640.180000,93174.590000,0.000000,74539.670000,13417.140000,5558.730000,229489.720000,3.078760,18457.220000,0.964163,,True,59.100000,True,MEDIUM_PRIORITY,False,"Review collections, payments and liquidity visibility.",Cash Management,5.000000,51,True,CONTACT_DUE,TASK000127,10,AUTHORISED_RELATIONSHIP_MANAGER,False
OPP0002653,SME000660,RM017,POS_MERCHANT_ACQUIRING,0.549001,0.625000,1.000000,79.940000,67,25569154.230000,49,0.022661,30,0,NONE,True,True,True,False,False,SMALL,Retail Trade,Aegean,12536693.120000,10447871.870000,6022575.230000,9385073.380000,0.000000,0.000000,0.000000,413983.183333,1102165.906667,282,DERIVED_ANALYTICS,1,0.350679,0.144144,LOWER_CREDIT_RISK_SIGNAL,HIGH_DIGITAL_ENGAGEMENT,ESTABLISHED_RELATIONSHIP,12045150.460000,156586.960000,36135.450000,0.000000,72270.900000,13008.760000,2706.770000,104735.980000,1.449214,14677.060000,0.954462,,True,59.700000,True,MEDIUM_PRIORITY,False,"Discuss merchant collections, settlement speed and acquiring economics.",POS & Merchant Acquiring,8.000000,60,True,CONTACT_DUE,TASK000128,10,AUTHORISED_RELATIONSHIP_MANAGER,False
OPP0007045,SME000663,RM030,PAYROLL_SERVICES,0.684075,0.750000,0.121252,70.930000,88,25900537.050000,41,0.022517,5,0,NONE,True,True,True,False,False,SMALL,Wholesale Trade,Central Anatolia,12823257.150000,10793843.700000,398373.870000,9989399.510000,0.000000,0.000000,0.000000,451994.033333,1250851.250000,67,DERIVED_ANALYTICS,1,0.494244,0.036442,ESTABLISHED_RELATIONSHIP,LOWER_CREDIT_RISK_SIGNAL,MATERIAL_BUSINESS_SCALE,19978799.020000,239745.590000,59936.400000,0.000000,47949.120000,8630.840000,3896.820000,167281.530000,3.488730,5676.020000,0.902727,,True,57.890000,True,MEDIUM_PRIORITY,False,Discuss payroll automation and employee banking needs.,Payroll Services,14.000000,46,True,CONTACT_DUE,TASK000129,10,AUTHORISED_RELATIONSHIP_MANAGER,False
OPP0009163,SME000664,RM030,CASH_MANAGEMENT,0.558734,0.625000,0.433479,72.810000,125,29718309.970000,11,0.022581,0,0,NONE,True,True,True,False,True,SMALL,Transportation,Central Anatolia,15540597.970000,14010362.910000,460744.430000,2089427.220000,0.000000,3888764.180000,1875844.860000,524752.130000,989327.256667,76,DERIVED_ANALYTICS,1,0.412601,0.085199,ESTABLISHED_RELATIONSHIP,CROSS_BORDER_ACTIVITY,LOWER_CREDIT_RISK_SIGNAL,28020725.820000,308227.980000,84062.180000,0.000000,67249.740000,12104.950000,5103.110000,206957.740000,3.077450,17212.620000,0.962007,,True,56.730000,True,MEDIUM_PRIORITY,False,"Review collections, payments and liquidity visibility.",Cash Management,17.000000,46,True,CONTACT_DUE,TASK000130,10,AUTHORISED_RELATIONSHIP_MANAGER,False
OPP0009168,SME000673,RM005,CASH_MANAGEMENT,0.503812,0.875000,0.163981,76.860000,133,14821397.120000,17,0.051398,0,0,NONE,True,True,True,False,False,SMALL,Construction,Eastern,6873249.300000,6134944.010000,382329.800000,3628759.150000,0.000000,0.000000,0.000000,257248.230000,672199.095000,8,DERIVED_ANALYTICS,1,0.360509,0.077514,ESTABLISHED_RELATIONSHIP,HIGH_DIGITAL_ENGAGEMENT,MATERIAL_BUSINESS_SCALE,12269888.020000,134968.770000,36809.660000,0.000000,29447.730000,5300.590000,2740.480000,90118.040000,3.060271,6565.410000,0.910864,,True,54.740000,True,MEDIUM_PRIORITY,False,"Review collections, payments and liquidity visibility.",Cash Management,6.000000,59,True,CONTACT_DUE,TASK000131,10,AUTHORISED_RELATIONSHIP_MANAGER,False
OPP0009173,SME000681,RM002,CASH_MANAGEMENT,0.528960,0.625000,1.000000,80.430000,98,15935643.170000,35,0.030238,5,0,NONE,True,True,True,False,False,SMALL,Agriculture,Marmara,8103976.290000,7690589.960000,407992.290000,6977683.680000,0.000000,0.000000,0.000000,345637.523333,964213.081667,156,DERIVED_ANALYTICS,1,0.350281,0.071151,ESTABLISHED_RELATIONSHIP,LOWER_CREDIT_RISK_SIGNAL,HIGH_DIGITAL_ENGAGEMENT,15381179.920000,169192.980000,46143.540000,0.000000,36914.830000,6644.670000,3207.180000,113197.590000,3.066453,7634.080000,0.919810,,True,52.060000,True,MEDIUM_PRIORITY,False,"Review collections, payments and liquidity visibility.",Cash Management,29.000000,57,True,CONTACT_DUE,TASK000132,10,AUTHORISED_RELATIONSHIP_MANAGER,False
OPP0009175,SME000684,RM027,CASH_MANAGEMENT,0.596364,0.750000,0.716040,79.960000,62,31195229.110000,15,0.011539,0,0,NONE,True,True,True,True,False,SMALL,Technology,Eastern,16203571.370000,14113026.130000,1083179.190000,3498720.070000,5122736.000000,0.000000,2442011.620000,753122.801667,1468134.285000,81,DERIVED_ANALYTICS,1,0.414257,0.145291,CROSS_BORDER_ACTIVITY,LOWER_CREDIT_RISK_SIGNAL,HIGH_DIGITAL_ENGAGEMENT,28226052.260000,310486.570000,84678.160000,0.000000,67742.530000,12193.660000,5133.910000,208480.840000,3.077547,29870.330000,0.980545,,True,64.600000,True,MEDIUM_PRIORITY,False,"Review collections, payments and liquidity visibility.",Cash Management,2.000000,60,True,CONTACT_DUE,TASK000133,10,AUTHORISED_RELATIONSHIP_MANAGER,False
OPP0007066,SME000697,RM021,PAYROLL_SERVICES,0.699534,0.750000,0.049893,56.080000,106,12622944.390000,38,0.025191,0,88,NONE,True,True,True,False,False,SMALL,Transportation,Marmara,6249529.740000,5712866.340000,261812.610000,7297233.070000,0.000000,0.000000,0.000000,215505.780000,648648.118333,76,DERIVED_ANALYTICS,1,0.499910,0.080074,ESTABLISHED_RELATIONSHIP,LOWER_CREDIT_RISK_SIGNAL,MATERIAL_BUSINESS_SCALE,14594466.140000,175133.590000,43783.400000,0.000000,35026.720000,6304.810000,3089.170000,121956.210000,3.481805,9345.530000,0.930696,,True,62.850000,True,MEDIUM_PRIORITY,False,Discuss payroll automation and employee banking needs.,Payroll Services,7.000000,48,True,CONTACT_DUE,TASK000134,10,AUTHORISED_RELATIONSHIP_MANAGER,False
OPP0009186,SME000698,RM022,CASH_MANAGEMENT,0.586628,0.750000,0.187476,71.710000,102,39798517.960000,42,0.037706,0,0,NONE,True,False,True,False,False,SMALL,Wholesale Trade,Central Anatolia,20411826.540000,18160120.560000,1281703.630000,9741370.270000,0.000000,0.000000,0.000000,844452.818333,2334273.970000,33,DERIVED_ANALYTICS,1,0.384937,0.041327,ESTABLISHED_RELATIONSHIP,LOWER_CREDIT_RISK_SIGNAL,MATERIAL_BUSINESS_SCALE,36320241.120000,399522.650000,108960.720000,0.000000,87168.580000,15690.340000,6348.040000,268523.550000,3.080508,10677.350000,0.937918,,True,53.330000,True,MEDIUM_PRIORITY,False,"Review collections, payments and liquidity visibility.",Cash Management,16.000000,46,True,CONTACT_DUE,TASK000135,10,AUTHORISED_RELATIONSHIP_MANAGER,False
OPP0009189,SME000701,RM035,CASH_MANAGEMENT,0.618646,0.750000,1.000000,25.080000,137,167936798.880000,140,0.009509,0,0,NONE,True,True,True,True,False,MEDIUM,Manufacturing,Central Anatolia,90445204.560000,76660693.020000,4817697.660000,30635961.980000,23235702.890000,0.000000,13662899.020000,3999112.993333,8916283.183333,75,DERIVED_ANALYTICS,1,0.396192,0.064087,ESTABLISHED_RELATIONSHIP,CROSS_BORDER_ACTIVITY,LOWER_CREDIT_RISK_SIGNAL,153321386.040000,1686535.250000,459964.160000,0.000000,367971.330000,66234.840000,23898.210000,1136438.040000,3.088387,72410.760000,0.996120,,True,57.490000,True,MEDIUM_PRIORITY,False,"Review collections, payments and liquidity visibility.",Cash Management,9.000000,59,True,CONTACT_DUE,TASK000136,10,AUTHORISED_RELATIONSHIP_MANAGER,False
OPP0009191,SME000703,RM035,CASH_MANAGEMENT,0.648088,0.750000,0.572994,43.660000,45,122993220.810000,82,0.011414,15,171,NONE,True,True,True,True,False,MEDIUM,Technology,Central Anatolia,74253121.490000,62349109.810000,3049517.260000,17811154.450000,14135905.780000,0.000000,7683490.050000,3154217.813333,5260222.953333,27,DERIVED_ANALYTICS,1,0.423958,0.031092,CROSS_BORDER_ACTIVITY,LOWER_CREDIT_RISK_SIGNAL,MATERIAL_BUSINESS_SCALE,124698219.620000,1371680.420000,374094.660000,0.000000,299275.730000,53869.630000,19604.730000,924111.400000,3.087826,28312.390000,0.978767,,True,55.740000,True,MEDIUM_PRIORITY,False,"Review collections, payments and liquidity visibility.",Cash Management,12.000000,59,True,CONTACT_DUE,TASK000137,10,AUTHORISED_RELATIONSHIP_MANAGER,False
OPP0002685,SME000715,RM045,POS_MERCHANT_ACQUIRING,0.555535,0.375000,1.000000,79.520000,88,23605998.330000,25,0.038019,0,136,NONE,True,True,True,False,False,SMALL,Healthcare,Aegean,12875404.350000,10618985.200000,6381510.090000,5616926.850000,0.000000,0.000000,0.000000,391738.675000,964871.296667,33,DERIVED_ANALYTICS,1,0.414541,0.166538,ESTABLISHED_RELATIONSHIP,LOWER_CREDIT_RISK_SIGNAL,HIGH_DIGITAL_ENGAGEMENT,12763020.180000,165919.260000,38289.060000,0.000000,76578.120000,13784.060000,2814.450000,111031.690000,1.449914,18070.970000,0.963624,,True,61.570000,True,MEDIUM_PRIORITY,False,"Discuss merchant collections, settlement speed and acquiring economics.",POS & Merchant Acquiring,8.000000,46,True,CONTACT_DUE,TASK000138,10,AUTHORISED_RELATIONSHIP_MANAGER,False
OPP0007079,SME000718,RM045,PAYROLL_SERVICES,0.559201,0.625000,1.000000,74.560000,22,27275891.950000,43,0.040986,0,151,NONE,True,True,True,True,False,SMALL,Manufacturing,Aegean,16621382.110000,14886738.150000,1086701.760000,10571402.760000,4993268.770000,0.000000,2511643.620000,608453.211667,1562444.130000,43,DERIVED_ANALYTICS,1,0.280265,0.172712,CROSS_BORDER_ACTIVITY,LOWER_CREDIT_RISK_SIGNAL,MATERIAL_BUSINESS_SCALE,21142805.520000,253713.670000,63428.420000,0.000000,50742.730000,9133.690000,4071.420000,177080.140000,3.489764,30163.840000,0.980923,,True,60.720000,True,MEDIUM_PRIORITY,False,Discuss payroll automation and employee banking needs.,Payroll Services,11.000000,46,True,CONTACT_DUE,TASK000139,10,AUTHORISED_RELATIONSHIP_MANAGER,False
OPP0007082,SME000721,RM008,PAYROLL_SERVICES,0.772735,0.625000,1.000000,82.220000,107,151831294.450000,241,0.064282,0,17,NONE,True,True,True,False,False,MEDIUM,Construction,Marmara,74527620.990000,68179549.780000,3591004.040000,43456586.400000,0.000000,0.000000,0.000000,2656693.438333,7196019.428333,65,DERIVED_ANALYTICS,1,0.617920,0.028110,ESTABLISHED_RELATIONSHIP,MATERIAL_BUSINESS_SCALE,HIGH_DIGITAL_ENGAGEMENT,86913172.800000,1042958.070000,260739.520000,0.000000,208591.610000,37546.490000,13936.980000,730735.080000,3.503185,20121.130000,0.967073,,True,62.960000,True,MEDIUM_PRIORITY,False,Discuss payroll automation and employee banking needs.,Payroll Services,6.000000,69,True,CONTACT_DUE,TASK000140,10,AUTHORISED_RELATIONSHIP_MANAGER,False
OPP0009203,SME000726,RM041,CASH_MANAGEMENT,0.881734,0.625000,1.000000,74.290000,52,197086598.580000,123,0.060910,0,0,LOW,True,True,True,True,False,MEDIUM,Hospitality,Marmara,114550920.780000,102989374.090000,57210657.810000,26016006.480000,32826421.250000,0.000000,19979782.400000,4647973.476667,9740621.873333,91,DERIVED_ANALYTICS,1,0.639523,0.077454,CROSS_BORDER_ACTIVITY,STRONG_PRODUCT_NEED_SIGNAL,MATERIAL_BUSINESS_SCALE,205978748.180000,2265766.230000,617936.240000,0.000000,494349.000000,88982.820000,31796.810000,1527050.360000,3.089013,117856.710000,0.999030,,True,71.070000,True,MEDIUM_PRIORITY,False,"Review collections, payments and liquidity visibility.",Cash Management,3.000000,55,True,CONTACT_DUE,TASK000141,10,AUTHORISED_RELATIONSHIP_MANAGER,False
OPP0002695,SME000727,RM038,POS_MERCHANT_ACQUIRING,0.487319,0.500000,1.000000,54.990000,76,17387762.170000,39,0.011103,0,0,NONE,True,False,True,True,False,SMALL,Retail Trade,Aegean,10629108.400000,9869066.840000,5125122.380000,8167770.840000,1927058.840000,0.000000,1042632.770000,285506.653333,1234910.531667,101,DERIVED_ANALYTICS,1,0.250271,0.144560,CROSS_BORDER_ACTIVITY,LOWER_CREDIT_RISK_SIGNAL,ESTABLISHED_RELATIONSHIP,10250244.760000,133253.180000,30750.730000,0.000000,61501.470000,11070.260000,2437.540000,88994.650000,1.447033,12445.080000,0.945624,,True,53.760000,True,MEDIUM_PRIORITY,False,"Discuss merchant collections, settlement speed and acquiring economics.",POS & Merchant Acquiring,13.000000,62,True,CONTACT_DUE,TASK000142,10,AUTHORISED_RELATIONSHIP_MANAGER,False
OPP0007089,SME000731,RM029,PAYROLL_SERVICES,0.952597,0.375000,1.000000,74.720000,125,52470611.050000,225,0.018527,0,85,NONE,True,True,True,False,True,MEDIUM,Healthcare,Marmara,27214742.600000,24453026.060000,13890954.600000,45616040.720000,0.000000,4283966.510000,2492396.190000,1186063.136667,2155914.051667,16,DERIVED_ANALYTICS,1,0.804200,0.043923,ESTABLISHED_RELATIONSHIP,CROSS_BORDER_ACTIVITY,STRONG_PRODUCT_NEED_SIGNAL,91232081.440000,1094784.980000,273696.240000,0.000000,218957.000000,39412.260000,14584.810000,767091.670000,3.503390,33272.860000,0.983132,,True,72.090000,True,MEDIUM_PRIORITY,False,Discuss payroll automation and employee banking needs.,Payroll Services,4.000000,56,True,CONTACT_DUE,TASK000143,10,AUTHORISED_RELATIONSHIP_MANAGER,False
OPP0009207,SME000734,RM034,CASH_MANAGEMENT,0.605484,0.625000,0.682126,61.010000,137,67571233.270000,49,0.022252,30,0,NONE,True,True,True,False,False,SMALL,Technology,Aegean,33491571.450000,29777840.960000,1825499.730000,10365908.330000,0.000000,0.000000,0.000000,1063365.185000,3464679.108333,29,DERIVED_ANALYTICS,1,0.436301,0.110368,ESTABLISHED_RELATIONSHIP,LOWER_CREDIT_RISK_SIGNAL,MATERIAL_BUSINESS_SCALE,59555681.920000,655112.500000,178667.050000,0.000000,142933.640000,25728.060000,9833.350000,440884.040000,3.084537,48239.420000,0.990839,,True,61.300000,True,MEDIUM_PRIORITY,False,"Review collections, payments and liquidity visibility.",Cash Management,10.000000,61,True,CONTACT_DUE,TASK000144,10,AUTHORISED_RELATIONSHIP_MANAGER,False
OPP0007093,SME000735,RM001,PAYROLL_SERVICES,0.715614,0.750000,1.000000,81.560000,66,14981926.290000,46,0.069060,0,165,NONE,True,True,True,False,False,SMALL,Hospitality,Mediterranean,8044509.310000,7267827.080000,4770518.800000,8446267.990000,0.000000,0.000000,0.000000,301853.603333,736321.971667,20,DERIVED_ANALYTICS,1,0.482439,0.092898,HIGH_DIGITAL_ENGAGEMENT,ESTABLISHED_RELATIONSHIP,MATERIAL_BUSINESS_SCALE,16892535.980000,202710.430000,50677.610000,0.000000,40542.090000,7297.580000,3433.880000,141301.360000,3.485300,12706.580000,0.946702,,True,64.080000,True,MEDIUM_PRIORITY,False,Discuss payroll automation and employee banking needs.,Payroll Services,2.000000,49,True,CONTACT_DUE,TASK000145,10,AUTHORISED_RELATIONSHIP_MANAGER,False
OPP0009208,SME000737,RM035,CASH_MANAGEMENT,0.775652,0.875000,0.000000,65.690000,63,137363982.530000,26,0.067758,0,0,NONE,True,False,True,False,False,SMALL,Construction,Central Anatolia,81060604.790000,72712242.070000,4901532.630000,5289023.250000,0.000000,0.000000,0.000000,2114454.995000,7014120.980000,125,DERIVED_ANALYTICS,1,0.518078,0.060620,MATERIAL_BUSINESS_SCALE,STRONG_PRODUCT_NEED_SIGNAL,ESTABLISHED_RELATIONSHIP,145424484.140000,1599669.330000,436273.450000,0.000000,349018.760000,62823.380000,22713.670000,1077858.830000,3.088255,64919.520000,0.995150,,True,65.760000,True,MEDIUM_PRIORITY,False,"Review collections, payments and liquidity visibility.",Cash Management,2.000000,59,True,CONTACT_DUE,TASK000146,10,AUTHORISED_RELATIONSHIP_MANAGER,False
OPP0002709,SME000746,RM043,POS_MERCHANT_ACQUIRING,0.513746,0.875000,1.000000,64.260000,108,27687514.540000,30,0.086969,0,0,NONE,True,True,True,False,False,SMALL,Healthcare,Mediterranean,15064758.570000,13120357.090000,7087091.940000,6020194.460000,0.000000,0.000000,0.000000,570288.733333,1284218.538333,80,DERIVED_ANALYTICS,1,0.346523,0.097270,ESTABLISHED_RELATIONSHIP,MATERIAL_BUSINESS_SCALE,HIGH_DIGITAL_ENGAGEMENT,14174183.880000,184264.390000,42522.550000,0.000000,85045.100000,15308.120000,3026.130000,123407.590000,1.451084,11583.800000,0.941528,,True,56.840000,True,MEDIUM_PRIORITY,False,"Discuss merchant collections, settlement speed and acquiring economics.",POS & Merchant Acquiring,9.000000,52,True,CONTACT_DUE,TASK000147,10,AUTHORISED_RELATIONSHIP_MANAGER,False
OPP0002712,SME000750,RM037,POS_MERCHANT_ACQUIRING,0.515160,0.875000,1.000000,44.400000,54,28543551.700000,37,0.042078,60,4,NONE,True,True,True,False,False,SMALL,Healthcare,Aegean,17103843.420000,14388547.960000,9085834.800000,8415073.450000,0.000000,0.000000,0.000000,609372.656667,1257184.471667,69,DERIVED_ANALYTICS,1,0.276155,0.101218,LOWER_CREDIT_RISK_SIGNAL,MATERIAL_BUSINESS_SCALE,ESTABLISHED_RELATIONSHIP,18171669.600000,236231.700000,54515.010000,0.000000,109030.020000,19625.400000,3625.750000,158465.540000,1.453412,15619.640000,0.957426,,True,55.260000,True,MEDIUM_PRIORITY,False,"Discuss merchant collections, settlement speed and acquiring economics.",POS & Merchant Acquiring,14.000000,47,True,CONTACT_DUE,TASK000148,10,AUTHORISED_RELATIONSHIP_MANAGER,False
OPP0007108,SME000752,RM043,PAYROLL_SERVICES,0.957418,0.375000,1.000000,79.430000,72,60105443.510000,211,0.004104,0,0,LOW,True,True,True,True,False,MEDIUM,Technology,Mediterranean,33406966.590000,30608724.010000,1903996.450000,46549792.480000,9255975.290000,0.000000,5095205.740000,1113599.546667,3354202.056667,99,DERIVED_ANALYTICS,1,0.782693,0.057615,CROSS_BORDER_ACTIVITY,LOWER_CREDIT_RISK_SIGNAL,STRONG_PRODUCT_NEED_SIGNAL,93099584.960000,1117195.020000,279298.750000,0.000000,223439.000000,40219.020000,14864.940000,782812.310000,3.503472,44681.550000,0.989383,,True,72.850000,True,MEDIUM_PRIORITY,False,Discuss payroll automation and employee banking needs.,Payroll Services,1.000000,52,True,CONTACT_DUE,TASK000149,10,AUTHORISED_RELATIONSHIP_MANAGER,False
OPP0007115,SME000761,RM047,PAYROLL_SERVICES,0.461080,0.875000,1.000000,84.920000,68,16288197.390000,26,0.012874,0,0,NONE,True,True,True,False,False,SMALL,Transportation,Central Anatolia,9345705.190000,8799684.300000,561217.990000,5389792.940000,0.000000,0.000000,0.000000,357855.090000,792609.130000,60,DERIVED_ANALYTICS,1,0.316652,0.085062,LOWER_CREDIT_RISK_SIGNAL,HIGH_DIGITAL_ENGAGEMENT,ESTABLISHED_RELATIONSHIP,10779585.880000,129355.030000,32338.760000,0.000000,25871.010000,4656.780000,2516.940000,89842.550000,3.472711,7222.140000,0.916469,,True,53.180000,True,MEDIUM_PRIORITY,False,Discuss payroll automation and employee banking needs.,Payroll Services,18.000000,67,True,CONTACT_DUE,TASK000150,10,AUTHORISED_RELATIONSHIP_MANAGER,False
OPP0005038,SME000768,RM017,BUSINESS_CREDIT_CARD,0.763176,0.625000,1.000000,84.690000,129,118101018.200000,83,0.007029,0,0,NONE,True,True,True,True,False,MEDIUM,Agriculture,Aegean,69427448.910000,63772309.310000,4096360.140000,15925305.600000,24017971.620000,0.000000,12900611.630000,2391234.105000,7455377.713333,43,DERIVED_ANALYTICS,1,0.685063,0.090393,ESTABLISHED_RELATIONSHIP,CROSS_BORDER_ACTIVITY,LOWER_CREDIT_RISK_SIGNAL,2125818.327600,89922.120000,33247.800000,2133.770000,65050.040000,11709.010000,1218.870000,41612.670000,0.639702,3341.510000,0.866997,,True,68.700000,True,MEDIUM_PRIORITY,True,Review employee spending controls and short-term purchasing needs.,Business Credit Card,3.000000,60,True,CONTACT_DUE,TASK000151,10,AUTHORISED_RELATIONSHIP_MANAGER,False
OPP0007125,SME000773,RM002,PAYROLL_SERVICES,0.709414,1.000000,0.000000,72.440000,48,20788907.430000,44,0.049840,30,134,NONE,True,True,True,True,False,SMALL,Wholesale Trade,Marmara,10386059.200000,10022933.530000,568370.170000,9766918.670000,2967807.840000,0.000000,1485045.910000,387551.031667,884102.933333,23,DERIVED_ANALYTICS,1,0.448233,0.097901,CROSS_BORDER_ACTIVITY,MATERIAL_BUSINESS_SCALE,LOWER_CREDIT_RISK_SIGNAL,19533837.340000,234406.050000,58601.510000,0.000000,46881.210000,8438.620000,3830.080000,163535.840000,3.488302,15590.310000,0.957264,,True,65.990000,True,MEDIUM_PRIORITY,False,Discuss payroll automation and employee banking needs.,Payroll Services,6.000000,57,True,CONTACT_DUE,TASK000152,10,AUTHORISED_RELATIONSHIP_MANAGER,False
OPP0009246,SME000797,RM029,CASH_MANAGEMENT,0.557952,0.750000,0.540871,87.520000,65,15406044.900000,7,0.050128,0,0,NONE,True,True,True,False,False,MICRO,Technology,Marmara,8063675.180000,6877866.650000,496729.580000,1435556.770000,0.000000,0.000000,0.000000,258680.865000,778265.493333,150,DERIVED_ANALYTICS,1,0.366065,0.073655,HIGH_DIGITAL_ENGAGEMENT,ESTABLISHED_RELATIONSHIP,MATERIAL_BUSINESS_SCALE,13755733.300000,151313.070000,41267.200000,0.000000,33013.760000,5942.480000,2963.360000,101140.030000,3.063572,7029.460000,0.914798,,True,54.580000,True,MEDIUM_PRIORITY,False,"Review collections, payments and liquidity visibility.",Cash Management,29.000000,56,True,CONTACT_DUE,TASK000153,10,AUTHORISED_RELATIONSHIP_MANAGER,False
OPP0016514,SME000801,RM008,FX_RISK_MANAGEMENT,0.485139,0.875000,0.068577,55.540000,136,22105982.160000,12,0.009750,0,0,NONE,True,True,True,True,True,SMALL,Technology,Marmara,13131783.010000,11701855.550000,255845.170000,2334580.150000,4416798.950000,3868064.770000,4160519.790000,570488.238333,682781.183333,26,DERIVED_ANALYTICS,1,0.326434,0.124649,ESTABLISHED_RELATIONSHIP,CROSS_BORDER_ACTIVITY,LOWER_CREDIT_RISK_SIGNAL,16569727.440000,123444.470000,17398.210000,0.000000,55674.280000,10021.370000,3385.460000,92639.430000,1.663954,11127.370000,0.939696,,True,58.000000,True,MEDIUM_PRIORITY,True,Review documented FX exposure and risk-management objectives.,FX Risk Management,11.000000,69,True,CONTACT_DUE,TASK000154,10,AUTHORISED_RELATIONSHIP_MANAGER,False
OPP0009252,SME000805,RM007,CASH_MANAGEMENT,0.728721,0.875000,0.062527,69.120000,120,112917691.030000,67,0.020165,0,0,NONE,True,True,True,True,False,MEDIUM,Manufacturing,Central Anatolia,55877388.010000,51245607.820000,1853053.780000,12082208.630000,11770032.080000,0.000000,5840318.550000,2436527.456667,6704310.835000,175,DERIVED_ANALYTICS,1,0.613466,0.097016,ESTABLISHED_RELATIONSHIP,CROSS_BORDER_ACTIVITY,LOWER_CREDIT_RISK_SIGNAL,102491215.640000,1127403.370000,307473.650000,0.000000,245978.920000,44276.210000,16273.680000,759379.830000,3.087174,73251.700000,0.996335,,True,71.080000,True,MEDIUM_PRIORITY,False,"Review collections, payments and liquidity visibility.",Cash Management,2.000000,57,True,CONTACT_DUE,TASK000155,10,AUTHORISED_RELATIONSHIP_MANAGER,False
OPP0005065,SME000807,RM032,BUSINESS_CREDIT_CARD,0.760897,0.375000,1.000000,47.800000,9,303332113.310000,239,0.033992,0,151,NONE,True,True,True,True,True,MEDIUM,Agriculture,Aegean,167676558.740000,142992811.400000,10760981.630000,53007182.550000,55623029.530000,32043266.150000,49984896.870000,5398459.630000,19887271.305000,57,DERIVED_ANALYTICS,1,0.394788,0.070618,CROSS_BORDER_ACTIVITY,MATERIAL_BUSINESS_SCALE,LOWER_CREDIT_RISK_SIGNAL,5459978.039580,230957.070000,85394.060000,26503.050000,167075.330000,30073.560000,1719.000000,87267.400000,0.522324,5742.640000,0.903320,,True,55.740000,True,MEDIUM_PRIORITY,True,Review employee spending controls and short-term purchasing needs.,Business Credit Card,13.000000,50,True,CONTACT_DUE,TASK000156,10,AUTHORISED_RELATIONSHIP_MANAGER,False
OPP0009257,SME000812,RM046,CASH_MANAGEMENT,0.673163,0.875000,0.812702,72.830000,53,75378449.000000,47,0.059196,0,100,NONE,True,True,True,False,False,SMALL,Healthcare,Mediterranean,35323845.860000,32293219.710000,16028387.150000,10469987.170000,0.000000,0.000000,0.000000,1263612.611667,3825599.881667,61,DERIVED_ANALYTICS,1,0.431710,0.109191,MATERIAL_BUSINESS_SCALE,HIGH_DIGITAL_ENGAGEMENT,LOWER_CREDIT_RISK_SIGNAL,64586439.420000,710450.830000,193759.320000,0.000000,155007.450000,27901.340000,10587.970000,478202.200000,3.085027,51795.400000,0.992132,,True,65.060000,True,MEDIUM_PRIORITY,False,"Review collections, payments and liquidity visibility.",Cash Management,4.000000,63,True,CONTACT_DUE,TASK000157,10,AUTHORISED_RELATIONSHIP_MANAGER,False
OPP0002759,SME000814,RM029,POS_MERCHANT_ACQUIRING,0.547125,0.500000,1.000000,51.570000,102,45279440.290000,240,0.015962,15,0,NONE,True,True,True,True,True,MEDIUM,Hospitality,Marmara,23622692.420000,19782023.260000,12624633.180000,42378917.110000,6832915.710000,6657953.090000,7380558.400000,795980.855000,2557346.896667,5,DERIVED_ANALYTICS,1,0.328811,0.079272,ESTABLISHED_RELATIONSHIP,CROSS_BORDER_ACTIVITY,LOWER_CREDIT_RISK_SIGNAL,25249266.360000,328240.460000,75747.800000,0.000000,151495.600000,27269.210000,4687.390000,220536.060000,1.455726,17062.440000,0.961684,,True,52.000000,True,MEDIUM_PRIORITY,False,"Discuss merchant collections, settlement speed and acquiring economics.",POS & Merchant Acquiring,34.000000,56,True,CONTACT_DUE,TASK000158,10,AUTHORISED_RELATIONSHIP_MANAGER,False
OPP0009260,SME000816,RM005,CASH_MANAGEMENT,0.521829,0.500000,1.000000,67.490000,117,26509161.930000,9,0.021617,0,123,LOW,True,True,True,True,False,MICRO,Retail Trade,Eastern,14293636.130000,12188573.360000,6216761.060000,2195578.040000,3591741.990000,0.000000,2286381.760000,440015.406667,1942521.140000,114,DERIVED_ANALYTICS,1,0.317681,0.126364,ESTABLISHED_RELATIONSHIP,CROSS_BORDER_ACTIVITY,LOWER_CREDIT_RISK_SIGNAL,24377146.720000,268148.610000,73131.440000,0.000000,58505.150000,10530.930000,4556.570000,179929.670000,3.075450,22316.560000,0.971222,,True,55.500000,True,MEDIUM_PRIORITY,False,"Review collections, payments and liquidity visibility.",Cash Management,5.000000,59,True,CONTACT_DUE,TASK000159,10,AUTHORISED_RELATIONSHIP_MANAGER,False
OPP0009263,SME000819,RM041,CASH_MANAGEMENT,0.756147,0.750000,1.000000,48.780000,64,206766135.930000,130,0.044776,60,0,NONE,True,True,True,True,True,MEDIUM,Hospitality,Marmara,105091075.660000,86667860.030000,47721688.420000,26827846.010000,31660914.100000,17508640.420000,25454501.940000,3626361.548333,8959492.573333,309,DERIVED_ANALYTICS,1,0.475602,0.044552,CROSS_BORDER_ACTIVITY,MATERIAL_BUSINESS_SCALE,LOWER_CREDIT_RISK_SIGNAL,173335720.060000,1906692.920000,520007.160000,0.000000,416005.730000,74881.030000,26900.360000,1284904.370000,3.088670,56825.540000,0.993641,,True,61.250000,True,MEDIUM_PRIORITY,False,"Review collections, payments and liquidity visibility.",Cash Management,12.000000,55,True,CONTACT_DUE,TASK000160,10,AUTHORISED_RELATIONSHIP_MANAGER,False
OPP0007156,SME000822,RM018,PAYROLL_SERVICES,0.966943,0.625000,0.385684,86.020000,66,78610945.000000,238,0.007942,0,162,NONE,True,False,True,False,False,MEDIUM,Technology,Mediterranean,40714400.470000,36490321.500000,1723892.720000,39630876.130000,0.000000,0.000000,0.000000,1373056.545000,5360801.738333,130,DERIVED_ANALYTICS,1,0.794148,0.018040,STRONG_PRODUCT_NEED_SIGNAL,LOWER_CREDIT_RISK_SIGNAL,HIGH_DIGITAL_ENGAGEMENT,79261752.260000,951141.030000,237785.260000,0.000000,190228.210000,34241.080000,12789.260000,666325.430000,3.502769,11600.420000,0.941690,,True,71.510000,True,MEDIUM_PRIORITY,False,Discuss payroll automation and employee banking needs.,Payroll Services,1.000000,57,True,CONTACT_DUE,TASK000161,10,AUTHORISED_RELATIONSHIP_MANAGER,False
OPP0007157,SME000825,RM042,PAYROLL_SERVICES,0.544222,0.750000,1.000000,73.440000,52,17693678.770000,30,0.010350,0,0,NONE,True,True,True,False,False,SMALL,Retail Trade,Mediterranean,9455417.140000,8358745.280000,4744309.450000,6167413.650000,0.000000,0.000000,0.000000,406636.311667,748994.293333,53,DERIVED_ANALYTICS,1,0.314053,0.082803,LOWER_CREDIT_RISK_SIGNAL,MATERIAL_BUSINESS_SCALE,HIGH_DIGITAL_ENGAGEMENT,12334827.300000,148017.930000,37004.480000,0.000000,29603.590000,5328.650000,2750.220000,102934.580000,3.477098,8103.310000,0.923098,,True,53.590000,True,MEDIUM_PRIORITY,False,Discuss payroll automation and employee banking needs.,Payroll Services,10.000000,49,True,CONTACT_DUE,TASK000162,10,AUTHORISED_RELATIONSHIP_MANAGER,False
OPP0009270,SME000826,RM009,CASH_MANAGEMENT,0.457242,0.750000,1.000000,70.530000,131,11948641.580000,8,0.024494,0,0,NONE,True,True,True,True,False,MICRO,Healthcare,Marmara,6895504.880000,6315968.060000,3082289.650000,1630710.490000,1730370.610000,0.000000,1046867.530000,289968.480000,597694.478333,56,DERIVED_ANALYTICS,1,0.306126,0.135141,ESTABLISHED_RELATIONSHIP,CROSS_BORDER_ACTIVITY,LOWER_CREDIT_RISK_SIGNAL,12631936.120000,138951.300000,37895.810000,0.000000,30316.650000,5457.000000,2794.790000,92803.700000,3.061146,12121.610000,0.943900,,True,56.510000,True,MEDIUM_PRIORITY,False,"Review collections, payments and liquidity visibility.",Cash Management,26.000000,69,True,CONTACT_DUE,TASK000163,10,AUTHORISED_RELATIONSHIP_MANAGER,False
OPP0009277,SME000836,RM015,CASH_MANAGEMENT,0.703193,0.375000,1.000000,97.790000,33,37585460.070000,48,0.012047,0,0,MEDIUM,True,True,True,True,False,SMALL,Technology,Marmara,21465916.840000,18391437.590000,582195.520000,10063548.050000,6274007.530000,0.000000,3140805.910000,847023.835000,2289750.465000,58,DERIVED_ANALYTICS,1,0.508213,0.174061,CROSS_BORDER_ACTIVITY,HIGH_DIGITAL_ENGAGEMENT,LOWER_CREDIT_RISK_SIGNAL,36782875.180000,404611.630000,110348.630000,0.000000,88278.900000,15890.200000,6417.430000,271955.370000,3.080638,46916.800000,0.990407,,True,68.980000,True,MEDIUM_PRIORITY,False,"Review collections, payments and liquidity visibility.",Cash Management,3.000000,66,True,CONTACT_DUE,TASK000164,10,AUTHORISED_RELATIONSHIP_MANAGER,False
OPP0009281,SME000844,RM010,CASH_MANAGEMENT,0.947273,0.750000,1.000000,91.720000,41,190018509.880000,175,0.040269,0,0,NONE,True,True,True,True,True,MEDIUM,Wholesale Trade,Central Anatolia,95591515.410000,89769299.590000,5130711.280000,37279654.400000,26717908.570000,22475055.980000,33485493.120000,3887399.025000,11562220.128333,141,DERIVED_ANALYTICS,1,0.728465,0.037429,CROSS_BORDER_ACTIVITY,STRONG_PRODUCT_NEED_SIGNAL,HIGH_DIGITAL_ENGAGEMENT,179538599.180000,1974924.590000,538615.800000,0.000000,430892.640000,77560.680000,27830.790000,1330917.320000,3.088745,49394.670000,0.991216,,True,72.860000,True,MEDIUM_PRIORITY,False,"Review collections, payments and liquidity visibility.",Cash Management,1.000000,58,True,CONTACT_DUE,TASK000165,10,AUTHORISED_RELATIONSHIP_MANAGER,False
OPP0009286,SME000851,RM015,CASH_MANAGEMENT,0.498144,0.750000,1.000000,77.220000,133,13431657.830000,39,0.035022,0,0,MEDIUM,True,True,True,False,False,SMALL,Hospitality,Marmara,7463590.320000,6288250.300000,4059028.390000,7931307.540000,0.000000,0.000000,0.000000,255190.376667,955989.175000,8,DERIVED_ANALYTICS,1,0.326245,0.092469,ESTABLISHED_RELATIONSHIP,LOWER_CREDIT_RISK_SIGNAL,HIGH_DIGITAL_ENGAGEMENT,12576500.600000,138341.510000,37729.500000,0.000000,30183.600000,5433.050000,2786.480000,92392.480000,3.061016,8123.400000,0.923205,,True,53.840000,True,MEDIUM_PRIORITY,False,"Review collections, payments and liquidity visibility.",Cash Management,24.000000,66,True,CONTACT_DUE,TASK000166,10,AUTHORISED_RELATIONSHIP_MANAGER,False
OPP0002787,SME000860,RM006,POS_MERCHANT_ACQUIRING,0.532240,0.875000,0.000000,52.540000,117,47984974.890000,13,0.031413,0,0,NONE,True,True,True,False,False,SMALL,Healthcare,Aegean,25310613.830000,22643546.060000,12806684.130000,2785513.350000,0.000000,0.000000,0.000000,832830.546667,2982908.370000,109,DERIVED_ANALYTICS,1,0.366317,0.132173,ESTABLISHED_RELATIONSHIP,LOWER_CREDIT_RISK_SIGNAL,MATERIAL_BUSINESS_SCALE,25613368.260000,332973.790000,76840.100000,0.000000,153680.210000,27662.440000,4742.010000,223729.240000,1.455810,29150.990000,0.979683,,True,61.710000,True,MEDIUM_PRIORITY,False,"Discuss merchant collections, settlement speed and acquiring economics.",POS & Merchant Acquiring,6.000000,63,True,CONTACT_DUE,TASK000167,10,AUTHORISED_RELATIONSHIP_MANAGER,False
OPP0009297,SME000875,RM023,CASH_MANAGEMENT,0.695182,1.000000,0.000000,69.280000,120,90389263.900000,22,0.037525,60,79,NONE,True,True,True,True,False,SMALL,Construction,Black Sea,49052196.840000,42031578.160000,1416704.340000,4418072.860000,12670670.350000,0.000000,4968335.400000,1303014.570000,5313453.661667,64,DERIVED_ANALYTICS,1,0.502022,0.064503,ESTABLISHED_RELATIONSHIP,CROSS_BORDER_ACTIVITY,MATERIAL_BUSINESS_SCALE,84063156.320000,924694.720000,252189.470000,0.000000,201751.580000,36315.280000,13509.470000,622680.500000,3.086372,39744.680000,0.986851,,True,64.930000,True,MEDIUM_PRIORITY,False,"Review collections, payments and liquidity visibility.",Cash Management,1.000000,52,True,CONTACT_DUE,TASK000168,10,AUTHORISED_RELATIONSHIP_MANAGER,False
OPP0009299,SME000880,RM047,CASH_MANAGEMENT,0.612848,0.750000,0.240083,41.240000,86,112699633.560000,30,0.058037,0,58,NONE,True,True,True,False,False,SMALL,Technology,Central Anatolia,62981113.700000,56675473.350000,3586386.630000,5706238.010000,0.000000,0.000000,0.000000,2511853.960000,3922133.656667,34,DERIVED_ANALYTICS,1,0.350351,0.043046,ESTABLISHED_RELATIONSHIP,MATERIAL_BUSINESS_SCALE,LOWER_CREDIT_RISK_SIGNAL,113350946.700000,1246860.410000,340052.840000,0.000000,272042.270000,48967.610000,17902.640000,839937.320000,3.087525,35735.730000,0.984587,,True,53.790000,True,MEDIUM_PRIORITY,False,"Review collections, payments and liquidity visibility.",Cash Management,17.000000,67,True,CONTACT_DUE,TASK000169,10,AUTHORISED_RELATIONSHIP_MANAGER,False
OPP0009302,SME000883,RM037,CASH_MANAGEMENT,0.575453,0.875000,0.210038,90.200000,20,16075437.130000,5,0.070997,0,33,LOW,True,True,True,False,True,MICRO,Agriculture,Aegean,8777476.410000,7852301.600000,448162.630000,959175.840000,0.000000,1758277.040000,968739.700000,298983.140000,905842.125000,98,DERIVED_ANALYTICS,1,0.302603,0.083159,CROSS_BORDER_ACTIVITY,HIGH_DIGITAL_ENGAGEMENT,MATERIAL_BUSINESS_SCALE,15704603.200000,172750.640000,47113.810000,0.000000,37691.050000,6784.390000,3255.690000,115596.750000,3.066955,9192.930000,0.929565,,True,55.310000,True,MEDIUM_PRIORITY,False,"Review collections, payments and liquidity visibility.",Cash Management,13.000000,47,True,CONTACT_DUE,TASK000170,10,AUTHORISED_RELATIONSHIP_MANAGER,False
OPP0009304,SME000887,RM030,CASH_MANAGEMENT,0.600279,1.000000,0.000000,86.300000,43,24480039.090000,13,0.032660,0,0,NONE,True,True,True,False,False,SMALL,Retail Trade,Central Anatolia,13079538.560000,11852314.140000,6343003.230000,2556753.680000,0.000000,0.000000,0.000000,325025.651667,1341230.708333,121,DERIVED_ANALYTICS,1,0.375066,0.110385,HIGH_DIGITAL_ENGAGEMENT,LOWER_CREDIT_RISK_SIGNAL,MATERIAL_BUSINESS_SCALE,23704628.280000,260750.910000,71113.880000,0.000000,56891.110000,10240.400000,4455.690000,174940.940000,3.075014,18890.840000,0.964755,,True,62.510000,True,MEDIUM_PRIORITY,False,"Review collections, payments and liquidity visibility.",Cash Management,9.000000,46,True,CONTACT_DUE,TASK000171,10,AUTHORISED_RELATIONSHIP_MANAGER,False
OPP0007199,SME000888,RM015,PAYROLL_SERVICES,0.679334,0.750000,1.000000,68.380000,79,7144422.510000,38,0.043682,0,133,NONE,True,True,True,False,False,SMALL,Professional Services,Marmara,3794644.280000,3260391.540000,235134.180000,7913369.080000,0.000000,0.000000,0.000000,148675.266667,358578.153333,23,DERIVED_ANALYTICS,1,0.468450,0.058688,ESTABLISHED_RELATIONSHIP,LOWER_CREDIT_RISK_SIGNAL,MATERIAL_BUSINESS_SCALE,15826738.160000,189920.860000,47480.210000,0.000000,37984.170000,6837.150000,3274.010000,132329.490000,3.483806,7346.100000,0.917439,,True,59.230000,True,MEDIUM_PRIORITY,False,Discuss payroll automation and employee banking needs.,Payroll Services,12.000000,66,True,CONTACT_DUE,TASK000172,10,AUTHORISED_RELATIONSHIP_MANAGER,False
OPP0009305,SME000889,RM002,CASH_MANAGEMENT,0.420580,0.875000,1.000000,78.540000,93,5316168.680000,18,0.026505,0,0,NONE,True,True,True,True,False,SMALL,Manufacturing,Marmara,3293450.060000,2774831.470000,170649.610000,4202002.550000,1024916.260000,0.000000,576243.760000,123695.036667,349650.575000,69,DERIVED_ANALYTICS,1,0.240347,0.134937,ESTABLISHED_RELATIONSHIP,CROSS_BORDER_ACTIVITY,LOWER_CREDIT_RISK_SIGNAL,5549662.940000,61046.290000,16648.990000,0.000000,13319.190000,2397.450000,1732.450000,40267.400000,3.023262,5013.570000,0.894050,,True,53.930000,True,MEDIUM_PRIORITY,False,"Review collections, payments and liquidity visibility.",Cash Management,25.000000,57,True,CONTACT_DUE,TASK000173,10,AUTHORISED_RELATIONSHIP_MANAGER,False
OPP0009307,SME000891,RM041,CASH_MANAGEMENT,0.877916,0.625000,1.000000,73.460000,14,202254135.110000,62,0.020749,0,0,NONE,True,True,True,True,True,MEDIUM,Transportation,Marmara,109020550.610000,101285766.650000,5940880.360000,14211760.480000,31567387.730000,30650964.800000,32766559.150000,4174990.135000,11194300.183333,114,DERIVED_ANALYTICS,1,0.650205,0.060031,CROSS_BORDER_ACTIVITY,LOWER_CREDIT_RISK_SIGNAL,STRONG_PRODUCT_NEED_SIGNAL,202571533.300000,2228286.870000,607714.600000,0.000000,486171.680000,87510.900000,31285.730000,1501775.640000,3.088982,89733.640000,0.997844,,True,69.730000,True,MEDIUM_PRIORITY,False,"Review collections, payments and liquidity visibility.",Cash Management,5.000000,55,True,CONTACT_DUE,TASK000174,10,AUTHORISED_RELATIONSHIP_MANAGER,False
OPP0007201,SME000892,RM024,PAYROLL_SERVICES,0.618918,0.750000,0.681004,31.660000,111,64781398.030000,104,0.014084,0,149,NONE,True,True,True,True,False,MEDIUM,Transportation,Eastern,36398256.360000,32233596.400000,1973682.500000,20352375.190000,10219054.510000,0.000000,6173201.150000,1200741.543333,2304905.893333,3,DERIVED_ANALYTICS,1,0.433944,0.041846,ESTABLISHED_RELATIONSHIP,CROSS_BORDER_ACTIVITY,LOWER_CREDIT_RISK_SIGNAL,40704750.380000,488457.000000,122114.250000,0.000000,97691.400000,17584.450000,7005.710000,341752.590000,3.498287,13880.860000,0.951229,,True,55.890000,True,MEDIUM_PRIORITY,False,Discuss payroll automation and employee banking needs.,Payroll Services,7.000000,54,True,CONTACT_DUE,TASK000175,10,AUTHORISED_RELATIONSHIP_MANAGER,False
OPP0002813,SME000898,RM010,POS_MERCHANT_ACQUIRING,0.616050,1.000000,0.000000,87.030000,55,18088453.540000,40,0.021475,0,43,NONE,True,True,True,False,False,SMALL,Healthcare,Central Anatolia,10157570.290000,8621278.410000,5872320.780000,7294528.650000,0.000000,0.000000,0.000000,374351.213333,949065.703333,249,DERIVED_ANALYTICS,1,0.483231,0.139829,LOWER_CREDIT_RISK_SIGNAL,HIGH_DIGITAL_ENGAGEMENT,MATERIAL_BUSINESS_SCALE,11744641.560000,152680.340000,35233.920000,0.000000,70467.850000,12684.210000,2661.700000,102100.510000,1.448895,13856.650000,0.951067,,True,68.720000,True,MEDIUM_PRIORITY,False,"Discuss merchant collections, settlement speed and acquiring economics.",POS & Merchant Acquiring,3.000000,58,True,CONTACT_DUE,TASK000176,10,AUTHORISED_RELATIONSHIP_MANAGER,False
OPP0002814,SME000899,RM041,POS_MERCHANT_ACQUIRING,0.522200,0.750000,0.832345,82.680000,66,8830637.680000,7,0.108383,0,179,NONE,True,True,True,False,False,MICRO,Healthcare,Marmara,4283063.860000,3826848.650000,2079919.390000,1427456.690000,0.000000,0.000000,0.000000,118144.825000,383289.678333,2,DERIVED_ANALYTICS,1,0.337829,0.103051,HIGH_DIGITAL_ENGAGEMENT,ESTABLISHED_RELATIONSHIP,MATERIAL_BUSINESS_SCALE,4159838.780000,54077.900000,12479.520000,0.000000,24959.030000,4492.630000,1523.980000,35581.770000,1.425607,3246.740000,0.864895,,True,54.640000,True,MEDIUM_PRIORITY,False,"Discuss merchant collections, settlement speed and acquiring economics.",POS & Merchant Acquiring,25.000000,55,True,CONTACT_DUE,TASK000177,10,AUTHORISED_RELATIONSHIP_MANAGER,False
OPP0002815,SME000900,RM045,POS_MERCHANT_ACQUIRING,0.579514,0.750000,0.110807,73.010000,121,26809275.860000,14,0.037055,5,0,NONE,True,True,True,False,False,SMALL,Hospitality,Aegean,14116793.710000,12564240.560000,7696706.140000,3156994.550000,0.000000,0.000000,0.000000,624000.083333,1650397.245000,14,DERIVED_ANALYTICS,1,0.418830,0.134448,ESTABLISHED_RELATIONSHIP,LOWER_CREDIT_RISK_SIGNAL,MATERIAL_BUSINESS_SCALE,15393412.280000,200114.360000,46180.240000,0.000000,92360.470000,16624.880000,3209.010000,134100.230000,1.451922,17609.530000,0.962761,,True,63.080000,True,MEDIUM_PRIORITY,False,"Discuss merchant collections, settlement speed and acquiring economics.",POS & Merchant Acquiring,6.000000,46,True,CONTACT_DUE,TASK000178,10,AUTHORISED_RELATIONSHIP_MANAGER,False
OPP0009318,SME000905,RM015,CASH_MANAGEMENT,0.781214,0.875000,0.764256,79.100000,134,115259342.190000,56,0.015112,0,0,NONE,True,True,True,True,True,MEDIUM,Retail Trade,Marmara,59873006.570000,52153638.100000,23041356.420000,12352874.790000,18581631.760000,11372660.040000,13980035.350000,2859027.713333,7615564.750000,21,DERIVED_ANALYTICS,1,0.671320,0.087757,ESTABLISHED_RELATIONSHIP,CROSS_BORDER_ACTIVITY,LOWER_CREDIT_RISK_SIGNAL,104307276.200000,1147380.040000,312921.830000,0.000000,250337.460000,45060.740000,16546.090000,772851.380000,3.087238,67403.200000,0.995419,,True,73.230000,True,MEDIUM_PRIORITY,False,"Review collections, payments and liquidity visibility.",Cash Management,1.000000,66,True,CONTACT_DUE,TASK000179,10,AUTHORISED_RELATIONSHIP_MANAGER,False
OPP0002821,SME000907,RM002,POS_MERCHANT_ACQUIRING,0.547302,0.750000,0.857413,76.890000,119,5119773.730000,6,0.028154,0,0,NONE,True,True,True,True,False,MICRO,Retail Trade,Marmara,2639913.790000,2460590.830000,1501972.050000,1383699.110000,586892.680000,0.000000,290917.600000,117322.813333,193362.941667,163,DERIVED_ANALYTICS,1,0.385321,0.151868,ESTABLISHED_RELATIONSHIP,CROSS_BORDER_ACTIVITY,LOWER_CREDIT_RISK_SIGNAL,3003944.100000,39051.270000,9011.830000,0.000000,18023.660000,3244.260000,1350.590000,25444.590000,1.411733,3444.220000,0.869207,,True,61.180000,True,MEDIUM_PRIORITY,False,"Discuss merchant collections, settlement speed and acquiring economics.",POS & Merchant Acquiring,11.000000,57,True,CONTACT_DUE,TASK000180,10,AUTHORISED_RELATIONSHIP_MANAGER,False
OPP0009321,SME000909,RM041,CASH_MANAGEMENT,0.610572,0.625000,1.000000,68.980000,99,53271486.250000,15,0.027715,0,0,NONE,True,True,True,False,False,SMALL,Professional Services,Marmara,26933438.610000,24247076.160000,1128953.230000,3408197.430000,0.000000,0.000000,0.000000,1239501.998333,3292147.256667,54,DERIVED_ANALYTICS,1,0.414962,0.056397,ESTABLISHED_RELATIONSHIP,LOWER_CREDIT_RISK_SIGNAL,MATERIAL_BUSINESS_SCALE,48494152.320000,533435.680000,145482.460000,0.000000,116385.970000,20949.470000,8174.120000,358829.630000,3.083100,19816.760000,0.966480,,True,55.430000,True,MEDIUM_PRIORITY,False,"Review collections, payments and liquidity visibility.",Cash Management,23.000000,55,True,CONTACT_DUE,TASK000181,10,AUTHORISED_RELATIONSHIP_MANAGER,False
OPP0009328,SME000918,RM041,CASH_MANAGEMENT,0.664215,0.500000,1.000000,96.730000,17,27565709.470000,4,0.070470,0,0,NONE,True,True,True,True,False,MICRO,Retail Trade,Marmara,16140019.760000,15022247.070000,7316965.340000,897945.600000,4868349.900000,0.000000,2872326.530000,723959.965000,1048618.436667,16,DERIVED_ANALYTICS,1,0.383534,0.161407,CROSS_BORDER_ACTIVITY,HIGH_DIGITAL_ENGAGEMENT,MATERIAL_BUSINESS_SCALE,30044494.140000,330489.440000,90133.480000,0.000000,72106.790000,12979.220000,5406.670000,221970.070000,3.078352,35407.450000,0.984533,,True,64.130000,True,MEDIUM_PRIORITY,False,"Review collections, payments and liquidity visibility.",Cash Management,9.000000,55,True,CONTACT_DUE,TASK000182,10,AUTHORISED_RELATIONSHIP_MANAGER,False
OPP0002832,SME000922,RM034,POS_MERCHANT_ACQUIRING,0.461958,0.875000,0.371177,49.130000,88,17538723.380000,11,0.009408,0,0,NONE,True,False,True,False,True,SMALL,Healthcare,Aegean,9631248.240000,8173413.520000,4440676.050000,2153635.370000,0.000000,2145078.250000,1221729.550000,279409.540000,861431.673333,79,DERIVED_ANALYTICS,1,0.272101,0.106857,ESTABLISHED_RELATIONSHIP,CROSS_BORDER_ACTIVITY,LOWER_CREDIT_RISK_SIGNAL,8881352.100000,115457.580000,26644.060000,0.000000,53288.110000,9591.860000,2232.200000,76989.460000,1.444777,7806.850000,0.921104,,True,53.820000,True,MEDIUM_PRIORITY,False,"Discuss merchant collections, settlement speed and acquiring economics.",POS & Merchant Acquiring,13.000000,61,True,CONTACT_DUE,TASK000183,10,AUTHORISED_RELATIONSHIP_MANAGER,False
OPP0002833,SME000923,RM023,POS_MERCHANT_ACQUIRING,0.562004,0.750000,1.000000,94.240000,59,12917138.720000,13,0.032925,0,0,LOW,True,True,True,False,True,SMALL,Healthcare,Black Sea,6622852.080000,5936433.610000,3255322.120000,2811750.700000,0.000000,1693128.770000,895641.720000,261155.365000,569184.543333,28,DERIVED_ANALYTICS,1,0.420366,0.083054,CROSS_BORDER_ACTIVITY,HIGH_DIGITAL_ENGAGEMENT,LOWER_CREDIT_RISK_SIGNAL,6510644.240000,84638.380000,19531.930000,0.000000,39063.870000,7031.500000,1876.600000,56198.350000,1.438627,4247.490000,0.884135,,True,56.710000,True,MEDIUM_PRIORITY,False,"Discuss merchant collections, settlement speed and acquiring economics.",POS & Merchant Acquiring,3.000000,52,True,CONTACT_DUE,TASK000184,10,AUTHORISED_RELATIONSHIP_MANAGER,False
OPP0005144,SME000924,RM030,BUSINESS_CREDIT_CARD,0.787886,0.375000,1.000000,95.510000,42,88872512.100000,70,0.021815,0,173,NONE,True,True,True,True,False,MEDIUM,Manufacturing,Central Anatolia,46852624.710000,42979593.210000,2427423.430000,18105483.720000,11582556.620000,0.000000,6329829.670000,1589585.218333,5609467.950000,83,DERIVED_ANALYTICS,1,0.657758,0.114242,CROSS_BORDER_ACTIVITY,HIGH_DIGITAL_ENGAGEMENT,LOWER_CREDIT_RISK_SIGNAL,1599705.217800,67667.530000,25019.390000,4983.370000,48950.980000,8811.180000,1139.960000,27713.630000,0.566151,2746.050000,0.853093,,True,67.770000,True,MEDIUM_PRIORITY,True,Review employee spending controls and short-term purchasing needs.,Business Credit Card,4.000000,46,True,CONTACT_DUE,TASK000185,10,AUTHORISED_RELATIONSHIP_MANAGER,False
OPP0002835,SME000926,RM037,POS_MERCHANT_ACQUIRING,0.532031,1.000000,0.000000,70.980000,13,8811325.560000,8,0.043616,0,0,NONE,True,False,True,False,False,MICRO,Hospitality,Aegean,4370548.570000,3720219.700000,2342942.490000,1953442.280000,0.000000,0.000000,0.000000,147288.100000,429999.940000,213,DERIVED_ANALYTICS,1,0.254989,0.086416,LOWER_CREDIT_RISK_SIGNAL,MATERIAL_BUSINESS_SCALE,HIGH_DIGITAL_ENGAGEMENT,4685884.980000,60916.500000,14057.650000,0.000000,28115.310000,5060.760000,1602.880000,40195.210000,1.429656,3053.530000,0.860692,,True,53.130000,True,MEDIUM_PRIORITY,False,"Discuss merchant collections, settlement speed and acquiring economics.",POS & Merchant Acquiring,18.000000,47,True,CONTACT_DUE,TASK000186,10,AUTHORISED_RELATIONSHIP_MANAGER,False
OPP0009333,SME000927,RM009,CASH_MANAGEMENT,0.630373,0.750000,1.000000,78.240000,27,43724246.000000,40,0.067648,0,0,MEDIUM,True,True,True,False,False,SMALL,Construction,Marmara,24341500.310000,20228520.830000,797921.720000,8707287.370000,0.000000,0.000000,0.000000,941102.423333,1733709.586667,32,DERIVED_ANALYTICS,1,0.349143,0.076854,MATERIAL_BUSINESS_SCALE,HIGH_DIGITAL_ENGAGEMENT,LOWER_CREDIT_RISK_SIGNAL,40457041.660000,445027.460000,121371.120000,0.000000,97096.900000,17477.440000,6968.560000,299210.340000,3.081564,22575.610000,0.971761,,True,56.950000,True,MEDIUM_PRIORITY,False,"Review collections, payments and liquidity visibility.",Cash Management,24.000000,69,True,CONTACT_DUE,TASK000187,10,AUTHORISED_RELATIONSHIP_MANAGER,False
OPP0009334,SME000929,RM034,CASH_MANAGEMENT,0.795530,0.750000,1.000000,55.550000,120,295296054.630000,107,0.013043,0,0,NONE,True,True,True,False,False,MEDIUM,Healthcare,Aegean,177047263.020000,160222860.570000,88536226.180000,24788993.440000,0.000000,0.000000,0.000000,6259268.595000,20170088.351667,24,DERIVED_ANALYTICS,1,0.649673,0.057395,ESTABLISHED_RELATIONSHIP,LOWER_CREDIT_RISK_SIGNAL,MATERIAL_BUSINESS_SCALE,250000000.000000,2750000.000000,750000.000000,0.000000,600000.000000,108000.000000,38400.000000,1853600.000000,3.089333,105967.150000,0.998761,,True,68.930000,True,MEDIUM_PRIORITY,False,"Review collections, payments and liquidity visibility.",Cash Management,3.000000,61,True,CONTACT_DUE,TASK000188,10,AUTHORISED_RELATIONSHIP_MANAGER,False
OPP0009335,SME000930,RM038,CASH_MANAGEMENT,0.838249,0.875000,0.485279,74.110000,121,171117581.640000,151,0.002000,0,0,NONE,True,True,True,False,True,MEDIUM,Professional Services,Aegean,84176079.780000,75456979.830000,4501018.150000,33912996.400000,0.000000,21424012.180000,12816677.650000,3451874.620000,8925128.545000,63,DERIVED_ANALYTICS,1,0.699759,0.026296,ESTABLISHED_RELATIONSHIP,CROSS_BORDER_ACTIVITY,LOWER_CREDIT_RISK_SIGNAL,150913959.660000,1660053.560000,452741.880000,0.000000,362193.500000,65194.830000,23537.090000,1118579.760000,3.088349,28994.010000,0.979468,,True,69.580000,True,MEDIUM_PRIORITY,False,"Review collections, payments and liquidity visibility.",Cash Management,1.000000,62,True,CONTACT_DUE,TASK000189,10,AUTHORISED_RELATIONSHIP_MANAGER,False
OPP0002842,SME000934,RM041,POS_MERCHANT_ACQUIRING,0.560856,0.750000,0.143414,81.500000,107,17795826.440000,3,0.048406,30,86,NONE,True,True,True,False,False,MICRO,Healthcare,Marmara,9638230.980000,8745271.980000,4935568.590000,741128.700000,0.000000,0.000000,0.000000,419005.538333,716595.541667,333,DERIVED_ANALYTICS,1,0.447681,0.109006,ESTABLISHED_RELATIONSHIP,HIGH_DIGITAL_ENGAGEMENT,MATERIAL_BUSINESS_SCALE,9871137.180000,128324.780000,29613.410000,0.000000,59226.820000,10660.830000,2380.670000,85669.870000,1.446471,8918.570000,0.927786,,True,60.680000,True,MEDIUM_PRIORITY,False,"Discuss merchant collections, settlement speed and acquiring economics.",POS & Merchant Acquiring,13.000000,55,True,CONTACT_DUE,TASK000190,10,AUTHORISED_RELATIONSHIP_MANAGER,False
OPP0009340,SME000937,RM046,CASH_MANAGEMENT,0.605658,1.000000,0.000000,85.780000,4,26293559.230000,35,0.035594,0,0,NONE,True,True,True,False,False,SMALL,Transportation,Mediterranean,14441019.150000,12405245.180000,569989.120000,6798549.810000,0.000000,0.000000,0.000000,533382.613333,1308690.136667,85,DERIVED_ANALYTICS,1,0.346097,0.086605,HIGH_DIGITAL_ENGAGEMENT,LOWER_CREDIT_RISK_SIGNAL,MATERIAL_BUSINESS_SCALE,24810490.360000,272915.390000,74431.470000,0.000000,59545.180000,10718.130000,4621.570000,183144.220000,3.075719,15441.290000,0.956618,,True,59.410000,True,MEDIUM_PRIORITY,False,"Review collections, payments and liquidity visibility.",Cash Management,7.000000,63,True,CONTACT_DUE,TASK000191,10,AUTHORISED_RELATIONSHIP_MANAGER,False
OPP0007232,SME000941,RM030,PAYROLL_SERVICES,0.586867,0.875000,0.588316,66.240000,124,23097587.220000,41,0.040622,0,0,NONE,True,True,True,False,False,SMALL,Manufacturing,Central Anatolia,12957931.200000,10987143.870000,508944.890000,8462665.170000,0.000000,0.000000,0.000000,515961.805000,1063096.501667,331,DERIVED_ANALYTICS,1,0.417688,0.111637,ESTABLISHED_RELATIONSHIP,LOWER_CREDIT_RISK_SIGNAL,MATERIAL_BUSINESS_SCALE,16925330.340000,203103.960000,50775.990000,0.000000,40620.790000,7311.740000,3438.800000,141577.430000,3.485344,15385.230000,0.956456,,True,62.290000,True,MEDIUM_PRIORITY,False,Discuss payroll automation and employee banking needs.,Payroll Services,10.000000,46,True,CONTACT_DUE,TASK000192,10,AUTHORISED_RELATIONSHIP_MANAGER,False
OPP0007234,SME000943,RM036,PAYROLL_SERVICES,0.511728,1.000000,0.000000,61.140000,95,26366427.720000,38,0.038565,0,111,NONE,True,True,True,False,False,SMALL,Transportation,Marmara,12772902.880000,11103706.620000,925053.130000,7144367.820000,0.000000,0.000000,0.000000,561681.435000,1112040.411667,155,DERIVED_ANALYTICS,1,0.311023,0.071051,ESTABLISHED_RELATIONSHIP,LOWER_CREDIT_RISK_SIGNAL,MATERIAL_BUSINESS_SCALE,14288735.640000,171464.830000,42866.210000,0.000000,34292.970000,6172.730000,3043.310000,119382.580000,3.481255,8062.290000,0.922720,,True,54.210000,True,MEDIUM_PRIORITY,False,Discuss payroll automation and employee banking needs.,Payroll Services,26.000000,68,True,CONTACT_DUE,TASK000193,10,AUTHORISED_RELATIONSHIP_MANAGER,False
OPP0009346,SME000948,RM021,CASH_MANAGEMENT,0.670654,1.000000,0.000000,80.070000,39,55629097.180000,49,0.025972,15,0,NONE,True,True,True,True,True,SMALL,Wholesale Trade,Marmara,29590476.880000,27109968.840000,884806.520000,9290094.470000,8343438.890000,6352451.270000,8129100.160000,706308.868333,3676886.938333,67,DERIVED_ANALYTICS,1,0.393604,0.103792,CROSS_BORDER_ACTIVITY,LOWER_CREDIT_RISK_SIGNAL,MATERIAL_BUSINESS_SCALE,54219937.680000,596419.310000,162659.810000,0.000000,130127.850000,23423.010000,9032.990000,401303.500000,3.083917,41232.230000,0.987659,,True,64.470000,True,MEDIUM_PRIORITY,False,"Review collections, payments and liquidity visibility.",Cash Management,6.000000,48,True,CONTACT_DUE,TASK000194,10,AUTHORISED_RELATIONSHIP_MANAGER,False
OPP0009353,SME000956,RM035,CASH_MANAGEMENT,0.539920,0.875000,0.237436,90.700000,75,10790431.970000,5,0.077300,0,0,NONE,True,True,True,False,False,MICRO,Technology,Central Anatolia,5886790.260000,5575444.200000,332504.780000,1138212.660000,0.000000,0.000000,0.000000,277813.903333,578669.473333,126,DERIVED_ANALYTICS,1,0.369606,0.072936,HIGH_DIGITAL_ENGAGEMENT,ESTABLISHED_RELATIONSHIP,MATERIAL_BUSINESS_SCALE,11150888.400000,122659.770000,33452.670000,0.000000,26762.130000,4817.180000,2572.630000,81817.290000,3.057204,5547.440000,0.900841,,True,55.240000,True,MEDIUM_PRIORITY,False,"Review collections, payments and liquidity visibility.",Cash Management,14.000000,59,True,CONTACT_DUE,TASK000195,10,AUTHORISED_RELATIONSHIP_MANAGER,False
OPP0002870,SME000964,RM042,POS_MERCHANT_ACQUIRING,0.503778,0.875000,0.076269,60.160000,124,23068125.180000,23,0.041410,0,0,NONE,True,True,True,False,False,SMALL,Hospitality,Mediterranean,12095901.840000,11478176.440000,5770424.220000,3993670.550000,0.000000,0.000000,0.000000,504157.913333,1563940.053333,32,DERIVED_ANALYTICS,1,0.324081,0.067702,ESTABLISHED_RELATIONSHIP,LOWER_CREDIT_RISK_SIGNAL,MATERIAL_BUSINESS_SCALE,11540848.440000,150031.030000,34622.550000,0.000000,69245.090000,12464.120000,2631.130000,100313.230000,1.448669,6371.390000,0.909463,,True,52.670000,True,MEDIUM_PRIORITY,False,"Discuss merchant collections, settlement speed and acquiring economics.",POS & Merchant Acquiring,11.000000,49,True,CONTACT_DUE,TASK000196,10,AUTHORISED_RELATIONSHIP_MANAGER,False
OPP0007256,SME000971,RM029,PAYROLL_SERVICES,0.964997,0.750000,1.000000,55.960000,30,74415366.890000,224,0.099860,30,127,NONE,True,True,True,True,True,MEDIUM,Retail Trade,Marmara,36839387.630000,33706582.270000,17168908.860000,47221917.340000,9531087.160000,10714068.030000,8750018.980000,1212357.205000,3464652.793333,155,DERIVED_ANALYTICS,1,0.630254,0.087601,CROSS_BORDER_ACTIVITY,STRONG_PRODUCT_NEED_SIGNAL,MATERIAL_BUSINESS_SCALE,94443834.680000,1133326.020000,283331.500000,0.000000,226665.200000,40799.740000,15066.580000,794128.200000,3.503529,69146.630000,0.995635,,True,74.700000,True,MEDIUM_PRIORITY,False,Discuss payroll automation and employee banking needs.,Payroll Services,3.000000,56,True,CONTACT_DUE,TASK000197,10,AUTHORISED_RELATIONSHIP_MANAGER,False
OPP0007257,SME000974,RM033,PAYROLL_SERVICES,0.707326,0.875000,0.056491,31.230000,90,11450841.820000,47,0.046269,0,0,NONE,True,True,True,True,False,SMALL,Technology,Mediterranean,6310270.690000,5608894.300000,356358.470000,8611929.370000,2038588.650000,0.000000,1071061.430000,228466.313333,706996.126667,342,DERIVED_ANALYTICS,1,0.423588,0.092177,ESTABLISHED_RELATIONSHIP,CROSS_BORDER_ACTIVITY,LOWER_CREDIT_RISK_SIGNAL,17223858.740000,206686.300000,51671.580000,0.000000,41337.260000,7440.710000,3483.580000,144090.430000,3.485728,12861.800000,0.947834,,True,63.220000,True,MEDIUM_PRIORITY,False,Discuss payroll automation and employee banking needs.,Payroll Services,3.000000,59,True,CONTACT_DUE,TASK000198,10,AUTHORISED_RELATIONSHIP_MANAGER,False
OPP0007258,SME000975,RM012,PAYROLL_SERVICES,0.699016,0.750000,0.124149,90.380000,45,11192501.380000,41,0.021393,0,152,NONE,True,True,True,False,False,SMALL,Retail Trade,Central Anatolia,5873262.700000,5223430.470000,2532023.510000,9284315.410000,0.000000,0.000000,0.000000,241594.058333,492806.871667,45,DERIVED_ANALYTICS,1,0.501538,0.124910,HIGH_DIGITAL_ENGAGEMENT,LOWER_CREDIT_RISK_SIGNAL,MATERIAL_BUSINESS_SCALE,18568630.820000,222823.570000,55705.890000,0.000000,44564.710000,8021.650000,3685.290000,155410.740000,3.487305,18992.280000,0.964971,,True,67.540000,True,MEDIUM_PRIORITY,False,Discuss payroll automation and employee banking needs.,Payroll Services,2.000000,50,True,CONTACT_DUE,TASK000199,10,AUTHORISED_RELATIONSHIP_MANAGER,False
OPP0009372,SME000982,RM001,CASH_MANAGEMENT,0.584453,0.875000,0.043960,71.490000,6,39784646.690000,24,0.022160,0,0,NONE,True,True,True,False,False,SMALL,Technology,Mediterranean,19521051.870000,17916600.010000,845397.530000,4345916.710000,0.000000,0.000000,0.000000,873754.653333,1946579.070000,49,DERIVED_ANALYTICS,1,0.317711,0.060014,LOWER_CREDIT_RISK_SIGNAL,MATERIAL_BUSINESS_SCALE,HIGH_DIGITAL_ENGAGEMENT,35833200.020000,394165.200000,107499.600000,0.000000,85999.680000,15479.940000,6274.980000,264910.680000,3.080368,15478.250000,0.956779,,True,54.400000,True,MEDIUM_PRIORITY,False,"Review collections, payments and liquidity visibility.",Cash Management,8.000000,49,True,CONTACT_DUE,TASK000200,10,AUTHORISED_RELATIONSHIP_MANAGER,False
OPP0009382,SME001001,RM015,CASH_MANAGEMENT,0.531709,0.500000,1.000000,89.610000,40,10465405.030000,24,0.038722,0,0,NONE,True,True,True,True,False,SMALL,Agriculture,Marmara,5658720.900000,5113349.240000,281556.360000,5546357.080000,1556858.370000,0.000000,879376.930000,190873.655000,494770.586667,35,DERIVED_ANALYTICS,1,0.307096,0.121011,CROSS_BORDER_ACTIVITY,HIGH_DIGITAL_ENGAGEMENT,LOWER_CREDIT_RISK_SIGNAL,10226698.480000,112493.680000,30680.100000,0.000000,24544.080000,4417.930000,2434.000000,74961.650000,3.054164,8651.190000,0.926008,,True,54.080000,True,MEDIUM_PRIORITY,False,"Review collections, payments and liquidity visibility.",Cash Management,23.000000,66,True,CONTACT_DUE,TASK000201,10,AUTHORISED_RELATIONSHIP_MANAGER,False
OPP0009384,SME001003,RM029,CASH_MANAGEMENT,0.592864,1.000000,0.000000,48.330000,79,88817116.020000,42,0.040984,0,103,LOW,True,True,True,False,False,SMALL,Retail Trade,Marmara,45874327.110000,40699546.390000,16992645.470000,7873078.300000,0.000000,0.000000,0.000000,1725576.930000,4843735.196667,29,DERIVED_ANALYTICS,1,0.295046,0.073402,ESTABLISHED_RELATIONSHIP,MATERIAL_BUSINESS_SCALE,LOWER_CREDIT_RISK_SIGNAL,81399092.780000,895390.020000,244197.280000,0.000000,195357.820000,35164.410000,13109.860000,602918.470000,3.086226,43835.620000,0.989060,,True,56.890000,True,MEDIUM_PRIORITY,False,"Review collections, payments and liquidity visibility.",Cash Management,22.000000,56,True,CONTACT_DUE,TASK000202,10,AUTHORISED_RELATIONSHIP_MANAGER,False
OPP0002905,SME001010,RM045,POS_MERCHANT_ACQUIRING,0.602095,0.750000,1.000000,63.020000,47,51842855.530000,126,0.047107,0,0,NONE,True,True,True,True,False,MEDIUM,Healthcare,Aegean,28730838.650000,27662737.390000,16552593.990000,25858881.830000,8700590.790000,0.000000,5806677.690000,1345923.798333,3179145.103333,226,DERIVED_ANALYTICS,1,0.413588,0.144778,CROSS_BORDER_ACTIVITY,MATERIAL_BUSINESS_SCALE,LOWER_CREDIT_RISK_SIGNAL,33105187.980000,430367.440000,99315.560000,0.000000,198631.130000,35753.600000,5865.780000,289432.500000,1.457136,41483.590000,0.987928,,True,64.790000,True,MEDIUM_PRIORITY,False,"Discuss merchant collections, settlement speed and acquiring economics.",POS & Merchant Acquiring,4.000000,46,True,CONTACT_DUE,TASK000203,10,AUTHORISED_RELATIONSHIP_MANAGER,False
OPP0009388,SME001012,RM002,CASH_MANAGEMENT,0.661355,0.750000,0.256791,67.450000,129,76581413.500000,16,0.020159,90,95,NONE,True,True,True,False,False,SMALL,Technology,Marmara,41435306.560000,37824346.090000,2268196.020000,3509229.000000,0.000000,0.000000,0.000000,1373259.038333,4782793.910000,17,DERIVED_ANALYTICS,1,0.532199,0.060997,ESTABLISHED_RELATIONSHIP,LOWER_CREDIT_RISK_SIGNAL,MATERIAL_BUSINESS_SCALE,75648692.180000,832135.610000,226946.080000,0.000000,181556.860000,32680.230000,12247.300000,560262.000000,3.085876,33754.440000,0.983455,,True,62.270000,True,MEDIUM_PRIORITY,False,"Review collections, payments and liquidity visibility.",Cash Management,10.000000,57,True,CONTACT_DUE,TASK000204,10,AUTHORISED_RELATIONSHIP_MANAGER,False
OPP0002911,SME001016,RM038,POS_MERCHANT_ACQUIRING,0.508116,0.750000,0.835522,58.680000,111,8666530.490000,5,0.046001,0,0,NONE,True,True,True,True,False,MICRO,Healthcare,Aegean,4923728.800000,4147695.080000,2648757.380000,1222930.120000,1035681.910000,0.000000,477367.920000,170799.828333,599889.875000,34,DERIVED_ANALYTICS,1,0.327668,0.165364,ESTABLISHED_RELATIONSHIP,CROSS_BORDER_ACTIVITY,LOWER_CREDIT_RISK_SIGNAL,5297514.760000,68867.690000,15892.540000,0.000000,31785.090000,5721.320000,1694.630000,45559.200000,1.433351,7113.870000,0.915607,,True,60.530000,True,MEDIUM_PRIORITY,False,"Discuss merchant collections, settlement speed and acquiring economics.",POS & Merchant Acquiring,5.000000,62,True,CONTACT_DUE,TASK000205,10,AUTHORISED_RELATIONSHIP_MANAGER,False
OPP0014206,SME001018,RM027,TERM_DEPOSIT,0.501732,0.625000,1.000000,93.310000,95,125911503.650000,28,0.058497,0,0,NONE,True,True,True,False,False,SMALL,Transportation,Eastern,57850329.040000,51777499.200000,3037326.000000,6583435.620000,0.000000,0.000000,0.000000,2260715.210000,3384882.855000,23,DERIVED_ANALYTICS,1,0.351552,0.093502,ESTABLISHED_RELATIONSHIP,HIGH_DIGITAL_ENGAGEMENT,MATERIAL_BUSINESS_SCALE,1469464.886500,14694.650000,-32328.230000,0.000000,1763.360000,317.400000,1120.420000,45585.060000,25.851250,3842.290000,0.876967,,True,52.740000,True,MEDIUM_PRIORITY,False,Review surplus liquidity horizon and deposit alternatives.,Term Deposit,7.000000,60,True,CONTACT_DUE,TASK000206,10,AUTHORISED_RELATIONSHIP_MANAGER,False
OPP0009393,SME001021,RM035,CASH_MANAGEMENT,0.507303,1.000000,0.000000,49.790000,59,45866172.330000,31,0.059402,0,0,NONE,True,True,True,True,False,SMALL,Healthcare,Central Anatolia,24779464.090000,23671032.130000,9197350.380000,6165480.450000,5925887.380000,0.000000,3268019.960000,954138.333333,2363836.761667,49,DERIVED_ANALYTICS,1,0.248846,0.113412,CROSS_BORDER_ACTIVITY,MATERIAL_BUSINESS_SCALE,LOWER_CREDIT_RISK_SIGNAL,47342064.260000,520762.710000,142026.190000,0.000000,113620.950000,20451.770000,8001.310000,350283.440000,3.082912,39306.360000,0.986581,,True,57.090000,True,MEDIUM_PRIORITY,False,"Review collections, payments and liquidity visibility.",Cash Management,10.000000,59,True,CONTACT_DUE,TASK000207,10,AUTHORISED_RELATIONSHIP_MANAGER,False
OPP0007292,SME001022,RM045,PAYROLL_SERVICES,0.918052,0.875000,0.099735,52.710000,98,63382310.110000,167,0.062342,0,156,NONE,True,True,True,False,False,MEDIUM,Transportation,Aegean,31222923.820000,28755834.650000,1432075.440000,38020891.030000,0.000000,0.000000,0.000000,1425476.243333,4013944.166667,29,DERIVED_ANALYTICS,1,0.707896,0.043005,ESTABLISHED_RELATIONSHIP,STRONG_PRODUCT_NEED_SIGNAL,MATERIAL_BUSINESS_SCALE,76041782.060000,912501.380000,228125.350000,0.000000,182500.280000,32850.050000,12306.270000,639219.710000,3.502568,27069.860000,0.977312,,True,73.060000,True,MEDIUM_PRIORITY,False,Discuss payroll automation and employee banking needs.,Payroll Services,3.000000,46,True,CONTACT_DUE,TASK000208,10,AUTHORISED_RELATIONSHIP_MANAGER,False
OPP0002922,SME001030,RM006,POS_MERCHANT_ACQUIRING,0.605919,0.750000,1.000000,76.520000,91,123303547.020000,39,0.061169,0,0,NONE,True,True,True,False,False,SMALL,Hospitality,Aegean,61109403.850000,56104004.740000,30365157.400000,8720382.150000,0.000000,0.000000,0.000000,2391599.561667,8383610.553333,25,DERIVED_ANALYTICS,1,0.398176,0.133446,ESTABLISHED_RELATIONSHIP,MATERIAL_BUSINESS_SCALE,HIGH_DIGITAL_ENGAGEMENT,60730314.800000,789494.090000,182190.940000,0.000000,364381.890000,65588.740000,10009.550000,531704.860000,1.459197,70533.820000,0.995797,,True,63.510000,True,MEDIUM_PRIORITY,False,"Discuss merchant collections, settlement speed and acquiring economics.",POS & Merchant Acquiring,5.000000,63,True,CONTACT_DUE,TASK000209,10,AUTHORISED_RELATIONSHIP_MANAGER,False
OPP0002923,SME001031,RM029,POS_MERCHANT_ACQUIRING,0.560232,0.750000,0.542935,52.300000,131,46891728.420000,21,0.038140,0,0,NONE,True,True,True,False,False,SMALL,Hospitality,Marmara,22884415.380000,21171239.530000,12593157.830000,4592591.860000,0.000000,0.000000,0.000000,806174.251667,2755351.220000,65,DERIVED_ANALYTICS,1,0.366159,0.074814,ESTABLISHED_RELATIONSHIP,LOWER_CREDIT_RISK_SIGNAL,MATERIAL_BUSINESS_SCALE,25186315.660000,327422.100000,75558.950000,0.000000,151117.890000,27201.220000,4677.950000,219983.980000,1.455711,16037.900000,0.959097,,True,55.540000,True,MEDIUM_PRIORITY,False,"Discuss merchant collections, settlement speed and acquiring economics.",POS & Merchant Acquiring,26.000000,56,True,CONTACT_DUE,TASK000210,10,AUTHORISED_RELATIONSHIP_MANAGER,False
OPP0002926,SME001035,RM019,POS_MERCHANT_ACQUIRING,0.534152,0.750000,1.000000,44.670000,128,48356142.600000,244,0.017020,0,0,NONE,True,True,True,False,False,MEDIUM,Retail Trade,Aegean,25859032.250000,23104743.620000,13765617.530000,52924890.310000,0.000000,0.000000,0.000000,590489.213333,1929400.490000,341,DERIVED_ANALYTICS,1,0.333473,0.075743,ESTABLISHED_RELATIONSHIP,LOWER_CREDIT_RISK_SIGNAL,MATERIAL_BUSINESS_SCALE,27531235.060000,357906.060000,82593.710000,0.000000,165187.410000,29733.730000,5029.690000,240548.930000,1.456218,17799.870000,0.963139,,True,54.080000,True,MEDIUM_PRIORITY,False,"Discuss merchant collections, settlement speed and acquiring economics.",POS & Merchant Acquiring,12.000000,70,True,CONTACT_DUE,TASK000211,10,AUTHORISED_RELATIONSHIP_MANAGER,False
OPP0002927,SME001036,RM045,POS_MERCHANT_ACQUIRING,0.521771,0.750000,1.000000,45.810000,52,27654399.770000,38,0.032264,30,0,NONE,True,True,True,False,False,SMALL,Healthcare,Aegean,15628048.940000,14863797.220000,8416820.740000,7338085.750000,0.000000,0.000000,0.000000,608641.475000,1545882.141667,57,DERIVED_ANALYTICS,1,0.280510,0.107350,LOWER_CREDIT_RISK_SIGNAL,MATERIAL_BUSINESS_SCALE,ESTABLISHED_RELATIONSHIP,16833641.480000,218837.340000,50500.920000,0.000000,101001.850000,18180.330000,3425.050000,146731.040000,1.452756,15331.530000,0.956241,,True,54.830000,True,MEDIUM_PRIORITY,False,"Discuss merchant collections, settlement speed and acquiring economics.",POS & Merchant Acquiring,16.000000,46,True,CONTACT_DUE,TASK000212,10,AUTHORISED_RELATIONSHIP_MANAGER,False
OPP0002932,SME001043,RM015,POS_MERCHANT_ACQUIRING,0.559264,0.625000,0.759188,65.130000,79,20013349.640000,3,0.101258,0,0,NONE,True,False,True,True,True,MICRO,Hospitality,Marmara,9294307.570000,7926677.630000,5142524.900000,552745.660000,2666382.480000,1906056.500000,2583247.840000,339050.523333,896974.748333,340,DERIVED_ANALYTICS,1,0.294578,0.105648,CROSS_BORDER_ACTIVITY,ESTABLISHED_RELATIONSHIP,MATERIAL_BUSINESS_SCALE,10285049.800000,133705.650000,30855.150000,0.000000,61710.300000,11107.850000,2442.760000,89299.890000,1.447082,9014.360000,0.928487,,True,54.200000,True,MEDIUM_PRIORITY,False,"Discuss merchant collections, settlement speed and acquiring economics.",POS & Merchant Acquiring,22.000000,66,True,CONTACT_DUE,TASK000213,10,AUTHORISED_RELATIONSHIP_MANAGER,False
OPP0009416,SME001054,RM008,CASH_MANAGEMENT,0.591159,0.875000,0.145591,91.810000,28,17575386.920000,7,0.032735,0,13,NONE,True,True,True,False,False,MICRO,Agriculture,Marmara,9492163.530000,8127353.460000,420811.740000,1526715.420000,0.000000,0.000000,0.000000,427185.301667,875997.895000,19,DERIVED_ANALYTICS,1,0.357247,0.059813,HIGH_DIGITAL_ENGAGEMENT,LOWER_CREDIT_RISK_SIGNAL,MATERIAL_BUSINESS_SCALE,16254706.920000,178801.780000,48764.120000,0.000000,39011.300000,7022.030000,3338.210000,119677.420000,3.067763,6738.270000,0.912212,,True,54.990000,True,MEDIUM_PRIORITY,False,"Review collections, payments and liquidity visibility.",Cash Management,15.000000,69,True,CONTACT_DUE,TASK000214,10,AUTHORISED_RELATIONSHIP_MANAGER,False
OPP0007314,SME001055,RM037,PAYROLL_SERVICES,0.640307,0.625000,1.000000,81.320000,90,12868074.390000,29,0.011405,0,0,NONE,True,False,True,False,False,SMALL,Wholesale Trade,Aegean,6835751.220000,6131076.350000,337874.280000,5633846.990000,0.000000,0.000000,0.000000,342571.970000,709221.095000,41,DERIVED_ANALYTICS,1,0.461977,0.090592,ESTABLISHED_RELATIONSHIP,LOWER_CREDIT_RISK_SIGNAL,HIGH_DIGITAL_ENGAGEMENT,11267693.980000,135212.330000,33803.080000,0.000000,27042.470000,4867.640000,2590.150000,93951.460000,3.474219,8091.220000,0.922936,,True,59.890000,True,MEDIUM_PRIORITY,False,Discuss payroll automation and employee banking needs.,Payroll Services,8.000000,47,True,CONTACT_DUE,TASK000215,10,AUTHORISED_RELATIONSHIP_MANAGER,False
OPP0009422,SME001062,RM013,CASH_MANAGEMENT,0.552095,1.000000,0.000000,69.390000,134,31026744.650000,41,0.045139,5,0,NONE,True,True,True,False,False,SMALL,Technology,Black Sea,18519918.740000,16593865.480000,899234.170000,7833417.450000,0.000000,0.000000,0.000000,682920.643333,1856455.481667,88,DERIVED_ANALYTICS,1,0.386677,0.026978,ESTABLISHED_RELATIONSHIP,MATERIAL_BUSINESS_SCALE,LOWER_CREDIT_RISK_SIGNAL,33187730.960000,365065.040000,99563.190000,0.000000,79650.550000,14337.100000,5878.160000,245286.590000,3.079534,6197.320000,0.907793,,True,53.290000,True,MEDIUM_PRIORITY,False,"Review collections, payments and liquidity visibility.",Cash Management,2.000000,70,True,CONTACT_DUE,TASK000216,10,AUTHORISED_RELATIONSHIP_MANAGER,False
OPP0009429,SME001073,RM002,CASH_MANAGEMENT,0.843812,0.875000,0.019118,75.320000,66,169700040.140000,158,0.011158,0,0,NONE,True,True,True,False,False,MEDIUM,Retail Trade,Marmara,85974049.500000,74338381.800000,49197376.470000,35962038.800000,0.000000,0.000000,0.000000,2897490.723333,10033769.361667,62,DERIVED_ANALYTICS,1,0.640551,0.042436,LOWER_CREDIT_RISK_SIGNAL,MATERIAL_BUSINESS_SCALE,STRONG_PRODUCT_NEED_SIGNAL,148676763.600000,1635444.400000,446030.290000,0.000000,356824.230000,64228.360000,23201.510000,1101984.240000,3.088311,46343.680000,0.990084,,True,69.450000,True,MEDIUM_PRIORITY,False,"Review collections, payments and liquidity visibility.",Cash Management,2.000000,57,True,CONTACT_DUE,TASK000217,10,AUTHORISED_RELATIONSHIP_MANAGER,False
OPP0009435,SME001082,RM002,CASH_MANAGEMENT,0.671728,0.750000,1.000000,73.740000,123,64231167.160000,18,0.042742,5,178,NONE,True,True,True,False,False,SMALL,Healthcare,Marmara,38561553.850000,36547804.220000,18832234.910000,4521490.720000,0.000000,0.000000,0.000000,1451448.076667,4161301.550000,50,DERIVED_ANALYTICS,1,0.525250,0.122815,ESTABLISHED_RELATIONSHIP,MATERIAL_BUSINESS_SCALE,LOWER_CREDIT_RISK_SIGNAL,73095608.440000,804051.690000,219286.830000,0.000000,175429.460000,31577.300000,11864.340000,541323.220000,3.085703,66062.530000,0.995258,,True,68.050000,True,MEDIUM_PRIORITY,False,"Review collections, payments and liquidity visibility.",Cash Management,4.000000,57,True,CONTACT_DUE,TASK000218,10,AUTHORISED_RELATIONSHIP_MANAGER,False
OPP0002973,SME001090,RM012,POS_MERCHANT_ACQUIRING,0.541596,0.875000,1.000000,62.830000,135,19824026.680000,39,0.041660,0,168,NONE,True,True,True,False,True,SMALL,Retail Trade,Central Anatolia,10577502.300000,8736592.230000,5648197.350000,10099759.260000,0.000000,2626188.950000,1198884.020000,365474.913333,993109.940000,96,DERIVED_ANALYTICS,1,0.376110,0.097596,ESTABLISHED_RELATIONSHIP,CROSS_BORDER_ACTIVITY,LOWER_CREDIT_RISK_SIGNAL,11296394.700000,146853.130000,33889.180000,0.000000,67778.370000,12200.110000,2594.460000,98169.380000,1.448388,9160.980000,0.929349,,True,58.210000,True,MEDIUM_PRIORITY,False,"Discuss merchant collections, settlement speed and acquiring economics.",POS & Merchant Acquiring,13.000000,50,True,CONTACT_DUE,TASK000219,10,AUTHORISED_RELATIONSHIP_MANAGER,False
OPP0007342,SME001095,RM009,PAYROLL_SERVICES,0.849968,0.750000,1.000000,95.060000,68,137929884.100000,209,0.022568,0,0,LOW,True,True,True,False,False,MEDIUM,Construction,Marmara,68356537.940000,61076193.210000,3155617.460000,47137697.170000,0.000000,0.000000,0.000000,2223547.140000,4346640.495000,11,DERIVED_ANALYTICS,1,0.704639,0.029749,HIGH_DIGITAL_ENGAGEMENT,LOWER_CREDIT_RISK_SIGNAL,MATERIAL_BUSINESS_SCALE,94275394.340000,1131304.730000,282826.180000,0.000000,226260.950000,40726.970000,15041.310000,792710.270000,3.503522,23162.000000,0.972570,,True,68.930000,True,MEDIUM_PRIORITY,False,Discuss payroll automation and employee banking needs.,Payroll Services,4.000000,69,True,CONTACT_DUE,TASK000220,10,AUTHORISED_RELATIONSHIP_MANAGER,False
OPP0002980,SME001098,RM036,POS_MERCHANT_ACQUIRING,0.595901,0.875000,1.000000,81.340000,53,27394521.460000,36,0.040979,0,0,LOW,True,True,True,False,False,SMALL,Hospitality,Marmara,13392712.460000,12328762.220000,7281654.520000,7890305.090000,0.000000,0.000000,0.000000,593520.295000,1297712.871667,8,DERIVED_ANALYTICS,1,0.380748,0.103288,HIGH_DIGITAL_ENGAGEMENT,LOWER_CREDIT_RISK_SIGNAL,MATERIAL_BUSINESS_SCALE,14563309.040000,189323.020000,43689.930000,0.000000,87379.850000,15728.370000,3084.500000,126820.220000,1.451367,12679.000000,0.946486,,True,60.380000,True,MEDIUM_PRIORITY,False,"Discuss merchant collections, settlement speed and acquiring economics.",POS & Merchant Acquiring,14.000000,68,True,CONTACT_DUE,TASK000221,10,AUTHORISED_RELATIONSHIP_MANAGER,False
OPP0007345,SME001102,RM002,PAYROLL_SERVICES,0.736179,0.375000,1.000000,89.040000,61,168241124.300000,206,0.026820,0,49,NONE,True,False,True,False,True,MEDIUM,Construction,Marmara,91308247.310000,77109274.450000,2925073.070000,43982122.130000,0.000000,22495335.610000,11085853.540000,3549285.646667,6553195.513333,8,DERIVED_ANALYTICS,1,0.567134,0.024593,CROSS_BORDER_ACTIVITY,HIGH_DIGITAL_ENGAGEMENT,LOWER_CREDIT_RISK_SIGNAL,87964244.260000,1055570.930000,263892.730000,0.000000,211114.190000,38000.550000,14094.640000,739583.010000,3.503237,17768.330000,0.963085,,True,57.640000,True,MEDIUM_PRIORITY,False,Discuss payroll automation and employee banking needs.,Payroll Services,17.000000,57,True,CONTACT_DUE,TASK000222,10,AUTHORISED_RELATIONSHIP_MANAGER,False
OPP0009449,SME001108,RM004,CASH_MANAGEMENT,0.723110,0.625000,0.889418,78.590000,22,83579104.510000,37,0.019577,0,104,NONE,True,True,True,False,False,SMALL,Retail Trade,Central Anatolia,43475277.560000,39129434.180000,22251388.830000,9081825.160000,0.000000,0.000000,0.000000,1359831.570000,5054893.395000,22,DERIVED_ANALYTICS,1,0.452572,0.110468,LOWER_CREDIT_RISK_SIGNAL,MATERIAL_BUSINESS_SCALE,HIGH_DIGITAL_ENGAGEMENT,78258868.360000,860847.550000,234776.610000,0.000000,187821.280000,33807.830000,12638.830000,579624.280000,3.086042,63609.890000,0.994988,,True,64.490000,True,MEDIUM_PRIORITY,False,"Review collections, payments and liquidity visibility.",Cash Management,3.000000,59,True,CONTACT_DUE,TASK000223,10,AUTHORISED_RELATIONSHIP_MANAGER,False
OPP0009454,SME001115,RM032,CASH_MANAGEMENT,0.646341,0.875000,0.054156,81.250000,33,44271655.270000,27,0.010167,0,46,NONE,True,True,True,False,True,SMALL,Transportation,Aegean,24063815.700000,21608859.570000,1665443.190000,5502201.180000,0.000000,4540337.200000,2601202.990000,746586.748333,2484914.796667,187,DERIVED_ANALYTICS,1,0.399838,0.132364,CROSS_BORDER_ACTIVITY,LOWER_CREDIT_RISK_SIGNAL,HIGH_DIGITAL_ENGAGEMENT,43217719.140000,475394.910000,129653.160000,0.000000,103722.530000,18670.060000,7382.660000,319689.030000,3.082156,41895.250000,0.988036,,True,65.460000,True,MEDIUM_PRIORITY,False,"Review collections, payments and liquidity visibility.",Cash Management,3.000000,50,True,CONTACT_DUE,TASK000224,10,AUTHORISED_RELATIONSHIP_MANAGER,False
OPP0002994,SME001118,RM035,POS_MERCHANT_ACQUIRING,0.611028,0.625000,1.000000,97.040000,97,62104663.880000,28,0.072696,0,0,MEDIUM,True,False,True,False,True,SMALL,Retail Trade,Central Anatolia,28335858.790000,25310614.780000,13526862.510000,7191531.670000,0.000000,5278138.090000,3114888.520000,1051900.246667,2365246.746667,269,DERIVED_ANALYTICS,1,0.472791,0.132067,ESTABLISHED_RELATIONSHIP,CROSS_BORDER_ACTIVITY,HIGH_DIGITAL_ENGAGEMENT,27053725.020000,351698.430000,81161.180000,0.000000,162322.350000,29218.020000,4958.060000,236361.170000,1.456122,30795.390000,0.981515,,True,64.380000,True,MEDIUM_PRIORITY,False,"Discuss merchant collections, settlement speed and acquiring economics.",POS & Merchant Acquiring,4.000000,59,True,CONTACT_DUE,TASK000225,10,AUTHORISED_RELATIONSHIP_MANAGER,False
OPP0009457,SME001119,RM019,CASH_MANAGEMENT,0.446711,0.875000,0.635853,79.260000,86,6844108.840000,4,0.025788,0,48,NONE,True,True,True,False,False,MICRO,Manufacturing,Aegean,4297769.230000,3886873.910000,202512.430000,724704.900000,0.000000,0.000000,0.000000,176054.711667,461308.426667,144,DERIVED_ANALYTICS,1,0.250419,0.110095,ESTABLISHED_RELATIONSHIP,LOWER_CREDIT_RISK_SIGNAL,HIGH_DIGITAL_ENGAGEMENT,7773747.820000,85511.230000,23321.240000,0.000000,18656.990000,3358.260000,2066.060000,56765.670000,3.042595,5829.630000,0.904505,,True,52.780000,True,MEDIUM_PRIORITY,False,"Review collections, payments and liquidity visibility.",Cash Management,14.000000,70,True,CONTACT_DUE,TASK000226,10,AUTHORISED_RELATIONSHIP_MANAGER,False
OPP0009458,SME001120,RM022,CASH_MANAGEMENT,0.585997,0.500000,1.000000,95.930000,12,13674675.620000,18,0.031647,90,107,NONE,True,True,True,False,False,SMALL,Construction,Central Anatolia,7554105.160000,6515567.970000,531627.170000,4065602.460000,0.000000,0.000000,0.000000,204233.093333,788704.466667,35,DERIVED_ANALYTICS,1,0.386469,0.074609,HIGH_DIGITAL_ENGAGEMENT,LOWER_CREDIT_RISK_SIGNAL,MATERIAL_BUSINESS_SCALE,13031135.940000,143342.500000,39093.410000,0.000000,31274.730000,5629.450000,2854.670000,95764.970000,3.062056,6724.970000,0.912050,,True,53.390000,True,MEDIUM_PRIORITY,False,"Review collections, payments and liquidity visibility.",Cash Management,15.000000,46,True,CONTACT_DUE,TASK000227,10,AUTHORISED_RELATIONSHIP_MANAGER,False
OPP0009462,SME001127,RM026,CASH_MANAGEMENT,0.559879,0.750000,1.000000,52.510000,74,63006071.160000,45,0.053396,15,98,NONE,True,True,True,True,True,SMALL,Healthcare,Black Sea,32126816.300000,30369779.840000,17689292.620000,10173698.310000,8301771.670000,6099081.500000,8547714.100000,1432894.515000,3138091.938333,23,DERIVED_ANALYTICS,1,0.282775,0.081628,CROSS_BORDER_ACTIVITY,ESTABLISHED_RELATIONSHIP,MATERIAL_BUSINESS_SCALE,60739559.680000,668135.160000,182218.680000,0.000000,145774.940000,26239.490000,10010.930000,449666.060000,3.084660,36285.310000,0.984803,,True,53.940000,True,MEDIUM_PRIORITY,False,"Review collections, payments and liquidity visibility.",Cash Management,2.000000,60,True,CONTACT_DUE,TASK000228,10,AUTHORISED_RELATIONSHIP_MANAGER,False
OPP0003004,SME001132,RM021,POS_MERCHANT_ACQUIRING,0.597199,0.625000,1.000000,77.300000,110,157980528.110000,118,0.035924,0,0,NONE,True,True,True,False,False,MEDIUM,Hospitality,Marmara,77432047.050000,68594446.850000,36292861.290000,22962426.510000,0.000000,0.000000,0.000000,2416672.365000,6691054.981667,128,DERIVED_ANALYTICS,1,0.485161,0.031459,ESTABLISHED_RELATIONSHIP,MATERIAL_BUSINESS_SCALE,LOWER_CREDIT_RISK_SIGNAL,72585722.580000,943614.390000,217757.170000,0.000000,435514.340000,78392.580000,11787.860000,635676.780000,1.459600,19578.050000,0.965995,,True,55.130000,True,MEDIUM_PRIORITY,False,"Discuss merchant collections, settlement speed and acquiring economics.",POS & Merchant Acquiring,19.000000,48,True,CONTACT_DUE,TASK000229,10,AUTHORISED_RELATIONSHIP_MANAGER,False
OPP0009466,SME001133,RM015,CASH_MANAGEMENT,0.620306,0.750000,1.000000,95.480000,33,19778333.900000,6,0.035521,0,83,NONE,True,True,True,False,True,MICRO,Healthcare,Marmara,10573092.650000,9633958.090000,3871911.610000,1271849.840000,0.000000,2863749.310000,1394908.430000,430875.330000,920086.300000,46,DERIVED_ANALYTICS,1,0.412197,0.116170,CROSS_BORDER_ACTIVITY,HIGH_DIGITAL_ENGAGEMENT,LOWER_CREDIT_RISK_SIGNAL,19267916.180000,211947.080000,57803.750000,0.000000,46243.000000,8323.740000,3790.190000,142029.400000,3.071371,16079.590000,0.959258,,True,62.060000,True,MEDIUM_PRIORITY,False,"Review collections, payments and liquidity visibility.",Cash Management,9.000000,66,True,CONTACT_DUE,TASK000230,10,AUTHORISED_RELATIONSHIP_MANAGER,False
OPP0003017,SME001148,RM009,POS_MERCHANT_ACQUIRING,0.623908,0.500000,1.000000,78.440000,18,50499355.380000,128,0.026262,0,0,NONE,True,False,True,True,False,MEDIUM,Healthcare,Marmara,30619225.740000,26541020.530000,17262695.790000,23286323.020000,7127739.310000,0.000000,3472121.650000,1419246.231667,2903402.325000,2,DERIVED_ANALYTICS,1,0.456798,0.125079,CROSS_BORDER_ACTIVITY,LOWER_CREDIT_RISK_SIGNAL,MATERIAL_BUSINESS_SCALE,34525391.580000,448830.090000,103576.170000,0.000000,207152.350000,37287.420000,6078.810000,301887.690000,1.457322,37339.670000,0.985611,,True,62.340000,True,MEDIUM_PRIORITY,False,"Discuss merchant collections, settlement speed and acquiring economics.",POS & Merchant Acquiring,14.000000,69,True,CONTACT_DUE,TASK000231,10,AUTHORISED_RELATIONSHIP_MANAGER,False
OPP0003020,SME001152,RM021,POS_MERCHANT_ACQUIRING,0.614400,0.750000,1.000000,61.680000,126,45962603.480000,45,0.027811,0,44,NONE,True,True,True,False,False,SMALL,Retail Trade,Marmara,23164955.400000,21147155.050000,14013900.970000,9735951.330000,0.000000,0.000000,0.000000,919552.113333,2824789.881667,179,DERIVED_ANALYTICS,1,0.433098,0.108113,ESTABLISHED_RELATIONSHIP,LOWER_CREDIT_RISK_SIGNAL,MATERIAL_BUSINESS_SCALE,28027801.940000,364361.430000,84083.410000,0.000000,168166.810000,30270.030000,5104.170000,244903.820000,1.456315,26057.280000,0.976072,,True,62.180000,True,MEDIUM_PRIORITY,False,"Discuss merchant collections, settlement speed and acquiring economics.",POS & Merchant Acquiring,8.000000,48,True,CONTACT_DUE,TASK000232,10,AUTHORISED_RELATIONSHIP_MANAGER,False
OPP0007380,SME001153,RM008,PAYROLL_SERVICES,0.735539,0.625000,1.000000,85.070000,98,68621598.400000,114,0.072532,0,0,NONE,True,True,True,False,True,MEDIUM,Manufacturing,Marmara,35905819.340000,32784088.180000,1283453.570000,26277476.070000,0.000000,10000218.620000,5181583.720000,1408639.251667,4376784.220000,31,DERIVED_ANALYTICS,1,0.603031,0.058979,ESTABLISHED_RELATIONSHIP,CROSS_BORDER_ACTIVITY,HIGH_DIGITAL_ENGAGEMENT,52554952.140000,630659.430000,157664.860000,0.000000,126131.890000,22703.740000,8783.240000,441507.590000,3.500364,25619.550000,0.975372,,True,64.590000,True,MEDIUM_PRIORITY,False,Discuss payroll automation and employee banking needs.,Payroll Services,4.000000,69,True,CONTACT_DUE,TASK000233,10,AUTHORISED_RELATIONSHIP_MANAGER,False
OPP0009479,SME001157,RM022,CASH_MANAGEMENT,0.594870,0.500000,1.000000,81.600000,117,28770306.450000,49,0.046513,0,0,NONE,True,True,True,False,False,SMALL,Professional Services,Central Anatolia,14736299.240000,13173802.810000,459198.430000,10708227.560000,0.000000,0.000000,0.000000,541719.055000,1503493.153333,91,DERIVED_ANALYTICS,1,0.444376,0.072990,ESTABLISHED_RELATIONSHIP,HIGH_DIGITAL_ENGAGEMENT,MATERIAL_BUSINESS_SCALE,26347605.620000,289823.660000,79042.820000,0.000000,63234.250000,11382.160000,4852.140000,194546.540000,3.076601,13779.910000,0.950744,,True,55.990000,True,MEDIUM_PRIORITY,False,"Review collections, payments and liquidity visibility.",Cash Management,11.000000,46,True,CONTACT_DUE,TASK000234,10,AUTHORISED_RELATIONSHIP_MANAGER,False
OPP0007388,SME001164,RM010,PAYROLL_SERVICES,0.649630,0.750000,1.000000,66.760000,86,33164610.750000,48,0.015264,0,0,NONE,True,False,True,False,False,SMALL,Transportation,Central Anatolia,16541266.570000,13856079.810000,631706.980000,11623274.010000,0.000000,0.000000,0.000000,578500.791667,1692273.781667,135,DERIVED_ANALYTICS,1,0.468029,0.085206,ESTABLISHED_RELATIONSHIP,LOWER_CREDIT_RISK_SIGNAL,MATERIAL_BUSINESS_SCALE,23246548.020000,278958.580000,69739.640000,0.000000,55791.720000,10042.510000,4386.980000,194789.450000,3.491368,16177.240000,0.959582,,True,61.710000,True,MEDIUM_PRIORITY,False,Discuss payroll automation and employee banking needs.,Payroll Services,6.000000,58,True,CONTACT_DUE,TASK000235,10,AUTHORISED_RELATIONSHIP_MANAGER,False
OPP0009484,SME001166,RM012,CASH_MANAGEMENT,0.725842,0.750000,0.145658,72.440000,78,98178493.860000,12,0.054710,0,150,NONE,True,True,True,False,False,SMALL,Construction,Central Anatolia,53858287.390000,46576143.070000,3135938.710000,2547757.730000,0.000000,0.000000,0.000000,2340752.203333,5620518.098333,115,DERIVED_ANALYTICS,1,0.511553,0.067944,ESTABLISHED_RELATIONSHIP,MATERIAL_BUSINESS_SCALE,LOWER_CREDIT_RISK_SIGNAL,93152286.140000,1024675.150000,279456.860000,0.000000,223565.490000,40241.790000,14872.840000,690103.660000,3.086808,46468.240000,0.990192,,True,63.780000,True,MEDIUM_PRIORITY,False,"Review collections, payments and liquidity visibility.",Cash Management,7.000000,50,True,CONTACT_DUE,TASK000236,10,AUTHORISED_RELATIONSHIP_MANAGER,False
OPP0003049,SME001182,RM010,POS_MERCHANT_ACQUIRING,0.493752,0.875000,0.052719,63.990000,96,20355337.040000,5,0.072269,0,0,NONE,True,True,True,True,False,MICRO,Retail Trade,Central Anatolia,11182036.810000,10059382.500000,5106046.000000,896577.040000,3799475.210000,0.000000,2425669.010000,456858.091667,1382827.773333,32,DERIVED_ANALYTICS,1,0.283189,0.113874,ESTABLISHED_RELATIONSHIP,CROSS_BORDER_ACTIVITY,MATERIAL_BUSINESS_SCALE,10212092.000000,132757.200000,30636.280000,0.000000,61272.550000,11029.060000,2431.810000,88660.050000,1.446978,9676.060000,0.932744,,True,55.710000,True,MEDIUM_PRIORITY,False,"Discuss merchant collections, settlement speed and acquiring economics.",POS & Merchant Acquiring,11.000000,58,True,CONTACT_DUE,TASK000237,10,AUTHORISED_RELATIONSHIP_MANAGER,False
OPP0009501,SME001195,RM043,CASH_MANAGEMENT,0.714879,0.500000,1.000000,74.960000,62,86745929.870000,189,0.048608,0,0,NONE,True,True,True,True,False,MEDIUM,Agriculture,Mediterranean,46908786.690000,41116030.880000,2494468.340000,44338718.090000,12598948.030000,0.000000,7441532.470000,2059025.351667,5597471.383333,47,DERIVED_ANALYTICS,1,0.495591,0.060784,CROSS_BORDER_ACTIVITY,MATERIAL_BUSINESS_SCALE,LOWER_CREDIT_RISK_SIGNAL,82232061.760000,904552.680000,246696.190000,0.000000,197356.950000,35524.250000,13234.810000,609097.430000,3.086273,36603.360000,0.985018,,True,59.790000,True,MEDIUM_PRIORITY,False,"Review collections, payments and liquidity visibility.",Cash Management,6.000000,52,True,CONTACT_DUE,TASK000238,10,AUTHORISED_RELATIONSHIP_MANAGER,False
OPP0009506,SME001203,RM004,CASH_MANAGEMENT,0.653444,0.750000,0.422886,50.310000,25,110014414.750000,30,0.044546,0,0,NONE,True,True,True,False,False,SMALL,Professional Services,Central Anatolia,63735073.220000,56771644.460000,2323264.310000,6700680.410000,0.000000,0.000000,0.000000,2374955.790000,3354600.923333,313,DERIVED_ANALYTICS,1,0.339427,0.029636,MATERIAL_BUSINESS_SCALE,LOWER_CREDIT_RISK_SIGNAL,STRONG_PRODUCT_NEED_SIGNAL,113543288.920000,1248976.180000,340629.870000,0.000000,272503.890000,49050.700000,17931.490000,841364.120000,3.087531,24514.890000,0.973971,,True,52.940000,True,MEDIUM_PRIORITY,False,"Review collections, payments and liquidity visibility.",Cash Management,9.000000,59,True,CONTACT_DUE,TASK000239,10,AUTHORISED_RELATIONSHIP_MANAGER,False
OPP0009508,SME001206,RM043,CASH_MANAGEMENT,0.678616,0.500000,0.939498,94.160000,74,35479001.030000,6,0.045571,0,39,LOW,True,True,True,True,False,MICRO,Agriculture,Mediterranean,18876866.790000,17827155.130000,1016018.780000,1300752.090000,5213411.660000,0.000000,3583238.800000,445182.001667,2223561.146667,17,DERIVED_ANALYTICS,1,0.483640,0.115870,CROSS_BORDER_ACTIVITY,HIGH_DIGITAL_ENGAGEMENT,ESTABLISHED_RELATIONSHIP,35654310.260000,392197.410000,106962.930000,0.000000,85570.340000,15402.660000,6248.150000,263583.670000,3.080316,30121.440000,0.980869,,True,63.490000,True,MEDIUM_PRIORITY,False,"Review collections, payments and liquidity visibility.",Cash Management,4.000000,52,True,CONTACT_DUE,TASK000240,10,AUTHORISED_RELATIONSHIP_MANAGER,False
OPP0009511,SME001211,RM036,CASH_MANAGEMENT,0.587212,0.500000,1.000000,94.080000,28,15283186.570000,5,0.027929,0,0,NONE,True,True,True,True,False,MICRO,Professional Services,Marmara,7967689.670000,6714284.220000,568498.290000,1023839.760000,2339828.390000,0.000000,1261239.660000,309430.703333,1062863.540000,124,DERIVED_ANALYTICS,1,0.357906,0.112053,CROSS_BORDER_ACTIVITY,HIGH_DIGITAL_ENGAGEMENT,LOWER_CREDIT_RISK_SIGNAL,13428568.440000,147714.250000,40285.710000,0.000000,32228.560000,5801.140000,2914.290000,98713.110000,3.062908,10641.120000,0.937702,,True,56.340000,True,MEDIUM_PRIORITY,False,"Review collections, payments and liquidity visibility.",Cash Management,22.000000,68,True,CONTACT_DUE,TASK000241,10,AUTHORISED_RELATIONSHIP_MANAGER,False
OPP0007419,SME001213,RM005,PAYROLL_SERVICES,0.963724,0.750000,1.000000,59.480000,73,71792898.540000,226,0.016807,90,142,NONE,True,False,True,True,False,MEDIUM,Agriculture,Eastern,37658536.190000,30631940.750000,1884454.260000,51553577.050000,6732834.570000,0.000000,4623208.520000,1559060.165000,2446508.465000,32,DERIVED_ANALYTICS,1,0.754548,0.030825,CROSS_BORDER_ACTIVITY,STRONG_PRODUCT_NEED_SIGNAL,LOWER_CREDIT_RISK_SIGNAL,103107154.100000,1237285.850000,309321.460000,0.000000,247457.170000,44542.290000,16366.070000,867056.030000,3.503863,26307.370000,0.976342,,True,73.200000,True,MEDIUM_PRIORITY,False,Discuss payroll automation and employee banking needs.,Payroll Services,1.000000,59,True,CONTACT_DUE,TASK000242,10,AUTHORISED_RELATIONSHIP_MANAGER,False
OPP0009513,SME001215,RM005,CASH_MANAGEMENT,0.517846,0.875000,1.000000,89.500000,98,8955511.960000,47,0.065832,0,0,NONE,True,True,True,False,False,SMALL,Wholesale Trade,Eastern,5279767.300000,4902610.420000,273416.020000,8825218.110000,0.000000,0.000000,0.000000,195448.796667,347005.581667,256,DERIVED_ANALYTICS,1,0.342026,0.061085,ESTABLISHED_RELATIONSHIP,HIGH_DIGITAL_ENGAGEMENT,MATERIAL_BUSINESS_SCALE,9805220.840000,107857.430000,29415.660000,0.000000,23532.530000,4235.860000,2370.780000,71835.130000,3.052588,3968.050000,0.878907,,True,52.410000,True,MEDIUM_PRIORITY,False,"Review collections, payments and liquidity visibility.",Cash Management,7.000000,59,True,CONTACT_DUE,TASK000243,10,AUTHORISED_RELATIONSHIP_MANAGER,False
OPP0003077,SME001222,RM007,POS_MERCHANT_ACQUIRING,0.607406,0.750000,1.000000,66.200000,111,252477924.390000,74,0.022670,0,0,NONE,True,True,True,False,False,MEDIUM,Retail Trade,Central Anatolia,133996643.740000,122182157.710000,68014661.710000,15472798.050000,0.000000,0.000000,0.000000,4630656.340000,10984805.696667,103,DERIVED_ANALYTICS,1,0.502782,0.018076,ESTABLISHED_RELATIONSHIP,LOWER_CREDIT_RISK_SIGNAL,MATERIAL_BUSINESS_SCALE,136029323.420000,1768381.200000,408087.970000,0.000000,816175.940000,146911.670000,21304.400000,1192077.160000,1.460564,21128.300000,0.969659,,True,56.030000,True,MEDIUM_PRIORITY,False,"Discuss merchant collections, settlement speed and acquiring economics.",POS & Merchant Acquiring,14.000000,57,True,CONTACT_DUE,TASK000244,10,AUTHORISED_RELATIONSHIP_MANAGER,False
OPP0003082,SME001228,RM006,POS_MERCHANT_ACQUIRING,0.540036,0.625000,1.000000,91.000000,76,5535381.650000,5,0.023152,0,0,NONE,True,True,True,False,False,MICRO,Healthcare,Aegean,3167510.410000,2729901.350000,1619251.120000,923673.650000,0.000000,0.000000,0.000000,123225.726667,331010.115000,70,DERIVED_ANALYTICS,1,0.412905,0.157294,HIGH_DIGITAL_ENGAGEMENT,ESTABLISHED_RELATIONSHIP,LOWER_CREDIT_RISK_SIGNAL,3238502.240000,42100.530000,9715.510000,0.000000,19431.010000,3497.580000,1385.780000,27501.660000,1.415349,3905.860000,0.877829,,True,61.300000,True,MEDIUM_PRIORITY,False,"Discuss merchant collections, settlement speed and acquiring economics.",POS & Merchant Acquiring,9.000000,63,True,CONTACT_DUE,TASK000245,10,AUTHORISED_RELATIONSHIP_MANAGER,False
OPP0009525,SME001238,RM029,CASH_MANAGEMENT,0.451198,0.750000,0.501209,77.290000,126,8055971.970000,6,0.034963,0,0,NONE,True,True,True,True,False,MICRO,Manufacturing,Marmara,4484432.490000,3890861.210000,149550.850000,1432955.590000,1245561.330000,0.000000,571277.660000,184034.400000,465092.831667,84,DERIVED_ANALYTICS,1,0.278804,0.134397,ESTABLISHED_RELATIONSHIP,CROSS_BORDER_ACTIVITY,LOWER_CREDIT_RISK_SIGNAL,7781722.420000,85598.950000,23345.170000,0.000000,18676.130000,3361.700000,2067.260000,56824.820000,3.042644,7217.100000,0.916415,,True,54.940000,True,MEDIUM_PRIORITY,False,"Review collections, payments and liquidity visibility.",Cash Management,28.000000,56,True,CONTACT_DUE,TASK000246,10,AUTHORISED_RELATIONSHIP_MANAGER,False
OPP0009527,SME001243,RM029,CASH_MANAGEMENT,0.645379,0.750000,0.755367,65.920000,70,72812328.670000,43,0.049245,5,0,NONE,True,True,True,False,True,SMALL,Agriculture,Marmara,38949354.710000,35507996.240000,1228100.710000,9182379.020000,0.000000,9489631.210000,4602178.100000,1398228.476667,3286482.523333,267,DERIVED_ANALYTICS,1,0.379473,0.054978,CROSS_BORDER_ACTIVITY,ESTABLISHED_RELATIONSHIP,MATERIAL_BUSINESS_SCALE,71015992.480000,781175.920000,213047.980000,0.000000,170438.380000,30678.910000,11552.400000,525896.630000,3.085553,28493.000000,0.978875,,True,56.410000,True,MEDIUM_PRIORITY,False,"Review collections, payments and liquidity visibility.",Cash Management,23.000000,56,True,CONTACT_DUE,TASK000247,10,AUTHORISED_RELATIONSHIP_MANAGER,False
OPP0009528,SME001244,RM016,CASH_MANAGEMENT,0.739119,0.500000,1.000000,79.650000,80,89459073.700000,12,0.048928,0,0,NONE,True,True,True,False,False,SMALL,Retail Trade,Mediterranean,46163974.470000,42002872.030000,22678995.530000,2325937.620000,0.000000,0.000000,0.000000,2039325.263333,5444370.696667,256,DERIVED_ANALYTICS,1,0.515240,0.102186,ESTABLISHED_RELATIONSHIP,MATERIAL_BUSINESS_SCALE,HIGH_DIGITAL_ENGAGEMENT,84005744.060000,924063.180000,252017.230000,0.000000,201613.790000,36290.480000,13500.860000,622254.610000,3.086369,63165.860000,0.994934,,True,64.850000,True,MEDIUM_PRIORITY,False,"Review collections, payments and liquidity visibility.",Cash Management,3.000000,51,True,CONTACT_DUE,TASK000248,10,AUTHORISED_RELATIONSHIP_MANAGER,False
OPP0003097,SME001247,RM002,POS_MERCHANT_ACQUIRING,0.556570,0.625000,1.000000,66.050000,29,11914342.710000,7,0.053283,0,0,NONE,True,True,True,False,False,MICRO,Healthcare,Marmara,6688467.640000,5972811.080000,3831383.630000,1573525.910000,0.000000,0.000000,0.000000,199804.621667,681405.161667,241,DERIVED_ANALYTICS,1,0.320163,0.085485,MATERIAL_BUSINESS_SCALE,LOWER_CREDIT_RISK_SIGNAL,HIGH_DIGITAL_ENGAGEMENT,7662767.260000,99615.970000,22988.300000,0.000000,45976.600000,8275.790000,2049.420000,66302.460000,1.442091,5247.850000,0.896745,,True,52.570000,True,MEDIUM_PRIORITY,False,"Discuss merchant collections, settlement speed and acquiring economics.",POS & Merchant Acquiring,28.000000,57,True,CONTACT_DUE,TASK000249,10,AUTHORISED_RELATIONSHIP_MANAGER,False
OPP0003102,SME001253,RM020,POS_MERCHANT_ACQUIRING,0.577709,0.750000,0.290669,75.390000,66,34309694.230000,29,0.013551,0,159,NONE,True,True,True,False,False,SMALL,Retail Trade,Mediterranean,18008248.440000,14341852.010000,9413093.700000,6079095.210000,0.000000,0.000000,0.000000,826718.068333,1922041.526667,51,DERIVED_ANALYTICS,1,0.378533,0.099888,LOWER_CREDIT_RISK_SIGNAL,MATERIAL_BUSINESS_SCALE,ESTABLISHED_RELATIONSHIP,18826187.400000,244740.440000,56478.560000,0.000000,112957.120000,20332.280000,3723.930000,164205.670000,1.453699,15982.160000,0.958666,,True,58.570000,True,MEDIUM_PRIORITY,False,"Discuss merchant collections, settlement speed and acquiring economics.",POS & Merchant Acquiring,7.000000,57,True,CONTACT_DUE,TASK000250,10,AUTHORISED_RELATIONSHIP_MANAGER,False
OPP0003105,SME001257,RM035,POS_MERCHANT_ACQUIRING,0.613806,0.750000,1.000000,66.680000,76,163212378.000000,172,0.069891,0,0,NONE,True,True,True,True,True,MEDIUM,Retail Trade,Central Anatolia,98950799.540000,86287765.390000,51888854.520000,34250136.590000,33835513.810000,23768681.300000,30924314.790000,3418344.921667,8941014.280000,13,DERIVED_ANALYTICS,1,0.404888,0.095141,CROSS_BORDER_ACTIVITY,ESTABLISHED_RELATIONSHIP,MATERIAL_BUSINESS_SCALE,103777709.040000,1349110.220000,311333.130000,0.000000,622666.250000,112079.920000,16466.660000,909230.510000,1.460221,86085.020000,0.997521,,True,60.480000,True,MEDIUM_PRIORITY,False,"Discuss merchant collections, settlement speed and acquiring economics.",POS & Merchant Acquiring,7.000000,59,True,CONTACT_DUE,TASK000251,10,AUTHORISED_RELATIONSHIP_MANAGER,False
OPP0003107,SME001260,RM029,POS_MERCHANT_ACQUIRING,0.545740,0.750000,1.000000,81.700000,62,6526246.250000,8,0.043656,15,0,NONE,True,True,True,False,False,MICRO,Retail Trade,Marmara,3676110.200000,3081975.040000,1983801.640000,1468126.270000,0.000000,0.000000,0.000000,140199.340000,262745.373333,65,DERIVED_ANALYTICS,1,0.342135,0.091666,HIGH_DIGITAL_ENGAGEMENT,LOWER_CREDIT_RISK_SIGNAL,ESTABLISHED_RELATIONSHIP,3967603.280000,51578.840000,11902.810000,0.000000,23805.620000,4285.010000,1495.140000,33895.880000,1.423860,2687.110000,0.851423,,True,54.030000,True,MEDIUM_PRIORITY,False,"Discuss merchant collections, settlement speed and acquiring economics.",POS & Merchant Acquiring,30.000000,56,True,CONTACT_DUE,TASK000252,10,AUTHORISED_RELATIONSHIP_MANAGER,False
OPP0009538,SME001264,RM015,CASH_MANAGEMENT,0.676768,0.875000,1.000000,72.800000,126,70009148.510000,32,0.049067,0,0,NONE,True,True,True,False,False,SMALL,Retail Trade,Marmara,41598908.500000,35816303.350000,20532845.970000,6398387.340000,0.000000,0.000000,0.000000,1629224.705000,3834635.205000,13,DERIVED_ANALYTICS,1,0.477930,0.113760,ESTABLISHED_RELATIONSHIP,MATERIAL_BUSINESS_SCALE,LOWER_CREDIT_RISK_SIGNAL,71632606.700000,787958.670000,214897.820000,0.000000,171918.260000,30945.290000,11644.890000,530470.670000,3.085598,59926.400000,0.994395,,True,67.070000,True,MEDIUM_PRIORITY,False,"Review collections, payments and liquidity visibility.",Cash Management,4.000000,66,True,CONTACT_DUE,TASK000253,10,AUTHORISED_RELATIONSHIP_MANAGER,False
OPP0009543,SME001271,RM009,CASH_MANAGEMENT,0.793246,0.875000,0.000000,86.030000,44,94302361.560000,29,0.040787,0,39,NONE,True,True,True,False,False,SMALL,Healthcare,Marmara,56589837.180000,52035367.940000,25423432.650000,6080549.900000,0.000000,0.000000,0.000000,1773432.861667,5797538.065000,19,DERIVED_ANALYTICS,1,0.587188,0.130995,HIGH_DIGITAL_ENGAGEMENT,MATERIAL_BUSINESS_SCALE,LOWER_CREDIT_RISK_SIGNAL,104070735.880000,1144778.090000,312212.210000,0.000000,249769.770000,44958.560000,16510.610000,771096.710000,3.087230,100589.970000,0.998545,,True,74.750000,True,MEDIUM_PRIORITY,False,"Review collections, payments and liquidity visibility.",Cash Management,2.000000,69,True,CONTACT_DUE,TASK000254,10,AUTHORISED_RELATIONSHIP_MANAGER,False
OPP0003119,SME001274,RM014,POS_MERCHANT_ACQUIRING,0.580338,0.500000,1.000000,44.880000,122,26428651.940000,10,0.025214,5,146,NONE,True,True,True,False,True,SMALL,Healthcare,Eastern,13550101.220000,12230603.860000,8569556.300000,2262553.250000,0.000000,3427311.610000,2030262.650000,524399.671667,1361926.398333,30,DERIVED_ANALYTICS,1,0.418508,0.092609,ESTABLISHED_RELATIONSHIP,CROSS_BORDER_ACTIVITY,LOWER_CREDIT_RISK_SIGNAL,17139112.600000,222808.460000,51417.340000,0.000000,102834.680000,18510.240000,3470.870000,149410.010000,1.452915,13416.680000,0.949504,,True,56.590000,True,MEDIUM_PRIORITY,False,"Discuss merchant collections, settlement speed and acquiring economics.",POS & Merchant Acquiring,4.000000,69,True,CONTACT_DUE,TASK000255,10,AUTHORISED_RELATIONSHIP_MANAGER,False
OPP0009547,SME001278,RM037,CASH_MANAGEMENT,0.524343,1.000000,0.000000,63.140000,29,31781253.440000,28,0.033084,0,0,NONE,True,True,True,False,True,SMALL,Technology,Aegean,17814725.930000,16327824.640000,988976.160000,5724233.090000,0.000000,2692452.660000,1271259.630000,673407.383333,2433027.491667,1,DERIVED_ANALYTICS,1,0.252341,0.082818,CROSS_BORDER_ACTIVITY,LOWER_CREDIT_RISK_SIGNAL,MATERIAL_BUSINESS_SCALE,32655649.280000,359212.140000,97966.950000,0.000000,78373.560000,14107.240000,5798.350000,241339.600000,3.079350,19567.230000,0.965887,,True,54.450000,True,MEDIUM_PRIORITY,False,"Review collections, payments and liquidity visibility.",Cash Management,16.000000,47,True,CONTACT_DUE,TASK000256,10,AUTHORISED_RELATIONSHIP_MANAGER,False
OPP0003128,SME001285,RM038,POS_MERCHANT_ACQUIRING,0.490834,0.875000,0.421469,52.310000,110,4450072.800000,8,0.038972,0,0,NONE,True,True,True,True,False,MICRO,Healthcare,Aegean,2241141.070000,2087289.080000,1266271.520000,1578104.790000,549017.160000,0.000000,277310.540000,81826.150000,199227.898333,92,DERIVED_ANALYTICS,1,0.300436,0.152774,ESTABLISHED_RELATIONSHIP,CROSS_BORDER_ACTIVITY,LOWER_CREDIT_RISK_SIGNAL,2532543.040000,32923.060000,7597.630000,0.000000,15195.260000,2735.150000,1279.880000,21310.400000,1.402437,2835.680000,0.855896,,True,58.320000,True,MEDIUM_PRIORITY,False,"Discuss merchant collections, settlement speed and acquiring economics.",POS & Merchant Acquiring,8.000000,62,True,CONTACT_DUE,TASK000257,10,AUTHORISED_RELATIONSHIP_MANAGER,False
OPP0009553,SME001289,RM036,CASH_MANAGEMENT,0.663384,0.500000,1.000000,78.600000,113,53346476.330000,44,0.035186,0,18,NONE,True,True,True,False,True,SMALL,Construction,Marmara,31121561.110000,28503475.620000,2655774.810000,7891023.650000,0.000000,7928226.830000,4467080.250000,1463097.160000,3234849.831667,15,DERIVED_ANALYTICS,1,0.475921,0.084862,ESTABLISHED_RELATIONSHIP,CROSS_BORDER_ACTIVITY,LOWER_CREDIT_RISK_SIGNAL,57006951.240000,627076.460000,171020.850000,0.000000,136816.680000,24627.000000,9451.040000,421977.570000,3.084255,35389.710000,0.984479,,True,60.180000,True,MEDIUM_PRIORITY,False,"Review collections, payments and liquidity visibility.",Cash Management,15.000000,68,True,CONTACT_DUE,TASK000258,10,AUTHORISED_RELATIONSHIP_MANAGER,False
OPP0003134,SME001291,RM024,POS_MERCHANT_ACQUIRING,0.558479,0.750000,0.692323,62.460000,92,47263984.430000,30,0.018750,0,31,NONE,True,True,True,False,False,SMALL,Retail Trade,Eastern,27217643.830000,23539959.010000,14056478.840000,6157959.550000,0.000000,0.000000,0.000000,911483.936667,2195037.506667,15,DERIVED_ANALYTICS,1,0.366789,0.098531,ESTABLISHED_RELATIONSHIP,LOWER_CREDIT_RISK_SIGNAL,MATERIAL_BUSINESS_SCALE,28112957.680000,365468.450000,84338.870000,0.000000,168677.750000,30362.000000,5116.940000,245650.640000,1.456331,23784.250000,0.973216,,True,57.910000,True,MEDIUM_PRIORITY,False,"Discuss merchant collections, settlement speed and acquiring economics.",POS & Merchant Acquiring,5.000000,54,True,CONTACT_DUE,TASK000259,10,AUTHORISED_RELATIONSHIP_MANAGER,False
OPP0009559,SME001296,RM008,CASH_MANAGEMENT,0.505054,1.000000,0.000000,67.410000,12,22088946.080000,17,0.021490,15,0,NONE,True,True,True,False,False,SMALL,Manufacturing,Marmara,13157094.330000,11866484.190000,728786.660000,3257527.920000,0.000000,0.000000,0.000000,491743.210000,866589.271667,215,DERIVED_ANALYTICS,1,0.230936,0.080230,LOWER_CREDIT_RISK_SIGNAL,MATERIAL_BUSINESS_SCALE,HIGH_DIGITAL_ENGAGEMENT,23732968.380000,261062.650000,71198.910000,0.000000,56959.120000,10252.640000,4459.950000,175151.150000,3.075033,13632.410000,0.950313,,True,52.830000,True,MEDIUM_PRIORITY,False,"Review collections, payments and liquidity visibility.",Cash Management,24.000000,69,True,CONTACT_DUE,TASK000260,10,AUTHORISED_RELATIONSHIP_MANAGER,False
OPP0009560,SME001297,RM035,CASH_MANAGEMENT,0.690201,0.750000,0.295514,68.160000,78,83300899.320000,24,0.010999,0,0,NONE,True,False,True,False,True,SMALL,Technology,Central Anatolia,51500105.950000,46447415.230000,2012406.490000,5362519.510000,0.000000,10181010.440000,4729870.770000,1989049.193333,5240792.940000,203,DERIVED_ANALYTICS,1,0.495321,0.070355,CROSS_BORDER_ACTIVITY,LOWER_CREDIT_RISK_SIGNAL,ESTABLISHED_RELATIONSHIP,92894830.460000,1021843.140000,278684.490000,0.000000,222947.590000,40130.570000,14834.220000,688193.860000,3.086797,47998.130000,0.990623,,True,62.700000,True,MEDIUM_PRIORITY,False,"Review collections, payments and liquidity visibility.",Cash Management,5.000000,59,True,CONTACT_DUE,TASK000261,10,AUTHORISED_RELATIONSHIP_MANAGER,False
OPP0009567,SME001306,RM039,CASH_MANAGEMENT,0.534040,1.000000,0.000000,80.530000,38,16800405.170000,20,0.014020,0,0,NONE,True,True,True,False,True,SMALL,Technology,Eastern,8609744.260000,7474049.180000,572741.490000,4250347.350000,0.000000,2070398.280000,1184827.890000,293766.260000,1006499.095000,45,DERIVED_ANALYTICS,1,0.330200,0.078250,CROSS_BORDER_ACTIVITY,LOWER_CREDIT_RISK_SIGNAL,HIGH_DIGITAL_ENGAGEMENT,14948098.360000,164429.080000,44844.300000,0.000000,35875.440000,6457.580000,3142.210000,109984.990000,3.065746,8186.330000,0.923583,,True,55.980000,True,MEDIUM_PRIORITY,False,"Review collections, payments and liquidity visibility.",Cash Management,6.000000,47,True,CONTACT_DUE,TASK000262,10,AUTHORISED_RELATIONSHIP_MANAGER,False
OPP0003151,SME001312,RM042,POS_MERCHANT_ACQUIRING,0.552152,0.500000,1.000000,71.100000,47,36321814.610000,49,0.011675,0,0,MEDIUM,True,True,True,False,True,SMALL,Retail Trade,Mediterranean,19437336.280000,16064302.740000,9603704.120000,11399359.240000,0.000000,4033642.360000,2223709.470000,716654.030000,1921141.248333,128,DERIVED_ANALYTICS,1,0.313431,0.087339,CROSS_BORDER_ACTIVITY,LOWER_CREDIT_RISK_SIGNAL,MATERIAL_BUSINESS_SCALE,19207408.240000,249696.310000,57622.220000,0.000000,115244.450000,20744.000000,3781.110000,167548.980000,1.453857,14213.480000,0.952738,,True,52.190000,True,MEDIUM_PRIORITY,False,"Discuss merchant collections, settlement speed and acquiring economics.",POS & Merchant Acquiring,13.000000,49,True,CONTACT_DUE,TASK000263,10,AUTHORISED_RELATIONSHIP_MANAGER,False
OPP0009573,SME001314,RM008,CASH_MANAGEMENT,0.574624,0.875000,0.405705,71.840000,88,35385578.270000,49,0.028239,0,61,NONE,True,True,True,True,False,SMALL,Hospitality,Marmara,19324308.410000,16276186.290000,9082977.910000,9755177.200000,6441705.440000,0.000000,3554725.570000,850789.283333,1994419.368333,28,DERIVED_ANALYTICS,1,0.331365,0.139203,ESTABLISHED_RELATIONSHIP,CROSS_BORDER_ACTIVITY,LOWER_CREDIT_RISK_SIGNAL,32552372.580000,358076.100000,97657.120000,0.000000,78125.690000,14062.620000,5782.860000,240573.500000,3.079314,33068.580000,0.983024,,True,62.220000,True,MEDIUM_PRIORITY,False,"Review collections, payments and liquidity visibility.",Cash Management,7.000000,69,True,CONTACT_DUE,TASK000264,10,AUTHORISED_RELATIONSHIP_MANAGER,False
OPP0009574,SME001316,RM015,CASH_MANAGEMENT,0.620835,0.875000,0.042627,93.110000,83,21844589.670000,13,0.032497,0,0,NONE,True,True,True,False,False,SMALL,Agriculture,Marmara,12604914.570000,10891151.650000,640149.050000,2728646.830000,0.000000,0.000000,0.000000,434549.571667,940279.865000,82,DERIVED_ANALYTICS,1,0.458548,0.086328,ESTABLISHED_RELATIONSHIP,HIGH_DIGITAL_ENGAGEMENT,LOWER_CREDIT_RISK_SIGNAL,21782303.300000,239605.340000,65346.910000,0.000000,52277.530000,9409.960000,4167.350000,160681.120000,3.073617,13451.350000,0.949558,,True,61.940000,True,MEDIUM_PRIORITY,False,"Review collections, payments and liquidity visibility.",Cash Management,10.000000,66,True,CONTACT_DUE,TASK000265,10,AUTHORISED_RELATIONSHIP_MANAGER,False
OPP0009576,SME001318,RM004,CASH_MANAGEMENT,0.593181,0.750000,0.581969,79.090000,47,31133662.320000,31,0.092330,0,0,NONE,True,True,True,False,False,SMALL,Manufacturing,Central Anatolia,16531671.850000,14765501.620000,1085223.180000,5464121.140000,0.000000,0.000000,0.000000,621566.093333,1623109.856667,58,DERIVED_ANALYTICS,1,0.336589,0.112633,HIGH_DIGITAL_ENGAGEMENT,MATERIAL_BUSINESS_SCALE,STRONG_PRODUCT_NEED_SIGNAL,29531003.240000,324841.040000,88593.010000,0.000000,70874.410000,12757.390000,5329.650000,218160.990000,3.078135,24152.200000,0.973647,,True,58.980000,True,MEDIUM_PRIORITY,False,"Review collections, payments and liquidity visibility.",Cash Management,5.000000,59,True,CONTACT_DUE,TASK000266,10,AUTHORISED_RELATIONSHIP_MANAGER,False
OPP0009578,SME001320,RM027,CASH_MANAGEMENT,0.755286,0.875000,1.000000,81.180000,133,90082892.090000,203,0.024555,0,0,NONE,True,True,True,True,True,MEDIUM,Wholesale Trade,Eastern,52122280.800000,44604254.550000,2337292.430000,45956357.900000,17699973.010000,12458859.640000,17198909.120000,2141802.638333,4126440.785000,74,DERIVED_ANALYTICS,1,0.623206,0.053651,ESTABLISHED_RELATIONSHIP,CROSS_BORDER_ACTIVITY,LOWER_CREDIT_RISK_SIGNAL,89208509.100000,981293.600000,267625.530000,0.000000,214100.420000,38538.080000,14281.280000,660848.710000,3.086630,35034.930000,0.984264,,True,67.850000,True,MEDIUM_PRIORITY,False,"Review collections, payments and liquidity visibility.",Cash Management,1.000000,60,True,CONTACT_DUE,TASK000267,10,AUTHORISED_RELATIONSHIP_MANAGER,False
OPP0003159,SME001321,RM019,POS_MERCHANT_ACQUIRING,0.597255,0.750000,1.000000,90.520000,137,34727826.820000,8,0.051383,0,0,NONE,True,True,True,False,False,MICRO,Healthcare,Aegean,18488830.410000,16962126.690000,9352767.430000,1659020.730000,0.000000,0.000000,0.000000,659763.448333,2090330.283333,180,DERIVED_ANALYTICS,1,0.520789,0.166230,ESTABLISHED_RELATIONSHIP,HIGH_DIGITAL_ENGAGEMENT,MATERIAL_BUSINESS_SCALE,18705534.860000,243171.950000,56116.600000,0.000000,112233.210000,20201.980000,3705.830000,163147.540000,1.453648,26700.040000,0.976611,,True,69.840000,True,MEDIUM_PRIORITY,False,"Discuss merchant collections, settlement speed and acquiring economics.",POS & Merchant Acquiring,4.000000,70,True,CONTACT_DUE,TASK000268,10,AUTHORISED_RELATIONSHIP_MANAGER,False
OPP0009580,SME001326,RM006,CASH_MANAGEMENT,0.569028,0.750000,1.000000,80.500000,44,23425512.670000,32,0.064868,30,0,NONE,True,True,True,False,False,SMALL,Agriculture,Aegean,13000919.840000,10968402.760000,603185.690000,6393583.460000,0.000000,0.000000,0.000000,463351.436667,1246517.016667,8,DERIVED_ANALYTICS,1,0.319655,0.095125,HIGH_DIGITAL_ENGAGEMENT,MATERIAL_BUSINESS_SCALE,LOWER_CREDIT_RISK_SIGNAL,21936805.520000,241304.860000,65810.420000,0.000000,52648.330000,9476.700000,4190.520000,161827.220000,3.073739,14973.870000,0.955271,,True,56.000000,True,MEDIUM_PRIORITY,False,"Review collections, payments and liquidity visibility.",Cash Management,13.000000,63,True,CONTACT_DUE,TASK000269,10,AUTHORISED_RELATIONSHIP_MANAGER,False
OPP0007496,SME001327,RM042,PAYROLL_SERVICES,0.497039,1.000000,0.000000,59.290000,94,7567810.950000,12,0.036221,15,0,NONE,True,True,True,False,False,SMALL,Manufacturing,Mediterranean,4347365.130000,3459308.960000,263305.530000,2583883.680000,0.000000,0.000000,0.000000,128773.970000,316965.941667,174,DERIVED_ANALYTICS,1,0.291071,0.075680,ESTABLISHED_RELATIONSHIP,LOWER_CREDIT_RISK_SIGNAL,MATERIAL_BUSINESS_SCALE,5167767.360000,62013.210000,15503.300000,0.000000,12402.640000,2232.480000,1675.170000,42602.260000,3.434935,2804.130000,0.854602,,True,52.440000,True,MEDIUM_PRIORITY,False,Discuss payroll automation and employee banking needs.,Payroll Services,12.000000,49,True,CONTACT_DUE,TASK000270,10,AUTHORISED_RELATIONSHIP_MANAGER,False
OPP0009583,SME001329,RM032,CASH_MANAGEMENT,0.614111,0.750000,0.595908,69.810000,61,55047819.910000,32,0.028972,0,76,MEDIUM,True,True,True,False,False,SMALL,Transportation,Aegean,26046378.230000,22167165.510000,1320453.410000,5856113.340000,0.000000,0.000000,0.000000,740503.085000,2687404.916667,4,DERIVED_ANALYTICS,1,0.370330,0.121723,LOWER_CREDIT_RISK_SIGNAL,MATERIAL_BUSINESS_SCALE,ESTABLISHED_RELATIONSHIP,44334331.020000,487677.640000,133002.990000,0.000000,106402.390000,19152.430000,7550.150000,327972.070000,3.082375,39501.690000,0.986797,,True,61.580000,True,MEDIUM_PRIORITY,False,"Review collections, payments and liquidity visibility.",Cash Management,7.000000,50,True,CONTACT_DUE,TASK000271,10,AUTHORISED_RELATIONSHIP_MANAGER,False
OPP0007500,SME001333,RM041,PAYROLL_SERVICES,0.825326,0.750000,1.000000,49.250000,71,131178960.280000,223,0.004767,30,6,NONE,True,True,True,True,False,MEDIUM,Retail Trade,Marmara,69936609.090000,61440623.190000,32233880.380000,45077965.470000,15875349.500000,0.000000,8953793.070000,2352218.873333,5607826.690000,144,DERIVED_ANALYTICS,1,0.568208,0.085572,CROSS_BORDER_ACTIVITY,LOWER_CREDIT_RISK_SIGNAL,MATERIAL_BUSINESS_SCALE,90155930.940000,1081871.170000,270467.790000,0.000000,216374.230000,38947.360000,14423.390000,758032.630000,3.503341,64446.120000,0.995096,,True,69.450000,True,MEDIUM_PRIORITY,False,Discuss payroll automation and employee banking needs.,Payroll Services,6.000000,55,True,CONTACT_DUE,TASK000272,10,AUTHORISED_RELATIONSHIP_MANAGER,False
OPP0009585,SME001334,RM009,CASH_MANAGEMENT,0.788117,0.875000,0.481067,79.850000,21,114151019.490000,66,0.008296,0,61,NONE,True,True,True,False,False,MEDIUM,Transportation,Marmara,61370724.760000,54900558.450000,2957481.520000,15958944.720000,0.000000,0.000000,0.000000,1994185.495000,7171142.945000,66,DERIVED_ANALYTICS,1,0.610794,0.017729,LOWER_CREDIT_RISK_SIGNAL,MATERIAL_BUSINESS_SCALE,HIGH_DIGITAL_ENGAGEMENT,109801116.900000,1207812.290000,329403.350000,0.000000,263522.680000,47434.080000,17370.170000,813604.690000,3.087418,14004.490000,0.951875,,True,64.360000,True,MEDIUM_PRIORITY,False,"Review collections, payments and liquidity visibility.",Cash Management,10.000000,69,True,CONTACT_DUE,TASK000273,10,AUTHORISED_RELATIONSHIP_MANAGER,False
OPP0009588,SME001340,RM014,CASH_MANAGEMENT,0.834986,0.750000,0.965749,81.130000,62,128572127.320000,82,0.010606,0,0,NONE,True,True,True,False,False,MEDIUM,Manufacturing,Eastern,76173028.550000,71330826.140000,3247437.620000,18521820.640000,0.000000,0.000000,0.000000,2636036.530000,5647676.955000,24,DERIVED_ANALYTICS,1,0.687595,0.046665,LOWER_CREDIT_RISK_SIGNAL,MATERIAL_BUSINESS_SCALE,STRONG_PRODUCT_NEED_SIGNAL,142661652.280000,1569278.180000,427984.960000,0.000000,342387.970000,61629.830000,22299.250000,1057364.140000,3.088205,48921.610000,0.991054,,True,69.910000,True,MEDIUM_PRIORITY,False,"Review collections, payments and liquidity visibility.",Cash Management,2.000000,69,True,CONTACT_DUE,TASK000274,10,AUTHORISED_RELATIONSHIP_MANAGER,False
OPP0003183,SME001351,RM036,POS_MERCHANT_ACQUIRING,0.508897,0.750000,1.000000,50.020000,19,41599997.840000,192,0.010408,0,79,NONE,True,True,True,True,False,MEDIUM,Healthcare,Marmara,24187103.880000,20816179.690000,11743305.020000,43784142.300000,7375624.540000,0.000000,3459860.170000,1095100.823333,2719551.228333,353,DERIVED_ANALYTICS,1,0.275776,0.086416,CROSS_BORDER_ACTIVITY,LOWER_CREDIT_RISK_SIGNAL,MATERIAL_BUSINESS_SCALE,23486610.040000,305325.930000,70459.830000,0.000000,140919.660000,25365.540000,4422.990000,205077.570000,1.455280,17302.050000,0.962276,,True,52.620000,True,MEDIUM_PRIORITY,False,"Discuss merchant collections, settlement speed and acquiring economics.",POS & Merchant Acquiring,27.000000,68,True,CONTACT_DUE,TASK000275,10,AUTHORISED_RELATIONSHIP_MANAGER,False
OPP0009594,SME001353,RM009,CASH_MANAGEMENT,0.663500,0.875000,0.069875,66.280000,62,75376133.510000,159,0.022667,0,0,NONE,True,True,True,False,False,MEDIUM,Construction,Marmara,46397805.580000,41688330.280000,2270839.850000,36840989.160000,0.000000,0.000000,0.000000,1832556.591667,3835049.706667,262,DERIVED_ANALYTICS,1,0.450815,0.010053,LOWER_CREDIT_RISK_SIGNAL,MATERIAL_BUSINESS_SCALE,ESTABLISHED_RELATIONSHIP,83376660.560000,917143.270000,250129.980000,0.000000,200103.990000,36018.720000,13406.500000,617588.070000,3.086336,5788.870000,0.904020,,True,54.950000,True,MEDIUM_PRIORITY,False,"Review collections, payments and liquidity visibility.",Cash Management,29.000000,69,True,CONTACT_DUE,TASK000276,10,AUTHORISED_RELATIONSHIP_MANAGER,False
OPP0009598,SME001357,RM041,CASH_MANAGEMENT,0.490852,0.875000,0.085472,73.650000,129,14780220.890000,5,0.035132,0,0,LOW,True,False,True,True,False,MICRO,Wholesale Trade,Marmara,7888040.470000,7153627.440000,319840.530000,1102024.330000,2246842.920000,0.000000,1379860.460000,284847.341667,616914.376667,174,DERIVED_ANALYTICS,1,0.305042,0.074372,ESTABLISHED_RELATIONSHIP,CROSS_BORDER_ACTIVITY,LOWER_CREDIT_RISK_SIGNAL,14307254.880000,157379.800000,42921.760000,0.000000,34337.410000,6180.730000,3046.090000,105231.220000,3.064623,7406.280000,0.918301,,True,52.530000,True,MEDIUM_PRIORITY,False,"Review collections, payments and liquidity visibility.",Cash Management,29.000000,55,True,CONTACT_DUE,TASK000277,10,AUTHORISED_RELATIONSHIP_MANAGER,False
OPP0003189,SME001359,RM008,POS_MERCHANT_ACQUIRING,0.523276,1.000000,0.000000,48.340000,65,16881807.350000,3,0.067586,0,99,NONE,True,True,True,False,True,MICRO,Healthcare,Marmara,8707191.000000,7711889.580000,4861339.920000,538380.020000,0.000000,2054067.670000,1181446.210000,366024.030000,773922.436667,44,DERIVED_ANALYTICS,1,0.276916,0.063259,CROSS_BORDER_ACTIVITY,ESTABLISHED_RELATIONSHIP,MATERIAL_BUSINESS_SCALE,9722679.840000,126394.840000,29168.040000,0.000000,58336.080000,10500.490000,2358.400000,84367.910000,1.446239,4917.060000,0.892757,,True,52.140000,True,MEDIUM_PRIORITY,False,"Discuss merchant collections, settlement speed and acquiring economics.",POS & Merchant Acquiring,27.000000,69,True,CONTACT_DUE,TASK000278,10,AUTHORISED_RELATIONSHIP_MANAGER,False
OPP0009600,SME001360,RM036,CASH_MANAGEMENT,0.789596,0.750000,0.602560,54.260000,89,365682631.820000,80,0.023986,0,0,NONE,True,True,True,True,True,MEDIUM,Construction,Marmara,194087626.040000,167661989.920000,9751917.050000,15027535.430000,66793737.320000,33792837.660000,63671812.810000,6882143.263333,21511271.870000,9,DERIVED_ANALYTICS,1,0.574484,0.022474,ESTABLISHED_RELATIONSHIP,CROSS_BORDER_ACTIVITY,MATERIAL_BUSINESS_SCALE,250000000.000000,2750000.000000,750000.000000,0.000000,600000.000000,108000.000000,38400.000000,1853600.000000,3.089333,41238.140000,0.987713,,True,63.060000,True,MEDIUM_PRIORITY,False,"Review collections, payments and liquidity visibility.",Cash Management,11.000000,68,True,CONTACT_DUE,TASK000279,10,AUTHORISED_RELATIONSHIP_MANAGER,False
OPP0003195,SME001366,RM036,POS_MERCHANT_ACQUIRING,0.583741,0.500000,1.000000,86.160000,27,28757851.960000,11,0.023247,0,0,NONE,True,True,True,False,False,SMALL,Healthcare,Marmara,16497713.060000,15797608.560000,8384142.990000,2283280.420000,0.000000,0.000000,0.000000,793732.550000,1796465.900000,42,DERIVED_ANALYTICS,1,0.411814,0.130948,LOWER_CREDIT_RISK_SIGNAL,HIGH_DIGITAL_ENGAGEMENT,MATERIAL_BUSINESS_SCALE,16768285.980000,217987.720000,50304.860000,0.000000,100609.720000,18109.750000,3415.240000,146157.870000,1.452721,18719.140000,0.964540,,True,60.170000,True,MEDIUM_PRIORITY,False,"Discuss merchant collections, settlement speed and acquiring economics.",POS & Merchant Acquiring,16.000000,68,True,CONTACT_DUE,TASK000280,10,AUTHORISED_RELATIONSHIP_MANAGER,False
OPP0003200,SME001372,RM044,POS_MERCHANT_ACQUIRING,0.562835,0.875000,1.000000,84.610000,54,30040438.230000,3,0.052453,5,0,NONE,True,True,True,False,False,MICRO,Retail Trade,Eastern,16514833.320000,14007304.780000,7910595.090000,587978.390000,0.000000,0.000000,0.000000,456075.713333,1529102.940000,33,DERIVED_ANALYTICS,1,0.364431,0.096230,HIGH_DIGITAL_ENGAGEMENT,MATERIAL_BUSINESS_SCALE,LOWER_CREDIT_RISK_SIGNAL,15821190.180000,205675.470000,47463.570000,0.000000,94927.140000,17086.890000,3273.180000,137851.830000,1.452186,12845.430000,0.947780,,True,58.510000,True,MEDIUM_PRIORITY,False,"Discuss merchant collections, settlement speed and acquiring economics.",POS & Merchant Acquiring,5.000000,50,True,CONTACT_DUE,TASK000281,10,AUTHORISED_RELATIONSHIP_MANAGER,False
OPP0009608,SME001373,RM008,CASH_MANAGEMENT,0.636158,0.625000,0.277701,79.820000,25,42942557.820000,25,0.062435,0,0,NONE,True,True,True,False,True,SMALL,Agriculture,Marmara,24526248.430000,20039202.730000,1121481.510000,4387072.890000,0.000000,5960572.590000,3028376.010000,965300.186667,2517620.993333,89,DERIVED_ANALYTICS,1,0.356229,0.064243,CROSS_BORDER_ACTIVITY,MATERIAL_BUSINESS_SCALE,HIGH_DIGITAL_ENGAGEMENT,40078405.460000,440862.460000,120235.220000,0.000000,96188.170000,17313.870000,6911.760000,296401.610000,3.081477,18621.760000,0.964378,,True,54.790000,True,MEDIUM_PRIORITY,False,"Review collections, payments and liquidity visibility.",Cash Management,18.000000,69,True,CONTACT_DUE,TASK000282,10,AUTHORISED_RELATIONSHIP_MANAGER,False
OPP0003202,SME001376,RM029,POS_MERCHANT_ACQUIRING,0.612575,0.750000,1.000000,83.800000,7,31903014.480000,32,0.022160,0,0,NONE,True,True,True,False,True,SMALL,Retail Trade,Marmara,19267984.860000,17381107.550000,10669733.230000,5848973.830000,0.000000,3737596.670000,2380692.650000,631548.490000,1606760.951667,25,DERIVED_ANALYTICS,1,0.356677,0.111884,CROSS_BORDER_ACTIVITY,LOWER_CREDIT_RISK_SIGNAL,HIGH_DIGITAL_ENGAGEMENT,21339466.460000,277413.060000,64018.400000,0.000000,128036.800000,23046.620000,4100.920000,186247.120000,1.454637,20418.010000,0.968043,,True,59.880000,True,MEDIUM_PRIORITY,False,"Discuss merchant collections, settlement speed and acquiring economics.",POS & Merchant Acquiring,15.000000,56,True,CONTACT_DUE,TASK000283,10,AUTHORISED_RELATIONSHIP_MANAGER,False
OPP0003204,SME001378,RM002,POS_MERCHANT_ACQUIRING,0.581672,0.750000,0.689330,61.160000,129,13408170.710000,6,0.038345,0,53,NONE,True,False,True,True,True,MICRO,Healthcare,Marmara,7089342.050000,5971652.500000,4393066.710000,1339954.440000,1283592.370000,1768945.400000,1696280.750000,300018.491667,570779.258333,27,DERIVED_ANALYTICS,1,0.423036,0.150126,ESTABLISHED_RELATIONSHIP,CROSS_BORDER_ACTIVITY,LOWER_CREDIT_RISK_SIGNAL,8786133.420000,114219.730000,26358.400000,0.000000,52716.800000,9489.020000,2217.920000,76154.390000,1.444594,11012.780000,0.939373,,True,64.250000,True,MEDIUM_PRIORITY,False,"Discuss merchant collections, settlement speed and acquiring economics.",POS & Merchant Acquiring,8.000000,57,True,CONTACT_DUE,TASK000284,10,AUTHORISED_RELATIONSHIP_MANAGER,False
OPP0007529,SME001382,RM044,PAYROLL_SERVICES,0.596305,0.625000,0.388386,48.520000,58,29823051.450000,48,0.024496,0,0,NONE,True,True,True,True,True,SMALL,Agriculture,Eastern,15932927.930000,14166097.400000,1075107.140000,10713307.630000,3408922.020000,4576728.790000,5140417.210000,580624.546667,1509124.851667,35,DERIVED_ANALYTICS,1,0.315866,0.086665,CROSS_BORDER_ACTIVITY,LOWER_CREDIT_RISK_SIGNAL,MATERIAL_BUSINESS_SCALE,21426615.260000,257119.380000,64279.850000,0.000000,51423.880000,9256.300000,4113.990000,179469.240000,3.489998,15133.790000,0.955648,,True,54.480000,True,MEDIUM_PRIORITY,False,Discuss payroll automation and employee banking needs.,Payroll Services,7.000000,50,True,CONTACT_DUE,TASK000285,10,AUTHORISED_RELATIONSHIP_MANAGER,False
OPP0007532,SME001385,RM006,PAYROLL_SERVICES,0.712349,0.750000,1.000000,82.330000,40,13665087.440000,46,0.021486,0,0,NONE,True,True,True,False,False,SMALL,Manufacturing,Aegean,7450089.560000,6534046.620000,320890.800000,9111262.220000,0.000000,0.000000,0.000000,317276.420000,635791.453333,112,DERIVED_ANALYTICS,1,0.477052,0.173409,LOWER_CREDIT_RISK_SIGNAL,HIGH_DIGITAL_ENGAGEMENT,MATERIAL_BUSINESS_SCALE,18222524.440000,218670.290000,54667.570000,0.000000,43734.060000,7872.130000,3633.380000,152497.210000,3.486921,26024.330000,0.976019,,True,71.610000,True,MEDIUM_PRIORITY,False,Discuss payroll automation and employee banking needs.,Payroll Services,2.000000,63,True,CONTACT_DUE,TASK000286,10,AUTHORISED_RELATIONSHIP_MANAGER,False
OPP0003210,SME001386,RM008,POS_MERCHANT_ACQUIRING,0.552015,0.750000,0.603282,55.700000,79,29145726.090000,15,0.032689,0,0,NONE,True,True,True,False,False,SMALL,Hospitality,Marmara,15892362.080000,13634704.880000,8768638.300000,2959316.410000,0.000000,0.000000,0.000000,610305.085000,1193373.596667,25,DERIVED_ANALYTICS,1,0.319714,0.071376,ESTABLISHED_RELATIONSHIP,LOWER_CREDIT_RISK_SIGNAL,MATERIAL_BUSINESS_SCALE,17537276.600000,227984.600000,52611.830000,0.000000,105223.660000,18940.260000,3530.590000,152901.920000,1.453113,10493.600000,0.937325,,True,53.170000,True,MEDIUM_PRIORITY,False,"Discuss merchant collections, settlement speed and acquiring economics.",POS & Merchant Acquiring,22.000000,69,True,CONTACT_DUE,TASK000287,10,AUTHORISED_RELATIONSHIP_MANAGER,False
OPP0003213,SME001389,RM002,POS_MERCHANT_ACQUIRING,0.512628,0.875000,0.044106,66.230000,52,11941054.960000,15,0.016701,15,0,NONE,True,True,True,False,False,SMALL,Retail Trade,Marmara,6619950.340000,6040242.920000,3347022.790000,3663945.430000,0.000000,0.000000,0.000000,216248.816667,701068.936667,58,DERIVED_ANALYTICS,1,0.292065,0.086520,LOWER_CREDIT_RISK_SIGNAL,MATERIAL_BUSINESS_SCALE,HIGH_DIGITAL_ENGAGEMENT,6694045.580000,87022.590000,20082.140000,0.000000,40164.270000,7229.570000,1904.110000,57806.770000,1.439259,4581.430000,0.888931,,True,53.160000,True,MEDIUM_PRIORITY,False,"Discuss merchant collections, settlement speed and acquiring economics.",POS & Merchant Acquiring,27.000000,57,True,CONTACT_DUE,TASK000288,10,AUTHORISED_RELATIONSHIP_MANAGER,False
OPP0009619,SME001393,RM009,CASH_MANAGEMENT,0.648442,0.625000,1.000000,89.820000,88,32227492.850000,49,0.023385,0,0,NONE,True,True,True,False,True,SMALL,Agriculture,Marmara,18060338.030000,16310939.020000,522369.330000,9565169.250000,0.000000,4635078.080000,2135700.150000,618287.955000,2081267.510000,23,DERIVED_ANALYTICS,1,0.466874,0.086128,ESTABLISHED_RELATIONSHIP,CROSS_BORDER_ACTIVITY,HIGH_DIGITAL_ENGAGEMENT,32621878.040000,358840.660000,97865.630000,0.000000,78292.510000,14092.650000,5793.280000,241089.100000,3.079338,20344.590000,0.967881,,True,60.630000,True,MEDIUM_PRIORITY,False,"Review collections, payments and liquidity visibility.",Cash Management,17.000000,69,True,CONTACT_DUE,TASK000289,10,AUTHORISED_RELATIONSHIP_MANAGER,False
OPP0003217,SME001394,RM037,POS_MERCHANT_ACQUIRING,0.469784,1.000000,0.000000,49.140000,132,10999862.490000,6,0.043657,0,0,NONE,True,True,True,False,True,MICRO,Healthcare,Aegean,6552418.520000,5363419.140000,3254252.180000,1418567.840000,0.000000,1261468.550000,642024.710000,274648.373333,495978.625000,74,DERIVED_ANALYTICS,1,0.295015,0.099547,ESTABLISHED_RELATIONSHIP,CROSS_BORDER_ACTIVITY,LOWER_CREDIT_RISK_SIGNAL,6508504.360000,84610.560000,19525.510000,0.000000,39051.030000,7029.190000,1876.280000,56179.580000,1.438620,5172.500000,0.895775,,True,54.860000,True,MEDIUM_PRIORITY,False,"Discuss merchant collections, settlement speed and acquiring economics.",POS & Merchant Acquiring,15.000000,47,True,CONTACT_DUE,TASK000290,10,AUTHORISED_RELATIONSHIP_MANAGER,False
OPP0003218,SME001396,RM002,POS_MERCHANT_ACQUIRING,0.579448,0.625000,1.000000,61.340000,133,77850442.740000,149,0.030979,0,0,NONE,True,True,True,True,True,MEDIUM,Hospitality,Marmara,42433689.490000,39016320.350000,22328789.420000,25055125.950000,10870676.110000,11395492.440000,12752226.450000,1420581.610000,2709457.123333,39,DERIVED_ANALYTICS,1,0.430790,0.083744,ESTABLISHED_RELATIONSHIP,CROSS_BORDER_ACTIVITY,LOWER_CREDIT_RISK_SIGNAL,44657578.840000,580548.520000,133972.740000,0.000000,267945.470000,48230.180000,7598.640000,390746.960000,1.458308,32302.890000,0.982539,,True,58.010000,True,MEDIUM_PRIORITY,False,"Discuss merchant collections, settlement speed and acquiring economics.",POS & Merchant Acquiring,14.000000,57,True,CONTACT_DUE,TASK000291,10,AUTHORISED_RELATIONSHIP_MANAGER,False
OPP0009627,SME001404,RM029,CASH_MANAGEMENT,0.575180,1.000000,0.000000,85.990000,21,19708137.740000,15,0.007499,0,23,NONE,True,True,True,True,False,SMALL,Manufacturing,Marmara,10199895.120000,8827107.490000,319646.450000,3259576.030000,2707932.460000,0.000000,1226483.840000,416041.078333,790267.245000,45,DERIVED_ANALYTICS,1,0.326602,0.167531,CROSS_BORDER_ACTIVITY,LOWER_CREDIT_RISK_SIGNAL,HIGH_DIGITAL_ENGAGEMENT,17654214.980000,194196.360000,52962.640000,0.000000,42370.120000,7626.620000,3548.130000,130058.970000,3.069592,21368.960000,0.970198,,True,65.650000,True,MEDIUM_PRIORITY,False,"Review collections, payments and liquidity visibility.",Cash Management,6.000000,56,True,CONTACT_DUE,TASK000292,10,AUTHORISED_RELATIONSHIP_MANAGER,False
OPP0009630,SME001410,RM028,CASH_MANAGEMENT,0.629400,0.750000,0.609882,89.810000,96,27231188.740000,47,0.040723,0,156,NONE,True,False,True,False,True,SMALL,Construction,Eastern,15230082.870000,13949304.510000,671741.380000,10426627.750000,0.000000,3866693.820000,1907264.260000,569467.980000,1491458.121667,40,DERIVED_ANALYTICS,1,0.461172,0.096865,ESTABLISHED_RELATIONSHIP,CROSS_BORDER_ACTIVITY,HIGH_DIGITAL_ENGAGEMENT,27898609.020000,306884.700000,83695.830000,0.000000,66956.660000,12052.200000,5084.790000,206051.880000,3.077392,19539.310000,0.965833,,True,62.210000,True,MEDIUM_PRIORITY,False,"Review collections, payments and liquidity visibility.",Cash Management,2.000000,66,True,CONTACT_DUE,TASK000293,10,AUTHORISED_RELATIONSHIP_MANAGER,False
OPP0009633,SME001413,RM029,CASH_MANAGEMENT,0.562687,0.875000,0.067801,67.680000,32,38515835.360000,29,0.030083,0,0,NONE,True,True,True,False,False,SMALL,Agriculture,Marmara,19550428.690000,16302862.990000,1316084.900000,5252750.350000,0.000000,0.000000,0.000000,788457.491667,1905479.898333,106,DERIVED_ANALYTICS,1,0.291599,0.051897,LOWER_CREDIT_RISK_SIGNAL,MATERIAL_BUSINESS_SCALE,HIGH_DIGITAL_ENGAGEMENT,32605725.980000,358662.990000,97817.180000,0.000000,78253.740000,14085.670000,5790.860000,240969.280000,3.079332,12085.580000,0.943576,,True,52.120000,True,MEDIUM_PRIORITY,False,"Review collections, payments and liquidity visibility.",Cash Management,33.000000,56,True,CONTACT_DUE,TASK000294,10,AUTHORISED_RELATIONSHIP_MANAGER,False
OPP0009636,SME001417,RM038,CASH_MANAGEMENT,0.544551,0.875000,1.000000,73.450000,130,26423533.540000,30,0.090197,0,94,NONE,True,True,True,False,True,SMALL,Construction,Aegean,12026227.480000,10026957.750000,391500.830000,7354356.080000,0.000000,2720387.170000,1295479.730000,445844.161667,1446475.743333,210,DERIVED_ANALYTICS,1,0.339717,0.105484,ESTABLISHED_RELATIONSHIP,CROSS_BORDER_ACTIVITY,MATERIAL_BUSINESS_SCALE,20053915.500000,220593.070000,60161.750000,0.000000,48129.400000,8663.290000,3908.090000,147859.940000,3.072133,15176.930000,0.955756,,True,58.300000,True,MEDIUM_PRIORITY,False,"Review collections, payments and liquidity visibility.",Cash Management,9.000000,62,True,CONTACT_DUE,TASK000295,10,AUTHORISED_RELATIONSHIP_MANAGER,False
OPP0003241,SME001428,RM022,POS_MERCHANT_ACQUIRING,0.596832,0.875000,1.000000,83.490000,127,53726792.230000,43,0.015052,60,0,NONE,True,True,True,False,False,SMALL,Retail Trade,Central Anatolia,28082227.850000,26161176.600000,14161991.690000,10641041.330000,0.000000,0.000000,0.000000,1180466.915000,2825698.888333,37,DERIVED_ANALYTICS,1,0.502229,0.116064,ESTABLISHED_RELATIONSHIP,LOWER_CREDIT_RISK_SIGNAL,HIGH_DIGITAL_ENGAGEMENT,28323983.380000,368211.780000,84971.950000,0.000000,169943.900000,30589.900000,5148.600000,247501.330000,1.456371,28306.050000,0.978659,,True,66.010000,True,MEDIUM_PRIORITY,False,"Discuss merchant collections, settlement speed and acquiring economics.",POS & Merchant Acquiring,1.000000,46,True,CONTACT_DUE,TASK000296,10,AUTHORISED_RELATIONSHIP_MANAGER,False
OPP0009644,SME001431,RM008,CASH_MANAGEMENT,0.516861,0.750000,1.000000,54.200000,114,41952072.190000,40,0.032565,30,43,NONE,True,True,True,False,False,SMALL,Healthcare,Marmara,23625499.430000,21407121.010000,11710024.820000,8569496.930000,0.000000,0.000000,0.000000,675893.640000,1596254.438333,104,DERIVED_ANALYTICS,1,0.322253,0.089174,ESTABLISHED_RELATIONSHIP,LOWER_CREDIT_RISK_SIGNAL,MATERIAL_BUSINESS_SCALE,42814242.020000,470956.660000,128442.730000,0.000000,102754.180000,18495.750000,7322.140000,316696.040000,3.082075,27820.970000,0.978282,,True,54.820000,True,MEDIUM_PRIORITY,False,"Review collections, payments and liquidity visibility.",Cash Management,17.000000,69,True,CONTACT_DUE,TASK000297,10,AUTHORISED_RELATIONSHIP_MANAGER,False
OPP0003244,SME001432,RM019,POS_MERCHANT_ACQUIRING,0.543280,0.500000,1.000000,92.900000,104,7330694.900000,38,0.019655,0,0,NONE,True,True,True,False,False,SMALL,Retail Trade,Aegean,4023560.880000,3495936.890000,1995936.330000,7773087.100000,0.000000,0.000000,0.000000,132151.156667,434791.158333,280,DERIVED_ANALYTICS,1,0.411211,0.171905,ESTABLISHED_RELATIONSHIP,HIGH_DIGITAL_ENGAGEMENT,LOWER_CREDIT_RISK_SIGNAL,3991872.660000,51894.340000,11975.620000,0.000000,23951.240000,4311.220000,1498.780000,34108.720000,1.424090,5443.470000,0.899493,,True,61.770000,True,MEDIUM_PRIORITY,False,"Discuss merchant collections, settlement speed and acquiring economics.",POS & Merchant Acquiring,7.000000,70,True,CONTACT_DUE,TASK000298,10,AUTHORISED_RELATIONSHIP_MANAGER,False
OPP0007571,SME001441,RM029,PAYROLL_SERVICES,0.708849,0.625000,1.000000,48.970000,47,124347671.710000,169,0.045045,0,0,LOW,True,True,True,True,False,MEDIUM,Hospitality,Marmara,62152920.150000,57367310.990000,30633493.130000,34839263.080000,21827584.670000,0.000000,14314866.100000,2145863.271667,7553099.865000,110,DERIVED_ANALYTICS,1,0.416154,0.063919,CROSS_BORDER_ACTIVITY,MATERIAL_BUSINESS_SCALE,LOWER_CREDIT_RISK_SIGNAL,69678526.160000,836142.310000,209035.580000,0.000000,167228.460000,30101.120000,11351.780000,585653.830000,3.502118,37014.310000,0.985342,,True,58.650000,True,MEDIUM_PRIORITY,False,Discuss payroll automation and employee banking needs.,Payroll Services,18.000000,56,True,CONTACT_DUE,TASK000299,10,AUTHORISED_RELATIONSHIP_MANAGER,False
OPP0009652,SME001445,RM029,CASH_MANAGEMENT,0.560433,1.000000,0.000000,47.240000,44,75255686.980000,13,0.013371,0,3,NONE,True,True,True,False,False,SMALL,Technology,Marmara,38196304.220000,34538299.310000,2627615.950000,2656155.880000,0.000000,0.000000,0.000000,1689779.636667,5430698.880000,298,DERIVED_ANALYTICS,1,0.287163,0.045681,LOWER_CREDIT_RISK_SIGNAL,MATERIAL_BUSINESS_SCALE,STRONG_PRODUCT_NEED_SIGNAL,69076598.620000,759842.580000,207229.800000,0.000000,165783.840000,29841.090000,11261.490000,511510.200000,3.085404,22946.360000,0.972354,,True,53.130000,True,MEDIUM_PRIORITY,False,"Review collections, payments and liquidity visibility.",Cash Management,32.000000,56,True,CONTACT_DUE,TASK000300,10,AUTHORISED_RELATIONSHIP_MANAGER,False
OPP0009658,SME001453,RM006,CASH_MANAGEMENT,0.657655,0.750000,0.109769,82.310000,111,46558518.180000,79,0.019751,30,0,NONE,True,True,True,True,False,MEDIUM,Technology,Aegean,24102743.170000,23880782.450000,1169042.210000,14340263.830000,6300256.350000,0.000000,3271817.090000,735112.425000,2368126.810000,57,DERIVED_ANALYTICS,1,0.577145,0.116974,ESTABLISHED_RELATIONSHIP,CROSS_BORDER_ACTIVITY,LOWER_CREDIT_RISK_SIGNAL,47761564.900000,525377.210000,143284.690000,0.000000,114627.760000,20633.000000,8064.230000,353395.290000,3.082982,40917.900000,0.987497,,True,68.740000,True,MEDIUM_PRIORITY,False,"Review collections, payments and liquidity visibility.",Cash Management,3.000000,63,True,CONTACT_DUE,TASK000301,10,AUTHORISED_RELATIONSHIP_MANAGER,False
OPP0009662,SME001458,RM033,CASH_MANAGEMENT,0.892958,0.625000,1.000000,76.730000,82,335269929.820000,232,0.020840,0,0,NONE,True,True,True,False,False,MEDIUM,Hospitality,Mediterranean,183349508.790000,160710361.610000,80168717.180000,44858628.250000,0.000000,0.000000,0.000000,10038689.636667,15690453.490000,152,DERIVED_ANALYTICS,1,0.672779,0.016668,ESTABLISHED_RELATIONSHIP,LOWER_CREDIT_RISK_SIGNAL,STRONG_PRODUCT_NEED_SIGNAL,250000000.000000,2750000.000000,750000.000000,0.000000,600000.000000,108000.000000,38400.000000,1853600.000000,3.089333,30475.610000,0.981300,,True,66.590000,True,MEDIUM_PRIORITY,False,"Review collections, payments and liquidity visibility.",Cash Management,2.000000,59,True,CONTACT_DUE,TASK000302,10,AUTHORISED_RELATIONSHIP_MANAGER,False
OPP0009665,SME001462,RM047,CASH_MANAGEMENT,0.491972,0.625000,0.809715,66.880000,125,20422128.830000,17,0.071231,0,0,NONE,True,True,True,False,False,SMALL,Manufacturing,Central Anatolia,11116771.720000,9692199.890000,519838.180000,3393306.910000,0.000000,0.000000,0.000000,549137.821667,746910.206667,58,DERIVED_ANALYTICS,1,0.307346,0.097777,ESTABLISHED_RELATIONSHIP,MATERIAL_BUSINESS_SCALE,HIGH_DIGITAL_ENGAGEMENT,19384399.780000,213228.400000,58153.200000,0.000000,46522.560000,8374.060000,3807.660000,142893.480000,3.071488,13551.730000,0.949989,,True,52.810000,True,MEDIUM_PRIORITY,False,"Review collections, payments and liquidity visibility.",Cash Management,19.000000,67,True,CONTACT_DUE,TASK000303,10,AUTHORISED_RELATIONSHIP_MANAGER,False
OPP0003273,SME001467,RM024,POS_MERCHANT_ACQUIRING,0.571005,0.750000,0.678840,66.020000,9,18076820.420000,5,0.038780,5,0,NONE,True,True,True,False,False,MICRO,Retail Trade,Eastern,10012173.190000,8201478.800000,5742693.020000,1037318.590000,0.000000,0.000000,0.000000,280869.445000,801749.815000,149,DERIVED_ANALYTICS,1,0.294979,0.071417,LOWER_CREDIT_RISK_SIGNAL,MATERIAL_BUSINESS_SCALE,HIGH_DIGITAL_ENGAGEMENT,11485386.040000,149310.020000,34456.160000,0.000000,68912.320000,12404.220000,2622.810000,99826.830000,1.448606,6709.320000,0.911834,,True,52.340000,True,MEDIUM_PRIORITY,False,"Discuss merchant collections, settlement speed and acquiring economics.",POS & Merchant Acquiring,9.000000,54,True,CONTACT_DUE,TASK000304,10,AUTHORISED_RELATIONSHIP_MANAGER,False
OPP0009671,SME001469,RM008,CASH_MANAGEMENT,0.549093,0.750000,0.768177,78.050000,87,21176389.310000,11,0.077753,0,7,LOW,True,True,True,False,False,SMALL,Transportation,Marmara,12790205.420000,10785288.420000,649119.530000,2299398.260000,0.000000,0.000000,0.000000,491744.708333,1188838.268333,42,DERIVED_ANALYTICS,1,0.347731,0.090028,ESTABLISHED_RELATIONSHIP,HIGH_DIGITAL_ENGAGEMENT,MATERIAL_BUSINESS_SCALE,21570576.840000,237276.350000,64711.730000,0.000000,51769.380000,9318.490000,4135.590000,159110.540000,3.073449,13904.450000,0.951336,,True,55.930000,True,MEDIUM_PRIORITY,False,"Review collections, payments and liquidity visibility.",Cash Management,14.000000,69,True,CONTACT_DUE,TASK000305,10,AUTHORISED_RELATIONSHIP_MANAGER,False
OPP0009679,SME001477,RM009,CASH_MANAGEMENT,0.587382,0.750000,0.781882,71.690000,35,40361305.450000,33,0.011820,0,0,NONE,True,True,True,True,False,SMALL,Wholesale Trade,Marmara,20764952.310000,17502524.170000,995862.060000,7120630.280000,5995924.310000,0.000000,3451700.610000,743221.590000,2638507.065000,199,DERIVED_ANALYTICS,1,0.310510,0.088728,CROSS_BORDER_ACTIVITY,LOWER_CREDIT_RISK_SIGNAL,MATERIAL_BUSINESS_SCALE,35005048.340000,385055.530000,105015.150000,0.000000,84012.120000,15122.180000,6150.760000,258767.440000,3.080120,22539.880000,0.971707,,True,55.830000,True,MEDIUM_PRIORITY,False,"Review collections, payments and liquidity visibility.",Cash Management,28.000000,69,True,CONTACT_DUE,TASK000306,10,AUTHORISED_RELATIONSHIP_MANAGER,False
OPP0009680,SME001478,RM001,CASH_MANAGEMENT,0.546237,0.750000,0.770319,90.590000,75,11751477.130000,5,0.023651,0,15,NONE,True,False,True,False,True,MICRO,Transportation,Mediterranean,6030686.380000,5263318.070000,354714.910000,1034411.720000,0.000000,1080649.180000,451179.380000,254503.613333,783557.320000,226,DERIVED_ANALYTICS,1,0.364589,0.071876,CROSS_BORDER_ACTIVITY,HIGH_DIGITAL_ENGAGEMENT,ESTABLISHED_RELATIONSHIP,10526636.140000,115793.000000,31579.910000,0.000000,25263.930000,4547.510000,2479.000000,77186.580000,3.055209,5127.830000,0.895398,,True,53.770000,True,MEDIUM_PRIORITY,False,"Review collections, payments and liquidity visibility.",Cash Management,9.000000,49,True,CONTACT_DUE,TASK000307,10,AUTHORISED_RELATIONSHIP_MANAGER,False
OPP0009683,SME001487,RM012,CASH_MANAGEMENT,0.602580,0.750000,1.000000,78.220000,60,34405060.370000,31,0.017317,0,79,NONE,True,True,True,False,False,SMALL,Professional Services,Central Anatolia,19299149.150000,17212436.690000,1176523.890000,6902809.820000,0.000000,0.000000,0.000000,705384.160000,2120484.055000,47,DERIVED_ANALYTICS,1,0.402206,0.062811,LOWER_CREDIT_RISK_SIGNAL,MATERIAL_BUSINESS_SCALE,HIGH_DIGITAL_ENGAGEMENT,34424873.380000,378673.610000,103274.620000,0.000000,82619.700000,14871.550000,6063.730000,254463.710000,3.079940,15562.990000,0.957157,,True,56.510000,True,MEDIUM_PRIORITY,False,"Review collections, payments and liquidity visibility.",Cash Management,14.000000,50,True,CONTACT_DUE,TASK000308,10,AUTHORISED_RELATIONSHIP_MANAGER,False
OPP0007602,SME001492,RM029,PAYROLL_SERVICES,0.958930,0.875000,0.063154,72.590000,81,119607637.220000,236,0.023184,5,0,NONE,True,False,True,True,False,MEDIUM,Professional Services,Marmara,56132546.760000,49520784.860000,2346423.720000,47630009.950000,15486496.780000,0.000000,8597933.740000,2234975.025000,7295422.601667,38,DERIVED_ANALYTICS,1,0.754550,0.049701,CROSS_BORDER_ACTIVITY,ESTABLISHED_RELATIONSHIP,STRONG_PRODUCT_NEED_SIGNAL,95260019.900000,1143120.240000,285780.060000,0.000000,228624.050000,41152.330000,15189.000000,800998.850000,3.503563,39390.400000,0.986689,,True,76.230000,True,MEDIUM_PRIORITY,False,Discuss payroll automation and employee banking needs.,Payroll Services,2.000000,56,True,CONTACT_DUE,TASK000309,10,AUTHORISED_RELATIONSHIP_MANAGER,False
OPP0003293,SME001494,RM030,POS_MERCHANT_ACQUIRING,0.617364,0.625000,1.000000,87.250000,70,84512334.020000,137,0.011860,0,0,NONE,True,True,True,True,False,MEDIUM,Healthcare,Central Anatolia,42645970.540000,35010228.770000,21363808.360000,32990086.170000,13382213.030000,0.000000,6473843.570000,1522295.548333,5170286.056667,118,DERIVED_ANALYTICS,1,0.544513,0.132186,CROSS_BORDER_ACTIVITY,LOWER_CREDIT_RISK_SIGNAL,HIGH_DIGITAL_ENGAGEMENT,42727616.720000,555459.020000,128182.850000,0.000000,256365.700000,46145.830000,7309.140000,373821.200000,1.458156,48993.780000,0.991162,,True,66.990000,True,MEDIUM_PRIORITY,False,"Discuss merchant collections, settlement speed and acquiring economics.",POS & Merchant Acquiring,5.000000,46,True,CONTACT_DUE,TASK000310,10,AUTHORISED_RELATIONSHIP_MANAGER,False
OPP0009696,SME001508,RM024,CASH_MANAGEMENT,0.628544,0.875000,0.396690,86.240000,80,32390495.280000,30,0.024735,0,0,NONE,True,False,True,True,False,SMALL,Agriculture,Eastern,15976752.540000,14550915.670000,831967.220000,6571493.730000,5635803.770000,0.000000,2691087.250000,530292.116667,2147001.451667,46,DERIVED_ANALYTICS,1,0.448784,0.141145,CROSS_BORDER_ACTIVITY,ESTABLISHED_RELATIONSHIP,LOWER_CREDIT_RISK_SIGNAL,29101831.340000,320120.140000,87305.490000,0.000000,69844.400000,12571.990000,5265.270000,214977.390000,3.077947,29922.890000,0.980653,,True,67.290000,True,MEDIUM_PRIORITY,False,"Review collections, payments and liquidity visibility.",Cash Management,2.000000,54,True,CONTACT_DUE,TASK000311,10,AUTHORISED_RELATIONSHIP_MANAGER,False
OPP0009699,SME001513,RM009,CASH_MANAGEMENT,0.731915,0.875000,0.133380,62.240000,60,123413840.020000,39,0.029916,30,124,NONE,True,True,True,False,True,SMALL,Technology,Marmara,70605211.810000,64076695.810000,3020411.380000,7138635.990000,0.000000,22683342.620000,11602915.850000,3235292.053333,7499000.435000,63,DERIVED_ANALYTICS,1,0.480768,0.062948,CROSS_BORDER_ACTIVITY,LOWER_CREDIT_RISK_SIGNAL,MATERIAL_BUSINESS_SCALE,128153391.620000,1409687.310000,384460.170000,0.000000,307568.140000,55362.270000,20123.010000,949741.860000,3.087907,59364.250000,0.994234,,True,63.800000,True,MEDIUM_PRIORITY,False,"Review collections, payments and liquidity visibility.",Cash Management,11.000000,69,True,CONTACT_DUE,TASK000312,10,AUTHORISED_RELATIONSHIP_MANAGER,False
OPP0003318,SME001534,RM012,POS_MERCHANT_ACQUIRING,0.559093,0.875000,0.191745,59.000000,118,54844545.420000,24,0.042387,0,0,NONE,True,True,True,False,False,SMALL,Retail Trade,Central Anatolia,26659744.410000,23384107.410000,13870775.500000,5423184.310000,0.000000,0.000000,0.000000,937518.751667,2888290.098333,297,DERIVED_ANALYTICS,1,0.378686,0.092228,ESTABLISHED_RELATIONSHIP,MATERIAL_BUSINESS_SCALE,LOWER_CREDIT_RISK_SIGNAL,27741551.000000,360640.160000,83224.650000,0.000000,166449.310000,29960.880000,5061.230000,242393.400000,1.456260,21935.390000,0.970629,,True,58.940000,True,MEDIUM_PRIORITY,False,"Discuss merchant collections, settlement speed and acquiring economics.",POS & Merchant Acquiring,12.000000,50,True,CONTACT_DUE,TASK000313,10,AUTHORISED_RELATIONSHIP_MANAGER,False
OPP0003322,SME001541,RM007,POS_MERCHANT_ACQUIRING,0.589215,0.875000,0.057593,81.500000,102,25032796.490000,16,0.041599,0,0,NONE,True,True,True,True,False,SMALL,Hospitality,Central Anatolia,13510445.150000,12999524.050000,7264275.350000,3542794.470000,4747292.350000,0.000000,3420423.160000,526129.143333,1685663.886667,353,DERIVED_ANALYTICS,1,0.437396,0.161083,ESTABLISHED_RELATIONSHIP,CROSS_BORDER_ACTIVITY,HIGH_DIGITAL_ENGAGEMENT,14528550.700000,188871.160000,43585.650000,0.000000,87171.300000,15690.830000,3079.280000,126515.400000,1.451342,19959.470000,0.966695,,True,67.610000,True,MEDIUM_PRIORITY,False,"Discuss merchant collections, settlement speed and acquiring economics.",POS & Merchant Acquiring,3.000000,57,True,CONTACT_DUE,TASK000314,10,AUTHORISED_RELATIONSHIP_MANAGER,False
OPP0007640,SME001543,RM030,PAYROLL_SERVICES,0.540995,0.875000,1.000000,79.780000,90,12243246.590000,22,0.068589,0,28,NONE,True,True,True,False,False,SMALL,Agriculture,Central Anatolia,6961374.390000,6172342.880000,509498.350000,4758307.490000,0.000000,0.000000,0.000000,278421.495000,565474.781667,27,DERIVED_ANALYTICS,1,0.371762,0.062556,ESTABLISHED_RELATIONSHIP,HIGH_DIGITAL_ENGAGEMENT,MATERIAL_BUSINESS_SCALE,9516614.980000,114199.380000,28549.840000,0.000000,22839.880000,4111.180000,2327.490000,79210.870000,3.468095,4535.110000,0.888338,,True,54.170000,True,MEDIUM_PRIORITY,False,Discuss payroll automation and employee banking needs.,Payroll Services,21.000000,46,True,CONTACT_DUE,TASK000315,10,AUTHORISED_RELATIONSHIP_MANAGER,False
OPP0009718,SME001548,RM034,CASH_MANAGEMENT,0.808272,0.750000,1.000000,58.320000,43,329337389.980000,235,0.096006,15,0,NONE,True,False,True,True,True,MEDIUM,Construction,Aegean,167587149.760000,157690434.320000,9686870.150000,51321143.250000,60124656.040000,42135957.590000,63498592.190000,6012119.680000,14176956.458333,142,DERIVED_ANALYTICS,1,0.467524,0.093831,CROSS_BORDER_ACTIVITY,MATERIAL_BUSINESS_SCALE,STRONG_PRODUCT_NEED_SIGNAL,250000000.000000,2750000.000000,750000.000000,0.000000,600000.000000,108000.000000,38400.000000,1853600.000000,3.089333,173504.700000,0.999946,,True,66.690000,True,MEDIUM_PRIORITY,False,"Review collections, payments and liquidity visibility.",Cash Management,5.000000,61,True,CONTACT_DUE,TASK000316,10,AUTHORISED_RELATIONSHIP_MANAGER,False
OPP0009719,SME001549,RM033,CASH_MANAGEMENT,0.744177,0.750000,0.442548,83.460000,19,77378054.890000,33,0.035200,0,142,NONE,True,True,True,False,False,SMALL,Agriculture,Mediterranean,47056421.550000,40530735.010000,2280279.740000,7030165.630000,0.000000,0.000000,0.000000,1340134.490000,3294986.380000,274,DERIVED_ANALYTICS,1,0.483385,0.062692,HIGH_DIGITAL_ENGAGEMENT,MATERIAL_BUSINESS_SCALE,LOWER_CREDIT_RISK_SIGNAL,81061470.020000,891676.170000,243184.410000,0.000000,194547.530000,35018.560000,13059.220000,600413.980000,3.086207,37220.860000,0.985557,,True,62.720000,True,MEDIUM_PRIORITY,False,"Review collections, payments and liquidity visibility.",Cash Management,4.000000,59,True,CONTACT_DUE,TASK000317,10,AUTHORISED_RELATIONSHIP_MANAGER,False
OPP0005527,SME001551,RM036,BUSINESS_CREDIT_CARD,0.806527,0.500000,1.000000,86.510000,44,159670082.790000,130,0.002000,0,146,NONE,True,True,True,True,True,MEDIUM,Transportation,Marmara,81642189.960000,77355532.090000,3792608.110000,23227491.920000,22124137.040000,18562811.840000,23126050.980000,2791680.496667,6189117.103333,51,DERIVED_ANALYTICS,1,0.639236,0.085351,CROSS_BORDER_ACTIVITY,LOWER_CREDIT_RISK_SIGNAL,HIGH_DIGITAL_ENGAGEMENT,2874061.490220,121572.800000,44950.320000,820.830000,87946.280000,15830.330000,1331.110000,58640.210000,0.666773,4585.010000,0.889092,,True,66.880000,True,MEDIUM_PRIORITY,True,Review employee spending controls and short-term purchasing needs.,Business Credit Card,6.000000,68,True,CONTACT_DUE,TASK000318,10,AUTHORISED_RELATIONSHIP_MANAGER,False
OPP0005529,SME001554,RM037,BUSINESS_CREDIT_CARD,0.664761,0.750000,1.000000,52.850000,14,222591561.790000,97,0.027165,0,0,LOW,True,True,True,False,False,MEDIUM,Healthcare,Aegean,127352167.050000,113260280.060000,58709734.200000,20759333.150000,0.000000,0.000000,0.000000,5267971.733333,11875184.795000,41,DERIVED_ANALYTICS,1,0.409857,0.054923,MATERIAL_BUSINESS_SCALE,LOWER_CREDIT_RISK_SIGNAL,STRONG_PRODUCT_NEED_SIGNAL,4006648.112220,169481.220000,62663.980000,15542.440000,122603.430000,22068.620000,1501.000000,67705.180000,0.552229,3298.550000,0.866027,,True,55.770000,True,MEDIUM_PRIORITY,True,Review employee spending controls and short-term purchasing needs.,Business Credit Card,12.000000,47,True,CONTACT_DUE,TASK000319,10,AUTHORISED_RELATIONSHIP_MANAGER,False
OPP0009724,SME001559,RM036,CASH_MANAGEMENT,0.638126,0.750000,0.092314,85.160000,137,35458893.280000,15,0.042807,15,0,NONE,True,True,True,False,False,SMALL,Wholesale Trade,Marmara,19095452.300000,18565550.020000,778161.890000,3065713.060000,0.000000,0.000000,0.000000,504801.741667,1962865.381667,172,DERIVED_ANALYTICS,1,0.500575,0.054534,ESTABLISHED_RELATIONSHIP,HIGH_DIGITAL_ENGAGEMENT,MATERIAL_BUSINESS_SCALE,37131100.040000,408442.100000,111393.300000,0.000000,89114.640000,16040.640000,6469.670000,274538.490000,3.080734,14551.550000,0.954031,,True,59.640000,True,MEDIUM_PRIORITY,False,"Review collections, payments and liquidity visibility.",Cash Management,17.000000,68,True,CONTACT_DUE,TASK000320,10,AUTHORISED_RELATIONSHIP_MANAGER,False
OPP0003348,SME001571,RM043,POS_MERCHANT_ACQUIRING,0.476911,0.750000,1.000000,60.640000,136,5439074.170000,7,0.029525,0,6,NONE,True,True,True,True,False,MICRO,Healthcare,Mediterranean,2874642.300000,2535763.420000,1461630.400000,1424674.330000,833450.020000,0.000000,451790.310000,104010.590000,270863.726667,123,DERIVED_ANALYTICS,1,0.341562,0.128508,ESTABLISHED_RELATIONSHIP,CROSS_BORDER_ACTIVITY,LOWER_CREDIT_RISK_SIGNAL,2923260.800000,38002.390000,8769.780000,0.000000,17539.560000,3157.120000,1338.490000,24737.000000,1.410355,2758.900000,0.853578,,True,55.850000,True,MEDIUM_PRIORITY,False,"Discuss merchant collections, settlement speed and acquiring economics.",POS & Merchant Acquiring,11.000000,52,True,CONTACT_DUE,TASK000321,10,AUTHORISED_RELATIONSHIP_MANAGER,False
OPP0009735,SME001574,RM035,CASH_MANAGEMENT,0.600939,0.875000,0.082683,61.730000,87,61293539.550000,42,0.026763,0,0,NONE,True,True,True,False,False,SMALL,Agriculture,Central Anatolia,33892712.700000,29510324.380000,1877822.750000,8320235.940000,0.000000,0.000000,0.000000,1214263.030000,3106366.601667,255,DERIVED_ANALYTICS,1,0.376774,0.051499,ESTABLISHED_RELATIONSHIP,LOWER_CREDIT_RISK_SIGNAL,MATERIAL_BUSINESS_SCALE,59020648.760000,649227.140000,177061.950000,0.000000,141649.560000,25496.920000,9753.100000,436915.170000,3.084480,22080.520000,0.970899,,True,56.140000,True,MEDIUM_PRIORITY,False,"Review collections, payments and liquidity visibility.",Cash Management,11.000000,59,True,CONTACT_DUE,TASK000322,10,AUTHORISED_RELATIONSHIP_MANAGER,False
OPP0007663,SME001579,RM034,PAYROLL_SERVICES,0.632217,0.875000,0.045824,68.660000,38,19840025.600000,43,0.047410,0,115,NONE,True,True,True,False,False,SMALL,Transportation,Aegean,12150877.370000,10867303.850000,463999.030000,9244177.840000,0.000000,0.000000,0.000000,448877.745000,1456821.883333,214,DERIVED_ANALYTICS,1,0.370572,0.119446,MATERIAL_BUSINESS_SCALE,LOWER_CREDIT_RISK_SIGNAL,HIGH_DIGITAL_ENGAGEMENT,18488355.680000,221860.270000,55465.070000,0.000000,44372.050000,7986.970000,3673.250000,154734.980000,3.487217,18062.530000,0.963516,,True,62.610000,True,MEDIUM_PRIORITY,False,Discuss payroll automation and employee banking needs.,Payroll Services,7.000000,61,True,CONTACT_DUE,TASK000323,10,AUTHORISED_RELATIONSHIP_MANAGER,False
OPP0003359,SME001586,RM008,POS_MERCHANT_ACQUIRING,0.590279,0.750000,1.000000,82.630000,68,31274064.060000,34,0.016704,0,15,NONE,True,True,True,False,True,SMALL,Healthcare,Marmara,17433686.390000,15153913.890000,9144526.340000,6278753.210000,0.000000,4252789.660000,2448525.250000,678257.206667,1626890.403333,188,DERIVED_ANALYTICS,1,0.439957,0.132708,CROSS_BORDER_ACTIVITY,LOWER_CREDIT_RISK_SIGNAL,HIGH_DIGITAL_ENGAGEMENT,18289052.680000,237757.680000,54867.160000,0.000000,109734.320000,19752.180000,3643.360000,159494.980000,1.453465,20746.290000,0.968528,,True,63.940000,True,MEDIUM_PRIORITY,False,"Discuss merchant collections, settlement speed and acquiring economics.",POS & Merchant Acquiring,5.000000,69,True,CONTACT_DUE,TASK000324,10,AUTHORISED_RELATIONSHIP_MANAGER,False
OPP0007670,SME001591,RM019,PAYROLL_SERVICES,0.531999,0.750000,1.000000,53.220000,47,19652418.540000,36,0.044743,0,85,NONE,True,True,True,True,False,SMALL,Construction,Aegean,11029069.970000,10072731.160000,637523.440000,7038399.480000,2669298.890000,0.000000,1395236.780000,492414.073333,1322717.481667,24,DERIVED_ANALYTICS,1,0.246620,0.112374,CROSS_BORDER_ACTIVITY,LOWER_CREDIT_RISK_SIGNAL,MATERIAL_BUSINESS_SCALE,14076798.960000,168921.590000,42230.400000,0.000000,33784.320000,6081.180000,3011.520000,117598.490000,3.480860,12794.990000,0.947349,,True,54.260000,True,MEDIUM_PRIORITY,False,Discuss payroll automation and employee banking needs.,Payroll Services,11.000000,70,True,CONTACT_DUE,TASK000325,10,AUTHORISED_RELATIONSHIP_MANAGER,False
OPP0007671,SME001592,RM037,PAYROLL_SERVICES,0.566970,0.875000,0.118107,60.100000,38,29178889.540000,46,0.017616,90,0,NONE,True,True,True,False,False,SMALL,Technology,Aegean,16545297.930000,13177114.710000,684756.840000,9393060.760000,0.000000,0.000000,0.000000,598378.566667,1687636.906667,89,DERIVED_ANALYTICS,1,0.331553,0.083111,LOWER_CREDIT_RISK_SIGNAL,MATERIAL_BUSINESS_SCALE,HIGH_DIGITAL_ENGAGEMENT,18786121.520000,225433.460000,56358.360000,0.000000,45086.690000,8115.600000,3717.920000,157241.580000,3.487539,12648.550000,0.946271,,True,56.350000,True,MEDIUM_PRIORITY,False,Discuss payroll automation and employee banking needs.,Payroll Services,11.000000,47,True,CONTACT_DUE,TASK000326,10,AUTHORISED_RELATIONSHIP_MANAGER,False
OPP0003362,SME001593,RM029,POS_MERCHANT_ACQUIRING,0.560268,0.625000,0.412576,86.160000,60,12258626.720000,3,0.032834,90,65,NONE,True,True,True,True,False,MICRO,Retail Trade,Marmara,7293324.810000,6505759.330000,3763704.130000,624386.850000,2075295.760000,0.000000,1208391.650000,349891.940000,613503.555000,7,DERIVED_ANALYTICS,1,0.375731,0.141384,CROSS_BORDER_ACTIVITY,HIGH_DIGITAL_ENGAGEMENT,LOWER_CREDIT_RISK_SIGNAL,7527408.260000,97856.310000,22582.220000,0.000000,45164.450000,8129.600000,2029.110000,65115.380000,1.441740,8786.270000,0.927086,,True,60.010000,True,MEDIUM_PRIORITY,False,"Discuss merchant collections, settlement speed and acquiring economics.",POS & Merchant Acquiring,14.000000,56,True,CONTACT_DUE,TASK000327,10,AUTHORISED_RELATIONSHIP_MANAGER,False
OPP0003365,SME001597,RM022,POS_MERCHANT_ACQUIRING,0.593018,0.500000,1.000000,78.940000,78,284981267.660000,192,0.061002,0,20,NONE,True,True,True,True,True,MEDIUM,Healthcare,Central Anatolia,156641364.370000,131149667.000000,70046791.340000,44713981.840000,42520824.990000,29161608.780000,42366468.930000,5408582.243333,16849326.233333,46,DERIVED_ANALYTICS,1,0.450964,0.115844,CROSS_BORDER_ACTIVITY,ESTABLISHED_RELATIONSHIP,MATERIAL_BUSINESS_SCALE,140093582.680000,1821216.570000,420280.750000,0.000000,840561.500000,151301.070000,21914.040000,1227720.710000,1.460596,141803.760000,0.999784,,True,60.900000,True,MEDIUM_PRIORITY,False,"Discuss merchant collections, settlement speed and acquiring economics.",POS & Merchant Acquiring,4.000000,46,True,CONTACT_DUE,TASK000328,10,AUTHORISED_RELATIONSHIP_MANAGER,False
OPP0007675,SME001599,RM002,PAYROLL_SERVICES,0.583611,1.000000,0.000000,52.140000,68,19149736.970000,35,0.011919,0,47,NONE,True,True,True,False,False,SMALL,Healthcare,Marmara,10402931.360000,8952327.870000,4916327.030000,7057962.390000,0.000000,0.000000,0.000000,344066.423333,1302159.601667,62,DERIVED_ANALYTICS,1,0.356847,0.091724,LOWER_CREDIT_RISK_SIGNAL,ESTABLISHED_RELATIONSHIP,MATERIAL_BUSINESS_SCALE,14115924.780000,169391.100000,42347.770000,0.000000,33878.220000,6098.080000,3017.390000,117927.860000,3.480934,10396.770000,0.936840,,True,59.380000,True,MEDIUM_PRIORITY,False,Discuss payroll automation and employee banking needs.,Payroll Services,13.000000,57,True,CONTACT_DUE,TASK000329,10,AUTHORISED_RELATIONSHIP_MANAGER,False
OPP0009764,SME001619,RM036,CASH_MANAGEMENT,0.508986,0.625000,0.512043,70.660000,122,20387188.690000,30,0.030248,0,0,NONE,True,True,True,False,False,SMALL,Manufacturing,Marmara,10702794.810000,9872446.170000,491770.740000,5771106.230000,0.000000,0.000000,0.000000,461694.010000,902463.316667,33,DERIVED_ANALYTICS,1,0.326445,0.109839,ESTABLISHED_RELATIONSHIP,LOWER_CREDIT_RISK_SIGNAL,MATERIAL_BUSINESS_SCALE,19744892.340000,217193.820000,59234.680000,0.000000,47387.740000,8529.790000,3861.730000,145567.620000,3.071841,15568.960000,0.957211,,True,55.010000,True,MEDIUM_PRIORITY,False,"Review collections, payments and liquidity visibility.",Cash Management,23.000000,68,True,CONTACT_DUE,TASK000330,10,AUTHORISED_RELATIONSHIP_MANAGER,False
OPP0003387,SME001629,RM018,POS_MERCHANT_ACQUIRING,0.509784,0.750000,1.000000,45.620000,88,25982410.460000,43,0.017564,0,0,NONE,True,True,True,True,False,SMALL,Healthcare,Mediterranean,14041122.760000,13297564.780000,7359795.090000,9966508.180000,3781867.410000,0.000000,2184844.980000,505302.441667,740167.298333,188,DERIVED_ANALYTICS,1,0.300236,0.124940,ESTABLISHED_RELATIONSHIP,CROSS_BORDER_ACTIVITY,LOWER_CREDIT_RISK_SIGNAL,14719590.180000,191354.670000,44158.770000,0.000000,88317.540000,15897.160000,3107.940000,128190.800000,1.451476,15596.170000,0.957318,,True,56.800000,True,MEDIUM_PRIORITY,False,"Discuss merchant collections, settlement speed and acquiring economics.",POS & Merchant Acquiring,5.000000,57,True,CONTACT_DUE,TASK000331,10,AUTHORISED_RELATIONSHIP_MANAGER,False
OPP0009770,SME001634,RM005,CASH_MANAGEMENT,0.661261,0.875000,0.590168,94.750000,18,30173893.970000,8,0.078233,15,13,NONE,True,True,True,True,False,MICRO,Transportation,Eastern,16379126.140000,13528050.930000,530668.850000,1903051.080000,4110924.310000,0.000000,2551750.760000,695833.058333,1042959.958333,169,DERIVED_ANALYTICS,1,0.417255,0.147531,CROSS_BORDER_ACTIVITY,HIGH_DIGITAL_ENGAGEMENT,MATERIAL_BUSINESS_SCALE,27056101.860000,297617.120000,81168.310000,0.000000,64934.640000,11688.240000,4958.420000,199802.150000,3.076973,29057.050000,0.979521,,True,67.560000,True,MEDIUM_PRIORITY,False,"Review collections, payments and liquidity visibility.",Cash Management,2.000000,59,True,CONTACT_DUE,TASK000332,10,AUTHORISED_RELATIONSHIP_MANAGER,False
OPP0017255,SME001665,RM037,FX_RISK_MANAGEMENT,0.499674,0.875000,1.000000,86.290000,100,91233311.560000,67,0.037732,0,15,NONE,True,False,True,True,True,MEDIUM,Construction,Aegean,55829428.500000,51579840.130000,1607287.300000,13978766.920000,18305495.460000,13305437.110000,14924861.590000,2345816.161667,5450670.121667,139,DERIVED_ANALYTICS,1,0.388616,0.121052,ESTABLISHED_RELATIONSHIP,CROSS_BORDER_ACTIVITY,HIGH_DIGITAL_ENGAGEMENT,63221865.140000,471002.900000,66382.960000,0.000000,212425.470000,38236.580000,10383.280000,356000.080000,1.675882,42674.510000,0.988467,,True,60.870000,True,MEDIUM_PRIORITY,True,Review documented FX exposure and risk-management objectives.,FX Risk Management,7.000000,47,True,CONTACT_DUE,TASK000333,10,AUTHORISED_RELATIONSHIP_MANAGER,False
OPP0003414,SME001666,RM047,POS_MERCHANT_ACQUIRING,0.534381,0.750000,1.000000,48.980000,117,28018463.560000,12,0.023405,0,0,NONE,True,True,True,False,False,SMALL,Retail Trade,Central Anatolia,14065135.950000,11049887.020000,7699315.610000,2465900.420000,0.000000,0.000000,0.000000,411342.131667,1926190.956667,21,DERIVED_ANALYTICS,1,0.344853,0.079368,ESTABLISHED_RELATIONSHIP,LOWER_CREDIT_RISK_SIGNAL,MATERIAL_BUSINESS_SCALE,15398631.220000,200182.210000,46195.890000,0.000000,92391.790000,16630.520000,3209.790000,134146.010000,1.451926,10226.880000,0.935439,,True,54.270000,True,MEDIUM_PRIORITY,False,"Discuss merchant collections, settlement speed and acquiring economics.",POS & Merchant Acquiring,15.000000,67,True,CONTACT_DUE,TASK000334,10,AUTHORISED_RELATIONSHIP_MANAGER,False
OPP0009787,SME001667,RM037,CASH_MANAGEMENT,0.525419,1.000000,0.000000,85.500000,87,12088001.930000,4,0.044100,0,0,MEDIUM,True,True,True,False,False,MICRO,Construction,Aegean,6001651.710000,5574773.990000,360049.650000,802620.010000,0.000000,0.000000,0.000000,185768.656667,681196.226667,305,DERIVED_ANALYTICS,1,0.328456,0.096342,ESTABLISHED_RELATIONSHIP,HIGH_DIGITAL_ENGAGEMENT,LOWER_CREDIT_RISK_SIGNAL,11149547.980000,122645.030000,33448.640000,0.000000,26758.920000,4816.610000,2572.430000,81807.350000,3.057199,7461.460000,0.918732,,True,57.280000,True,MEDIUM_PRIORITY,False,"Review collections, payments and liquidity visibility.",Cash Management,9.000000,47,True,CONTACT_DUE,TASK000335,10,AUTHORISED_RELATIONSHIP_MANAGER,False
OPP0003416,SME001668,RM010,POS_MERCHANT_ACQUIRING,0.658287,0.500000,1.000000,78.040000,74,77664195.080000,209,0.005955,0,0,NONE,True,True,True,False,False,MEDIUM,Retail Trade,Central Anatolia,39293277.080000,34750100.370000,23386328.500000,47734114.930000,0.000000,0.000000,0.000000,1233248.986667,3951353.578333,61,DERIVED_ANALYTICS,1,0.512978,0.064271,LOWER_CREDIT_RISK_SIGNAL,ESTABLISHED_RELATIONSHIP,MATERIAL_BUSINESS_SCALE,46772657.000000,608044.540000,140317.970000,0.000000,280635.940000,50514.470000,7915.900000,409296.200000,1.458460,25885.710000,0.975641,,True,59.240000,True,MEDIUM_PRIORITY,False,"Discuss merchant collections, settlement speed and acquiring economics.",POS & Merchant Acquiring,8.000000,58,True,CONTACT_DUE,TASK000336,10,AUTHORISED_RELATIONSHIP_MANAGER,False
OPP0009788,SME001669,RM007,CASH_MANAGEMENT,0.896039,0.750000,0.962364,96.800000,110,131225940.810000,111,0.003373,0,154,NONE,True,True,True,True,True,MEDIUM,Healthcare,Central Anatolia,72411282.250000,62388788.600000,36557820.570000,22836408.390000,17528104.390000,14732243.920000,19007353.960000,2663611.396667,8405335.818333,301,DERIVED_ANALYTICS,1,0.807507,0.084283,ESTABLISHED_RELATIONSHIP,CROSS_BORDER_ACTIVITY,LOWER_CREDIT_RISK_SIGNAL,124777577.200000,1372553.350000,374332.730000,0.000000,299466.190000,53903.910000,19616.640000,924700.070000,3.087828,77516.580000,0.996605,,True,78.580000,True,HIGH_PRIORITY,False,"Review collections, payments and liquidity visibility.",Cash Management,1.000000,57,True,CONTACT_DUE,TASK000337,10,AUTHORISED_RELATIONSHIP_MANAGER,False
OPP0007730,SME001674,RM029,PAYROLL_SERVICES,0.721856,0.625000,0.059363,96.800000,24,17862996.720000,46,0.120476,0,22,NONE,True,True,True,False,False,SMALL,Agriculture,Marmara,9554586.330000,8589955.130000,507661.960000,10491155.060000,0.000000,0.000000,0.000000,324251.811667,788558.468333,91,DERIVED_ANALYTICS,1,0.476333,0.089909,HIGH_DIGITAL_ENGAGEMENT,MATERIAL_BUSINESS_SCALE,STRONG_PRODUCT_NEED_SIGNAL,20982310.120000,251787.720000,62946.930000,0.000000,50357.540000,9064.360000,4047.350000,175729.080000,3.489628,15379.610000,0.956348,,True,62.680000,True,MEDIUM_PRIORITY,False,Discuss payroll automation and employee banking needs.,Payroll Services,8.000000,56,True,CONTACT_DUE,TASK000338,10,AUTHORISED_RELATIONSHIP_MANAGER,False
OPP0009797,SME001687,RM033,CASH_MANAGEMENT,0.607101,0.500000,1.000000,74.240000,48,44367872.030000,39,0.033723,0,0,NONE,True,True,True,False,False,SMALL,Transportation,Mediterranean,21173398.170000,17327171.450000,999081.620000,7256518.390000,0.000000,0.000000,0.000000,991517.836667,2034846.771667,39,DERIVED_ANALYTICS,1,0.364895,0.079499,LOWER_CREDIT_RISK_SIGNAL,MATERIAL_BUSINESS_SCALE,HIGH_DIGITAL_ENGAGEMENT,34654342.900000,381197.770000,103963.030000,0.000000,83170.420000,14970.680000,6098.150000,256165.910000,3.080012,19945.040000,0.966642,,True,54.590000,True,MEDIUM_PRIORITY,False,"Review collections, payments and liquidity visibility.",Cash Management,10.000000,59,True,CONTACT_DUE,TASK000339,10,AUTHORISED_RELATIONSHIP_MANAGER,False
OPP0003437,SME001692,RM041,POS_MERCHANT_ACQUIRING,0.509684,0.500000,1.000000,89.110000,58,18368052.550000,26,0.029391,0,0,NONE,True,True,True,True,False,SMALL,Hospitality,Marmara,10052464.420000,9271423.350000,4120285.500000,5601750.510000,2751485.380000,0.000000,1394341.510000,355637.668333,1128388.128333,127,DERIVED_ANALYTICS,1,0.321496,0.149858,CROSS_BORDER_ACTIVITY,HIGH_DIGITAL_ENGAGEMENT,LOWER_CREDIT_RISK_SIGNAL,8240571.000000,107127.420000,24721.710000,0.000000,49443.430000,8899.820000,2136.090000,71369.800000,1.443464,10275.320000,0.935870,,True,56.830000,True,MEDIUM_PRIORITY,False,"Discuss merchant collections, settlement speed and acquiring economics.",POS & Merchant Acquiring,20.000000,55,True,CONTACT_DUE,TASK000340,10,AUTHORISED_RELATIONSHIP_MANAGER,False
OPP0003439,SME001694,RM021,POS_MERCHANT_ACQUIRING,0.565826,0.625000,0.714357,49.100000,120,35732853.760000,8,0.038467,0,0,NONE,True,True,True,False,False,MICRO,Healthcare,Marmara,19375009.660000,16922400.440000,11282128.380000,1767510.510000,0.000000,0.000000,0.000000,761320.750000,1114331.840000,146,DERIVED_ANALYTICS,1,0.386932,0.079828,ESTABLISHED_RELATIONSHIP,LOWER_CREDIT_RISK_SIGNAL,MATERIAL_BUSINESS_SCALE,22564256.760000,293335.340000,67692.770000,0.000000,135385.540000,24369.400000,4284.640000,196988.530000,1.455019,15305.220000,0.956187,,True,55.480000,True,MEDIUM_PRIORITY,False,"Discuss merchant collections, settlement speed and acquiring economics.",POS & Merchant Acquiring,18.000000,48,True,CONTACT_DUE,TASK000341,10,AUTHORISED_RELATIONSHIP_MANAGER,False
OPP0005616,SME001697,RM024,BUSINESS_CREDIT_CARD,0.825037,0.750000,1.000000,89.760000,102,289665583.190000,83,0.024411,0,0,NONE,True,True,True,True,False,MEDIUM,Retail Trade,Eastern,170489445.020000,145818258.670000,92495655.170000,20006696.070000,46925505.770000,0.000000,27174976.820000,5628359.231667,18904633.755000,292,DERIVED_ANALYTICS,1,0.712481,0.083918,ESTABLISHED_RELATIONSHIP,CROSS_BORDER_ACTIVITY,HIGH_DIGITAL_ENGAGEMENT,5213980.497420,220551.380000,81546.650000,18175.370000,159547.800000,28718.600000,1682.100000,90428.660000,0.566781,7168.580000,0.916200,,True,72.490000,True,MEDIUM_PRIORITY,True,Review employee spending controls and short-term purchasing needs.,Business Credit Card,1.000000,54,True,CONTACT_DUE,TASK000342,10,AUTHORISED_RELATIONSHIP_MANAGER,False
OPP0003444,SME001700,RM021,POS_MERCHANT_ACQUIRING,0.509810,0.500000,1.000000,69.700000,116,21682717.070000,6,0.029796,0,165,NONE,True,True,True,False,False,MICRO,Healthcare,Marmara,11264905.400000,9355783.410000,5186808.530000,1320876.360000,0.000000,0.000000,0.000000,404188.956667,1367716.336667,108,DERIVED_ANALYTICS,1,0.379834,0.097871,ESTABLISHED_RELATIONSHIP,LOWER_CREDIT_RISK_SIGNAL,MATERIAL_BUSINESS_SCALE,10373617.060000,134857.020000,31120.850000,0.000000,62241.700000,11203.510000,2456.040000,90076.620000,1.447207,8395.870000,0.924445,,True,53.820000,True,MEDIUM_PRIORITY,False,"Discuss merchant collections, settlement speed and acquiring economics.",POS & Merchant Acquiring,20.000000,48,True,CONTACT_DUE,TASK000343,10,AUTHORISED_RELATIONSHIP_MANAGER,False
OPP0007757,SME001713,RM048,PAYROLL_SERVICES,0.932292,0.750000,0.140396,73.960000,55,79387803.050000,172,0.004122,0,0,NONE,True,True,True,True,True,MEDIUM,Wholesale Trade,Eastern,41800363.950000,39199381.620000,1554526.600000,42067739.150000,10038132.830000,8047808.950000,8946781.660000,1476962.113333,3159057.181667,224,DERIVED_ANALYTICS,1,0.727029,0.028517,CROSS_BORDER_ACTIVITY,LOWER_CREDIT_RISK_SIGNAL,STRONG_PRODUCT_NEED_SIGNAL,84135478.300000,1009625.740000,252406.430000,0.000000,201925.150000,36346.530000,13520.320000,707352.460000,3.503043,19751.770000,0.966372,,True,71.240000,True,MEDIUM_PRIORITY,False,Discuss payroll automation and employee banking needs.,Payroll Services,2.000000,64,True,CONTACT_DUE,TASK000344,10,AUTHORISED_RELATIONSHIP_MANAGER,False
OPP0009816,SME001715,RM041,CASH_MANAGEMENT,0.559991,0.750000,0.159059,83.110000,68,18966145.140000,27,0.015953,0,0,NONE,True,True,True,False,True,SMALL,Transportation,Marmara,10673852.630000,9556887.540000,674477.070000,5719694.870000,0.000000,2445956.380000,1073660.630000,385611.415000,873374.051667,8,DERIVED_ANALYTICS,1,0.362250,0.095579,CROSS_BORDER_ACTIVITY,LOWER_CREDIT_RISK_SIGNAL,HIGH_DIGITAL_ENGAGEMENT,19113775.080000,210251.530000,57341.330000,0.000000,45873.060000,8257.150000,3767.070000,140885.980000,3.071214,13045.790000,0.948426,,True,57.090000,True,MEDIUM_PRIORITY,False,"Review collections, payments and liquidity visibility.",Cash Management,18.000000,55,True,CONTACT_DUE,TASK000345,10,AUTHORISED_RELATIONSHIP_MANAGER,False
OPP0003456,SME001717,RM035,POS_MERCHANT_ACQUIRING,0.617267,0.750000,0.671227,32.000000,70,86683561.790000,23,0.065327,30,0,NONE,True,True,True,False,True,SMALL,Hospitality,Central Anatolia,44796816.630000,39043253.880000,29876918.220000,4647147.600000,0.000000,8869376.760000,4628472.380000,1377088.070000,4251936.960000,64,DERIVED_ANALYTICS,1,0.314104,0.038961,CROSS_BORDER_ACTIVITY,ESTABLISHED_RELATIONSHIP,MATERIAL_BUSINESS_SCALE,59753836.440000,776799.870000,179261.510000,0.000000,358523.020000,64534.140000,9863.080000,523141.140000,1.459156,19962.110000,0.966749,,True,52.040000,True,MEDIUM_PRIORITY,False,"Discuss merchant collections, settlement speed and acquiring economics.",POS & Merchant Acquiring,19.000000,59,True,CONTACT_DUE,TASK000346,10,AUTHORISED_RELATIONSHIP_MANAGER,False
OPP0007768,SME001726,RM031,PAYROLL_SERVICES,0.687197,0.625000,1.000000,79.760000,112,16308198.610000,30,0.015794,0,0,NONE,True,True,True,False,False,SMALL,Transportation,Black Sea,8111200.620000,6931954.750000,439506.470000,6799926.840000,0.000000,0.000000,0.000000,386425.581667,573844.810000,22,DERIVED_ANALYTICS,1,0.547383,0.041959,ESTABLISHED_RELATIONSHIP,LOWER_CREDIT_RISK_SIGNAL,HIGH_DIGITAL_ENGAGEMENT,13599853.680000,163198.240000,40799.560000,0.000000,32639.650000,5875.140000,2939.980000,113583.560000,3.479926,4345.870000,0.885697,,True,58.600000,True,MEDIUM_PRIORITY,False,Discuss payroll automation and employee banking needs.,Payroll Services,4.000000,55,True,CONTACT_DUE,TASK000347,10,AUTHORISED_RELATIONSHIP_MANAGER,False
OPP0009824,SME001728,RM010,CASH_MANAGEMENT,0.594904,0.875000,0.070934,80.620000,70,30060889.430000,19,0.043277,0,0,NONE,True,True,True,False,False,SMALL,Technology,Central Anatolia,15498693.640000,13356968.450000,650436.750000,4366562.660000,0.000000,0.000000,0.000000,691816.920000,1240693.598333,107,DERIVED_ANALYTICS,1,0.418107,0.085289,ESTABLISHED_RELATIONSHIP,HIGH_DIGITAL_ENGAGEMENT,LOWER_CREDIT_RISK_SIGNAL,26713936.900000,293853.310000,80141.810000,0.000000,64113.450000,11540.420000,4907.090000,197263.990000,3.076796,16404.440000,0.960282,,True,60.180000,True,MEDIUM_PRIORITY,False,"Review collections, payments and liquidity visibility.",Cash Management,7.000000,58,True,CONTACT_DUE,TASK000348,10,AUTHORISED_RELATIONSHIP_MANAGER,False
OPP0009825,SME001729,RM017,CASH_MANAGEMENT,0.617892,0.750000,0.523489,89.750000,55,25104069.800000,35,0.007199,0,173,NONE,True,True,True,False,False,SMALL,Wholesale Trade,Aegean,12790445.250000,11821894.980000,568462.880000,7935234.820000,0.000000,0.000000,0.000000,520469.268333,927049.975000,26,DERIVED_ANALYTICS,1,0.401856,0.098682,LOWER_CREDIT_RISK_SIGNAL,HIGH_DIGITAL_ENGAGEMENT,MATERIAL_BUSINESS_SCALE,23643789.960000,260081.690000,70931.370000,0.000000,56745.100000,10214.120000,4446.570000,174489.630000,3.074973,16798.960000,0.960983,,True,60.130000,True,MEDIUM_PRIORITY,False,"Review collections, payments and liquidity visibility.",Cash Management,7.000000,60,True,CONTACT_DUE,TASK000349,10,AUTHORISED_RELATIONSHIP_MANAGER,False
OPP0007778,SME001738,RM018,PAYROLL_SERVICES,0.499131,0.750000,1.000000,73.100000,104,30370275.790000,39,0.052042,0,0,NONE,True,True,True,True,False,SMALL,Hospitality,Mediterranean,15773103.680000,13995756.260000,7232644.950000,8565151.470000,4175226.770000,0.000000,1892659.620000,545405.291667,1397589.843333,268,DERIVED_ANALYTICS,1,0.294434,0.116294,ESTABLISHED_RELATIONSHIP,CROSS_BORDER_ACTIVITY,MATERIAL_BUSINESS_SCALE,17130302.940000,205563.640000,51390.910000,0.000000,41112.730000,7400.290000,3469.550000,143302.890000,3.485609,16245.280000,0.959743,,True,55.640000,True,MEDIUM_PRIORITY,False,Discuss payroll automation and employee banking needs.,Payroll Services,6.000000,57,True,CONTACT_DUE,TASK000350,10,AUTHORISED_RELATIONSHIP_MANAGER,False
OPP0003469,SME001740,RM009,POS_MERCHANT_ACQUIRING,0.485654,0.750000,1.000000,65.160000,127,11510473.880000,24,0.036266,0,0,NONE,True,True,True,False,False,SMALL,Retail Trade,Marmara,6254933.580000,5357404.300000,2938814.260000,4695925.350000,0.000000,0.000000,0.000000,218848.655000,505118.591667,64,DERIVED_ANALYTICS,1,0.322869,0.096446,ESTABLISHED_RELATIONSHIP,LOWER_CREDIT_RISK_SIGNAL,MATERIAL_BUSINESS_SCALE,5877628.520000,76409.170000,17632.890000,0.000000,35265.770000,6347.840000,1781.640000,50646.800000,1.436146,4464.680000,0.887368,,True,53.170000,True,MEDIUM_PRIORITY,False,"Discuss merchant collections, settlement speed and acquiring economics.",POS & Merchant Acquiring,34.000000,69,True,CONTACT_DUE,TASK000351,10,AUTHORISED_RELATIONSHIP_MANAGER,False
OPP0009834,SME001741,RM042,CASH_MANAGEMENT,0.621344,0.750000,1.000000,94.890000,7,20335639.580000,22,0.032388,0,0,NONE,True,True,True,False,False,SMALL,Construction,Mediterranean,11891297.100000,9791599.350000,689846.340000,5059578.420000,0.000000,0.000000,0.000000,460716.508333,855881.776667,84,DERIVED_ANALYTICS,1,0.379383,0.080813,HIGH_DIGITAL_ENGAGEMENT,LOWER_CREDIT_RISK_SIGNAL,MATERIAL_BUSINESS_SCALE,19583198.700000,215415.190000,58749.600000,0.000000,46999.680000,8459.940000,3837.480000,144368.170000,3.071684,11246.810000,0.940343,,True,57.510000,True,MEDIUM_PRIORITY,False,"Review collections, payments and liquidity visibility.",Cash Management,5.000000,49,True,CONTACT_DUE,TASK000352,10,AUTHORISED_RELATIONSHIP_MANAGER,False
OPP0009837,SME001746,RM005,CASH_MANAGEMENT,0.673613,0.750000,0.114988,91.600000,21,38303511.950000,26,0.033614,0,0,NONE,True,True,True,False,False,SMALL,Agriculture,Eastern,19084580.820000,18115704.190000,1004471.160000,5450517.610000,0.000000,0.000000,0.000000,749559.766667,1681030.405000,111,DERIVED_ANALYTICS,1,0.450405,0.083784,HIGH_DIGITAL_ENGAGEMENT,LOWER_CREDIT_RISK_SIGNAL,MATERIAL_BUSINESS_SCALE,36231408.380000,398545.490000,108694.230000,0.000000,86955.380000,15651.970000,6334.710000,267864.580000,3.080483,22022.660000,0.970791,,True,61.750000,True,MEDIUM_PRIORITY,False,"Review collections, payments and liquidity visibility.",Cash Management,3.000000,59,True,CONTACT_DUE,TASK000353,10,AUTHORISED_RELATIONSHIP_MANAGER,False
OPP0009841,SME001750,RM014,CASH_MANAGEMENT,0.519742,0.500000,1.000000,54.380000,131,42295542.160000,35,0.025509,0,0,NONE,True,True,True,True,False,SMALL,Professional Services,Eastern,24900435.890000,21516767.220000,1375831.300000,6379367.150000,7158072.780000,0.000000,4186152.380000,752650.890000,2815166.520000,26,DERIVED_ANALYTICS,1,0.327729,0.095457,ESTABLISHED_RELATIONSHIP,CROSS_BORDER_ACTIVITY,LOWER_CREDIT_RISK_SIGNAL,43033534.440000,473368.880000,129100.600000,0.000000,103280.480000,18590.490000,7355.030000,318322.760000,3.082119,29966.180000,0.980707,,True,53.170000,True,MEDIUM_PRIORITY,False,"Review collections, payments and liquidity visibility.",Cash Management,5.000000,69,True,CONTACT_DUE,TASK000354,10,AUTHORISED_RELATIONSHIP_MANAGER,False
OPP0007786,SME001751,RM029,PAYROLL_SERVICES,0.595523,0.750000,1.000000,75.960000,94,289201487.160000,217,0.015113,0,0,NONE,True,True,True,True,False,MEDIUM,Professional Services,Marmara,152115297.470000,136807018.860000,7164987.700000,44581602.800000,35708488.890000,0.000000,18312186.490000,6381588.285000,17163535.861667,156,DERIVED_ANALYTICS,1,0.432955,0.056883,ESTABLISHED_RELATIONSHIP,CROSS_BORDER_ACTIVITY,LOWER_CREDIT_RISK_SIGNAL,89163205.600000,1069958.470000,267489.620000,0.000000,213991.690000,38518.500000,14274.480000,749675.870000,3.503294,42223.720000,0.988198,,True,57.360000,True,MEDIUM_PRIORITY,False,Discuss payroll automation and employee banking needs.,Payroll Services,21.000000,56,True,CONTACT_DUE,TASK000355,10,AUTHORISED_RELATIONSHIP_MANAGER,False
OPP0009843,SME001755,RM028,CASH_MANAGEMENT,0.606105,0.750000,0.499658,73.660000,20,41641655.740000,43,0.055475,60,64,NONE,True,True,True,False,False,SMALL,Construction,Eastern,23252576.290000,22115888.860000,1467282.480000,9182244.610000,0.000000,0.000000,0.000000,692809.936667,2882710.713333,154,DERIVED_ANALYTICS,1,0.338857,0.062762,MATERIAL_BUSINESS_SCALE,HIGH_DIGITAL_ENGAGEMENT,LOWER_CREDIT_RISK_SIGNAL,44231777.720000,486549.550000,132695.330000,0.000000,106156.270000,19108.130000,7534.770000,327211.320000,3.082355,20116.520000,0.967019,,True,54.730000,True,MEDIUM_PRIORITY,False,"Review collections, payments and liquidity visibility.",Cash Management,6.000000,66,True,CONTACT_DUE,TASK000356,10,AUTHORISED_RELATIONSHIP_MANAGER,False
OPP0009846,SME001761,RM001,CASH_MANAGEMENT,0.581305,0.750000,0.028437,79.300000,90,27500723.570000,5,0.038709,0,0,NONE,True,True,True,False,False,MICRO,Manufacturing,Mediterranean,15144006.030000,13479553.040000,894205.960000,1112585.520000,0.000000,0.000000,0.000000,662023.510000,1230238.358333,77,DERIVED_ANALYTICS,1,0.372913,0.092108,ESTABLISHED_RELATIONSHIP,LOWER_CREDIT_RISK_SIGNAL,HIGH_DIGITAL_ENGAGEMENT,26959106.080000,296550.170000,80877.320000,0.000000,64701.850000,11646.330000,4943.870000,199082.650000,3.076924,17917.080000,0.963354,,True,57.850000,True,MEDIUM_PRIORITY,False,"Review collections, payments and liquidity visibility.",Cash Management,5.000000,49,True,CONTACT_DUE,TASK000357,10,AUTHORISED_RELATIONSHIP_MANAGER,False
OPP0009847,SME001763,RM003,CASH_MANAGEMENT,0.646162,0.750000,0.152870,95.440000,74,25845894.980000,8,0.053103,0,0,NONE,True,False,True,False,False,MICRO,Transportation,Black Sea,12840239.770000,11481156.980000,445454.400000,1915751.820000,0.000000,0.000000,0.000000,504593.776667,1185412.516667,24,DERIVED_ANALYTICS,1,0.457847,0.038869,HIGH_DIGITAL_ENGAGEMENT,ESTABLISHED_RELATIONSHIP,MATERIAL_BUSINESS_SCALE,22962313.960000,252585.450000,68886.940000,0.000000,55109.550000,9919.720000,4344.350000,169434.440000,3.074502,6165.810000,0.907146,,True,56.190000,True,MEDIUM_PRIORITY,False,"Review collections, payments and liquidity visibility.",Cash Management,1.000000,52,True,CONTACT_DUE,TASK000358,10,AUTHORISED_RELATIONSHIP_MANAGER,False
OPP0009850,SME001767,RM022,CASH_MANAGEMENT,0.643870,1.000000,0.000000,75.780000,129,52253365.450000,21,0.026526,0,0,NONE,True,True,True,False,False,SMALL,Wholesale Trade,Central Anatolia,29315541.390000,25464696.190000,2016270.040000,4621789.950000,0.000000,0.000000,0.000000,1092914.176667,2752968.745000,150,DERIVED_ANALYTICS,1,0.491890,0.043161,ESTABLISHED_RELATIONSHIP,LOWER_CREDIT_RISK_SIGNAL,MATERIAL_BUSINESS_SCALE,50929392.380000,560223.320000,152788.180000,0.000000,122230.540000,22001.500000,8539.410000,376894.230000,3.083470,15847.040000,0.958288,,True,61.040000,True,MEDIUM_PRIORITY,False,"Review collections, payments and liquidity visibility.",Cash Management,3.000000,46,True,CONTACT_DUE,TASK000359,10,AUTHORISED_RELATIONSHIP_MANAGER,False
OPP0007801,SME001770,RM041,PAYROLL_SERVICES,0.862395,0.750000,1.000000,31.070000,56,133777992.330000,246,0.032283,0,118,NONE,True,True,True,True,True,MEDIUM,Professional Services,Marmara,73455146.200000,62905413.610000,2563321.040000,49966078.060000,17098860.470000,16199582.050000,20376168.280000,2635489.610000,7125080.265000,58,DERIVED_ANALYTICS,1,0.537535,0.023902,CROSS_BORDER_ACTIVITY,STRONG_PRODUCT_NEED_SIGNAL,MATERIAL_BUSINESS_SCALE,99932156.120000,1199185.870000,299796.470000,0.000000,239837.170000,43170.690000,15889.820000,840328.890000,3.503748,19665.300000,0.966156,,True,63.220000,True,MEDIUM_PRIORITY,False,Discuss payroll automation and employee banking needs.,Payroll Services,10.000000,55,True,CONTACT_DUE,TASK000360,10,AUTHORISED_RELATIONSHIP_MANAGER,False
OPP0003496,SME001774,RM003,POS_MERCHANT_ACQUIRING,0.565432,0.750000,1.000000,70.920000,133,59768973.230000,26,0.022060,0,29,NONE,True,True,True,False,False,SMALL,Hospitality,Black Sea,32133952.840000,27019298.960000,15726180.440000,4896900.710000,0.000000,0.000000,0.000000,1369934.920000,2533568.696667,6,DERIVED_ANALYTICS,1,0.411255,0.039788,ESTABLISHED_RELATIONSHIP,LOWER_CREDIT_RISK_SIGNAL,MATERIAL_BUSINESS_SCALE,31452360.880000,408880.690000,94357.080000,0.000000,188714.170000,33968.550000,5617.850000,274937.210000,1.456898,10519.270000,0.937433,,True,53.550000,True,MEDIUM_PRIORITY,False,"Discuss merchant collections, settlement speed and acquiring economics.",POS & Merchant Acquiring,3.000000,52,True,CONTACT_DUE,TASK000361,10,AUTHORISED_RELATIONSHIP_MANAGER,False
OPP0009863,SME001788,RM029,CASH_MANAGEMENT,0.562112,0.750000,0.734356,91.760000,66,12978289.560000,8,0.053039,5,0,NONE,True,True,True,True,False,MICRO,Technology,Marmara,7063527.360000,6586707.220000,309928.250000,1938374.030000,1946962.270000,0.000000,1087513.750000,285549.620000,724863.046667,118,DERIVED_ANALYTICS,1,0.371043,0.132362,CROSS_BORDER_ACTIVITY,HIGH_DIGITAL_ENGAGEMENT,ESTABLISHED_RELATIONSHIP,13173414.440000,144907.560000,39520.240000,0.000000,31616.190000,5690.910000,2876.010000,96820.400000,3.062368,12395.390000,0.945139,,True,60.660000,True,MEDIUM_PRIORITY,False,"Review collections, payments and liquidity visibility.",Cash Management,12.000000,56,True,CONTACT_DUE,TASK000362,10,AUTHORISED_RELATIONSHIP_MANAGER,False
OPP0003509,SME001789,RM038,POS_MERCHANT_ACQUIRING,0.566278,0.750000,1.000000,85.510000,100,23070117.990000,4,0.050191,0,69,NONE,True,False,True,False,True,MICRO,Retail Trade,Aegean,13686046.260000,11644062.220000,6773651.090000,868821.620000,0.000000,3175168.080000,1896528.980000,437532.821667,906873.170000,219,DERIVED_ANALYTICS,1,0.387370,0.135897,ESTABLISHED_RELATIONSHIP,CROSS_BORDER_ACTIVITY,HIGH_DIGITAL_ENGAGEMENT,13547302.180000,176114.930000,40641.910000,0.000000,81283.810000,14631.090000,2932.100000,117909.830000,1.450594,15603.580000,0.957372,,True,61.820000,True,MEDIUM_PRIORITY,False,"Discuss merchant collections, settlement speed and acquiring economics.",POS & Merchant Acquiring,4.000000,62,True,CONTACT_DUE,TASK000363,10,AUTHORISED_RELATIONSHIP_MANAGER,False
OPP0009870,SME001798,RM009,CASH_MANAGEMENT,0.812044,0.750000,1.000000,59.140000,132,298976060.150000,216,0.008806,0,0,NONE,True,True,True,True,False,MEDIUM,Professional Services,Marmara,151567714.690000,132785474.600000,9710088.150000,47126728.060000,44116948.380000,0.000000,26630952.350000,5739935.853333,17537354.426667,192,DERIVED_ANALYTICS,1,0.634894,0.042061,ESTABLISHED_RELATIONSHIP,CROSS_BORDER_ACTIVITY,LOWER_CREDIT_RISK_SIGNAL,250000000.000000,2750000.000000,750000.000000,0.000000,600000.000000,108000.000000,38400.000000,1853600.000000,3.089333,77544.660000,0.996659,,True,67.410000,True,MEDIUM_PRIORITY,False,"Review collections, payments and liquidity visibility.",Cash Management,7.000000,69,True,CONTACT_DUE,TASK000364,10,AUTHORISED_RELATIONSHIP_MANAGER,False
OPP0009873,SME001802,RM045,CASH_MANAGEMENT,0.638837,0.875000,1.000000,44.340000,133,124496241.060000,103,0.016195,0,0,NONE,True,False,True,False,True,MEDIUM,Transportation,Aegean,63961451.640000,59266946.490000,3157715.850000,22279939.550000,0.000000,15918212.410000,10325911.320000,2252224.940000,7384764.101667,143,DERIVED_ANALYTICS,1,0.463780,0.032041,ESTABLISHED_RELATIONSHIP,CROSS_BORDER_ACTIVITY,LOWER_CREDIT_RISK_SIGNAL,118533892.980000,1303872.820000,355601.680000,0.000000,284481.340000,51206.640000,18680.080000,878384.420000,3.087670,27724.540000,0.978066,,True,58.130000,True,MEDIUM_PRIORITY,False,"Review collections, payments and liquidity visibility.",Cash Management,12.000000,46,True,CONTACT_DUE,TASK000365,10,AUTHORISED_RELATIONSHIP_MANAGER,False
OPP0009874,SME001804,RM046,CASH_MANAGEMENT,0.549414,0.625000,1.000000,79.660000,86,20334908.030000,27,0.010881,0,0,NONE,True,True,True,True,False,SMALL,Wholesale Trade,Mediterranean,10503161.670000,9309821.580000,486665.690000,5852760.400000,3108213.670000,0.000000,1957961.950000,306083.901667,796986.235000,83,DERIVED_ANALYTICS,1,0.345696,0.091302,ESTABLISHED_RELATIONSHIP,CROSS_BORDER_ACTIVITY,LOWER_CREDIT_RISK_SIGNAL,18619643.160000,204816.070000,55858.930000,0.000000,44687.140000,8043.690000,3692.950000,137220.500000,3.070693,12108.530000,0.943792,,True,54.600000,True,MEDIUM_PRIORITY,False,"Review collections, payments and liquidity visibility.",Cash Management,9.000000,63,True,CONTACT_DUE,TASK000366,10,AUTHORISED_RELATIONSHIP_MANAGER,False
OPP0003525,SME001809,RM048,POS_MERCHANT_ACQUIRING,0.567664,0.750000,1.000000,54.670000,59,14463707.300000,33,0.019783,0,0,LOW,True,True,True,False,False,SMALL,Healthcare,Eastern,8552651.700000,7947759.440000,5253523.540000,7319245.270000,0.000000,0.000000,0.000000,351617.066667,552112.298333,292,DERIVED_ANALYTICS,1,0.366475,0.102512,LOWER_CREDIT_RISK_SIGNAL,MATERIAL_BUSINESS_SCALE,ESTABLISHED_RELATIONSHIP,10507047.080000,136591.610000,31521.140000,0.000000,63042.280000,11347.610000,2476.060000,91246.800000,1.447391,8933.900000,0.927948,,True,57.640000,True,MEDIUM_PRIORITY,False,"Discuss merchant collections, settlement speed and acquiring economics.",POS & Merchant Acquiring,7.000000,64,True,CONTACT_DUE,TASK000367,10,AUTHORISED_RELATIONSHIP_MANAGER,False
OPP0007831,SME001817,RM028,PAYROLL_SERVICES,0.566557,0.500000,1.000000,70.510000,114,20666179.770000,41,0.025322,0,0,NONE,True,True,True,True,False,SMALL,Agriculture,Eastern,11624120.260000,10784184.230000,699778.940000,8012242.360000,4126485.320000,0.000000,2135349.410000,433534.403333,1404579.431667,260,DERIVED_ANALYTICS,1,0.402299,0.120786,ESTABLISHED_RELATIONSHIP,CROSS_BORDER_ACTIVITY,LOWER_CREDIT_RISK_SIGNAL,16024484.720000,192293.820000,48073.450000,0.000000,38458.760000,6922.580000,3303.670000,133994.120000,3.484099,15764.550000,0.957696,,True,58.450000,True,MEDIUM_PRIORITY,False,Discuss payroll automation and employee banking needs.,Payroll Services,5.000000,66,True,CONTACT_DUE,TASK000368,10,AUTHORISED_RELATIONSHIP_MANAGER,False
OPP0003532,SME001818,RM010,POS_MERCHANT_ACQUIRING,0.489190,1.000000,0.000000,55.100000,114,23550310.260000,15,0.038718,30,2,NONE,True,True,True,False,False,SMALL,Retail Trade,Central Anatolia,11363933.080000,9878945.890000,5332339.600000,3016829.910000,0.000000,0.000000,0.000000,452937.463333,1260039.136667,73,DERIVED_ANALYTICS,1,0.313099,0.076462,ESTABLISHED_RELATIONSHIP,LOWER_CREDIT_RISK_SIGNAL,MATERIAL_BUSINESS_SCALE,10664679.200000,138640.830000,31994.040000,0.000000,63988.080000,11517.850000,2499.700000,92629.240000,1.447601,6662.580000,0.911511,,True,54.070000,True,MEDIUM_PRIORITY,False,"Discuss merchant collections, settlement speed and acquiring economics.",POS & Merchant Acquiring,14.000000,58,True,CONTACT_DUE,TASK000369,10,AUTHORISED_RELATIONSHIP_MANAGER,False
OPP0009882,SME001820,RM019,CASH_MANAGEMENT,0.666911,0.750000,1.000000,51.460000,42,128281790.520000,139,0.025755,0,0,NONE,True,False,True,True,False,MEDIUM,Manufacturing,Aegean,61935536.950000,54159719.880000,3437895.070000,25140723.940000,21278655.950000,0.000000,10411257.510000,2158336.483333,6798627.431667,14,DERIVED_ANALYTICS,1,0.378162,0.126115,CROSS_BORDER_ACTIVITY,LOWER_CREDIT_RISK_SIGNAL,MATERIAL_BUSINESS_SCALE,108319439.760000,1191513.840000,324958.320000,0.000000,259966.660000,46794.000000,17147.920000,802613.600000,3.087371,100801.830000,0.998599,,True,63.600000,True,MEDIUM_PRIORITY,False,"Review collections, payments and liquidity visibility.",Cash Management,6.000000,70,True,CONTACT_DUE,TASK000370,10,AUTHORISED_RELATIONSHIP_MANAGER,False
OPP0009883,SME001821,RM032,CASH_MANAGEMENT,0.511535,0.625000,0.542381,81.950000,118,12133195.700000,8,0.049977,0,0,NONE,True,True,True,False,False,MICRO,Construction,Aegean,7093274.750000,6622837.530000,344165.140000,1885515.420000,0.000000,0.000000,0.000000,175139.131667,653683.376667,140,DERIVED_ANALYTICS,1,0.334678,0.095830,ESTABLISHED_RELATIONSHIP,HIGH_DIGITAL_ENGAGEMENT,LOWER_CREDIT_RISK_SIGNAL,13245675.060000,145702.430000,39737.030000,0.000000,31789.620000,5722.130000,2886.850000,97356.420000,3.062522,8909.670000,0.927678,,True,53.540000,True,MEDIUM_PRIORITY,False,"Review collections, payments and liquidity visibility.",Cash Management,18.000000,50,True,CONTACT_DUE,TASK000371,10,AUTHORISED_RELATIONSHIP_MANAGER,False
OPP0009884,SME001823,RM038,CASH_MANAGEMENT,0.569692,0.625000,1.000000,63.230000,88,46989818.020000,21,0.019998,60,0,NONE,True,False,True,False,True,SMALL,Agriculture,Aegean,24356676.310000,22675317.920000,1180679.210000,5160644.690000,0.000000,6314928.370000,3651978.100000,624794.433333,1515963.243333,155,DERIVED_ANALYTICS,1,0.344036,0.075139,ESTABLISHED_RELATIONSHIP,CROSS_BORDER_ACTIVITY,LOWER_CREDIT_RISK_SIGNAL,45350635.840000,498856.990000,136051.910000,0.000000,108841.530000,19591.480000,7702.600000,335511.000000,3.082564,24790.030000,0.974348,,True,54.090000,True,MEDIUM_PRIORITY,False,"Review collections, payments and liquidity visibility.",Cash Management,12.000000,62,True,CONTACT_DUE,TASK000372,10,AUTHORISED_RELATIONSHIP_MANAGER,False
OPP0007841,SME001831,RM006,PAYROLL_SERVICES,0.616254,0.625000,1.000000,65.560000,12,16764985.400000,32,0.028007,5,0,NONE,True,True,True,False,True,SMALL,Agriculture,Aegean,9212887.460000,8866739.070000,520581.780000,7598047.380000,0.000000,2158582.740000,1078299.290000,327799.831667,858199.380000,101,DERIVED_ANALYTICS,1,0.319612,0.079613,CROSS_BORDER_ACTIVITY,LOWER_CREDIT_RISK_SIGNAL,MATERIAL_BUSINESS_SCALE,15196094.760000,182353.140000,45588.280000,0.000000,36470.630000,6564.710000,3179.410000,127020.740000,3.482823,9692.480000,0.932798,,True,53.990000,True,MEDIUM_PRIORITY,False,Discuss payroll automation and employee banking needs.,Payroll Services,17.000000,63,True,CONTACT_DUE,TASK000373,10,AUTHORISED_RELATIONSHIP_MANAGER,False
OPP0009892,SME001837,RM048,CASH_MANAGEMENT,0.841620,0.500000,0.931825,70.990000,135,171377149.100000,58,0.024465,15,0,NONE,True,True,True,False,True,MEDIUM,Manufacturing,Eastern,95705425.680000,81526380.170000,4929435.180000,12617310.960000,0.000000,21523160.600000,11644540.930000,2967692.470000,8852386.241667,71,DERIVED_ANALYTICS,1,0.733538,0.024685,ESTABLISHED_RELATIONSHIP,CROSS_BORDER_ACTIVITY,LOWER_CREDIT_RISK_SIGNAL,163052760.340000,1793580.360000,489158.280000,0.000000,391326.620000,70438.790000,25357.910000,1208625.380000,3.088534,29414.890000,0.980060,,True,66.850000,True,MEDIUM_PRIORITY,False,"Review collections, payments and liquidity visibility.",Cash Management,4.000000,64,True,CONTACT_DUE,TASK000374,10,AUTHORISED_RELATIONSHIP_MANAGER,False
OPP0003546,SME001840,RM029,POS_MERCHANT_ACQUIRING,0.480706,0.875000,1.000000,58.970000,55,10060442.200000,3,0.053159,5,0,NONE,True,True,True,True,False,MICRO,Healthcare,Marmara,5316429.440000,4540907.020000,2594177.840000,626290.320000,1810971.890000,0.000000,814246.380000,262502.660000,282090.381667,67,DERIVED_ANALYTICS,1,0.259860,0.113355,CROSS_BORDER_ACTIVITY,LOWER_CREDIT_RISK_SIGNAL,MATERIAL_BUSINESS_SCALE,5188355.680000,67448.620000,15565.070000,0.000000,31130.130000,5603.420000,1678.250000,44601.880000,1.432756,4635.840000,0.889955,,True,53.860000,True,MEDIUM_PRIORITY,False,"Discuss merchant collections, settlement speed and acquiring economics.",POS & Merchant Acquiring,31.000000,56,True,CONTACT_DUE,TASK000375,10,AUTHORISED_RELATIONSHIP_MANAGER,False
OPP0009897,SME001847,RM035,CASH_MANAGEMENT,0.528387,0.875000,0.293395,82.890000,88,13659569.910000,6,0.030394,0,0,NONE,True,True,True,False,False,MICRO,Transportation,Central Anatolia,8466101.630000,8068115.880000,346161.110000,1255886.240000,0.000000,0.000000,0.000000,217753.343333,642069.148333,213,DERIVED_ANALYTICS,1,0.362013,0.075294,ESTABLISHED_RELATIONSHIP,LOWER_CREDIT_RISK_SIGNAL,HIGH_DIGITAL_ENGAGEMENT,16136231.760000,177498.550000,48408.700000,0.000000,38726.960000,6970.850000,3320.430000,118798.570000,3.067593,8524.820000,0.925469,,True,55.390000,True,MEDIUM_PRIORITY,False,"Review collections, payments and liquidity visibility.",Cash Management,13.000000,59,True,CONTACT_DUE,TASK000376,10,AUTHORISED_RELATIONSHIP_MANAGER,False
OPP0009899,SME001849,RM017,CASH_MANAGEMENT,0.566996,1.000000,0.000000,39.970000,10,106239362.300000,49,0.008638,0,0,NONE,True,True,True,True,False,SMALL,Technology,Aegean,44872493.760000,39612205.330000,2290954.750000,11141263.580000,14311079.590000,0.000000,7808320.800000,1549678.316667,5876332.870000,141,DERIVED_ANALYTICS,1,0.229193,0.103456,CROSS_BORDER_ACTIVITY,LOWER_CREDIT_RISK_SIGNAL,MATERIAL_BUSINESS_SCALE,79224410.660000,871468.520000,237673.230000,0.000000,190138.590000,34224.950000,12783.660000,586786.680000,3.086100,60286.480000,0.994503,,True,57.020000,True,MEDIUM_PRIORITY,False,"Review collections, payments and liquidity visibility.",Cash Management,9.000000,60,True,CONTACT_DUE,TASK000377,10,AUTHORISED_RELATIONSHIP_MANAGER,False
OPP0003552,SME001850,RM041,POS_MERCHANT_ACQUIRING,0.558169,0.750000,0.670232,66.490000,74,22457772.180000,7,0.034782,5,0,NONE,True,True,True,False,False,MICRO,Healthcare,Marmara,11333872.780000,10307487.040000,6139002.790000,1380882.100000,0.000000,0.000000,0.000000,451411.811667,1176791.520000,42,DERIVED_ANALYTICS,1,0.374939,0.092663,ESTABLISHED_RELATIONSHIP,LOWER_CREDIT_RISK_SIGNAL,MATERIAL_BUSINESS_SCALE,12278005.580000,159614.070000,36834.020000,0.000000,73668.030000,13260.250000,2741.700000,106778.100000,1.449450,9474.370000,0.931612,,True,56.890000,True,MEDIUM_PRIORITY,False,"Discuss merchant collections, settlement speed and acquiring economics.",POS & Merchant Acquiring,19.000000,55,True,CONTACT_DUE,TASK000378,10,AUTHORISED_RELATIONSHIP_MANAGER,False
OPP0003556,SME001854,RM021,POS_MERCHANT_ACQUIRING,0.524322,1.000000,0.000000,59.580000,96,14181782.250000,2,0.052203,0,0,NONE,True,True,True,True,False,MICRO,Retail Trade,Marmara,8936600.360000,8113359.170000,4778492.620000,368488.730000,2927615.520000,0.000000,1557969.690000,291005.706667,720881.995000,139,DERIVED_ANALYTICS,1,0.296255,0.117180,ESTABLISHED_RELATIONSHIP,CROSS_BORDER_ACTIVITY,MATERIAL_BUSINESS_SCALE,9556985.240000,124240.810000,28670.960000,0.000000,57341.910000,10321.540000,2333.550000,82914.760000,1.445971,9295.960000,0.930373,,True,58.310000,True,MEDIUM_PRIORITY,False,"Discuss merchant collections, settlement speed and acquiring economics.",POS & Merchant Acquiring,14.000000,48,True,CONTACT_DUE,TASK000379,10,AUTHORISED_RELATIONSHIP_MANAGER,False
OPP0009907,SME001858,RM045,CASH_MANAGEMENT,0.666160,0.875000,0.182457,98.850000,63,25811773.830000,10,0.034391,0,0,NONE,True,True,True,True,False,SMALL,Manufacturing,Aegean,15094453.520000,13647367.320000,668060.370000,1864426.440000,4531398.120000,0.000000,2556959.630000,642957.478333,1035304.658333,191,DERIVED_ANALYTICS,1,0.470187,0.244846,CROSS_BORDER_ACTIVITY,HIGH_DIGITAL_ENGAGEMENT,LOWER_CREDIT_RISK_SIGNAL,27294734.640000,300242.080000,81884.200000,0.000000,65507.360000,11791.320000,4994.210000,201572.350000,3.077095,48934.220000,0.991108,,True,74.290000,True,MEDIUM_PRIORITY,False,"Review collections, payments and liquidity visibility.",Cash Management,2.000000,46,True,CONTACT_DUE,TASK000380,10,AUTHORISED_RELATIONSHIP_MANAGER,False
OPP0007861,SME001860,RM024,PAYROLL_SERVICES,0.533731,0.625000,1.000000,92.930000,27,358393587.490000,185,0.026370,0,0,NONE,True,True,True,True,False,MEDIUM,Agriculture,Eastern,172700387.490000,153355995.710000,6293528.690000,38973080.670000,35462482.320000,0.000000,19716127.650000,5628436.498333,14530504.136667,9,DERIVED_ANALYTICS,1,0.352211,0.060713,CROSS_BORDER_ACTIVITY,HIGH_DIGITAL_ENGAGEMENT,MATERIAL_BUSINESS_SCALE,77946161.340000,935353.940000,233838.480000,0.000000,187070.790000,33672.740000,12591.920000,655250.800000,3.502689,39362.020000,0.986635,,True,52.490000,True,MEDIUM_PRIORITY,False,Discuss payroll automation and employee banking needs.,Payroll Services,8.000000,54,True,CONTACT_DUE,TASK000381,10,AUTHORISED_RELATIONSHIP_MANAGER,False
OPP0003563,SME001863,RM030,POS_MERCHANT_ACQUIRING,0.546231,0.875000,0.398621,72.110000,125,31532349.190000,12,0.072354,0,0,LOW,True,True,True,False,False,SMALL,Healthcare,Central Anatolia,15841226.390000,13435345.900000,7750363.640000,2264913.530000,0.000000,0.000000,0.000000,381548.480000,1601863.911667,49,DERIVED_ANALYTICS,1,0.438414,0.119269,ESTABLISHED_RELATIONSHIP,MATERIAL_BUSINESS_SCALE,HIGH_DIGITAL_ENGAGEMENT,15500727.280000,201509.450000,46502.180000,0.000000,93004.360000,16740.780000,3225.110000,135041.380000,1.451990,15686.200000,0.957588,,True,62.770000,True,MEDIUM_PRIORITY,False,"Discuss merchant collections, settlement speed and acquiring economics.",POS & Merchant Acquiring,8.000000,46,True,CONTACT_DUE,TASK000382,10,AUTHORISED_RELATIONSHIP_MANAGER,False
OPP0007868,SME001871,RM002,PAYROLL_SERVICES,0.686612,0.750000,0.296668,89.160000,103,12473543.920000,28,0.040113,0,0,NONE,True,False,True,False,True,SMALL,Retail Trade,Marmara,6986402.200000,6543392.540000,2967346.240000,6628443.100000,0.000000,1835863.860000,1280070.430000,257381.215000,702576.956667,20,DERIVED_ANALYTICS,1,0.520357,0.124803,ESTABLISHED_RELATIONSHIP,CROSS_BORDER_ACTIVITY,HIGH_DIGITAL_ENGAGEMENT,13256886.200000,159082.630000,39770.660000,0.000000,31816.530000,5726.980000,2888.530000,110696.460000,3.479212,13395.290000,0.949289,,True,67.580000,True,MEDIUM_PRIORITY,False,Discuss payroll automation and employee banking needs.,Payroll Services,5.000000,57,True,CONTACT_DUE,TASK000383,10,AUTHORISED_RELATIONSHIP_MANAGER,False
OPP0009916,SME001873,RM042,CASH_MANAGEMENT,0.506423,0.750000,0.132680,81.280000,81,12070325.490000,13,0.021578,0,4,NONE,True,True,True,True,True,SMALL,Professional Services,Mediterranean,6591161.700000,5520676.920000,306106.920000,2536414.370000,1967102.190000,1737940.270000,2175062.240000,248500.446667,650963.705000,91,DERIVED_ANALYTICS,1,0.314079,0.099075,CROSS_BORDER_ACTIVITY,ESTABLISHED_RELATIONSHIP,LOWER_CREDIT_RISK_SIGNAL,11041353.840000,121454.890000,33124.060000,0.000000,26499.250000,4769.860000,2556.200000,81004.770000,3.056870,7605.580000,0.919595,,True,54.160000,True,MEDIUM_PRIORITY,False,"Review collections, payments and liquidity visibility.",Cash Management,9.000000,49,True,CONTACT_DUE,TASK000384,10,AUTHORISED_RELATIONSHIP_MANAGER,False
OPP0009918,SME001875,RM025,CASH_MANAGEMENT,0.573314,0.875000,1.000000,79.490000,116,25355769.560000,28,0.032826,0,0,NONE,True,True,True,True,False,SMALL,Wholesale Trade,Black Sea,13846918.860000,12565730.930000,646511.880000,6022451.770000,3806852.810000,0.000000,2222340.330000,509064.491667,1603385.873333,26,DERIVED_ANALYTICS,1,0.378631,0.053560,ESTABLISHED_RELATIONSHIP,CROSS_BORDER_ACTIVITY,LOWER_CREDIT_RISK_SIGNAL,25131461.860000,276446.080000,75394.390000,0.000000,60315.510000,10856.790000,4669.720000,185525.180000,3.075912,9516.820000,0.931990,,True,55.080000,True,MEDIUM_PRIORITY,False,"Review collections, payments and liquidity visibility.",Cash Management,3.000000,55,True,CONTACT_DUE,TASK000385,10,AUTHORISED_RELATIONSHIP_MANAGER,False
OPP0009919,SME001877,RM004,CASH_MANAGEMENT,0.552447,0.625000,1.000000,63.880000,67,41196791.410000,41,0.010648,5,0,NONE,True,True,True,True,True,SMALL,Healthcare,Central Anatolia,20188857.140000,17389957.160000,11334247.380000,8611399.030000,6609654.830000,4077183.180000,6696181.840000,623849.033333,1575169.701667,2,DERIVED_ANALYTICS,1,0.329939,0.145686,CROSS_BORDER_ACTIVITY,LOWER_CREDIT_RISK_SIGNAL,ESTABLISHED_RELATIONSHIP,34779914.320000,382579.060000,104339.740000,0.000000,83471.790000,15024.920000,6116.990000,257097.410000,3.080051,37035.560000,0.985396,,True,59.810000,True,MEDIUM_PRIORITY,False,"Review collections, payments and liquidity visibility.",Cash Management,4.000000,59,True,CONTACT_DUE,TASK000386,10,AUTHORISED_RELATIONSHIP_MANAGER,False
OPP0007879,SME001888,RM012,PAYROLL_SERVICES,0.934787,0.625000,1.000000,72.590000,31,87669985.110000,178,0.034289,0,0,NONE,True,False,True,True,True,MEDIUM,Manufacturing,Central Anatolia,45290361.010000,39825033.570000,2437587.210000,39259016.820000,16625069.770000,11101121.900000,17067295.490000,1659394.245000,5451142.128333,21,DERIVED_ANALYTICS,1,0.695713,0.099475,CROSS_BORDER_ACTIVITY,STRONG_PRODUCT_NEED_SIGNAL,MATERIAL_BUSINESS_SCALE,78518033.640000,942216.400000,235554.100000,0.000000,188443.280000,33919.790000,12677.710000,660064.800000,3.502724,65239.810000,0.995204,,True,75.940000,True,MEDIUM_PRIORITY,False,Discuss payroll automation and employee banking needs.,Payroll Services,1.000000,50,True,CONTACT_DUE,TASK000387,10,AUTHORISED_RELATIONSHIP_MANAGER,False
OPP0007881,SME001891,RM044,PAYROLL_SERVICES,0.535085,0.625000,1.000000,41.650000,17,16310347.470000,25,0.022186,0,0,NONE,True,False,True,True,False,SMALL,Healthcare,Eastern,9329234.170000,8054313.210000,4567153.460000,5942815.790000,2004390.500000,0.000000,1243740.150000,355877.173333,494029.331667,23,DERIVED_ANALYTICS,1,0.250493,0.107452,CROSS_BORDER_ACTIVITY,LOWER_CREDIT_RISK_SIGNAL,MATERIAL_BUSINESS_SCALE,11885631.580000,142627.580000,35656.890000,0.000000,28525.520000,5134.590000,2682.840000,99153.260000,3.475949,10234.170000,0.935493,,True,52.550000,True,MEDIUM_PRIORITY,False,Discuss payroll automation and employee banking needs.,Payroll Services,8.000000,50,True,CONTACT_DUE,TASK000388,10,AUTHORISED_RELATIONSHIP_MANAGER,False
OPP0009930,SME001894,RM029,CASH_MANAGEMENT,0.634558,0.625000,0.408661,87.750000,20,31882820.860000,17,0.058338,0,169,NONE,True,True,True,False,False,SMALL,Professional Services,Marmara,16196873.570000,14692898.660000,486920.040000,3571990.650000,0.000000,0.000000,0.000000,592351.368333,1672536.001667,49,DERIVED_ANALYTICS,1,0.386176,0.071548,HIGH_DIGITAL_ENGAGEMENT,MATERIAL_BUSINESS_SCALE,LOWER_CREDIT_RISK_SIGNAL,29385797.320000,323243.770000,88157.390000,0.000000,70525.910000,12694.660000,5307.870000,217083.850000,3.078072,15111.840000,0.955540,,True,56.210000,True,MEDIUM_PRIORITY,False,"Review collections, payments and liquidity visibility.",Cash Management,24.000000,56,True,CONTACT_DUE,TASK000389,10,AUTHORISED_RELATIONSHIP_MANAGER,False
OPP0003594,SME001904,RM015,POS_MERCHANT_ACQUIRING,0.500855,1.000000,0.000000,52.420000,122,36026018.150000,48,0.037730,0,0,NONE,True,True,True,True,False,SMALL,Hospitality,Marmara,22450106.370000,18049480.910000,10627536.800000,9349992.470000,5552363.140000,0.000000,3000045.110000,957480.171667,1622877.365000,51,DERIVED_ANALYTICS,1,0.288697,0.117090,ESTABLISHED_RELATIONSHIP,CROSS_BORDER_ACTIVITY,LOWER_CREDIT_RISK_SIGNAL,21255073.600000,276315.960000,63765.220000,0.000000,127530.440000,22955.480000,4088.260000,185507.000000,1.454610,21301.090000,0.970144,,True,58.260000,True,MEDIUM_PRIORITY,False,"Discuss merchant collections, settlement speed and acquiring economics.",POS & Merchant Acquiring,14.000000,66,True,CONTACT_DUE,TASK000390,10,AUTHORISED_RELATIONSHIP_MANAGER,False
OPP0007891,SME001908,RM014,PAYROLL_SERVICES,0.614097,0.750000,0.993062,62.280000,128,3269863.280000,8,0.065630,0,0,NONE,True,False,True,True,False,MICRO,Manufacturing,Eastern,1600133.670000,1396418.300000,46505.400000,1487145.190000,494204.040000,0.000000,301571.040000,66432.696667,165298.211667,20,DERIVED_ANALYTICS,1,0.416202,0.148371,ESTABLISHED_RELATIONSHIP,CROSS_BORDER_ACTIVITY,MATERIAL_BUSINESS_SCALE,2974290.380000,35691.480000,8922.870000,0.000000,7138.300000,1284.890000,1346.140000,24137.580000,3.381419,3161.310000,0.862848,,True,63.210000,True,MEDIUM_PRIORITY,False,Discuss payroll automation and employee banking needs.,Payroll Services,3.000000,69,True,CONTACT_DUE,TASK000391,10,AUTHORISED_RELATIONSHIP_MANAGER,False
OPP0003598,SME001909,RM023,POS_MERCHANT_ACQUIRING,0.587737,0.750000,0.454256,90.180000,17,12559907.220000,3,0.031618,0,30,NONE,True,False,True,False,False,MICRO,Healthcare,Black Sea,6868038.650000,5649951.120000,3737927.240000,586333.960000,0.000000,0.000000,0.000000,213951.511667,899601.401667,12,DERIVED_ANALYTICS,1,0.391490,0.060414,HIGH_DIGITAL_ENGAGEMENT,LOWER_CREDIT_RISK_SIGNAL,MATERIAL_BUSINESS_SCALE,7475854.480000,97186.110000,22427.560000,0.000000,44855.130000,8073.920000,2021.380000,64663.250000,1.441602,3486.560000,0.870015,,True,54.060000,True,MEDIUM_PRIORITY,False,"Discuss merchant collections, settlement speed and acquiring economics.",POS & Merchant Acquiring,4.000000,52,True,CONTACT_DUE,TASK000392,10,AUTHORISED_RELATIONSHIP_MANAGER,False
OPP0009944,SME001913,RM047,CASH_MANAGEMENT,0.597106,0.750000,1.000000,58.920000,98,65375715.580000,19,0.032429,0,0,NONE,True,False,True,False,False,SMALL,Hospitality,Central Anatolia,36190722.850000,31021503.830000,18165241.100000,3429373.820000,0.000000,0.000000,0.000000,1662018.728333,3599174.961667,297,DERIVED_ANALYTICS,1,0.362843,0.070593,ESTABLISHED_RELATIONSHIP,LOWER_CREDIT_RISK_SIGNAL,MATERIAL_BUSINESS_SCALE,62043007.660000,682473.080000,186129.020000,0.000000,148903.220000,26802.580000,10206.450000,459335.030000,3.084789,32006.040000,0.982270,,True,56.280000,True,MEDIUM_PRIORITY,False,"Review collections, payments and liquidity visibility.",Cash Management,10.000000,67,True,CONTACT_DUE,TASK000393,10,AUTHORISED_RELATIONSHIP_MANAGER,False
OPP0009945,SME001914,RM015,CASH_MANAGEMENT,0.709238,0.750000,1.000000,86.920000,34,54816801.310000,43,0.025019,0,0,NONE,True,True,True,False,False,SMALL,Retail Trade,Marmara,33576136.020000,31403397.470000,17817705.160000,8930601.870000,0.000000,0.000000,0.000000,1356552.785000,2895152.331667,48,DERIVED_ANALYTICS,1,0.452837,0.126068,LOWER_CREDIT_RISK_SIGNAL,HIGH_DIGITAL_ENGAGEMENT,MATERIAL_BUSINESS_SCALE,62806794.940000,690874.740000,188420.380000,0.000000,150736.310000,27132.540000,10321.020000,465000.800000,3.084863,58201.540000,0.993964,,True,66.830000,True,MEDIUM_PRIORITY,False,"Review collections, payments and liquidity visibility.",Cash Management,5.000000,66,True,CONTACT_DUE,TASK000394,10,AUTHORISED_RELATIONSHIP_MANAGER,False
OPP0009951,SME001921,RM008,CASH_MANAGEMENT,0.745227,0.375000,1.000000,77.300000,74,96735554.020000,41,0.054123,0,0,NONE,True,True,True,False,True,SMALL,Wholesale Trade,Marmara,51300094.900000,47376168.080000,2578535.990000,8044220.280000,0.000000,13980100.660000,7974477.900000,2199563.135000,7490318.200000,295,DERIVED_ANALYTICS,1,0.494370,0.044999,CROSS_BORDER_ACTIVITY,ESTABLISHED_RELATIONSHIP,MATERIAL_BUSINESS_SCALE,94752336.160000,1042275.700000,284257.010000,0.000000,227405.610000,40933.010000,15112.850000,701972.830000,3.086876,31168.160000,0.981731,,True,57.690000,True,MEDIUM_PRIORITY,False,"Review collections, payments and liquidity visibility.",Cash Management,12.000000,69,True,CONTACT_DUE,TASK000395,10,AUTHORISED_RELATIONSHIP_MANAGER,False
OPP0009952,SME001923,RM016,CASH_MANAGEMENT,0.797079,0.875000,0.049557,74.730000,105,134271138.640000,153,0.052253,0,143,NONE,True,True,True,False,True,MEDIUM,Healthcare,Mediterranean,70193753.750000,65288211.550000,39703090.560000,32188431.940000,0.000000,18002778.470000,7700644.490000,2326312.838333,7127427.498333,12,DERIVED_ANALYTICS,1,0.653815,0.038504,ESTABLISHED_RELATIONSHIP,CROSS_BORDER_ACTIVITY,MATERIAL_BUSINESS_SCALE,130576423.100000,1436340.650000,391729.270000,0.000000,313383.420000,56409.020000,20486.460000,967715.900000,3.087961,36841.390000,0.985234,,True,68.410000,True,MEDIUM_PRIORITY,False,"Review collections, payments and liquidity visibility.",Cash Management,1.000000,51,True,CONTACT_DUE,TASK000396,10,AUTHORISED_RELATIONSHIP_MANAGER,False
OPP0009955,SME001926,RM019,CASH_MANAGEMENT,0.715904,0.750000,0.464396,38.240000,123,269650412.410000,43,0.047752,0,0,NONE,True,True,True,False,False,SMALL,Construction,Aegean,156104300.240000,142091416.850000,7560929.480000,9543511.170000,0.000000,0.000000,0.000000,6212846.400000,11771073.061667,336,DERIVED_ANALYTICS,1,0.432086,0.073298,ESTABLISHED_RELATIONSHIP,MATERIAL_BUSINESS_SCALE,LOWER_CREDIT_RISK_SIGNAL,250000000.000000,2750000.000000,750000.000000,0.000000,600000.000000,108000.000000,38400.000000,1853600.000000,3.089333,135444.710000,0.999731,,True,61.670000,True,MEDIUM_PRIORITY,False,"Review collections, payments and liquidity visibility.",Cash Management,8.000000,70,True,CONTACT_DUE,TASK000397,10,AUTHORISED_RELATIONSHIP_MANAGER,False
OPP0009958,SME001935,RM047,CASH_MANAGEMENT,0.633734,0.750000,0.795610,91.460000,7,27691462.840000,35,0.046188,0,0,NONE,True,True,True,False,False,SMALL,Retail Trade,Central Anatolia,13072627.030000,11476847.550000,5879698.960000,7517927.660000,0.000000,0.000000,0.000000,492292.070000,1475243.111667,294,DERIVED_ANALYTICS,1,0.369446,0.116556,HIGH_DIGITAL_ENGAGEMENT,MATERIAL_BUSINESS_SCALE,LOWER_CREDIT_RISK_SIGNAL,22953695.100000,252490.650000,68861.090000,0.000000,55088.870000,9916.000000,4343.050000,169370.510000,3.074496,19321.120000,0.965348,,True,61.130000,True,MEDIUM_PRIORITY,False,"Review collections, payments and liquidity visibility.",Cash Management,5.000000,67,True,CONTACT_DUE,TASK000398,10,AUTHORISED_RELATIONSHIP_MANAGER,False
OPP0009962,SME001942,RM041,CASH_MANAGEMENT,0.595340,0.625000,0.238983,69.330000,115,45829993.760000,39,0.047311,0,0,NONE,True,True,True,False,False,SMALL,Construction,Marmara,24340215.300000,22328511.320000,1021686.630000,8091378.020000,0.000000,0.000000,0.000000,817243.183333,3131384.216667,16,DERIVED_ANALYTICS,1,0.393725,0.074957,ESTABLISHED_RELATIONSHIP,MATERIAL_BUSINESS_SCALE,LOWER_CREDIT_RISK_SIGNAL,44657022.640000,491227.250000,133971.070000,0.000000,107176.850000,19291.830000,7598.550000,330365.800000,3.082436,24343.280000,0.973863,,True,56.220000,True,MEDIUM_PRIORITY,False,"Review collections, payments and liquidity visibility.",Cash Management,21.000000,55,True,CONTACT_DUE,TASK000399,10,AUTHORISED_RELATIONSHIP_MANAGER,False
OPP0003626,SME001943,RM027,POS_MERCHANT_ACQUIRING,0.512512,0.375000,1.000000,63.950000,67,33721401.290000,48,0.018275,0,152,NONE,True,True,True,False,False,SMALL,Healthcare,Eastern,15375784.550000,13153014.550000,7064764.280000,10375707.670000,0.000000,0.000000,0.000000,517926.553333,1118058.390000,24,DERIVED_ANALYTICS,1,0.338388,0.107656,LOWER_CREDIT_RISK_SIGNAL,ESTABLISHED_RELATIONSHIP,MATERIAL_BUSINESS_SCALE,14129528.560000,183683.870000,42388.590000,0.000000,84777.170000,15259.890000,3019.430000,123015.960000,1.451051,12823.430000,0.947672,,True,52.600000,True,MEDIUM_PRIORITY,False,"Discuss merchant collections, settlement speed and acquiring economics.",POS & Merchant Acquiring,8.000000,60,True,CONTACT_DUE,TASK000400,10,AUTHORISED_RELATIONSHIP_MANAGER,False
OPP0017494,SME001944,RM009,FX_RISK_MANAGEMENT,0.452636,0.750000,1.000000,92.920000,90,39304684.580000,6,0.032147,5,0,NONE,True,True,True,True,True,MICRO,Technology,Marmara,22534166.010000,19148474.400000,1367399.350000,1291422.090000,5976537.920000,4910082.190000,7321468.720000,749263.370000,1543063.331667,119,DERIVED_ANALYTICS,1,0.312508,0.132900,ESTABLISHED_RELATIONSHIP,CROSS_BORDER_ACTIVITY,HIGH_DIGITAL_ENGAGEMENT,21773240.220000,162210.640000,22861.900000,0.000000,73158.090000,13168.460000,4165.990000,122014.290000,1.667817,15795.690000,0.958127,,True,56.670000,True,MEDIUM_PRIORITY,True,Review documented FX exposure and risk-management objectives.,FX Risk Management,25.000000,69,True,CONTACT_DUE,TASK000401,10,AUTHORISED_RELATIONSHIP_MANAGER,False
OPP0009964,SME001945,RM036,CASH_MANAGEMENT,0.561734,1.000000,0.000000,79.400000,127,23249394.710000,2,0.046417,60,0,NONE,True,False,True,False,False,MICRO,Manufacturing,Marmara,11950032.400000,10403989.230000,475834.720000,440133.150000,0.000000,0.000000,0.000000,447575.553333,703717.311667,184,DERIVED_ANALYTICS,1,0.401494,0.097435,ESTABLISHED_RELATIONSHIP,HIGH_DIGITAL_ENGAGEMENT,MATERIAL_BUSINESS_SCALE,20807978.460000,228887.760000,62423.940000,0.000000,49939.150000,8989.050000,4021.200000,153453.570000,3.072811,14531.730000,0.953977,,True,61.150000,True,MEDIUM_PRIORITY,False,"Review collections, payments and liquidity visibility.",Cash Management,13.000000,68,True,CONTACT_DUE,TASK000402,10,AUTHORISED_RELATIONSHIP_MANAGER,False
OPP0009971,SME001957,RM045,CASH_MANAGEMENT,0.458121,0.750000,0.224794,72.190000,134,11315909.790000,3,0.033375,30,0,NONE,True,False,True,False,False,MICRO,Manufacturing,Aegean,5835076.800000,5078117.930000,242802.960000,605711.170000,0.000000,0.000000,0.000000,206156.481667,592583.130000,13,DERIVED_ANALYTICS,1,0.290067,0.112897,ESTABLISHED_RELATIONSHIP,LOWER_CREDIT_RISK_SIGNAL,MATERIAL_BUSINESS_SCALE,10156235.860000,111718.590000,30468.710000,0.000000,24374.970000,4387.490000,2423.440000,74438.950000,3.053909,7983.910000,0.922128,,True,53.620000,True,MEDIUM_PRIORITY,False,"Review collections, payments and liquidity visibility.",Cash Management,18.000000,46,True,CONTACT_DUE,TASK000403,10,AUTHORISED_RELATIONSHIP_MANAGER,False
OPP0009974,SME001961,RM029,CASH_MANAGEMENT,0.479931,0.875000,0.017816,86.320000,119,6976433.890000,5,0.028581,0,0,NONE,True,True,True,False,False,MICRO,Manufacturing,Marmara,3923345.960000,3436458.890000,227532.580000,950482.620000,0.000000,0.000000,0.000000,171733.166667,308279.636667,46,DERIVED_ANALYTICS,1,0.326185,0.104315,ESTABLISHED_RELATIONSHIP,HIGH_DIGITAL_ENGAGEMENT,LOWER_CREDIT_RISK_SIGNAL,6872917.780000,75602.100000,20618.750000,0.000000,16495.000000,2969.100000,1930.940000,50083.310000,3.036272,4804.420000,0.891679,,True,55.180000,True,MEDIUM_PRIORITY,False,"Review collections, payments and liquidity visibility.",Cash Management,27.000000,56,True,CONTACT_DUE,TASK000404,10,AUTHORISED_RELATIONSHIP_MANAGER,False
OPP0009976,SME001964,RM012,CASH_MANAGEMENT,0.520787,0.625000,1.000000,91.090000,115,8524541.430000,16,0.032110,15,0,LOW,True,False,True,True,False,SMALL,Hospitality,Central Anatolia,5132611.560000,4718046.060000,2349580.350000,3599536.580000,1284771.410000,0.000000,706066.600000,197115.261667,464710.253333,32,DERIVED_ANALYTICS,1,0.375957,0.155538,ESTABLISHED_RELATIONSHIP,CROSS_BORDER_ACTIVITY,HIGH_DIGITAL_ENGAGEMENT,9436092.120000,103797.010000,28308.280000,0.000000,22646.620000,4076.390000,2315.410000,69096.930000,3.051092,10327.200000,0.936409,,True,60.590000,True,MEDIUM_PRIORITY,False,"Review collections, payments and liquidity visibility.",Cash Management,11.000000,50,True,CONTACT_DUE,TASK000405,10,AUTHORISED_RELATIONSHIP_MANAGER,False
OPP0003652,SME001971,RM010,POS_MERCHANT_ACQUIRING,0.527659,0.625000,1.000000,80.240000,43,12111270.390000,8,0.052965,0,0,NONE,True,True,True,True,False,MICRO,Hospitality,Central Anatolia,6993751.240000,6598335.880000,3393333.400000,1885214.080000,2021611.120000,0.000000,1328149.200000,324018.368333,609804.386667,91,DERIVED_ANALYTICS,1,0.302318,0.117657,CROSS_BORDER_ACTIVITY,HIGH_DIGITAL_ENGAGEMENT,MATERIAL_BUSINESS_SCALE,6786666.800000,88226.670000,20360.000000,0.000000,40720.000000,7329.600000,1918.000000,58619.070000,1.439565,6476.950000,0.910164,,True,54.500000,True,MEDIUM_PRIORITY,False,"Discuss merchant collections, settlement speed and acquiring economics.",POS & Merchant Acquiring,13.000000,58,True,CONTACT_DUE,TASK000406,10,AUTHORISED_RELATIONSHIP_MANAGER,False
OPP0009980,SME001972,RM033,CASH_MANAGEMENT,0.606453,0.625000,1.000000,52.470000,48,76106959.870000,110,0.018760,0,155,NONE,True,True,True,True,True,MEDIUM,Retail Trade,Mediterranean,48276903.660000,45497211.880000,25923903.120000,24785831.220000,10811757.720000,14214094.090000,16133598.670000,1638391.455000,4283450.920000,99,DERIVED_ANALYTICS,1,0.332869,0.059792,CROSS_BORDER_ACTIVITY,LOWER_CREDIT_RISK_SIGNAL,MATERIAL_BUSINESS_SCALE,90994423.760000,1000938.660000,272983.270000,0.000000,218386.620000,39309.590000,14549.160000,674096.640000,3.086712,39885.570000,0.987066,,True,53.390000,True,MEDIUM_PRIORITY,False,"Review collections, payments and liquidity visibility.",Cash Management,11.000000,59,True,CONTACT_DUE,TASK000407,10,AUTHORISED_RELATIONSHIP_MANAGER,False
OPP0007941,SME001980,RM046,PAYROLL_SERVICES,0.675493,0.875000,0.255780,70.510000,99,19486437.040000,41,0.045923,30,0,NONE,True,True,True,False,True,SMALL,Healthcare,Mediterranean,10386488.050000,9610975.330000,5437481.290000,8918976.470000,0.000000,1822135.450000,885580.400000,230756.350000,1478581.253333,123,DERIVED_ANALYTICS,1,0.505615,0.100416,ESTABLISHED_RELATIONSHIP,CROSS_BORDER_ACTIVITY,LOWER_CREDIT_RISK_SIGNAL,17837952.940000,214055.440000,53513.860000,0.000000,42811.090000,7706.000000,3575.690000,149259.890000,3.486477,14568.070000,0.954139,,True,66.000000,True,MEDIUM_PRIORITY,False,Discuss payroll automation and employee banking needs.,Payroll Services,3.000000,63,True,CONTACT_DUE,TASK000408,10,AUTHORISED_RELATIONSHIP_MANAGER,False
OPP0003660,SME001984,RM034,POS_MERCHANT_ACQUIRING,0.534764,0.875000,0.000000,65.530000,57,19862099.850000,23,0.046842,0,0,NONE,True,False,True,False,False,SMALL,Hospitality,Aegean,9789607.170000,8174718.450000,5045084.970000,4858687.850000,0.000000,0.000000,0.000000,393280.958333,894051.765000,75,DERIVED_ANALYTICS,1,0.290554,0.106402,LOWER_CREDIT_RISK_SIGNAL,MATERIAL_BUSINESS_SCALE,ESTABLISHED_RELATIONSHIP,10090169.940000,131172.210000,30270.510000,0.000000,60541.020000,10897.380000,2413.530000,87590.790000,1.446801,8899.870000,0.927571,,True,56.090000,True,MEDIUM_PRIORITY,False,"Discuss merchant collections, settlement speed and acquiring economics.",POS & Merchant Acquiring,12.000000,61,True,CONTACT_DUE,TASK000409,10,AUTHORISED_RELATIONSHIP_MANAGER,False
OPP0009988,SME001986,RM047,CASH_MANAGEMENT,0.760338,0.750000,0.649039,57.890000,62,158230717.920000,71,0.021813,0,0,NONE,True,False,True,True,False,MEDIUM,Technology,Central Anatolia,88685845.780000,74064897.700000,5050473.310000,15630310.050000,23884685.030000,0.000000,13194466.450000,3051835.975000,8542126.008333,74,DERIVED_ANALYTICS,1,0.584025,0.042592,CROSS_BORDER_ACTIVITY,LOWER_CREDIT_RISK_SIGNAL,MATERIAL_BUSINESS_SCALE,148129795.400000,1629427.750000,444389.390000,0.000000,355511.510000,63992.070000,23119.470000,1097926.820000,3.088302,46342.510000,0.990030,,True,64.570000,True,MEDIUM_PRIORITY,False,"Review collections, payments and liquidity visibility.",Cash Management,4.000000,67,True,CONTACT_DUE,TASK000410,10,AUTHORISED_RELATIONSHIP_MANAGER,False
OPP0007946,SME001987,RM006,PAYROLL_SERVICES,0.717254,0.750000,0.671300,53.910000,54,18063974.740000,42,0.024346,0,0,NONE,True,True,True,True,False,SMALL,Manufacturing,Aegean,10594806.800000,9582887.960000,386818.250000,10305401.020000,2238434.360000,0.000000,1320041.370000,361271.275000,1004665.500000,25,DERIVED_ANALYTICS,1,0.420449,0.197609,CROSS_BORDER_ACTIVITY,LOWER_CREDIT_RISK_SIGNAL,MATERIAL_BUSINESS_SCALE,20610802.040000,247329.620000,61832.410000,0.000000,49465.920000,8903.870000,3991.620000,172601.720000,3.489306,33687.700000,0.983402,,True,72.220000,True,MEDIUM_PRIORITY,False,Discuss payroll automation and employee banking needs.,Payroll Services,1.000000,63,True,CONTACT_DUE,TASK000411,10,AUTHORISED_RELATIONSHIP_MANAGER,False
OPP0003667,SME001991,RM007,POS_MERCHANT_ACQUIRING,0.590732,0.625000,1.000000,84.440000,85,21665001.470000,23,0.022590,5,127,MEDIUM,True,True,True,False,False,SMALL,Hospitality,Central Anatolia,12407069.080000,11112798.340000,6680258.050000,5274755.970000,0.000000,0.000000,0.000000,533994.746667,891658.343333,299,DERIVED_ANALYTICS,1,0.444511,0.105823,ESTABLISHED_RELATIONSHIP,LOWER_CREDIT_RISK_SIGNAL,HIGH_DIGITAL_ENGAGEMENT,13360516.100000,173686.710000,40081.550000,0.000000,80163.100000,14429.360000,2904.080000,116271.720000,1.450439,11884.170000,0.942768,,True,59.960000,True,MEDIUM_PRIORITY,False,"Discuss merchant collections, settlement speed and acquiring economics.",POS & Merchant Acquiring,11.000000,57,True,CONTACT_DUE,TASK000412,10,AUTHORISED_RELATIONSHIP_MANAGER,False
OPP0007955,SME001999,RM035,PAYROLL_SERVICES,0.731151,1.000000,0.000000,72.440000,102,20883592.230000,49,0.028749,5,0,NONE,True,True,True,False,False,SMALL,Hospitality,Central Anatolia,10030387.210000,8964002.100000,5774268.830000,10479516.110000,0.000000,0.000000,0.000000,365144.383333,824930.095000,71,DERIVED_ANALYTICS,1,0.547416,0.092373,ESTABLISHED_RELATIONSHIP,LOWER_CREDIT_RISK_SIGNAL,MATERIAL_BUSINESS_SCALE,20959032.220000,251508.390000,62877.100000,0.000000,50301.680000,9054.300000,4043.850000,175533.140000,3.489608,15794.580000,0.958073,,True,69.160000,True,MEDIUM_PRIORITY,False,Discuss payroll automation and employee banking needs.,Payroll Services,1.000000,59,True,CONTACT_DUE,TASK000413,10,AUTHORISED_RELATIONSHIP_MANAGER,False
OPP0007956,SME002001,RM008,PAYROLL_SERVICES,0.708893,0.875000,1.000000,63.590000,30,15863117.490000,39,0.066294,90,0,NONE,True,True,True,False,False,SMALL,Transportation,Marmara,7889320.560000,7708657.800000,348388.930000,8389433.500000,0.000000,0.000000,0.000000,251585.643333,1031910.085000,43,DERIVED_ANALYTICS,1,0.446130,0.067690,MATERIAL_BUSINESS_SCALE,STRONG_PRODUCT_NEED_SIGNAL,LOWER_CREDIT_RISK_SIGNAL,16778867.000000,201346.400000,50336.600000,0.000000,40269.280000,7248.470000,3416.830000,140344.500000,3.485150,9079.870000,0.928810,,True,61.430000,True,MEDIUM_PRIORITY,False,Discuss payroll automation and employee banking needs.,Payroll Services,8.000000,69,True,CONTACT_DUE,TASK000414,10,AUTHORISED_RELATIONSHIP_MANAGER,False
OPP0007964,SME002015,RM022,PAYROLL_SERVICES,0.674800,0.875000,1.000000,80.330000,95,88428074.660000,141,0.014986,90,110,NONE,True,True,True,False,False,MEDIUM,Retail Trade,Central Anatolia,48568803.640000,43396482.220000,25840309.950000,27298581.830000,0.000000,0.000000,0.000000,1636320.358333,5017675.810000,154,DERIVED_ANALYTICS,1,0.576435,0.027348,ESTABLISHED_RELATIONSHIP,LOWER_CREDIT_RISK_SIGNAL,MATERIAL_BUSINESS_SCALE,54597163.660000,655165.960000,163791.490000,0.000000,131033.190000,23585.970000,9089.570000,458698.930000,3.500632,12124.690000,0.944007,,True,61.500000,True,MEDIUM_PRIORITY,False,Discuss payroll automation and employee banking needs.,Payroll Services,2.000000,46,True,CONTACT_DUE,TASK000415,10,AUTHORISED_RELATIONSHIP_MANAGER,False
OPP0010006,SME002017,RM006,CASH_MANAGEMENT,0.547506,0.875000,0.059195,79.390000,68,19948830.990000,3,0.053108,0,0,NONE,True,True,True,True,False,MICRO,Construction,Aegean,11203051.790000,9515444.480000,516796.290000,697464.220000,2118014.790000,0.000000,943477.960000,420105.581667,724277.121667,320,DERIVED_ANALYTICS,1,0.305720,0.135275,CROSS_BORDER_ACTIVITY,ESTABLISHED_RELATIONSHIP,HIGH_DIGITAL_ENGAGEMENT,19030888.960000,209339.780000,57092.670000,0.000000,45674.130000,8221.340000,3754.630000,140271.140000,3.071129,18555.140000,0.964270,,True,60.110000,True,MEDIUM_PRIORITY,False,"Review collections, payments and liquidity visibility.",Cash Management,10.000000,63,True,CONTACT_DUE,TASK000416,10,AUTHORISED_RELATIONSHIP_MANAGER,False
OPP0010007,SME002018,RM002,CASH_MANAGEMENT,0.662788,0.875000,0.407842,64.640000,11,87027011.680000,36,0.102755,60,0,NONE,True,True,True,False,False,SMALL,Technology,Marmara,43805878.890000,39334397.140000,2089449.640000,6723104.830000,0.000000,0.000000,0.000000,1272550.045000,4374832.145000,94,DERIVED_ANALYTICS,1,0.352732,0.058295,MATERIAL_BUSINESS_SCALE,STRONG_PRODUCT_NEED_SIGNAL,HIGH_DIGITAL_ENGAGEMENT,78668794.280000,865356.740000,236006.380000,0.000000,188805.110000,33984.920000,12700.320000,582665.120000,3.086066,33546.310000,0.983294,,True,57.560000,True,MEDIUM_PRIORITY,False,"Review collections, payments and liquidity visibility.",Cash Management,18.000000,57,True,CONTACT_DUE,TASK000417,10,AUTHORISED_RELATIONSHIP_MANAGER,False
OPP0010011,SME002023,RM029,CASH_MANAGEMENT,0.608302,0.750000,1.000000,77.680000,68,37430559.840000,20,0.021599,0,152,NONE,True,False,True,False,False,SMALL,Retail Trade,Marmara,20001052.500000,17809354.260000,10739121.530000,3892037.780000,0.000000,0.000000,0.000000,675919.823333,1906110.996667,114,DERIVED_ANALYTICS,1,0.376714,0.108186,LOWER_CREDIT_RISK_SIGNAL,ESTABLISHED_RELATIONSHIP,MATERIAL_BUSINESS_SCALE,35618708.520000,391805.790000,106856.130000,0.000000,85484.900000,15387.280000,6242.810000,263319.570000,3.080305,28067.460000,0.978444,,True,60.290000,True,MEDIUM_PRIORITY,False,"Review collections, payments and liquidity visibility.",Cash Management,13.000000,56,True,CONTACT_DUE,TASK000418,10,AUTHORISED_RELATIONSHIP_MANAGER,False
OPP0003695,SME002036,RM004,POS_MERCHANT_ACQUIRING,0.578215,0.875000,0.061467,84.330000,40,14474550.550000,23,0.041321,0,93,LOW,True,True,True,False,False,SMALL,Hospitality,Central Anatolia,8087834.260000,7333038.430000,4370067.670000,4850016.310000,0.000000,0.000000,0.000000,330583.216667,989169.848333,73,DERIVED_ANALYTICS,1,0.375814,0.099495,HIGH_DIGITAL_ENGAGEMENT,LOWER_CREDIT_RISK_SIGNAL,MATERIAL_BUSINESS_SCALE,8740135.340000,113621.760000,26220.410000,0.000000,52440.810000,9439.350000,2211.020000,75750.980000,1.444504,7116.840000,0.915661,,True,58.930000,True,MEDIUM_PRIORITY,False,"Discuss merchant collections, settlement speed and acquiring economics.",POS & Merchant Acquiring,6.000000,59,True,CONTACT_DUE,TASK000419,10,AUTHORISED_RELATIONSHIP_MANAGER,False
OPP0007983,SME002043,RM021,PAYROLL_SERVICES,0.649653,0.500000,1.000000,87.530000,26,143475948.260000,172,0.024467,0,97,NONE,True,False,True,True,True,MEDIUM,Transportation,Marmara,77353509.670000,66361409.600000,3518508.370000,32777807.300000,18871208.490000,11993266.710000,16723916.820000,2745058.568333,9713322.545000,29,DERIVED_ANALYTICS,1,0.452170,0.097098,CROSS_BORDER_ACTIVITY,LOWER_CREDIT_RISK_SIGNAL,HIGH_DIGITAL_ENGAGEMENT,65555614.600000,786667.380000,196666.840000,0.000000,157333.480000,28320.030000,10733.340000,550947.170000,3.501780,53075.840000,0.992455,,True,60.360000,True,MEDIUM_PRIORITY,False,Discuss payroll automation and employee banking needs.,Payroll Services,9.000000,48,True,CONTACT_DUE,TASK000420,10,AUTHORISED_RELATIONSHIP_MANAGER,False
OPP0010027,SME002045,RM015,CASH_MANAGEMENT,0.761083,0.875000,0.367806,82.250000,89,90572285.430000,27,0.044882,30,0,NONE,True,True,True,False,False,SMALL,Technology,Marmara,51852223.130000,45304960.040000,4195087.130000,6412741.230000,0.000000,0.000000,0.000000,1847061.365000,5683778.511667,120,DERIVED_ANALYTICS,1,0.596381,0.084146,ESTABLISHED_RELATIONSHIP,MATERIAL_BUSINESS_SCALE,HIGH_DIGITAL_ENGAGEMENT,90609920.080000,996709.120000,271829.760000,0.000000,217463.810000,39143.490000,14491.490000,671244.380000,3.086695,56062.390000,0.993479,,True,70.030000,True,MEDIUM_PRIORITY,False,"Review collections, payments and liquidity visibility.",Cash Management,2.000000,66,True,CONTACT_DUE,TASK000421,10,AUTHORISED_RELATIONSHIP_MANAGER,False
OPP0010028,SME002047,RM043,CASH_MANAGEMENT,0.776759,0.750000,1.000000,67.620000,37,144079336.610000,184,0.019102,30,0,NONE,True,True,True,True,True,MEDIUM,Hospitality,Mediterranean,76403865.210000,65686768.260000,41831965.570000,41297321.400000,24283978.960000,17609274.670000,21646238.290000,2975849.441667,7057430.941667,95,DERIVED_ANALYTICS,1,0.503072,0.068726,CROSS_BORDER_ACTIVITY,LOWER_CREDIT_RISK_SIGNAL,MATERIAL_BUSINESS_SCALE,131373536.520000,1445108.900000,394120.610000,0.000000,315296.490000,56753.370000,20606.030000,973628.890000,3.087979,66494.080000,0.995311,,True,64.790000,True,MEDIUM_PRIORITY,False,"Review collections, payments and liquidity visibility.",Cash Management,2.000000,52,True,CONTACT_DUE,TASK000422,10,AUTHORISED_RELATIONSHIP_MANAGER,False
OPP0007987,SME002048,RM032,PAYROLL_SERVICES,0.783839,0.625000,1.000000,78.400000,34,158030494.370000,246,0.005954,0,0,LOW,True,True,True,False,False,MEDIUM,Healthcare,Aegean,88131817.770000,77612318.650000,47158869.970000,50721499.440000,0.000000,0.000000,0.000000,3181181.215000,10396599.095000,43,DERIVED_ANALYTICS,1,0.585385,0.109385,LOWER_CREDIT_RISK_SIGNAL,MATERIAL_BUSINESS_SCALE,HIGH_DIGITAL_ENGAGEMENT,101442998.880000,1217315.990000,304329.000000,0.000000,243463.200000,43823.380000,16116.450000,853047.160000,3.503803,92890.960000,0.998114,,True,70.040000,True,MEDIUM_PRIORITY,False,Discuss payroll automation and employee banking needs.,Payroll Services,1.000000,50,True,CONTACT_DUE,TASK000423,10,AUTHORISED_RELATIONSHIP_MANAGER,False
OPP0010033,SME002056,RM019,CASH_MANAGEMENT,0.611371,0.625000,0.693998,69.280000,26,51951006.660000,10,0.014119,0,115,NONE,True,True,True,False,False,SMALL,Technology,Aegean,28244684.240000,24411603.390000,958477.530000,1621532.910000,0.000000,0.000000,0.000000,1143388.298333,2669238.795000,306,DERIVED_ANALYTICS,1,0.355960,0.105325,LOWER_CREDIT_RISK_SIGNAL,MATERIAL_BUSINESS_SCALE,HIGH_DIGITAL_ENGAGEMENT,48823206.780000,537055.270000,146469.620000,0.000000,117175.700000,21091.630000,8223.480000,361270.540000,3.083152,37630.670000,0.985881,,True,58.320000,True,MEDIUM_PRIORITY,False,"Review collections, payments and liquidity visibility.",Cash Management,9.000000,70,True,CONTACT_DUE,TASK000424,10,AUTHORISED_RELATIONSHIP_MANAGER,False
OPP0003714,SME002058,RM022,POS_MERCHANT_ACQUIRING,0.528045,1.000000,0.000000,69.790000,121,7724336.010000,6,0.050108,60,0,NONE,True,True,True,False,False,MICRO,Retail Trade,Central Anatolia,4890794.260000,4524048.100000,2642723.030000,1124320.190000,0.000000,0.000000,0.000000,191980.530000,408229.768333,123,DERIVED_ANALYTICS,1,0.379379,0.075356,ESTABLISHED_RELATIONSHIP,LOWER_CREDIT_RISK_SIGNAL,MATERIAL_BUSINESS_SCALE,5285446.060000,68710.800000,15856.340000,0.000000,31712.680000,5708.280000,1692.820000,45453.360000,1.433287,3005.200000,0.859722,,True,56.010000,True,MEDIUM_PRIORITY,False,"Discuss merchant collections, settlement speed and acquiring economics.",POS & Merchant Acquiring,10.000000,46,True,CONTACT_DUE,TASK000425,10,AUTHORISED_RELATIONSHIP_MANAGER,False
OPP0007996,SME002060,RM009,PAYROLL_SERVICES,0.676770,0.500000,1.000000,32.080000,13,9452595.020000,28,0.007180,0,0,NONE,True,False,True,True,False,SMALL,Retail Trade,Marmara,5137448.190000,4837364.060000,2546944.500000,5706373.980000,889679.590000,0.000000,416206.290000,189373.476667,608135.110000,47,DERIVED_ANALYTICS,1,0.302469,0.106797,CROSS_BORDER_ACTIVITY,LOWER_CREDIT_RISK_SIGNAL,MATERIAL_BUSINESS_SCALE,11412747.960000,136952.980000,34238.240000,0.000000,27390.600000,4930.310000,2611.910000,95172.520000,3.474642,9744.170000,0.933283,,True,55.980000,True,MEDIUM_PRIORITY,False,Discuss payroll automation and employee banking needs.,Payroll Services,27.000000,69,True,CONTACT_DUE,TASK000426,10,AUTHORISED_RELATIONSHIP_MANAGER,False
OPP0010044,SME002076,RM039,CASH_MANAGEMENT,0.583218,0.750000,1.000000,81.310000,97,24751028.530000,102,0.014277,0,0,NONE,True,True,True,False,False,MEDIUM,Manufacturing,Eastern,15227124.310000,14695897.790000,282112.520000,22929018.810000,0.000000,0.000000,0.000000,432592.245000,1368664.713333,254,DERIVED_ANALYTICS,1,0.473941,0.066324,ESTABLISHED_RELATIONSHIP,LOWER_CREDIT_RISK_SIGNAL,HIGH_DIGITAL_ENGAGEMENT,29391795.580000,323309.750000,88175.390000,0.000000,70540.310000,12697.260000,5308.770000,217128.330000,3.078075,13980.910000,0.951714,,True,58.600000,True,MEDIUM_PRIORITY,False,"Review collections, payments and liquidity visibility.",Cash Management,2.000000,47,True,CONTACT_DUE,TASK000427,10,AUTHORISED_RELATIONSHIP_MANAGER,False
OPP0010045,SME002078,RM007,CASH_MANAGEMENT,0.620321,0.750000,0.220879,88.980000,127,26036082.970000,3,0.040683,0,144,NONE,True,True,True,False,False,MICRO,Professional Services,Central Anatolia,14408149.900000,13187689.230000,730271.150000,675065.260000,0.000000,0.000000,0.000000,569950.226667,1634200.446667,204,DERIVED_ANALYTICS,1,0.502423,0.055065,ESTABLISHED_RELATIONSHIP,HIGH_DIGITAL_ENGAGEMENT,LOWER_CREDIT_RISK_SIGNAL,26375378.460000,290129.160000,79126.140000,0.000000,63300.910000,11394.160000,4856.310000,194752.550000,3.076615,10304.090000,0.936247,,True,59.030000,True,MEDIUM_PRIORITY,False,"Review collections, payments and liquidity visibility.",Cash Management,12.000000,57,True,CONTACT_DUE,TASK000428,10,AUTHORISED_RELATIONSHIP_MANAGER,False
OPP0008011,SME002084,RM046,PAYROLL_SERVICES,0.898506,0.750000,1.000000,82.740000,36,11428318.290000,217,0.036457,0,0,NONE,True,True,True,False,True,MEDIUM,Manufacturing,Mediterranean,6136406.340000,5457911.180000,299286.930000,49644890.340000,0.000000,1479245.090000,905092.350000,238466.593333,668266.100000,330,DERIVED_ANALYTICS,1,0.676308,0.058029,CROSS_BORDER_ACTIVITY,STRONG_PRODUCT_NEED_SIGNAL,HIGH_DIGITAL_ENGAGEMENT,99289780.680000,1191477.370000,297869.340000,0.000000,238295.470000,42893.180000,15793.470000,834921.380000,3.503723,48029.870000,0.990677,,True,71.960000,True,MEDIUM_PRIORITY,False,Discuss payroll automation and employee banking needs.,Payroll Services,1.000000,63,True,CONTACT_DUE,TASK000429,10,AUTHORISED_RELATIONSHIP_MANAGER,False
OPP0010051,SME002087,RM048,CASH_MANAGEMENT,0.538840,1.000000,0.000000,55.020000,91,48429056.450000,48,0.061269,30,0,NONE,True,True,True,False,True,SMALL,Healthcare,Eastern,27688744.170000,23785423.560000,11212583.740000,9688526.850000,0.000000,6508764.490000,3336249.390000,1282807.676667,2865039.663333,22,DERIVED_ANALYTICS,1,0.312399,0.086194,ESTABLISHED_RELATIONSHIP,CROSS_BORDER_ACTIVITY,MATERIAL_BUSINESS_SCALE,47570847.120000,523279.320000,142712.540000,0.000000,114170.030000,20550.610000,8035.630000,351980.540000,3.082950,29918.740000,0.980599,,True,57.260000,True,MEDIUM_PRIORITY,False,"Review collections, payments and liquidity visibility.",Cash Management,8.000000,64,True,CONTACT_DUE,TASK000430,10,AUTHORISED_RELATIONSHIP_MANAGER,False
OPP0010054,SME002090,RM021,CASH_MANAGEMENT,0.846826,0.750000,0.859036,93.700000,29,109210201.810000,87,0.008970,5,170,NONE,True,True,True,True,True,MEDIUM,Professional Services,Marmara,60336931.360000,54559002.600000,3789398.290000,19565998.660000,15401275.980000,11536083.240000,16269982.970000,2063336.731667,5400082.908333,38,DERIVED_ANALYTICS,1,0.678625,0.054989,CROSS_BORDER_ACTIVITY,LOWER_CREDIT_RISK_SIGNAL,HIGH_DIGITAL_ENGAGEMENT,109118005.200000,1200298.060000,327354.020000,0.000000,261883.210000,47138.980000,17267.700000,808537.360000,3.087397,44041.020000,0.989168,,True,70.600000,True,MEDIUM_PRIORITY,False,"Review collections, payments and liquidity visibility.",Cash Management,2.000000,48,True,CONTACT_DUE,TASK000431,10,AUTHORISED_RELATIONSHIP_MANAGER,False
OPP0010057,SME002095,RM030,CASH_MANAGEMENT,0.681061,0.750000,0.848578,86.560000,133,49589017.130000,21,0.030410,0,0,NONE,True,True,True,True,False,SMALL,Professional Services,Central Anatolia,24030119.540000,22641486.870000,1145201.950000,4593271.460000,4738063.950000,0.000000,2604636.240000,923408.030000,3196366.486667,3,DERIVED_ANALYTICS,1,0.567117,0.133657,ESTABLISHED_RELATIONSHIP,CROSS_BORDER_ACTIVITY,HIGH_DIGITAL_ENGAGEMENT,45282973.740000,498112.710000,135848.920000,0.000000,108679.140000,19562.250000,7692.450000,335009.090000,3.082552,44356.430000,0.989276,,True,70.470000,True,MEDIUM_PRIORITY,False,"Review collections, payments and liquidity visibility.",Cash Management,2.000000,46,True,CONTACT_DUE,TASK000432,10,AUTHORISED_RELATIONSHIP_MANAGER,False
OPP0010063,SME002102,RM021,CASH_MANAGEMENT,0.652585,0.875000,1.000000,71.150000,103,64537050.530000,17,0.023685,0,0,NONE,True,False,True,False,False,SMALL,Healthcare,Marmara,36031488.550000,31459683.390000,21587225.660000,3306092.190000,0.000000,0.000000,0.000000,1327619.810000,2246555.206667,33,DERIVED_ANALYTICS,1,0.485551,0.119776,ESTABLISHED_RELATIONSHIP,LOWER_CREDIT_RISK_SIGNAL,MATERIAL_BUSINESS_SCALE,62919366.780000,692113.030000,188758.100000,0.000000,151006.480000,27181.170000,10337.910000,465835.850000,3.084873,55376.070000,0.993318,,True,67.300000,True,MEDIUM_PRIORITY,False,"Review collections, payments and liquidity visibility.",Cash Management,3.000000,48,True,CONTACT_DUE,TASK000433,10,AUTHORISED_RELATIONSHIP_MANAGER,False
OPP0008024,SME002103,RM007,PAYROLL_SERVICES,0.591721,0.750000,1.000000,83.540000,42,19082539.580000,29,0.057767,5,0,NONE,True,True,True,True,False,SMALL,Healthcare,Central Anatolia,9681624.320000,8376666.140000,5023118.130000,6823780.190000,1647268.130000,0.000000,949966.960000,500649.176667,900968.268333,110,DERIVED_ANALYTICS,1,0.397129,0.173610,CROSS_BORDER_ACTIVITY,HIGH_DIGITAL_ENGAGEMENT,MATERIAL_BUSINESS_SCALE,13647560.380000,163770.720000,40942.680000,0.000000,32754.140000,5895.750000,2947.130000,113985.160000,3.480023,19368.920000,0.965510,,True,66.230000,True,MEDIUM_PRIORITY,False,Discuss payroll automation and employee banking needs.,Payroll Services,5.000000,57,True,CONTACT_DUE,TASK000434,10,AUTHORISED_RELATIONSHIP_MANAGER,False
OPP0003746,SME002106,RM001,POS_MERCHANT_ACQUIRING,0.575548,0.625000,1.000000,64.760000,66,49938906.530000,11,0.010838,5,0,NONE,True,True,True,False,True,SMALL,Healthcare,Mediterranean,27096955.800000,25109350.100000,14430102.340000,2309047.990000,0.000000,7715532.710000,4628019.070000,796517.563333,2682220.340000,197,DERIVED_ANALYTICS,1,0.393325,0.094040,CROSS_BORDER_ACTIVITY,LOWER_CREDIT_RISK_SIGNAL,MATERIAL_BUSINESS_SCALE,28860204.680000,375182.660000,86580.610000,0.000000,173161.230000,31169.020000,5229.030000,252204.000000,1.456469,23297.280000,0.972785,,True,57.470000,True,MEDIUM_PRIORITY,False,"Discuss merchant collections, settlement speed and acquiring economics.",POS & Merchant Acquiring,6.000000,49,True,CONTACT_DUE,TASK000435,10,AUTHORISED_RELATIONSHIP_MANAGER,False
OPP0003749,SME002110,RM036,POS_MERCHANT_ACQUIRING,0.552886,0.625000,1.000000,72.870000,89,12665640.500000,43,0.014411,0,60,NONE,True,True,True,False,True,SMALL,Healthcare,Marmara,6648968.850000,5966531.740000,3613536.280000,7451205.560000,0.000000,1543434.390000,721220.550000,257634.855000,544265.336667,219,DERIVED_ANALYTICS,1,0.401075,0.122945,ESTABLISHED_RELATIONSHIP,CROSS_BORDER_ACTIVITY,LOWER_CREDIT_RISK_SIGNAL,7227072.560000,93951.940000,21681.220000,0.000000,43362.440000,7805.240000,1984.060000,62481.420000,1.440911,7261.750000,0.916900,,True,58.820000,True,MEDIUM_PRIORITY,False,"Discuss merchant collections, settlement speed and acquiring economics.",POS & Merchant Acquiring,21.000000,68,True,CONTACT_DUE,TASK000436,10,AUTHORISED_RELATIONSHIP_MANAGER,False
OPP0008030,SME002115,RM018,PAYROLL_SERVICES,0.577735,0.750000,1.000000,63.290000,15,32636684.790000,47,0.050456,0,0,NONE,True,True,True,False,False,SMALL,Manufacturing,Mediterranean,15204464.140000,14266672.040000,767980.230000,10301457.610000,0.000000,0.000000,0.000000,611142.996667,1947437.161667,59,DERIVED_ANALYTICS,1,0.278101,0.080451,MATERIAL_BUSINESS_SCALE,LOWER_CREDIT_RISK_SIGNAL,HIGH_DIGITAL_ENGAGEMENT,20602915.220000,247234.980000,61808.750000,0.000000,49447.000000,8900.460000,3990.440000,172535.330000,3.489298,13460.570000,0.949612,,True,53.440000,True,MEDIUM_PRIORITY,False,Discuss payroll automation and employee banking needs.,Payroll Services,7.000000,57,True,CONTACT_DUE,TASK000437,10,AUTHORISED_RELATIONSHIP_MANAGER,False
OPP0008040,SME002127,RM046,PAYROLL_SERVICES,0.777845,0.875000,0.040327,54.780000,128,171219825.030000,231,0.019232,15,0,NONE,True,False,True,False,True,MEDIUM,Retail Trade,Mediterranean,88152973.700000,77307099.450000,40115873.360000,49383259.240000,0.000000,22257323.290000,8365719.830000,3396599.815000,9737514.905000,103,DERIVED_ANALYTICS,1,0.581878,0.015841,ESTABLISHED_RELATIONSHIP,CROSS_BORDER_ACTIVITY,LOWER_CREDIT_RISK_SIGNAL,98766518.480000,1185198.220000,296299.560000,0.000000,237039.640000,42667.140000,15714.980000,830516.540000,3.503703,12736.560000,0.946971,,True,62.950000,True,MEDIUM_PRIORITY,False,Discuss payroll automation and employee banking needs.,Payroll Services,6.000000,63,True,CONTACT_DUE,TASK000438,10,AUTHORISED_RELATIONSHIP_MANAGER,False
OPP0010079,SME002131,RM045,CASH_MANAGEMENT,0.458982,1.000000,0.000000,73.900000,64,10461908.180000,2,0.035411,0,0,NONE,True,True,True,False,False,MICRO,Manufacturing,Aegean,5454673.180000,4883621.640000,305693.080000,363901.110000,0.000000,0.000000,0.000000,223445.485000,463961.510000,292,DERIVED_ANALYTICS,1,0.230074,0.099502,LOWER_CREDIT_RISK_SIGNAL,ESTABLISHED_RELATIONSHIP,HIGH_DIGITAL_ENGAGEMENT,9767243.280000,107439.680000,29301.730000,0.000000,23441.380000,4219.450000,2365.090000,71553.410000,3.052440,6699.680000,0.911673,,True,52.830000,True,MEDIUM_PRIORITY,False,"Review collections, payments and liquidity visibility.",Cash Management,21.000000,46,True,CONTACT_DUE,TASK000439,10,AUTHORISED_RELATIONSHIP_MANAGER,False
OPP0010083,SME002136,RM030,CASH_MANAGEMENT,0.919444,1.000000,0.000000,89.520000,35,153580241.880000,196,0.027958,0,0,NONE,True,True,True,True,False,MEDIUM,Agriculture,Central Anatolia,92723655.880000,86079052.550000,4949738.680000,35033598.000000,25306583.200000,0.000000,14362890.160000,3806231.153333,7589408.005000,69,DERIVED_ANALYTICS,1,0.713814,0.065005,CROSS_BORDER_ACTIVITY,STRONG_PRODUCT_NEED_SIGNAL,HIGH_DIGITAL_ENGAGEMENT,172158105.100000,1893739.160000,516474.320000,0.000000,413179.450000,74372.300000,26723.720000,1276168.820000,3.088655,82536.810000,0.997252,,True,76.870000,True,MEDIUM_PRIORITY,False,"Review collections, payments and liquidity visibility.",Cash Management,1.000000,46,True,CONTACT_DUE,TASK000440,10,AUTHORISED_RELATIONSHIP_MANAGER,False
OPP0017660,SME002137,RM020,FX_RISK_MANAGEMENT,0.470866,0.625000,1.000000,92.690000,123,23315672.830000,44,0.019171,0,89,NONE,True,True,True,True,True,SMALL,Agriculture,Mediterranean,12068675.020000,9796887.190000,642427.730000,10092194.090000,4557789.510000,2228057.310000,3805879.010000,440865.701667,1064042.868333,179,DERIVED_ANALYTICS,1,0.348608,0.139217,ESTABLISHED_RELATIONSHIP,CROSS_BORDER_ACTIVITY,HIGH_DIGITAL_ENGAGEMENT,13571693.640000,101109.120000,14250.280000,0.000000,45600.890000,8208.160000,2935.750000,75714.930000,1.660383,10120.830000,0.934900,,True,57.120000,True,MEDIUM_PRIORITY,True,Review documented FX exposure and risk-management objectives.,FX Risk Management,8.000000,57,True,CONTACT_DUE,TASK000441,10,AUTHORISED_RELATIONSHIP_MANAGER,False
OPP0010089,SME002145,RM009,CASH_MANAGEMENT,0.584496,0.625000,1.000000,78.780000,111,29037584.870000,40,0.043854,0,0,NONE,True,True,True,False,False,SMALL,Retail Trade,Marmara,16106613.150000,13643768.080000,9746005.970000,7857987.830000,0.000000,0.000000,0.000000,583099.766667,1379232.795000,24,DERIVED_ANALYTICS,1,0.384894,0.115223,ESTABLISHED_RELATIONSHIP,HIGH_DIGITAL_ENGAGEMENT,MATERIAL_BUSINESS_SCALE,27287536.160000,300162.900000,81862.610000,0.000000,65490.090000,11788.220000,4993.130000,201518.940000,3.077091,22799.660000,0.972031,,True,59.290000,True,MEDIUM_PRIORITY,False,"Review collections, payments and liquidity visibility.",Cash Management,20.000000,69,True,CONTACT_DUE,TASK000442,10,AUTHORISED_RELATIONSHIP_MANAGER,False
OPP0010093,SME002152,RM032,CASH_MANAGEMENT,0.493651,0.750000,1.000000,73.670000,62,15244943.590000,48,0.017897,0,29,MEDIUM,True,True,True,True,False,SMALL,Manufacturing,Aegean,7960919.860000,7250728.430000,355690.120000,9753457.520000,2783473.530000,0.000000,1678208.750000,252694.063333,908889.670000,290,DERIVED_ANALYTICS,1,0.251786,0.165543,CROSS_BORDER_ACTIVITY,LOWER_CREDIT_RISK_SIGNAL,MATERIAL_BUSINESS_SCALE,14501456.860000,159516.030000,43504.370000,0.000000,34803.500000,6264.630000,3075.220000,106671.810000,3.064974,17238.760000,0.962061,,True,58.630000,True,MEDIUM_PRIORITY,False,"Review collections, payments and liquidity visibility.",Cash Management,9.000000,50,True,CONTACT_DUE,TASK000443,10,AUTHORISED_RELATIONSHIP_MANAGER,False
OPP0008063,SME002162,RM002,PAYROLL_SERVICES,0.893469,0.500000,1.000000,39.510000,31,106185575.240000,200,0.021134,0,0,NONE,True,True,True,False,True,MEDIUM,Retail Trade,Marmara,52615659.100000,44648927.480000,31443093.370000,38387251.880000,0.000000,14423640.360000,9120974.030000,1437750.971667,6121539.236667,174,DERIVED_ANALYTICS,1,0.566533,0.012672,CROSS_BORDER_ACTIVITY,LOWER_CREDIT_RISK_SIGNAL,STRONG_PRODUCT_NEED_SIGNAL,76774503.760000,921294.050000,230323.510000,0.000000,184258.810000,33166.590000,12416.180000,645387.770000,3.502616,7758.350000,0.920780,,True,60.500000,True,MEDIUM_PRIORITY,False,Discuss payroll automation and employee banking needs.,Payroll Services,12.000000,57,True,CONTACT_DUE,TASK000444,10,AUTHORISED_RELATIONSHIP_MANAGER,False
OPP0003791,SME002165,RM009,POS_MERCHANT_ACQUIRING,0.548961,0.875000,0.603151,66.300000,113,21063802.500000,17,0.049060,0,3,NONE,True,True,True,False,False,SMALL,Retail Trade,Marmara,10952959.320000,10708481.120000,5821909.680000,3457751.610000,0.000000,0.000000,0.000000,471179.041667,1086019.720000,126,DERIVED_ANALYTICS,1,0.366674,0.101993,ESTABLISHED_RELATIONSHIP,MATERIAL_BUSINESS_SCALE,LOWER_CREDIT_RISK_SIGNAL,11643819.360000,151369.650000,34931.460000,0.000000,69862.920000,12575.330000,2646.570000,101216.290000,1.448784,9903.360000,0.934038,,True,58.550000,True,MEDIUM_PRIORITY,False,"Discuss merchant collections, settlement speed and acquiring economics.",POS & Merchant Acquiring,22.000000,69,True,CONTACT_DUE,TASK000445,10,AUTHORISED_RELATIONSHIP_MANAGER,False
OPP0010105,SME002174,RM048,CASH_MANAGEMENT,0.513027,0.750000,1.000000,95.250000,85,6420500.130000,9,0.038129,0,107,NONE,True,True,True,True,False,MICRO,Transportation,Eastern,3239143.400000,2943111.340000,133781.780000,1873880.310000,768346.020000,0.000000,427219.930000,93499.078333,192510.953333,15,DERIVED_ANALYTICS,1,0.357952,0.144074,ESTABLISHED_RELATIONSHIP,CROSS_BORDER_ACTIVITY,HIGH_DIGITAL_ENGAGEMENT,5886222.680000,64748.450000,17658.670000,0.000000,14126.930000,2542.850000,1782.930000,42764.000000,3.027126,5741.180000,0.903266,,True,59.470000,True,MEDIUM_PRIORITY,False,"Review collections, payments and liquidity visibility.",Cash Management,5.000000,64,True,CONTACT_DUE,TASK000446,10,AUTHORISED_RELATIONSHIP_MANAGER,False
OPP0010106,SME002176,RM042,CASH_MANAGEMENT,0.581156,0.875000,0.614196,54.810000,121,65967373.910000,46,0.011916,0,0,NONE,True,True,True,False,False,SMALL,Transportation,Mediterranean,37548554.180000,31881726.080000,1554844.990000,9585893.590000,0.000000,0.000000,0.000000,1187043.226667,4423099.263333,18,DERIVED_ANALYTICS,1,0.376984,0.065115,ESTABLISHED_RELATIONSHIP,LOWER_CREDIT_RISK_SIGNAL,MATERIAL_BUSINESS_SCALE,63763452.160000,701397.970000,191290.360000,0.000000,153032.290000,27545.810000,10464.520000,472097.280000,3.084952,30320.650000,0.981030,,True,57.120000,True,MEDIUM_PRIORITY,False,"Review collections, payments and liquidity visibility.",Cash Management,6.000000,49,True,CONTACT_DUE,TASK000447,10,AUTHORISED_RELATIONSHIP_MANAGER,False
OPP0010108,SME002180,RM022,CASH_MANAGEMENT,0.583903,0.625000,1.000000,73.050000,130,35221872.390000,26,0.056627,0,0,NONE,True,True,True,False,False,SMALL,Hospitality,Central Anatolia,20869538.660000,18824252.110000,8621309.520000,4785132.080000,0.000000,0.000000,0.000000,879468.540000,1579188.250000,39,DERIVED_ANALYTICS,1,0.403425,0.090572,ESTABLISHED_RELATIONSHIP,MATERIAL_BUSINESS_SCALE,HIGH_DIGITAL_ENGAGEMENT,37648504.220000,414133.550000,112945.510000,0.000000,90356.410000,16264.150000,6547.280000,278376.610000,3.080873,24793.020000,0.974456,,True,57.700000,True,MEDIUM_PRIORITY,False,"Review collections, payments and liquidity visibility.",Cash Management,6.000000,46,True,CONTACT_DUE,TASK000448,10,AUTHORISED_RELATIONSHIP_MANAGER,False
OPP0010110,SME002185,RM018,CASH_MANAGEMENT,0.578407,0.500000,1.000000,78.840000,105,27952737.100000,36,0.056590,0,109,NONE,True,True,True,False,False,SMALL,Agriculture,Mediterranean,14208443.470000,12297108.470000,668684.520000,8329971.040000,0.000000,0.000000,0.000000,461657.946667,1350755.883333,24,DERIVED_ANALYTICS,1,0.389334,0.061703,ESTABLISHED_RELATIONSHIP,HIGH_DIGITAL_ENGAGEMENT,MATERIAL_BUSINESS_SCALE,24594216.940000,270536.390000,73782.650000,0.000000,59026.120000,10624.700000,4589.130000,181539.910000,3.075586,10781.650000,0.938457,,True,52.630000,True,MEDIUM_PRIORITY,False,"Review collections, payments and liquidity visibility.",Cash Management,8.000000,57,True,CONTACT_DUE,TASK000449,10,AUTHORISED_RELATIONSHIP_MANAGER,False
OPP0010117,SME002197,RM008,CASH_MANAGEMENT,0.598498,0.625000,1.000000,72.790000,45,43701793.780000,17,0.044339,0,112,NONE,True,True,True,True,False,SMALL,Professional Services,Marmara,19811645.430000,17995745.900000,1152644.110000,3877483.270000,6209391.480000,0.000000,3701473.410000,587558.295000,2602494.171667,19,DERIVED_ANALYTICS,1,0.340603,0.107784,CROSS_BORDER_ACTIVITY,MATERIAL_BUSINESS_SCALE,LOWER_CREDIT_RISK_SIGNAL,35991491.800000,395906.410000,107974.480000,0.000000,86379.580000,15548.320000,6298.720000,266084.890000,3.080414,28259.810000,0.978605,,True,57.630000,True,MEDIUM_PRIORITY,False,"Review collections, payments and liquidity visibility.",Cash Management,13.000000,69,True,CONTACT_DUE,TASK000450,10,AUTHORISED_RELATIONSHIP_MANAGER,False
OPP0010118,SME002199,RM023,CASH_MANAGEMENT,0.615879,0.750000,1.000000,85.300000,128,29332339.090000,2,0.071099,0,85,NONE,True,True,True,False,False,MICRO,Healthcare,Black Sea,16023298.590000,14290034.470000,9928899.090000,335013.420000,0.000000,0.000000,0.000000,523034.840000,1347153.476667,170,DERIVED_ANALYTICS,1,0.470488,0.056943,ESTABLISHED_RELATIONSHIP,HIGH_DIGITAL_ENGAGEMENT,MATERIAL_BUSINESS_SCALE,28580068.940000,314380.760000,85740.210000,0.000000,68592.170000,12346.590000,5187.010000,211106.950000,3.077712,11601.140000,0.941744,,True,58.180000,True,MEDIUM_PRIORITY,False,"Review collections, payments and liquidity visibility.",Cash Management,2.000000,52,True,CONTACT_DUE,TASK000451,10,AUTHORISED_RELATIONSHIP_MANAGER,False
OPP0010120,SME002202,RM021,CASH_MANAGEMENT,0.499165,0.750000,1.000000,69.590000,125,19430038.810000,18,0.025771,0,0,NONE,True,False,True,False,False,SMALL,Healthcare,Marmara,10440980.940000,9175734.420000,5515732.070000,3505095.270000,0.000000,0.000000,0.000000,395328.466667,1267510.526667,70,DERIVED_ANALYTICS,1,0.353647,0.109417,ESTABLISHED_RELATIONSHIP,LOWER_CREDIT_RISK_SIGNAL,MATERIAL_BUSINESS_SCALE,18351468.840000,201866.160000,55054.410000,0.000000,44043.530000,7927.840000,3652.720000,135231.190000,3.070399,14376.630000,0.953277,,True,56.800000,True,MEDIUM_PRIORITY,False,"Review collections, payments and liquidity visibility.",Cash Management,16.000000,48,True,CONTACT_DUE,TASK000452,10,AUTHORISED_RELATIONSHIP_MANAGER,False
OPP0003826,SME002207,RM025,POS_MERCHANT_ACQUIRING,0.588824,0.750000,1.000000,88.890000,111,17594525.650000,8,0.055283,0,0,NONE,True,True,True,False,False,MICRO,Retail Trade,Black Sea,9146969.820000,8412129.510000,4872075.640000,1717077.620000,0.000000,0.000000,0.000000,309636.010000,1120141.620000,12,DERIVED_ANALYTICS,1,0.433023,0.054318,ESTABLISHED_RELATIONSHIP,HIGH_DIGITAL_ENGAGEMENT,MATERIAL_BUSINESS_SCALE,9744151.280000,126673.970000,29232.450000,0.000000,58464.910000,10523.680000,2361.620000,84556.220000,1.446273,4172.940000,0.882949,,True,55.090000,True,MEDIUM_PRIORITY,False,"Discuss merchant collections, settlement speed and acquiring economics.",POS & Merchant Acquiring,2.000000,55,True,CONTACT_DUE,TASK000453,10,AUTHORISED_RELATIONSHIP_MANAGER,False
OPP0010123,SME002209,RM036,CASH_MANAGEMENT,0.766378,0.875000,0.081178,57.660000,49,169475731.010000,52,0.018956,0,149,NONE,True,True,True,True,True,MEDIUM,Hospitality,Marmara,86890715.160000,77331473.230000,40809330.910000,9769023.950000,17977048.370000,24335746.400000,20537533.460000,3703283.400000,8481673.525000,160,DERIVED_ANALYTICS,1,0.516589,0.052508,CROSS_BORDER_ACTIVITY,LOWER_CREDIT_RISK_SIGNAL,MATERIAL_BUSINESS_SCALE,154662946.460000,1701292.410000,463988.840000,0.000000,371191.070000,66814.390000,24099.440000,1146389.740000,3.088409,59774.320000,0.994341,,True,64.760000,True,MEDIUM_PRIORITY,False,"Review collections, payments and liquidity visibility.",Cash Management,10.000000,68,True,CONTACT_DUE,TASK000454,10,AUTHORISED_RELATIONSHIP_MANAGER,False
OPP0010126,SME002215,RM034,CASH_MANAGEMENT,0.761188,0.750000,1.000000,80.500000,59,104743977.550000,188,0.011743,0,127,MEDIUM,True,False,True,True,True,MEDIUM,Healthcare,Aegean,49318196.900000,44082175.130000,24232970.020000,40922043.780000,14206133.860000,11733399.360000,14940906.390000,2017686.741667,4656733.696667,3,DERIVED_ANALYTICS,1,0.574694,0.169265,CROSS_BORDER_ACTIVITY,LOWER_CREDIT_RISK_SIGNAL,MATERIAL_BUSINESS_SCALE,88164350.260000,969807.850000,264493.050000,0.000000,211594.440000,38087.000000,14124.650000,653103.150000,3.086580,110127.610000,0.998976,,True,75.850000,True,MEDIUM_PRIORITY,False,"Review collections, payments and liquidity visibility.",Cash Management,1.000000,61,True,CONTACT_DUE,TASK000455,10,AUTHORISED_RELATIONSHIP_MANAGER,False
OPP0010129,SME002219,RM036,CASH_MANAGEMENT,0.611789,0.875000,1.000000,72.470000,101,46841390.860000,30,0.015213,15,0,NONE,True,True,True,True,False,SMALL,Manufacturing,Marmara,24763484.070000,22120911.550000,983959.830000,7187142.100000,6716103.130000,0.000000,3353717.130000,683804.178333,2873438.441667,211,DERIVED_ANALYTICS,1,0.406114,0.175244,ESTABLISHED_RELATIONSHIP,CROSS_BORDER_ACTIVITY,LOWER_CREDIT_RISK_SIGNAL,44241823.100000,486660.050000,132725.470000,0.000000,106180.380000,19112.470000,7536.270000,327285.840000,3.082357,56934.720000,0.993749,,True,68.860000,True,MEDIUM_PRIORITY,False,"Review collections, payments and liquidity visibility.",Cash Management,2.000000,68,True,CONTACT_DUE,TASK000456,10,AUTHORISED_RELATIONSHIP_MANAGER,False
OPP0010130,SME002221,RM037,CASH_MANAGEMENT,0.682493,0.750000,1.000000,76.570000,47,68588071.390000,211,0.005237,0,33,NONE,True,False,True,False,False,MEDIUM,Retail Trade,Aegean,36160075.550000,31318122.000000,19297208.890000,48556362.520000,0.000000,0.000000,0.000000,1131040.825000,5989682.400000,160,DERIVED_ANALYTICS,1,0.443513,0.102012,LOWER_CREDIT_RISK_SIGNAL,MATERIAL_BUSINESS_SCALE,HIGH_DIGITAL_ENGAGEMENT,62636244.000000,688998.680000,187908.730000,0.000000,150326.990000,27058.860000,10295.440000,463735.650000,3.084846,46886.790000,0.990354,,True,63.710000,True,MEDIUM_PRIORITY,False,"Review collections, payments and liquidity visibility.",Cash Management,5.000000,47,True,CONTACT_DUE,TASK000457,10,AUTHORISED_RELATIONSHIP_MANAGER,False
OPP0005961,SME002222,RM036,BUSINESS_CREDIT_CARD,0.644861,0.625000,1.000000,57.980000,21,190656921.050000,61,0.040174,0,80,NONE,True,True,True,True,True,MEDIUM,Manufacturing,Marmara,85089653.710000,84131543.740000,4067076.940000,12488240.540000,14757516.690000,22157969.800000,22516387.880000,2711836.588333,7764055.205000,55,DERIVED_ANALYTICS,1,0.373656,0.072946,CROSS_BORDER_ACTIVITY,MATERIAL_BUSINESS_SCALE,LOWER_CREDIT_RISK_SIGNAL,3431824.578900,145166.180000,53673.740000,19687.850000,105013.830000,18902.490000,1414.770000,51487.330000,0.490291,3335.810000,0.866728,,True,54.560000,True,MEDIUM_PRIORITY,True,Review employee spending controls and short-term purchasing needs.,Business Credit Card,25.000000,68,True,CONTACT_DUE,TASK000458,10,AUTHORISED_RELATIONSHIP_MANAGER,False
OPP0010131,SME002223,RM012,CASH_MANAGEMENT,0.591588,0.750000,0.085726,90.290000,73,18899799.040000,3,0.029124,0,0,NONE,True,True,True,False,False,MICRO,Manufacturing,Central Anatolia,10210813.590000,8875536.540000,239505.810000,578611.790000,0.000000,0.000000,0.000000,335237.250000,1438293.833333,55,DERIVED_ANALYTICS,1,0.408602,0.112837,HIGH_DIGITAL_ENGAGEMENT,ESTABLISHED_RELATIONSHIP,LOWER_CREDIT_RISK_SIGNAL,17751073.080000,195261.800000,53253.220000,0.000000,42602.580000,7668.460000,3562.660000,130777.460000,3.069708,14336.490000,0.953115,,True,60.900000,True,MEDIUM_PRIORITY,False,"Review collections, payments and liquidity visibility.",Cash Management,10.000000,50,True,CONTACT_DUE,TASK000459,10,AUTHORISED_RELATIONSHIP_MANAGER,False
OPP0010132,SME002225,RM019,CASH_MANAGEMENT,0.606995,0.750000,1.000000,60.730000,87,71183178.770000,199,0.018878,0,0,NONE,True,True,True,False,False,MEDIUM,Technology,Aegean,32239756.060000,29561636.700000,1872995.810000,41631395.580000,0.000000,0.000000,0.000000,1095475.288333,4898841.676667,99,DERIVED_ANALYTICS,1,0.412041,0.057830,ESTABLISHED_RELATIONSHIP,LOWER_CREDIT_RISK_SIGNAL,MATERIAL_BUSINESS_SCALE,59123273.400000,650356.010000,177369.820000,0.000000,141895.860000,25541.250000,9768.490000,437676.450000,3.084491,24890.770000,0.974671,,True,56.790000,True,MEDIUM_PRIORITY,False,"Review collections, payments and liquidity visibility.",Cash Management,10.000000,70,True,CONTACT_DUE,TASK000460,10,AUTHORISED_RELATIONSHIP_MANAGER,False
OPP0010134,SME002229,RM033,CASH_MANAGEMENT,0.585942,0.875000,0.047740,66.700000,39,47294040.770000,41,0.043198,0,0,NONE,True,True,True,True,False,SMALL,Manufacturing,Mediterranean,24900125.200000,21891516.690000,1415347.230000,8900232.360000,7071612.060000,0.000000,2972553.390000,710335.725000,1796776.318333,68,DERIVED_ANALYTICS,1,0.292513,0.136007,CROSS_BORDER_ACTIVITY,MATERIAL_BUSINESS_SCALE,LOWER_CREDIT_RISK_SIGNAL,43783033.380000,481613.370000,131349.100000,0.000000,105079.280000,18914.270000,7467.460000,323882.540000,3.082268,43630.380000,0.988898,,True,61.040000,True,MEDIUM_PRIORITY,False,"Review collections, payments and liquidity visibility.",Cash Management,5.000000,59,True,CONTACT_DUE,TASK000461,10,AUTHORISED_RELATIONSHIP_MANAGER,False
OPP0003848,SME002235,RM036,POS_MERCHANT_ACQUIRING,0.573810,0.750000,0.919681,58.080000,78,33318490.180000,24,0.026981,0,0,NONE,True,True,True,False,False,SMALL,Healthcare,Marmara,18574501.710000,15835577.580000,10601393.320000,5023691.500000,0.000000,0.000000,0.000000,775052.131667,1935091.030000,36,DERIVED_ANALYTICS,1,0.385120,0.105886,ESTABLISHED_RELATIONSHIP,LOWER_CREDIT_RISK_SIGNAL,MATERIAL_BUSINESS_SCALE,21202786.640000,275636.230000,63608.360000,0.000000,127216.720000,22899.010000,4080.420000,185048.440000,1.454592,19173.960000,0.965186,,True,59.350000,True,MEDIUM_PRIORITY,False,"Discuss merchant collections, settlement speed and acquiring economics.",POS & Merchant Acquiring,18.000000,68,True,CONTACT_DUE,TASK000462,10,AUTHORISED_RELATIONSHIP_MANAGER,False
OPP0003849,SME002236,RM020,POS_MERCHANT_ACQUIRING,0.495007,0.500000,1.000000,62.520000,134,96346133.090000,116,0.076649,60,14,NONE,True,False,True,True,True,MEDIUM,Healthcare,Mediterranean,52802525.480000,46256704.610000,20267411.670000,23513663.010000,15727968.400000,15924523.830000,19690808.030000,1757111.141667,4822550.598333,112,DERIVED_ANALYTICS,1,0.398896,0.079211,ESTABLISHED_RELATIONSHIP,CROSS_BORDER_ACTIVITY,MATERIAL_BUSINESS_SCALE,40534823.340000,526952.700000,121604.470000,0.000000,243208.940000,43777.610000,6980.220000,354590.400000,1.457966,27667.490000,0.977959,,True,53.390000,True,MEDIUM_PRIORITY,False,"Discuss merchant collections, settlement speed and acquiring economics.",POS & Merchant Acquiring,11.000000,57,True,CONTACT_DUE,TASK000463,10,AUTHORISED_RELATIONSHIP_MANAGER,False
OPP0010141,SME002237,RM038,CASH_MANAGEMENT,0.516742,0.750000,0.080040,70.190000,59,22391481.440000,4,0.075815,30,0,NONE,True,True,True,False,False,MICRO,Manufacturing,Aegean,11854031.200000,10954710.780000,466873.430000,817109.170000,0.000000,0.000000,0.000000,568260.768333,1297676.615000,3,DERIVED_ANALYTICS,1,0.253718,0.100227,MATERIAL_BUSINESS_SCALE,ESTABLISHED_RELATIONSHIP,HIGH_DIGITAL_ENGAGEMENT,21909421.560000,241003.640000,65728.260000,0.000000,52582.610000,9464.870000,4186.410000,161624.100000,3.073718,15779.110000,0.957965,,True,53.250000,True,MEDIUM_PRIORITY,False,"Review collections, payments and liquidity visibility.",Cash Management,14.000000,62,True,CONTACT_DUE,TASK000464,10,AUTHORISED_RELATIONSHIP_MANAGER,False
OPP0010142,SME002238,RM020,CASH_MANAGEMENT,0.723059,0.875000,0.563842,96.860000,118,45589074.410000,9,0.026746,0,150,NONE,True,False,True,False,True,MICRO,Professional Services,Mediterranean,25429600.790000,22752114.770000,1453449.780000,1884604.030000,0.000000,6298450.480000,4190298.400000,895508.856667,3187560.423333,63,DERIVED_ANALYTICS,1,0.595709,0.048499,ESTABLISHED_RELATIONSHIP,CROSS_BORDER_ACTIVITY,HIGH_DIGITAL_ENGAGEMENT,45504229.540000,500546.520000,136512.690000,0.000000,109210.150000,19657.830000,7725.630000,336650.370000,3.082592,15907.060000,0.958396,,True,65.340000,True,MEDIUM_PRIORITY,False,"Review collections, payments and liquidity visibility.",Cash Management,3.000000,57,True,CONTACT_DUE,TASK000465,10,AUTHORISED_RELATIONSHIP_MANAGER,False
OPP0010144,SME002240,RM031,CASH_MANAGEMENT,0.858730,0.625000,0.659198,83.040000,73,138994688.010000,242,0.002702,0,6,NONE,True,True,True,True,False,MEDIUM,Transportation,Black Sea,81713095.720000,74361372.990000,4721105.340000,54113490.270000,12247358.440000,0.000000,7961542.920000,2861324.593333,8515818.480000,53,DERIVED_ANALYTICS,1,0.666560,0.050115,CROSS_BORDER_ACTIVITY,LOWER_CREDIT_RISK_SIGNAL,ESTABLISHED_RELATIONSHIP,148722745.980000,1635950.210000,446168.240000,0.000000,356934.590000,64248.230000,23208.410000,1102325.330000,3.088312,54823.020000,0.993102,,True,68.860000,True,MEDIUM_PRIORITY,False,"Review collections, payments and liquidity visibility.",Cash Management,1.000000,55,True,CONTACT_DUE,TASK000466,10,AUTHORISED_RELATIONSHIP_MANAGER,False
OPP0010147,SME002245,RM030,CASH_MANAGEMENT,0.692491,0.625000,1.000000,61.280000,94,106871073.950000,192,0.002000,15,0,MEDIUM,True,True,True,True,True,MEDIUM,Healthcare,Central Anatolia,56821908.940000,54645154.280000,29325906.940000,38705160.610000,17226617.550000,18034947.230000,18825644.260000,2101794.856667,6455774.986667,136,DERIVED_ANALYTICS,1,0.526216,0.106066,ESTABLISHED_RELATIONSHIP,CROSS_BORDER_ACTIVITY,LOWER_CREDIT_RISK_SIGNAL,109290308.560000,1202193.390000,327870.930000,0.000000,262296.740000,47213.410000,17293.550000,809815.500000,3.087402,85474.150000,0.997467,,True,65.820000,True,MEDIUM_PRIORITY,False,"Review collections, payments and liquidity visibility.",Cash Management,6.000000,46,True,CONTACT_DUE,TASK000467,10,AUTHORISED_RELATIONSHIP_MANAGER,False
OPP0010150,SME002250,RM002,CASH_MANAGEMENT,0.694039,0.500000,1.000000,57.850000,15,119655782.830000,241,0.052585,30,0,NONE,True,True,True,True,True,MEDIUM,Agriculture,Marmara,63549145.790000,55985101.790000,1889790.930000,51294178.300000,12810473.410000,14066444.730000,15837436.120000,2280797.831667,6998550.373333,32,DERIVED_ANALYTICS,1,0.361991,0.050354,CROSS_BORDER_ACTIVITY,MATERIAL_BUSINESS_SCALE,LOWER_CREDIT_RISK_SIGNAL,111970203.580000,1231672.240000,335910.610000,0.000000,268728.490000,48371.130000,17695.530000,829694.970000,3.087484,41358.560000,0.987767,,True,54.160000,True,MEDIUM_PRIORITY,False,"Review collections, payments and liquidity visibility.",Cash Management,22.000000,57,True,CONTACT_DUE,TASK000468,10,AUTHORISED_RELATIONSHIP_MANAGER,False
OPP0003863,SME002253,RM047,POS_MERCHANT_ACQUIRING,0.502608,0.875000,0.039834,49.220000,80,50637754.840000,28,0.034661,0,0,NONE,True,True,True,False,True,SMALL,Healthcare,Central Anatolia,27458622.550000,26521102.280000,12861757.280000,5058280.360000,0.000000,5161725.290000,2492582.870000,863160.111667,2427644.811667,197,DERIVED_ANALYTICS,1,0.302937,0.080411,CROSS_BORDER_ACTIVITY,ESTABLISHED_RELATIONSHIP,LOWER_CREDIT_RISK_SIGNAL,25723514.560000,334405.690000,77170.540000,0.000000,154341.090000,27781.400000,4758.530000,224695.220000,1.455835,17647.950000,0.962869,,True,54.070000,True,MEDIUM_PRIORITY,False,"Discuss merchant collections, settlement speed and acquiring economics.",POS & Merchant Acquiring,16.000000,67,True,CONTACT_DUE,TASK000469,10,AUTHORISED_RELATIONSHIP_MANAGER,False
OPP0003865,SME002255,RM032,POS_MERCHANT_ACQUIRING,0.512494,0.625000,1.000000,47.240000,53,40986942.310000,43,0.020637,0,0,NONE,True,False,True,True,False,SMALL,Retail Trade,Aegean,24079193.600000,21228342.770000,12043169.770000,8157555.510000,4660594.020000,0.000000,2572641.910000,953492.586667,1987102.578333,92,DERIVED_ANALYTICS,1,0.232534,0.131494,CROSS_BORDER_ACTIVITY,LOWER_CREDIT_RISK_SIGNAL,MATERIAL_BUSINESS_SCALE,24086339.540000,313122.410000,72259.020000,0.000000,144518.040000,26013.250000,4512.950000,210337.190000,1.455439,27238.090000,0.977474,,True,54.390000,True,MEDIUM_PRIORITY,False,"Discuss merchant collections, settlement speed and acquiring economics.",POS & Merchant Acquiring,16.000000,50,True,CONTACT_DUE,TASK000470,10,AUTHORISED_RELATIONSHIP_MANAGER,False
OPP0010157,SME002261,RM041,CASH_MANAGEMENT,0.483857,0.875000,0.626458,87.860000,66,6767094.250000,2,0.033202,0,0,NONE,True,True,True,True,True,MICRO,Technology,Marmara,3493353.940000,3204558.270000,138454.640000,361849.730000,920465.350000,845856.190000,1147667.310000,125965.826667,479724.838333,7,DERIVED_ANALYTICS,1,0.292733,0.111172,CROSS_BORDER_ACTIVITY,HIGH_DIGITAL_ENGAGEMENT,LOWER_CREDIT_RISK_SIGNAL,6409116.540000,70500.280000,19227.350000,0.000000,15381.880000,2768.740000,1861.370000,46642.820000,3.032322,4765.380000,0.890979,,True,54.810000,True,MEDIUM_PRIORITY,False,"Review collections, payments and liquidity visibility.",Cash Management,24.000000,55,True,CONTACT_DUE,TASK000471,10,AUTHORISED_RELATIONSHIP_MANAGER,False
OPP0003870,SME002262,RM031,POS_MERCHANT_ACQUIRING,0.618032,0.750000,1.000000,77.440000,48,51668224.900000,24,0.027239,15,0,NONE,True,True,True,False,False,SMALL,Retail Trade,Black Sea,26724107.780000,22667447.710000,14878615.730000,5251081.330000,0.000000,0.000000,0.000000,936994.761667,2646015.666667,214,DERIVED_ANALYTICS,1,0.391944,0.055557,LOWER_CREDIT_RISK_SIGNAL,MATERIAL_BUSINESS_SCALE,HIGH_DIGITAL_ENGAGEMENT,29757231.460000,386844.010000,89271.690000,0.000000,178543.390000,32137.810000,5363.580000,260070.930000,1.456626,14028.670000,0.951983,,True,55.770000,True,MEDIUM_PRIORITY,False,"Discuss merchant collections, settlement speed and acquiring economics.",POS & Merchant Acquiring,5.000000,55,True,CONTACT_DUE,TASK000472,10,AUTHORISED_RELATIONSHIP_MANAGER,False
OPP0003871,SME002263,RM002,POS_MERCHANT_ACQUIRING,0.534357,0.875000,1.000000,64.360000,132,18245345.120000,7,0.056279,0,0,NONE,True,True,True,False,False,MICRO,Hospitality,Marmara,10108189.370000,8551584.660000,5282553.330000,1510871.940000,0.000000,0.000000,0.000000,505829.501667,784896.246667,59,DERIVED_ANALYTICS,1,0.354036,0.067511,ESTABLISHED_RELATIONSHIP,MATERIAL_BUSINESS_SCALE,LOWER_CREDIT_RISK_SIGNAL,10565106.660000,137346.390000,31695.320000,0.000000,63390.640000,11410.320000,2484.770000,91755.980000,1.447469,5774.530000,0.903859,,True,54.180000,True,MEDIUM_PRIORITY,False,"Discuss merchant collections, settlement speed and acquiring economics.",POS & Merchant Acquiring,21.000000,57,True,CONTACT_DUE,TASK000473,10,AUTHORISED_RELATIONSHIP_MANAGER,False
OPP0010159,SME002267,RM012,CASH_MANAGEMENT,0.613113,1.000000,0.000000,67.740000,40,56769768.080000,19,0.018365,0,0,MEDIUM,True,True,True,True,False,SMALL,Technology,Central Anatolia,29627472.260000,24586693.070000,1737899.810000,4121719.710000,8282593.080000,0.000000,4807147.650000,1277343.350000,3447192.616667,10,DERIVED_ANALYTICS,1,0.375809,0.123537,CROSS_BORDER_ACTIVITY,LOWER_CREDIT_RISK_SIGNAL,MATERIAL_BUSINESS_SCALE,49173386.140000,540907.250000,147520.160000,0.000000,118016.130000,21242.900000,8276.010000,363868.180000,3.083207,44531.360000,0.989330,,True,64.440000,True,MEDIUM_PRIORITY,False,"Review collections, payments and liquidity visibility.",Cash Management,6.000000,50,True,CONTACT_DUE,TASK000474,10,AUTHORISED_RELATIONSHIP_MANAGER,False
OPP0010170,SME002287,RM003,CASH_MANAGEMENT,0.642397,0.875000,0.088501,66.890000,103,64016018.170000,46,0.032772,30,0,NONE,True,True,True,False,False,SMALL,Construction,Black Sea,42180088.690000,35384015.950000,2087708.330000,8975625.590000,0.000000,0.000000,0.000000,1943701.506667,3579762.485000,100,DERIVED_ANALYTICS,1,0.422765,0.011900,ESTABLISHED_RELATIONSHIP,LOWER_CREDIT_RISK_SIGNAL,MATERIAL_BUSINESS_SCALE,70768031.900000,778448.350000,212304.100000,0.000000,169843.280000,30571.790000,11515.200000,524057.260000,3.085534,5816.330000,0.904344,,True,53.760000,True,MEDIUM_PRIORITY,False,"Review collections, payments and liquidity visibility.",Cash Management,2.000000,52,True,CONTACT_DUE,TASK000475,10,AUTHORISED_RELATIONSHIP_MANAGER,False
OPP0003892,SME002290,RM009,POS_MERCHANT_ACQUIRING,0.572100,0.625000,1.000000,84.090000,66,14904629.200000,34,0.038463,0,0,NONE,True,True,True,True,False,SMALL,Healthcare,Marmara,8388397.960000,8121513.330000,4448342.860000,7730391.350000,2247880.930000,0.000000,949181.300000,245719.436667,486163.040000,94,DERIVED_ANALYTICS,1,0.413713,0.191659,CROSS_BORDER_ACTIVITY,HIGH_DIGITAL_ENGAGEMENT,LOWER_CREDIT_RISK_SIGNAL,8896685.720000,115656.910000,26690.060000,0.000000,53380.110000,9608.420000,2234.500000,77123.930000,1.444807,14361.500000,0.953169,,True,66.480000,True,MEDIUM_PRIORITY,False,"Discuss merchant collections, settlement speed and acquiring economics.",POS & Merchant Acquiring,8.000000,69,True,CONTACT_DUE,TASK000476,10,AUTHORISED_RELATIONSHIP_MANAGER,False
OPP0006007,SME002293,RM029,BUSINESS_CREDIT_CARD,0.660599,0.750000,1.000000,76.040000,109,91140144.000000,42,0.019944,0,145,NONE,True,True,True,False,False,SMALL,Retail Trade,Marmara,51529942.730000,44702193.040000,23499073.580000,8103243.280000,0.000000,0.000000,0.000000,1665667.738333,4469505.203333,32,DERIVED_ANALYTICS,1,0.469345,0.113191,ESTABLISHED_RELATIONSHIP,LOWER_CREDIT_RISK_SIGNAL,MATERIAL_BUSINESS_SCALE,1640522.592000,69394.110000,25657.770000,4672.210000,50199.990000,9036.000000,1146.080000,28882.050000,0.575340,2849.180000,0.856408,,True,62.650000,True,MEDIUM_PRIORITY,True,Review employee spending controls and short-term purchasing needs.,Business Credit Card,9.000000,56,True,CONTACT_DUE,TASK000477,10,AUTHORISED_RELATIONSHIP_MANAGER,False
OPP0010176,SME002298,RM008,CASH_MANAGEMENT,0.493712,0.750000,0.389164,75.120000,61,14277936.550000,11,0.026448,0,0,NONE,True,False,True,True,False,SMALL,Construction,Marmara,7290763.040000,6682954.050000,243468.370000,2431549.120000,2152472.010000,0.000000,1162322.430000,352601.730000,773153.511667,20,DERIVED_ANALYTICS,1,0.271678,0.107877,CROSS_BORDER_ACTIVITY,LOWER_CREDIT_RISK_SIGNAL,HIGH_DIGITAL_ENGAGEMENT,13365908.100000,147024.990000,40097.720000,0.000000,32078.180000,5774.070000,2904.890000,98248.310000,3.062777,10178.750000,0.935169,,True,53.600000,True,MEDIUM_PRIORITY,False,"Review collections, payments and liquidity visibility.",Cash Management,21.000000,69,True,CONTACT_DUE,TASK000478,10,AUTHORISED_RELATIONSHIP_MANAGER,False
OPP0008151,SME002300,RM034,PAYROLL_SERVICES,0.692089,1.000000,0.000000,53.460000,75,62438068.870000,98,0.024929,15,0,LOW,True,True,True,False,True,MEDIUM,Transportation,Aegean,33591774.910000,28141698.300000,1432696.110000,21613769.980000,0.000000,8833903.560000,4999869.120000,959702.116667,2238078.813333,29,DERIVED_ANALYTICS,1,0.500513,0.034595,CROSS_BORDER_ACTIVITY,ESTABLISHED_RELATIONSHIP,LOWER_CREDIT_RISK_SIGNAL,43227539.960000,518730.480000,129682.620000,0.000000,103746.100000,18674.300000,7384.130000,362989.430000,3.498825,12137.680000,0.944115,,True,61.350000,True,MEDIUM_PRIORITY,False,Discuss payroll automation and employee banking needs.,Payroll Services,9.000000,61,True,CONTACT_DUE,TASK000479,10,AUTHORISED_RELATIONSHIP_MANAGER,False
OPP0010185,SME002309,RM045,CASH_MANAGEMENT,0.653493,0.750000,0.768292,67.280000,65,74800256.510000,16,0.025507,0,0,NONE,True,True,True,False,False,SMALL,Technology,Aegean,37696937.060000,36410772.640000,2252634.900000,3547512.050000,0.000000,0.000000,0.000000,1383536.848333,4106509.460000,17,DERIVED_ANALYTICS,1,0.424990,0.112345,LOWER_CREDIT_RISK_SIGNAL,MATERIAL_BUSINESS_SCALE,ESTABLISHED_RELATIONSHIP,72821545.280000,801037.000000,218464.640000,0.000000,174771.710000,31458.910000,11823.230000,539290.220000,3.085684,60166.660000,0.994449,,True,63.490000,True,MEDIUM_PRIORITY,False,"Review collections, payments and liquidity visibility.",Cash Management,5.000000,46,True,CONTACT_DUE,TASK000480,10,AUTHORISED_RELATIONSHIP_MANAGER,False
OPP0010187,SME002311,RM006,CASH_MANAGEMENT,0.628980,0.500000,1.000000,67.890000,70,63162970.170000,150,0.015528,0,0,NONE,True,True,True,False,False,MEDIUM,Transportation,Aegean,33389639.610000,27256253.610000,1594532.200000,29503045.970000,0.000000,0.000000,0.000000,1215680.655000,2354133.303333,152,DERIVED_ANALYTICS,1,0.438150,0.067541,LOWER_CREDIT_RISK_SIGNAL,ESTABLISHED_RELATIONSHIP,MATERIAL_BUSINESS_SCALE,54512507.220000,599637.580000,163537.520000,0.000000,130830.020000,23549.400000,9076.880000,403473.780000,3.083954,26831.190000,0.976881,,True,56.520000,True,MEDIUM_PRIORITY,False,"Review collections, payments and liquidity visibility.",Cash Management,12.000000,63,True,CONTACT_DUE,TASK000481,10,AUTHORISED_RELATIONSHIP_MANAGER,False
OPP0008160,SME002316,RM008,PAYROLL_SERVICES,0.704344,0.750000,1.000000,73.990000,120,27675498.880000,44,0.028435,0,0,NONE,True,True,True,False,False,SMALL,Construction,Marmara,13728342.270000,11275011.700000,672496.400000,10700924.600000,0.000000,0.000000,0.000000,533349.273333,1454480.915000,165,DERIVED_ANALYTICS,1,0.547489,0.080211,ESTABLISHED_RELATIONSHIP,LOWER_CREDIT_RISK_SIGNAL,MATERIAL_BUSINESS_SCALE,21401849.200000,256822.190000,64205.550000,0.000000,51364.440000,9245.600000,4110.280000,179260.760000,3.489978,13958.760000,0.951606,,True,64.860000,True,MEDIUM_PRIORITY,False,Discuss payroll automation and employee banking needs.,Payroll Services,3.000000,69,True,CONTACT_DUE,TASK000482,10,AUTHORISED_RELATIONSHIP_MANAGER,False
OPP0008165,SME002324,RM009,PAYROLL_SERVICES,0.689364,0.750000,1.000000,80.970000,131,8833049.520000,40,0.014449,0,0,NONE,True,True,True,False,True,SMALL,Wholesale Trade,Marmara,4719299.640000,4334406.530000,266062.800000,8006354.640000,0.000000,1085370.370000,630035.860000,168416.340000,594809.691667,56,DERIVED_ANALYTICS,1,0.549250,0.050278,ESTABLISHED_RELATIONSHIP,CROSS_BORDER_ACTIVITY,LOWER_CREDIT_RISK_SIGNAL,16012709.280000,192152.510000,48038.130000,0.000000,38430.500000,6917.490000,3301.910000,133894.980000,3.484081,6311.980000,0.908817,,True,61.130000,True,MEDIUM_PRIORITY,False,Discuss payroll automation and employee banking needs.,Payroll Services,16.000000,69,True,CONTACT_DUE,TASK000483,10,AUTHORISED_RELATIONSHIP_MANAGER,False
OPP0008167,SME002327,RM044,PAYROLL_SERVICES,0.821534,0.500000,1.000000,75.520000,71,112666010.630000,207,0.019983,0,97,NONE,True,True,True,True,False,MEDIUM,Construction,Eastern,67351715.300000,57593231.910000,3410928.980000,42409497.350000,18818229.100000,0.000000,11976647.410000,2759257.761667,6223156.121667,152,DERIVED_ANALYTICS,1,0.647776,0.075194,CROSS_BORDER_ACTIVITY,LOWER_CREDIT_RISK_SIGNAL,ESTABLISHED_RELATIONSHIP,84818994.700000,1017827.940000,254456.980000,0.000000,203565.590000,36641.810000,13622.850000,713106.300000,3.503079,53201.330000,0.992509,,True,68.440000,True,MEDIUM_PRIORITY,False,Discuss payroll automation and employee banking needs.,Payroll Services,2.000000,50,True,CONTACT_DUE,TASK000484,10,AUTHORISED_RELATIONSHIP_MANAGER,False
OPP0010201,SME002338,RM015,CASH_MANAGEMENT,0.596988,0.750000,0.215878,91.210000,62,19132274.890000,10,0.035804,0,0,MEDIUM,True,True,True,False,False,SMALL,Construction,Marmara,10218132.790000,9034436.230000,489105.940000,2017978.730000,0.000000,0.000000,0.000000,387977.348333,1162156.610000,4,DERIVED_ANALYTICS,1,0.405371,0.091038,HIGH_DIGITAL_ENGAGEMENT,LOWER_CREDIT_RISK_SIGNAL,MATERIAL_BUSINESS_SCALE,18068872.460000,198757.600000,54206.620000,0.000000,43365.290000,7805.750000,3610.330000,133134.900000,3.070080,11700.290000,0.942121,,True,58.760000,True,MEDIUM_PRIORITY,False,"Review collections, payments and liquidity visibility.",Cash Management,13.000000,66,True,CONTACT_DUE,TASK000485,10,AUTHORISED_RELATIONSHIP_MANAGER,False
OPP0010206,SME002343,RM043,CASH_MANAGEMENT,0.650243,0.750000,1.000000,68.780000,86,67783707.040000,234,0.017750,0,107,NONE,True,True,True,True,False,MEDIUM,Wholesale Trade,Mediterranean,38651433.370000,33377795.520000,2317779.100000,53902247.630000,6880678.340000,0.000000,3534469.890000,1284482.020000,3548456.791667,188,DERIVED_ANALYTICS,1,0.428228,0.041072,ESTABLISHED_RELATIONSHIP,CROSS_BORDER_ACTIVITY,LOWER_CREDIT_RISK_SIGNAL,66755591.040000,734311.500000,200266.770000,0.000000,160213.420000,28838.420000,10913.340000,494292.970000,3.085216,19881.780000,0.966588,,True,56.600000,True,MEDIUM_PRIORITY,False,"Review collections, payments and liquidity visibility.",Cash Management,10.000000,52,True,CONTACT_DUE,TASK000486,10,AUTHORISED_RELATIONSHIP_MANAGER,False
OPP0010207,SME002344,RM021,CASH_MANAGEMENT,0.515653,0.875000,1.000000,91.630000,65,7900768.720000,8,0.034420,0,0,MEDIUM,True,True,True,True,True,MICRO,Hospitality,Marmara,4407462.000000,4052609.060000,2101381.390000,1942101.480000,1296392.260000,695622.050000,1193246.960000,182821.186667,611438.806667,350,DERIVED_ANALYTICS,1,0.288925,0.122164,CROSS_BORDER_ACTIVITY,HIGH_DIGITAL_ENGAGEMENT,LOWER_CREDIT_RISK_SIGNAL,8105218.120000,89157.400000,24315.650000,0.000000,19452.520000,3501.450000,2115.780000,59224.520000,3.044568,6815.090000,0.912966,,True,56.770000,True,MEDIUM_PRIORITY,False,"Review collections, payments and liquidity visibility.",Cash Management,17.000000,48,True,CONTACT_DUE,TASK000487,10,AUTHORISED_RELATIONSHIP_MANAGER,False
OPP0010209,SME002348,RM044,CASH_MANAGEMENT,0.892059,0.875000,1.000000,76.540000,108,178543681.610000,242,0.023921,0,132,MEDIUM,True,True,True,True,False,MEDIUM,Hospitality,Eastern,105375350.990000,94600131.870000,49115651.960000,53902722.160000,35231154.470000,0.000000,17887628.580000,3823800.703333,11234990.913333,38,DERIVED_ANALYTICS,1,0.700239,0.093512,ESTABLISHED_RELATIONSHIP,CROSS_BORDER_ACTIVITY,STRONG_PRODUCT_NEED_SIGNAL,189200263.740000,2081202.900000,567600.790000,0.000000,454080.630000,81734.510000,29280.040000,1402587.560000,3.088851,130738.070000,0.999677,,True,77.190000,True,MEDIUM_PRIORITY,False,"Review collections, payments and liquidity visibility.",Cash Management,1.000000,50,True,CONTACT_DUE,TASK000488,10,AUTHORISED_RELATIONSHIP_MANAGER,False
OPP0010210,SME002349,RM007,CASH_MANAGEMENT,0.658952,0.625000,0.523992,71.860000,119,64697894.350000,26,0.040039,0,0,NONE,True,True,True,False,False,SMALL,Transportation,Central Anatolia,37207026.350000,33181542.230000,2511874.410000,4966498.800000,0.000000,0.000000,0.000000,1467425.426667,2368790.185000,38,DERIVED_ANALYTICS,1,0.500501,0.090856,ESTABLISHED_RELATIONSHIP,MATERIAL_BUSINESS_SCALE,LOWER_CREDIT_RISK_SIGNAL,66363084.460000,729993.930000,199089.250000,0.000000,159271.400000,28668.850000,10854.460000,491381.370000,3.085183,44225.090000,0.989222,,True,62.750000,True,MEDIUM_PRIORITY,False,"Review collections, payments and liquidity visibility.",Cash Management,7.000000,57,True,CONTACT_DUE,TASK000489,10,AUTHORISED_RELATIONSHIP_MANAGER,False
OPP0008184,SME002354,RM042,PAYROLL_SERVICES,0.735371,0.750000,0.613198,28.690000,9,64697611.250000,143,0.025394,15,0,NONE,True,True,True,True,False,MEDIUM,Hospitality,Mediterranean,37641826.630000,36490236.200000,21692653.800000,27160318.980000,10636512.630000,0.000000,6673737.830000,1420115.421667,4152631.388333,50,DERIVED_ANALYTICS,1,0.379815,0.027816,CROSS_BORDER_ACTIVITY,LOWER_CREDIT_RISK_SIGNAL,MATERIAL_BUSINESS_SCALE,54320637.960000,651847.660000,162961.910000,0.000000,130369.530000,23466.520000,9048.100000,456371.130000,3.500597,12274.430000,0.944816,,True,55.340000,True,MEDIUM_PRIORITY,False,Discuss payroll automation and employee banking needs.,Payroll Services,7.000000,49,True,CONTACT_DUE,TASK000490,10,AUTHORISED_RELATIONSHIP_MANAGER,False
OPP0008185,SME002355,RM036,PAYROLL_SERVICES,0.771531,0.500000,1.000000,84.580000,33,89337878.280000,154,0.060068,0,0,NONE,True,True,True,True,True,MEDIUM,Retail Trade,Marmara,48689010.930000,43420205.080000,25385433.660000,33111400.350000,12110095.140000,10950396.360000,12450131.500000,1721861.273333,4793267.263333,106,DERIVED_ANALYTICS,1,0.540313,0.113266,CROSS_BORDER_ACTIVITY,HIGH_DIGITAL_ENGAGEMENT,MATERIAL_BUSINESS_SCALE,66222800.700000,794673.610000,198668.400000,0.000000,158934.720000,28608.250000,10833.420000,556563.540000,3.501837,62619.580000,0.994826,,True,67.360000,True,MEDIUM_PRIORITY,False,Discuss payroll automation and employee banking needs.,Payroll Services,5.000000,68,True,CONTACT_DUE,TASK000491,10,AUTHORISED_RELATIONSHIP_MANAGER,False
OPP0003940,SME002356,RM028,POS_MERCHANT_ACQUIRING,0.560807,0.625000,1.000000,68.070000,43,19637348.950000,3,0.029752,0,0,NONE,True,True,True,True,True,MICRO,Healthcare,Eastern,10798836.220000,9830370.660000,5914434.980000,654725.860000,2841854.010000,1695197.650000,2348315.690000,344653.088333,1035355.896667,26,DERIVED_ANALYTICS,1,0.347858,0.140341,CROSS_BORDER_ACTIVITY,LOWER_CREDIT_RISK_SIGNAL,MATERIAL_BUSINESS_SCALE,11828869.960000,153775.310000,35486.610000,0.000000,70973.220000,12775.180000,2674.330000,102839.190000,1.448986,14012.600000,0.951929,,True,59.480000,True,MEDIUM_PRIORITY,False,"Discuss merchant collections, settlement speed and acquiring economics.",POS & Merchant Acquiring,3.000000,66,True,CONTACT_DUE,TASK000492,10,AUTHORISED_RELATIONSHIP_MANAGER,False
OPP0008193,SME002363,RM047,PAYROLL_SERVICES,0.488444,0.750000,0.157359,70.050000,116,6256698.770000,9,0.021260,0,91,NONE,True,True,True,True,False,MICRO,Technology,Central Anatolia,3295189.110000,2753921.330000,94297.270000,2065752.420000,1047274.420000,0.000000,690951.980000,112876.760000,426408.948333,163,DERIVED_ANALYTICS,1,0.348249,0.104219,ESTABLISHED_RELATIONSHIP,CROSS_BORDER_ACTIVITY,LOWER_CREDIT_RISK_SIGNAL,4131504.840000,49578.060000,12394.510000,0.000000,9915.610000,1784.810000,1519.730000,33879.010000,3.416735,3110.840000,0.861554,,True,54.280000,True,MEDIUM_PRIORITY,False,Discuss payroll automation and employee banking needs.,Payroll Services,14.000000,67,True,CONTACT_DUE,TASK000493,10,AUTHORISED_RELATIONSHIP_MANAGER,False
OPP0008194,SME002364,RM017,PAYROLL_SERVICES,0.593891,0.625000,1.000000,89.080000,45,176552390.640000,169,0.002000,0,0,NONE,True,True,True,True,False,MEDIUM,Retail Trade,Aegean,93631073.510000,82325162.570000,52122033.010000,32516071.190000,26602253.700000,0.000000,16589183.350000,3638435.648333,12043823.271667,73,DERIVED_ANALYTICS,1,0.402497,0.148497,CROSS_BORDER_ACTIVITY,LOWER_CREDIT_RISK_SIGNAL,HIGH_DIGITAL_ENGAGEMENT,65032142.380000,780385.710000,195096.430000,0.000000,156077.140000,28093.890000,10654.820000,546540.570000,3.501734,80739.390000,0.996982,,True,63.510000,True,MEDIUM_PRIORITY,False,Discuss payroll automation and employee banking needs.,Payroll Services,4.000000,60,True,CONTACT_DUE,TASK000494,10,AUTHORISED_RELATIONSHIP_MANAGER,False
OPP0006059,SME002374,RM004,BUSINESS_CREDIT_CARD,0.884533,0.750000,1.000000,90.610000,114,359139194.520000,223,0.018373,0,144,LOW,True,True,True,False,True,MEDIUM,Manufacturing,Central Anatolia,198825947.230000,189200055.260000,10161998.190000,49534342.610000,0.000000,47719949.520000,24748927.700000,7800100.421667,11554541.263333,12,DERIVED_ANALYTICS,1,0.745620,0.048163,ESTABLISHED_RELATIONSHIP,CROSS_BORDER_ACTIVITY,LOWER_CREDIT_RISK_SIGNAL,6464505.501360,273448.580000,101104.870000,16960.690000,197813.870000,35606.500000,1869.680000,117906.840000,0.596049,5258.800000,0.896853,,True,71.300000,True,MEDIUM_PRIORITY,True,Review employee spending controls and short-term purchasing needs.,Business Credit Card,1.000000,59,True,CONTACT_DUE,TASK000495,10,AUTHORISED_RELATIONSHIP_MANAGER,False
OPP0010229,SME002375,RM008,CASH_MANAGEMENT,0.506378,0.875000,1.000000,73.670000,101,17656499.700000,236,0.024767,0,0,NONE,True,True,True,True,True,MEDIUM,Professional Services,Marmara,8600516.820000,7304373.170000,357971.140000,47942897.510000,2022240.510000,2218160.530000,2324188.620000,345871.825000,815451.601667,76,DERIVED_ANALYTICS,1,0.323028,0.068954,ESTABLISHED_RELATIONSHIP,CROSS_BORDER_ACTIVITY,LOWER_CREDIT_RISK_SIGNAL,14608746.340000,160696.210000,43826.240000,0.000000,35060.990000,6310.980000,3091.310000,107467.680000,3.065164,6990.380000,0.914637,,True,52.900000,True,MEDIUM_PRIORITY,False,"Review collections, payments and liquidity visibility.",Cash Management,23.000000,69,True,CONTACT_DUE,TASK000496,10,AUTHORISED_RELATIONSHIP_MANAGER,False
OPP0010230,SME002377,RM034,CASH_MANAGEMENT,0.581804,0.625000,1.000000,74.110000,122,34936340.810000,36,0.007025,0,0,NONE,True,True,True,False,False,SMALL,Technology,Aegean,17945507.200000,15439848.620000,368651.160000,7447199.520000,0.000000,0.000000,0.000000,693617.373333,1886601.203333,68,DERIVED_ANALYTICS,1,0.432877,0.126884,ESTABLISHED_RELATIONSHIP,LOWER_CREDIT_RISK_SIGNAL,MATERIAL_BUSINESS_SCALE,30879697.240000,339676.670000,92639.090000,0.000000,74111.270000,13340.030000,5531.950000,228165.600000,3.078690,28530.560000,0.978983,,True,61.940000,True,MEDIUM_PRIORITY,False,"Review collections, payments and liquidity visibility.",Cash Management,8.000000,61,True,CONTACT_DUE,TASK000497,10,AUTHORISED_RELATIONSHIP_MANAGER,False
OPP0010234,SME002384,RM039,CASH_MANAGEMENT,0.589880,1.000000,0.000000,45.200000,55,92390283.520000,38,0.043936,0,0,NONE,True,True,True,False,True,SMALL,Healthcare,Eastern,48213840.790000,46541944.070000,22779476.870000,8396641.870000,0.000000,9412173.260000,4483592.580000,1550302.045000,3866440.796667,111,DERIVED_ANALYTICS,1,0.305913,0.077118,CROSS_BORDER_ACTIVITY,MATERIAL_BUSINESS_SCALE,LOWER_CREDIT_RISK_SIGNAL,93083888.140000,1023922.770000,279251.660000,0.000000,223401.330000,40212.240000,14862.580000,689596.290000,3.086805,52759.960000,0.992401,,True,57.570000,True,MEDIUM_PRIORITY,False,"Review collections, payments and liquidity visibility.",Cash Management,3.000000,47,True,CONTACT_DUE,TASK000498,10,AUTHORISED_RELATIONSHIP_MANAGER,False
OPP0003955,SME002385,RM001,POS_MERCHANT_ACQUIRING,0.532662,1.000000,0.000000,74.900000,13,17632139.140000,6,0.036746,0,0,NONE,True,False,True,False,False,MICRO,Retail Trade,Mediterranean,8576422.500000,7959283.910000,4201035.080000,1236147.920000,0.000000,0.000000,0.000000,225655.168333,1114159.745000,99,DERIVED_ANALYTICS,1,0.272884,0.066125,LOWER_CREDIT_RISK_SIGNAL,MATERIAL_BUSINESS_SCALE,HIGH_DIGITAL_ENGAGEMENT,8402070.160000,109226.910000,25206.210000,0.000000,50412.420000,9074.240000,2160.310000,72786.150000,1.443814,4393.000000,0.885967,,True,52.350000,True,MEDIUM_PRIORITY,False,"Discuss merchant collections, settlement speed and acquiring economics.",POS & Merchant Acquiring,10.000000,49,True,CONTACT_DUE,TASK000499,10,AUTHORISED_RELATIONSHIP_MANAGER,False
OPP0008207,SME002386,RM042,PAYROLL_SERVICES,0.730449,0.875000,0.452599,23.450000,15,20474518.790000,49,0.064760,0,0,NONE,True,True,True,True,False,SMALL,Retail Trade,Mediterranean,10826731.430000,9035667.100000,5146354.570000,10628198.860000,2654400.060000,0.000000,1480456.300000,387800.846667,1039642.216667,13,DERIVED_ANALYTICS,1,0.306363,0.093660,CROSS_BORDER_ACTIVITY,MATERIAL_BUSINESS_SCALE,STRONG_PRODUCT_NEED_SIGNAL,21256397.720000,255076.770000,63769.190000,0.000000,51015.350000,9182.760000,4088.460000,178036.360000,3.489859,16254.880000,0.959797,,True,60.330000,True,MEDIUM_PRIORITY,False,Discuss payroll automation and employee banking needs.,Payroll Services,2.000000,49,True,CONTACT_DUE,TASK000500,10,AUTHORISED_RELATIONSHIP_MANAGER,False
OPP0003959,SME002389,RM009,POS_MERCHANT_ACQUIRING,0.605076,1.000000,0.000000,64.730000,101,16906197.930000,5,0.053921,15,0,NONE,True,True,True,False,True,MICRO,Retail Trade,Marmara,9453610.990000,8958643.090000,5979516.580000,1123867.640000,0.000000,2643196.150000,1653470.930000,271164.998333,1002430.560000,196,DERIVED_ANALYTICS,1,0.387905,0.079164,ESTABLISHED_RELATIONSHIP,CROSS_BORDER_ACTIVITY,MATERIAL_BUSINESS_SCALE,11959033.160000,155467.430000,35877.100000,0.000000,71754.200000,12915.760000,2693.850000,103980.720000,1.449124,7811.510000,0.921158,,True,59.430000,True,MEDIUM_PRIORITY,False,"Discuss merchant collections, settlement speed and acquiring economics.",POS & Merchant Acquiring,19.000000,69,True,CONTACT_DUE,TASK000501,10,AUTHORISED_RELATIONSHIP_MANAGER,False
OPP0010239,SME002391,RM031,CASH_MANAGEMENT,0.594007,0.625000,0.447861,75.270000,124,36279258.900000,40,0.025251,0,0,NONE,True,True,True,False,False,SMALL,Transportation,Black Sea,19892287.780000,17269610.220000,704188.780000,9352689.580000,0.000000,0.000000,0.000000,722550.291667,1929805.511667,52,DERIVED_ANALYTICS,1,0.426731,0.043456,ESTABLISHED_RELATIONSHIP,LOWER_CREDIT_RISK_SIGNAL,MATERIAL_BUSINESS_SCALE,34539220.440000,379931.420000,103617.660000,0.000000,82894.130000,14920.940000,6080.880000,255311.940000,3.079976,10674.840000,0.937810,,True,53.770000,True,MEDIUM_PRIORITY,False,"Review collections, payments and liquidity visibility.",Cash Management,7.000000,55,True,CONTACT_DUE,TASK000502,10,AUTHORISED_RELATIONSHIP_MANAGER,False
OPP0010244,SME002401,RM045,CASH_MANAGEMENT,0.579549,0.750000,0.358086,79.980000,96,26126296.610000,2,0.080377,0,0,LOW,True,True,True,False,False,MICRO,Manufacturing,Aegean,15112819.360000,12827546.560000,258366.780000,459182.950000,0.000000,0.000000,0.000000,505130.740000,1369921.906667,16,DERIVED_ANALYTICS,1,0.354237,0.135962,ESTABLISHED_RELATIONSHIP,HIGH_DIGITAL_ENGAGEMENT,MATERIAL_BUSINESS_SCALE,25655093.120000,282206.020000,76965.280000,0.000000,61572.220000,11083.000000,4748.260000,189409.480000,3.076217,25332.470000,0.975102,,True,61.370000,True,MEDIUM_PRIORITY,False,"Review collections, payments and liquidity visibility.",Cash Management,9.000000,46,True,CONTACT_DUE,TASK000503,10,AUTHORISED_RELATIONSHIP_MANAGER,False
OPP0003971,SME002402,RM043,POS_MERCHANT_ACQUIRING,0.575329,0.750000,1.000000,89.020000,65,14354366.530000,5,0.052975,0,62,LOW,True,True,True,False,False,MICRO,Hospitality,Mediterranean,8447059.070000,7952420.100000,4410758.780000,982142.800000,0.000000,0.000000,0.000000,282035.168333,728219.758333,346,DERIVED_ANALYTICS,1,0.383341,0.078345,HIGH_DIGITAL_ENGAGEMENT,ESTABLISHED_RELATIONSHIP,MATERIAL_BUSINESS_SCALE,8821517.560000,114679.730000,26464.550000,0.000000,52929.110000,9527.240000,2223.230000,76464.710000,1.444663,5570.660000,0.901380,,True,55.700000,True,MEDIUM_PRIORITY,False,"Discuss merchant collections, settlement speed and acquiring economics.",POS & Merchant Acquiring,13.000000,52,True,CONTACT_DUE,TASK000504,10,AUTHORISED_RELATIONSHIP_MANAGER,False
OPP0008222,SME002404,RM029,PAYROLL_SERVICES,0.705530,0.375000,1.000000,57.350000,114,13929706.950000,40,0.024848,0,0,NONE,True,True,True,False,True,SMALL,Manufacturing,Marmara,6512848.480000,5838998.860000,223226.710000,8005964.490000,0.000000,1519060.960000,760901.520000,240813.133333,703330.260000,6,DERIVED_ANALYTICS,1,0.489806,0.108777,ESTABLISHED_RELATIONSHIP,CROSS_BORDER_ACTIVITY,LOWER_CREDIT_RISK_SIGNAL,16011928.980000,192143.150000,48035.790000,0.000000,38428.630000,6917.150000,3301.790000,133888.420000,3.484080,14144.050000,0.952414,,True,61.880000,True,MEDIUM_PRIORITY,False,Discuss payroll automation and employee banking needs.,Payroll Services,10.000000,56,True,CONTACT_DUE,TASK000505,10,AUTHORISED_RELATIONSHIP_MANAGER,False
OPP0010245,SME002405,RM038,CASH_MANAGEMENT,0.768850,0.875000,0.044656,49.750000,108,291145840.280000,161,0.020843,0,0,NONE,True,True,True,True,True,MEDIUM,Professional Services,Aegean,155548656.610000,143785201.940000,9039178.170000,32114167.120000,44419333.920000,46468335.450000,59956374.480000,4670786.325000,14190597.811667,24,DERIVED_ANALYTICS,1,0.541845,0.064266,ESTABLISHED_RELATIONSHIP,CROSS_BORDER_ACTIVITY,LOWER_CREDIT_RISK_SIGNAL,250000000.000000,2750000.000000,750000.000000,0.000000,600000.000000,108000.000000,38400.000000,1853600.000000,3.089333,118703.530000,0.999192,,True,66.770000,True,MEDIUM_PRIORITY,False,"Review collections, payments and liquidity visibility.",Cash Management,2.000000,62,True,CONTACT_DUE,TASK000506,10,AUTHORISED_RELATIONSHIP_MANAGER,False
OPP0003977,SME002410,RM036,POS_MERCHANT_ACQUIRING,0.640415,0.875000,0.090382,84.450000,120,46184561.820000,23,0.027901,0,170,NONE,True,True,True,False,False,SMALL,Healthcare,Marmara,24514748.550000,20293038.510000,14099215.140000,4885477.920000,0.000000,0.000000,0.000000,1056917.600000,1998640.788333,134,DERIVED_ANALYTICS,1,0.558722,0.139390,ESTABLISHED_RELATIONSHIP,LOWER_CREDIT_RISK_SIGNAL,HIGH_DIGITAL_ENGAGEMENT,28198430.280000,366579.590000,84595.290000,0.000000,169190.580000,30454.300000,5129.760000,246400.240000,1.456347,33925.750000,0.983509,,True,70.970000,True,MEDIUM_PRIORITY,False,"Discuss merchant collections, settlement speed and acquiring economics.",POS & Merchant Acquiring,1.000000,68,True,CONTACT_DUE,TASK000507,10,AUTHORISED_RELATIONSHIP_MANAGER,False
OPP0010250,SME002412,RM010,CASH_MANAGEMENT,0.501205,0.875000,0.176207,60.000000,96,29213716.660000,5,0.057345,60,0,NONE,True,True,True,True,False,MICRO,Manufacturing,Central Anatolia,17043229.310000,15308609.620000,751846.410000,1020475.490000,5269995.980000,0.000000,2685949.240000,752692.173333,1452404.775000,133,DERIVED_ANALYTICS,1,0.275062,0.107900,ESTABLISHED_RELATIONSHIP,CROSS_BORDER_ACTIVITY,MATERIAL_BUSINESS_SCALE,30617219.240000,336789.410000,91851.660000,0.000000,73481.330000,13226.640000,5492.580000,226218.530000,3.078585,23988.990000,0.973486,,True,55.810000,True,MEDIUM_PRIORITY,False,"Review collections, payments and liquidity visibility.",Cash Management,10.000000,58,True,CONTACT_DUE,TASK000508,10,AUTHORISED_RELATIONSHIP_MANAGER,False
OPP0010254,SME002420,RM037,CASH_MANAGEMENT,0.658294,0.875000,0.098058,84.540000,90,44581754.670000,24,0.010090,0,0,NONE,True,True,True,False,False,SMALL,Wholesale Trade,Aegean,21323674.280000,20595573.900000,915473.690000,4565553.910000,0.000000,0.000000,0.000000,647989.706667,2539373.385000,165,DERIVED_ANALYTICS,1,0.469089,0.095960,ESTABLISHED_RELATIONSHIP,LOWER_CREDIT_RISK_SIGNAL,HIGH_DIGITAL_ENGAGEMENT,41191147.800000,453102.630000,123573.440000,0.000000,98858.750000,17794.580000,7078.670000,304655.940000,3.081730,28814.820000,0.979306,,True,64.510000,True,MEDIUM_PRIORITY,False,"Review collections, payments and liquidity visibility.",Cash Management,3.000000,47,True,CONTACT_DUE,TASK000509,10,AUTHORISED_RELATIONSHIP_MANAGER,False
OPP0010257,SME002423,RM022,CASH_MANAGEMENT,0.557469,0.875000,0.064436,88.760000,4,14268976.790000,9,0.023401,0,0,NONE,True,True,True,False,False,MICRO,Transportation,Central Anatolia,8172475.940000,6865253.370000,442453.340000,1890757.890000,0.000000,0.000000,0.000000,339896.335000,769829.483333,348,DERIVED_ANALYTICS,1,0.321290,0.074051,HIGH_DIGITAL_ENGAGEMENT,LOWER_CREDIT_RISK_SIGNAL,MATERIAL_BUSINESS_SCALE,13730506.740000,151035.570000,41191.520000,0.000000,32953.220000,5931.580000,2959.580000,100952.890000,3.063521,7055.690000,0.914960,,True,54.430000,True,MEDIUM_PRIORITY,False,"Review collections, payments and liquidity visibility.",Cash Management,14.000000,46,True,CONTACT_DUE,TASK000510,10,AUTHORISED_RELATIONSHIP_MANAGER,False
OPP0010261,SME002428,RM032,CASH_MANAGEMENT,0.566114,1.000000,0.000000,61.360000,59,46944797.160000,23,0.042395,0,0,NONE,True,True,True,False,False,SMALL,Professional Services,Aegean,26881721.140000,25252835.800000,1321707.430000,5621965.640000,0.000000,0.000000,0.000000,1032420.125000,1924931.581667,2,DERIVED_ANALYTICS,1,0.301887,0.075741,MATERIAL_BUSINESS_SCALE,LOWER_CREDIT_RISK_SIGNAL,ESTABLISHED_RELATIONSHIP,50505671.600000,555562.390000,151517.010000,0.000000,121213.610000,21818.450000,8475.850000,373751.080000,3.083409,27888.210000,0.978336,,True,56.540000,True,MEDIUM_PRIORITY,False,"Review collections, payments and liquidity visibility.",Cash Management,12.000000,50,True,CONTACT_DUE,TASK000511,10,AUTHORISED_RELATIONSHIP_MANAGER,False
OPP0008240,SME002432,RM047,PAYROLL_SERVICES,0.932013,0.875000,0.633611,22.140000,45,123758999.470000,226,0.002000,0,0,NONE,True,False,True,True,False,MEDIUM,Healthcare,Central Anatolia,63231048.310000,50972609.610000,26380307.130000,46636887.040000,20765769.350000,0.000000,9865647.820000,2001612.823333,7712547.486667,45,DERIVED_ANALYTICS,1,0.635423,0.066773,CROSS_BORDER_ACTIVITY,LOWER_CREDIT_RISK_SIGNAL,STRONG_PRODUCT_NEED_SIGNAL,93273774.080000,1119285.290000,279821.320000,0.000000,223857.060000,40294.270000,14891.070000,784278.630000,3.503480,51948.500000,0.992240,,True,73.460000,True,MEDIUM_PRIORITY,False,Discuss payroll automation and employee banking needs.,Payroll Services,2.000000,67,True,CONTACT_DUE,TASK000512,10,AUTHORISED_RELATIONSHIP_MANAGER,False
OPP0003994,SME002434,RM038,POS_MERCHANT_ACQUIRING,0.553868,1.000000,0.000000,67.020000,98,42627679.980000,41,0.031627,0,0,NONE,True,True,True,False,False,SMALL,Retail Trade,Aegean,23219416.340000,21905364.370000,11630574.900000,7241822.590000,0.000000,0.000000,0.000000,858061.815000,2352297.905000,259,DERIVED_ANALYTICS,1,0.349901,0.136461,ESTABLISHED_RELATIONSHIP,LOWER_CREDIT_RISK_SIGNAL,MATERIAL_BUSINESS_SCALE,23261149.800000,302394.950000,69783.450000,0.000000,139566.900000,25122.040000,4389.170000,203100.290000,1.455218,27295.320000,0.977581,,True,63.260000,True,MEDIUM_PRIORITY,False,"Discuss merchant collections, settlement speed and acquiring economics.",POS & Merchant Acquiring,3.000000,62,True,CONTACT_DUE,TASK000513,10,AUTHORISED_RELATIONSHIP_MANAGER,False
OPP0010268,SME002436,RM002,CASH_MANAGEMENT,0.618841,0.625000,0.774322,69.990000,62,54563934.230000,13,0.018509,0,0,NONE,True,True,True,False,True,SMALL,Professional Services,Marmara,28575865.260000,24263949.360000,1123922.200000,2985522.320000,0.000000,5533193.310000,2952408.670000,1022793.541667,2945379.175000,130,DERIVED_ANALYTICS,1,0.382590,0.051562,CROSS_BORDER_ACTIVITY,LOWER_CREDIT_RISK_SIGNAL,MATERIAL_BUSINESS_SCALE,48527898.720000,533806.890000,145583.700000,0.000000,116466.960000,20964.050000,8179.180000,359079.960000,3.083106,18094.790000,0.963731,,True,54.100000,True,MEDIUM_PRIORITY,False,"Review collections, payments and liquidity visibility.",Cash Management,23.000000,57,True,CONTACT_DUE,TASK000514,10,AUTHORISED_RELATIONSHIP_MANAGER,False
OPP0010270,SME002440,RM019,CASH_MANAGEMENT,0.565753,0.875000,1.000000,63.970000,58,42468889.660000,8,0.067949,0,167,NONE,True,False,True,False,True,MICRO,Hospitality,Aegean,24629942.790000,23349179.210000,14268591.440000,1643141.930000,0.000000,5158959.450000,3077749.100000,811475.621667,2313078.356667,149,DERIVED_ANALYTICS,1,0.259775,0.077632,CROSS_BORDER_ACTIVITY,MATERIAL_BUSINESS_SCALE,ESTABLISHED_RELATIONSHIP,46698358.420000,513681.940000,140095.080000,0.000000,112076.060000,20173.690000,7904.750000,345508.420000,3.082803,26402.460000,0.976396,,True,54.070000,True,MEDIUM_PRIORITY,False,"Review collections, payments and liquidity visibility.",Cash Management,13.000000,70,True,CONTACT_DUE,TASK000515,10,AUTHORISED_RELATIONSHIP_MANAGER,False
OPP0010274,SME002446,RM013,CASH_MANAGEMENT,0.575060,0.875000,0.074543,68.260000,108,39320659.110000,33,0.021293,0,0,NONE,True,True,True,False,False,SMALL,Manufacturing,Black Sea,23201428.190000,20662077.360000,1222681.790000,6702176.870000,0.000000,0.000000,0.000000,681110.263333,2134250.995000,43,DERIVED_ANALYTICS,1,0.362190,0.060489,ESTABLISHED_RELATIONSHIP,LOWER_CREDIT_RISK_SIGNAL,MATERIAL_BUSINESS_SCALE,41324154.720000,454565.700000,123972.460000,0.000000,99177.970000,17852.030000,7098.620000,305642.590000,3.081759,18067.970000,0.963570,,True,55.780000,True,MEDIUM_PRIORITY,False,"Review collections, payments and liquidity visibility.",Cash Management,1.000000,70,True,CONTACT_DUE,TASK000516,10,AUTHORISED_RELATIONSHIP_MANAGER,False
OPP0004009,SME002455,RM043,POS_MERCHANT_ACQUIRING,0.636197,0.750000,0.519505,57.450000,92,80620731.380000,23,0.067904,0,0,NONE,True,True,True,False,False,SMALL,Hospitality,Mediterranean,40719021.500000,39751863.650000,25335192.680000,4799658.230000,0.000000,0.000000,0.000000,1255748.621667,5131851.308333,106,DERIVED_ANALYTICS,1,0.397817,0.067502,ESTABLISHED_RELATIONSHIP,MATERIAL_BUSINESS_SCALE,LOWER_CREDIT_RISK_SIGNAL,50670385.360000,658715.010000,152011.160000,0.000000,304022.310000,54724.020000,8500.560000,443479.270000,1.458706,29515.570000,0.980168,,True,57.940000,True,MEDIUM_PRIORITY,False,"Discuss merchant collections, settlement speed and acquiring economics.",POS & Merchant Acquiring,8.000000,52,True,CONTACT_DUE,TASK000517,10,AUTHORISED_RELATIONSHIP_MANAGER,False
OPP0010285,SME002464,RM037,CASH_MANAGEMENT,0.732329,0.750000,0.545734,89.440000,133,60931931.020000,49,0.026153,0,15,NONE,True,True,True,False,False,SMALL,Agriculture,Aegean,34729565.100000,33082200.570000,1643988.530000,10468339.220000,0.000000,0.000000,0.000000,1673001.545000,4061213.973333,154,DERIVED_ANALYTICS,1,0.598465,0.126226,ESTABLISHED_RELATIONSHIP,HIGH_DIGITAL_ENGAGEMENT,LOWER_CREDIT_RISK_SIGNAL,66164401.140000,727808.410000,198493.200000,0.000000,158794.560000,28583.020000,10824.660000,489907.530000,3.085166,61418.850000,0.994665,,True,72.030000,True,MEDIUM_PRIORITY,False,"Review collections, payments and liquidity visibility.",Cash Management,1.000000,47,True,CONTACT_DUE,TASK000518,10,AUTHORISED_RELATIONSHIP_MANAGER,False
OPP0010286,SME002465,RM036,CASH_MANAGEMENT,0.664315,0.625000,0.225256,85.940000,21,42491948.380000,41,0.014294,0,0,NONE,True,True,True,False,False,SMALL,Transportation,Marmara,24183421.500000,21251238.450000,861454.800000,8544308.970000,0.000000,0.000000,0.000000,836071.875000,3251571.163333,306,DERIVED_ANALYTICS,1,0.426030,0.106889,LOWER_CREDIT_RISK_SIGNAL,HIGH_DIGITAL_ENGAGEMENT,MATERIAL_BUSINESS_SCALE,42502476.900000,467527.250000,127507.430000,0.000000,102005.940000,18361.070000,7275.370000,314383.380000,3.082011,33184.250000,0.983078,,True,61.810000,True,MEDIUM_PRIORITY,False,"Review collections, payments and liquidity visibility.",Cash Management,12.000000,68,True,CONTACT_DUE,TASK000519,10,AUTHORISED_RELATIONSHIP_MANAGER,False
OPP0017960,SME002481,RM022,FX_RISK_MANAGEMENT,0.471229,0.750000,1.000000,70.240000,135,104490719.000000,67,0.004153,30,0,NONE,True,True,True,True,True,MEDIUM,Technology,Central Anatolia,55548972.250000,49155866.110000,1667969.590000,14133628.190000,11782363.280000,14044609.510000,12566495.710000,1865592.561667,3491813.681667,34,DERIVED_ANALYTICS,1,0.425320,0.069419,ESTABLISHED_RELATIONSHIP,CROSS_BORDER_ACTIVITY,LOWER_CREDIT_RISK_SIGNAL,51653945.580000,384821.890000,54236.640000,0.000000,173557.260000,31240.310000,8648.090000,290696.850000,1.674933,19759.830000,0.966426,,True,55.120000,True,MEDIUM_PRIORITY,True,Review documented FX exposure and risk-management objectives.,FX Risk Management,13.000000,46,True,CONTACT_DUE,TASK000520,10,AUTHORISED_RELATIONSHIP_MANAGER,False
OPP0010298,SME002482,RM017,CASH_MANAGEMENT,0.644833,0.750000,0.654046,79.790000,95,49134941.130000,31,0.030738,0,0,NONE,True,True,True,False,True,SMALL,Professional Services,Aegean,22753957.890000,19585619.490000,1462287.250000,5825914.040000,0.000000,5104767.840000,3178720.110000,588490.093333,2645758.350000,34,DERIVED_ANALYTICS,1,0.447441,0.106861,ESTABLISHED_RELATIONSHIP,CROSS_BORDER_ACTIVITY,LOWER_CREDIT_RISK_SIGNAL,39171238.980000,430883.630000,117513.720000,0.000000,94010.970000,16921.970000,6775.690000,289672.250000,3.081260,30534.660000,0.981408,,True,63.290000,True,MEDIUM_PRIORITY,False,"Review collections, payments and liquidity visibility.",Cash Management,6.000000,60,True,CONTACT_DUE,TASK000521,10,AUTHORISED_RELATIONSHIP_MANAGER,False
OPP0010300,SME002486,RM048,CASH_MANAGEMENT,0.689064,0.750000,0.820004,75.510000,130,71499081.790000,14,0.013018,0,0,NONE,True,True,True,True,False,SMALL,Retail Trade,Eastern,40736578.350000,34783103.590000,22865418.930000,2967582.200000,8300962.430000,0.000000,4368878.900000,1449071.508333,3559182.558333,74,DERIVED_ANALYTICS,1,0.527787,0.174929,ESTABLISHED_RELATIONSHIP,CROSS_BORDER_ACTIVITY,LOWER_CREDIT_RISK_SIGNAL,69566207.180000,765228.280000,208698.620000,0.000000,166958.900000,30052.600000,11334.930000,515142.130000,3.085443,89693.130000,0.997790,,True,73.250000,True,MEDIUM_PRIORITY,False,"Review collections, payments and liquidity visibility.",Cash Management,1.000000,64,True,CONTACT_DUE,TASK000522,10,AUTHORISED_RELATIONSHIP_MANAGER,False
OPP0010301,SME002487,RM030,CASH_MANAGEMENT,0.578153,0.375000,1.000000,73.260000,124,34746025.140000,28,0.014551,0,163,NONE,True,True,True,True,True,SMALL,Wholesale Trade,Central Anatolia,17825924.370000,16266506.390000,818491.280000,6129935.370000,5029986.750000,5847158.460000,5071118.150000,957067.590000,2498988.131667,17,DERIVED_ANALYTICS,1,0.399458,0.096579,ESTABLISHED_RELATIONSHIP,CROSS_BORDER_ACTIVITY,LOWER_CREDIT_RISK_SIGNAL,32533012.780000,357863.140000,97599.040000,0.000000,78079.230000,14054.260000,5779.950000,240429.890000,3.079307,22800.460000,0.972085,,True,55.440000,True,MEDIUM_PRIORITY,False,"Review collections, payments and liquidity visibility.",Cash Management,20.000000,46,True,CONTACT_DUE,TASK000523,10,AUTHORISED_RELATIONSHIP_MANAGER,False
OPP0010303,SME002489,RM007,CASH_MANAGEMENT,0.530992,1.000000,0.000000,85.760000,133,12665093.850000,9,0.045667,5,0,LOW,True,True,True,True,False,MICRO,Transportation,Central Anatolia,6344349.210000,5786931.360000,275874.810000,1828088.420000,1280967.860000,0.000000,589805.680000,222304.356667,657117.683333,69,DERIVED_ANALYTICS,1,0.401629,0.139250,ESTABLISHED_RELATIONSHIP,CROSS_BORDER_ACTIVITY,HIGH_DIGITAL_ENGAGEMENT,11573862.720000,127312.490000,34721.590000,0.000000,27777.270000,4999.910000,2636.080000,84954.910000,3.058433,11409.940000,0.940666,,True,64.000000,True,MEDIUM_PRIORITY,False,"Review collections, payments and liquidity visibility.",Cash Management,6.000000,57,True,CONTACT_DUE,TASK000524,10,AUTHORISED_RELATIONSHIP_MANAGER,False
OPP0010305,SME002491,RM029,CASH_MANAGEMENT,0.503901,0.750000,0.137249,94.440000,123,6050145.070000,7,0.042754,0,8,NONE,True,True,True,True,True,MICRO,Technology,Marmara,2967176.540000,2683717.460000,123947.730000,1176343.090000,790076.490000,634709.840000,824527.170000,126545.858333,288769.686667,356,DERIVED_ANALYTICS,1,0.374366,0.135159,ESTABLISHED_RELATIONSHIP,CROSS_BORDER_ACTIVITY,HIGH_DIGITAL_ENGAGEMENT,5367434.920000,59041.780000,16102.300000,0.000000,12881.840000,2318.730000,1705.120000,38915.630000,3.020968,4839.810000,0.891949,,True,58.780000,True,MEDIUM_PRIORITY,False,"Review collections, payments and liquidity visibility.",Cash Management,17.000000,56,True,CONTACT_DUE,TASK000525,10,AUTHORISED_RELATIONSHIP_MANAGER,False
OPP0010323,SME002522,RM030,CASH_MANAGEMENT,0.672561,0.750000,1.000000,69.910000,16,79394949.380000,34,0.025893,0,0,NONE,True,True,True,False,False,SMALL,Retail Trade,Central Anatolia,39367583.840000,36825610.290000,20761809.000000,7071113.160000,0.000000,0.000000,0.000000,1295431.798333,3866052.988333,78,DERIVED_ANALYTICS,1,0.374563,0.095419,LOWER_CREDIT_RISK_SIGNAL,MATERIAL_BUSINESS_SCALE,HIGH_DIGITAL_ENGAGEMENT,73651220.580000,810163.430000,220953.660000,0.000000,176762.930000,31817.330000,11947.680000,545444.760000,3.085742,51625.650000,0.992024,,True,60.730000,True,MEDIUM_PRIORITY,False,"Review collections, payments and liquidity visibility.",Cash Management,11.000000,46,True,CONTACT_DUE,TASK000526,10,AUTHORISED_RELATIONSHIP_MANAGER,False
OPP0010325,SME002524,RM039,CASH_MANAGEMENT,0.595000,0.750000,0.698434,94.580000,115,16078481.970000,18,0.008690,0,0,NONE,True,True,True,False,False,SMALL,Technology,Eastern,8704629.360000,7307944.610000,398982.680000,3220878.190000,0.000000,0.000000,0.000000,334685.203333,948241.706667,211,DERIVED_ANALYTICS,1,0.514921,0.108500,ESTABLISHED_RELATIONSHIP,LOWER_CREDIT_RISK_SIGNAL,HIGH_DIGITAL_ENGAGEMENT,14615889.220000,160774.780000,43847.670000,0.000000,35078.130000,6314.060000,3092.380000,107520.670000,3.065177,11246.040000,0.940289,,True,63.760000,True,MEDIUM_PRIORITY,False,"Review collections, payments and liquidity visibility.",Cash Management,1.000000,47,True,CONTACT_DUE,TASK000527,10,AUTHORISED_RELATIONSHIP_MANAGER,False
OPP0010326,SME002525,RM038,CASH_MANAGEMENT,0.535154,0.625000,1.000000,67.690000,103,29338600.910000,14,0.012443,0,0,NONE,True,True,True,False,True,SMALL,Technology,Aegean,16590325.510000,13986235.160000,733452.940000,2797160.710000,0.000000,2938440.340000,1515487.670000,518677.168333,1530792.903333,79,DERIVED_ANALYTICS,1,0.349480,0.104368,ESTABLISHED_RELATIONSHIP,CROSS_BORDER_ACTIVITY,LOWER_CREDIT_RISK_SIGNAL,27972470.320000,307697.170000,83917.410000,0.000000,67133.930000,12084.110000,5095.870000,206599.780000,3.077427,21142.440000,0.969713,,True,56.050000,True,MEDIUM_PRIORITY,False,"Review collections, payments and liquidity visibility.",Cash Management,11.000000,62,True,CONTACT_DUE,TASK000528,10,AUTHORISED_RELATIONSHIP_MANAGER,False
OPP0008310,SME002540,RM015,PAYROLL_SERVICES,0.522197,1.000000,0.000000,57.620000,111,17627702.220000,30,0.014370,0,0,NONE,True,True,True,False,False,SMALL,Transportation,Marmara,9439064.940000,8603531.110000,464230.960000,6034104.400000,0.000000,0.000000,0.000000,310223.005000,629149.515000,257,DERIVED_ANALYTICS,1,0.340490,0.071183,ESTABLISHED_RELATIONSHIP,LOWER_CREDIT_RISK_SIGNAL,MATERIAL_BUSINESS_SCALE,12068208.800000,144818.510000,36204.630000,0.000000,28963.700000,5213.470000,2710.230000,100690.180000,3.476427,6747.460000,0.912319,,True,55.210000,True,MEDIUM_PRIORITY,False,Discuss payroll automation and employee banking needs.,Payroll Services,19.000000,66,True,CONTACT_DUE,TASK000529,10,AUTHORISED_RELATIONSHIP_MANAGER,False
OPP0010336,SME002541,RM007,CASH_MANAGEMENT,0.643783,0.750000,1.000000,84.120000,77,38957180.270000,240,0.018300,90,0,NONE,True,False,True,True,True,MEDIUM,Construction,Central Anatolia,22320093.740000,18071436.010000,1125533.660000,46788434.160000,5750355.810000,4764025.910000,5598328.880000,685301.688333,2199922.881667,63,DERIVED_ANALYTICS,1,0.482090,0.081833,CROSS_BORDER_ACTIVITY,ESTABLISHED_RELATIONSHIP,LOWER_CREDIT_RISK_SIGNAL,36142872.020000,397571.590000,108428.620000,0.000000,86742.890000,15613.720000,6321.430000,267207.820000,3.080458,21446.340000,0.970252,,True,61.920000,True,MEDIUM_PRIORITY,False,"Review collections, payments and liquidity visibility.",Cash Management,8.000000,57,True,CONTACT_DUE,TASK000530,10,AUTHORISED_RELATIONSHIP_MANAGER,False
OPP0004086,SME002555,RM020,POS_MERCHANT_ACQUIRING,0.618040,0.625000,1.000000,83.710000,122,55896145.970000,45,0.034155,0,78,NONE,True,True,True,False,False,SMALL,Healthcare,Mediterranean,27117598.910000,24642428.660000,14474206.630000,9094891.970000,0.000000,0.000000,0.000000,980294.008333,2483493.041667,3,DERIVED_ANALYTICS,1,0.527206,0.129841,ESTABLISHED_RELATIONSHIP,HIGH_DIGITAL_ENGAGEMENT,LOWER_CREDIT_RISK_SIGNAL,28948413.260000,376329.370000,86845.240000,0.000000,173690.480000,31264.290000,5242.260000,252977.580000,1.456485,32426.820000,0.982593,,True,66.090000,True,MEDIUM_PRIORITY,False,"Discuss merchant collections, settlement speed and acquiring economics.",POS & Merchant Acquiring,2.000000,57,True,CONTACT_DUE,TASK000531,10,AUTHORISED_RELATIONSHIP_MANAGER,False
OPP0010344,SME002557,RM012,CASH_MANAGEMENT,0.682004,0.875000,0.040628,86.720000,70,51216161.570000,31,0.017713,0,0,NONE,True,True,True,False,False,SMALL,Wholesale Trade,Central Anatolia,23559785.810000,20673634.230000,1348346.260000,5450444.080000,0.000000,0.000000,0.000000,835703.693333,3585475.316667,96,DERIVED_ANALYTICS,1,0.493630,0.053944,LOWER_CREDIT_RISK_SIGNAL,HIGH_DIGITAL_ENGAGEMENT,ESTABLISHED_RELATIONSHIP,41347268.460000,454819.950000,124041.810000,0.000000,99233.440000,17862.020000,7102.090000,305814.030000,3.081764,16076.770000,0.959205,,True,61.670000,True,MEDIUM_PRIORITY,False,"Review collections, payments and liquidity visibility.",Cash Management,9.000000,50,True,CONTACT_DUE,TASK000532,10,AUTHORISED_RELATIONSHIP_MANAGER,False
OPP0010349,SME002565,RM044,CASH_MANAGEMENT,0.692759,0.500000,0.883267,87.640000,54,50864134.900000,2,0.041654,0,0,NONE,True,True,True,False,True,MICRO,Professional Services,Eastern,26350211.550000,24970850.700000,1620398.190000,393998.100000,0.000000,8695847.620000,4752333.010000,899979.036667,1944021.325000,29,DERIVED_ANALYTICS,1,0.482786,0.050955,CROSS_BORDER_ACTIVITY,HIGH_DIGITAL_ENGAGEMENT,MATERIAL_BUSINESS_SCALE,49941701.400000,549358.720000,149825.100000,0.000000,119860.080000,21574.810000,8391.260000,369567.550000,3.083325,18411.360000,0.964109,,True,57.630000,True,MEDIUM_PRIORITY,False,"Review collections, payments and liquidity visibility.",Cash Management,6.000000,50,True,CONTACT_DUE,TASK000533,10,AUTHORISED_RELATIONSHIP_MANAGER,False
OPP0010352,SME002570,RM012,CASH_MANAGEMENT,0.733016,0.625000,1.000000,93.300000,18,53415997.800000,110,0.028054,0,97,NONE,True,True,True,False,False,MEDIUM,Healthcare,Central Anatolia,31240288.500000,30290017.330000,13246401.070000,24241302.470000,0.000000,0.000000,0.000000,1253627.736667,2513644.176667,4,DERIVED_ANALYTICS,1,0.593642,0.066332,HIGH_DIGITAL_ENGAGEMENT,LOWER_CREDIT_RISK_SIGNAL,MATERIAL_BUSINESS_SCALE,60580034.660000,666380.380000,181740.100000,0.000000,145392.080000,26170.570000,9987.010000,448482.700000,3.084643,29328.550000,0.979953,,True,64.980000,True,MEDIUM_PRIORITY,False,"Review collections, payments and liquidity visibility.",Cash Management,4.000000,50,True,CONTACT_DUE,TASK000534,10,AUTHORISED_RELATIONSHIP_MANAGER,False
OPP0008332,SME002573,RM032,PAYROLL_SERVICES,0.477060,0.875000,1.000000,65.020000,124,50103303.020000,48,0.043688,0,10,NONE,True,True,True,False,False,SMALL,Manufacturing,Aegean,25653462.800000,23098597.280000,1328958.230000,12169166.030000,0.000000,0.000000,0.000000,1063375.870000,2844585.123333,140,DERIVED_ANALYTICS,1,0.288190,0.125079,ESTABLISHED_RELATIONSHIP,MATERIAL_BUSINESS_SCALE,LOWER_CREDIT_RISK_SIGNAL,24338332.060000,292059.980000,73015.000000,0.000000,58412.000000,10514.160000,4550.750000,203980.070000,3.492092,25093.640000,0.974833,,True,57.270000,True,MEDIUM_PRIORITY,False,Discuss payroll automation and employee banking needs.,Payroll Services,11.000000,50,True,CONTACT_DUE,TASK000535,10,AUTHORISED_RELATIONSHIP_MANAGER,False
OPP0010355,SME002575,RM006,CASH_MANAGEMENT,0.489206,0.625000,1.000000,81.720000,128,9871877.700000,3,0.044035,0,0,MEDIUM,True,True,True,False,True,MICRO,Hospitality,Aegean,5126478.810000,4220315.760000,2220084.390000,629331.370000,0.000000,1373804.620000,744379.180000,186421.575000,637242.053333,72,DERIVED_ANALYTICS,1,0.303066,0.101763,ESTABLISHED_RELATIONSHIP,CROSS_BORDER_ACTIVITY,HIGH_DIGITAL_ENGAGEMENT,8440631.520000,92846.950000,25321.890000,0.000000,20257.520000,3646.350000,2166.090000,61712.620000,3.046405,5860.070000,0.904883,,True,52.160000,True,MEDIUM_PRIORITY,False,"Review collections, payments and liquidity visibility.",Cash Management,18.000000,63,True,CONTACT_DUE,TASK000536,10,AUTHORISED_RELATIONSHIP_MANAGER,False
OPP0001749,SME002578,RM032,WORKING_CAPITAL_LOAN,0.499175,0.750000,1.000000,57.710000,107,59844349.470000,17,0.019572,0,82,LOW,True,True,True,True,False,SMALL,Technology,Aegean,30289464.340000,26430624.290000,1435525.590000,3499280.520000,8135666.850000,0.000000,3914783.760000,1218489.398333,3437199.345000,23,DERIVED_ANALYTICS,1,0.343239,0.097068,ESTABLISHED_RELATIONSHIP,CROSS_BORDER_ACTIVITY,LOWER_CREDIT_RISK_SIGNAL,7181321.936400,377019.400000,204811.300000,36599.960000,534290.350000,96172.260000,1977.200000,37458.680000,0.070109,3216.040000,0.864087,,True,53.760000,True,MEDIUM_PRIORITY,True,Review seasonal funding needs and cash-conversion cycle.,Working Capital Loan,17.000000,50,True,CONTACT_DUE,TASK000537,10,AUTHORISED_RELATIONSHIP_MANAGER,False
OPP0010365,SME002588,RM015,CASH_MANAGEMENT,0.785916,0.750000,0.269965,53.460000,39,215344832.590000,223,0.009879,0,0,NONE,True,True,True,True,False,MEDIUM,Technology,Marmara,109199272.150000,96237304.320000,5550862.540000,54474012.740000,32645878.840000,0.000000,18696785.050000,3488825.525000,10193857.760000,42,DERIVED_ANALYTICS,1,0.512979,0.066822,CROSS_BORDER_ACTIVITY,LOWER_CREDIT_RISK_SIGNAL,MATERIAL_BUSINESS_SCALE,192474608.640000,2117220.700000,577423.830000,0.000000,461939.060000,83149.030000,29771.190000,1426876.650000,3.088885,94926.390000,0.998222,,True,65.190000,True,MEDIUM_PRIORITY,False,"Review collections, payments and liquidity visibility.",Cash Management,7.000000,66,True,CONTACT_DUE,TASK000538,10,AUTHORISED_RELATIONSHIP_MANAGER,False
OPP0010366,SME002590,RM032,CASH_MANAGEMENT,0.708072,0.875000,0.058652,47.610000,33,158949853.000000,14,0.006490,0,0,NONE,True,True,True,False,False,SMALL,Professional Services,Aegean,83881856.240000,73519249.550000,4314479.360000,3469118.210000,0.000000,0.000000,0.000000,2780600.033333,6496161.151667,18,DERIVED_ANALYTICS,1,0.390985,0.064700,LOWER_CREDIT_RISK_SIGNAL,MATERIAL_BUSINESS_SCALE,STRONG_PRODUCT_NEED_SIGNAL,147038499.100000,1617423.490000,441115.500000,0.000000,352892.400000,63520.630000,22955.770000,1089831.590000,3.088283,70092.040000,0.995689,,True,60.580000,True,MEDIUM_PRIORITY,False,"Review collections, payments and liquidity visibility.",Cash Management,8.000000,50,True,CONTACT_DUE,TASK000539,10,AUTHORISED_RELATIONSHIP_MANAGER,False
OPP0010369,SME002594,RM041,CASH_MANAGEMENT,0.679679,0.750000,0.485577,85.390000,39,48866728.970000,47,0.007923,0,0,NONE,True,True,True,False,False,SMALL,Professional Services,Marmara,27001772.820000,24872042.200000,1069800.050000,9356247.390000,0.000000,0.000000,0.000000,1001879.845000,2434248.976667,44,DERIVED_ANALYTICS,1,0.457400,0.077447,LOWER_CREDIT_RISK_SIGNAL,HIGH_DIGITAL_ENGAGEMENT,MATERIAL_BUSINESS_SCALE,49744084.400000,547184.930000,149232.250000,0.000000,119385.800000,21489.440000,8361.610000,368101.630000,3.083295,28088.210000,0.978498,,True,61.670000,True,MEDIUM_PRIORITY,False,"Review collections, payments and liquidity visibility.",Cash Management,11.000000,55,True,CONTACT_DUE,TASK000540,10,AUTHORISED_RELATIONSHIP_MANAGER,False
OPP0010371,SME002597,RM015,CASH_MANAGEMENT,0.548592,0.750000,0.665643,83.360000,59,16829677.580000,10,0.010121,0,0,NONE,True,True,True,False,False,SMALL,Technology,Marmara,9147648.590000,8327008.450000,443743.960000,1911389.180000,0.000000,0.000000,0.000000,379610.480000,889837.231667,144,DERIVED_ANALYTICS,1,0.370754,0.086947,LOWER_CREDIT_RISK_SIGNAL,HIGH_DIGITAL_ENGAGEMENT,MATERIAL_BUSINESS_SCALE,16654016.900000,183194.190000,49962.050000,0.000000,39969.640000,7194.540000,3398.100000,122639.500000,3.068316,10243.100000,0.935600,,True,56.100000,True,MEDIUM_PRIORITY,False,"Review collections, payments and liquidity visibility.",Cash Management,17.000000,66,True,CONTACT_DUE,TASK000541,10,AUTHORISED_RELATIONSHIP_MANAGER,False
OPP0004121,SME002601,RM015,POS_MERCHANT_ACQUIRING,0.450160,0.625000,1.000000,81.920000,59,6143104.150000,8,0.025638,0,153,NONE,True,True,True,True,True,MICRO,Healthcare,Marmara,3270179.100000,2807499.750000,1299052.840000,1473829.540000,810587.910000,691555.700000,838284.080000,131647.593333,361897.995000,183,DERIVED_ANALYTICS,1,0.282163,0.135841,CROSS_BORDER_ACTIVITY,LOWER_CREDIT_RISK_SIGNAL,HIGH_DIGITAL_ENGAGEMENT,2598105.680000,33775.370000,7794.320000,0.000000,15588.630000,2805.950000,1289.720000,21885.380000,1.403932,2552.940000,0.847435,,True,52.660000,True,MEDIUM_PRIORITY,False,"Discuss merchant collections, settlement speed and acquiring economics.",POS & Merchant Acquiring,26.000000,66,True,CONTACT_DUE,TASK000542,10,AUTHORISED_RELATIONSHIP_MANAGER,False
OPP0004132,SME002617,RM048,POS_MERCHANT_ACQUIRING,0.539155,0.625000,1.000000,82.960000,37,31688409.570000,17,0.038347,0,0,NONE,True,True,True,False,False,SMALL,Healthcare,Eastern,17317918.480000,15823397.560000,7713444.460000,3223388.260000,0.000000,0.000000,0.000000,522485.596667,1783927.530000,47,DERIVED_ANALYTICS,1,0.376339,0.124341,HIGH_DIGITAL_ENGAGEMENT,LOWER_CREDIT_RISK_SIGNAL,MATERIAL_BUSINESS_SCALE,15426888.920000,200549.560000,46280.670000,0.000000,92561.330000,16661.040000,3214.030000,134393.820000,1.451943,16290.620000,0.959959,,True,58.620000,True,MEDIUM_PRIORITY,False,"Discuss merchant collections, settlement speed and acquiring economics.",POS & Merchant Acquiring,6.000000,64,True,CONTACT_DUE,TASK000543,10,AUTHORISED_RELATIONSHIP_MANAGER,False
OPP0010386,SME002621,RM026,CASH_MANAGEMENT,0.626698,0.750000,0.284667,80.770000,20,39551461.060000,17,0.041509,0,0,NONE,True,True,True,False,False,SMALL,Transportation,Black Sea,20563845.210000,16912004.510000,1241877.070000,3695559.290000,0.000000,0.000000,0.000000,690144.056667,1500221.911667,67,DERIVED_ANALYTICS,1,0.363624,0.039580,HIGH_DIGITAL_ENGAGEMENT,MATERIAL_BUSINESS_SCALE,LOWER_CREDIT_RISK_SIGNAL,33824009.020000,372064.100000,101472.030000,0.000000,81177.620000,14611.970000,5973.600000,250006.500000,3.079747,9475.240000,0.931666,,True,53.260000,True,MEDIUM_PRIORITY,False,"Review collections, payments and liquidity visibility.",Cash Management,3.000000,60,True,CONTACT_DUE,TASK000544,10,AUTHORISED_RELATIONSHIP_MANAGER,False
OPP0008364,SME002624,RM004,PAYROLL_SERVICES,0.843018,0.625000,1.000000,78.330000,137,22011342.180000,137,0.022198,0,0,NONE,True,False,True,True,True,MEDIUM,Professional Services,Central Anatolia,12375637.180000,10869476.120000,721460.220000,25608545.080000,4285516.030000,2960171.290000,3495242.490000,452470.556667,1247646.760000,29,DERIVED_ANALYTICS,1,0.752989,0.042015,ESTABLISHED_RELATIONSHIP,CROSS_BORDER_ACTIVITY,LOWER_CREDIT_RISK_SIGNAL,51217090.160000,614605.080000,153651.270000,0.000000,122921.020000,22125.780000,8582.560000,430245.470000,3.500178,17656.670000,0.962977,,True,70.010000,True,MEDIUM_PRIORITY,False,Discuss payroll automation and employee banking needs.,Payroll Services,2.000000,59,True,CONTACT_DUE,TASK000545,10,AUTHORISED_RELATIONSHIP_MANAGER,False
OPP0004145,SME002632,RM006,POS_MERCHANT_ACQUIRING,0.534168,0.750000,0.092919,80.170000,116,6355764.240000,3,0.045852,0,0,NONE,True,True,True,False,False,MICRO,Hospitality,Aegean,3585587.020000,2944208.350000,1893538.960000,744524.910000,0.000000,0.000000,0.000000,131177.670000,185743.533333,70,DERIVED_ANALYTICS,1,0.371525,0.118000,ESTABLISHED_RELATIONSHIP,HIGH_DIGITAL_ENGAGEMENT,LOWER_CREDIT_RISK_SIGNAL,3787077.920000,49232.010000,11361.230000,0.000000,22722.470000,4090.040000,1468.060000,32312.680000,1.422058,3392.900000,0.867698,,True,57.380000,True,MEDIUM_PRIORITY,False,"Discuss merchant collections, settlement speed and acquiring economics.",POS & Merchant Acquiring,11.000000,63,True,CONTACT_DUE,TASK000546,10,AUTHORISED_RELATIONSHIP_MANAGER,False
OPP0010398,SME002643,RM007,CASH_MANAGEMENT,0.558089,0.875000,0.019437,59.380000,102,49724003.880000,30,0.049146,15,103,NONE,True,True,True,False,False,SMALL,Technology,Central Anatolia,25909014.200000,22595993.180000,1410810.290000,5038466.870000,0.000000,0.000000,0.000000,836796.370000,2460406.963333,146,DERIVED_ANALYTICS,1,0.363593,0.061311,ESTABLISHED_RELATIONSHIP,MATERIAL_BUSINESS_SCALE,LOWER_CREDIT_RISK_SIGNAL,45191986.360000,497111.850000,135575.960000,0.000000,108460.770000,19522.940000,7678.800000,334334.150000,3.082535,20078.280000,0.966965,,True,55.590000,True,MEDIUM_PRIORITY,False,"Review collections, payments and liquidity visibility.",Cash Management,15.000000,57,True,CONTACT_DUE,TASK000547,10,AUTHORISED_RELATIONSHIP_MANAGER,False
OPP0010399,SME002644,RM016,CASH_MANAGEMENT,0.631665,0.875000,1.000000,60.640000,57,76999026.130000,235,0.020740,0,0,NONE,True,False,True,False,True,MEDIUM,Hospitality,Mediterranean,44159804.950000,36290128.650000,22886077.590000,48418256.280000,0.000000,8401374.040000,4852157.570000,1553556.406667,4272293.975000,48,DERIVED_ANALYTICS,1,0.352331,0.019513,CROSS_BORDER_ACTIVITY,LOWER_CREDIT_RISK_SIGNAL,MATERIAL_BUSINESS_SCALE,72580257.300000,798382.830000,217740.770000,0.000000,174192.620000,31354.670000,11787.040000,537500.350000,3.085667,10068.290000,0.934523,,True,52.500000,True,MEDIUM_PRIORITY,False,"Review collections, payments and liquidity visibility.",Cash Management,7.000000,51,True,CONTACT_DUE,TASK000548,10,AUTHORISED_RELATIONSHIP_MANAGER,False
OPP0004155,SME002647,RM035,POS_MERCHANT_ACQUIRING,0.477474,0.875000,0.094265,51.260000,66,15120533.880000,28,0.028244,0,156,NONE,True,True,True,True,False,SMALL,Hospitality,Central Anatolia,8351619.590000,7670910.650000,4056191.290000,5094320.130000,2738058.340000,0.000000,1396300.780000,299982.395000,1068386.245000,37,DERIVED_ANALYTICS,1,0.241581,0.097193,CROSS_BORDER_ACTIVITY,LOWER_CREDIT_RISK_SIGNAL,ESTABLISHED_RELATIONSHIP,8112382.580000,105460.970000,24337.150000,0.000000,48674.300000,8761.370000,2116.860000,70245.590000,1.443176,6407.410000,0.909679,,True,52.110000,True,MEDIUM_PRIORITY,False,"Discuss merchant collections, settlement speed and acquiring economics.",POS & Merchant Acquiring,18.000000,59,True,CONTACT_DUE,TASK000549,10,AUTHORISED_RELATIONSHIP_MANAGER,False
OPP0010407,SME002653,RM039,CASH_MANAGEMENT,0.568980,0.750000,1.000000,87.480000,72,17378160.810000,5,0.027570,0,171,NONE,True,True,True,False,False,MICRO,Retail Trade,Eastern,8872920.500000,7410600.690000,4524841.230000,991808.200000,0.000000,0.000000,0.000000,335737.920000,775492.345000,68,DERIVED_ANALYTICS,1,0.367843,0.098146,HIGH_DIGITAL_ENGAGEMENT,LOWER_CREDIT_RISK_SIGNAL,ESTABLISHED_RELATIONSHIP,14821201.380000,163033.220000,44463.600000,0.000000,35570.880000,6402.760000,3123.180000,109043.680000,3.065532,10282.230000,0.936031,,True,57.470000,True,MEDIUM_PRIORITY,False,"Review collections, payments and liquidity visibility.",Cash Management,4.000000,47,True,CONTACT_DUE,TASK000550,10,AUTHORISED_RELATIONSHIP_MANAGER,False
OPP0010409,SME002657,RM015,CASH_MANAGEMENT,0.642218,0.750000,1.000000,88.730000,105,31374593.350000,49,0.036702,0,157,NONE,True,False,True,False,False,SMALL,Professional Services,Marmara,18450748.180000,16908501.060000,996302.300000,10158257.810000,0.000000,0.000000,0.000000,453141.576667,1541350.998333,52,DERIVED_ANALYTICS,1,0.485705,0.084908,ESTABLISHED_RELATIONSHIP,HIGH_DIGITAL_ENGAGEMENT,LOWER_CREDIT_RISK_SIGNAL,33817002.120000,371987.020000,101451.010000,0.000000,81160.810000,14608.950000,5972.550000,249954.510000,3.079744,20803.190000,0.968797,,True,62.250000,True,MEDIUM_PRIORITY,False,"Review collections, payments and liquidity visibility.",Cash Management,8.000000,66,True,CONTACT_DUE,TASK000551,10,AUTHORISED_RELATIONSHIP_MANAGER,False
OPP0010410,SME002659,RM009,CASH_MANAGEMENT,0.597667,0.750000,0.364425,70.680000,126,45831412.950000,13,0.058590,0,0,NONE,True,False,True,False,False,SMALL,Wholesale Trade,Marmara,23232552.890000,19550703.080000,1002697.810000,2995464.820000,0.000000,0.000000,0.000000,946689.201667,3149157.965000,99,DERIVED_ANALYTICS,1,0.403782,0.040743,ESTABLISHED_RELATIONSHIP,MATERIAL_BUSINESS_SCALE,LOWER_CREDIT_RISK_SIGNAL,39101406.160000,430115.470000,117304.220000,0.000000,93843.370000,16891.810000,6765.210000,289154.230000,3.081243,11361.070000,0.940558,,True,54.170000,True,MEDIUM_PRIORITY,False,"Review collections, payments and liquidity visibility.",Cash Management,31.000000,69,True,CONTACT_DUE,TASK000552,10,AUTHORISED_RELATIONSHIP_MANAGER,False
OPP0010412,SME002661,RM041,CASH_MANAGEMENT,0.635618,0.875000,1.000000,85.750000,35,32523200.460000,14,0.028269,0,0,NONE,True,True,True,True,False,SMALL,Hospitality,Marmara,20581620.060000,18939404.270000,9474390.720000,3099215.280000,5070060.050000,0.000000,2875249.190000,846378.220000,1663940.836667,201,DERIVED_ANALYTICS,1,0.376826,0.153709,CROSS_BORDER_ACTIVITY,LOWER_CREDIT_RISK_SIGNAL,HIGH_DIGITAL_ENGAGEMENT,37878808.540000,416666.890000,113636.430000,0.000000,90909.140000,16363.650000,6581.820000,280084.990000,3.080933,42631.460000,0.988413,,True,66.420000,True,MEDIUM_PRIORITY,False,"Review collections, payments and liquidity visibility.",Cash Management,7.000000,55,True,CONTACT_DUE,TASK000553,10,AUTHORISED_RELATIONSHIP_MANAGER,False
OPP0004164,SME002665,RM018,POS_MERCHANT_ACQUIRING,0.603823,0.750000,1.000000,97.060000,31,50966056.750000,49,0.023387,0,0,MEDIUM,True,True,True,True,False,SMALL,Retail Trade,Mediterranean,25929862.010000,23165717.220000,12354587.480000,11709691.160000,7386343.260000,0.000000,3330412.120000,876623.070000,2936779.685000,46,DERIVED_ANALYTICS,1,0.396535,0.178516,CROSS_BORDER_ACTIVITY,HIGH_DIGITAL_ENGAGEMENT,LOWER_CREDIT_RISK_SIGNAL,24709174.960000,321219.270000,74127.520000,0.000000,148255.050000,26685.910000,4606.380000,215799.460000,1.455596,38103.660000,0.986150,,True,67.290000,True,MEDIUM_PRIORITY,False,"Discuss merchant collections, settlement speed and acquiring economics.",POS & Merchant Acquiring,3.000000,57,True,CONTACT_DUE,TASK000554,10,AUTHORISED_RELATIONSHIP_MANAGER,False
OPP0004175,SME002680,RM022,POS_MERCHANT_ACQUIRING,0.563868,0.750000,0.692637,65.830000,120,17578161.980000,9,0.027757,0,0,NONE,True,True,True,False,False,MICRO,Retail Trade,Central Anatolia,10269174.530000,9072927.190000,5799598.200000,1882054.180000,0.000000,0.000000,0.000000,377270.073333,997181.915000,162,DERIVED_ANALYTICS,1,0.399824,0.083302,ESTABLISHED_RELATIONSHIP,LOWER_CREDIT_RISK_SIGNAL,MATERIAL_BUSINESS_SCALE,11599196.400000,150789.550000,34797.590000,0.000000,69595.180000,12527.130000,2639.880000,100824.950000,1.448735,7978.940000,0.922074,,True,56.790000,True,MEDIUM_PRIORITY,False,"Discuss merchant collections, settlement speed and acquiring economics.",POS & Merchant Acquiring,8.000000,46,True,CONTACT_DUE,TASK000555,10,AUTHORISED_RELATIONSHIP_MANAGER,False
OPP0008413,SME002694,RM017,PAYROLL_SERVICES,0.956058,0.750000,1.000000,87.060000,11,57846758.610000,233,0.015221,0,0,NONE,True,True,True,True,False,MEDIUM,Healthcare,Aegean,28230395.210000,23920378.680000,15805939.100000,46686027.440000,9364524.790000,0.000000,4907466.250000,987124.200000,2798304.355000,199,DERIVED_ANALYTICS,1,0.733315,0.153265,CROSS_BORDER_ACTIVITY,STRONG_PRODUCT_NEED_SIGNAL,LOWER_CREDIT_RISK_SIGNAL,93372054.880000,1120464.660000,280116.160000,0.000000,224092.930000,40336.730000,14905.810000,785105.960000,3.503484,119908.910000,0.999299,,True,83.780000,True,HIGH_PRIORITY,False,Discuss payroll automation and employee banking needs.,Payroll Services,1.000000,60,True,CONTACT_DUE,TASK000556,10,AUTHORISED_RELATIONSHIP_MANAGER,False
OPP0004186,SME002695,RM002,POS_MERCHANT_ACQUIRING,0.605978,0.750000,0.812154,96.290000,23,8528903.590000,6,0.031440,0,0,NONE,True,True,True,False,False,MICRO,Healthcare,Marmara,4439792.330000,3720719.640000,2544345.270000,1296034.100000,0.000000,0.000000,0.000000,163737.553333,348693.626667,139,DERIVED_ANALYTICS,1,0.438406,0.126118,HIGH_DIGITAL_ENGAGEMENT,LOWER_CREDIT_RISK_SIGNAL,MATERIAL_BUSINESS_SCALE,5088690.540000,66152.980000,15266.070000,0.000000,30532.140000,5495.790000,1663.300000,43727.820000,1.432190,5094.880000,0.895074,,True,62.320000,True,MEDIUM_PRIORITY,False,"Discuss merchant collections, settlement speed and acquiring economics.",POS & Merchant Acquiring,9.000000,57,True,CONTACT_DUE,TASK000557,10,AUTHORISED_RELATIONSHIP_MANAGER,False
OPP0008415,SME002696,RM027,PAYROLL_SERVICES,0.717351,0.750000,0.095079,56.580000,91,18763188.640000,41,0.030099,0,0,NONE,True,True,True,False,False,SMALL,Technology,Eastern,9974934.530000,8763252.810000,556267.230000,8858986.880000,0.000000,0.000000,0.000000,295965.275000,905507.728333,89,DERIVED_ANALYTICS,1,0.526174,0.069120,ESTABLISHED_RELATIONSHIP,LOWER_CREDIT_RISK_SIGNAL,MATERIAL_BUSINESS_SCALE,17717973.760000,212615.690000,53153.920000,0.000000,42523.140000,7654.170000,3557.700000,148249.900000,3.486335,9827.070000,0.933660,,True,63.150000,True,MEDIUM_PRIORITY,False,Discuss payroll automation and employee banking needs.,Payroll Services,3.000000,60,True,CONTACT_DUE,TASK000558,10,AUTHORISED_RELATIONSHIP_MANAGER,False
OPP0004197,SME002707,RM006,POS_MERCHANT_ACQUIRING,0.557541,0.500000,1.000000,82.470000,7,61605595.270000,32,0.040910,0,0,NONE,True,True,True,False,True,SMALL,Hospitality,Aegean,38233579.350000,34170350.600000,16857085.490000,7132255.810000,0.000000,8043930.220000,3993331.200000,1469320.388333,2989184.665000,59,DERIVED_ANALYTICS,1,0.289003,0.114523,CROSS_BORDER_ACTIVITY,HIGH_DIGITAL_ENGAGEMENT,MATERIAL_BUSINESS_SCALE,33714170.980000,438284.220000,101142.510000,0.000000,202285.030000,36411.310000,5957.130000,294773.270000,1.457217,33338.210000,0.983186,,True,54.520000,True,MEDIUM_PRIORITY,False,"Discuss merchant collections, settlement speed and acquiring economics.",POS & Merchant Acquiring,15.000000,63,True,CONTACT_DUE,TASK000559,10,AUTHORISED_RELATIONSHIP_MANAGER,False
OPP0008427,SME002711,RM037,PAYROLL_SERVICES,0.528238,0.750000,0.997880,67.350000,52,23893196.980000,40,0.040796,0,0,NONE,True,True,True,False,True,SMALL,Hospitality,Aegean,13104901.790000,12012346.330000,5920957.580000,8079488.430000,0.000000,2914450.720000,1845004.870000,620367.683333,1058490.295000,31,DERIVED_ANALYTICS,1,0.259390,0.093766,CROSS_BORDER_ACTIVITY,LOWER_CREDIT_RISK_SIGNAL,MATERIAL_BUSINESS_SCALE,16158976.860000,193907.720000,48476.930000,0.000000,38781.540000,6980.680000,3323.850000,135126.260000,3.484293,12250.300000,0.944600,,True,52.860000,True,MEDIUM_PRIORITY,False,Discuss payroll automation and employee banking needs.,Payroll Services,20.000000,47,True,CONTACT_DUE,TASK000560,10,AUTHORISED_RELATIONSHIP_MANAGER,False
OPP0008430,SME002716,RM037,PAYROLL_SERVICES,0.884381,0.625000,1.000000,53.540000,77,26334127.620000,165,0.090119,60,112,NONE,True,True,True,False,False,MEDIUM,Hospitality,Aegean,13684763.240000,12158123.050000,6832228.890000,34497973.570000,0.000000,0.000000,0.000000,540634.161667,1669490.216667,101,DERIVED_ANALYTICS,1,0.635536,0.040845,ESTABLISHED_RELATIONSHIP,STRONG_PRODUCT_NEED_SIGNAL,MATERIAL_BUSINESS_SCALE,68995947.140000,827951.370000,206987.840000,0.000000,165590.270000,29806.250000,11249.390000,579907.890000,3.502065,23266.470000,0.972731,,True,67.230000,True,MEDIUM_PRIORITY,False,Discuss payroll automation and employee banking needs.,Payroll Services,2.000000,47,True,CONTACT_DUE,TASK000561,10,AUTHORISED_RELATIONSHIP_MANAGER,False
OPP0010451,SME002726,RM008,CASH_MANAGEMENT,0.907218,0.750000,0.265367,79.830000,36,226180456.890000,145,0.025005,0,0,NONE,True,True,True,True,False,MEDIUM,Construction,Marmara,128315256.920000,117588956.060000,6647095.920000,29372925.640000,36146029.050000,0.000000,18518936.590000,5597841.316667,13763760.016667,49,DERIVED_ANALYTICS,1,0.682988,0.062123,CROSS_BORDER_ACTIVITY,STRONG_PRODUCT_NEED_SIGNAL,LOWER_CREDIT_RISK_SIGNAL,235177912.120000,2586957.030000,705533.740000,0.000000,564426.990000,101596.860000,36176.690000,1743649.740000,3.089239,107900.850000,0.998868,,True,72.890000,True,MEDIUM_PRIORITY,False,"Review collections, payments and liquidity visibility.",Cash Management,1.000000,69,True,CONTACT_DUE,TASK000562,10,AUTHORISED_RELATIONSHIP_MANAGER,False
OPP0010452,SME002728,RM033,CASH_MANAGEMENT,0.582403,0.625000,0.651038,78.050000,111,29327453.930000,4,0.037112,0,0,NONE,True,True,True,False,False,MICRO,Manufacturing,Mediterranean,15618591.380000,14582563.000000,942228.340000,940412.950000,0.000000,0.000000,0.000000,443826.175000,1537653.806667,92,DERIVED_ANALYTICS,1,0.393627,0.093350,ESTABLISHED_RELATIONSHIP,LOWER_CREDIT_RISK_SIGNAL,MATERIAL_BUSINESS_SCALE,29165126.000000,320816.390000,87495.380000,0.000000,69996.300000,12599.330000,5274.770000,215446.910000,3.077976,19692.060000,0.966210,,True,57.450000,True,MEDIUM_PRIORITY,False,"Review collections, payments and liquidity visibility.",Cash Management,7.000000,59,True,CONTACT_DUE,TASK000563,10,AUTHORISED_RELATIONSHIP_MANAGER,False
OPP0008437,SME002729,RM045,PAYROLL_SERVICES,0.592357,0.750000,1.000000,47.560000,56,4436827.500000,9,0.045059,0,143,NONE,True,False,True,False,False,MICRO,Manufacturing,Aegean,2308710.850000,2009790.930000,167974.330000,1896503.070000,0.000000,0.000000,0.000000,90777.631667,284632.413333,113,DERIVED_ANALYTICS,1,0.290409,0.094133,LOWER_CREDIT_RISK_SIGNAL,MATERIAL_BUSINESS_SCALE,ESTABLISHED_RELATIONSHIP,3793006.140000,45516.070000,11379.020000,0.000000,9103.210000,1638.580000,1468.950000,31029.520000,3.408635,2500.890000,0.846249,,True,53.530000,True,MEDIUM_PRIORITY,False,Discuss payroll automation and employee banking needs.,Payroll Services,19.000000,46,True,CONTACT_DUE,TASK000564,10,AUTHORISED_RELATIONSHIP_MANAGER,False
OPP0004213,SME002730,RM012,POS_MERCHANT_ACQUIRING,0.525592,0.750000,1.000000,88.310000,83,12134314.220000,33,0.011785,0,41,NONE,True,True,True,True,False,SMALL,Healthcare,Central Anatolia,6926531.980000,6362167.480000,3168971.080000,6732766.730000,1617192.440000,0.000000,814739.050000,167293.396667,589804.731667,18,DERIVED_ANALYTICS,1,0.421931,0.193042,CROSS_BORDER_ACTIVITY,ESTABLISHED_RELATIONSHIP,LOWER_CREDIT_RISK_SIGNAL,6337942.160000,82393.250000,19013.830000,0.000000,38027.650000,6844.980000,1850.690000,54683.750000,1.438000,10136.280000,0.935008,,True,66.770000,True,MEDIUM_PRIORITY,False,"Discuss merchant collections, settlement speed and acquiring economics.",POS & Merchant Acquiring,3.000000,50,True,CONTACT_DUE,TASK000565,10,AUTHORISED_RELATIONSHIP_MANAGER,False
OPP0008445,SME002738,RM009,PAYROLL_SERVICES,0.732171,1.000000,0.000000,69.900000,26,23609030.980000,48,0.087636,0,116,MEDIUM,True,True,True,True,False,SMALL,Construction,Marmara,12956871.020000,10571551.330000,779482.480000,10534844.270000,4608262.510000,0.000000,2740526.540000,479980.248333,1096439.405000,128,DERIVED_ANALYTICS,1,0.427523,0.131849,CROSS_BORDER_ACTIVITY,MATERIAL_BUSINESS_SCALE,STRONG_PRODUCT_NEED_SIGNAL,21069688.540000,252836.260000,63209.070000,0.000000,50567.250000,9102.100000,4060.450000,176464.640000,3.489702,22846.650000,0.972192,,True,69.150000,True,MEDIUM_PRIORITY,False,Discuss payroll automation and employee banking needs.,Payroll Services,3.000000,69,True,CONTACT_DUE,TASK000566,10,AUTHORISED_RELATIONSHIP_MANAGER,False
OPP0010466,SME002754,RM036,CASH_MANAGEMENT,0.580829,0.750000,0.222133,86.660000,18,19702763.290000,9,0.027526,5,0,NONE,True,True,True,False,False,MICRO,Transportation,Marmara,11213325.890000,10402503.150000,695689.640000,1714191.750000,0.000000,0.000000,0.000000,259013.960000,1199005.263333,36,DERIVED_ANALYTICS,1,0.337170,0.077387,HIGH_DIGITAL_ENGAGEMENT,LOWER_CREDIT_RISK_SIGNAL,MATERIAL_BUSINESS_SCALE,20805006.300000,228855.070000,62415.020000,0.000000,49932.020000,8987.760000,4020.750000,153431.540000,3.072809,11453.580000,0.940989,,True,54.970000,True,MEDIUM_PRIORITY,False,"Review collections, payments and liquidity visibility.",Cash Management,24.000000,68,True,CONTACT_DUE,TASK000567,10,AUTHORISED_RELATIONSHIP_MANAGER,False
OPP0008459,SME002756,RM019,PAYROLL_SERVICES,0.962830,0.750000,0.323129,60.830000,130,70006954.540000,200,0.009542,0,0,NONE,True,True,True,False,True,MEDIUM,Technology,Aegean,39164765.920000,36515902.790000,2295442.640000,45849711.010000,0.000000,11461744.180000,5193297.940000,1702565.175000,4689154.380000,69,DERIVED_ANALYTICS,1,0.793741,0.033582,ESTABLISHED_RELATIONSHIP,CROSS_BORDER_ACTIVITY,STRONG_PRODUCT_NEED_SIGNAL,91699422.020000,1100393.060000,275098.270000,0.000000,220078.610000,39614.150000,14654.910000,771025.730000,3.503411,25472.450000,0.975318,,True,74.660000,True,MEDIUM_PRIORITY,False,Discuss payroll automation and employee banking needs.,Payroll Services,2.000000,70,True,CONTACT_DUE,TASK000568,10,AUTHORISED_RELATIONSHIP_MANAGER,False
OPP0010469,SME002757,RM032,CASH_MANAGEMENT,0.564049,1.000000,0.000000,27.190000,113,132351320.110000,78,0.023329,0,66,NONE,True,True,True,True,False,MEDIUM,Construction,Aegean,64840689.910000,57475995.910000,2179882.670000,16257666.470000,15998723.480000,0.000000,8729077.850000,2354011.675000,7182325.351667,58,DERIVED_ANALYTICS,1,0.325559,0.050072,ESTABLISHED_RELATIONSHIP,CROSS_BORDER_ACTIVITY,LOWER_CREDIT_RISK_SIGNAL,114951991.820000,1264471.910000,344855.980000,0.000000,275884.780000,49659.260000,18142.800000,851813.870000,3.087571,42231.830000,0.988252,,True,55.120000,True,MEDIUM_PRIORITY,False,"Review collections, payments and liquidity visibility.",Cash Management,15.000000,50,True,CONTACT_DUE,TASK000569,10,AUTHORISED_RELATIONSHIP_MANAGER,False
OPP0008467,SME002766,RM040,PAYROLL_SERVICES,0.693789,0.875000,0.070300,44.200000,30,10005889.130000,40,0.025312,0,0,NONE,True,True,True,False,False,SMALL,Healthcare,Black Sea,5924889.170000,5073501.670000,3021711.000000,8039095.620000,0.000000,0.000000,0.000000,202106.235000,645811.340000,123,DERIVED_ANALYTICS,1,0.390548,0.034092,LOWER_CREDIT_RISK_SIGNAL,MATERIAL_BUSINESS_SCALE,STRONG_PRODUCT_NEED_SIGNAL,16078191.240000,192938.290000,48234.570000,0.000000,38587.660000,6945.780000,3311.730000,134446.210000,3.484176,4163.570000,0.882787,,True,55.470000,True,MEDIUM_PRIORITY,False,Discuss payroll automation and employee banking needs.,Payroll Services,1.000000,69,True,CONTACT_DUE,TASK000570,10,AUTHORISED_RELATIONSHIP_MANAGER,False
OPP0004239,SME002772,RM041,POS_MERCHANT_ACQUIRING,0.571558,0.750000,1.000000,84.750000,26,14080222.400000,8,0.028976,0,0,NONE,True,True,True,False,False,MICRO,Healthcare,Marmara,7717134.010000,7063549.410000,4092953.920000,1574706.240000,0.000000,0.000000,0.000000,292884.191667,497137.298333,93,DERIVED_ANALYTICS,1,0.381153,0.109623,LOWER_CREDIT_RISK_SIGNAL,HIGH_DIGITAL_ENGAGEMENT,MATERIAL_BUSINESS_SCALE,8185907.840000,106416.800000,24557.720000,0.000000,49115.450000,8840.780000,2127.890000,70890.410000,1.443342,7351.220000,0.917709,,True,58.660000,True,MEDIUM_PRIORITY,False,"Discuss merchant collections, settlement speed and acquiring economics.",POS & Merchant Acquiring,17.000000,55,True,CONTACT_DUE,TASK000571,10,AUTHORISED_RELATIONSHIP_MANAGER,False
OPP0010481,SME002773,RM036,CASH_MANAGEMENT,0.602892,0.875000,0.034857,90.950000,52,20842612.040000,16,0.025766,0,51,NONE,True,True,True,False,False,SMALL,Professional Services,Marmara,10123999.790000,9212408.320000,467047.970000,3397641.990000,0.000000,0.000000,0.000000,235601.870000,1284498.775000,70,DERIVED_ANALYTICS,1,0.410439,0.077428,HIGH_DIGITAL_ENGAGEMENT,LOWER_CREDIT_RISK_SIGNAL,MATERIAL_BUSINESS_SCALE,18424816.640000,202672.980000,55274.450000,0.000000,44219.560000,7959.520000,3663.720000,135775.290000,3.070480,10092.830000,0.934738,,True,58.940000,True,MEDIUM_PRIORITY,False,"Review collections, payments and liquidity visibility.",Cash Management,20.000000,68,True,CONTACT_DUE,TASK000572,10,AUTHORISED_RELATIONSHIP_MANAGER,False
OPP0008478,SME002781,RM029,PAYROLL_SERVICES,0.551450,0.750000,1.000000,89.990000,48,21223691.230000,37,0.033338,0,0,NONE,True,True,True,False,False,SMALL,Manufacturing,Marmara,13006775.060000,11653647.900000,671236.310000,8443560.660000,0.000000,0.000000,0.000000,601958.110000,1535353.821667,227,DERIVED_ANALYTICS,1,0.349090,0.124755,HIGH_DIGITAL_ENGAGEMENT,LOWER_CREDIT_RISK_SIGNAL,MATERIAL_BUSINESS_SCALE,16887121.320000,202645.460000,50661.360000,0.000000,40529.090000,7295.240000,3433.070000,141255.790000,3.485294,17202.350000,0.961953,,True,59.350000,True,MEDIUM_PRIORITY,False,Discuss payroll automation and employee banking needs.,Payroll Services,16.000000,56,True,CONTACT_DUE,TASK000573,10,AUTHORISED_RELATIONSHIP_MANAGER,False
OPP0010495,SME002792,RM022,CASH_MANAGEMENT,0.578042,0.750000,1.000000,84.990000,59,21570828.640000,6,0.046611,0,17,NONE,True,True,True,False,False,MICRO,Healthcare,Central Anatolia,10510411.780000,8578167.220000,5587882.600000,1225681.930000,0.000000,0.000000,0.000000,293497.368333,1086429.411667,330,DERIVED_ANALYTICS,1,0.392294,0.103794,HIGH_DIGITAL_ENGAGEMENT,MATERIAL_BUSINESS_SCALE,LOWER_CREDIT_RISK_SIGNAL,17156334.440000,188719.680000,51469.000000,0.000000,41175.200000,7411.540000,3473.450000,126365.690000,3.068976,12695.980000,0.946594,,True,59.150000,True,MEDIUM_PRIORITY,False,"Review collections, payments and liquidity visibility.",Cash Management,5.000000,46,True,CONTACT_DUE,TASK000574,10,AUTHORISED_RELATIONSHIP_MANAGER,False
OPP0008488,SME002801,RM017,PAYROLL_SERVICES,0.743818,0.500000,1.000000,67.790000,17,107585362.680000,176,0.045284,0,0,NONE,True,True,True,True,True,MEDIUM,Construction,Aegean,58980818.870000,54851961.310000,3693044.450000,36178398.710000,15050992.830000,16599010.640000,17761816.640000,1794220.986667,5490774.998333,15,DERIVED_ANALYTICS,1,0.463917,0.103779,CROSS_BORDER_ACTIVITY,MATERIAL_BUSINESS_SCALE,LOWER_CREDIT_RISK_SIGNAL,72356797.420000,868281.570000,217070.390000,0.000000,173656.310000,31258.140000,11753.520000,608199.520000,3.502317,62698.220000,0.994880,,True,63.460000,True,MEDIUM_PRIORITY,False,Discuss payroll automation and employee banking needs.,Payroll Services,5.000000,60,True,CONTACT_DUE,TASK000575,10,AUTHORISED_RELATIONSHIP_MANAGER,False
OPP0010501,SME002802,RM008,CASH_MANAGEMENT,0.559018,0.750000,0.129000,75.550000,5,27217641.950000,16,0.036293,0,43,NONE,True,True,True,False,False,SMALL,Technology,Marmara,12992714.650000,11441148.500000,721082.010000,3285404.400000,0.000000,0.000000,0.000000,621289.731667,966725.168333,261,DERIVED_ANALYTICS,1,0.299074,0.070792,LOWER_CREDIT_RISK_SIGNAL,MATERIAL_BUSINESS_SCALE,HIGH_DIGITAL_ENGAGEMENT,22882297.000000,251705.270000,68646.890000,0.000000,54917.510000,9885.150000,4332.340000,168840.890000,3.074445,11532.650000,0.941367,,True,52.680000,True,MEDIUM_PRIORITY,False,"Review collections, payments and liquidity visibility.",Cash Management,26.000000,69,True,CONTACT_DUE,TASK000576,10,AUTHORISED_RELATIONSHIP_MANAGER,False
OPP0010503,SME002804,RM031,CASH_MANAGEMENT,0.573818,1.000000,0.000000,71.930000,108,34440835.290000,19,0.043852,0,0,MEDIUM,True,False,True,True,False,SMALL,Technology,Black Sea,18921107.410000,17677304.620000,944449.680000,3623634.280000,4947470.150000,0.000000,2648406.160000,786577.025000,1921260.403333,157,DERIVED_ANALYTICS,1,0.383850,0.082115,ESTABLISHED_RELATIONSHIP,CROSS_BORDER_ACTIVITY,MATERIAL_BUSINESS_SCALE,35354609.240000,388900.700000,106063.830000,0.000000,84851.060000,15273.190000,6203.190000,261360.490000,3.080227,21041.620000,0.969444,,True,59.750000,True,MEDIUM_PRIORITY,False,"Review collections, payments and liquidity visibility.",Cash Management,2.000000,55,True,CONTACT_DUE,TASK000577,10,AUTHORISED_RELATIONSHIP_MANAGER,False
OPP0004270,SME002810,RM008,POS_MERCHANT_ACQUIRING,0.612740,0.500000,1.000000,72.920000,63,139806672.980000,167,0.030699,0,108,LOW,True,True,True,True,True,MEDIUM,Retail Trade,Marmara,86227659.680000,77878537.040000,44126818.170000,33619348.390000,31176542.430000,17567952.080000,29341434.810000,2484805.991667,6691576.315000,69,DERIVED_ANALYTICS,1,0.409411,0.105647,CROSS_BORDER_ACTIVITY,MATERIAL_BUSINESS_SCALE,LOWER_CREDIT_RISK_SIGNAL,88253636.340000,1147297.270000,264760.910000,0.000000,529521.820000,95313.930000,14138.050000,773084.380000,1.459967,81253.660000,0.997036,,True,59.040000,True,MEDIUM_PRIORITY,False,"Discuss merchant collections, settlement speed and acquiring economics.",POS & Merchant Acquiring,10.000000,69,True,CONTACT_DUE,TASK000578,10,AUTHORISED_RELATIONSHIP_MANAGER,False
OPP0010514,SME002821,RM043,CASH_MANAGEMENT,0.615615,0.875000,0.651624,78.070000,96,39603465.400000,18,0.025797,0,0,NONE,True,True,True,False,False,SMALL,Professional Services,Mediterranean,21024708.630000,17681081.340000,1024660.130000,4082800.260000,0.000000,0.000000,0.000000,891281.981667,2115931.890000,162,DERIVED_ANALYTICS,1,0.439643,0.054739,ESTABLISHED_RELATIONSHIP,LOWER_CREDIT_RISK_SIGNAL,MATERIAL_BUSINESS_SCALE,35362162.680000,388983.790000,106086.490000,0.000000,84869.190000,15276.450000,6204.320000,261416.530000,3.080229,13889.750000,0.951283,,True,58.410000,True,MEDIUM_PRIORITY,False,"Review collections, payments and liquidity visibility.",Cash Management,7.000000,52,True,CONTACT_DUE,TASK000579,10,AUTHORISED_RELATIONSHIP_MANAGER,False
OPP0010515,SME002823,RM042,CASH_MANAGEMENT,0.780221,1.000000,0.000000,89.530000,78,89796034.440000,99,0.002000,0,0,NONE,True,True,True,False,False,MEDIUM,Retail Trade,Mediterranean,43620661.460000,39891929.930000,24011129.230000,20112564.110000,0.000000,0.000000,0.000000,1188433.326667,4151604.433333,56,DERIVED_ANALYTICS,1,0.649663,0.038620,LOWER_CREDIT_RISK_SIGNAL,ESTABLISHED_RELATIONSHIP,HIGH_DIGITAL_ENGAGEMENT,79783859.860000,877622.460000,239351.580000,0.000000,191481.260000,34466.630000,12867.580000,590936.670000,3.086133,22401.920000,0.971384,,True,68.910000,True,MEDIUM_PRIORITY,False,"Review collections, payments and liquidity visibility.",Cash Management,1.000000,49,True,CONTACT_DUE,TASK000580,10,AUTHORISED_RELATIONSHIP_MANAGER,False
OPP0010516,SME002824,RM002,CASH_MANAGEMENT,0.562242,0.875000,0.020189,60.930000,121,47738181.600000,29,0.032680,0,0,NONE,True,True,True,False,False,SMALL,Agriculture,Marmara,26011924.510000,22856157.290000,1569034.940000,5251521.780000,0.000000,0.000000,0.000000,1128246.208333,1999006.798333,128,DERIVED_ANALYTICS,1,0.360420,0.053674,ESTABLISHED_RELATIONSHIP,LOWER_CREDIT_RISK_SIGNAL,MATERIAL_BUSINESS_SCALE,45712314.580000,502835.460000,137136.940000,0.000000,109709.550000,19747.720000,7756.850000,338193.950000,3.082630,17732.370000,0.963031,,True,54.820000,True,MEDIUM_PRIORITY,False,"Review collections, payments and liquidity visibility.",Cash Management,19.000000,57,True,CONTACT_DUE,TASK000581,10,AUTHORISED_RELATIONSHIP_MANAGER,False
OPP0010518,SME002826,RM020,CASH_MANAGEMENT,0.606215,0.875000,0.000000,79.420000,55,35251545.690000,2,0.044005,15,0,NONE,True,True,True,False,False,MICRO,Construction,Mediterranean,17724158.770000,14910011.000000,982429.980000,395038.410000,0.000000,0.000000,0.000000,498768.848333,2144087.830000,103,DERIVED_ANALYTICS,1,0.369748,0.044459,HIGH_DIGITAL_ENGAGEMENT,MATERIAL_BUSINESS_SCALE,LOWER_CREDIT_RISK_SIGNAL,29820022.000000,328020.240000,89460.070000,0.000000,71568.050000,12882.250000,5373.000000,220304.920000,3.078258,9374.570000,0.930912,,True,54.680000,True,MEDIUM_PRIORITY,False,"Review collections, payments and liquidity visibility.",Cash Management,10.000000,57,True,CONTACT_DUE,TASK000582,10,AUTHORISED_RELATIONSHIP_MANAGER,False
OPP0010521,SME002830,RM045,CASH_MANAGEMENT,0.464359,0.875000,0.054676,76.740000,99,9638254.810000,3,0.051536,0,168,NONE,True,True,True,True,False,MICRO,Agriculture,Aegean,5166368.770000,4204907.300000,324073.740000,505648.980000,1380584.040000,0.000000,620453.250000,160216.946667,420173.928333,39,DERIVED_ANALYTICS,1,0.261469,0.114145,ESTABLISHED_RELATIONSHIP,CROSS_BORDER_ACTIVITY,HIGH_DIGITAL_ENGAGEMENT,8409814.600000,92507.960000,25229.440000,0.000000,20183.560000,3633.040000,2161.470000,61484.010000,3.046242,6598.060000,0.911134,,True,54.010000,True,MEDIUM_PRIORITY,False,"Review collections, payments and liquidity visibility.",Cash Management,17.000000,46,True,CONTACT_DUE,TASK000583,10,AUTHORISED_RELATIONSHIP_MANAGER,False
OPP0004288,SME002832,RM047,POS_MERCHANT_ACQUIRING,0.545202,0.750000,1.000000,66.940000,25,19407152.800000,14,0.026241,0,0,NONE,True,True,True,False,False,SMALL,Healthcare,Central Anatolia,11595545.450000,10630552.390000,6123286.060000,2484381.200000,0.000000,0.000000,0.000000,495215.293333,1127893.523333,132,DERIVED_ANALYTICS,1,0.342269,0.101394,LOWER_CREDIT_RISK_SIGNAL,MATERIAL_BUSINESS_SCALE,HIGH_DIGITAL_ENGAGEMENT,12246572.120000,159205.440000,36739.720000,0.000000,73479.430000,13226.300000,2736.990000,106502.430000,1.449418,10378.700000,0.936678,,True,56.430000,True,MEDIUM_PRIORITY,False,"Discuss merchant collections, settlement speed and acquiring economics.",POS & Merchant Acquiring,9.000000,67,True,CONTACT_DUE,TASK000584,10,AUTHORISED_RELATIONSHIP_MANAGER,False
OPP0004290,SME002834,RM034,POS_MERCHANT_ACQUIRING,0.606514,0.750000,1.000000,92.910000,35,51659286.590000,13,0.021523,0,139,NONE,True,True,True,False,False,SMALL,Healthcare,Aegean,25352688.100000,23707497.590000,12484347.490000,3003666.390000,0.000000,0.000000,0.000000,788179.805000,1968640.276667,46,DERIVED_ANALYTICS,1,0.450609,0.178376,HIGH_DIGITAL_ENGAGEMENT,LOWER_CREDIT_RISK_SIGNAL,MATERIAL_BUSINESS_SCALE,24968694.980000,324593.030000,74906.080000,0.000000,149812.170000,26966.190000,4645.300000,218075.460000,1.455659,38479.460000,0.986258,,True,69.070000,True,MEDIUM_PRIORITY,False,"Discuss merchant collections, settlement speed and acquiring economics.",POS & Merchant Acquiring,2.000000,61,True,CONTACT_DUE,TASK000585,10,AUTHORISED_RELATIONSHIP_MANAGER,False
OPP0010524,SME002837,RM038,CASH_MANAGEMENT,0.545223,0.625000,1.000000,88.880000,62,12683055.440000,7,0.038290,0,0,NONE,True,True,True,False,True,MICRO,Healthcare,Aegean,6250833.240000,5643263.640000,2997170.880000,1310952.190000,0.000000,1182447.130000,648804.060000,240036.875000,631761.903333,35,DERIVED_ANALYTICS,1,0.346350,0.137335,CROSS_BORDER_ACTIVITY,HIGH_DIGITAL_ENGAGEMENT,LOWER_CREDIT_RISK_SIGNAL,11286527.280000,124151.800000,33859.580000,0.000000,27087.670000,4875.780000,2592.980000,82823.460000,3.057607,10954.530000,0.939103,,True,58.590000,True,MEDIUM_PRIORITY,False,"Review collections, payments and liquidity visibility.",Cash Management,7.000000,62,True,CONTACT_DUE,TASK000586,10,AUTHORISED_RELATIONSHIP_MANAGER,False
OPP0010529,SME002843,RM012,CASH_MANAGEMENT,0.677114,0.625000,1.000000,81.710000,63,52392148.560000,42,0.050970,0,173,NONE,True,True,True,True,True,SMALL,Agriculture,Central Anatolia,32862359.740000,27666551.520000,1220669.620000,7775224.590000,4839200.700000,7541395.640000,7642850.030000,881441.940000,1973161.728333,3,DERIVED_ANALYTICS,1,0.444578,0.129735,CROSS_BORDER_ACTIVITY,HIGH_DIGITAL_ENGAGEMENT,MATERIAL_BUSINESS_SCALE,55333103.040000,608664.130000,165999.310000,0.000000,132799.450000,23903.900000,9199.970000,409560.950000,3.084056,52714.380000,0.992347,,True,64.910000,True,MEDIUM_PRIORITY,False,"Review collections, payments and liquidity visibility.",Cash Management,5.000000,50,True,CONTACT_DUE,TASK000587,10,AUTHORISED_RELATIONSHIP_MANAGER,False
OPP0004296,SME002844,RM012,POS_MERCHANT_ACQUIRING,0.541012,0.500000,1.000000,80.960000,35,19737754.610000,16,0.032888,0,0,NONE,True,True,True,False,True,SMALL,Retail Trade,Central Anatolia,10025457.750000,8128691.190000,4795977.340000,3228156.000000,0.000000,1630459.820000,900890.130000,334379.748333,637815.805000,102,DERIVED_ANALYTICS,1,0.326569,0.099663,CROSS_BORDER_ACTIVITY,LOWER_CREDIT_RISK_SIGNAL,HIGH_DIGITAL_ENGAGEMENT,9591954.680000,124695.410000,28775.860000,0.000000,57551.730000,10359.310000,2338.790000,83221.450000,1.446029,7874.070000,0.921589,,True,52.910000,True,MEDIUM_PRIORITY,False,"Discuss merchant collections, settlement speed and acquiring economics.",POS & Merchant Acquiring,18.000000,50,True,CONTACT_DUE,TASK000588,10,AUTHORISED_RELATIONSHIP_MANAGER,False
OPP0008519,SME002845,RM015,PAYROLL_SERVICES,0.498415,0.625000,1.000000,81.590000,83,31156750.060000,41,0.043832,0,133,NONE,True,True,True,False,False,SMALL,Manufacturing,Marmara,16611698.630000,14603334.200000,836920.060000,8836615.380000,0.000000,0.000000,0.000000,684932.965000,1276823.561667,91,DERIVED_ANALYTICS,1,0.311296,0.111484,ESTABLISHED_RELATIONSHIP,HIGH_DIGITAL_ENGAGEMENT,MATERIAL_BUSINESS_SCALE,17673230.760000,212078.770000,53019.690000,0.000000,42415.750000,7634.840000,3550.980000,147873.260000,3.486282,16065.540000,0.959151,,True,54.470000,True,MEDIUM_PRIORITY,False,Discuss payroll automation and employee banking needs.,Payroll Services,21.000000,66,True,CONTACT_DUE,TASK000589,10,AUTHORISED_RELATIONSHIP_MANAGER,False
OPP0008522,SME002849,RM032,PAYROLL_SERVICES,0.702333,0.875000,0.016777,49.850000,89,17104771.690000,40,0.024860,0,0,NONE,True,True,True,False,True,SMALL,Retail Trade,Aegean,9512667.420000,8067917.700000,5550986.180000,7926936.740000,0.000000,2006415.340000,1084477.450000,353382.838333,1110282.405000,31,DERIVED_ANALYTICS,1,0.423271,0.122949,ESTABLISHED_RELATIONSHIP,CROSS_BORDER_ACTIVITY,LOWER_CREDIT_RISK_SIGNAL,15853873.480000,190246.480000,47561.620000,0.000000,38049.300000,6848.870000,3278.080000,132557.910000,3.483846,15877.900000,0.958342,,True,66.060000,True,MEDIUM_PRIORITY,False,Discuss payroll automation and employee banking needs.,Payroll Services,2.000000,50,True,CONTACT_DUE,TASK000590,10,AUTHORISED_RELATIONSHIP_MANAGER,False
OPP0008524,SME002851,RM021,PAYROLL_SERVICES,0.557425,0.875000,1.000000,72.080000,118,22630144.530000,40,0.055298,0,0,NONE,True,False,True,False,False,SMALL,Transportation,Marmara,13225805.360000,11218705.720000,958431.740000,8127458.330000,0.000000,0.000000,0.000000,493473.406667,699876.460000,132,DERIVED_ANALYTICS,1,0.392662,0.090526,ESTABLISHED_RELATIONSHIP,MATERIAL_BUSINESS_SCALE,LOWER_CREDIT_RISK_SIGNAL,16254916.660000,195059.000000,48764.750000,0.000000,39011.800000,7022.120000,3338.240000,135933.890000,3.484430,11885.580000,0.942822,,True,58.700000,True,MEDIUM_PRIORITY,False,Discuss payroll automation and employee banking needs.,Payroll Services,13.000000,48,True,CONTACT_DUE,TASK000591,10,AUTHORISED_RELATIONSHIP_MANAGER,False
OPP0004310,SME002860,RM021,POS_MERCHANT_ACQUIRING,0.499821,0.875000,0.070270,67.050000,102,16277885.310000,24,0.098743,0,107,NONE,True,True,True,False,False,SMALL,Retail Trade,Marmara,8322561.730000,7329301.970000,3894399.230000,4721803.750000,0.000000,0.000000,0.000000,334716.666667,703449.061667,117,DERIVED_ANALYTICS,1,0.291956,0.091671,ESTABLISHED_RELATIONSHIP,MATERIAL_BUSINESS_SCALE,HIGH_DIGITAL_ENGAGEMENT,7788798.460000,101254.380000,23366.400000,0.000000,46732.790000,8411.900000,2068.320000,67407.760000,1.442408,5759.330000,0.903427,,True,53.600000,True,MEDIUM_PRIORITY,False,"Discuss merchant collections, settlement speed and acquiring economics.",POS & Merchant Acquiring,21.000000,48,True,CONTACT_DUE,TASK000592,10,AUTHORISED_RELATIONSHIP_MANAGER,False
OPP0010544,SME002866,RM031,CASH_MANAGEMENT,0.571312,0.875000,0.000000,77.300000,33,27751688.220000,32,0.010016,0,0,MEDIUM,True,False,True,False,False,SMALL,Healthcare,Black Sea,14530900.740000,12554950.560000,6878685.610000,7140696.670000,0.000000,0.000000,0.000000,585328.695000,1101421.331667,35,DERIVED_ANALYTICS,1,0.340136,0.062530,LOWER_CREDIT_RISK_SIGNAL,MATERIAL_BUSINESS_SCALE,HIGH_DIGITAL_ENGAGEMENT,25109901.120000,276208.910000,75329.700000,0.000000,60263.760000,10847.480000,4666.490000,185365.240000,3.075899,11170.860000,0.940019,,True,54.750000,True,MEDIUM_PRIORITY,False,"Review collections, payments and liquidity visibility.",Cash Management,6.000000,55,True,CONTACT_DUE,TASK000593,10,AUTHORISED_RELATIONSHIP_MANAGER,False
OPP0004319,SME002870,RM047,POS_MERCHANT_ACQUIRING,0.507911,1.000000,0.000000,73.190000,80,13737309.150000,3,0.050328,0,0,NONE,True,True,True,False,False,MICRO,Retail Trade,Central Anatolia,7649905.990000,6713980.920000,3597170.810000,627552.890000,0.000000,0.000000,0.000000,307796.966667,481427.371667,272,DERIVED_ANALYTICS,1,0.316307,0.078875,ESTABLISHED_RELATIONSHIP,LOWER_CREDIT_RISK_SIGNAL,MATERIAL_BUSINESS_SCALE,7194341.620000,93526.440000,21583.020000,0.000000,43166.050000,7769.890000,1979.150000,62194.380000,1.440817,4485.570000,0.887584,,True,54.370000,True,MEDIUM_PRIORITY,False,"Discuss merchant collections, settlement speed and acquiring economics.",POS & Merchant Acquiring,13.000000,67,True,CONTACT_DUE,TASK000594,10,AUTHORISED_RELATIONSHIP_MANAGER,False
OPP0004321,SME002872,RM030,POS_MERCHANT_ACQUIRING,0.499427,0.500000,1.000000,84.800000,125,9401393.040000,7,0.033172,0,0,MEDIUM,True,True,True,False,False,MICRO,Healthcare,Central Anatolia,4560126.440000,4103311.810000,2013281.330000,1384434.200000,0.000000,0.000000,0.000000,199063.073333,607632.003333,106,DERIVED_ANALYTICS,1,0.426893,0.113166,ESTABLISHED_RELATIONSHIP,HIGH_DIGITAL_ENGAGEMENT,LOWER_CREDIT_RISK_SIGNAL,4026562.660000,52345.310000,12079.690000,0.000000,24159.380000,4348.690000,1503.980000,34412.950000,1.424414,3474.370000,0.869692,,True,55.490000,True,MEDIUM_PRIORITY,False,"Discuss merchant collections, settlement speed and acquiring economics.",POS & Merchant Acquiring,19.000000,46,True,CONTACT_DUE,TASK000595,10,AUTHORISED_RELATIONSHIP_MANAGER,False
OPP0010551,SME002876,RM015,CASH_MANAGEMENT,0.614861,0.750000,1.000000,36.040000,53,132892398.310000,141,0.027593,0,0,NONE,True,False,True,True,False,MEDIUM,Transportation,Marmara,71239787.260000,60843978.900000,5071387.100000,26482763.940000,20317828.750000,0.000000,10547798.620000,2114944.225000,7488401.228333,51,DERIVED_ANALYTICS,1,0.328933,0.046510,CROSS_BORDER_ACTIVITY,LOWER_CREDIT_RISK_SIGNAL,MATERIAL_BUSINESS_SCALE,121687957.800000,1338567.540000,365063.870000,0.000000,292051.100000,52569.200000,19153.190000,901781.280000,3.087752,41521.510000,0.987982,,True,53.520000,True,MEDIUM_PRIORITY,False,"Review collections, payments and liquidity visibility.",Cash Management,25.000000,66,True,CONTACT_DUE,TASK000596,10,AUTHORISED_RELATIONSHIP_MANAGER,False
OPP0008543,SME002882,RM009,PAYROLL_SERVICES,0.445905,0.750000,1.000000,88.530000,127,53268294.830000,48,0.021471,0,0,NONE,True,True,True,True,False,SMALL,Manufacturing,Marmara,27043705.910000,22386792.760000,1307744.810000,10550630.660000,8690197.640000,0.000000,4296261.080000,1076242.075000,2946825.625000,175,DERIVED_ANALYTICS,1,0.317881,0.168544,ESTABLISHED_RELATIONSHIP,CROSS_BORDER_ACTIVITY,LOWER_CREDIT_RISK_SIGNAL,21101261.320000,253215.140000,63303.780000,0.000000,50643.030000,9115.750000,4065.190000,176730.420000,3.489728,29366.790000,0.980006,,True,60.290000,True,MEDIUM_PRIORITY,False,Discuss payroll automation and employee banking needs.,Payroll Services,18.000000,69,True,CONTACT_DUE,TASK000597,10,AUTHORISED_RELATIONSHIP_MANAGER,False
OPP0006379,SME002885,RM021,BUSINESS_CREDIT_CARD,0.713794,0.625000,1.000000,71.050000,73,269494601.990000,56,0.045609,0,0,NONE,True,True,True,True,False,MEDIUM,Hospitality,Marmara,150343950.840000,134663511.930000,66463756.230000,11446574.540000,33057915.400000,0.000000,19806019.350000,5523681.238333,15894736.688333,142,DERIVED_ANALYTICS,1,0.522286,0.060489,CROSS_BORDER_ACTIVITY,MATERIAL_BUSINESS_SCALE,ESTABLISHED_RELATIONSHIP,4850902.835820,205193.190000,75868.120000,31593.760000,148437.630000,26718.770000,1627.640000,69384.900000,0.467435,3777.030000,0.875674,,True,59.870000,True,MEDIUM_PRIORITY,True,Review employee spending controls and short-term purchasing needs.,Business Credit Card,10.000000,48,True,CONTACT_DUE,TASK000598,10,AUTHORISED_RELATIONSHIP_MANAGER,False
OPP0010561,SME002894,RM019,CASH_MANAGEMENT,0.613913,1.000000,0.000000,70.800000,88,52980223.830000,13,0.028750,5,0,LOW,True,True,True,False,False,SMALL,Technology,Aegean,24678091.900000,21920561.420000,1523433.320000,3066212.220000,0.000000,0.000000,0.000000,976897.858333,2480835.548333,2,DERIVED_ANALYTICS,1,0.419503,0.115748,ESTABLISHED_RELATIONSHIP,LOWER_CREDIT_RISK_SIGNAL,MATERIAL_BUSINESS_SCALE,43841122.840000,482252.350000,131523.370000,0.000000,105218.690000,18939.360000,7476.170000,324313.450000,3.082280,37118.480000,0.985503,,True,65.090000,True,MEDIUM_PRIORITY,False,"Review collections, payments and liquidity visibility.",Cash Management,5.000000,70,True,CONTACT_DUE,TASK000599,10,AUTHORISED_RELATIONSHIP_MANAGER,False
OPP0008556,SME002904,RM030,PAYROLL_SERVICES,0.591092,0.750000,0.655999,74.380000,42,24543042.300000,49,0.031356,0,0,NONE,True,True,True,False,False,SMALL,Manufacturing,Central Anatolia,13332836.050000,12129682.920000,761129.830000,9182379.170000,0.000000,0.000000,0.000000,479246.201667,1217175.623333,244,DERIVED_ANALYTICS,1,0.357170,0.110525,LOWER_CREDIT_RISK_SIGNAL,MATERIAL_BUSINESS_SCALE,HIGH_DIGITAL_ENGAGEMENT,18364758.340000,220377.100000,55094.280000,0.000000,44075.420000,7933.580000,3654.710000,153694.530000,3.487080,16567.160000,0.960606,,True,59.170000,True,MEDIUM_PRIORITY,False,Discuss payroll automation and employee banking needs.,Payroll Services,12.000000,46,True,CONTACT_DUE,TASK000600,10,AUTHORISED_RELATIONSHIP_MANAGER,False
OPP0006391,SME002905,RM033,BUSINESS_CREDIT_CARD,0.674529,0.625000,1.000000,77.430000,132,96538118.360000,15,0.029596,15,23,NONE,True,True,True,True,False,SMALL,Retail Trade,Mediterranean,54303399.590000,48677017.690000,34224747.230000,3105958.230000,15486803.780000,0.000000,9594420.110000,2169023.073333,6799225.348333,18,DERIVED_ANALYTICS,1,0.511115,0.156968,ESTABLISHED_RELATIONSHIP,CROSS_BORDER_ACTIVITY,LOWER_CREDIT_RISK_SIGNAL,1737686.130480,73504.120000,27177.410000,7344.000000,53173.200000,9571.180000,1160.650000,28250.880000,0.531299,4014.480000,0.879931,,True,67.410000,True,MEDIUM_PRIORITY,True,Review employee spending controls and short-term purchasing needs.,Business Credit Card,1.000000,59,True,CONTACT_DUE,TASK000601,10,AUTHORISED_RELATIONSHIP_MANAGER,False
OPP0010575,SME002921,RM045,CASH_MANAGEMENT,0.969364,0.875000,0.060490,93.340000,54,239507436.010000,190,0.025786,0,102,NONE,True,True,True,True,False,MEDIUM,Retail Trade,Aegean,114243024.140000,96562513.030000,57142522.180000,44117156.130000,35965874.580000,0.000000,16285636.900000,4241651.326667,11948134.456667,4,DERIVED_ANALYTICS,1,0.743064,0.134928,CROSS_BORDER_ACTIVITY,STRONG_PRODUCT_NEED_SIGNAL,HIGH_DIGITAL_ENGAGEMENT,193125026.060000,2124375.290000,579375.080000,0.000000,463500.060000,83430.010000,29868.750000,1431701.450000,3.088892,192756.000000,1.000000,,True,84.000000,True,HIGH_PRIORITY,False,"Review collections, payments and liquidity visibility.",Cash Management,1.000000,46,True,CONTACT_DUE,TASK000602,10,AUTHORISED_RELATIONSHIP_MANAGER,False
OPP0010576,SME002923,RM007,CASH_MANAGEMENT,0.553918,0.875000,0.575574,92.650000,74,11514105.610000,6,0.045350,0,174,MEDIUM,True,False,True,False,False,MICRO,Construction,Central Anatolia,5861198.930000,5309956.450000,308060.000000,1247894.450000,0.000000,0.000000,0.000000,176371.025000,656826.415000,6,DERIVED_ANALYTICS,1,0.377478,0.069223,HIGH_DIGITAL_ENGAGEMENT,ESTABLISHED_RELATIONSHIP,LOWER_CREDIT_RISK_SIGNAL,10619912.900000,116819.040000,31859.740000,0.000000,25487.790000,4587.800000,2492.990000,77878.510000,3.055522,4970.960000,0.893350,,True,55.330000,True,MEDIUM_PRIORITY,False,"Review collections, payments and liquidity visibility.",Cash Management,16.000000,57,True,CONTACT_DUE,TASK000603,10,AUTHORISED_RELATIONSHIP_MANAGER,False
OPP0008571,SME002928,RM029,PAYROLL_SERVICES,0.575944,1.000000,0.000000,83.260000,84,13892368.400000,27,0.019879,0,0,MEDIUM,True,True,True,False,False,SMALL,Wholesale Trade,Marmara,7602667.180000,6756839.370000,298758.100000,5481594.600000,0.000000,0.000000,0.000000,270684.535000,825739.023333,88,DERIVED_ANALYTICS,1,0.399967,0.050555,ESTABLISHED_RELATIONSHIP,LOWER_CREDIT_RISK_SIGNAL,HIGH_DIGITAL_ENGAGEMENT,10963189.200000,131558.270000,32889.570000,0.000000,26311.650000,4736.100000,2544.480000,91388.120000,3.473295,4200.080000,0.883218,,True,55.920000,True,MEDIUM_PRIORITY,False,Discuss payroll automation and employee banking needs.,Payroll Services,25.000000,56,True,CONTACT_DUE,TASK000604,10,AUTHORISED_RELATIONSHIP_MANAGER,False
OPP0004372,SME002937,RM045,POS_MERCHANT_ACQUIRING,0.595920,0.500000,1.000000,78.090000,20,19989268.200000,29,0.026286,0,0,NONE,True,True,True,True,True,SMALL,Hospitality,Aegean,10895381.840000,9517063.740000,6206287.120000,6261549.790000,2420418.280000,2439123.930000,2336610.900000,393048.063333,1059766.688333,95,DERIVED_ANALYTICS,1,0.325221,0.171065,CROSS_BORDER_ACTIVITY,LOWER_CREDIT_RISK_SIGNAL,HIGH_DIGITAL_ENGAGEMENT,12412574.240000,161363.470000,37237.720000,0.000000,74475.450000,13405.580000,2761.890000,107958.280000,1.449582,18047.880000,0.963462,,True,61.260000,True,MEDIUM_PRIORITY,False,"Discuss merchant collections, settlement speed and acquiring economics.",POS & Merchant Acquiring,10.000000,46,True,CONTACT_DUE,TASK000605,10,AUTHORISED_RELATIONSHIP_MANAGER,False
OPP0004373,SME002938,RM020,POS_MERCHANT_ACQUIRING,0.573500,0.875000,0.200699,60.200000,128,33419920.780000,31,0.024706,30,111,NONE,True,True,True,True,False,SMALL,Hospitality,Mediterranean,17448305.990000,14882094.070000,9835636.520000,7184013.070000,3737965.900000,0.000000,2001334.530000,715823.691667,1518769.251667,16,DERIVED_ANALYTICS,1,0.395016,0.126562,ESTABLISHED_RELATIONSHIP,CROSS_BORDER_ACTIVITY,LOWER_CREDIT_RISK_SIGNAL,19671273.040000,255726.550000,59013.820000,0.000000,118027.640000,21244.980000,3850.690000,171617.060000,1.454041,21300.260000,0.970091,,True,62.860000,True,MEDIUM_PRIORITY,False,"Discuss merchant collections, settlement speed and acquiring economics.",POS & Merchant Acquiring,6.000000,57,True,CONTACT_DUE,TASK000606,10,AUTHORISED_RELATIONSHIP_MANAGER,False
OPP0004382,SME002951,RM004,POS_MERCHANT_ACQUIRING,0.485565,0.500000,1.000000,70.000000,118,10803488.170000,8,0.025015,0,0,NONE,True,True,True,True,False,MICRO,Healthcare,Central Anatolia,6191258.300000,5693494.500000,2837230.570000,1546617.120000,1649469.500000,0.000000,884745.230000,269309.095000,544845.851667,39,DERIVED_ANALYTICS,1,0.366262,0.147523,ESTABLISHED_RELATIONSHIP,CROSS_BORDER_ACTIVITY,LOWER_CREDIT_RISK_SIGNAL,5674461.140000,73767.990000,17023.380000,0.000000,34046.770000,6128.420000,1751.170000,48865.020000,1.435232,6788.700000,0.912697,,True,57.110000,True,MEDIUM_PRIORITY,False,"Discuss merchant collections, settlement speed and acquiring economics.",POS & Merchant Acquiring,8.000000,59,True,CONTACT_DUE,TASK000607,10,AUTHORISED_RELATIONSHIP_MANAGER,False
OPP0010595,SME002952,RM047,CASH_MANAGEMENT,0.626597,0.875000,1.000000,35.980000,11,140258340.030000,86,0.018085,0,0,NONE,True,True,True,True,True,MEDIUM,Hospitality,Central Anatolia,73491405.930000,66183631.310000,35787311.900000,16282202.040000,20299233.230000,18000195.170000,21695073.310000,2526690.830000,9430907.223333,1,DERIVED_ANALYTICS,1,0.298272,0.029357,CROSS_BORDER_ACTIVITY,LOWER_CREDIT_RISK_SIGNAL,MATERIAL_BUSINESS_SCALE,132367262.620000,1456039.890000,397101.790000,0.000000,317681.430000,57182.660000,20755.090000,981000.350000,3.088000,28378.780000,0.978821,,True,52.340000,True,MEDIUM_PRIORITY,False,"Review collections, payments and liquidity visibility.",Cash Management,20.000000,67,True,CONTACT_DUE,TASK000608,10,AUTHORISED_RELATIONSHIP_MANAGER,False
OPP0004389,SME002960,RM030,POS_MERCHANT_ACQUIRING,0.616245,1.000000,0.000000,88.740000,73,28842941.920000,36,0.021957,5,139,NONE,True,True,True,False,True,SMALL,Healthcare,Central Anatolia,16202851.300000,14466793.180000,8903154.630000,8059837.630000,0.000000,4990365.600000,2405383.040000,640805.443333,1406258.848333,43,DERIVED_ANALYTICS,1,0.499585,0.137277,CROSS_BORDER_ACTIVITY,LOWER_CREDIT_RISK_SIGNAL,HIGH_DIGITAL_ENGAGEMENT,17806309.260000,231482.020000,53418.930000,0.000000,106837.860000,19230.810000,3570.950000,155261.330000,1.453243,20893.800000,0.969174,,True,69.340000,True,MEDIUM_PRIORITY,False,"Discuss merchant collections, settlement speed and acquiring economics.",POS & Merchant Acquiring,3.000000,46,True,CONTACT_DUE,TASK000609,10,AUTHORISED_RELATIONSHIP_MANAGER,False
OPP0008602,SME002970,RM010,PAYROLL_SERVICES,0.693234,0.625000,1.000000,35.130000,124,92608979.290000,135,0.021502,0,157,NONE,True,True,True,False,True,MEDIUM,Manufacturing,Central Anatolia,52628114.830000,46426720.620000,2512667.660000,31084632.060000,0.000000,13907614.360000,8102227.410000,2332568.680000,4769897.805000,51,DERIVED_ANALYTICS,1,0.500584,0.010440,ESTABLISHED_RELATIONSHIP,CROSS_BORDER_ACTIVITY,LOWER_CREDIT_RISK_SIGNAL,62169264.120000,746031.170000,186507.790000,0.000000,149206.230000,26857.120000,10225.390000,522440.870000,3.501468,5034.070000,0.894535,,True,54.560000,True,MEDIUM_PRIORITY,False,Discuss payroll automation and employee banking needs.,Payroll Services,12.000000,58,True,CONTACT_DUE,TASK000610,10,AUTHORISED_RELATIONSHIP_MANAGER,False
OPP0010616,SME002988,RM017,CASH_MANAGEMENT,0.563308,0.750000,0.061808,86.540000,133,16804327.910000,9,0.047248,0,0,NONE,True,True,True,False,False,MICRO,Wholesale Trade,Aegean,9404686.150000,8282292.130000,193845.980000,1814556.630000,0.000000,0.000000,0.000000,306387.041667,793606.405000,46,DERIVED_ANALYTICS,1,0.399907,0.077041,ESTABLISHED_RELATIONSHIP,HIGH_DIGITAL_ENGAGEMENT,LOWER_CREDIT_RISK_SIGNAL,16564584.260000,182210.430000,49693.750000,0.000000,39755.000000,7155.900000,3384.690000,121976.090000,3.068195,8977.210000,0.928271,,True,56.330000,True,MEDIUM_PRIORITY,False,"Review collections, payments and liquidity visibility.",Cash Management,10.000000,60,True,CONTACT_DUE,TASK000611,10,AUTHORISED_RELATIONSHIP_MANAGER,False
OPP0010617,SME002989,RM041,CASH_MANAGEMENT,0.607316,0.500000,1.000000,71.310000,21,47154673.260000,40,0.051273,0,0,NONE,True,True,True,False,False,SMALL,Retail Trade,Marmara,24583079.830000,22618780.390000,11783457.390000,7826238.280000,0.000000,0.000000,0.000000,837340.505000,2224164.361667,14,DERIVED_ANALYTICS,1,0.298682,0.092126,MATERIAL_BUSINESS_SCALE,LOWER_CREDIT_RISK_SIGNAL,HIGH_DIGITAL_ENGAGEMENT,45237560.780000,497613.170000,135712.680000,0.000000,108570.150000,19542.630000,7685.630000,334672.230000,3.082544,30411.990000,0.981192,,True,53.870000,True,MEDIUM_PRIORITY,False,"Review collections, payments and liquidity visibility.",Cash Management,26.000000,55,True,CONTACT_DUE,TASK000612,10,AUTHORISED_RELATIONSHIP_MANAGER,False
OPP0010618,SME002990,RM021,CASH_MANAGEMENT,0.577425,0.750000,1.000000,63.720000,20,47254608.800000,18,0.032900,0,0,NONE,True,True,True,False,False,SMALL,Hospitality,Marmara,27615171.630000,24436015.650000,16216179.710000,3993664.900000,0.000000,0.000000,0.000000,764231.071667,2110262.230000,249,DERIVED_ANALYTICS,1,0.270176,0.065875,LOWER_CREDIT_RISK_SIGNAL,MATERIAL_BUSINESS_SCALE,HIGH_DIGITAL_ENGAGEMENT,48872031.300000,537592.340000,146616.090000,0.000000,117292.880000,21112.720000,8230.800000,361632.730000,3.083160,23402.510000,0.972893,,True,52.290000,True,MEDIUM_PRIORITY,False,"Review collections, payments and liquidity visibility.",Cash Management,23.000000,48,True,CONTACT_DUE,TASK000613,10,AUTHORISED_RELATIONSHIP_MANAGER,False
OPP0010625,SME002999,RM041,CASH_MANAGEMENT,0.813807,0.750000,0.107327,82.550000,37,121921649.590000,151,0.044216,0,0,NONE,True,True,True,False,False,MEDIUM,Transportation,Marmara,68178615.080000,55966281.950000,2904997.010000,26103591.150000,0.000000,0.000000,0.000000,2902892.740000,7028451.516667,3,DERIVED_ANALYTICS,1,0.616046,0.034881,MATERIAL_BUSINESS_SCALE,HIGH_DIGITAL_ENGAGEMENT,STRONG_PRODUCT_NEED_SIGNAL,111932563.900000,1231258.200000,335797.690000,0.000000,268638.150000,48354.870000,17689.880000,829415.760000,3.087483,28511.160000,0.978929,,True,65.880000,True,MEDIUM_PRIORITY,False,"Review collections, payments and liquidity visibility.",Cash Management,8.000000,55,True,CONTACT_DUE,TASK000614,10,AUTHORISED_RELATIONSHIP_MANAGER,False
OPP0010626,SME003000,RM045,CASH_MANAGEMENT,0.651723,0.750000,1.000000,47.640000,6,122097370.930000,156,0.011597,0,82,MEDIUM,True,True,True,True,True,MEDIUM,Wholesale Trade,Aegean,65923759.310000,56604651.590000,3077843.650000,32743836.140000,16478372.540000,13106918.780000,15487338.930000,2173381.985000,6002689.888333,94,DERIVED_ANALYTICS,1,0.310266,0.044299,CROSS_BORDER_ACTIVITY,LOWER_CREDIT_RISK_SIGNAL,MATERIAL_BUSINESS_SCALE,113209303.180000,1245302.330000,339627.910000,0.000000,271702.330000,48906.420000,17881.400000,838886.600000,3.087521,36741.930000,0.985072,,True,53.480000,True,MEDIUM_PRIORITY,False,"Review collections, payments and liquidity visibility.",Cash Management,20.000000,46,True,CONTACT_DUE,TASK000615,10,AUTHORISED_RELATIONSHIP_MANAGER,False
OPP0004411,SME003001,RM006,POS_MERCHANT_ACQUIRING,0.552338,0.625000,1.000000,54.140000,135,26007019.550000,46,0.014475,0,144,NONE,True,True,True,False,True,SMALL,Healthcare,Aegean,15174373.330000,14670053.100000,8539661.470000,11715131.460000,0.000000,3816791.240000,1694556.130000,608474.641667,1220408.591667,158,DERIVED_ANALYTICS,1,0.396779,0.143092,ESTABLISHED_RELATIONSHIP,CROSS_BORDER_ACTIVITY,LOWER_CREDIT_RISK_SIGNAL,17079322.940000,222031.200000,51237.970000,0.000000,102475.940000,18445.670000,3461.900000,148885.660000,1.452884,20884.340000,0.969121,,True,61.420000,True,MEDIUM_PRIORITY,False,"Discuss merchant collections, settlement speed and acquiring economics.",POS & Merchant Acquiring,8.000000,63,True,CONTACT_DUE,TASK000616,10,AUTHORISED_RELATIONSHIP_MANAGER,False
OPP0010627,SME003002,RM037,CASH_MANAGEMENT,0.562107,0.875000,0.100857,64.900000,136,41616440.800000,9,0.048367,0,0,NONE,True,True,True,True,False,MICRO,Technology,Aegean,22657620.720000,19059196.160000,1238902.560000,2004956.560000,6379981.720000,0.000000,3285901.710000,829133.035000,1918597.433333,30,DERIVED_ANALYTICS,1,0.374603,0.146124,ESTABLISHED_RELATIONSHIP,CROSS_BORDER_ACTIVITY,MATERIAL_BUSINESS_SCALE,38118392.320000,419302.320000,114355.180000,0.000000,91484.140000,16467.150000,6617.760000,281862.230000,3.080996,40766.960000,0.987390,,True,64.030000,True,MEDIUM_PRIORITY,False,"Review collections, payments and liquidity visibility.",Cash Management,4.000000,47,True,CONTACT_DUE,TASK000617,10,AUTHORISED_RELATIONSHIP_MANAGER,False
OPP0010629,SME003007,RM002,CASH_MANAGEMENT,0.652349,0.625000,0.871108,86.910000,117,38344063.630000,21,0.012463,0,110,NONE,True,True,True,False,False,SMALL,Healthcare,Marmara,20174015.020000,17249107.220000,11119941.640000,4157888.050000,0.000000,0.000000,0.000000,643088.905000,2392141.183333,25,DERIVED_ANALYTICS,1,0.542721,0.138428,ESTABLISHED_RELATIONSHIP,LOWER_CREDIT_RISK_SIGNAL,HIGH_DIGITAL_ENGAGEMENT,34498214.440000,379480.360000,103494.640000,0.000000,82795.710000,14903.230000,6074.730000,255007.760000,3.079963,34880.100000,0.984156,,True,68.140000,True,MEDIUM_PRIORITY,False,"Review collections, payments and liquidity visibility.",Cash Management,3.000000,57,True,CONTACT_DUE,TASK000618,10,AUTHORISED_RELATIONSHIP_MANAGER,False
OPP0008632,SME003013,RM033,PAYROLL_SERVICES,0.605200,0.625000,0.584463,51.380000,127,9823294.040000,24,0.024898,0,0,NONE,True,True,True,False,False,SMALL,Manufacturing,Mediterranean,5565057.540000,5157245.590000,187598.540000,4573320.350000,0.000000,0.000000,0.000000,219177.911667,499123.216667,55,DERIVED_ANALYTICS,1,0.404068,0.087178,ESTABLISHED_RELATIONSHIP,LOWER_CREDIT_RISK_SIGNAL,MATERIAL_BUSINESS_SCALE,9146640.700000,109759.690000,27439.920000,0.000000,21951.940000,3951.350000,2272.000000,76096.420000,3.466501,6213.960000,0.907954,,True,56.680000,True,MEDIUM_PRIORITY,False,Discuss payroll automation and employee banking needs.,Payroll Services,9.000000,59,True,CONTACT_DUE,TASK000619,10,AUTHORISED_RELATIONSHIP_MANAGER,False
OPP0004422,SME003019,RM027,POS_MERCHANT_ACQUIRING,0.590002,0.750000,0.536584,81.800000,80,11694159.680000,8,0.072245,30,0,NONE,True,False,True,False,True,MICRO,Hospitality,Eastern,6443230.830000,5618356.870000,3715889.270000,1801782.000000,0.000000,1325652.360000,720388.010000,244272.345000,712867.406667,56,DERIVED_ANALYTICS,1,0.397541,0.077801,CROSS_BORDER_ACTIVITY,ESTABLISHED_RELATIONSHIP,HIGH_DIGITAL_ENGAGEMENT,7431778.540000,96613.120000,22295.340000,0.000000,44590.670000,8026.320000,2014.770000,64276.690000,1.441483,4580.810000,0.888877,,True,56.200000,True,MEDIUM_PRIORITY,False,"Discuss merchant collections, settlement speed and acquiring economics.",POS & Merchant Acquiring,5.000000,60,True,CONTACT_DUE,TASK000620,10,AUTHORISED_RELATIONSHIP_MANAGER,False
OPP0010643,SME003027,RM024,CASH_MANAGEMENT,0.553843,0.750000,1.000000,75.260000,57,25177087.160000,35,0.008588,0,0,NONE,True,True,True,False,False,SMALL,Healthcare,Eastern,14102434.530000,12877183.350000,6768676.800000,7244121.030000,0.000000,0.000000,0.000000,422308.116667,1333153.943333,352,DERIVED_ANALYTICS,1,0.364362,0.116376,LOWER_CREDIT_RISK_SIGNAL,MATERIAL_BUSINESS_SCALE,HIGH_DIGITAL_ENGAGEMENT,25754366.700000,283298.030000,77263.100000,0.000000,61810.480000,11125.890000,4763.160000,190145.880000,3.076273,21708.350000,0.970414,,True,59.290000,True,MEDIUM_PRIORITY,False,"Review collections, payments and liquidity visibility.",Cash Management,3.000000,54,True,CONTACT_DUE,TASK000621,10,AUTHORISED_RELATIONSHIP_MANAGER,False
OPP0004429,SME003031,RM030,POS_MERCHANT_ACQUIRING,0.596563,0.750000,1.000000,78.140000,115,28003725.120000,32,0.012658,0,0,NONE,True,True,True,False,True,SMALL,Healthcare,Central Anatolia,13594074.070000,12828548.040000,7521367.170000,6850387.050000,0.000000,2951706.160000,1546638.090000,554202.325000,1400443.560000,174,DERIVED_ANALYTICS,1,0.504196,0.128618,ESTABLISHED_RELATIONSHIP,CROSS_BORDER_ACTIVITY,LOWER_CREDIT_RISK_SIGNAL,15042734.340000,195555.550000,45128.200000,0.000000,90256.410000,16246.150000,3156.410000,131024.790000,1.451695,16432.140000,0.960390,,True,65.620000,True,MEDIUM_PRIORITY,False,"Discuss merchant collections, settlement speed and acquiring economics.",POS & Merchant Acquiring,7.000000,46,True,CONTACT_DUE,TASK000622,10,AUTHORISED_RELATIONSHIP_MANAGER,False
OPP0008649,SME003036,RM022,PAYROLL_SERVICES,0.583557,0.625000,1.000000,70.350000,66,34189459.020000,46,0.015864,0,0,NONE,True,True,True,False,True,SMALL,Manufacturing,Central Anatolia,16435625.630000,13804651.300000,825484.750000,10092623.930000,0.000000,4110408.060000,2237145.250000,634588.905000,1994094.833333,23,DERIVED_ANALYTICS,1,0.363675,0.104959,CROSS_BORDER_ACTIVITY,LOWER_CREDIT_RISK_SIGNAL,MATERIAL_BUSINESS_SCALE,20185247.860000,242222.970000,60555.740000,0.000000,48444.590000,8720.030000,3927.790000,169019.410000,3.488922,17320.160000,0.962384,,True,57.500000,True,MEDIUM_PRIORITY,False,Discuss payroll automation and employee banking needs.,Payroll Services,7.000000,46,True,CONTACT_DUE,TASK000623,10,AUTHORISED_RELATIONSHIP_MANAGER,False
OPP0010648,SME003039,RM037,CASH_MANAGEMENT,0.517532,1.000000,0.000000,59.620000,59,36994117.030000,32,0.031751,0,0,NONE,True,True,True,False,False,SMALL,Manufacturing,Aegean,16876251.830000,14201214.990000,914909.770000,6640871.020000,0.000000,0.000000,0.000000,670873.391667,1119834.706667,126,DERIVED_ANALYTICS,1,0.248476,0.110400,LOWER_CREDIT_RISK_SIGNAL,MATERIAL_BUSINESS_SCALE,ESTABLISHED_RELATIONSHIP,28402429.980000,312426.730000,85207.290000,0.000000,68165.830000,12269.850000,5160.360000,209789.230000,3.077630,22740.680000,0.971977,,True,56.770000,True,MEDIUM_PRIORITY,False,"Review collections, payments and liquidity visibility.",Cash Management,10.000000,47,True,CONTACT_DUE,TASK000624,10,AUTHORISED_RELATIONSHIP_MANAGER,False
OPP0018418,SME003040,RM009,FX_RISK_MANAGEMENT,0.419684,0.625000,1.000000,73.550000,116,52784014.310000,39,0.028475,0,52,LOW,True,False,True,True,False,SMALL,Transportation,Marmara,26531153.930000,21612819.390000,1012145.580000,9280087.310000,9633502.420000,0.000000,6456334.250000,1023989.281667,3586405.350000,70,DERIVED_ANALYTICS,1,0.269909,0.135363,ESTABLISHED_RELATIONSHIP,CROSS_BORDER_ACTIVITY,LOWER_CREDIT_RISK_SIGNAL,19267004.840000,143539.190000,20230.360000,0.000000,64737.140000,11652.690000,3790.050000,107866.090000,1.666216,14181.060000,0.952522,,True,53.450000,True,MEDIUM_PRIORITY,True,Review documented FX exposure and risk-management objectives.,FX Risk Management,32.000000,69,True,CONTACT_DUE,TASK000625,10,AUTHORISED_RELATIONSHIP_MANAGER,False
OPP0008659,SME003046,RM032,PAYROLL_SERVICES,0.727471,0.625000,1.000000,38.950000,93,203100315.660000,235,0.024210,0,0,NONE,True,True,True,True,True,MEDIUM,Wholesale Trade,Aegean,96359137.430000,88538151.500000,4851643.590000,48322755.190000,21101396.250000,22965706.170000,27940700.540000,4195309.246667,10644702.981667,45,DERIVED_ANALYTICS,1,0.436597,0.048211,ESTABLISHED_RELATIONSHIP,CROSS_BORDER_ACTIVITY,LOWER_CREDIT_RISK_SIGNAL,96645510.380000,1159746.120000,289936.530000,0.000000,231949.220000,41750.860000,15396.830000,812661.900000,3.503620,38759.650000,0.986366,,True,58.320000,True,MEDIUM_PRIORITY,False,Discuss payroll automation and employee banking needs.,Payroll Services,10.000000,50,True,CONTACT_DUE,TASK000626,10,AUTHORISED_RELATIONSHIP_MANAGER,False
OPP0010653,SME003048,RM017,CASH_MANAGEMENT,0.525775,0.500000,1.000000,59.930000,118,36261427.330000,13,0.041083,0,67,NONE,True,True,True,False,True,SMALL,Retail Trade,Aegean,20996961.770000,18536626.560000,9470620.710000,2912144.300000,0.000000,5257713.700000,2899624.090000,884980.453333,2364486.976667,66,DERIVED_ANALYTICS,1,0.291835,0.109427,ESTABLISHED_RELATIONSHIP,CROSS_BORDER_ACTIVITY,LOWER_CREDIT_RISK_SIGNAL,37073253.120000,407805.780000,111219.760000,0.000000,88975.810000,16015.650000,6460.990000,274109.380000,3.080718,29574.830000,0.980276,,True,53.400000,True,MEDIUM_PRIORITY,False,"Review collections, payments and liquidity visibility.",Cash Management,12.000000,60,True,CONTACT_DUE,TASK000627,10,AUTHORISED_RELATIONSHIP_MANAGER,False
OPP0010658,SME003055,RM009,CASH_MANAGEMENT,0.674551,0.875000,0.020843,95.100000,31,34123676.730000,19,0.014857,0,171,NONE,True,True,True,False,True,SMALL,Transportation,Marmara,16943176.720000,14563511.400000,1039966.290000,4120389.090000,0.000000,4385120.780000,2157738.770000,529332.343333,1487410.628333,81,DERIVED_ANALYTICS,1,0.466844,0.112107,CROSS_BORDER_ACTIVITY,HIGH_DIGITAL_ENGAGEMENT,LOWER_CREDIT_RISK_SIGNAL,29127022.800000,320397.250000,87381.070000,0.000000,69904.850000,12582.870000,5269.050000,215164.260000,3.077959,23701.360000,0.973162,,True,66.140000,True,MEDIUM_PRIORITY,False,"Review collections, payments and liquidity visibility.",Cash Management,9.000000,69,True,CONTACT_DUE,TASK000628,10,AUTHORISED_RELATIONSHIP_MANAGER,False
OPP0010659,SME003056,RM041,CASH_MANAGEMENT,0.837070,0.625000,0.862594,75.080000,28,153418851.400000,206,0.005369,0,0,NONE,True,True,True,True,False,MEDIUM,Technology,Marmara,86397086.460000,76541814.000000,3836302.440000,41226842.220000,26299154.750000,0.000000,11649306.450000,3260616.210000,8088168.621667,15,DERIVED_ANALYTICS,1,0.613138,0.084994,CROSS_BORDER_ACTIVITY,LOWER_CREDIT_RISK_SIGNAL,MATERIAL_BUSINESS_SCALE,153083628.000000,1683919.910000,459250.880000,0.000000,367400.710000,66132.130000,23862.540000,1134674.360000,3.088384,96020.690000,0.998383,,True,69.910000,True,MEDIUM_PRIORITY,False,"Review collections, payments and liquidity visibility.",Cash Management,4.000000,55,True,CONTACT_DUE,TASK000629,10,AUTHORISED_RELATIONSHIP_MANAGER,False
OPP0008669,SME003058,RM010,PAYROLL_SERVICES,0.844777,0.500000,1.000000,94.280000,7,45166541.630000,118,0.002092,0,0,NONE,True,True,True,False,True,MEDIUM,Technology,Central Anatolia,24278987.060000,19518409.650000,1874636.650000,24406921.550000,0.000000,5222829.870000,3171175.520000,1047371.793333,2119414.436667,38,DERIVED_ANALYTICS,1,0.703947,0.017888,CROSS_BORDER_ACTIVITY,LOWER_CREDIT_RISK_SIGNAL,HIGH_DIGITAL_ENGAGEMENT,48813843.100000,585766.120000,146441.530000,0.000000,117153.220000,21087.580000,8222.080000,410014.930000,3.499818,6914.380000,0.913882,,True,64.170000,True,MEDIUM_PRIORITY,False,Discuss payroll automation and employee banking needs.,Payroll Services,4.000000,58,True,CONTACT_DUE,TASK000630,10,AUTHORISED_RELATIONSHIP_MANAGER,False
OPP0010661,SME003061,RM010,CASH_MANAGEMENT,0.559671,0.875000,1.000000,76.550000,116,26181952.300000,49,0.020528,5,0,NONE,True,True,True,False,False,SMALL,Professional Services,Central Anatolia,12700529.030000,10965874.760000,760804.660000,8028366.890000,0.000000,0.000000,0.000000,478460.498333,1242784.038333,77,DERIVED_ANALYTICS,1,0.408880,0.065910,ESTABLISHED_RELATIONSHIP,LOWER_CREDIT_RISK_SIGNAL,MATERIAL_BUSINESS_SCALE,21931749.520000,241249.240000,65795.250000,0.000000,52636.200000,9474.520000,4189.760000,161789.710000,3.073735,10243.500000,0.935654,,True,56.920000,True,MEDIUM_PRIORITY,False,"Review collections, payments and liquidity visibility.",Cash Management,9.000000,58,True,CONTACT_DUE,TASK000631,10,AUTHORISED_RELATIONSHIP_MANAGER,False
OPP0004452,SME003063,RM042,POS_MERCHANT_ACQUIRING,0.513835,1.000000,0.000000,79.830000,124,6973328.900000,6,0.045411,0,0,NONE,True,True,True,False,False,MICRO,Healthcare,Mediterranean,3610767.950000,3014748.150000,1782272.420000,1243626.210000,0.000000,0.000000,0.000000,124846.203333,402492.746667,38,DERIVED_ANALYTICS,1,0.410195,0.099460,ESTABLISHED_RELATIONSHIP,HIGH_DIGITAL_ENGAGEMENT,LOWER_CREDIT_RISK_SIGNAL,3564544.840000,46339.080000,10693.630000,0.000000,21387.270000,3849.710000,1434.680000,30361.060000,1.419586,2599.700000,0.848836,,True,58.660000,True,MEDIUM_PRIORITY,False,"Discuss merchant collections, settlement speed and acquiring economics.",POS & Merchant Acquiring,4.000000,49,True,CONTACT_DUE,TASK000632,10,AUTHORISED_RELATIONSHIP_MANAGER,False
OPP0010666,SME003066,RM018,CASH_MANAGEMENT,0.522943,0.750000,0.532720,65.060000,97,30109649.190000,38,0.036324,0,0,NONE,True,True,True,False,False,SMALL,Transportation,Mediterranean,15439321.790000,12899067.320000,792350.370000,8138228.140000,0.000000,0.000000,0.000000,680956.998333,1345022.355000,263,DERIVED_ANALYTICS,1,0.315502,0.068408,ESTABLISHED_RELATIONSHIP,LOWER_CREDIT_RISK_SIGNAL,MATERIAL_BUSINESS_SCALE,25798134.640000,283779.480000,77394.400000,0.000000,61915.520000,11144.790000,4769.720000,190470.570000,3.076298,12609.700000,0.946055,,True,52.290000,True,MEDIUM_PRIORITY,False,"Review collections, payments and liquidity visibility.",Cash Management,9.000000,57,True,CONTACT_DUE,TASK000633,10,AUTHORISED_RELATIONSHIP_MANAGER,False
OPP0010668,SME003069,RM006,CASH_MANAGEMENT,0.475922,0.750000,0.482680,68.160000,74,16240725.320000,6,0.029302,0,0,NONE,True,True,True,True,False,MICRO,Transportation,Aegean,9182780.100000,8461032.440000,631197.820000,1186093.120000,2647349.910000,0.000000,1675341.750000,424409.655000,724597.888333,171,DERIVED_ANALYTICS,1,0.247673,0.122827,CROSS_BORDER_ACTIVITY,ESTABLISHED_RELATIONSHIP,LOWER_CREDIT_RISK_SIGNAL,16922064.880000,186142.710000,50766.190000,0.000000,40612.960000,7310.330000,3438.310000,124627.880000,3.068673,14887.690000,0.954947,,True,54.140000,True,MEDIUM_PRIORITY,False,"Review collections, payments and liquidity visibility.",Cash Management,16.000000,63,True,CONTACT_DUE,TASK000634,10,AUTHORISED_RELATIONSHIP_MANAGER,False
OPP0004458,SME003071,RM006,POS_MERCHANT_ACQUIRING,0.517154,0.750000,0.297664,60.190000,4,39545736.910000,20,0.056681,30,0,NONE,True,True,True,True,False,SMALL,Retail Trade,Aegean,20290684.860000,17688132.130000,9532361.030000,4458103.180000,5339771.160000,0.000000,3002949.230000,798114.271667,2249919.560000,289,DERIVED_ANALYTICS,1,0.218967,0.126858,CROSS_BORDER_ACTIVITY,MATERIAL_BUSINESS_SCALE,LOWER_CREDIT_RISK_SIGNAL,19064722.060000,247841.390000,57194.170000,0.000000,114388.330000,20589.900000,3759.710000,166297.610000,1.453799,20676.180000,0.968420,,True,54.730000,True,MEDIUM_PRIORITY,False,"Discuss merchant collections, settlement speed and acquiring economics.",POS & Merchant Acquiring,14.000000,63,True,CONTACT_DUE,TASK000635,10,AUTHORISED_RELATIONSHIP_MANAGER,False
OPP0010675,SME003076,RM037,CASH_MANAGEMENT,0.610792,0.750000,0.784955,54.970000,33,81171956.410000,70,0.014223,15,77,NONE,True,True,True,False,False,MEDIUM,Transportation,Aegean,44826560.630000,36506999.760000,1604493.200000,14047250.240000,0.000000,0.000000,0.000000,1472307.945000,4963570.755000,136,DERIVED_ANALYTICS,1,0.380295,0.035307,LOWER_CREDIT_RISK_SIGNAL,MATERIAL_BUSINESS_SCALE,STRONG_PRODUCT_NEED_SIGNAL,73013999.520000,803153.990000,219042.000000,0.000000,175233.600000,31542.050000,11852.100000,540717.840000,3.085697,18670.870000,0.964432,,True,53.640000,True,MEDIUM_PRIORITY,False,"Review collections, payments and liquidity visibility.",Cash Management,17.000000,47,True,CONTACT_DUE,TASK000636,10,AUTHORISED_RELATIONSHIP_MANAGER,False
OPP0004467,SME003081,RM034,POS_MERCHANT_ACQUIRING,0.467065,0.875000,0.254194,62.210000,54,11300137.160000,8,0.039810,0,0,NONE,True,True,True,True,False,MICRO,Retail Trade,Aegean,6572144.490000,5602240.890000,2967667.040000,1624546.940000,1367964.350000,0.000000,738120.620000,270600.503333,776346.915000,56,DERIVED_ANALYTICS,1,0.218761,0.120866,CROSS_BORDER_ACTIVITY,LOWER_CREDIT_RISK_SIGNAL,MATERIAL_BUSINESS_SCALE,5935334.080000,77159.340000,17806.000000,0.000000,35612.000000,6410.160000,1790.300000,51152.880000,1.436394,5762.630000,0.903589,,True,53.170000,True,MEDIUM_PRIORITY,False,"Discuss merchant collections, settlement speed and acquiring economics.",POS & Merchant Acquiring,14.000000,61,True,CONTACT_DUE,TASK000637,10,AUTHORISED_RELATIONSHIP_MANAGER,False
OPP0004473,SME003091,RM002,POS_MERCHANT_ACQUIRING,0.541213,0.500000,1.000000,52.430000,90,22904242.410000,22,0.046749,0,131,NONE,True,True,True,True,False,SMALL,Hospitality,Marmara,12660147.710000,11124984.240000,7058832.120000,4973909.540000,3401913.680000,0.000000,2097800.710000,611688.378333,1413344.781667,8,DERIVED_ANALYTICS,1,0.298424,0.115708,ESTABLISHED_RELATIONSHIP,CROSS_BORDER_ACTIVITY,MATERIAL_BUSINESS_SCALE,14117664.240000,183529.640000,42352.990000,0.000000,84705.990000,15247.080000,3017.650000,122911.920000,1.451042,13801.880000,0.950905,,True,53.990000,True,MEDIUM_PRIORITY,False,"Discuss merchant collections, settlement speed and acquiring economics.",POS & Merchant Acquiring,24.000000,57,True,CONTACT_DUE,TASK000638,10,AUTHORISED_RELATIONSHIP_MANAGER,False
OPP0010686,SME003093,RM001,CASH_MANAGEMENT,0.736537,0.625000,1.000000,76.070000,121,98904741.590000,105,0.025018,60,0,NONE,True,True,True,True,False,MEDIUM,Wholesale Trade,Mediterranean,48473248.110000,45353985.740000,2017257.200000,22345401.540000,13720070.530000,0.000000,7900736.360000,2135737.683333,4795172.010000,23,DERIVED_ANALYTICS,1,0.620456,0.010941,ESTABLISHED_RELATIONSHIP,CROSS_BORDER_ACTIVITY,LOWER_CREDIT_RISK_SIGNAL,90707971.480000,997787.690000,272123.910000,0.000000,217699.130000,39185.840000,14506.200000,671971.740000,3.086699,6931.970000,0.914044,,True,59.750000,True,MEDIUM_PRIORITY,False,"Review collections, payments and liquidity visibility.",Cash Management,4.000000,49,True,CONTACT_DUE,TASK000639,10,AUTHORISED_RELATIONSHIP_MANAGER,False
OPP0010689,SME003098,RM034,CASH_MANAGEMENT,0.589986,1.000000,0.000000,86.780000,69,21462794.050000,7,0.025269,0,0,NONE,True,True,True,False,False,MICRO,Healthcare,Aegean,12328007.140000,10881994.270000,5663165.050000,1535969.440000,0.000000,0.000000,0.000000,422610.688333,1106255.778333,78,DERIVED_ANALYTICS,1,0.405484,0.148286,LOWER_CREDIT_RISK_SIGNAL,HIGH_DIGITAL_ENGAGEMENT,ESTABLISHED_RELATIONSHIP,21763988.540000,239403.870000,65291.970000,0.000000,52233.570000,9402.040000,4164.600000,160545.260000,3.073603,23386.620000,0.972839,,True,66.810000,True,MEDIUM_PRIORITY,False,"Review collections, payments and liquidity visibility.",Cash Management,4.000000,61,True,CONTACT_DUE,TASK000640,10,AUTHORISED_RELATIONSHIP_MANAGER,False
OPP0010691,SME003101,RM035,CASH_MANAGEMENT,0.533771,0.625000,1.000000,53.910000,99,49376992.280000,25,0.038178,0,0,NONE,True,True,True,True,False,SMALL,Healthcare,Central Anatolia,27359132.420000,22563385.770000,14718452.080000,5846440.480000,9225065.180000,0.000000,4454795.130000,712374.268333,2563221.968333,1,DERIVED_ANALYTICS,1,0.323428,0.137181,ESTABLISHED_RELATIONSHIP,CROSS_BORDER_ACTIVITY,LOWER_CREDIT_RISK_SIGNAL,45126771.540000,496394.490000,135380.310000,0.000000,108304.250000,19494.760000,7669.020000,333850.400000,3.082524,45377.880000,0.989653,,True,58.500000,True,MEDIUM_PRIORITY,False,"Review collections, payments and liquidity visibility.",Cash Management,8.000000,59,True,CONTACT_DUE,TASK000641,10,AUTHORISED_RELATIONSHIP_MANAGER,False
OPP0010692,SME003102,RM009,CASH_MANAGEMENT,0.881550,0.625000,0.500758,74.250000,48,291720842.520000,130,0.010972,90,48,NONE,True,True,True,True,False,MEDIUM,Agriculture,Marmara,132979082.140000,124410981.940000,6947341.580000,32010471.120000,32166793.770000,0.000000,20943703.190000,4004087.156667,14998569.163333,114,DERIVED_ANALYTICS,1,0.686463,0.025135,CROSS_BORDER_ACTIVITY,LOWER_CREDIT_RISK_SIGNAL,MATERIAL_BUSINESS_SCALE,248821963.880000,2737041.600000,746465.890000,0.000000,597172.710000,107491.090000,38223.290000,1844861.330000,3.089326,45950.920000,0.989869,,True,67.690000,True,MEDIUM_PRIORITY,False,"Review collections, payments and liquidity visibility.",Cash Management,5.000000,69,True,CONTACT_DUE,TASK000642,10,AUTHORISED_RELATIONSHIP_MANAGER,False
OPP0008707,SME003117,RM046,PAYROLL_SERVICES,0.767453,1.000000,0.000000,69.210000,89,124552965.060000,184,0.016469,0,0,NONE,True,True,True,False,False,MEDIUM,Transportation,Mediterranean,60311689.230000,54591842.070000,1180622.490000,36774558.060000,0.000000,0.000000,0.000000,2423876.160000,7462813.846667,124,DERIVED_ANALYTICS,1,0.615763,0.011551,ESTABLISHED_RELATIONSHIP,LOWER_CREDIT_RISK_SIGNAL,MATERIAL_BUSINESS_SCALE,73549116.120000,882589.390000,220647.350000,0.000000,176517.880000,31773.220000,11932.370000,618236.450000,3.502401,6721.440000,0.911996,,True,64.040000,True,MEDIUM_PRIORITY,False,Discuss payroll automation and employee banking needs.,Payroll Services,5.000000,63,True,CONTACT_DUE,TASK000643,10,AUTHORISED_RELATIONSHIP_MANAGER,False
OPP0008709,SME003120,RM041,PAYROLL_SERVICES,0.623036,0.750000,0.052875,49.950000,48,29026326.060000,44,0.036589,0,0,NONE,True,True,True,False,False,SMALL,Hospitality,Marmara,13822005.140000,11780154.490000,6801143.400000,9550762.670000,0.000000,0.000000,0.000000,596080.133333,1377188.620000,297,DERIVED_ANALYTICS,1,0.315379,0.062605,LOWER_CREDIT_RISK_SIGNAL,MATERIAL_BUSINESS_SCALE,STRONG_PRODUCT_NEED_SIGNAL,19101525.340000,229218.300000,57304.580000,0.000000,45843.660000,8251.860000,3765.230000,159896.630000,3.487868,9590.360000,0.932205,,True,53.710000,True,MEDIUM_PRIORITY,False,Discuss payroll automation and employee banking needs.,Payroll Services,27.000000,55,True,CONTACT_DUE,TASK000644,10,AUTHORISED_RELATIONSHIP_MANAGER,False
OPP0010707,SME003129,RM019,CASH_MANAGEMENT,0.885144,0.500000,1.000000,86.560000,109,162927787.460000,67,0.003758,5,0,NONE,True,True,True,True,True,MEDIUM,Retail Trade,Aegean,80151388.820000,73125503.160000,37783049.690000,13519793.550000,24985028.860000,23184129.110000,27946976.810000,3370120.650000,10634526.310000,29,DERIVED_ANALYTICS,1,0.745345,0.114011,ESTABLISHED_RELATIONSHIP,CROSS_BORDER_ACTIVITY,LOWER_CREDIT_RISK_SIGNAL,146251006.320000,1608761.070000,438753.020000,0.000000,351002.420000,63180.440000,22837.650000,1083989.960000,3.088269,123166.510000,0.999407,,True,76.570000,True,MEDIUM_PRIORITY,False,"Review collections, payments and liquidity visibility.",Cash Management,1.000000,70,True,CONTACT_DUE,TASK000645,10,AUTHORISED_RELATIONSHIP_MANAGER,False
OPP0008716,SME003130,RM015,PAYROLL_SERVICES,0.914925,0.625000,0.035546,40.560000,15,39394854.140000,178,0.010551,0,0,NONE,True,True,True,False,False,MEDIUM,Manufacturing,Marmara,21901369.610000,19549187.180000,1420008.250000,35135068.470000,0.000000,0.000000,0.000000,681027.910000,1570437.993333,143,DERIVED_ANALYTICS,1,0.607428,0.028929,LOWER_CREDIT_RISK_SIGNAL,STRONG_PRODUCT_NEED_SIGNAL,MATERIAL_BUSINESS_SCALE,70270136.940000,843241.640000,210810.410000,0.000000,168648.330000,30356.700000,11440.520000,590634.010000,3.502163,16666.340000,0.960714,,True,65.710000,True,MEDIUM_PRIORITY,False,Discuss payroll automation and employee banking needs.,Payroll Services,6.000000,66,True,CONTACT_DUE,TASK000646,10,AUTHORISED_RELATIONSHIP_MANAGER,False
OPP0010710,SME003132,RM045,CASH_MANAGEMENT,0.602616,0.875000,0.047480,58.260000,125,75221259.520000,29,0.040870,30,46,NONE,True,True,True,False,False,SMALL,Wholesale Trade,Aegean,34393846.930000,29869050.730000,1439927.110000,5544455.840000,0.000000,0.000000,0.000000,1298355.296667,3064640.865000,69,DERIVED_ANALYTICS,1,0.379766,0.061501,ESTABLISHED_RELATIONSHIP,MATERIAL_BUSINESS_SCALE,LOWER_CREDIT_RISK_SIGNAL,59738101.460000,657119.120000,179214.300000,0.000000,143371.440000,25806.860000,9860.720000,442237.240000,3.084556,26778.130000,0.976827,,True,57.280000,True,MEDIUM_PRIORITY,False,"Review collections, payments and liquidity visibility.",Cash Management,14.000000,46,True,CONTACT_DUE,TASK000647,10,AUTHORISED_RELATIONSHIP_MANAGER,False
OPP0004504,SME003133,RM029,POS_MERCHANT_ACQUIRING,0.583534,0.875000,0.044968,76.350000,98,7808155.040000,2,0.050931,0,0,NONE,True,False,True,False,True,MICRO,Retail Trade,Marmara,4364160.920000,3775289.210000,2635916.060000,378832.500000,0.000000,928109.140000,521388.720000,177010.633333,375741.083333,4,DERIVED_ANALYTICS,1,0.389570,0.092234,ESTABLISHED_RELATIONSHIP,CROSS_BORDER_ACTIVITY,HIGH_DIGITAL_ENGAGEMENT,5271832.120000,68533.820000,15815.500000,0.000000,31630.990000,5693.580000,1690.770000,45333.970000,1.433214,3761.340000,0.875458,,True,58.110000,True,MEDIUM_PRIORITY,False,"Discuss merchant collections, settlement speed and acquiring economics.",POS & Merchant Acquiring,19.000000,56,True,CONTACT_DUE,TASK000648,10,AUTHORISED_RELATIONSHIP_MANAGER,False
OPP0004506,SME003135,RM012,POS_MERCHANT_ACQUIRING,0.505569,0.875000,0.095814,60.590000,35,6591855.020000,8,0.047210,0,0,LOW,True,True,True,True,False,MICRO,Healthcare,Central Anatolia,3514138.360000,2915968.710000,1905514.550000,1769750.200000,769837.650000,0.000000,406262.890000,119213.258333,389540.726667,15,DERIVED_ANALYTICS,1,0.277795,0.117351,CROSS_BORDER_ACTIVITY,LOWER_CREDIT_RISK_SIGNAL,MATERIAL_BUSINESS_SCALE,3811029.100000,49543.380000,11433.090000,0.000000,22866.170000,4115.910000,1471.650000,32522.730000,1.422308,3396.580000,0.867806,,True,54.940000,True,MEDIUM_PRIORITY,False,"Discuss merchant collections, settlement speed and acquiring economics.",POS & Merchant Acquiring,16.000000,50,True,CONTACT_DUE,TASK000649,10,AUTHORISED_RELATIONSHIP_MANAGER,False
OPP0004510,SME003142,RM029,POS_MERCHANT_ACQUIRING,0.528249,0.750000,1.000000,55.850000,84,41768056.780000,11,0.021232,0,0,NONE,True,True,True,True,False,SMALL,Retail Trade,Marmara,23682073.430000,19373906.450000,11769224.390000,2146016.840000,6220122.650000,0.000000,3045422.030000,1151349.653333,2476059.383333,31,DERIVED_ANALYTICS,1,0.301308,0.129061,ESTABLISHED_RELATIONSHIP,CROSS_BORDER_ACTIVITY,LOWER_CREDIT_RISK_SIGNAL,23538448.780000,305999.830000,70615.350000,0.000000,141230.690000,25421.520000,4430.770000,205532.190000,1.455294,26106.260000,0.976234,,True,57.950000,True,MEDIUM_PRIORITY,False,"Discuss merchant collections, settlement speed and acquiring economics.",POS & Merchant Acquiring,20.000000,56,True,CONTACT_DUE,TASK000650,10,AUTHORISED_RELATIONSHIP_MANAGER,False
OPP0004512,SME003144,RM037,POS_MERCHANT_ACQUIRING,0.530061,0.875000,1.000000,72.770000,69,6376547.620000,8,0.068751,0,28,NONE,True,True,True,True,True,MICRO,Healthcare,Aegean,3660381.670000,3106360.550000,1991733.060000,1975812.580000,1154195.580000,925652.830000,1355646.830000,112103.488333,294350.385000,58,DERIVED_ANALYTICS,1,0.319029,0.171164,CROSS_BORDER_ACTIVITY,ESTABLISHED_RELATIONSHIP,HIGH_DIGITAL_ENGAGEMENT,3983466.120000,51785.060000,11950.400000,0.000000,23900.800000,4302.140000,1497.520000,34035.000000,1.424011,5405.570000,0.898955,,True,62.210000,True,MEDIUM_PRIORITY,False,"Discuss merchant collections, settlement speed and acquiring economics.",POS & Merchant Acquiring,6.000000,47,True,CONTACT_DUE,TASK000651,10,AUTHORISED_RELATIONSHIP_MANAGER,False
OPP0008724,SME003145,RM041,PAYROLL_SERVICES,0.507990,0.875000,0.044075,55.290000,114,21949966.380000,32,0.011713,0,0,NONE,True,True,True,False,False,SMALL,Transportation,Marmara,11551742.280000,10452596.990000,713810.140000,6904321.340000,0.000000,0.000000,0.000000,418236.296667,1458022.825000,87,DERIVED_ANALYTICS,1,0.325837,0.067827,ESTABLISHED_RELATIONSHIP,LOWER_CREDIT_RISK_SIGNAL,MATERIAL_BUSINESS_SCALE,13808642.680000,165703.710000,41425.930000,0.000000,33140.740000,5965.330000,2971.300000,115341.150000,3.480343,7403.270000,0.918194,,True,52.980000,True,MEDIUM_PRIORITY,False,Discuss payroll automation and employee banking needs.,Payroll Services,28.000000,55,True,CONTACT_DUE,TASK000652,10,AUTHORISED_RELATIONSHIP_MANAGER,False
OPP0008725,SME003146,RM021,PAYROLL_SERVICES,0.962384,0.875000,0.073506,75.780000,36,69132868.710000,238,0.008372,0,31,NONE,True,True,True,True,False,MEDIUM,Transportation,Marmara,37067645.690000,31428948.390000,2631327.890000,50337485.130000,10017060.250000,0.000000,6032943.400000,1260395.490000,3600202.833333,252,DERIVED_ANALYTICS,1,0.733227,0.085677,CROSS_BORDER_ACTIVITY,STRONG_PRODUCT_NEED_SIGNAL,LOWER_CREDIT_RISK_SIGNAL,100674970.260000,1208099.640000,302024.910000,0.000000,241619.930000,43491.590000,16001.250000,846581.890000,3.503775,72112.940000,0.996012,,True,79.020000,True,HIGH_PRIORITY,False,Discuss payroll automation and employee banking needs.,Payroll Services,1.000000,48,True,CONTACT_DUE,TASK000653,10,AUTHORISED_RELATIONSHIP_MANAGER,False
OPP0010730,SME003160,RM027,CASH_MANAGEMENT,0.601523,0.875000,0.037544,75.920000,136,39239235.870000,49,0.012949,0,101,NONE,True,True,True,False,False,SMALL,Wholesale Trade,Eastern,18995299.340000,16264944.700000,1050648.390000,11750878.920000,0.000000,0.000000,0.000000,510529.393333,1945764.698333,6,DERIVED_ANALYTICS,1,0.452923,0.053456,ESTABLISHED_RELATIONSHIP,LOWER_CREDIT_RISK_SIGNAL,MATERIAL_BUSINESS_SCALE,32529889.400000,357828.780000,97589.670000,0.000000,78071.730000,14052.910000,5779.480000,240406.720000,3.079306,12431.260000,0.945462,,True,58.310000,True,MEDIUM_PRIORITY,False,"Review collections, payments and liquidity visibility.",Cash Management,4.000000,60,True,CONTACT_DUE,TASK000654,10,AUTHORISED_RELATIONSHIP_MANAGER,False
OPP0008737,SME003164,RM007,PAYROLL_SERVICES,0.868109,0.875000,0.023497,30.860000,75,121201627.270000,213,0.042841,0,0,NONE,True,True,True,True,False,MEDIUM,Construction,Central Anatolia,70831463.630000,64388043.610000,2837175.890000,52132913.240000,16170218.040000,0.000000,8868989.710000,2557335.218333,4538763.550000,97,DERIVED_ANALYTICS,1,0.585593,0.032096,CROSS_BORDER_ACTIVITY,ESTABLISHED_RELATIONSHIP,STRONG_PRODUCT_NEED_SIGNAL,104265826.480000,1251189.920000,312797.480000,0.000000,250237.980000,45042.840000,16539.870000,876809.730000,3.503903,27721.940000,0.978013,,True,67.080000,True,MEDIUM_PRIORITY,False,Discuss payroll automation and employee banking needs.,Payroll Services,4.000000,57,True,CONTACT_DUE,TASK000655,10,AUTHORISED_RELATIONSHIP_MANAGER,False
OPP0004536,SME003174,RM035,POS_MERCHANT_ACQUIRING,0.478877,0.875000,1.000000,71.730000,96,14969710.570000,29,0.065403,0,0,LOW,True,True,True,False,False,SMALL,Hospitality,Central Anatolia,9059385.630000,7808080.070000,3861867.710000,5905451.920000,0.000000,0.000000,0.000000,377670.245000,590432.655000,91,DERIVED_ANALYTICS,1,0.301055,0.080980,ESTABLISHED_RELATIONSHIP,MATERIAL_BUSINESS_SCALE,HIGH_DIGITAL_ENGAGEMENT,7723735.420000,100408.560000,23171.210000,0.000000,46342.410000,8341.630000,2058.560000,66837.160000,1.442246,4992.460000,0.893727,,True,52.290000,True,MEDIUM_PRIORITY,False,"Discuss merchant collections, settlement speed and acquiring economics.",POS & Merchant Acquiring,16.000000,59,True,CONTACT_DUE,TASK000656,10,AUTHORISED_RELATIONSHIP_MANAGER,False
OPP0004537,SME003175,RM005,POS_MERCHANT_ACQUIRING,0.476958,0.875000,0.396818,41.050000,123,26368193.380000,7,0.022852,0,0,LOW,True,True,True,True,True,MICRO,Healthcare,Eastern,14258953.270000,11857827.380000,6951543.130000,1680512.700000,3850175.510000,3220373.090000,3653821.900000,556533.793333,1133393.065000,74,DERIVED_ANALYTICS,1,0.294011,0.109149,ESTABLISHED_RELATIONSHIP,CROSS_BORDER_ACTIVITY,LOWER_CREDIT_RISK_SIGNAL,13903086.260000,180740.120000,41709.260000,0.000000,83418.520000,15015.330000,2985.460000,121030.070000,1.450878,12790.270000,0.947295,,True,55.530000,True,MEDIUM_PRIORITY,False,"Discuss merchant collections, settlement speed and acquiring economics.",POS & Merchant Acquiring,4.000000,59,True,CONTACT_DUE,TASK000657,10,AUTHORISED_RELATIONSHIP_MANAGER,False
OPP0010738,SME003177,RM043,CASH_MANAGEMENT,0.639534,0.750000,0.050165,93.250000,87,26593376.970000,18,0.028653,0,0,NONE,True,True,True,False,False,SMALL,Transportation,Mediterranean,13731157.920000,11699952.920000,652591.010000,3812873.200000,0.000000,0.000000,0.000000,377343.463333,1301981.151667,73,DERIVED_ANALYTICS,1,0.492228,0.103599,ESTABLISHED_RELATIONSHIP,HIGH_DIGITAL_ENGAGEMENT,LOWER_CREDIT_RISK_SIGNAL,23399905.840000,257398.960000,70199.720000,0.000000,56159.770000,10108.760000,4409.990000,172680.490000,3.074808,17469.550000,0.962600,,True,63.970000,True,MEDIUM_PRIORITY,False,"Review collections, payments and liquidity visibility.",Cash Management,3.000000,52,True,CONTACT_DUE,TASK000658,10,AUTHORISED_RELATIONSHIP_MANAGER,False
OPP0006572,SME003182,RM020,BUSINESS_CREDIT_CARD,0.865014,0.625000,1.000000,87.390000,128,380371260.500000,242,0.015199,0,0,NONE,True,True,True,False,True,MEDIUM,Retail Trade,Mediterranean,218327264.230000,205252501.460000,95350750.180000,55314868.060000,0.000000,48430810.310000,27297225.390000,9075278.478333,10825951.573333,111,DERIVED_ANALYTICS,1,0.711466,0.032959,ESTABLISHED_RELATIONSHIP,CROSS_BORDER_ACTIVITY,LOWER_CREDIT_RISK_SIGNAL,6846682.689000,289614.680000,107082.120000,14860.160000,209508.490000,37711.530000,1927.000000,128033.870000,0.611115,3799.870000,0.876105,,True,66.780000,True,MEDIUM_PRIORITY,True,Review employee spending controls and short-term purchasing needs.,Business Credit Card,1.000000,57,True,CONTACT_DUE,TASK000659,10,AUTHORISED_RELATIONSHIP_MANAGER,False
OPP0010742,SME003184,RM002,CASH_MANAGEMENT,0.525978,0.875000,0.073393,89.980000,47,9749133.840000,5,0.045451,0,157,NONE,True,True,True,True,False,MICRO,Technology,Marmara,4840352.180000,4308117.570000,382465.540000,1010713.170000,1601606.050000,0.000000,816962.110000,201095.356667,513827.906667,50,DERIVED_ANALYTICS,1,0.318322,0.120744,CROSS_BORDER_ACTIVITY,HIGH_DIGITAL_ENGAGEMENT,LOWER_CREDIT_RISK_SIGNAL,8616235.140000,94778.590000,25848.710000,0.000000,20678.960000,3722.210000,2192.440000,63015.230000,3.047311,7188.690000,0.916361,,True,57.870000,True,MEDIUM_PRIORITY,False,"Review collections, payments and liquidity visibility.",Cash Management,16.000000,57,True,CONTACT_DUE,TASK000660,10,AUTHORISED_RELATIONSHIP_MANAGER,False
OPP0010747,SME003194,RM037,CASH_MANAGEMENT,0.533797,0.750000,0.415839,68.150000,110,27205460.320000,30,0.041454,0,0,NONE,True,True,True,False,False,SMALL,Wholesale Trade,Aegean,17479458.410000,15810582.280000,1001910.820000,5711245.740000,0.000000,0.000000,0.000000,792627.166667,1565396.316667,9,DERIVED_ANALYTICS,1,0.317726,0.071482,ESTABLISHED_RELATIONSHIP,LOWER_CREDIT_RISK_SIGNAL,MATERIAL_BUSINESS_SCALE,31621164.560000,347832.810000,94863.490000,0.000000,75890.790000,13660.340000,5643.170000,233665.810000,3.078975,16282.990000,0.959905,,True,53.120000,True,MEDIUM_PRIORITY,False,"Review collections, payments and liquidity visibility.",Cash Management,19.000000,47,True,CONTACT_DUE,TASK000661,10,AUTHORISED_RELATIONSHIP_MANAGER,False
